# time  Re_m-2(R=8)  Im_m-2(R=8)  Re_m-1(R=8)  Im_m-1(R=8)  Re_m0(R=8)  Im_m0(R=8)  Re_m1(R=8)  Im_m1(R=8)  Re_m2(R=8)  Im_m2(R=8)  Re_m-2(R=16)  Im_m-2(R=16)  Re_m-1(R=16)  Im_m-1(R=16)  Re_m0(R=16)  Im_m0(R=16)  Re_m1(R=16)  Im_m1(R=16)  Re_m2(R=16)  Im_m2(R=16)
0.0000000000000000e+00  2.6284082719734912e-05  2.7647461390019508e-05  3.0552470346907697e-05  -6.1423936162362447e-06  -2.8551554682505783e-05  -5.3607058381313147e-07  -1.3186156991171547e-05  5.7283637691320739e-06  2.7880008569602074e-05  -2.8546765305390377e-05  1.7569284767194474e-07  6.3394057855787507e-07  -7.2970563256699610e-07  -6.2169340750199593e-08  5.2013868096779870e-07  8.9881376858196031e-10  -9.9183168207807221e-08  6.5829804535196409e-08  1.6919138110563552e-07  -6.1403220683661593e-07
8.0000000000000004e-01  2.7829870029496588e-05  2.4614686058317299e-05  2.3368779779291699e-05  -1.6323055344961364e-06  -2.0934707280092437e-05  -4.1516576784896919e-07  -2.2215907667223395e-05  4.3607036487556696e-07  2.8780003939827091e-05  -2.4847062030482995e-05  3.5998737214341101e-08  2.6376316692988623e-08  9.2067061128728874e-08  -8.0668692997296063e-09  -1.9396527264596307e-08  -1.0471443930262627e-09  7.8867157918813670e-08  1.4266921574129329e-08  3.5060890861335023e-08  -2.6996717400838003e-08
1.6000000000000001e+00  2.7415013661674430e-05  2.5288711211517680e-05  2.5327732215643234e-05  4.7199612814300799e-07  -2.1316376970268298e-05  -6.8413599537974505e-07  -2.3020220523673913e-05  -4.6085193243534992e-07  2.6680026817131085e-05  -2.5622291642001100e-05  1.8970975669667484e-08  4.0544468168766616e-08  4.6214804360747730e-08  1.1002849416817099e-08  -9.9949423856399421e-09  3.7724276287984184e-12  -4.3154697712120667e-09  -4.3102582702672185e-09  2.1196086172661890e-08  -4.0545133130444347e-08
2.3999999999999901e+00  2.5125444410277642e-05  2.3752133616038869e-05  2.3559129804177141e-05  -5.9421163545973341e-07  -2.0652685177125006e-05  1.8589973332158461e-07  -2.2405909958873239e-05  6.9613586374277300e-07  2.5874820902250432e-05  -2.3602317370923428e-05  5.6353586054195653e-08  1.2787003601774489e-08  3.7152509425226667e-08  6.4189495737890625e-09  -6.4310151519676435e-08  4.1831359084619886e-09  7.1974704988696289e-09  -6.7871271895028041e-09  5.6951474569677624e-08  -9.4898136930593982e-09
3.1999999999999802e+00  2.3474020591887268e-05  2.4919031632472269e-05  2.5329498353088933e-05  1.7191770053307372e-07  -1.9129429314542120e-05  -3.2775392836955985e-07  -2.3345460403114112e-05  2.9145132891237490e-07  2.3530802772430392e-05  -2.5183045599357294e-05  1.6010914434039100e-08  3.3455516379836596e-08  4.8685661077703445e-08  1.0291698410825065e-08  2.8484619983309217e-09  -1.4553147186619138e-08  -1.8710858215132951e-09  -9.8414039659675843e-09  5.9331703436441839e-09  -4.6510257124372703e-08
3.9999999999999600e+00  2.0776203533427856e-05  2.4831078500538216e-05  2.5136588304468412e-05  -1.4666857078172663e-08  -1.6901850381422119e-05  -4.0345056968137551e-07  -2.3571071421055168e-05  4.5636524256129168e-07  2.0977030556887166e-05  -2.5100581524260549e-05  1.0978839358026242e-07  1.5840857064043840e-08  2.1985549896672626e-08  2.9269426592906406e-08  -7.3163071352915507e-08  1.3005832467090320e-08  2.2380305391588004e-08  -5.5654388842824392e-08  6.1296301707347674e-08  -7.7142559171395621e-09
4.7999999999999403e+00  2.0711950825096675e-05  2.3570631382287608e-05  2.4361760342856004e-05  3.3453927781636612e-07  -1.6846591312047081e-05  -4.5308399960635386e-07  -2.2008186144035607e-05  -1.2618200735023670e-07  2.0236175239632542e-05  -2.3923635049397923e-05  -1.8949934521539847e-07  1.8355212282287996e-07  2.1220322139971611e-07  8.3217684297469464e-08  1.5195233599687893e-07  -9.5311081377229010e-09  -1.3751738544565391e-07  1.4133455097418768e-07  -1.3388628001425355e-07  -1.8895051392303352e-07
5.5999999999999304e+00  1.7227335861942688e-05  2.3562153285412659e-05  2.3656029163124513e-05  -9.1562196877871554e-07  -1.4695653714267663e-05  4.5246998489574388e-07  -2.1941532681384501e-05  8.6457954351220428e-07  1.8850120256444631e-05  -2.3182306538174143e-05  2.0362208141286334e-07  -9.7765598610069803e-08  -9.3008356349821248e-08  -1.6565376252613800e-07  -2.1657035754690171e-07  1.7986691710520596e-08  1.3496591096464451e-07  -8.7195381713371373e-08  2.9149233367842243e-07  1.1963656335637059e-07
6.3999999999999098e+00  1.3475020524896211e-05  2.4683699682961923e-05  2.4959259042054018e-05  -1.2324401520606484e-07  -1.1264608586283611e-05  -9.7534621246868634e-08  -2.3528638789733792e-05  4.6317543219899964e-07  1.4001629724157775e-05  -2.4725003178509943e-05  -4.9374730121675559e-08  3.6486820627883140e-08  6.6017916763697256e-08  1.1027482085463801e-07  9.1753088489543343e-08  6.6119358064314113e-09  -4.2729793987085189e-08  -4.9601937138126344e-08  -2.0432984999837032e-07  -4.2424087344951092e-08
7.1999999999998900e+00  1.4557179607186128e-05  2.3755053012273721e-05  2.4249704384044647e-05  3.7567618162442136e-07  -1.1532811954093611e-05  -2.8855603615170101e-07  -2.2284294813567255e-05  -3.0375153046549637e-07  1.3764235949484425e-05  -2.3974980027344885e-05  -2.4615945980244770e-07  3.9417363190386217e-07  4.2498752325467921e-07  1.6911469426445585e-08  1.7168316450865162e-07  -6.1683941335611801e-08  -3.2532033642670275e-07  1.0175937566470625e-07  -1.1134827928137880e-07  -4.3099389984221278e-07
7.9999999999998703e+00  1.6012946128266643e-05  2.2707717705480680e-05  2.3297994437480682e-05  1.0141470452993072e-06  -1.2349549935442074e-05  -4.6814146712603690e-07  -2.1398312365992848e-05  -8.2852345057381647e-07  1.4125205215228197e-05  -2.3053852692883835e-05  1.3832106177861015e-07  -3.0543271348656404e-07  -2.7921001627012191e-07  1.7482467742985323e-08  -1.0246303850679041e-07  4.7180130655346319e-08  2.6895365348904358e-07  -7.2287735429882082e-08  2.0988698867582082e-08  3.2589719386384799e-07
8.7999999999998604e+00  1.5324530133583443e-05  2.2816456737038530e-05  2.2965605370533387e-05  -1.8181111649449888e-08  -1.2550426141860081e-05  1.9815664702291874e-07  -2.1433599383379101e-05  -3.1905046507076434e-09  1.5212739486213069e-05  -2.2647211370480602e-05  -1.4287317334495573e-07  1.7116912736474912e-07  1.3942871052262807e-07  -7.0379145219469672e-08  9.9947819581482528e-08  3.8452776897385901e-08  -8.4752995918688202e-08  1.6805009450832310e-08  -7.5725124807999364e-09  -1.3217626346675735e-07
9.5999999999998398e+00  1.5793286076313950e-05  2.2617104452312506e-05  2.2996597972635358e-05  3.2821447950246894e-07  -1.2745132236171111e-05  -1.7473201866505839e-08  -2.1201762999344054e-05  -6.5822914138071557e-08  1.5326768425989335e-05  -2.2624633396472894e-05  -9.7061695595650821e-07  3.9975451797291511e-07  4.8676403168657040e-07  -6.6425709665070211e-08  6.6602810639022781e-07  -3.1015969116952021e-08  -3.4197195199239467e-07  1.9616900999761298e-07  -7.1500059394732384e-07  -4.1533015419158263e-07
1.0399999999999800e+01  1.4834037696524024e-05  2.2334281075292324e-05  2.2731435032278670e-05  6.1047925621413173e-09  -1.2111854933549756e-05  -1.1019396634093748e-07  -2.0916892364616182e-05  1.4118386159805595e-07  1.4926219367506681e-05  -2.2395000885275731e-05  2.3323457735845880e-07  -3.7747781757186639e-07  -2.6612710600385373e-07  3.1991492537432629e-07  2.2478918230150551e-08  -1.8498248102691892e-07  2.8997871580971961e-07  -2.6927362605344068e-07  -3.3144260895201510e-07  2.1091909797705991e-07
1.1199999999999800e+01  1.3640527152387202e-05  2.2069402015468663e-05  2.2335111728591699e-05  2.1469203529727230e-07  -1.1041503612612562e-05  -9.6013491550598662e-09  -2.0734978768451692e-05  -4.0783401754314948e-08  1.3294941222895764e-05  -2.2071206640197543e-05  -1.7769535731099533e-06  2.8799598392584362e-07  4.1889080235204173e-08  -5.9727042963017766e-07  9.3575304348975659e-07  4.2029288021791472e-07  -1.6873832248006552e-07  7.8950365472122859e-07  -3.9668579045545630e-07  5.2983049032997172e-08
1.1999999999999799e+01  1.3439577741329952e-05  2.1003868858210685e-05  2.1382438413082855e-05  3.5767708654886473e-07  -1.0665324810173838e-05  -2.4779227838079248e-07  -1.9726435152538359e-05  -3.5619800366238292e-07  1.2646056500213766e-05  -2.1187612652422936e-05  -2.7576554726762670e-06  9.6739144060098525e-07  1.1083225842279232e-06  3.9233092376634388e-07  2.4340979493888036e-06  -2.9195051456318329e-07  -1.0210273054577539e-06  -8.6423592203771003e-08  -3.1959528052576596e-06  -1.1833546642731345e-06
1.2799999999999800e+01  1.1789711469271018e-05  2.0751373896370535e-05  2.1001241272658669e-05  1.5702711697620596e-08  -9.4931121221334453e-06  -3.4122730861269077e-08  -1.9406114781896644e-05  -1.5616143720944895e-07  1.1576930378592580e-05  -2.0767656064134395e-05  -1.9894047307389418e-06  -5.0333241189881213e-07  -3.2051453635436210e-07  1.4000022818936170e-08  1.6659498488172966e-06  -1.4132247556395748e-07  5.6616959458950042e-07  -3.2298012214508949e-08  -2.0658291432981307e-06  3.6542744728761815e-07
1.3599999999999801e+01  1.0121870159751917e-05  2.0700062475703489e-05  2.0993137496648927e-05  -2.8953719346057917e-08  -8.2083435503831389e-06  4.6027864907409485e-08  -1.9280109273402608e-05  -6.6354551254174656e-08  1.0043806171265234e-05  -2.0657881699976798e-05  -3.5575228341342292e-06  -3.0383731951962471e-07  -3.5198347393245204e-07  -3.0950407310239449e-07  2.6365503161029963e-06  1.1373170691474910e-07  3.2700311661608082e-07  3.3872917458526354e-07  -2.8559583348856192e-06  4.0012955897818198e-07
1.4399999999999700e+01  9.4964631213176306e-06  2.0294767920317530e-05  2.0564511495337535e-05  3.4195241084766200e-07  -7.4628895431874747e-06  -4.6176016868631660e-08  -1.8976937646697450e-05  -2.8006835665316528e-07  8.8192497700637165e-06  -2.0323391304408799e-05  -6.2052811489527760e-06  9.4061576898083510e-07  7.4941423177872210e-07  -5.3168098804799563e-07  4.6152314668769449e-06  3.9462471555576291e-07  -8.6746270906242579e-07  5.3049878758604440e-07  -5.0875317112484241e-06  -6.2452217676420709e-07
1.5199999999999701e+01  9.2753616633612516e-06  1.9628951538061543e-05  1.9915778703570953e-05  3.8612762032421682e-07  -7.1890161664947694e-06  -1.3274808004596789e-07  -1.8333415952325327e-05  -3.6782256733056087e-07  8.4863034380244576e-06  -1.9728329150559664e-05  -4.3458514066695587e-06  7.3416568586800128e-07  8.4781889715794073e-07  7.3004188065968353e-07  4.0469934558805992e-06  -2.6116491320328359e-07  -7.7620232249517359e-07  -4.3887744319970989e-07  -5.5439756801311398e-06  -9.3402833680029902e-07
1.5999999999999700e+01  8.1760933621251320e-06  1.9230582270263144e-05  1.9490998277630391e-05  2.3103137239158537e-07  -6.3711556534763485e-06  -4.2483268302049610e-08  -1.7880583477158182e-05  -3.1342979030793089e-07  7.6015639361613164e-06  -1.9260072838314897e-05  -1.2578371773537770e-06  -2.5717753776945970e-07  -5.8938301199058144e-08  7.1498156807073105e-07  1.6347322053688784e-06  -3.1275558335095510e-07  2.5125072552669600e-07  -8.1961287688223656e-07  -2.7756117433588282e-06  6.6704024513887498e-09
1.6799999999999802e+01  7.0229928249165241e-06  1.8984773440148844e-05  1.9201459225358161e-05  3.0112732452385994e-07  -5.4087556817529397e-06  -1.4958749726445139e-10  -1.7652308696871071e-05  -2.9870880966727125e-07  6.3932542496810287e-06  -1.8981453818117098e-05  -1.9164649365266960e-07  -1.1925128148830579e-07  -2.0247055711528118e-07  2.5997068183084429e-07  3.2012805903434305e-07  1.5243281560615154e-07  1.5325455516276911e-07  -2.5152635941297039e-07  -6.5916436441899521e-07  2.2973623426901276e-07
1.7600000000000001e+01  6.1444854616900226e-06  1.8529279625915286e-05  1.8777026903687658e-05  3.5848923419420258e-07  -4.6355980533891961e-06  -7.4050519621827885e-08  -1.7219248385817183e-05  -3.4057292286374263e-07  5.4214185150015482e-06  -1.8584783869103450e-05  3.0048011073670540e-07  3.0066507569504970e-07  2.8976514938302995e-07  -9.9533364927474097e-08  -4.0051536923171282e-07  1.4489969167099602e-07  -2.0945291673722969e-07  2.5036139494678188e-07  6.8059691012034158e-07  -1.8700048809498807e-07
1.8400000000000102e+01  5.1027922365249994e-06  1.8098095979756456e-05  1.8331299797934936e-05  3.1719204804029364e-07  -3.7906343327312785e-06  -4.9126177578425214e-08  -1.6774167353051405e-05  -3.3457416103169737e-07  4.4350128507305876e-06  -1.8135672441599834e-05  2.2589716500322345e-07  6.0214764209178401e-07  6.1824561042576940e-07  -6.3917481536852817e-08  -2.8939115398311803e-07  4.5572992007908248e-08  -5.3429300498715321e-07  2.0261725462345060e-07  4.7598656659546400e-07  -5.5443666354555936e-07
1.9200000000000198e+01  4.0671401623611446e-06  1.7766338352471284e-05  1.7981751212356300e-05  3.8311647350746334e-07  -2.9032445284032802e-06  -2.7778561007925392e-08  -1.6445448438413698e-05  -3.5605345308600057e-07  3.3181904108114825e-06  -1.7787404428855705e-05  6.2610335236416944e-07  2.4955945451822714e-07  2.9586427043005788e-07  7.5973645176482887e-08  -4.6836064319295940e-07  -6.7351026799973167e-08  -2.5510670991911035e-07  -4.4045768085582245e-08  5.0882505295454317e-07  -3.0977687866610456e-07
2.0000000000000298e+01  3.0723177334748836e-06  1.7388240579740706e-05  1.7605697547651488e-05  4.2739768455818375e-07  -2.0483704434748579e-06  -4.4957286683893080e-08  -1.6074194359368872e-05  -3.8668943865267494e-07  2.2520197250230970e-06  -1.7423486821993629e-05  5.5410555722809248e-07  -9.8171847188349199e-08  -8.4867162724313457e-08  7.5005773985945584e-08  -3.7792845246249449e-07  -1.0124540498015009e-07  3.6050854100239344e-08  -1.2533448769876644e-07  3.6569065676758241e-07  1.9367252509327745e-08
2.0800000000000502e+01  1.9530860122888120e-06  1.7012292629936422e-05  1.7219969317835449e-05  4.1979837546415512e-07  -1.1327950797479441e-06  -4.0149817601561446e-08  -1.5698537280957373e-05  -3.6781923320751639e-07  1.1637539205995819e-06  -1.7044705202339352e-05  -6.8216916088048725e-08  -6.6972113422394935e-08  -5.9528425107304577e-08  -2.2198874703004870e-07  -2.3290417345787313e-08  -1.5472018155256726e-09  1.1466900510490614e-07  1.1314316382316049e-08  1.7461673616395572e-07  6.5125978666157025e-08
2.1600000000000598e+01  8.0082201903714511e-07  1.6658436844891738e-05  1.6857902622653925e-05  4.3124482199004489e-07  -1.8278856974948324e-07  -3.5997173819598047e-08  -1.5346909983171191e-05  -3.5315314322607376e-07  2.0021786639253234e-08  -1.6687983741925005e-05  -8.6475888887302088e-07  3.3115547487395054e-07  3.4912762355885382e-07  -2.6177100677211298e-07  5.3320807662565316e-07  1.1849964785152571e-07  -2.2517991855253566e-07  1.2439974605628884e-07  -4.4886995741004185e-07  -2.4027348471518020e-07
2.2400000000000698e+01  -3.1808480229647922e-07  1.6302222917723713e-05  1.6496610715346173e-05  4.6794561499854520e-07  7.6626556135539108e-07  -3.6301198323715537e-08  -1.4991557353477375e-05  -3.7579500961781118e-07  -1.1514921322746749e-06  -1.6332558957161012e-05  -5.4866392081720672e-07  3.5478824638406645e-07  3.6967885431192707e-07  6.3600281165433688e-08  4.6841785868057898e-07  -1.6005214167483082e-09  -3.4861361525463111e-07  -4.1178036686759416e-08  -6.3306471510613019e-07  -3.5309457600403651e-07
2.3200000000000799e+01  -1.4379506987811235e-06  1.5950795433178978e-05  1.6138308564766078e-05  5.1136107500075844e-07  1.7249804287418034e-06  -3.4356442957477158e-08  -1.4641392740879902e-05  -4.1357345634057613e-07  -2.3466356767186871e-06  -1.5980126935559448e-05  3.4058343097081900e-08  8.6686476410165321e-08  1.2885805852540866e-07  9.1480411996740969e-08  5.6303276470553166e-08  -8.0346036967087395e-08  -8.8826042052196418e-08  -1.0926457608752836e-07  -1.5741524664839581e-07  -1.5071842079917908e-07
2.4000000000000998e+01  -2.5757181673364687e-06  1.5607948223850016e-05  1.5789403563745295e-05  5.3238350635258198e-07  2.6782169670750974e-06  -3.2944937641996967e-08  -1.4300138340221347e-05  -4.2639020193211755e-07  -3.5143530854455814e-06  -1.5636503831847236e-05  -2.2339673620618287e-07  1.1547733035631166e-07  1.3582109826134134e-07  -8.1958622651703859e-08  1.5446282100270091e-07  8.1040520594514105e-09  -7.0621038146676976e-08  -6.3657470924193324e-09  -1.3507549684211408e-07  -1.1086741870313819e-07
2.4800000000001098e+01  -3.7148025616195990e-06  1.5267241475460807e-05  1.5443156674936738e-05  5.3149973276800075e-07  3.6154264937594400e-06  -3.2797204765907994e-08  -1.3961238341036886e-05  -4.1710743282651681e-07  -4.6391334051164545e-06  -1.5296029365131749e-05  -6.0075882099410862e-07  2.8310534468232966e-07  2.8173431086150105e-07  -4.5975582065502944e-08  4.5231176314407871e-07  3.6997876564410874e-08  -2.5043982345596197e-07  2.8267044794236707e-08  -5.1215356265822183e-07  -2.5391852660753151e-07
2.5600000000001199e+01  -4.8266429637891134e-06  1.4929096161323826e-05  1.5099990508888139e-05  5.3981568462639509e-07  4.5416482458975189e-06  -3.2243615242197650e-08  -1.3624266128396749e-05  -4.2578120419380952e-07  -5.7622829739645332e-06  -1.4957792805453349e-05  -6.7269299659500257e-07  2.6043155207248747e-07  2.8913908607990149e-07  5.0898489299984025e-09  5.4510016959802427e-07  -2.1606221290551474e-08  -2.4049459188175646e-07  8.5067814403029372e-09  -6.5747356473443313e-07  -2.7701794199923277e-07
2.6400000000001299e+01  -5.8968588647542228e-06  1.4598111256752243e-05  1.4764578910684225e-05  5.7017354280304410e-07  5.4543982867675810e-06  -3.0988632677052442e-08  -1.3293106188411101e-05  -4.6439473704144492e-07  -6.8953179209601056e-06  -1.4626081473157117e-05  -8.3456410640461816e-07  2.3442584000430866e-07  2.5936437961218212e-07  -3.6425078085314444e-08  6.5355645868750742e-07  -1.1372977996545791e-08  -2.0602937898567834e-07  3.3301837073878115e-08  -7.5016148538923152e-07  -2.4445041303713298e-07
2.7200000000001499e+01  -6.9317319011204435e-06  1.4273839129339495e-05  1.4435841774788579e-05  5.9859509313431450e-07  6.3362915109413794e-06  -3.0479247308710542e-08  -1.2969125926495757e-05  -5.0073724724228789e-07  -7.9900871300827454e-06  -1.4301596457135340e-05  -1.0402563160525130e-06  3.0237345179718966e-07  3.1697810054725154e-07  -7.8067559377390335e-09  8.2846195852186362e-07  1.0094089035570758e-08  -2.7276288572476808e-07  3.9675902489647459e-08  -9.7621782218529156e-07  -2.9488472829555097e-07
2.8000000000001599e+01  -7.9422559007873153e-06  1.3954468788193969e-05  1.4112191022553532e-05  6.0069435728178286e-07  7.1763677998908027e-06  -3.1061453756083782e-08  -1.2650955830285671e-05  -5.0905238464742348e-07  -9.0074464560034723e-06  -1.3982853492008762e-05  -1.2079130125179974e-06  3.3411715045326550e-07  3.5665965423752612e-07  2.7121847521867703e-08  9.8458591062327415e-07  -3.5571055718442631e-09  -3.0738800874177441e-07  2.9852154372175250e-08  -1.1898512979012865e-06  -3.3688398578008197e-07
2.8800000000001699e+01  -8.9322868077938047e-06  1.3641273471532602e-05  1.3794611674900547e-05  5.8842944384851242e-07  7.9901938664279089e-06  -3.1494553940799255e-08  -1.2338997720651745e-05  -5.0695823510873540e-07  -9.9790729427937615e-06  -1.3670170763196875e-05  -1.4633279557959098e-06  3.4648801234499749e-07  3.6877849192232505e-07  1.3825767513179968e-08  1.1777754681107370e-06  -4.1792626606417976e-09  -3.1831311025922819e-07  5.7767612257276987e-08  -1.4042494624089006e-06  -3.5040696399787259e-07
2.9600000000001799e+01  -9.9096764613277910e-06  1.3337058356175154e-05  1.3486628755546989e-05  5.9181997742173880e-07  8.8083944431174281e-06  -3.1122816150776074e-08  -1.2034739858154187e-05  -5.2503074362799179e-07  -1.0972565857661652e-05  -1.3365799627578107e-05  -1.7346870249652951e-06  3.7443019594816563e-07  3.9258650973476925e-07  1.2601178381395754e-08  1.3903198178234387e-06  5.0493740686076020e-11  -3.4663020928595980e-07  8.2575391598831845e-08  -1.6488939699699114e-06  -3.7502590360215943e-07
3.0400000000001999e+01  -1.0887252976556249e-05  1.3042836216489248e-05  1.3188944936074350e-05  6.1341531668634571e-07  9.6407447193464280e-06  -3.0835318281292111e-08  -1.1739939744013838e-05  -5.5916488219189506e-07  -1.2000514316734203e-05  -1.3071417362205503e-05  -1.9389983221262990e-06  3.9340355037750101e-07  4.1574874716144533e-07  3.4183009425561948e-08  1.5677683010967489e-06  -7.2106599124711250e-10  -3.6600189534452193e-07  7.2567258955253225e-08  -1.8841902075603356e-06  -3.9435068500500557e-07
3.1200000000002099e+01  -1.1871719355290608e-05  1.2757493687612609e-05  1.2900190091883534e-05  6.2551783722193957e-07  1.0468702398368251e-05  -3.1407699686274782e-08  -1.1455328136538989e-05  -5.7849547885805809e-07  -1.3012159166965198e-05  -1.2786596935374426e-05  -2.1249104370591350e-06  4.0870691769730452e-07  4.2921457900206052e-07  5.7582619857886478e-08  1.7410760042929679e-06  -7.6756646157419131e-11  -3.7733112866421509e-07  5.1311974843623529e-08  -2.1162196193805425e-06  -4.0862960877657165e-07
3.2000000000002203e+01  -1.2863662446557074e-05  1.2481315691692822e-05  1.2620841643723117e-05  6.1409005930944953e-07  1.1283296482970463e-05  -3.2248851814266380e-08  -1.1179794204078380e-05  -5.7304017516018283e-07  -1.3983707438882063e-05  -1.2511119921971490e-05  -2.3230024710433963e-06  4.2219739431879607e-07  4.4011262289342459e-07  6.6371592509791619e-08  1.9107439958622971e-06  5.1573044904884360e-10  -3.9325066103622037e-07  4.6193874972380499e-08  -2.3269036143013539e-06  -4.2285675495563358e-07
3.2800000000002001e+01  -1.3871957851443950e-05  1.2215790895506012e-05  1.2351396663201767e-05  6.0056120415133863e-07  1.2110720797774350e-05  -3.2424751745746227e-08  -1.0914889591211314e-05  -5.6666377878869166e-07  -1.4967931555453083e-05  -1.2245816255748381e-05  -2.4961023117058437e-06  4.2657401646506301e-07  4.5409077402614241e-07  5.7690676987819345e-08  2.0375160577106510e-06  2.1601406814385065e-11  -4.0034531427846531e-07  5.6996749602858449e-08  -2.4808955393643498e-06  -4.2677601097120845e-07
3.3600000000001899e+01  -1.4920340320491769e-05  1.1962921914083921e-05  1.2096652987647197e-05  6.0960810365602481e-07  1.2987817184600125e-05  -3.2154915506989263e-08  -1.0661396937478497e-05  -5.7977792264016071e-07  -1.6032749415255535e-05  -1.1992749193858761e-05  -2.6061443161725259e-06  4.3172306828754017e-07  4.4804263218701370e-07  5.1959788807310294e-08  2.1313527319317517e-06  -4.1441968739814843e-11  -4.0017107327357596e-07  5.5440355429546921e-08  -2.5899718734037591e-06  -4.3120263767071534e-07
3.4400000000001697e+01  -1.6028567877067815e-05  1.1721343785228602e-05  1.1851651239012592e-05  6.3064624426525015e-07  1.3921511411535791e-05  -3.2400190189949732e-08  -1.0419075661773203e-05  -5.9841020143875768e-07  -1.7175619645959422e-05  -1.1751296502302499e-05  -2.6551064757026448e-06  4.3300925099886441e-07  4.4881532094121193e-07  6.4911463697581279e-08  2.1890410662719995e-06  6.4520932058444359e-10  -4.0191368828896933e-07  2.7484386955361060e-08  -2.6756493420978026e-06  -4.3411510302554270e-07
3.5200000000001602e+01  -1.7187434208271826e-05  1.1488020710513570e-05  1.1615114090430283e-05  6.3628141168901341e-07  1.4882772396912804e-05  -3.3144930839266695e-08  -1.0187002460261672e-05  -5.9845870457125372e-07  -1.8336089616928945e-05  -1.1518703650315600e-05  -2.6585246880006707e-06  4.2661841242498528e-07  4.5593425141525409e-07  7.6631347938130819e-08  2.1993454113904105e-06  2.2201147916780597e-10  -4.0231069701450130e-07  2.4121488405409207e-09  -2.7170878012934460e-06  -4.2630734493094052e-07
3.6000000000001400e+01  -1.8368094657062656e-05  1.1265936187872380e-05  1.1391923684313098e-05  6.2670283539740603e-07  1.5849551535874470e-05  -3.3558248379882142e-08  -9.9647597983571192e-06  -5.8389545431200136e-07  -1.9487834595497311e-05  -1.1296775169554424e-05  -2.6309303729408547e-06  4.2436412598016218e-07  4.4094393067539865e-07  6.7852981990918093e-08  2.1799138598271231e-06  -8.4542081932461871e-10  -3.9481164623280903e-07  7.1893734983553001e-10  -2.6846838417510112e-06  -4.2433741885594035e-07
3.6800000000001198e+01  -1.9579863368189546e-05  1.1054732637298994e-05  1.1176279633749400e-05  6.2512626799938627e-07  1.6848835044424113e-05  -3.3385031029342158e-08  -9.7521449119059451e-06  -5.7629060490209083e-07  -2.0685847301848857e-05  -1.1085447996917502e-05  -2.5855833774630246e-06  4.2261458761942780e-07  4.3959180270746617e-07  5.1044722436809506e-08  2.1350835404368116e-06  -9.5681976031798413e-10  -3.8996696556086773e-07  3.1591718633364545e-09  -2.6119606303307137e-06  -4.2489899960004822e-07
3.7600000000001103e+01  -2.0856113131648196e-05  1.0851089412383693e-05  1.0971916938029818e-05  6.4513294093040558e-07  1.7916939464101642e-05  -3.3402056765021009e-08  -9.5489039169644355e-06  -5.8625423947600533e-07  -2.1986104078246339e-05  -1.0881937868772954e-05  -2.5148890234683605e-06  4.1520621031027869e-07  4.4282855264694390e-07  4.0820451801788675e-08  2.0704413871383548e-06  -1.1050981734329651e-09  -3.9035835150714288e-07  -4.4408538438288062e-09  -2.5441382234597345e-06  -4.1589912763705737e-07
3.8400000000000901e+01  -2.2189831976405897e-05  1.0656654299653267e-05  1.0776198719642053e-05  6.6893794784115207e-07  1.9033195891044182e-05  -3.4041283091073778e-08  -9.3542668444738099e-06  -5.9830356031791989e-07  -2.3349262631306933e-05  -1.0687703794139286e-05  -2.4326470450554460e-06  4.1366616309825829e-07  4.3441638299127159e-07  4.6460254874339703e-08  2.0130404310129019e-06  -1.8075421487602722e-09  -3.8003893549529517e-07  -2.1930532024438882e-08  -2.4854426582419371e-06  -4.1465865575947544e-07
3.9200000000000799e+01  -2.3550197281479134e-05  1.0469867969400615e-05  1.0585042142283438e-05  6.7238717016546742e-07  2.0157561951092254e-05  -3.4823034163892390e-08  -9.1649812103888480e-06  -5.9279534694827437e-07  -2.4703387885471298e-05  -1.0501607840275641e-05  -2.3711665511867959e-06  4.1720531695080514e-07  4.3489682298140156e-07  4.8056005667328352e-08  1.9716756302952130e-06  -1.9706942549132188e-09  -3.8503596745567857e-07  -2.9955334705728396e-08  -2.4319145829399814e-06  -4.2045187567754367e-07
4.0000000000000597e+01  -2.4912268980030304e-05  1.0286889056314428e-05  1.0400437328035007e-05  6.6742362069656081e-07  2.1276906969789742e-05  -3.5042952095500360e-08  -8.9850052544520684e-06  -5.8131593471009434e-07  -2.6044095431491705e-05  -1.0318852496972586e-05  -2.3229615427430199e-06  4.1593004310967000e-07  4.4552101905991543e-07  3.0974856208148895e-08  1.9200159233154144e-06  -2.0446637152256040e-09  -3.9661083858158815e-07  -1.8036800048748712e-08  -2.3605179145911863e-06  -4.1773783355250578e-07
4.0800000000000502e+01  -2.6279607650399592e-05  1.0111390080509445e-05  1.0227603473205268e-05  6.7875536733739371e-07  2.2411579708644369e-05  -3.4872183058041422e-08  -8.8053829500949623e-06  -5.8561779674608104e-07  -2.7420436008826803e-05  -1.0142853999196572e-05  -2.2933827993199022e-06  4.2193055667755274e-07  4.4357248416024382e-07  1.7295276862175348e-08  1.8861849110195854e-06  -2.8758263250294411e-09  -3.9826952630620183e-07  -6.6121025162810117e-09  -2.2973995015274635e-06  -4.2316166560429849e-07
4.1600000000000300e+01  -2.7679391408662470e-05  9.9451859954558132e-06  1.0056933620690848e-05  7.0245619013223121e-07  2.3587377321374591e-05  -3.5369598936448448e-08  -8.6364840078966245e-06  -6.0251906547423889e-07  -2.8854710619977062e-05  -9.9770033000240956e-06  -2.3047875760674689e-06  4.3914478552503395e-07  4.5104395803095122e-07  1.6585276489105796e-08  1.8989675613485518e-06  -3.1374495234675528e-09  -3.9956556392269149e-07  -6.0438567301023400e-09  -2.3102950464478019e-06  -4.4205502213823940e-07
4.2400000000000098e+01  -2.9104910661662830e-05  9.7805935989040593e-06  9.8856515121609976e-06  7.1749856030089393e-07  2.4777115491282594e-05  -3.6526261168983668e-08  -8.4787281327557387e-06  -6.1443661275022717e-07  -3.0301833086033914e-05  -9.8133698694347056e-06  -2.3533927272525202e-06  4.5074780382112587e-07  4.7858407976567576e-07  2.6766380581866184e-08  1.9340348970784118e-06  -2.3987927438726462e-09  -4.0951778694353985e-07  -1.0758637211953161e-08  -2.3789458661609015e-06  -4.5412888009539790e-07
4.3200000000000003e+01  -3.0514900706892913e-05  9.6170962896073533e-06  9.7294812342212087e-06  7.1614068527879306e-07  2.5941077511657829e-05  -3.7244828937116938e-08  -8.3083544240766105e-06  -6.1451784333450192e-07  -3.1704999669191590e-05  -9.6501863026212208e-06  -2.4481509623141568e-06  4.5969306294059589e-07  4.7754558914787308e-07  3.0059011462747776e-08  2.0173648357536801e-06  -2.4254990064701079e-09  -4.5356477700500746e-07  -2.3419320437819901e-09  -2.4640746038945317e-06  -4.6215675145897796e-07
4.3999999999999801e+01  -3.1896330189684440e-05  9.4608889588842764e-06  9.5702575193328419e-06  7.1312440938122891e-07  2.7082446758307502e-05  -3.7195387263551162e-08  -8.1523252242573547e-06  -6.1443865916078511e-07  -3.3077850038982774e-05  -9.4937090710585306e-06  -2.5843090289505337e-06  4.7749457975109790e-07  4.9416446840565883e-07  1.9205950712277580e-08  2.1356059575430111e-06  -2.8405444972818555e-09  -4.6126271966391216e-07  1.8055072001752384e-08  -2.5708089773389537e-06  -4.7890966071140093e-07
4.4799999999999699e+01  -3.3273905800496395e-05  9.3113143343560171e-06  9.4117716674518295e-06  7.2454054205939279e-07  2.8231535361732787e-05  -3.7376673768730928e-08  -8.0078758005060847e-06  -6.2872798647959407e-07  -3.4475034239541281e-05  -9.3441653884859119e-06  -2.7378395909146271e-06  4.9820421698701498e-07  5.3143399236205064e-07  2.3033387822282866e-08  2.2355474318675288e-06  -2.4518995305272680e-09  -4.4697002958870435e-07  2.3133851052713126e-08  -2.7109880983446787e-06  -5.0054244354255470e-07
4.5599999999999497e+01  -3.4666383445018579e-05  9.1673098372756570e-06  9.2733657914920644e-06  7.4147304487452368e-07  2.9399697745732287e-05  -3.8812493595504984e-08  -7.8545553270738253e-06  -6.5110968129147681e-07  -3.5899603712221947e-05  -9.2011894508490740e-06  -2.9186421590581501e-06  5.2021693054392678e-07  5.3749957224995018e-07  3.7400423675559482e-08  2.3753540033846595e-06  -2.5961804047650386e-09  -4.9662744607680839e-07  2.3142707453159123e-08  -2.9048939384659856e-06  -5.2361334960303440e-07
4.6399999999999302e+01  -3.6070906560492432e-05  9.0280112265810566e-06  9.1332923354633881e-06  7.4444005642384190e-07  3.0568296522741998e-05  -3.9746972248470706e-08  -7.7140060610543423e-06  -6.6298389299745971e-07  -3.7313139577850085e-05  -9.0624162936744461e-06  -3.1384710146731873e-06  5.4321993083446671e-07  5.6923008550849459e-07  3.7249268979166055e-08  2.5829921382051494e-06  -2.9275546257903832e-09  -5.2269365154124414e-07  3.7217296570627386e-08  -3.1432099783029551e-06  -5.4495020635976928e-07
4.7199999999999200e+01  -3.7471331728116921e-05  8.8880679596297080e-06  8.9893886217633012e-06  7.3417863296027362e-07  3.1721917504524521e-05  -3.9647973382581032e-08  -7.5771730238923858e-06  -6.6232852673614376e-07  -3.8698321460459103e-05  -8.9220800772758957e-06  -3.3750642037745214e-06  5.5810974350754403e-07  5.9324994839104231e-07  3.4316828041286590e-08  2.7844192030694756e-06  -1.5271402054604461e-09  -5.2071613433480759e-07  4.7829999050062633e-08  -3.3781741268377732e-06  -5.5910382983908671e-07
4.7999999999998998e+01  -3.8856581838963743e-05  8.7550849635226676e-06  8.8636819847939412e-06  7.2932778072022632e-07  3.2864018442850629e-05  -4.0526387358389675e-08  -7.4362781465578775e-06  -6.6480840855099756e-07  -4.0075962300050651e-05  -8.7893911546217442e-06  -3.5836057224243738e-06  5.7043588955513410e-07  5.6830618188056741e-07  5.3098804353066118e-08  2.9489941917545300e-06  -6.3196874132158441e-10  -5.6303471773233176e-07  3.4516938038938664e-08  -3.5750524315376887e-06  -5.7410054014359452e-07
4.8799999999998903e+01  -4.0261331731482066e-05  8.6359013972672911e-06  8.7440561226998065e-06  7.4096363252325786e-07  3.4033393646355629e-05  -4.1066185694916697e-08  -7.3129700033121840e-06  -6.8291227987789240e-07  -4.1502342452692970e-05  -8.6705945138091235e-06  -3.7583377906755157e-06  5.8890751255606021e-07  5.9712116587002437e-07  7.9377094821784225e-08  3.0824846175629780e-06  -3.4910313369660709e-09  -5.6628600017248875e-07  1.8710192192163521e-08  -3.7468365218584637e-06  -5.9193258509971943e-07
4.9599999999998701e+01  -4.1732146995581586e-05  8.5236159692982181e-06  8.6202743655885121e-06  7.5366489762197080e-07  3.5265404409694204e-05  -4.1580493617905685e-08  -7.2111476271730755e-06  -7.0341007596983105e-07  -4.2996058808345793e-05  -8.5591198044566018e-06  -3.9608490257206130e-06  6.0450813472112675e-07  6.7458625221148334e-07  7.2767070634863100e-08  3.2328096560149121e-06  -4.8400759168265172e-09  -5.0687575668224576e-07  3.6097412244013835e-08  -3.9629541202764127e-06  -6.0249991170716128e-07
5.0399999999998499e+01  -4.3192163868569121e-05  8.4242283559284076e-06  8.5231563055227779e-06  7.4634887580216255e-07  3.6480948706099671e-05  -4.3707235514934186e-08  -7.1148682223953725e-06  -7.0452072387266203e-07  -4.4444383170305221e-05  -8.4609662025430091e-06  -4.1898713883377462e-06  6.0737956004648133e-07  6.6176895567876021e-07  4.6567380897136043e-08  3.4337382112559933e-06  7.6761255521695532e-10  -5.4222168927941783e-07  5.6665082469779274e-08  -4.2232362455776466e-06  -6.0639457693277115e-07
5.1199999999998397e+01  -4.4482441447542460e-05  8.3316425614278487e-06  8.4465217642244706e-06  7.3294267727553814e-07  3.7543903067859773e-05  -4.5019861824801126e-08  -6.9994985898219272e-06  -6.9654135243158096e-07  -4.5712378573286379e-05  -8.3684057183545256e-06  -4.3527398685787734e-06  6.1110774795831995e-07  5.6274015287347657e-07  5.4061401797062505e-08  3.6051191346767291e-06  3.1127159904752534e-09  -7.0410275385089001e-07  3.3223335734056106e-08  -4.4015632772464409e-06  -6.1764695240201347e-07
5.1999999999998202e+01  -4.5620098996358190e-05  8.2102337344989468e-06  8.3251074008791100e-06  7.3597482769851025e-07  3.8480765001028708e-05  -4.3259492980521834e-08  -6.8602328396288696e-06  -7.0123797275335772e-07  -4.6851563012353809e-05  -8.2455436722232755e-06  -4.4205693282538128e-06  6.2852395310569262e-07  5.7381171354674362e-07  9.6102003142852338e-08  3.6821305970917301e-06  -5.2967252742868569e-09  -7.1967881669900175e-07  -1.0047498366094883e-08  -4.4577709416760664e-06  -6.3647481270242353e-07
5.2799999999998100e+01  -4.6865537273743283e-05  8.0670646346691675e-06  8.1587951007167510e-06  7.4851367901437127e-07  3.9517936574130534e-05  -4.3001516884253211e-08  -6.7356613243813881e-06  -7.1381163219814589e-07  -4.8111661514118874e-05  -8.1029934606903841e-06  -4.4687471987573783e-06  6.3016002724180034e-07  7.3120377715936091e-07  1.0792077221851483e-07  3.6923985400865361e-06  -1.0770175559779269e-08  -4.7402200602352722e-07  -1.3370873252915891e-08  -4.5020965682228255e-06  -6.3024036551659503e-07
5.3599999999997898e+01  -4.8427041377384858e-05  7.9529097738844670e-06  8.0330437196105014e-06  7.5079109014218163e-07  4.0819752874270959e-05  -4.6083252418139288e-08  -6.6422851255984195e-06  -7.1567410307897011e-07  -4.9670502260827456e-05  -7.9915020041283116e-06  -4.5786114226662734e-06  6.1211164483872326e-07  7.7551147855527420e-07  5.9542963594439719e-08  3.7267473002576576e-06  -1.7186561640077701e-09  -3.6228657953563783e-07  2.7397695757707536e-08  -4.6214113056667218e-06  -6.0660016358113607e-07
5.4399999999997704e+01  -5.0221004655029440e-05  7.8871758552814536e-06  7.9941680788193884e-06  7.4340605917356320e-07  4.2304389513865776e-05  -5.0896287738980544e-08  -6.5627438025950052e-06  -7.0612300425729782e-07  -5.1443731292174469e-05  -7.9282889037950006e-06  -4.7119932395464867e-06  6.2049862370547702e-07  6.0524858374471951e-07  2.7182944010693660e-08  3.8489347754119546e-06  9.3994035886423022e-09  -6.3882767961933213e-07  3.6251319448437292e-08  -4.7691258861353354e-06  -6.1999450238563701e-07
5.5199999999997601e+01  -5.2017734624556655e-05  7.8549521624673183e-06  7.9924192016368438e-06  7.4440979053058182e-07  4.3786629462518734e-05  -5.1469880283873416e-08  -6.5078188566210162e-06  -7.0214689902973678e-07  -5.3232474515756049e-05  -7.8946213766054374e-06  -4.7374962756589104e-06  6.4262586192108268e-07  4.9949265076072395e-07  6.6783735137455053e-08  3.9517352544715729e-06  4.0092756105013837e-09  -8.7400811856547563e-07  -1.6899575288461953e-08  -4.8127637006159250e-06  -6.5001109140056391e-07
5.5999999999997399e+01  -5.3713561039020314e-05  7.8160237031591062e-06  7.9419521164916839e-06  7.6552598360708719e-07  4.5194976942150632e-05  -4.3748379852220019e-08  -6.4633204228003828e-06  -7.1781466075405706e-07  -5.4955157837731266e-05  -7.8490899288691259e-06  -4.6732681811238306e-06  6.3084924377624860e-07  6.3238655511338628e-07  1.0234043892370330e-07  3.9219911310801793e-06  -1.0779617350509534e-08  -6.7424839410972236e-07  -4.8866735385760743e-08  -4.7436090745675022e-06  -6.3633619677624795e-07
5.6799999999997297e+01  -5.5383400833216473e-05  7.7295085907666287e-06  7.8205059014978005e-06  7.8571298553829022e-07  4.6583780853645969e-05  -3.6782548391975846e-08  -6.3771861751039691e-06  -7.3523593582929775e-07  -5.6649622280174396e-05  -7.7585244462247232e-06  -4.7170930106316968e-06  6.1201651772189422e-07  7.7265926775247884e-07  7.1000941311603807e-08  3.8895112646349181e-06  -1.1928468389906702e-08  -3.7964628387634029e-07  -1.6583740650590887e-08  -4.7609608816261417e-06  -6.1079412799557989e-07
5.7599999999997102e+01  -5.7103958578496729e-05  7.6304336274227109e-06  7.7149351898460217e-06  7.7537041941029320e-07  4.8002094491284486e-05  -4.7365677507757892e-08  -6.2809144779776439e-06  -7.2480197480685965e-07  -5.8343283083511317e-05  -7.6688605194363355e-06  -4.8906319636869745e-06  6.2653264052202268e-07  7.0581674449386992e-07  3.1442501097189800e-08  3.9886553734533433e-06  6.4697413032798237e-10  -4.4801125058077315e-07  1.0531646753306150e-08  -4.9341532933072739e-06  -6.2599618073359918e-07
5.8399999999997000e+01  -5.8829214641528430e-05  7.6166256875216187e-06  7.7292425753829847e-06  7.5318353122819292e-07  4.9420049645191493e-05  -7.0825808015291215e-08  -6.2759677543966353e-06  -7.0063842818794027e-07  -6.0020184229656620e-05  -7.6726866245825630e-06  -4.9479667677842807e-06  6.5639736853926973e-07  5.8683536849119061e-07  4.1094559233063888e-08  4.0801353483331965e-06  5.0878490450103122e-09  -7.2387826195827737e-07  -1.1529950273591095e-08  -5.0154912901308590e-06  -6.6212481263355490e-07
5.9199999999996798e+01  -6.0518826264574473e-05  7.7039664462823643e-06  7.8385536077036334e-06  7.6028187441965871e-07  5.0823387262331311e-05  -7.6530258941514173e-08  -6.3626913137361600e-06  -7.0294848336389433e-07  -6.1711273679897666e-05  -7.7631956580569848e-06  -4.7531459091447984e-06  6.7010387326529360e-07  6.2727892280980892e-07  6.6182719735047771e-08  3.9754756154792670e-06  -1.3156809142037458e-09  -7.9891455497990462e-07  -3.5914903774277482e-08  -4.8169476143895256e-06  -6.7601160423767578e-07
5.9999999999996597e+01  -6.2208115618233884e-05  7.7432781615166002e-06  7.8699504931735908e-06  7.9779833597766936e-07  5.2246006158459472e-05  -5.2013110947975034e-08  -6.3796480604768585e-06  -7.3714011003070550e-07  -6.3461528648687130e-05  -7.7827539801219886e-06  -4.4831075585166664e-06  6.4983270356979816e-07  7.2923742135848854e-07  6.6410997679516618e-08  3.7438814401012389e-06  -6.1754376180337281e-09  -6.2612229943589154e-07  -2.7075427016779636e-08  -4.5239198425816844e-06  -6.4906889883751378e-07
6.0799999999996501e+01  -6.3962358725793816e-05  7.6168269804716683e-06  7.7263026489153219e-06  8.3340573700294227e-07  5.3724422059449621e-05  -2.9224934354171895e-08  -6.2316020119848405e-06  -7.7324933038617171e-07  -6.5277036265693348e-05  -7.6384891080262670e-06  -4.4080805348653815e-06  5.9856382666807250e-07  6.9520761624041402e-07  5.0948208638672862e-08  3.6201707582718125e-06  -4.5792102449722887e-09  -4.5994028579776734e-07  -5.7957698129156250e-09  -4.4447913373437154e-06  -5.9540765445001513e-07
6.1599999999996299e+01  -6.5813520330981821e-05  7.4270016906090287e-06  7.5374758518600171e-06  8.1601528683650165e-07  5.5243149048696487e-05  -4.0687333868744614e-08  -6.0503337193574576e-06  -7.6012166684490601e-07  -6.7088949121463205e-05  -7.4576917495016716e-06  -4.6151339120112506e-06  5.6738767276471545e-07  5.8157657114037718e-07  3.8192910546052999e-08  3.7439115911755752e-06  -6.2815595571840543e-10  -4.7942939626817606e-07  7.4395086304647986e-09  -4.6543018537564380e-06  -5.7013430163476784e-07
6.2399999999996197e+01  -6.7632975275615874e-05  7.3438504829387783e-06  7.4668338822303151e-06  7.7656093957883053e-07  5.6719575797630716e-05  -6.8453274298722870e-08  -5.9834920662794601e-06  -7.2501737947765150e-07  -6.8830010483895114e-05  -7.3953014554509976e-06  -4.9730177560444143e-06  6.2720660671230318e-07  5.8153856231554071e-07  3.6851912410474856e-08  4.0707983000545314e-06  -1.7727398758962549e-09  -6.3591189863776444e-07  1.3067562331447570e-08  -4.9991002766756603e-06  -6.3511730838577985e-07
6.3199999999996002e+01  -6.9364316919949588e-05  7.4046989588336103e-06  7.5374379630103802e-06  8.0183599320198656e-07  5.8178786353599353e-05  -7.6930425698612864e-08  -6.0314290558262921e-06  -7.5390453640763168e-07  -7.0609310764578148e-05  -7.4622975775243038e-06  -5.3034786720404787e-06  7.2976622807447821e-07  7.0672805558908999e-07  5.4774601013030604e-08  4.4220954394032652e-06  -5.7938509923190450e-09  -7.4668675134087601e-07  6.9096295166845089e-09  -5.3230497636308810e-06  -7.3615546486854637e-07
6.3999999999995801e+01  -7.1153320132859784e-05  7.4753369092019049e-06  7.6155556261590357e-06  8.3440077232339490e-07  5.9688385499415838e-05  -6.6948828718099853e-08  -6.0804342433691641e-06  -7.9256578861339863e-07  -7.2459394213456236e-05  -7.5261091019947094e-06  -5.5507399798239313e-06  7.2765390868448555e-07  7.9877660041729143e-07  8.0884663186479168e-08  4.6303990241746536e-06  1.1145203257004732e-09  -7.1146420265929364e-07  -7.7264738958273632e-09  -5.5941742319039027e-06  -7.2394245908316575e-07
6.4799999999996203e+01  -7.2970884855144073e-05  7.4146603441503099e-06  7.5493331267630437e-06  8.1018323899998048e-07  6.1170584243443513e-05  -5.5572571919792518e-08  -6.0186984863565317e-06  -7.7470686125419287e-07  -7.4225720394881567e-05  -7.4558130185235013e-06  -5.7689990891586575e-06  6.4528879591283576e-07  7.5661142828495357e-07  8.1920403689967152e-08  4.7297458102199352e-06  8.8249502072394536e-09  -6.1917753823515369e-07  -4.0775152323987583e-09  -5.8318427480302961e-06  -6.3180137098437227e-07
6.5599999999996697e+01  -7.4739163253377631e-05  7.3243143948139815e-06  7.4428106286675654e-06  8.1873806992962207e-07  6.2641208772798039e-05  -5.2763705247067332e-08  -5.9332632429278753e-06  -7.9226914210265965e-07  -7.6008736132420409e-05  -7.3617486905857474e-06  -5.9667246164504973e-06  6.6225778802756782e-07  6.5795166545814126e-07  5.2838266109562016e-08  4.8611603945122400e-06  -3.4991371822308977e-09  -6.0525694212953509e-07  2.6219126778559414e-08  -6.0039278954167100e-06  -6.6254644408219611e-07
6.6399999999997107e+01  -7.6600431318577349e-05  7.3537706709269229e-06  7.4826826468885548e-06  8.3970626341084162e-07  6.4203311549413853e-05  -6.1955920663783699e-08  -5.9561940862231286e-06  -8.2409803011237727e-07  -7.7916828455539634e-05  -7.3990607348309979e-06  -6.1168761506701241e-06  7.9991212853026360e-07  7.1310255787951948e-07  4.3065763189834580e-08  5.0479275444816657e-06  -1.9772765470897137e-08  -7.3015901697896934e-07  3.9629745120524615e-08  -6.1225753210520902e-06  -8.2845296196590516e-07
6.7199999999997502e+01  -7.8456634092115439e-05  7.3754872620753924e-06  7.5349688623112674e-06  8.0634509380157989e-07  6.5728187000554396e-05  -6.9460550512810129e-08  -5.9588178353015963e-06  -7.9697260149845960e-07  -7.9711673612221459e-05  -7.4264759413553056e-06  -6.2513745243859416e-06  9.0049018037487355e-07  9.4382983786784369e-07  6.4746261096150902e-08  5.1884637644014968e-06  -1.8721780298793502e-08  -9.0488339058870495e-07  2.3434973544848556e-08  -6.2472708547707922e-06  -9.2658829596680420e-07
6.7999999999997897e+01  -8.0225209082245304e-05  7.3381912949839570e-06  7.4880980359103903e-06  8.1485274923646623e-07  6.7219865086047957e-05  -6.7335225248397980e-08  -5.9025677830694200e-06  -8.1220279988207822e-07  -8.1485530702702199e-05  -7.3848983498227274e-06  -6.3713976325583374e-06  8.8092089729780196e-07  1.0304236798691466e-06  9.1268399113974701e-08  5.2322778639924453e-06  -2.1538498788355293e-09  -9.1640435357709396e-07  5.1441215234582337e-10  -6.4101657770579539e-06  -8.6810044303499688e-07
6.8799999999998306e+01  -8.2128824094610786e-05  7.3667591032143247e-06  7.4788454901619306e-06  8.4541785265363685e-07  6.8798699145644144e-05  -6.7558657926501105e-08  -5.9283719185433952e-06  -8.5065101418853803e-07  -8.3433970160479918e-05  -7.4129012229539643e-06  -6.5144221027463188e-06  8.3376851171926743e-07  8.6076357575859316e-07  1.1207045464763948e-07  5.3512894489220519e-06  1.8830452301664566e-08  -7.7676770415961539e-07  -2.0358458588785264e-08  -6.6467498710113244e-06  -8.0050667987346205e-07
6.9599999999998701e+01  -8.4053090431709650e-05  7.3698471805388779e-06  7.4952895328421750e-06  8.2161060699630052e-07  7.0328533326578546e-05  -6.7710365604350189e-08  -5.9502532398832825e-06  -8.2976812494710573e-07  -8.5318822594195477e-05  -7.4188959065006808e-06  -6.7433846068250253e-06  8.0594990615441894e-07  7.2088963695243206e-07  9.0644953166930266e-08  5.6268597424925049e-06  1.7186102706220680e-08  -7.0753318760526518e-07  -3.4200346191126115e-10  -6.8489541262098124e-06  -8.0402930463140054e-07
7.0399999999999096e+01  -8.5875902398069491e-05  7.3067061490633293e-06  7.5066320067191747e-06  8.2387527820068345e-07  7.1876342733082069e-05  -6.3362956299214689e-08  -5.9072414239165667e-06  -8.3556021606000910e-07  -8.7171698168317331e-05  -7.3543450482422378e-06  -6.9301827537141578e-06  7.2281045416404837e-07  7.1844702030901654e-07  4.3937949172722386e-08  5.7698096655739089e-06  -1.3509815214350869e-08  -7.0402936798171295e-07  4.3763531986146171e-08  -6.9058438160834858e-06  -7.5485288190038070e-07
7.1199999999999505e+01  -8.7863827807227696e-05  7.3504329127879108e-06  7.5996367575838821e-06  8.2947728605576022e-07  7.3598396315749257e-05  -6.6408193777680411e-08  -5.9187584602508764e-06  -8.4668038753753175e-07  -8.9160987087491273e-05  -7.3975647344132880e-06  -7.0034143499599967e-06  6.8570280825819499e-07  7.7204979087746934e-07  6.9245118791882963e-08  5.7082717399891161e-06  -2.8139615619118211e-08  -7.0507279245523893e-07  9.7813660282154592e-09  -7.0303798758391882e-06  -7.0208294234407746e-07
7.1999999999999901e+01  -8.9867266050630418e-05  7.4068803338111144e-06  7.5916785042188966e-06  7.9843852950265916e-07  7.5216993165807942e-05  -7.2460657524140867e-08  -5.9015444879855180e-06  -8.1697002993827935e-07  -9.1035366751512892e-05  -7.4552775582087577e-06  -7.0917406738803974e-06  8.2474758950812158e-07  8.8235231048138621e-07  1.1813658776475667e-07  5.7771797753521009e-06  -7.2164157818828521e-09  -8.0164822549136254e-07  -4.5200306156334554e-08  -7.2432168205322162e-06  -8.1415112356854060e-07
7.2800000000000296e+01  -9.1714079564371377e-05  7.4143969963615232e-06  7.4712002101072380e-06  8.9400093268466142e-07  7.6781445884640959e-05  -7.3648119707149460e-08  -5.9154951980121737e-06  -9.1076578784143058e-07  -9.3051997820905194e-05  -7.4645691200938066e-06  -7.1583975764277970e-06  8.8689590477361997e-07  9.0749071789891317e-07  8.8681880118945026e-08  5.9577089487331328e-06  8.0000967298981801e-09  -8.4732514497849931e-07  -1.6331246417711560e-08  -7.2417496790516097e-06  -8.8651464051534052e-07
7.3600000000000705e+01  -9.3948693953696118e-05  7.6234803129859867e-06  7.7083788541556155e-06  9.0321896543350062e-07  7.8598053201806522e-05  -8.2971388208299868e-08  -6.2179058159345533e-06  -9.2271543611283787e-07  -9.5401577667996584e-05  -7.6813224074589031e-06  -7.2464078202875065e-06  7.5986954017071151e-07  7.9112164389127261e-07  5.8633931348477860e-08  6.0441914259876076e-06  -5.4581372883105490e-13  -7.2017868327066003e-07  4.0057274139032571e-09  -7.2604325527767922e-06  -7.6661494465365087e-07
7.4400000000001199e+01  -9.5919717791425203e-05  7.5003819113738087e-06  7.7983404132218171e-06  4.8145144668605541e-07  7.9810619821816116e-05  -8.6467963815512815e-08  -6.0678888259686783e-06  -5.0429662077837034e-07  -9.6556244906372527e-05  -7.5574201981199454e-06  -7.4524468094333131e-06  7.6125158228501985e-07  7.5960290316129301e-07  7.4883067333668315e-08  6.1382906260908949e-06  -3.5534236867486425e-10  -7.0919573789923434e-07  -2.2239885850028468e-08  -7.5316876572102139e-06  -7.4766667274298805e-07
7.5200000000001594e+01  -9.6419678923897827e-05  6.4858784952567489e-06  6.7991085567668545e-06  5.2646375819586154e-07  8.0379851852731770e-05  -5.1524253723223461e-08  -4.8692132486903095e-06  -5.4133017076190420e-07  -9.6990095686705322e-05  -6.5069805826150567e-06  -7.4991864578191076e-06  9.0025908239492085e-07  8.4872328897924082e-07  8.4798867232841017e-08  6.2146867660276908e-06  3.5656204208138578e-09  -8.8428684731069675e-07  -3.2362856128178972e-08  -7.6236652625627678e-06  -9.0168603888694286e-07
7.6000000000002004e+01  -9.8463496609167846e-05  6.6746725654200378e-06  6.7182301083114191e-06  1.7883047700923332e-06  8.3395957265795356e-05  -4.2240316167161761e-08  -5.0496923901830758e-06  -1.8073144640907687e-06  -1.0150438482412036e-04  -6.6838014524667330e-06  -7.4304988223410481e-06  9.0214179851336773e-07  9.4799417126937850e-07  7.5984737298771603e-08  6.1578532558983380e-06  -1.6581856265682342e-08  -9.1800407558755224e-07  -2.6456080057690972e-08  -7.5209602937257509e-06  -9.4615427110932651e-07
7.6800000000002399e+01  -1.0529549705972704e-04  9.7864609715459002e-06  9.8359802653802782e-06  2.1164826510951026e-06  8.9167147361093917e-05  -1.2977184363245784e-07  -8.4350502444970290e-06  -2.1467311523486960e-06  -1.0911705568340716e-04  -9.8922435197658177e-06  -7.6348649508912706e-06  7.9469875406253615e-07  9.9153441907689701e-07  5.9258806226068745e-08  6.2099957936296184e-06  -2.1326386505389602e-08  -7.4587126418109615e-07  -9.0368232271367155e-09  -7.6783549849272734e-06  -8.0436621715803574e-07
7.7600000000002794e+01  -1.1053716429458563e-04  1.1460856493244031e-05  1.1872024796995990e-05  -1.7823309859390545e-07  9.1102602258438076e-05  -1.4883862260835588e-07  -1.0151355310245220e-05  1.7583135332423552e-07  -1.0974158891797656e-04  -1.1619512556427529e-05  -7.8593659360548384e-06  7.4260892978355491e-07  8.0860265440824031e-07  6.6259770948620691e-08  6.5027578617911213e-06  1.6551794818406392e-08  -6.5325491639849692e-07  -1.2873545912380663e-08  -7.9287269535273947e-06  -6.8256314220935357e-07
7.8400000000003203e+01  -1.0703388773410231e-04  7.4041717936193342e-06  7.8241338548254560e-06  -1.5205231779723680e-06  8.7218874000783575e-05  1.4530867027393979e-08  -5.6939634037519310e-06  1.5206926521915812e-06  -1.0347211978208949e-04  -7.3989808905551985e-06  -7.8156731941805412e-06  8.1853613588733878e-07  5.8765696238389423e-07  9.0059810028852350e-08  6.6309610117647681e-06  2.3867475081311329e-08  -7.9811991314731338e-07  -5.1821192537765634e-08  -7.9307704866007787e-06  -8.0230014537089183e-07
7.9200000000003598e+01  -1.0295070165999505e-04  3.0807572319862553e-06  3.1244725159565508e-06  1.1068784388553918e-06  8.6655465577022129e-05  4.3139593081510716e-08  -1.2375056902373874e-06  -1.1773924602399008e-06  -1.0478380890262052e-04  -2.9733077255603741e-06  -7.8984912719717806e-06  9.3995775553044471e-07  8.1374752167942741e-07  4.5826526685850821e-08  6.4135433404265706e-06  -2.0780022646242231e-08  -9.5568329847262871e-07  -1.7503292319472990e-08  -7.8889202409562296e-06  -1.0086514151264847e-06
8.0000000000003993e+01  -1.0814702228710830e-04  5.1394678292329846e-06  5.1692464486999121e-06  3.3645931355139776e-06  9.2787865966560088e-05  -2.1795949078880904e-07  -3.7401698819112064e-06  -3.4249240993170159e-06  -1.1450968158771662e-04  -5.2521036575848340e-06  -8.1432890324074877e-06  8.7484640292652376e-07  1.1837793454888222e-06  1.5920620355013000e-08  6.3941112432613594e-06  -3.0011195293076029e-08  -8.4821958547044124e-07  3.6736075718199540e-08  -8.0787573585513949e-06  -9.0002412424530097e-07
8.0800000000004403e+01  -1.1451132038930740e-04  9.2600314584688893e-06  9.6105963086391970e-06  1.3701473886760119e-06  9.5801030310440775e-05  -2.8979161956031436e-07  -8.0418690112581828e-06  -1.3146140246518030e-06  -1.1661564226402624e-04  -9.5176294032429309e-06  -8.3384502886091920e-06  8.0606823216493771e-07  1.1040651714410968e-06  1.4394392456263774e-07  7.0134738405897330e-06  7.7253205799529711e-09  -7.7689038176248706e-07  -6.1309382004611372e-08  -8.6241035561895151e-06  -7.5366632795322728e-07
8.1600000000004798e+01  -1.1375946313429160e-04  9.4957074973233980e-06  9.8541579024100508e-06  -7.4142528909906236e-07  9.3437832068852221e-05  2.6099954633783609e-08  -7.8199378809822555e-06  7.6304626727230982e-07  -1.1164012936205859e-04  -9.5048133904637824e-06  -8.7040690852086537e-06  1.0704149680579377e-06  8.7968597525667541e-07  1.2968841184814306e-07  7.5716220152324296e-06  1.4922924590598788e-08  -1.0623444420088416e-06  -5.2506234028880213e-08  -8.9588614667104951e-06  -1.0619810657346128e-06
8.2400000000005207e+01  -1.1547502228188261e-04  8.9037466288121082e-06  9.0487430098196576e-06  6.0615515421102213e-07  9.6477309406585034e-05  1.5818445993146284e-07  -6.9538872740428114e-06  -7.7156166804574001e-07  -1.1635914557962988e-04  -8.7358558849144264e-06  -8.4259662065584614e-06  9.1900286756476200e-07  6.1301567450424549e-07  -2.3949323115804359e-07  6.7358306259997669e-06  -8.4116071697701121e-09  -8.4725604881927498e-07  2.9264680424539960e-07  -7.7428818555718183e-06  -9.6483962454189040e-07
8.3200000000005701e+01  -1.2482250397693307e-04  1.0013647464362659e-05  1.0227980738503019e-05  1.9130822781698841e-06  1.0528936134540453e-04  -1.2854639373398956e-07  -8.3890404355563963e-06  -2.0844990575619415e-06  -1.2832083491424372e-04  -1.0074056348840057e-05  -6.9591283055849987e-06  -1.3596760611193140e-07  -4.0370813978450289e-08  -1.2365276975381685e-07  5.3629759397462362e-06  1.7528930430678979e-09  2.6393652993757397e-07  1.7663817297271036e-07  -6.4993743008563159e-06  1.4998986535736793e-07
8.4000000000006096e+01  -1.2908240890032482e-04  9.0429769478444512e-06  9.4671906149714145e-06  7.5227015181003562e-07  1.0747097094355971e-04  -3.0586372659569480e-07  -7.6971482940331042e-06  -7.3352326835154659e-07  -1.2997941967527929e-04  -9.2956300500449054e-06  -7.8159586860602423e-06  1.8199647473636749e-07  4.6869452000305682e-07  9.4331833930671832e-07  7.0963489230061205e-06  8.7644030296319829e-09  -1.8103277580469785e-07  -8.7396508310338819e-07  -9.7711685067575063e-06  -1.3722981681092106e-07
8.4800000000006506e+01  -1.2342530077844507e-04  6.0899930481885634e-06  6.4165196880848165e-06  1.6830992683980135e-08  1.0222227178393650e-04  -1.1487168478019966e-07  -4.5341241395767726e-06  3.1422540182598124e-08  -1.2283638794742370e-04  -6.1822005291599084e-06  -1.3036142286173768e-05  3.2535998489408892e-06  3.3302055452452131e-06  1.0429406920760922e-06  1.1581002892904610e-05  -5.0181408348201754e-08  -3.4194331800207899e-06  -9.5238277252173011e-07  -1.5143982744566557e-05  -3.3082503544781114e-06
8.5600000000006901e+01  -1.2078866538350400e-04  6.2156111926218808e-06  6.3225502546726488e-06  1.0269120176886040e-06  1.0117383125935535e-04  5.0503135959393376e-08  -4.3694466509384554e-06  -1.1469470513039231e-06  -1.2241589259053768e-04  -6.1461801786322970e-06  -1.5270757957555390e-05  4.5109221419433957e-06  4.4368660596158502e-06  -1.0262412691535435e-06  1.1611807967362087e-05  -4.7060053344535448e-08  -4.5465060939865515e-06  1.1385696059461360e-06  -1.2897985387611855e-05  -4.5865307279395876e-06
8.6400000000007296e+01  -1.2716466781169286e-04  9.1514758064038772e-06  9.3986174449795786e-06  1.5364442891983934e-06  1.0683077650037463e-04  -5.5934062314441463e-08  -7.3665292398640206e-06  -1.7119322449128601e-06  -1.2980504021840907e-04  -9.1759208252351314e-06  -8.9687704002576257e-06  2.2875505698729832e-07  2.0203590341825761e-07  -2.0022997987686220e-06  5.6545697553721216e-06  9.8028954147814557e-08  4.7804309756448337e-08  2.0838479467504351e-06  -4.7599072005913093e-06  -1.5149307204502601e-07
8.7200000000007705e+01  -1.3359942456868482e-04  1.0215613184261553e-05  1.0698454332707820e-05  9.0963296484659279e-07  1.1149377405703724e-04  -1.5831429993735993e-07  -8.6113958978266636e-06  -9.9036541180238316e-07  -1.3485377532423953e-04  -1.0321512062840665e-05  -3.5335253975425426e-06  -3.8467641548403451e-06  -3.8364120770894398e-06  5.1437214024546777e-07  3.4360296347299446e-06  1.0416797564770759e-07  4.0855742894615412e-06  -4.9487688272437232e-07  -4.7011627759938442e-06  3.9471852358955883e-06
8.8000000000008100e+01  -1.3488664742167714e-04  8.7845610051954364e-06  9.1402456492949158e-06  6.2639764998066033e-07  1.1243372131211274e-04  -1.0825483746325085e-07  -7.1945742786331239e-06  -6.9409475403706709e-07  -1.3564208335439365e-04  -8.8313059871643467e-06  -7.4227694814731238e-06  -1.5559651930754527e-06  -1.5409879547940666e-06  2.4664671943867978e-06  8.1972703605265363e-06  -1.5166263818927069e-07  1.4095084241861163e-06  -2.4020464284767719e-06  -1.2313196150291395e-05  1.4489089107271608e-06
8.8800000000008495e+01  -1.3569831149837778e-04  7.9298620202648782e-06  8.1814999300157556e-06  9.5827742486537762e-07  1.1335472061439654e-04  -1.0933145862083897e-07  -6.3309016265172775e-06  -1.0687328358576918e-06  -1.3719402435867406e-04  -8.0044543378003767e-06  -1.1691758990133850e-05  2.5855780988856194e-06  2.6466138444143241e-06  4.8638333443178459e-07  9.8352855656658845e-06  -2.0578479393198088e-07  -2.8228800645668893e-06  -3.1300707421120485e-07  -1.2310200773716555e-05  -2.7308459888710096e-06
8.9600000000008905e+01  -1.3884986810195501e-04  8.7474269397668273e-06  9.0800410273415798e-06  9.9177644586282839e-07  1.1577350683268523e-04  -1.5506726873874726e-08  -6.9548088002538774e-06  -1.0387108612250738e-06  -1.4016035744102414e-04  -8.7955722478012245e-06  -8.9742451466040112e-06  2.7741158322149732e-06  2.8667053016999614e-06  -1.5465618344847887e-06  5.9148286205990392e-06  1.2108337699996415e-07  -2.7001058446082584e-06  1.6685598374567226e-06  -5.7505382203320034e-06  -2.6848531097905227e-06
9.0400000000009300e+01  -1.4105412557300747e-04  9.0407981745146770e-06  9.2172251631763018e-06  6.1945407415757080e-07  1.1756397860821901e-04  1.1937228804347124e-07  -6.8259890130415243e-06  -7.6028334224265681e-07  -1.4162010816885510e-04  -8.9249339912021800e-06  -8.8006094682784766e-06  1.9233173662571579e-06  1.9869620669295492e-06  -2.9450411970793479e-07  7.0264003354951757e-06  2.5095443740825941e-07  -1.7022045193050945e-06  2.4235000699107971e-07  -8.3936057804191905e-06  -1.7622087183316497e-06
9.1200000000009794e+01  -1.4136578201439141e-04  8.2431788566725828e-06  8.5868822230905634e-06  8.4799683306673521e-07  1.1848483646723120e-04  -4.9908083614586083e-07  -6.3773144052662500e-06  -1.2442294453263528e-06  -1.4293376634939766e-04  -8.5083922687195960e-06  -1.5631752156064154e-05  2.7204022426751294e-06  2.7223490171985839e-06  1.0752090799930575e-06  1.3838649783592450e-05  -5.0579932928883261e-08  -2.6363759811813551e-06  -1.1202990765381803e-06  -1.7773169119176278e-05  -2.7608238598019718e-06
9.2000000000010203e+01  -1.4490292055622205e-04  9.8561489471547184e-06  1.0824893265753741e-05  1.6683379093109216e-06  1.2167257877394832e-04  -9.0856602501065818e-07  -8.8920472756604869e-06  -1.7067402486634428e-06  -1.4786224720942517e-04  -1.0534642211228527e-05  -1.7324909920518926e-05  1.7730847960892878e-06  1.7119461220330625e-06  8.7507091269652863e-08  1.4279717261613235e-05  -2.2935272501737030e-07  -1.7805211315951053e-06  5.2992246384298022e-08  -1.7199149892289450e-05  -1.9175885803695954e-06
9.2800000000010598e+01  -1.5200410155399846e-04  1.2702687877707296e-05  1.3117253630719302e-05  1.1468318611895584e-06  1.2642589172759205e-04  8.1364254231383638e-07  -1.1123650986392025e-05  -6.3640000436835342e-07  -1.5297113583931401e-04  -1.2197453131433653e-05  -9.5492340382546096e-06  -1.1655859716271842e-06  -1.2271533453425676e-06  -7.5693043866003125e-07  7.1139250866550397e-06  -2.8473146783662409e-08  1.1383196392191920e-06  9.2250787384859014e-07  -7.8813156375916789e-06  1.1353022152118718e-06
9.3600000000010994e+01  -1.5356089640296443e-04  9.6592216597676335e-06  8.9750805463374099e-06  -4.1862733882972612e-07  1.2686473401146177e-04  1.8962646357419963e-06  -6.6953227124541065e-06  1.4923840121931573e-07  -1.5206752045938477e-04  -8.1635483372724907e-06  -4.8305152045258908e-06  -1.2762470247244733e-06  -1.2076898715179578e-06  9.4587076072577882e-08  3.9658343145935786e-06  1.3756714355870774e-07  1.2306541968014569e-06  -7.6742874553277137e-08  -5.1007639513147546e-06  1.3475577004312214e-06
9.4400000000011403e+01  -1.4887675360276091e-04  4.3483964269475378e-06  4.7841415585501604e-06  3.8831527185397499e-07  1.2440446949392588e-04  -1.1814861206369883e-06  -2.2387453630003123e-06  -1.5990662321440849e-06  -1.5033498897240694e-04  -5.0606025425534196e-06  -9.1721415885825311e-06  1.6873762094803345e-06  1.8906328200518560e-06  7.3013012453501313e-07  8.1071209618169607e-06  4.3398970578461293e-08  -1.6330428829943279e-06  -7.3757953449257964e-07  -1.0574846308842617e-05  -1.6327270863682758e-06
9.5200000000011798e+01  -1.5133361672533952e-04  8.1110230323530726e-06  1.0126533860169983e-05  2.7193286842426540e-06  1.2800753092822366e-04  -3.4322932486945024e-06  -7.5791109082078189e-06  -2.7468310721079037e-06  -1.5626005444598510e-04  -1.0797208620717969e-05  -1.3734697898160751e-05  2.8939708009694975e-06  2.9820353037331979e-06  1.7846279440960393e-07  1.1519362145064682e-05  -6.3237101765635352e-08  -2.7446542964998828e-06  -1.3027558765481436e-07  -1.3906720083168447e-05  -2.8917247212539070e-06
9.6000000000012193e+01  -1.6229289948141903e-04  1.5112901318516628e-05  1.5574139514263556e-05  1.7592662541674995e-06  1.3577569154515318e-04  3.9433478622434044e-07  -1.3384229309833023e-05  -4.8509805294276201e-07  -1.6360692592442283e-04  -1.5002811421608535e-05  -1.2854711901134198e-05  1.2125322277949001e-06  1.0904267018422165e-06  -2.5255360432751320e-07  1.0444734217372095e-05  -7.0779716114792954e-08  -1.2431966368830914e-06  2.3678260550285096e-07  -1.2396634739227856e-05  -1.2948118206692691e-06
9.6800000000012602e+01  -1.6588689004177999e-04  1.1773480703788262e-05  1.0335211702150908e-05  -9.9981594803403461e-07  1.3687866575765083e-04  3.8135453159036458e-06  -8.3778715933943866e-06  9.1018595101912955e-07  -1.6314861458557346e-04  -8.6988787353826906e-06  -1.1205782331746659e-05  2.9026608143181839e-07  2.6114308116275211e-07  8.0597977984068903e-08  9.0462086979473288e-06  -4.3258639182015063e-08  -4.2798934404846708e-07  -4.7315269648813811e-08  -1.1389860306850987e-05  -4.0704404019181883e-07
9.7600000000012997e+01  -1.6053495100942466e-04  5.4820435855051995e-06  5.7178541730678817e-06  -4.8647536033484388e-08  1.3351275391043789e-04  4.1255646450738938e-07  -3.3929801473905614e-06  -1.5338564613705534e-06  -1.6151474717705959e-04  -4.8837442072730270e-06  -1.2015824139939685e-05  1.2771594047488923e-06  1.3704976018224962e-06  2.1110574309187065e-07  9.7984887838449992e-06  1.8373732228559214e-07  -1.0022842105075684e-06  5.6710764338568653e-08  -1.2042178099683035e-05  -1.1144671996172691e-06
9.8400000000013407e+01  -1.6189306135385147e-04  9.1743827776286368e-06  1.1454212319752440e-05  2.7198940532422768e-06  1.3646144539189583e-04  -3.3967163948615333e-06  -8.6070097223629776e-06  -3.1151250493309482e-06  -1.6704737449892861e-04  -1.1872762780890657e-05  -1.2022874520680047e-05  1.0127926848928136e-06  9.6198963252589072e-07  -2.4779382920425775e-07  9.9971722410157372e-06  2.4125778226688323e-07  -5.9881885177386240e-07  3.2771543056772756e-07  -1.1386250206126960e-05  -7.1949033233357071e-07
9.9200000000013802e+01  -1.7115105382374668e-04  1.4847435380855793e-05  1.5864945664772851e-05  2.0457123600404425e-06  1.4344360554783414e-04  -1.2470011468984053e-06  -1.3071610055432126e-05  -1.0705318026509017e-06  -1.7331452449291876e-04  -1.6028207091760298e-05  -1.0363186206479928e-05  -3.0685280859322238e-07  -2.0289747475404963e-07  -3.7265099171667610e-08  8.8175532410973912e-06  -5.7197886935687615e-07  -8.5322131265211283e-08  -3.3018664857375649e-07  -1.0804181356207091e-05  -1.6177998154919636e-07
1.0000000000001400e+02  -1.7508401908496534e-04  1.1959584720851058e-05  1.1231156363624090e-05  -2.6804428620758548e-07  1.4526955954757544e-04  1.9138935382930561e-06  -8.8831708130950759e-06  4.3025449360068816e-07  -1.7357109961250983e-04  -1.0394491387870178e-05  -1.1880996002773326e-05  1.9584178100316610e-06  2.3160288721835419e-06  9.0260033707606409e-07  1.0056052021989899e-05  -7.9612987868652153e-07  -2.6173562760578383e-06  -8.3815384451947423e-07  -1.3647316589711725e-05  -2.6873580520043785e-06
1.0080000000001500e+02  -1.7300630516189615e-04  7.6544138960159170e-06  7.6411351487430304e-06  -5.9790577867688544e-09  1.4389804701422365e-04  9.7950195512556681e-07  -5.3653166459457515e-06  -8.5580734425059161e-07  -1.7319906016978652e-04  -6.6876398164298164e-06  -1.6183162739916080e-05  5.1208698443910699e-06  4.8742480073468414e-06  3.3589330694171048e-07  1.3039945298076830e-05  1.1693783988748296e-06  -4.5592382693176239e-06  4.1105486935490262e-07  -1.5958713996515796e-05  -4.1314716803523851e-06
1.0160000000001500e+02  -1.7440155143621237e-04  9.5650959255559751e-06  1.0772924048326908e-05  1.5241355967224694e-06  1.4601275897033588e-04  -1.0064059028724747e-06  -8.1133867724961055e-06  -1.9651337138374198e-06  -1.7711666985929081e-04  -1.0333489398571525e-05  -1.4901768678649376e-05  1.1890932604022482e-06  5.5865226434421650e-07  -1.2947227050098643e-06  1.1426906014699109e-05  1.9237767512461971e-06  -1.6067687521701924e-07  1.2371989478773024e-06  -1.2308758774972192e-05  4.6207466959623242e-07
1.0240000000001500e+02  -1.7949304100336896e-04  1.2688404179586444e-05  1.3651231224842396e-05  1.5576031419823447e-06  1.5020058150899701e-04  -7.4595229393377440e-07  -1.0767741816087805e-05  -1.4128661061204872e-06  -1.8159406159450761e-04  -1.3336840199327588e-05  -8.5908120954987147e-06  -4.4576107627422323e-06  -3.9163634181628586e-06  -4.4410883544299138e-07  7.2125902238458581e-06  -1.4715416093385894e-06  3.9264228801605866e-06  -5.5890751960594590e-07  -8.6687313574314581e-06  3.1696643703034331e-06
1.0320000000001600e+02  -1.8271902587314371e-04  1.2248855646694054e-05  1.2591275521203917e-05  8.4150145195305625e-07  1.5247117157239065e-04  2.2088348468222542e-07  -9.8443429856516897e-06  -8.9308629516912783e-07  -1.8364134462027593e-04  -1.2042289184273032e-05  -9.4511020035452925e-06  -2.8821946841513132e-07  8.3658355437187713e-07  1.7859650840117906e-06  9.2475257830728025e-06  -3.3375720186282536e-06  -9.6926445356554557e-07  -1.5915142915590835e-06  -1.2741091005921857e-05  -2.5831994693690719e-06
1.0400000000001600e+02  -1.8452279972674946e-04  1.0971976985415224e-05  1.1405406130035096e-05  7.5950171671013079e-07  1.5393459537273678e-04  1.7863282816210129e-07  -8.7435146419162079e-06  -1.0869232518287966e-06  -1.8558313630036611e-04  -1.0756445607674945e-05  -1.7392996314422828e-05  6.4911512157514118e-06  5.9028247984615940e-06  7.8578755435636044e-07  1.4544322648808690e-05  8.8823641433193398e-07  -5.9893459483648525e-06  6.4529811510324054e-07  -1.7580142135577079e-05  -5.6975590628543117e-06
1.0480000000001699e+02  -1.8761757766866323e-04  1.1287528661094108e-05  1.2015316839975168e-05  9.2294020671398401e-07  1.5656517471283828e-04  -1.9527990653083800e-07  -9.2094145165603445e-06  -1.1768169603530823e-06  -1.8888714970385112e-04  -1.1406842517609334e-05  -1.7865717587261180e-05  2.8413052651889287e-06  1.3054319996718083e-06  -1.6974380249380580e-06  1.3042469407409181e-05  4.0463087731328225e-06  -1.2866992968245852e-06  1.7712353311446661e-06  -1.4502914430340703e-05  6.7939651466441070e-07
1.0560000000001700e+02  -1.9086647611241440e-04  1.1990049818454055e-05  1.2722415029322403e-05  9.2097170912630651e-07  1.5928841007882240e-04  -1.8163898510647813e-07  -9.7970668191981115e-06  -1.0896198085073147e-06  -1.9201889143754844e-04  -1.2112016617729947e-05  -1.0606345704944350e-05  -3.1998684118222504e-06  -2.7804701556682020e-06  -6.6465441527596999e-07  8.2728678917583330e-06  2.5360427243109809e-07  3.0735492762598840e-06  -6.6928010782869282e-07  -1.0539699921117494e-05  3.4406126068689744e-06
1.0640000000001800e+02  -1.9279161598702044e-04  1.2128471379861054e-05  1.2779092974278945e-05  1.0259555451248556e-06  1.6105424944291391e-04  -5.8646794320572618e-08  -9.8673202440784942e-06  -1.2404657201779832e-06  -1.9419329748787014e-04  -1.2137124987196710e-05  -1.0207251418872367e-05  3.6096420453706418e-07  2.1814298375309458e-06  1.7541409383938391e-06  9.9397104471449961e-06  -3.5136431446815396e-06  -1.7868719704899573e-06  -1.9080325272561035e-06  -1.3731708618643332e-05  -3.4331651616493331e-06
1.0720000000001799e+02  -1.9473957939856380e-04  1.2176396990507540e-05  1.2845313093651567e-05  1.1546717855070045e-06  1.6279868680939204e-04  -6.5695385761868391e-08  -9.9152467171191491e-06  -1.3980322200031865e-06  -1.9642962790425404e-04  -1.2186976858113082e-05  -1.6878486462955923e-05  5.4688770098793517e-06  5.6284228571158872e-06  9.0617092222790764e-07  1.4533414234948720e-05  -1.0941996501368837e-06  -5.5992077840463564e-06  2.5494464161735788e-07  -1.7521164350148417e-05  -6.4851906941834568e-06
1.0800000000001801e+02  -1.9807784185201188e-04  1.2393173841646902e-05  1.3115409105415355e-05  9.9443538984803722e-07  1.6540649199597244e-04  -9.4536457598254405e-08  -1.0070609120897930e-05  -1.2216659135524345e-06  -1.9944295946540866e-04  -1.2430714418398327e-05  -1.7955094891746411e-05  2.4397051296074975e-06  9.9883342731668730e-07  -1.1615999559025392e-06  1.3758666162748305e-05  2.1788165986720373e-06  -1.3008013526192248e-06  1.5173514496591484e-06  -1.5314751401228594e-05  -5.3965384513822748e-07
1.0880000000001900e+02  -2.0189686303016818e-04  1.2602000382106035e-05  1.3358820989363559e-05  7.6195501945069063e-07  1.6836406149629610e-04  -9.2464405038176635e-08  -1.0228836542803125e-05  -9.8968792609145336e-07  -2.0277967216487196e-04  -1.2636046205802550e-05  -1.3320618475661335e-05  -1.7891820371168775e-06  -2.2374507118967337e-06  -7.0629748268249329e-07  1.0411102106029739e-05  1.1250215413861699e-06  2.1302786093668173e-06  6.9011242183235871e-08  -1.2507362305571767e-05  2.8401950483666752e-06
1.0960000000001899e+02  -2.0462164823370976e-04  1.2799126136216058e-05  1.3580811158082478e-05  8.7924964375907722e-07  1.7076332144798817e-04  -9.7133928506403761e-08  -1.0454843825203131e-05  -1.1216339778516767e-06  -2.0570726145055382e-04  -1.2834049319932713e-05  -1.2379043750504634e-05  -4.1086308915822406e-08  8.4563133536977251e-07  7.2686552182889877e-07  1.0729294813519221e-05  -1.0024465957772701e-06  -5.8422254734997962e-07  -9.3077418574921113e-07  -1.3970854320202416e-05  -8.2378820953742288e-07
1.1040000000002000e+02  -2.0626832129307581e-04  1.3078854382496850e-05  1.3872228524487886e-05  1.2074460753856872e-06  1.7248451994496554e-04  -9.4882462597623723e-08  -1.0730772215268130e-05  -1.4509456177926811e-06  -2.0801036670483930e-04  -1.3112764048850903e-05  -1.5174323524429690e-05  2.9140983521913466e-06  3.4028443201831456e-06  6.1090372127273561e-07  1.2930884299839060e-05  -7.1706402769809834e-07  -3.1284067305098508e-06  -2.2923832262476857e-07  -1.5999889184757055e-05  -3.5866562708493016e-06
1.1120000000002000e+02  -2.0830246978262282e-04  1.3389456415010803e-05  1.4187894639512589e-05  1.2070114256961724e-06  1.7420658849262339e-04  -6.4398552278084314e-08  -1.0935780482427713e-05  -1.4458975129153507e-06  -2.1007663089146341e-04  -1.3399068050228301e-05  -1.6005562004705086e-05  2.3697058666831793e-06  2.0478660240810491e-06  -1.1626191031518080e-07  1.3084532917962450e-05  3.4437734214281675e-07  -1.9940511340533289e-06  2.9001076861998457e-07  -1.5607998568209926e-05  -2.0712609207585765e-06
1.1200000000001999e+02  -2.1170363829984312e-04  1.3591265691640820e-05  1.4425548839017743e-05  8.1838244643278061e-07  1.7667548856221390e-04  -4.2025389207628808e-08  -1.1059036240981221e-05  -1.0667060286354494e-06  -2.1268927402440791e-04  -1.3581981167914451e-05  -1.5251136742087056e-05  8.7067005013249096e-07  6.7791730526284628e-07  -1.1643584486729195e-07  1.2363054075645951e-05  3.0174882094803005e-07  -6.7869417639049829e-07  1.2122348275325174e-08  -1.5082517045246946e-05  -5.8115801725507201e-07
1.1280000000002100e+02  -2.1579577167635006e-04  1.3619543900037581e-05  1.4521324704730706e-05  6.3330040100974851e-07  1.7991975931181268e-04  -6.7528120812725710e-08  -1.1125595626229354e-05  -8.9458503751638020e-07  -2.1636476310237334e-04  -1.3632218093271869e-05  -1.5729317324775077e-05  9.6718952669215334e-07  1.1584018030105338e-06  9.2079438827018671e-08  1.2874443382685882e-05  -1.1585267150857576e-07  -1.0742511614897013e-06  -1.0451075595818830e-07  -1.5850334376802579e-05  -1.0752791948390872e-06
1.1360000000002100e+02  -2.1906774553698301e-04  1.3605669775530964e-05  1.4539060982104814e-05  9.6374238790220306e-07  1.8297075176131435e-04  -1.1558671681490868e-07  -1.1136666895036532e-05  -1.2173316438087423e-06  -2.2030357014107992e-04  -1.3652683371748343e-05  -1.6413127243577952e-05  1.5646803032655601e-06  1.6767643901626655e-06  3.8332223633343214e-08  1.3559527371383302e-05  -9.9404229789544839e-08  -1.6207555295413673e-06  4.4856601611675484e-08  -1.6378469549512050e-05  -1.6642100925449876e-06
1.1440000000002200e+02  -2.2091831578780835e-04  1.3804965999424385e-05  1.4703301909616757e-05  1.3217427233577110e-06  1.8483093977286364e-04  -1.2107273696145798e-07  -1.1232054238104029e-05  -1.5601806216990768e-06  -2.2289909787477928e-04  -1.3843974658341204e-05  -1.5823912991324250e-05  1.5714234466364993e-06  1.4977005271652265e-06  7.8567979231352752e-08  1.3192450307509727e-05  3.0939784371505231e-08  -1.5019595599459454e-06  -4.7637943123003595e-08  -1.5969442324197061e-05  -1.5333931212798389e-06
1.1520000000002200e+02  -2.2251211172712133e-04  1.4347336025487852e-05  1.5231350629987532e-05  1.2153987151804133e-06  1.8605299532036972e-04  -5.4720103773984461e-08  -1.1646194951833082e-05  -1.4677933468759294e-06  -2.2424747726528516e-04  -1.4337521234468751e-05  -1.5281389699274364e-05  1.4071816613448577e-06  1.3863474505470081e-06  2.3421683378609201e-07  1.2747005446629779e-05  1.1154864537624887e-08  -1.2852466639481991e-06  -2.2936250366308120e-07  -1.5721198847707601e-05  -1.3924070675508214e-06
1.1600000000002200e+02  -2.2555767665323012e-04  1.5016155049346382e-05  1.5989420176587519e-05  8.6953509023382251e-07  1.8834648999755771e-04  1.3214528869358312e-08  -1.2300117097800085e-05  -1.1506775003995996e-06  -2.2656616027333620e-04  -1.4976640681916413e-05  -1.6133422133008907e-05  1.4267756678885856e-06  1.5259138008016681e-06  1.3701115109655342e-07  1.3268838834752001e-05  -1.1573979606438696e-08  -1.3140433125603551e-06  -1.0340364535830407e-07  -1.6300569777795891e-05  -1.4434160429115398e-06
1.1680000000002300e+02  -2.2993508334576382e-04  1.5259830605177439e-05  1.6354265844363829e-05  7.4247479797605728e-07  1.9196479215798605e-04  -4.7924997714637823e-08  -1.2606819865355342e-05  -1.0109035012636977e-06  -2.3072335303818086e-04  -1.5267082413879372e-05  -1.7408069989702568e-05  1.4769021291239853e-06  1.5931191202624700e-06  -1.1723088783419686e-07  1.4141303656214488e-05  8.0898987372478081e-10  -1.4813520877950919e-06  1.5379558564411251e-07  -1.7109050337436803e-05  -1.4669709244532864e-06
1.1760000000002300e+02  -2.3350164821091268e-04  1.4869101244133040e-05  1.5975592051323368e-05  8.8960077141185142e-07  1.9503174484970269e-04  -1.8049935988410844e-07  -1.2222321447063540e-05  -1.1256434201267007e-06  -2.3460710345209605e-04  -1.4943973706099469e-05  -1.7465634262310658e-05  1.4971149795554036e-06  1.5551045776679741e-06  -6.6810433032262039e-08  1.4295187693873787e-05  -1.9468027969333346e-08  -1.5960136375790163e-06  9.4360798066892431e-08  -1.7324394234357567e-05  -1.5045878936095219e-06
1.1840000000002399e+02  -2.3522403438517827e-04  1.4740843540320485e-05  1.5746115111057874e-05  1.1180309222877755e-06  1.9658527124322383e-04  -8.2244975326847589e-08  -1.1970564962333761e-05  -1.3946734633265244e-06  -2.3676198199904766e-04  -1.4729002864821349e-05  -1.6426361394781663e-05  1.5730276726293887e-06  1.5600353764667997e-06  2.7706757888806950e-07  1.3758608906063587e-05  -2.4387794874840596e-08  -1.5678364171572461e-06  -2.3924996529006411e-07  -1.6900319604823791e-05  -1.6145558780330421e-06
1.1920000000002400e+02  -2.3706587235119454e-04  1.5741746776765897e-05  1.6711527068450431e-05  1.2564375887513618e-06  1.9831196438529157e-04  2.0841167631024423e-07  -1.2811380249168439e-05  -1.6085259844575788e-06  -2.3888298000497625e-04  -1.5536487611560824e-05  -1.5974095497870059e-05  1.7037698115911188e-06  1.6752133163661974e-06  3.3247003792817356e-07  1.3434699085262756e-05  2.0421382124287345e-08  -1.5284694787240407e-06  -3.0376272820555389e-07  -1.6513177057617265e-05  -1.7072383338221630e-06
1.2000000000002400e+02  -2.4089387854058750e-04  1.6620827735757323e-05  1.7777874898570803e-05  1.1353263567642866e-06  2.0155643573769691e-04  7.4215988717625918e-08  -1.3708413378940993e-05  -1.4446001583663439e-06  -2.4245715710753885e-04  -1.6532994060041628e-05  -1.7011929366536257e-05  1.7436307985418445e-06  1.7796850892266454e-06  -8.9310713745391683e-08  1.3897834759951178e-05  3.3475494396248278e-08  -1.5802853067480430e-06  9.3587676982476791e-08  -1.6821027435117810e-05  -1.6959000513020757e-06
1.2080000000002499e+02  -2.4510886056330840e-04  1.5496538087852404e-05  1.6907140571028578e-05  8.0148603195797278e-07  2.0479580944549172e-04  -5.3998626257375444e-07  -1.2768114650575475e-05  -9.9819910350617234e-07  -2.4593448349147359e-04  -1.5863331424641024e-05  -1.8515990630821851e-05  1.5590451891074213e-06  1.6416750044950586e-06  -3.2034011643824555e-07  1.4871927869367080e-05  -1.7873598928766706e-08  -1.5543322799486282e-06  3.5203170414631837e-07  -1.7904688047349517e-05  -1.5385434594623328e-06
1.2160000000002501e+02  -2.4720364245320878e-04  1.3964046777993009e-05  1.5308669308765756e-05  6.9982847797405689e-07  2.0635846462824022e-04  -5.1092536846922593e-07  -1.1173473994751052e-05  -9.2673182298396808e-07  -2.4785764155223656e-04  -1.4302826122103136e-05  -1.8966541578246521e-05  1.2985062733245349e-06  1.3432999816999293e-06  7.8562957084947005e-08  1.5570326686081424e-05  -5.4867312531173757e-08  -1.3655744124962334e-06  -3.1025622017542457e-09  -1.8987728590204837e-05  -1.3399122020102742e-06
1.2240000000002600e+02  -2.4826633914675747e-04  1.5752861072789820e-05  1.6721285780620229e-05  1.0721492703565167e-06  2.0754214578258659e-04  5.6361661805735083e-07  -1.2508719996436491e-05  -1.4323967891337767e-06  -2.4980879918873859e-04  -1.5268958598429567e-05  -1.8106919038123235e-05  1.3001440778007231e-06  1.3275661268112519e-06  4.8177164042418121e-07  1.5306240172274015e-05  -3.0463908070601372e-08  -1.3027564756674402e-06  -4.3864624739708546e-07  -1.8871443516865723e-05  -1.3562264563517809e-06
1.2320000000002599e+02  -2.5132630972097138e-04  1.9903198762513673e-05  2.0813357605771633e-05  1.3813514394957618e-06  2.1041929953534926e-04  9.9376427232413231e-07  -1.6474222087264383e-05  -1.7643011518815532e-06  -2.5345421180338187e-04  -1.9071058492839547e-05  -1.7197630575338789e-05  1.6792204377818005e-06  1.7699645759189466e-06  2.6497294673952791e-07  1.4444294256293576e-05  2.5302077663936888e-08  -1.6218837153134081e-06  -2.7217553820484561e-07  -1.7716693687000512e-05  -1.6910193011776412e-06
1.2400000000002700e+02  -2.5617626380394781e-04  2.0600629345191926e-05  2.2072958355744943e-05  1.0744799420401472e-06  2.1431584878501433e-04  -3.5246774487853273e-07  -1.7693585025166164e-05  -1.4028914891875124e-06  -2.5750142664452449e-04  -2.0798316573719309e-05  -1.7770002248259502e-05  2.1462349902080084e-06  2.2458873808822745e-06  -1.5533000998723949e-07  1.4462505941625636e-05  5.1584571319401368e-08  -2.0670636633484546e-06  1.7981322746451896e-07  -1.7541756456166136e-05  -2.0973983292847291e-06
1.2480000000002700e+02  -2.5968050843398413e-04  1.6371323397795789e-05  1.8272733165355213e-05  6.1644604655819862e-07  2.1699590323756774e-04  -1.4644479556484295e-06  -1.3836495266517258e-05  -9.4166833546442291e-07  -2.6013592144351924e-04  -1.7458274349275683e-05  -1.9571052285860987e-05  2.1655123523310080e-06  2.1562859147798788e-06  -1.7304385744479257e-07  1.5793109444860736e-05  -2.2092513903026449e-08  -2.0598783078339939e-06  2.4390811512525262e-07  -1.9139218115281788e-05  -2.1319467994504321e-06
1.2560000000002699e+02  -2.6086454701709452e-04  1.3437513523987956e-05  1.4929628553474560e-05  7.9293798175858967e-07  2.1812651036862569e-04  -2.4035630205434600e-07  -1.0292447711550453e-05  -1.0970998700092011e-06  -2.6189820036450043e-04  -1.3595404941388194e-05  -2.0374740519822405e-05  1.5856124324185115e-06  1.5129540675023097e-06  7.1144300131797395e-08  1.6722895180102357e-05  -1.2006998461366463e-07  -1.5000090422272670e-06  -3.3253797113543356e-08  -2.0327650434286242e-05  -1.6533318552073858e-06
1.2640000000002800e+02  -2.6227071479779977e-04  1.6266629623644196e-05  1.7175978678590477e-05  1.3216132408824528e-06  2.1955310804704740e-04  1.4623752349123645e-06  -1.2408638973084493e-05  -1.5791965320450958e-06  -2.6430033077487372e-04  -1.5069875351668938e-05  -1.9264595682835927e-05  1.2502765487154993e-06  1.2687907776756849e-06  2.2796830877425974e-07  1.6171540682499412e-05  1.1830166012334058e-09  -1.2211946775216740e-06  -2.5046756100077804e-07  -1.9676349862516697e-05  -1.3019071176675800e-06
1.2720000000002800e+02  -2.6596559388097695e-04  2.0638776702448452e-05  2.1815321310017499e-05  1.3081599051722303e-06  2.2261244955502435e-04  7.1407525620953424e-07  -1.7135944631573597e-05  -1.6286126632908904e-06  -2.6769983276800222e-04  -1.9993029960692537e-05  -1.8524929759464739e-05  1.9238566557836858e-06  2.0551441887898623e-06  2.6805353140585829e-07  1.5613121267480637e-05  2.4322485400075027e-07  -1.8856768231317787e-06  -2.9089981228952459e-07  -1.9130611127376804e-05  -1.7911511679786448e-06
1.2800000000002899e+02  -2.7069164607056157e-04  2.0628643469520685e-05  2.2517225820714058e-05  7.8605373968471643e-07  2.2640626647051646e-04  -1.1853841451501917e-06  -1.7817426167425279e-05  -1.2020055355794560e-06  -2.7142300059152110e-04  -2.1487717519078793e-05  -1.9924865991782571e-05  2.4546106183794999e-06  2.5864363795412569e-06  1.5835567897660950e-07  1.6347683446513950e-05  5.2694813745796065e-08  -2.4205572028375916e-06  -1.2298084566738859e-07  -2.0179365866949568e-05  -2.3654218649612151e-06
1.2880000000002801e+02  -2.7382058294671285e-04  1.7551755190885370e-05  1.9476853764378979e-05  6.2640295231803987e-07  2.2901956583022090e-04  -9.5325715634493750e-07  -1.4457551913056788e-05  -9.9601186667917889e-07  -2.7452690044024405e-04  -1.8263031109497446e-05  -2.1400586162760218e-05  1.2220700465274073e-06  1.3111760164988330e-06  -1.1711861366126146e-07  1.7220881600121492e-05  -5.0243555092601141e-07  -1.3106904517768158e-06  1.9550846198536487e-07  -2.0974046974134014e-05  -1.5224066259826900e-06
1.2960000000002699e+02  -2.7494486219548032e-04  1.6834264110076140e-05  1.8240830212772920e-05  1.0534726594262644e-06  2.3011313528663248e-04  7.8761605924190859e-07  -1.3007334448497237e-05  -1.3389936733081807e-06  -2.7652875334613147e-04  -1.6167702591860128e-05  -2.0565973317093173e-05  -2.0894551517123857e-07  -1.6633754214143843e-07  -1.9931800761484185e-07  1.6860526737376818e-05  -3.7111717475957084e-07  1.4956911484522771e-07  2.4577210482682017e-07  -2.0113775478181082e-05  -1.1387498382057870e-07
1.3040000000002601e+02  -2.7648009498420172e-04  1.9392406052005665e-05  2.0726852330972217e-05  1.3265119574185520e-06  2.3154740913993192e-04  9.5013678225609833e-07  -1.5631537230762833e-05  -1.6534831181438468e-06  -2.7835441548127712e-04  -1.8566812995640242e-05  -1.9042283019581497e-05  1.4379610864205863e-06  1.3400053308320582e-06  1.5638932934505024e-07  1.6059442876418799e-05  6.3515487049995088e-07  -1.1326988513783395e-06  -1.7514570599027391e-07  -1.9470144355523057e-05  -1.0736518935372458e-06
1.3120000000002599e+02  -2.8033615217111231e-04  2.1360183063779104e-05  2.3145610209137867e-05  1.0403930149439967e-06  2.3478478360341955e-04  -3.8161357480114926e-07  -1.8117185720967864e-05  -1.4415738620240432e-06  -2.8156550186247991e-04  -2.1586487791563523e-05  -1.9731605521368955e-05  4.9805681947138004e-06  4.8215479217130510e-06  4.3306679680921205e-07  1.6402702496419769e-05  8.8375361876658229e-07  -4.5516947666144748e-06  -4.7968304768204761e-07  -2.0582885923178632e-05  -4.2978929697777509e-06
1.3200000000002501e+02  -2.8499602625105670e-04  2.0671583881833500e-05  2.2666583380076319e-05  7.4895380349410923e-07  2.3859109168500743e-04  -7.1798475654902719e-07  -1.7340509122075221e-05  -1.1345204283486547e-06  -2.8582540398308252e-04  -2.1185422277107888e-05  -2.1908196102002984e-05  5.0812798820094339e-06  5.2276341489821639e-06  9.7386278331401454e-08  1.7797553654629934e-05  -4.4669518874012999e-07  -5.2135248358872422e-06  -1.5101418545078187e-07  -2.1916241836681016e-05  -5.2781166283893600e-06
1.3280000000002400e+02  -2.8783822219822142e-04  1.9338311304151291e-05  2.1131306089418566e-05  8.9692872923031437e-07  2.4096335027021687e-04  1.4907837260543954e-07  -1.5524271149194686e-05  -1.2382555718938963e-06  -2.8905912380589906e-04  -1.9165712566292420e-05  -2.2502694554340066e-05  7.4056532085792519e-07  1.1870738308008182e-06  -3.3224849490099277e-07  1.8489511777363962e-05  -1.3446259263311781e-06  -1.2816554278220816e-06  2.9396579315369060e-07  -2.1807078749730437e-05  -1.7241653243383159e-06
1.3360000000002299e+02  -2.8931771789448955e-04  1.9538972067444403e-05  2.1223141418551481e-05  1.1175802528032549e-06  2.4232009129844382e-04  4.9437537765396007e-07  -1.5647273570258252e-05  -1.4644379136981886e-06  -2.9088548555875608e-04  -1.9077455252037847e-05  -2.0977385979134501e-05  -2.1108632239736369e-06  -1.9694030399416078e-06  -7.7062559838626034e-08  1.7534504552029526e-05  -7.7629104927421052e-08  2.1338688808807506e-06  1.2490858592693526e-07  -2.0970147872473659e-05  1.9262031723116005e-06
1.3440000000002300e+02  -2.9172235681237978e-04  2.0799188036565687e-05  2.2663016013538731e-05  1.0734762934043060e-06  2.4441421288986772e-04  4.0958970797984380e-08  -1.7125189807692468e-05  -1.4508043639095986e-06  -2.9312663126477147e-04  -2.0699106649038409e-05  -1.9950635113571913e-05  5.2453036293346518e-07  1.5750357802530070e-07  4.4968965812935715e-07  1.6492414918992086e-05  1.4140421881394513e-06  1.4442881505140206e-07  -3.4348963737259653e-07  -2.0807728660001195e-05  4.8220317570852421e-07
1.3520000000002199e+02  -2.9507705756787368e-04  2.1509360529087823e-05  2.3553303407645223e-05  1.0038061434793719e-06  2.4727318451681746e-04  -1.9396316214040022e-07  -1.7824669517337076e-05  -1.3969923823306631e-06  -2.9639469450253324e-04  -2.1605527602700319e-05  -2.1199091108366424e-05  4.5464153332399185e-06  4.3160420495236817e-06  3.1708151096333830e-07  1.7301428197229277e-05  5.6218316956327577e-07  -4.2663005362500792e-06  -3.0991308296406914e-07  -2.1586849786312210e-05  -4.0341879888415292e-06
1.3600000000002100e+02  -2.9802912308068269e-04  2.1339796945844976e-05  2.3372040680976727e-05  1.0177050508482560e-06  2.4982500701569311e-04  9.3646764678963885e-09  -1.7458521342270754e-05  -1.4162173178839231e-06  -2.9945591861247603e-04  -2.1266270344005770e-05  -2.3244168718287574e-05  4.2720171892275134e-06  4.5892900395246804e-06  -2.4924003598145262e-07  1.9104204079414038e-05  -1.1877454068047582e-06  -4.6828631263159085e-06  1.3710830345127750e-07  -2.2683435740123081e-05  -5.1144706081018667e-06
1.3680000000002099e+02  -3.0105145460428151e-04  2.1395533353755591e-05  2.3379962494207064e-05  8.7193012466769540e-07  2.5225828834428887e-04  1.4285514625930671e-07  -1.7416632993285023e-05  -1.2747120212170295e-06  -3.0217419694068408e-04  -2.1207799760385652e-05  -2.3555535030234439e-05  8.9406096114198950e-07  1.2862576377945307e-06  -2.8039230436935182e-07  1.9460283842050172e-05  -8.4664114300510605e-07  -1.1121189531997180e-06  2.1835575578217710e-07  -2.3166477007315888e-05  -1.5920564672701490e-06
1.3760000000002000e+02  -3.0464855592055614e-04  2.2303459073325103e-05  2.4395601337593922e-05  7.7304539699242359e-07  2.5511477214965159e-04  7.0416146172327702e-08  -1.8324791085225141e-05  -1.1674485475844062e-06  -3.0549782050108868e-04  -2.2186085371945425e-05  -2.2017583616520165e-05  -1.6059243022236786e-07  -1.8818594290959839e-07  2.3525833575760805e-07  1.8163138720404554e-05  8.0067187139445980e-07  5.2496983744476833e-07  -1.8141159157349280e-07  -2.2536409679118990e-05  7.3536408513148613e-07
1.3840000000001899e+02  -3.0697309334695163e-04  2.2952907879959030e-05  2.5197775023350180e-05  1.1334994784999377e-06  2.5739263738401986e-04  2.1075213486588321e-08  -1.8947838643674545e-05  -1.5261169152745168e-06  -3.0856620479299287e-04  -2.2879616201376819e-05  -2.1148201771535977e-05  2.2812664094761728e-06  2.0473773821671420e-06  4.1604081381333125e-07  1.7490228250872959e-05  8.6180805810471885e-07  -1.9852404043818337e-06  -3.6575887721433646e-07  -2.1791272222771894e-05  -1.5811273105980916e-06
1.3920000000001801e+02  -3.0772567022868420e-04  2.2407575650146251e-05  2.4649898744528968e-05  1.4009727245086767e-06  2.5848636675752479e-04  7.1648092730985884e-08  -1.8331304752481589e-05  -1.8452368924696291e-06  -3.0997867488088190e-04  -2.2282099494353109e-05  -2.2591428456225114e-05  4.1908666269864612e-06  4.1982791152009914e-06  4.1965054505956658e-08  1.8718310455997623e-05  -4.4390471653647918e-07  -4.3141898936619958e-06  -7.4099745342701229e-08  -2.2528976137095181e-05  -4.5132270419641247e-06
1.4000000000001799e+02  -3.1022193987879790e-04  2.2011458706649253e-05  2.4216884330876146e-05  8.8631557256343662e-07  2.6025163418607960e-04  8.8394581359264373e-08  -1.7871191709256101e-05  -1.3789354916724482e-06  -3.1146640254883529e-04  -2.1876932829869889e-05  -2.4602895784339178e-05  3.0686613443026643e-06  3.3256325983944284e-06  -2.0479129192647222e-07  2.0272579519917702e-05  -7.2424856832495729e-07  -3.1713860813153890e-06  1.4518560625927063e-07  -2.4263153717642295e-05  -3.6567740290211131e-06
1.4080000000001701e+02  -3.1495551228977680e-04  2.3050262896061286e-05  2.5377755213161387e-05  4.2972462073026632e-07  2.6367243791685816e-04  2.3068880797284606e-08  -1.8853091068870819e-05  -8.7202389683996165e-07  -3.1518367763331623e-04  -2.2969260989469297e-05  -2.4744776960367306e-05  1.1563431982071458e-06  1.3302273314942320e-06  -4.5656784801206275e-09  2.0276275788696751e-05  1.4171636421978951e-07  -9.8177727426805713e-07  -1.1556549181419880e-08  -2.4832909646013955e-05  -1.0488156657187062e-06
1.4160000000001600e+02  -3.1767909752048308e-04  2.4072412105428544e-05  2.6516577083276498e-05  9.7112067926677393e-07  2.6638530608307697e-04  2.8795898741108714e-08  -1.9763662095276791e-05  -1.3662612656813808e-06  -3.1897891726979591e-04  -2.3960005651676397e-05  -2.3677522441571840e-05  1.1903001616061180e-06  1.1390672660774081e-06  2.1403722348241503e-07  1.9453586005877800e-05  4.5516938754769777e-07  -1.0284226658269016e-06  -1.8936322519026345e-07  -2.4030493928586981e-05  -8.1506478909733870e-07
1.4240000000001501e+02  -3.1806128766822465e-04  2.3759526254123148e-05  2.6168994405409467e-05  1.4605904285442911e-06  2.6737720616208834e-04  1.2983014715618080e-07  -1.9357945059601171e-05  -1.9332389355405839e-06  -3.2044404947720854e-04  -2.3576919310929105e-05  -2.3570657686352529e-05  2.4745372074640599e-06  2.4012356504744298e-06  1.6793838018405156e-07  1.9533179286152389e-05  -1.8603568818749928e-08  -2.4965534799820160e-06  -1.5896664841309184e-07  -2.3768924744754784e-05  -2.5036661326451882e-06
1.4320000000001500e+02  -3.2115821434257910e-04  2.3881102393173795e-05  2.6352448487289252e-05  8.4207891912771079e-07  2.6960042059035925e-04  1.0394412005470026e-07  -1.9549019676452008e-05  -1.3678440137868116e-06  -3.2233170392190549e-04  -2.3779455347363446e-05  -2.4395554827196352e-05  2.8650419035319398e-06  2.9569284923316202e-06  8.0348383827022322e-08  2.0276371499865281e-05  -2.4816967131653733e-07  -2.8635385629885900e-06  -1.1569394233213627e-07  -2.4533367264277709e-05  -3.0795512846036499e-06
1.4400000000001401e+02  -3.2668761037987212e-04  2.5677337304002832e-05  2.8377970938185473e-05  4.3233601525610884e-07  2.7377155007563323e-04  2.3400218432094384e-08  -2.1391519782648413e-05  -9.1147741469092911e-07  -3.2699530440327744e-04  -2.5628197644861194e-05  -2.4915652790899784e-05  2.2518080894043297e-06  2.4203632481422370e-06  6.2779936950672302e-08  2.0584978604725973e-05  -3.1887477580947112e-08  -2.0918783499766141e-06  -1.0492994164586064e-07  -2.5084946777460419e-05  -2.2484302328178615e-06
1.4480000000001300e+02  -3.2809514781666612e-04  2.6263908579877830e-05  2.8984399932919402e-05  1.2821349558104223e-06  2.7564359126232350e-04  1.7393979604882222e-07  -2.1740402185372671e-05  -1.8242910904031768e-06  -3.3018051966469356e-04  -2.5998916086793853e-05  -2.5469666687202019e-05  2.1193977384802745e-06  2.1929211637316095e-06  -6.2236879379903979e-08  2.0825274780070623e-05  8.8427889977744369e-08  -1.9761828574364750e-06  4.6689929362455096e-08  -2.5340591573867527e-05  -2.0173492978844182e-06
1.4560000000001301e+02  -3.2610841943692636e-04  2.3498868185993567e-05  2.6019621779489816e-05  1.5699349394156236e-06  2.7443971928391099e-04  1.8262733396940263e-07  -1.8745905602716566e-05  -2.2122880416759443e-06  -3.2889019903905372e-04  -2.3215433763123931e-05  -2.6403955355864522e-05  2.8049762839645807e-06  2.7852354339912201e-06  -1.1894479037494429e-07  2.1524898271184817e-05  -5.5188048072523444e-09  -2.8300682226980978e-06  1.0822425048100030e-07  -2.6115327245719150e-05  -2.8294195991053379e-06
1.4640000000001200e+02  -3.2959226263155921e-04  2.1672224441722588e-05  2.4282748957477683e-05  2.9566414044531521e-07  2.7637133232225996e-04  -2.6757381557738676e-07  -1.7042605623033701e-05  -7.5145067372732308e-07  -3.2965767364161533e-04  -2.1859563625313598e-05  -2.6138459253230557e-05  2.9929837675638034e-06  3.0165328986693631e-06  2.2475955361556370e-07  2.1671010422696319e-05  -4.6343929390290549e-08  -3.0257160657828607e-06  -2.5877115718063538e-07  -2.6553903220654978e-05  -3.0689703028080824e-06
1.4720000000001099e+02  -3.3786334636642544e-04  2.5412672818127611e-05  2.8374164989450999e-05  8.5524531881167964e-08  2.8296177854169398e-04  -1.8824002665853539e-07  -2.0886858724022137e-05  -3.4336155873658203e-07  -3.3725927901337503e-04  -2.5591792455034250e-05  -2.4570018185015333e-05  2.1404613461072541e-06  2.2718910206323743e-06  4.5695001104303156e-07  2.0769409866323610e-05  1.1224759629122931e-08  -1.9918835502441464e-06  -5.1242605325352047e-07  -2.5516393941242262e-05  -2.1380490694597472e-06
1.4800000000001000e+02  -3.3965672626634522e-04  3.0505904614798407e-05  3.3511020272364474e-05  1.8582233221018912e-06  2.8605717563802652e-04  7.5253298428330161e-07  -2.5728514302949575e-05  -2.4455139900674525e-06  -3.4290080848082389e-04  -2.9843153799366636e-05  -2.4761588675440637e-05  1.6768390581290139e-06  1.8184466482635416e-06  -3.1155895261366674e-08  2.0487679913984694e-05  6.8995162298488821e-09  -1.4909908696442236e-06  -2.2449493711259634e-08  -2.4744211733100036e-05  -1.6421215356379753e-06
1.4880000000000999e+02  -3.3575349946331429e-04  2.9937648858573830e-05  3.2798273663090365e-05  1.9870557730050225e-06  2.8334351359761488e-04  6.5407800863057121e-07  -2.5023326653008185e-05  -3.0320762262169964e-06  -3.3980023759007047e-04  -2.9261257385518206e-05  -2.7079199776568707e-05  2.4469200689625426e-06  2.4826711041637300e-06  -4.4150459559604901e-07  2.1693127041682977e-05  -5.5279582172770722e-08  -2.4348742143801044e-06  4.1347880489508028e-07  -2.6137962257433474e-05  -2.4539588992364008e-06
1.4960000000000900e+02  -3.3922950743251314e-04  2.5713550811750370e-05  2.8750128083460268e-05  -2.7124173947796708e-07  2.8438665997357690e-04  -8.3167713546940933e-07  -2.1009443866216407e-05  -5.3675839249922972e-07  -3.3852509731017863e-04  -2.6268959192039469e-05  -2.7426127212475100e-05  2.9995305581421630e-06  2.9681965856737432e-06  6.7046511864225365e-08  2.2405360938743469e-05  -2.6145465179148603e-08  -3.0362347642960797e-06  -9.7007644355021574e-08  -2.7483098487016093e-05  -3.0157860985569756e-06
1.5040000000000799e+02  -3.4820797514553594e-04  2.4288458306084376e-05  2.7455434713821025e-05  -3.1891364271755779e-07  2.9138929122658091e-04  -7.8135765372302612e-07  -1.9484009253838179e-05  1.1511319509160712e-07  -3.4670299253497001e-04  -2.4904182389426605e-05  -2.5513545918075161e-05  2.4513943550609456e-06  2.4877134152118226e-06  4.7673166025677861e-07  2.1615997177149056e-05  3.6574814138821290e-08  -2.3345602193044671e-06  -5.4897241479787353e-07  -2.6540407512683009e-05  -2.4599510608907620e-06
1.5120000000000701e+02  -3.4838589422412844e-04  2.5692165146273949e-05  2.8594865220950784e-05  2.2666194346349601e-06  2.9372548534632162e-04  1.1162630149173842e-06  -2.0400012664348473e-05  -2.5396985531453709e-06  -3.5218482916367751e-04  -2.4786272065556522e-05  -2.6369098608469474e-05  2.4875024151470168e-06  2.6282287059046307e-06  -1.0397316927252007e-07  2.1828267517122802e-05  -3.6693764048076976e-08  -2.3190397240353753e-06  4.7348117823441156e-08  -2.6249078517107332e-05  -2.5487139043834826e-06
1.5200000000000699e+02  -3.4336963913285081e-04  2.7094157618500715e-05  3.0109342636167681e-05  2.2293118743604469e-06  2.9012480775746183e-04  1.0818713898179256e-06  -2.1878640723515744e-05  -3.1448471474615719e-06  -3.4785817773204429e-04  -2.6131431927506749e-05  -2.9573645530540185e-05  3.8706095581874670e-06  3.9983596605267142e-06  -3.6222589292135840e-07  2.3872297073820809e-05  -5.5176401575069206e-08  -3.7974955444706026e-06  3.4852730626998649e-07  -2.8775542667868509e-05  -3.9023268334037172e-06
1.5280000000000601e+02  -3.4792535955759806e-04  2.9077682574800687e-05  3.2716015983369728e-05  -4.3452838379763226e-07  2.9189253308173010e-04  -9.9981127094072639e-07  -2.4409907341578827e-05  -6.3016436737026556e-07  -3.4713698717655031e-04  -2.9765768509487653e-05  -2.8513258502411445e-05  3.8497307101823827e-06  3.8739908193848244e-06  4.8730656908047214e-07  2.3799385994327142e-05  1.5016356844295317e-07  -3.7921628962583526e-06  -5.9911661154449641e-07  -2.9464272268737447e-05  -3.6900084762966026e-06
1.5360000000000500e+02  -3.5728176112669274e-04  3.0916459255195674e-05  3.4492614278515133e-05  -3.9305444516090695e-07  2.9939173750983460e-04  -9.0115717030612936e-07  -2.6003485443531159e-05  -2.1200042652817026e-07  -3.5599941002898718e-04  -3.1583008876727287e-05  -2.4406783092426194e-05  8.9377277062728584e-07  9.3129453364718595e-07  5.9845408699230202e-07  2.0747082569995752e-05  6.8442597969427825e-08  -8.2335143335329314e-07  -7.8933333037757446e-07  -2.5761162018881580e-05  -8.0841134510895695e-07
1.5440000000000501e+02  -3.5771277270967244e-04  2.9738825004602905e-05  3.2670506025517492e-05  1.9404714220897645e-06  3.0167842303515302e-04  1.1200176952488894e-06  -2.4044577586111347e-05  -2.3915461212044634e-06  -3.6103488935318673e-04  -2.8802825033952499e-05  -2.6197983338254207e-05  -7.9547099960444111e-07  -6.2844644786612530e-07  -6.9090269690882354e-07  2.0932919797222148e-05  -4.2588830137306676e-07  7.9327473645734648e-07  7.3010337566978873e-07  -2.4809138383354118e-05  4.4023598249861453e-07
1.5520000000000400e+02  -3.5400910208924382e-04  2.7601067162849804e-05  3.0755497903196103e-05  1.8418024593389254e-06  2.9882968674307741e-04  9.1918997612336323e-07  -2.2036310767131582e-05  -2.6473739752365937e-06  -3.5757294241580345e-04  -2.6795086810800719e-05  -3.2295873303092190e-05  2.7186399801642747e-06  2.8245035750106465e-06  -7.4578498078017024e-07  2.5770723160586632e-05  -2.3148202330322587e-07  -2.6433012148536975e-06  9.8129069503263920e-07  -3.0530742974120223e-05  -2.9634300704830031e-06
1.5600000000000301e+02  -3.5698003408120033e-04  2.8575769613456192e-05  3.2506581656005103e-05  6.1655269615396569e-08  2.9990516320240216e-04  -8.4902641954695634e-07  -2.3672860247834772e-05  -1.0371183968385194e-06  -3.5709449941517498e-04  -2.9177883072736316e-05  -3.1454157728063006e-05  7.2317224246024384e-06  7.1160107200043089e-06  1.0265310873331908e-06  2.6852960149546952e-05  7.2059666772534609e-07  -6.9276880726001335e-06  -1.1281358600304939e-06  -3.3506474616155900e-05  -6.6796771585323298e-06
1.5680000000000200e+02  -3.6241568796556396e-04  3.0606529527397026e-05  3.4450367609038124e-05  2.2535102095026952e-07  3.0451780615790820e-04  -6.4523667909895637e-07  -2.5512176200439624e-05  -1.0051825013162161e-06  -3.6262751053751192e-04  -3.1056862861711053e-05  -2.5546044846034854e-05  6.2661808272829618e-06  6.2665074064914748e-06  1.0771730804694903e-06  2.2220946562403543e-05  4.8549123054978198e-07  -6.0963711453785488e-06  -1.5947961144310168e-06  -2.8156476888601165e-05  -5.8122368249687827e-06
1.5760000000000201e+02  -3.6331720661739365e-04  3.0251507291577495e-05  3.3568705400557249e-05  1.3923247669290999e-06  3.0638689396473787e-04  6.5982886989824099e-07  -2.4520643143027430e-05  -2.0892018068427548e-06  -3.6581516164664103e-04  -2.9655328189308815e-05  -2.7395717385199721e-05  1.7049609952053185e-06  2.0767386985336413e-06  -1.1045866065157360e-06  2.1685573323541535e-05  -9.8129410127185281e-07  -1.9532099150707949e-06  8.5332574605450186e-07  -2.5400749966811195e-05  -2.4249964607132004e-06
1.5840000000000100e+02  -3.6323280949802634e-04  2.9622202943762946e-05  3.3087988874770091e-05  1.1485967707610695e-06  3.0626864357654552e-04  5.0909100438322979e-07  -2.3890151595894600e-05  -1.9988039265311391e-06  -3.6539428149528791e-04  -2.9140463376635252e-05  -3.4179835343507961e-05  -2.3792369071158628e-07  -1.5821528304545696e-08  -1.1248908651647431e-06  2.6927290131014440e-05  -7.9972106982619194e-07  1.5207487626764178e-07  1.4500354716628724e-06  -3.1526330187824744e-05  -4.3813566627657265e-07
1.5919999999999999e+02  -3.6590800524424874e-04  3.0917993281568265e-05  3.4809666383113456e-05  4.1480953300281595e-07  3.0786996132898864e-04  -2.4927352246895532e-07  -2.5486809459876372e-05  -1.3675828656063064e-06  -3.6668173499320139e-04  -3.1049420940399325e-05  -3.2108123768261263e-05  9.8625319340629896e-07  6.7656835345935177e-07  1.3415888318316799e-06  2.7340089641957803e-05  1.0545137044388560e-06  -4.5602955212719217e-07  -1.0669672590795051e-06  -3.4465058585760202e-05  -2.1392609259397764e-07
1.5999999999999901e+02  -3.6858710344594563e-04  3.1932407628138829e-05  3.5844926482055345e-05  5.9251615044918853e-07  3.1027995401791187e-04  -1.4729322462365558e-07  -2.6444612910016068e-05  -1.5311953604751778e-06  -3.6971825613983189e-04  -3.1992398343480198e-05  -2.5400693087649970e-05  2.6631656089491910e-06  2.5355105636605290e-06  1.3351206868136171e-06  2.2212488502177874e-05  9.2497886693592379e-07  -2.2990278559280744e-06  -1.6186988528479597e-06  -2.8364831255050370e-05  -1.9175473012342976e-06
1.6079999999999899e+02  -3.6965599914910848e-04  3.1406923684792807e-05  3.5221315788098572e-05  9.7148191807241685e-07  3.1164781064341152e-04  1.1909108174268918e-07  -2.5709519070444431e-05  -1.9111027824577404e-06  -3.7155135541724741e-04  -3.1242015341056140e-05  -2.8241372239040908e-05  4.4709739892773267e-06  5.0243680843268552e-06  -1.1945755938934572e-06  2.2547723240659361e-05  -1.0911784007464084e-06  -4.8872142532077699e-06  7.5569734627534641e-07  -2.6245577461708341e-05  -5.2927788539442704e-06
1.6159999999999800e+02  -3.7098815459288531e-04  3.1264191161452855e-05  3.5163897347881469e-05  8.4500258265213385e-07  3.1273828974266358e-04  -2.5039886530882163e-08  -2.5507633191305024e-05  -1.8071181179297139e-06  -3.7262595522523313e-04  -3.1194145567619387e-05  -3.5626653548034776e-05  5.4914833141536180e-06  5.8478155377269161e-06  -1.2205053212021183e-06  2.8275570495506246e-05  -9.3416225966637679e-07  -5.7481859384032248e-06  1.1657175024863109e-06  -3.3119266285443043e-05  -6.2257812512085137e-06
1.6239999999999699e+02  -3.7299283665268544e-04  3.2195894339666844e-05  3.6177207397188564e-05  6.4595173102202091e-07  3.1425641197603462e-04  -4.1895761025845252e-08  -2.6432940289685720e-05  -1.6221532761355683e-06  -3.7425363959010349e-04  -3.2156470094294839e-05  -3.4235032181618908e-05  3.8112766683982612e-06  3.4057755542698153e-06  1.0191849510309775e-06  2.8856625060116380e-05  1.0289276074609294e-06  -3.1824094671190682e-06  -8.6670694187291963e-07  -3.6045869249897733e-05  -3.0025246130782162e-06
1.6319999999999700e+02  -3.7447605189998355e-04  3.2815809542041614e-05  3.6784525209876829e-05  6.7241728329693568e-07  3.1563661702275537e-04  1.3649378267928737e-07  -2.6975572164328251e-05  -1.7108636843793649e-06  -3.7587311496275420e-04  -3.2661836883135543e-05  -2.8755713245074864e-05  1.6775766098906767e-06  1.4584725950974218e-06  1.0421855287763112e-06  2.4573758496457994e-05  8.0947441999951147e-07  -1.1598771538008537e-06  -1.1162043647678209e-06  -3.0899095946462821e-05  -1.0365723462338984e-06
1.6399999999999599e+02  -3.7562034804403702e-04  3.2725866199006520e-05  3.6764985882868008e-05  7.0336003578165120e-07  3.1672902037906906e-04  1.1313264434897722e-07  -2.6797453822070372e-05  -1.8208692572459051e-06  -3.7712572180160483e-04  -3.2570534513164153e-05  -2.9874531611853211e-05  2.4278268396320572e-06  2.9440453787643026e-06  -6.4970983949389063e-07  2.4176028256455417e-05  -9.2302271641558858e-07  -2.7734752889453997e-06  3.9871553974872813e-07  -2.8786813567534981e-05  -3.1713361354684274e-06
1.6479999999999501e+02  -3.7730428820119399e-04  3.2860714154660674e-05  3.7095020312105022e-05  6.6908373769961010e-07  3.1806499736561431e-04  -6.4036002317032665e-08  -2.6944097733072440e-05  -1.7595886548011947e-06  -3.7869937322129661e-04  -3.2813858080407082e-05  -3.3701056778807745e-05  3.9841273374392883e-06  4.3689846267926788e-06  -5.8446280654523706e-07  2.7272189991406524e-05  -7.1687993372786263e-07  -4.2966402928728561e-06  4.5289258712920004e-07  -3.2591953597552668e-05  -4.5540302609825684e-06
1.6559999999999400e+02  -3.7908954741838069e-04  3.3462163401212021e-05  3.7754333371755173e-05  7.0004852905870980e-07  3.1962580657742717e-04  -1.6374035323647145e-07  -2.7567028252269246e-05  -1.7475192080970590e-06  -3.8054973306214510e-04  -3.3499806372500754e-05  -3.3183665091350365e-05  3.3749793716959245e-06  3.1889935841682062e-06  5.3429084626355446e-07  2.7740297818480437e-05  6.0541707495525798e-07  -2.9967968423261721e-06  -5.4213983994683350e-07  -3.4197215655447362e-05  -2.8748213587935964e-06
1.6639999999999401e+02  -3.8006267811665595e-04  3.3768955739386767e-05  3.7894492845719666e-05  7.0782697569196360e-07  3.2066938306924049e-04  -7.5012820483538969e-08  -2.7712197404517505e-05  -1.8719603696310579e-06  -3.8164614152367800e-04  -3.3757903110374071e-05  -3.1543577202853621e-05  2.5969103377030422e-06  2.4917766620297790e-06  3.6624756654616081e-07  2.6312653202236724e-05  4.8385668592090061e-07  -2.1797008080879585e-06  -4.3389831383225551e-07  -3.2293605021495899e-05  -2.2121982405341091e-06
1.6719999999999300e+02  -3.8075931431146546e-04  3.3774547725894932e-05  3.7879614083946421e-05  5.5631894081023420e-07  3.2122424478671081e-04  1.7833766710906481e-07  -2.7519039239547448e-05  -1.8154201071051335e-06  -3.8207677510943109e-04  -3.3580578422698912e-05  -3.2635890983194953e-05  3.6100378185826006e-06  3.8402309070950740e-06  -3.2437947021271531e-07  2.6686176890411873e-05  -3.1313630223504083e-07  -3.5939556091755442e-06  1.5491262086938620e-07  -3.2105587298582994e-05  -3.8752421602395276e-06
1.6799999999999201e+02  -3.8232785087674299e-04  3.4356830488501415e-05  3.8760565182543495e-05  4.9180811280970070e-07  3.2240646780155131e-04  1.7775982095811471e-07  -2.8175567514898323e-05  -1.6206075562445546e-06  -3.8340155184932509e-04  -3.4166639978807414e-05  -3.3896849360693210e-05  4.2954222970554970e-06  4.4535339873776407e-06  -1.4636871237303579e-07  2.7860973224987461e-05  -2.4696394177492661e-07  -4.3140388841758395e-06  -3.5828682709651781e-08  -3.3720078792463808e-05  -4.4824541425274666e-06
1.6879999999999100e+02  -3.8415715833144457e-04  3.5104727085256106e-05  3.9733023427856261e-05  6.9947093606480846e-07  3.2413293144566580e-04  -2.7533110821896089e-07  -2.9114927222621551e-05  -1.7704559635229910e-06  -3.8562096655956967e-04  -3.5241706019484185e-05  -3.3627840467323086e-05  3.4311043171376403e-06  3.4667577424358415e-06  2.4830165182038781e-07  2.7881430023270295e-05  7.7339233409445562e-08  -3.3141716759784698e-06  -3.7563786335963195e-07  -3.4165817603871097e-05  -3.3469722393354853e-06
1.6959999999999101e+02  -3.8480593614913553e-04  3.4944746080362851e-05  3.9453680663809390e-05  7.6051959801205657e-07  3.2487198463703024e-04  -4.0186676238210910e-07  -2.8851595511134639e-05  -2.0592343627021611e-06  -3.8659789323490637e-04  -3.5148602469556973e-05  -3.3659204351927386e-05  2.9817938564232705e-06  3.1301931331297321e-06  1.1204957466958610e-07  2.7761182257452603e-05  -1.0228960501523462e-08  -2.8818380584437604e-06  -1.9892874453217909e-07  -3.3914328460768384e-05  -2.9930843721088821e-06
1.7039999999999000e+02  -3.8492577333630850e-04  3.4826865169282172e-05  3.9132439445336596e-05  4.4011534072257203e-07  3.2480423367032467e-04  2.1679802421856183e-07  -2.8404209981907345e-05  -1.8549721122105483e-06  -3.8620599805269060e-04  -3.4554491299892115e-05  -3.4414767328712763e-05  3.7146877537633666e-06  3.8748071749151646e-06  -1.0217592453950423e-07  2.8361825625690836e-05  -6.4525267982043269e-08  -3.5871431217405761e-06  -1.6979038715069385e-08  -3.4318467811718487e-05  -3.7852508722086281e-06
1.7119999999998899e+02  -3.8605893771136282e-04  3.5790882797092719e-05  4.0138708334703772e-05  3.1852093010191914e-07  3.2568838179957137e-04  5.0644707574711749e-07  -2.9238312251736193e-05  -1.5162523937172834e-06  -3.8690771441397126e-04  -3.5326894526686455e-05  -3.4661853679870323e-05  4.0589404775347501e-06  4.0840382222402009e-06  -1.9567523829840425e-08  2.8716338377433313e-05  6.8891775939350072e-08  -3.8554531941233551e-06  -1.7628098293851606e-07  -3.4750697342670415e-05  -4.0043937768148038e-06
1.7199999999998900e+02  -3.8752931219031219e-04  3.6286529360285008e-05  4.0909707859032292e-05  6.5431006416440646e-07  3.2725322380892019e-04  -1.5757838554203357e-07  -2.9888291570891531e-05  -1.7444520086607530e-06  -3.8888193363346393e-04  -3.6364883388748138e-05  -3.4657118389960680e-05  3.5881387040710451e-06  3.6390633722388596e-06  7.4198413233023902e-08  2.8585037240890220e-05  8.2367595160858148e-08  -3.4372464619953228e-06  -2.8365795383502115e-07  -3.4887980367685009e-05  -3.5041576042749983e-06
1.7279999999998799e+02  -3.8805116059358367e-04  3.5577187322315064e-05  4.0417270330489496e-05  7.4741425909811689e-07  3.2785602995160051e-04  -6.1567709520856398e-07  -2.9319488291061754e-05  -2.0758205774418531e-06  -3.8977797022624104e-04  -3.6001135320138832e-05  -3.5345804696338055e-05  3.5304713564633344e-06  3.7081638589754274e-06  2.4817835769275337e-08  2.9023232024551305e-05  -4.4864891134531278e-08  -3.4645478740547491e-06  -1.4123490205836914e-07  -3.5464003359256800e-05  -3.5625548098977277e-06
1.7359999999998701e+02  -3.8835582530832489e-04  3.5813114751793345e-05  4.0595468477945497e-05  3.3874247140562316e-07  3.2782466791350971e-04  -9.4037151365038856e-08  -2.9476521501754907e-05  -1.8168620230274679e-06  -3.8949188073843124e-04  -3.5788104944303631e-05  -3.6155453859990371e-05  3.9835971403746194e-06  4.1530457155621154e-06  2.4955598705620426e-08  2.9907390176760008e-05  -1.6464552020099728e-07  -3.9337479552479169e-06  -1.0319978781079459e-07  -3.6282198708258895e-05  -4.1253522351657330e-06
1.7439999999998599e+02  -3.8919365566930420e-04  3.7457278500731317e-05  4.2042276119769114e-05  1.7815935204096779e-07  3.2839361067547499e-04  4.6202581557799615e-07  -3.0882498776750947e-05  -1.4738316214335356e-06  -3.8990318296796493e-04  -3.6979876910647977e-05  -3.6109148983156767e-05  3.8815147425615603e-06  3.9458881372687985e-06  3.7786317459345230e-08  2.9960595696935093e-05  -1.1113403850291648e-07  -3.7618361364759562e-06  -2.5781301707955724e-07  -3.6327396532268094e-05  -3.9566589001058225e-06
1.7519999999998601e+02  -3.8976555734604711e-04  3.7921015011560617e-05  4.2476247006267698e-05  5.2602285531631273e-07  3.2923032239503722e-04  2.4700175997195978e-07  -3.1173953395459728e-05  -1.7158215522836798e-06  -3.9101585758271549e-04  -3.7642038134790102e-05  -3.5882819833671470e-05  3.5336705411916996e-06  3.5276580330623465e-06  -7.0571255891638102e-08  2.9561131774371986e-05  1.6620936407200090e-07  -3.2391157420943533e-06  -2.1421329238305857e-07  -3.5932473826933040e-05  -3.3820934983023773e-06
1.7599999999998499e+02  -3.8982473992023618e-04  3.6743861551080746e-05  4.1538544477580868e-05  6.7902396180118705e-07  3.2955418196539872e-04  -2.8079616127164672e-07  -3.0095054581454349e-05  -2.0697444485402268e-06  -3.9150639229284747e-04  -3.6905943283137134e-05  -3.6663562316534093e-05  3.9803186752285717e-06  4.0638653198986455e-06  -3.3528570391973560e-08  3.0176881012033445e-05  2.0839415159917549e-07  -3.7107200848124345e-06  -4.4097547212061766e-08  -3.6598170158384498e-05  -3.8378759590489473e-06
1.7679999999998401e+02  -3.9005715696005424e-04  3.6710910537496624e-05  4.1781289704003868e-05  3.6052860159744460e-07  3.2953676800686195e-04  -4.3085298888681587e-07  -3.0283379135094909e-05  -1.8472888589933250e-06  -3.9121870685652750e-04  -3.6984843036831198e-05  -3.7750043428554504e-05  4.4591218257834166e-06  4.7707593391698556e-06  2.1651456088506192e-07  3.1216417510315085e-05  -2.4389715783710431e-07  -4.5628352466195096e-06  -2.0672328515888045e-07  -3.8067349727141195e-05  -4.6774087653160735e-06
1.7759999999998300e+02  -3.9046172269046480e-04  3.8546244700641497e-05  4.3572155703383139e-05  1.2314918751330573e-07  3.2964453472208413e-04  -1.7775642152426978e-08  -3.2025220614860072e-05  -1.3939429762321856e-06  -3.9100655467816815e-04  -3.8476722405883888e-05  -3.7717415825742781e-05  4.0062254786074566e-06  4.3058636231042778e-06  1.5614450935385438e-07  3.1156417932885732e-05  -3.9569800715435688e-07  -4.1658302847014857e-06  -4.2343772976239721e-07  -3.8266088538674753e-05  -4.2904275827295638e-06
1.7839999999998301e+02  -3.9076224940062256e-04  3.9325780694785837e-05  4.4020037821842665e-05  2.7303451299614337e-07  3.3008350710856055e-04  5.2930614162650114e-07  -3.2398802799361653e-05  -1.4625402147994521e-06  -3.9155349643815642e-04  -3.8803606187364574e-05  -3.7240292233983027e-05  3.7842248593900051e-06  3.7433715538959496e-06  -2.2135987093644932e-07  3.0703394683317564e-05  2.0600912629304045e-07  -3.4176916408030623e-06  -1.7890150766529526e-07  -3.7251348266666333e-05  -3.5869931154887294e-06
1.7919999999998200e+02  -3.9083596668505700e-04  3.7701791996994277e-05  4.2337535780271316e-05  4.9884247009852295e-07  3.3044933255706166e-04  3.9050580172395004e-07  -3.0669739252183842e-05  -1.9212586290170443e-06  -3.9228177765813647e-04  -3.7283838034468265e-05  -3.7800128961761948e-05  4.4380765157801609e-06  4.2860630271148248e-06  -1.8034738538684078e-07  3.1259540251376072e-05  4.9629589721735761e-07  -3.8844385249991203e-06  6.7301334704895573e-08  -3.7448927250635715e-05  -4.0553746729572588e-06
1.7999999999998099e+02  -3.9029908369348171e-04  3.6705297002006954e-05  4.1785256523102558e-05  4.6512610379541257e-07  3.2999130435886663e-04  -3.9124902708609564e-07  -3.0061563892113812e-05  -1.9505799896183660e-06  -3.9171102405655383e-04  -3.6944708134418234e-05  -3.8770961981336593e-05  4.4297400363503931e-06  4.5802951418059604e-06  2.6411622691667216e-07  3.2125193766431511e-05  -1.4849527525801815e-07  -4.3651635815865424e-06  -2.1833814419226422e-07  -3.9008534097879533e-05  -4.5660160123797757e-06
1.8079999999998100e+02  -3.8984726825179645e-04  3.8834162031008424e-05  4.4223443550151089e-05  1.8341453117650398e-07  3.2939562906312832e-04  -5.6679782259811914e-07  -3.2382629243901602e-05  -1.4283520064003013e-06  -3.9047498536898891e-04  -3.9245416986186744e-05  -3.8934195371573889e-05  3.5925449820181712e-06  3.9533701872209372e-06  2.6810660687870611e-07  3.2162493855213026e-05  -5.8324463416824372e-07  -3.7732468528763622e-06  -4.8191874135819245e-07  -3.9614122146127486e-05  -4.0563894525750237e-06
1.8159999999998001e+02  -3.9078065148613779e-04  4.1536010245474618e-05  4.6636824955967001e-05  -3.5396722670076204e-09  3.3014034593825968e-04  2.3851257181650142e-07  -3.4691511036200062e-05  -1.2007675407195740e-06  -3.9104974327089392e-04  -4.1267181443197492e-05  -3.8928432008917670e-05  3.8857450740290521e-06  4.1406599485312176e-06  -1.9015198187826986e-07  3.2010629189118009e-05  -5.9265869459808630e-08  -3.7624328728900415e-06  -2.0196219943226413e-07  -3.9043273712267788e-05  -3.9278650549618091e-06
1.8239999999997900e+02  -3.9160919825142462e-04  4.1095658344692670e-05  4.5856052331095880e-05  1.9988835804513997e-07  3.3106525263080523e-04  7.0783228901034561e-07  -3.3898172801326179e-05  -1.6300077575549537e-06  -3.9253795701181424e-04  -4.0401829420571133e-05  -3.9500632343583533e-05  5.1844781439315915e-06  5.2357039738641130e-06  -2.7266737812031561e-07  3.2518932142812322e-05  4.6526133883599908e-07  -4.8832714390714529e-06  5.9359808072774068e-08  -3.9138976589369313e-05  -4.8022679127696779e-06
1.8319999999997799e+02  -3.8995621519032845e-04  3.8521577680903851e-05  4.3440988986157215e-05  4.8651609966958841e-07  3.2984647270421129e-04  2.0619891393947093e-07  -3.1503938865154078e-05  -1.9073901833846718e-06  -3.9142661884221310e-04  -3.8256730845143242e-05  -3.9941944023535832e-05  5.1660751834582785e-06  5.0943125334629028e-06  1.3217592408659302e-07  3.3115993835261202e-05  1.9817743544107849e-07  -4.9587504155081758e-06  -2.2318439576444255e-07  -4.0095226359921545e-05  -4.9989229005728824e-06
1.8399999999997800e+02  -3.8786453452038160e-04  3.7687035783313365e-05  4.2930156114973512e-05  3.1218307987110846e-07  3.2796096253030342e-04  -2.4146680854551761e-07  -3.0941113825641499e-05  -1.4917852071324887e-06  -3.8874139101177543e-04  -3.7833506668546198e-05  -3.9903360220635473e-05  3.8642262426237706e-06  3.9249602997462570e-06  2.8367625565159479e-07  3.3137717850413503e-05  -3.3850800806181155e-07  -3.6875714441059514e-06  -5.3876772568890964e-07  -4.0589591386387791e-05  -4.1381416411206141e-06
1.8479999999997699e+02  -3.8857273446075014e-04  3.9561126123638940e-05  4.4858483872928429e-05  -9.2786969191962907e-08  3.2840324853278697e-04  -6.9357460307051539e-08  -3.2752326772138280e-05  -1.0939926249855791e-06  -3.8869549958194709e-04  -3.9554977751181690e-05  -4.0062192074655751e-05  3.7821301985748222e-06  4.1658508658128909e-06  -4.7797891052854397e-08  3.3031026550082319e-05  -4.1781793480429679e-07  -3.6492413127918264e-06  -2.9858062033669580e-07  -4.0324013497014862e-05  -4.1092966339079479e-06
1.8559999999997601e+02  -3.8993444049892671e-04  4.1667536205599568e-05  4.6874890853482073e-05  -4.3397032089430280e-08  3.2969693841597967e-04  1.5167661648432957e-07  -3.4694858912600484e-05  -1.3477751208388731e-06  -3.9039681478888908e-04  -4.1443364621139403e-05  -4.0662895482828173e-05  5.2602573022129447e-06  5.6265993768727632e-06  -2.8299734021470736e-07  3.3431878190154818e-05  2.5965358648777007e-08  -5.2084622434411556e-06  9.1577801648689642e-08  -4.0283832863305741e-05  -5.2270717177657780e-06
1.8639999999997499e+02  -3.8832950839202995e-04  4.1928600890826404e-05  4.7073214766417393e-05  3.2145906181577050e-07  3.2856180438402787e-04  2.3416240046673040e-07  -3.4905486646451928e-05  -1.6861838257200866e-06  -3.8948706547626091e-04  -4.1647033406440628e-05  -4.1326686153462550e-05  5.6708660957306258e-06  5.5910250450778284e-06  -7.0030672590723320e-08  3.4158713988986912e-05  4.6310852012270448e-07  -5.4602379350892662e-06  -7.3355424803530804e-08  -4.1205010664335310e-05  -5.3165553986094489e-06
1.8719999999997501e+02  -3.8556058196760010e-04  4.0791319868747439e-05  4.5892455296680566e-05  2.8588303993452560e-07  3.2614607146814101e-04  3.7373710166223866e-07  -3.3735231619250921e-05  -1.4807028520576616e-06  -3.8647900807999946e-04  -4.0426394547817949e-05  -4.1565890822453895e-05  4.0028089003412786e-06  3.8083390703202014e-06  2.2994904006457030e-07  3.4457025902161023e-05  2.4039313174823357e-07  -3.6034145249167343e-06  -5.5102753866520318e-07  -4.2208810050241917e-05  -3.8254326349255498e-06
1.8799999999997399e+02  -3.8504773595964117e-04  4.0088797275995406e-05  4.5267901100105867e-05  -9.4265816313922030e-08  3.2554124799950927e-04  2.8360605871083056e-07  -3.3048492194241323e-05  -1.1342886479574830e-06  -3.8527951745312129e-04  -3.9795738812370644e-05  -4.1211919581414287e-05  2.9973864337301434e-06  3.2921475152549085e-06  1.6128007357606311e-07  3.4093659368246188e-05  -4.4902452138688926e-07  -2.8148371217725771e-06  -5.1729954360365501e-07  -4.1839932274820483e-05  -3.3276756261063749e-06
1.8879999999997301e+02  -3.8556484861455056e-04  4.0741141733672814e-05  4.6104938611253503e-05  -1.5907148154382573e-07  3.2608523945803277e-04  -5.6474403816138068e-08  -3.3818685415905558e-05  -1.1809834745578722e-06  -3.8581890045010929e-04  -4.0706891819615145e-05  -4.1395051198893025e-05  4.8139396563351274e-06  5.3900808551978228e-06  -1.8960519774720912e-07  3.4153040250737459e-05  -5.5308860227681947e-07  -4.9194872390169890e-06  1.8789254438094564e-09  -4.1168928943119933e-05  -5.2305182926949821e-06
1.8959999999997299e+02  -3.8433635346759703e-04  4.1845208368872331e-05  4.7223057752443498e-05  8.3339035184106791e-08  3.2523707724856353e-04  -3.9565246231058878e-08  -3.4949384860321773e-05  -1.3658261972001486e-06  -3.8503233407028993e-04  -4.1791797334617330e-05  -4.3122393838858950e-05  7.1314072277365139e-06  7.3231651067438261e-06  -3.1006507330071855e-07  3.5528298087914313e-05  1.3806202624253899e-07  -7.0469857241520034e-06  1.1280099181603758e-07  -4.2615281826217038e-05  -7.0403608037889906e-06
1.9039999999997201e+02  -3.8203915344534121e-04  4.2149965548673363e-05  4.7370977414583123e-05  6.9916915640468306e-08  3.2322899828103114e-04  3.3213761950430769e-07  -3.5133439696241240e-05  -1.2977736265294908e-06  -3.8265941820821565e-04  -4.1804903630705454e-05  -4.4450149148213416e-05  6.5343714117469927e-06  6.3399980555937977e-06  2.2714038315697338e-08  3.6715914645555641e-05  5.2116631867772354e-07  -6.0946280814374381e-06  -4.0364896129328620e-07  -4.4784806324180077e-05  -6.1307933845974779e-06
1.9119999999997100e+02  -3.8062291175138793e-04  4.1715424063395079e-05  4.6928028533080529e-05  -1.8610483822802527e-07  3.2191236450230122e-04  4.0072514691993007e-07  -3.4654657657092857e-05  -1.1278058040949650e-06  -3.8083367359206609e-04  -4.1332823602187199e-05  -4.3307274791967708e-05  3.8599769307243108e-06  3.8324269324170111e-06  3.1714254987643847e-07  3.5945607037209462e-05  1.0220714677210350e-07  -3.4695950300245662e-06  -6.6784069745408432e-07  -4.4201208221247555e-05  -3.7537921172638529e-06
1.9199999999996999e+02  -3.7970963911242183e-04  4.1479916675932739e-05  4.6828157862500815e-05  -2.1674185491759034e-07  3.2123717899363772e-04  1.5315405590635316e-07  -3.4477291367650156e-05  -1.1178776896256014e-06  -3.7990365477966908e-04  -4.1299336582626020e-05  -4.2166706237425938e-05  2.8009473426670466e-06  3.1243816680550606e-06  7.1378805263099869e-08  3.4936309390660077e-05  -3.1599388907328962e-07  -2.6935412176207511e-06  -2.3885768340584988e-07  -4.2371634680435714e-05  -3.0402593544110470e-06
1.9279999999997000e+02  -3.7804680688751242e-04  4.1915269962327735e-05  4.7287150285148295e-05  -1.0710375020281404e-07  3.1991299362361502e-04  7.8723986711050026e-08  -3.4914610180486119e-05  -1.1774254314606686e-06  -3.7844019479986901e-04  -4.1773026343606619e-05  -4.4018563748370825e-05  4.5172851293559627e-06  4.9072297483481789e-06  -3.2537158099842338e-07  3.6230042983724311e-05  -2.5894341192550144e-07  -4.4883608986209602e-06  1.0863393786968227e-07  -4.3518962514011709e-05  -4.7398845465702893e-06
1.9359999999996899e+02  -3.7599944148689599e-04  4.2720533624433538e-05  4.8061276164557042e-05  -2.6784860158006999e-07  3.1808009736254022e-04  1.5365317434704515e-07  -3.5756879666312002e-05  -1.1156397456460799e-06  -3.7620905291409559e-04  -4.2513796850554038e-05  -4.6351070354409070e-05  6.6003347645440218e-06  6.8276174842656092e-06  -1.9465727223616631e-07  3.8212353271417795e-05  -7.1458674255045684e-08  -6.4538233946664979e-06  -2.0519146117372043e-07  -4.6334613212396016e-05  -6.6583742009071910e-06
1.9439999999996800e+02  -3.7440751740561986e-04  4.3264220255994132e-05  4.8672145132292263e-05  -4.9072615479181490e-07  3.1672434755759468e-04  1.1528460070070633e-07  -3.6461461207164421e-05  -1.0031961601495407e-06  -3.7429398787591127e-04  -4.3114142433771464e-05  -4.5704950104357102e-05  6.7158432428020276e-06  6.7605238288306551e-06  2.2127050318747041e-07  3.7948495681342810e-05  1.0093229833500462e-07  -6.4254899960941912e-06  -5.8792119743304511e-07  -4.6424864941115199e-05  -6.6145929745292002e-06
1.9519999999996699e+02  -3.7275906579391644e-04  4.2975338234401175e-05  4.8395186291439929e-05  -3.8621027017932110e-07  3.1547044496794383e-04  9.9331384882808411e-08  -3.6170819623064976e-05  -1.0319122138833024e-06  -3.7275086990143304e-04  -4.2845175841506090e-05  -4.4156923719185027e-05  5.2650977850048922e-06  5.2601418290974781e-06  1.9666364756054386e-07  3.6644115628732450e-05  2.3694195993264343e-07  -4.8911911462175330e-06  -4.4091405580785464e-07  -4.4640653435049463e-05  -5.0700957013494336e-06
1.9599999999996700e+02  -3.7043502957600035e-04  4.1924524178864966e-05  4.7210584563150181e-05  -2.9877277936287573e-07  3.1348023709094105e-04  2.6769046496776275e-07  -3.4840267493795003e-05  -1.1042158012601810e-06  -3.7059798424558203e-04  -4.1637422060716977e-05  -4.5043611721800021e-05  4.3452198094042309e-06  4.5330967403323489e-06  -1.6522872854876056e-07  3.7134268706018598e-05  3.6329714608031566e-08  -4.0820490942339908e-06  -1.3732983714622093e-07  -4.4914298519268668e-05  -4.3224970542008868e-06
1.9679999999996599e+02  -3.6813893100744269e-04  4.1306952099132885e-05  4.6565761216091556e-05  -5.7753999937031679e-07  3.1139463087115495e-04  3.2629094669148841e-07  -3.4143694291900218e-05  -9.9421331783207993e-07  -3.6799331382656006e-04  -4.0967257489857597e-05  -4.6981558063331735e-05  4.9667881394370147e-06  5.3774065644730612e-06  -1.9819730061464937e-07  3.8767863059137263e-05  -3.3058391009557743e-07  -4.9082996753968814e-06  -1.8668393220851029e-07  -4.6937393119071036e-05  -5.2195467400887550e-06
1.9759999999996501e+02  -3.6631174733493956e-04  4.2389302092326859e-05  4.7854057252922732e-05  -7.4486051630906515e-07  3.0992506783970338e-04  -5.3164098932789286e-08  -3.5637429009456253e-05  -9.1111920035611873e-07  -3.6594953535583954e-04  -4.2373785274171226e-05  -4.7255929670246934e-05  6.0396878461156455e-06  6.3402300631122617e-06  7.3730966087443363e-08  3.9200387337238378e-05  -2.3981814613659834e-07  -5.9228667876576326e-06  -4.0354007125460743e-07  -4.7674481998518888e-05  -6.2181533003780609e-06
1.9839999999996499e+02  -3.6412421023151971e-04  4.4475045439469790e-05  5.0101609230005975e-05  -5.7295183874417716e-07  3.0823615901776796e-04  -4.7256675986662371e-07  -3.8076399854333271e-05  -1.1000016873197765e-06  -3.6406145887688272e-04  -4.4810249272330356e-05  -4.6584216011923301e-05  6.1896880021056950e-06  6.2064459867916651e-06  9.5861968826652810e-08  3.8612425410113985e-05  1.5919771490107928e-07  -5.8354464824486817e-06  -4.0935134081817087e-07  -4.6988356336107192e-05  -6.0777333069948874e-06
1.9919999999996401e+02  -3.6138280800211551e-04  4.5260524991890574e-05  5.0758178584893432e-05  -6.8967282561695036e-07  3.0580982880266586e-04  -1.7556294611034784e-07  -3.8588445743590412e-05  -1.1441366583030222e-06  -3.6120638865279347e-04  -4.5348975592218156e-05  -4.6836048156570464e-05  5.5770752864973107e-06  5.6169587997737967e-06  -9.9108060958518837e-08  3.8694782956107628e-05  1.6749853443167646e-07  -5.2384119874340901e-06  -2.8425249208544424e-07  -4.6917227169864014e-05  -5.4544066081618257e-06
1.9999999999996299e+02  -3.5890287683167197e-04  4.3826969482572011e-05  4.9074261302929271e-05  -1.1177371793708732e-06  3.0355065854435336e-04  5.1550714081748848e-07  -3.6669828946926100e-05  -8.3833569281832654e-07  -3.5803490749751579e-04  -4.3333581954014370e-05  -4.7711405465608711e-05  5.2562764069523913e-06  5.5593413653572678e-06  -7.0277924847134225e-08  3.9457897711005330e-05  -1.2339017224564642e-07  -5.0803718202587664e-06  -3.0277695157831960e-07  -4.7819267691877485e-05  -5.3167721511231441e-06
2.0000999999996299e+02  -3.5887436626121344e-04  4.3800355582255617e-05  4.9045426048687922e-05  -1.1212194150733227e-06  3.0352642432019523e-04  5.2090388351829688e-07  -3.6639861437765128e-05  -8.3501115062185988e-07  -3.5800039785766904e-04  -4.3302284734823494e-05  -4.7720456473031361e-05  5.2569426640515489e-06  5.5626494970941962e-06  -6.8303882741889526e-08  3.9466382152908105e-05  -1.2607050054566612e-07  -5.0819723799239788e-06  -3.0406819511408063e-07  -4.7831261601790601e-05  -5.3190428995816907e-06
