# time  Re_m-2(R=8)  Im_m-2(R=8)  Re_m-1(R=8)  Im_m-1(R=8)  Re_m0(R=8)  Im_m0(R=8)  Re_m1(R=8)  Im_m1(R=8)  Re_m2(R=8)  Im_m2(R=8)  Re_m-2(R=16)  Im_m-2(R=16)  Re_m-1(R=16)  Im_m-1(R=16)  Re_m0(R=16)  Im_m0(R=16)  Re_m1(R=16)  Im_m1(R=16)  Re_m2(R=16)  Im_m2(R=16)
0.0000000000000000e+00  3.1550191499654175e-05  8.3994178373659887e-05  9.0504567501508175e-05  1.9824595856833735e-05  -4.1034847782760512e-05  8.0508498434956834e-06  -6.0353856701491292e-05  1.9873597089407401e-05  5.9720888100746675e-05  -1.3445978390710337e-04  1.8921965323285512e-04  -4.6036986686822989e-06  -7.0427198435994666e-04  -5.2033634450378871e-04  1.7321866707375813e-05  6.4997659239506583e-07  -7.1163330208911212e-04  5.1676977239008487e-04  1.9617303411903535e-04  1.0734778905022862e-05
2.6666666666666600e-01  5.6136808702170150e-05  8.4736963143891718e-05  8.2745806304445094e-05  -6.7317743026386118e-07  -4.0002504506751209e-05  -2.4635950975702513e-06  -9.0405385252764585e-05  3.2412720468132137e-06  5.6023055857876066e-05  -8.8452188680816223e-05  3.2271306544119783e-05  1.7636799781575885e-06  -1.1850258102547747e-05  -3.1376259608141871e-06  -4.1482030118783600e-05  -7.6963012903658286e-07  -1.7806493568204047e-05  4.6094166690570363e-06  3.4557873957412354e-05  -2.5020835606527768e-06
5.3333333333333299e-01  5.2835108576606695e-05  8.6664563109211857e-05  8.4303812522559200e-05  -7.0371119854089523e-07  -3.7388776772288406e-05  5.2474371027379788e-07  -9.3947001559896621e-05  -8.0032371529249743e-06  5.4047409841369290e-05  -8.6621102151703826e-05  3.1941422012900446e-05  7.1020670406186343e-07  1.6225581541653532e-05  8.7022857076750637e-06  -3.4781953825760343e-05  5.4045518530624531e-07  8.7696058257217256e-06  -9.2139330963100824e-06  3.5347562149722861e-05  -8.0374619698877364e-07
8.0000000000000104e-01  5.2856421075359127e-05  8.7235916787645678e-05  8.0660746408221177e-05  -4.3782860740364505e-06  -4.0240834772085543e-05  -8.7196487606140072e-07  -8.8230427079949924e-05  3.9820951122465086e-07  5.4312257519948302e-05  -8.7675196346799920e-05  3.4407041332336348e-05  2.1440762198251212e-06  5.3965840492426717e-06  -1.8600317484662958e-06  -3.6603612177400462e-05  4.9264900249954429e-07  3.4867148940280902e-07  1.6878203245318359e-06  3.4592925539752278e-05  -1.5906383042045624e-06
1.0666666666666700e+00  5.3312148647952719e-05  8.5972596613640811e-05  8.2261284883148407e-05  -2.0988842475167600e-06  -3.9590565705702719e-05  8.0375323220339337e-07  -8.9565674256921184e-05  -4.1738766298567135e-06  5.5602004839069894e-05  -8.6075750693011176e-05  3.3521753789464271e-05  3.0526415969605039e-06  2.6293290032211288e-06  -4.6105069070443101e-07  -3.4172639504022028e-05  -5.5970306407076591e-07  -2.3546193468980251e-06  6.4637590852799039e-07  3.5099522767753013e-05  -3.5137153539075420e-06
1.3333333333333299e+00  5.2750996751764759e-05  8.5593276282034636e-05  8.2510143078060462e-05  -4.8138738281409523e-06  -4.0623308438063183e-05  2.4580733233582883e-07  -8.7057369893969868e-05  -1.6687435966469724e-06  5.1474012809769889e-05  -8.5829763686655751e-05  3.8497454561205362e-05  1.0680648460547644e-06  1.1009978328883511e-06  1.4513664869339565e-06  -3.0459869283680284e-05  -4.2037002939779944e-07  -3.0902650973742816e-06  -1.1214531453142034e-06  3.7598678789551322e-05  -1.4355050385009301e-06
1.6000000000000001e+00  5.2080441130101221e-05  8.4136881517904281e-05  8.1446364091656231e-05  -1.8874308990978711e-06  -4.0744632919447214e-05  -1.3594653122580149e-06  -8.5670230152750575e-05  -1.3119120509197446e-06  5.2280507529891412e-05  -8.5052085082298694e-05  3.7765659149288179e-05  1.9241212260311048e-06  3.4246195916879193e-06  6.8177831674200244e-07  -3.1458553710133614e-05  4.8227857766411346e-07  -5.1516398826616737e-08  -7.1425744827379853e-07  3.6901509936886253e-05  -1.5058176903025649e-06
1.8666666666666600e+00  5.4980518230765449e-05  8.3819450857250166e-05  7.8249866897857660e-05  -2.7377243458840976e-06  -4.1230130639125911e-05  8.6886439630068216e-08  -8.7696040971398863e-05  -2.9208995063582415e-06  5.7356940211124286e-05  -8.3633552752031352e-05  3.4254106377434809e-05  3.0817772444601086e-06  3.2138417712035611e-06  -1.1463596881722721e-06  -3.0765097697914531e-05  2.4962414575084196e-07  -1.8172300663292550e-06  9.9666583505597889e-07  3.7274176470065146e-05  -2.8686218558369809e-06
2.1333333333333302e+00  5.3906702312910785e-05  8.3251275874537684e-05  7.7297195331244332e-05  -4.9903935426708901e-06  -3.8030093170405988e-05  7.2294787785520218e-08  -8.7335002316680827e-05  -4.7794882016355155e-07  5.5621112474989210e-05  -8.3192425146958111e-05  3.5788142539299974e-05  2.7654797095143193e-06  3.1905908048415337e-06  1.6545702293094691e-07  -3.0996485888841917e-05  -3.7909707037854756e-07  -2.1139212533958872e-06  2.9197765533905783e-07  3.6798341915079626e-05  -3.0230011337329684e-06
2.3999999999999999e+00  5.2416500083437802e-05  8.2434207435320674e-05  7.7384086791558752e-05  -2.0112617132709142e-06  -3.6640171003633611e-05  -6.3640314603893994e-07  -8.6285585306491389e-05  -1.9513420405485160e-06  5.1636641123306169e-05  -8.2753067631672220e-05  3.8180597810613075e-05  2.3317569851177350e-06  1.9202008122292264e-06  6.7729099421389827e-07  -3.1592429709939186e-05  -3.3582043890177092e-07  -2.5278241565138116e-06  -5.7653302277707464e-07  3.6578918527767262e-05  -2.6000835607651570e-06
2.6666666666666701e+00  5.3325222427656868e-05  8.1811309613334136e-05  7.5330059229543821e-05  -1.0444316571343753e-06  -4.0331357408643917e-05  -2.0351871145229140e-07  -8.6772646298814151e-05  -3.1214637510955436e-06  5.3138108825221755e-05  -8.1742103254535392e-05  3.7827175465086229e-05  2.4359625092829508e-06  1.2100328229820950e-06  1.0708630313325788e-07  -3.0773914470954911e-05  2.0813412562054084e-08  -2.6924408743582683e-06  -5.3139369838077320e-07  3.7180010005691167e-05  -2.3532822187176331e-06
2.9333333333333500e+00  5.4953548371466360e-05  8.0912135155847520e-05  7.2799721800181493e-05  -2.5181204224534204e-06  -4.3443428143568285e-05  -1.4188477146901802e-08  -8.7385355953159950e-05  -2.0499744842341987e-06  5.5858015013650865e-05  -8.0772344139534556e-05  3.6877700357347257e-05  2.5292867711139984e-06  2.1657612182505602e-06  1.3688112372134773e-08  -3.0075013520476469e-05  2.1679568260022201e-08  -1.6698931592482621e-06  1.2576171849893602e-07  3.7436966670675329e-05  -2.5101794773398035e-06
3.2000000000000202e+00  5.6410796722428622e-05  8.0463409498320783e-05  7.0298933759554863e-05  -3.6777893452589451e-06  -4.2941867650153921e-05  -9.4222885308550904e-08  -8.8446699036930391e-05  -1.1204716554752726e-06  5.8134019538500059e-05  -8.0477347473164806e-05  3.6698113937667576e-05  2.5833194238979728e-06  3.1424678283769404e-06  -1.3711340204279040e-08  -3.0477048843757031e-05  7.6596099098656543e-08  -1.2026507472777799e-06  2.6533125283986186e-07  3.7417201283193046e-05  -2.5788072547429614e-06
3.4666666666666899e+00  5.7000936411987437e-05  8.0096231683996085e-05  6.8210948274450309e-05  -3.4492617718222476e-06  -3.9363962164727702e-05  -9.8295509475190554e-08  -8.9453792925059026e-05  -7.3824302573692257e-07  5.8363776450776643e-05  -8.0150824751356575e-05  3.7017927958959011e-05  2.6605909846235385e-06  2.8988845719690704e-06  9.2879786461764762e-08  -3.0681424200014748e-05  -4.5972757996468911e-08  -1.9218747809713721e-06  1.0317500798906269e-07  3.7522235253009921e-05  -2.6965757427178321e-06
3.7333333333333698e+00  5.9323260087327774e-05  7.9322957519708593e-05  6.7959890280263929e-05  -2.4599766364085961e-06  -3.9998666388969829e-05  -3.6458244680289610e-07  -8.8350894477634437e-05  -1.4498941714463847e-06  5.9102807592685804e-05  -7.9395541891454026e-05  3.7503282483432523e-05  2.7447667600137889e-06  2.2178303624286198e-06  3.7470974024932934e-08  -3.0420111409836838e-05  -2.1591901392452885e-07  -2.3794713919887017e-06  1.5093877910657222e-07  3.7724366278591855e-05  -2.8259251466174547e-06
4.0000000000000400e+00  6.0179830863284451e-05  7.8794165110470900e-05  6.7886848814893068e-05  -2.3590288027790512e-06  -4.1770373144110542e-05  -3.7047797480771826e-07  -8.7504215129645510e-05  -1.6914717040177255e-06  6.0761840814047642e-05  -7.8800691883023128e-05  3.8185018165525454e-05  2.7608340624014220e-06  2.0852651803917829e-06  2.9380190364534966e-08  -3.0329176395225365e-05  -1.9468983444099326e-08  -2.1937703589221312e-06  -3.7877111482804884e-08  3.8040273741345484e-05  -2.7271947673979235e-06
4.2666666666667101e+00  6.0367679874326054e-05  7.8189444720396230e-05  6.6376803786710411e-05  -2.1689375586593455e-06  -4.0898069471659112e-05  -5.1458960585467107e-08  -8.7745980512983978e-05  -1.6652884204471086e-06  6.1236221972258440e-05  -7.8067866694589479e-05  3.8222030203998754e-05  2.6646221275373266e-06  2.3766046067408178e-06  1.4581897881482639e-07  -3.0533307002303056e-05  1.0177888512550136e-07  -2.2162372036220945e-06  -1.8253841376373576e-07  3.8137590921450285e-05  -2.6900413710371432e-06
4.5333333333333803e+00  6.4513085710881410e-05  7.7428082963075298e-05  6.4374081877104289e-05  -1.9965071794619902e-06  -4.2917829651994914e-05  3.2581851864676520e-08  -8.7821709007640384e-05  -1.9826146967757325e-06  6.4295885742766072e-05  -7.7266401590866683e-05  3.7829247546131691e-05  2.6821342936952835e-06  2.3223273273902318e-06  1.4735530147598743e-08  -3.0887016640305464e-05  -9.3408002300767787e-08  -2.3951831222548882e-06  1.2550126850615354e-07  3.8266907464052547e-05  -2.7790265756521336e-06
4.8000000000000602e+00  6.8521101635040611e-05  7.6952891054281702e-05  6.2315733857092894e-05  -2.6336122819490501e-06  -4.5108120963708250e-05  -1.3831678374637818e-07  -8.8468956198595097e-05  -1.5532680091923725e-06  6.8955185838918628e-05  -7.6910401904544510e-05  3.8364131334522522e-05  2.9621226348486391e-06  2.2400323414150877e-06  -1.9495426705408681e-09  -3.1003486812425957e-05  -5.6897282835086951e-08  -2.2684383955083576e-06  2.2340284634255357e-07  3.8593121869904753e-05  -2.8892012006698823e-06
5.0666666666667304e+00  6.9381112651387667e-05  7.6518493765174555e-05  6.1091255676142464e-05  -2.8621717432069644e-06  -4.3391605720299173e-05  -2.0327613363302537e-07  -8.8778393668752513e-05  -9.9276772998604268e-07  7.0558428259889056e-05  -7.6539400812943321e-05  3.9221352168011064e-05  3.1049556055948307e-06  2.8072424377969450e-06  1.2898142671338750e-07  -3.1066438596208347e-05  7.2780472077378933e-08  -2.0590488233423706e-06  1.1891200675383600e-07  3.8915333256777869e-05  -3.0645951341423119e-06
5.3333333333333997e+00  7.0605656603335700e-05  7.5892794022155695e-05  6.1513906930006374e-05  -2.2880844306714360e-06  -4.2912001374659567e-05  -1.2887899431208058e-07  -8.7433463819910039e-05  -1.2449053323434503e-06  7.1052253679776197e-05  -7.5835228549567965e-05  3.9374423472069076e-05  2.7272215750219855e-06  2.9598377179505060e-06  2.1445137359683754e-07  -3.1164354516029897e-05  -7.6226350401506676e-08  -2.0983758213697989e-06  1.1202551680949516e-07  3.9555359597480099e-05  -2.8889446946955256e-06
5.6000000000000796e+00  7.4566128337367078e-05  7.5329092419489565e-05  6.1342133548813267e-05  -1.7686291870582456e-06  -4.5872996211889657e-05  -7.9776163154406372e-08  -8.6487863664772729e-05  -1.7894949338096209e-06  7.4125750999156769e-05  -7.5204480678030833e-05  3.9478380205416667e-05  2.5262936298405594e-06  2.2309848381453176e-06  3.2289145019297758e-07  -3.0716830118137737e-05  -8.8097326887742346e-08  -2.3397406989185469e-06  -1.6850315899507247e-07  4.0018031772559046e-05  -2.5211017077353074e-06
5.8666666666667497e+00  7.9917449233288522e-05  7.4931620062266036e-05  5.8959198399100021e-05  -1.8095133604705568e-06  -4.7951855076096540e-05  -7.8841999567724450e-08  -8.7435723247578112e-05  -1.9845253956447320e-06  7.9331429157381280e-05  -7.4797173919926010e-05  4.0123321321990996e-05  3.1428963721090072e-06  2.2336805976952439e-06  -3.1581565901821905e-08  -3.0524455287636687e-05  1.4783156958310071e-07  -2.4133028383850304e-06  -1.3564204861367929e-07  3.9977164267524483e-05  -2.9308629726211556e-06
6.1333333333334199e+00  8.3380464047147921e-05  7.4421072939655819e-05  5.6941252531011533e-05  -2.1254147676892509e-06  -4.6985833612312383e-05  -1.1603819865689316e-07  -8.8024350291322881e-05  -1.6483225909550355e-06  8.3291427013742927e-05  -7.4337339099586264e-05  4.0869153400312118e-05  3.5319472309653042e-06  2.9724872277105271e-06  -3.7603123228620744e-07  -3.1341845310710572e-05  4.6683757505871543e-08  -2.2536034958295430e-06  5.2951758231991737e-07  4.0551586165466187e-05  -3.5594159976404565e-06
6.4000000000000901e+00  8.4953464503529551e-05  7.3768020491553620e-05  5.7292986562573842e-05  -1.9849864528989794e-06  -4.6044861117850266e-05  -1.4108795206514809e-07  -8.6565903147357176e-05  -1.4146058496376194e-06  8.4922683780185520e-05  -7.3738825998259921e-05  4.1285122673855430e-05  3.0451913462068957e-06  2.7865638068865910e-06  3.1169419469441307e-08  -3.1550342269548723e-05  -1.9002789981377448e-07  -2.3878850326622040e-06  5.4031663045115157e-07  4.1561275544132776e-05  -3.2130090885529689e-06
6.6666666666667700e+00  8.8212009887056616e-05  7.3277044486840342e-05  5.7888359252946970e-05  -1.6476620063746884e-06  -4.7941696367152453e-05  -1.0092302013857303e-07  -8.4971154697114260e-05  -1.7087495844309584e-06  8.7596332356702468e-05  -7.3206231824975723e-05  4.1674630444839123e-05  2.6806222666339926e-06  2.1353761649954529e-06  4.1559378231880296e-07  -3.0691002313354960e-05  -6.1252675861927504e-09  -2.7310677205847126e-06  -1.7109090948706265e-07  4.1868775749197721e-05  -2.6295058061443752e-06
6.9333333333334402e+00  9.3287142816423296e-05  7.2889067599513972e-05  5.6770258579393073e-05  -1.6276730973694387e-06  -5.0504368838038511e-05  -9.2381781390669634e-08  -8.4962898435601147e-05  -1.9119351515185104e-06  9.2460350031059604e-05  -7.2790483578346704e-05  4.2330254789548729e-05  2.8901122395820545e-06  2.3738991014478063e-06  4.4517039142375158e-07  -3.0623708421000838e-05  1.6461377598512200e-07  -2.6772557296180931e-06  -3.9345006684933253e-07  4.2082055450354989e-05  -2.7739029492300891e-06
7.2000000000001103e+00  9.8034279579277010e-05  7.2354763913163404e-05  5.4888190097948241e-05  -1.4780512392378228e-06  -5.1180888381093523e-05  -1.4758741839134115e-07  -8.5591571226367302e-05  -1.9177429673760225e-06  9.7090092429953265e-05  -7.2312851437060377e-05  4.2976183707413556e-05  3.2456710245972713e-06  2.8712978842925841e-06  2.3595495530635132e-07  -3.1213681558896947e-05  7.7749027708825846e-08  -2.4274345337530238e-06  -5.2273472795225367e-08  4.2909109731349711e-05  -3.1837063335325030e-06
7.4666666666667796e+00  1.0266739911551062e-04  7.1772083834306809e-05  5.3492723600612625e-05  -1.3253614406175155e-06  -5.1122308666137649e-05  -1.2609123243184822e-07  -8.5679274011468210e-05  -1.9738414665351486e-06  1.0146275592237927e-04  -7.1709834971397403e-05  4.3663224290196149e-05  3.5304638985316254e-06  2.7604796954470951e-06  -3.4449995840767701e-07  -3.1003366777516861e-05  4.0862589367431700e-08  -2.4330681960945999e-06  4.2283092950431094e-07  4.3785701707603958e-05  -3.4696967680836891e-06
7.7333333333334604e+00  1.0715648878422952e-04  7.1309496906414986e-05  5.2816937084463429e-05  -1.5914913738841176e-06  -5.1220487424810685e-05  -6.3044696070596069e-08  -8.5233157298843969e-05  -1.8364790127293117e-06  1.0627683074529548e-04  -7.1200165182438632e-05  4.4521117305224097e-05  3.6001083750218493e-06  2.5707225046247428e-06  -5.1814796549124046e-07  -3.0588654756071666e-05  -5.4944727223488461e-08  -2.6901120208428273e-06  7.6257908266504765e-07  4.4383409236585048e-05  -3.6873674203786551e-06
8.0000000000001297e+00  1.1072973433158914e-04  7.0923009538553634e-05  5.2713315664967820e-05  -1.5486254723558563e-06  -5.0886203116163381e-05  -9.9566488172976466e-08  -8.4436828423230096e-05  -1.7944882482048965e-06  1.1007372811272956e-04  -7.0878567891914600e-05  4.5181679657719875e-05  3.3845769833553233e-06  2.5678611556745112e-06  1.6658280292545475e-07  -3.0573448273070953e-05  -1.6053996088954748e-07  -3.0680882340335694e-06  4.7241680784640255e-07  4.4917359297978546e-05  -3.5417153336367231e-06
8.2666666666667705e+00  1.1434347628496332e-04  7.0499542544385547e-05  5.2605223599107602e-05  -1.0012708513382563e-06  -5.0707520939844404e-05  -1.2978404830540224e-07  -8.3454491119144217e-05  -2.1008079296502563e-06  1.1307325419260443e-04  -7.0452459054962617e-05  4.5798108026945798e-05  3.0972070972991297e-06  2.3438104966528391e-06  7.2737237599653264e-07  -3.0149453983200878e-05  -1.1699564738554006e-08  -3.2292854654529719e-06  -2.5190665011863502e-07  4.5713814121291670e-05  -3.0183324046801732e-06
8.5333333333334007e+00  1.1885863953890299e-04  7.0020815141606433e-05  5.1942732237937519e-05  -9.6007717737061083e-07  -5.1253611291945752e-05  -8.8017873418550297e-08  -8.2855638685892970e-05  -2.1439619483858080e-06  1.1722119266944334e-04  -6.9891774280793641e-05  4.6576524822086969e-05  3.0642284534477272e-06  2.1334770164998693e-06  4.1888545078563087e-07  -2.9413594400465986e-05  1.5976771158987238e-07  -3.0069240811010861e-06  -3.9353656945719557e-07  4.6725241970756688e-05  -2.8142795848867062e-06
8.8000000000000398e+00  1.2355360029757352e-04  6.9593927038457795e-05  5.0924330836286469e-05  -1.4949869300892022e-06  -5.1504508824827880e-05  -1.0427812438317891e-07  -8.2958363230324996e-05  -1.7890642245569290e-06  1.2231940533106230e-04  -6.9533659139654736e-05  4.7124276430213245e-05  3.3967824027899990e-06  2.3056772824444418e-06  -1.9203690747099587e-07  -2.9210711944345532e-05  1.3647626574528160e-07  -2.9241106706784061e-06  2.0061629100570413e-07  4.7285242350718797e-05  -3.2526256620697427e-06
9.0666666666666806e+00  1.2781452791498925e-04  6.9237984628023254e-05  4.9986873186329034e-05  -1.6357276473308069e-06  -5.0696246977056391e-05  -1.5906559350673779e-07  -8.3091825817723755e-05  -1.6325553813436041e-06  1.2689832024869306e-04  -6.9268843574170073e-05  4.7917601662119359e-05  3.7632357199968556e-06  2.5236843749562718e-06  -3.0897008232116014e-07  -2.9437606551774833e-05  6.3586718070304484e-08  -3.2271287555101614e-06  5.7547472646745551e-07  4.7708923367160461e-05  -3.7710076686046306e-06
9.3333333333333197e+00  1.3173621232634390e-04  6.8830406418102395e-05  4.9186846609902842e-05  -1.1722998033215773e-06  -4.9546300908072740e-05  -1.4375854296052516e-07  -8.2584042892364378e-05  -1.8818633765193151e-06  1.3066533206687584e-04  -6.8790516806628387e-05  4.9351874002028922e-05  3.8022568394731715e-06  2.5560999982963397e-06  -1.6499232237018096e-07  -2.9353656944407173e-05  3.4131016478434366e-09  -3.3468099110827982e-06  4.6033845434173693e-07  4.9017550322801884e-05  -3.8707366409697257e-06
9.5999999999999499e+00  1.3542145022109279e-04  6.8406018105286363e-05  4.8528081045168562e-05  -7.9261425391782666e-07  -4.8803570176783372e-05  -6.6004249716894319e-08  -8.1879988825968135e-05  -2.1278685847182149e-06  1.3409135259319824e-04  -6.8288047010971607e-05  5.0237327477973158e-05  3.6125808042376031e-06  2.4537395832514646e-06  -2.4109728886131595e-07  -2.8472664011030450e-05  -7.3600374404008356e-08  -3.1803781381016619e-06  4.4577386379691161e-07  5.0425832403039827e-05  -3.6904235267093383e-06
9.8666666666665908e+00  1.3889493779431101e-04  6.8035979985393407e-05  4.8186633542375871e-05  -1.0167619903648837e-06  -4.7867753179507323e-05  -3.0430682474273309e-08  -8.1466094099069447e-05  -1.9179491681183080e-06  1.3756050205372816e-04  -6.7945900452315238e-05  5.0473799144572622e-05  3.5092025691752809e-06  2.0989679490247853e-06  -2.0370288578890297e-07  -2.7298161385963101e-05  -8.5465538220918684e-08  -3.3922406299865014e-06  4.6570939551784310e-07  5.0876006808272654e-05  -3.5413820763979965e-06
1.0133333333333200e+01  1.4237231603531785e-04  6.7572136957451615e-05  4.7985259470786933e-05  -1.5607254810715427e-06  -4.5979900921029471e-05  -1.4036205068459293e-07  -8.0950238806693701e-05  -1.4851750747567416e-06  1.4123215970180880e-04  -6.7566594458250891e-05  5.1608013231116545e-05  3.6015475362861470e-06  1.7377912908329748e-06  1.2944501829658522e-07  -2.6908746031916243e-05  2.8490806336485663e-10  -3.9559850250302773e-06  1.5597985897647005e-07  5.1458328451163282e-05  -3.5397902047568265e-06
1.0399999999999901e+01  1.4605351482541273e-04  6.7100473650714832e-05  4.7354372156068001e-05  -1.5779531246819439e-06  -4.3858096224858132e-05  -2.4581241446463269e-07  -8.0292741216572748e-05  -1.5181067399904470e-06  1.4490858376897629e-04  -6.7146516595894857e-05  5.3405928504863424e-05  3.7499825976803423e-06  1.7391460118279723e-06  2.6180392864179409e-07  -2.6992664491867260e-05  7.2198527236294215e-08  -4.2141199583565185e-06  -6.6818519826575394e-08  5.2965938686033259e-05  -3.6455170683950826e-06
1.0666666666666501e+01  1.4959656946867661e-04  6.6957663078846404e-05  4.6342572321253430e-05  -9.2735971470427040e-07  -4.2306261752315377e-05  -1.3530593300700266e-07  -8.0037592314180809e-05  -1.9579502653626572e-06  1.4826784482652557e-04  -6.6925991713475311e-05  5.4345915059488796e-05  3.7942309598387441e-06  1.7702862217093161e-06  8.0523508329774148e-08  -2.6245895080327928e-05  7.5701339399861870e-08  -4.2438122078149946e-06  1.1647291723824737e-07  5.4344325878694926e-05  -3.7312741858649121e-06
1.0933333333333101e+01  1.5259729239222553e-04  6.6898672407275810e-05  4.5760770584641394e-05  -6.4372612283856640e-07  -4.0515345915520214e-05  -6.9905547157292181e-09  -7.9862976888544330e-05  -2.0251875781227001e-06  1.5136414151221560e-04  -6.6755661611808396e-05  5.4772300761020096e-05  3.7599148120760984e-06  1.6720740677519794e-06  -7.1661004616157902e-08  -2.5119740557436840e-05  6.6322553457631544e-08  -4.2992371628611345e-06  3.1518113377057533e-07  5.5158461785634819e-05  -3.7256395144315531e-06
1.1199999999999800e+01  1.5544481921957344e-04  6.6391280622861057e-05  4.5814149189418556e-05  -1.2221034419928897e-06  -3.7657557392243698e-05  -9.2022373428095830e-08  -7.9068204612064009e-05  -1.5512823484666415e-06  1.5450049664327757e-04  -6.6293749277802994e-05  5.6052227756024331e-05  3.7799724880797634e-06  1.7819348387833583e-06  -2.0320956427939462e-07  -2.4999827757849151e-05  4.9583883071509064e-08  -4.1263371952901843e-06  3.7302797689812461e-07  5.6318579705564014e-05  -3.7343539929601531e-06
1.1466666666666400e+01  1.5859803728890458e-04  6.5707322607200678e-05  4.5748024075007690e-05  -1.6850453165101472e-06  -3.4348852447154752e-05  -1.9300360471124980e-07  -7.8089974601494062e-05  -1.2207849076790826e-06  1.5768660994102540e-04  -6.5748941457835513e-05  5.8022681354338389e-05  3.8819007155813537e-06  1.6677538937136607e-06  -4.2633294992452819e-07  -2.5074631026135205e-05  -9.3282485693795066e-09  -4.1619447430833007e-06  5.3177369492124130e-07  5.8073978914354536e-05  -3.8681166045018272e-06
1.1733333333333100e+01  1.6184838969133045e-04  6.5463408160397292e-05  4.5179517416036566e-05  -1.3018242495781438e-06  -3.1336786221467196e-05  -1.3573869683775582e-07  -7.7612312718948733e-05  -1.4602670965772922e-06  1.6081417144720356e-04  -6.5536118473142867e-05  5.9545000400092482e-05  3.9715809667427310e-06  8.9243449308783456e-07  -4.3832572895445615e-07  -2.3898339887562496e-05  -6.5306585616948617e-08  -5.0299769048051601e-06  6.5888540094208289e-07  5.9564225800791491e-05  -4.0246612192126203e-06
1.1999999999999700e+01  1.6505069908425899e-04  6.5496860913911582e-05  4.4569735681866717e-05  -6.9864078197900522e-07  -2.8453803569562420e-05  -7.3122626326690978e-08  -7.7262792468981529e-05  -1.8921111760015625e-06  1.6400997008428293e-04  -6.5475832268747171e-05  6.0686046783994086e-05  4.0044941306368562e-06  4.3546910701475379e-07  -6.4215038764822036e-08  -2.2655548262669699e-05  -3.4163505379998877e-08  -5.7738070189802208e-06  4.1644475187452633e-07  6.0567809636716711e-05  -4.0449892009510689e-06
1.2266666666666300e+01  1.6825379546539488e-04  6.5242788158168988e-05  4.4260195588086918e-05  -6.0332058381218488e-07  -2.5166119038994071e-05  -1.2515558601132199e-07  -7.6531383424178166e-05  -2.0023249689406951e-06  1.6716568413493169e-04  -6.5160364427458445e-05  6.2468759086259032e-05  4.0508401823112843e-06  9.5972840236633900e-07  2.4757091787066255e-07  -2.2831697723128580e-05  6.1189042457783191e-08  -5.4242430503312659e-06  1.0310830073236610e-08  6.2071781177786326e-05  -3.9944946016696827e-06
1.2533333333332999e+01  1.7127234792704523e-04  6.4692157397728650e-05  4.4061593002107675e-05  -8.2106163019102573e-07  -2.1291915635660428e-05  -1.9823972752053676e-07  -7.5671222496696442e-05  -1.8348424032890288e-06  1.6998316438194953e-04  -6.4663696860451763e-05  6.4799755831881553e-05  4.1237096040524166e-06  1.3780293782332032e-06  1.3719903136008426e-07  -2.3115827605208477e-05  8.6250946302419732e-08  -4.9461433112066007e-06  -4.8365229622248356e-08  6.4407448418992309e-05  -4.0224064436393900e-06
1.2799999999999599e+01  1.7411003252750364e-04  6.4251588278763070e-05  4.3811887938050064e-05  -9.1198116110144677e-07  -1.7180329169695551e-05  -1.7002181901509404e-07  -7.5013152601872404e-05  -1.7024461218277696e-06  1.7274112531658167e-04  -6.4280769661611111e-05  6.6709270128478506e-05  4.1259688528732842e-06  8.5924006294055473e-07  -1.0651290179253927e-07  -2.2152586564115659e-05  1.6289784449035518e-08  -5.3345642241340620e-06  2.3480247202133354e-07  6.6570661150194957e-05  -4.0708902002782481e-06
1.3066666666666199e+01  1.7688906723463014e-04  6.4058278330693903e-05  4.3641765644249252e-05  -9.3400223268492696e-07  -1.2967140617644481e-05  -8.0006016399311541e-08  -7.4452911794954018e-05  -1.6076334607851601e-06  1.7571725532987946e-04  -6.4056225765798049e-05  6.8290406136486514e-05  4.0786803991655146e-06  1.4839250909586292e-07  -1.6568500588662722e-07  -2.1108250425518154e-05  -9.0328987889407273e-09  -6.0023943332487948e-06  4.1151937495323672e-07  6.8174315974604650e-05  -4.0583184904484960e-06
1.3333333333332900e+01  1.7947861786896547e-04  6.3903562570989794e-05  4.3632086207203314e-05  -1.0322232420979245e-06  -8.1947698481183049e-06  -9.8874009256319021e-08  -7.3764986439327608e-05  -1.5013011420428434e-06  1.7845567852872252e-04  -6.3888336082998896e-05  7.0387942961598496e-05  4.1322781756906880e-06  -5.7077208327950156e-08  -7.6958156235968374e-08  -2.0990816732517399e-05  3.2232331905470971e-08  -6.3192517154933841e-06  2.8368167814291231e-07  6.9981213656271379e-05  -4.1172881120506403e-06
1.3599999999999500e+01  1.8204554542373605e-04  6.3637644905562601e-05  4.3592628732326902e-05  -9.7057229569360442e-07  -2.9491469357338524e-06  -2.2642985725758829e-07  -7.2865718293559697e-05  -1.6076184154169393e-06  1.8081739345062291e-04  -6.3693654166277234e-05  7.3022322680886575e-05  4.2845219738881270e-06  -1.3916074049973395e-07  1.2981598951631845e-07  -2.0829538342329435e-05  2.5514470408165044e-08  -6.5682129263500090e-06  2.2641950111374300e-08  7.2236852369293587e-05  -4.2900458050702280e-06
1.3866666666666200e+01  1.8485277196182866e-04  6.3351061864126435e-05  4.3324012344981124e-05  -5.8518280445189346e-07  2.0086841469883814e-06  -2.3677553903605935e-07  -7.1907078260088691e-05  -1.9517081254356867e-06  1.8328966957525294e-04  -6.3419711278975467e-05  7.5541828009759756e-05  4.3801753412183018e-06  -4.7476902811281968e-07  3.8438338461274527e-07  -1.9887592218418600e-05  2.0412501801093456e-10  -6.9541363954246736e-06  -1.3383831047979313e-07  7.4456508001868239e-05  -4.3666922926485744e-06
1.4133333333332800e+01  1.8746248401041893e-04  6.3180161367977548e-05  4.2945797810300858e-05  -1.9467612602455572e-07  6.7642461184900816e-06  -8.4970327449233103e-08  -7.1172356390414781e-05  -2.2084241581677605e-06  1.8579078747287098e-04  -6.3138007864735031e-05  7.7612780979004816e-05  4.3706179023872339e-06  -7.5942033449526202e-07  4.0323116385691065e-07  -1.8762094426034524e-05  3.5607008168907831e-08  -7.2319374971619723e-06  -6.6147500386861100e-08  7.6491326408949969e-05  -4.3026514389304688e-06
1.4399999999999400e+01  1.8947821648413154e-04  6.3081924668406894e-05  4.2788353691225380e-05  -1.7172765720409528e-07  1.2175894431338870e-05  3.5553995636988904e-09  -7.0652237982397068e-05  -2.2050917519248284e-06  1.8790752563174469e-04  -6.2961153848275288e-05  7.9431813342616760e-05  4.3399846917984764e-06  -7.3379182826617171e-07  1.5854168229337953e-07  -1.7855584509258307e-05  4.3856043005103813e-08  -7.3039374645120323e-06  1.0156331830436394e-07  7.8477504011263823e-05  -4.3009585082646468e-06
1.4666666666666099e+01  1.9130809223960620e-04  6.2863230378108311e-05  4.2979673046927500e-05  -4.5619687269711220e-07  1.8441998282653375e-05  -7.2202401600446250e-08  -6.9956724418310419e-05  -2.0143143609081946e-06  1.8983818598022949e-04  -6.2793516926888860e-05  8.1399679407046421e-05  4.3600366759595976e-06  -6.7818276022879446e-07  8.0674080310039401e-08  -1.6904483296238268e-05  -2.7043811650386536e-08  -7.3382513700849744e-06  8.9207060463656298e-08  8.0418580963335600e-05  -4.3968937343729195e-06
1.4933333333332699e+01  1.9330209819750364e-04  6.2427116989355856e-05  4.3284094519057716e-05  -7.0681214225875210e-07  2.5127584346844640e-05  -1.9120820210564986e-07  -6.8858454134552213e-05  -1.7765341899835152e-06  1.9180093184993779e-04  -6.2458843229147996e-05  8.3648918006484194e-05  4.4654033265345456e-06  -9.7500069682327872e-07  4.0491604453737009e-07  -1.5867869140806782e-05  -4.8239787443333268e-08  -7.5361547038024659e-06  -1.7558004402179113e-07  8.2357559644805539e-05  -4.4745222024584549e-06
1.5199999999999299e+01  1.9517680040799818e-04  6.1942478116837053e-05  4.3405620456589151e-05  -7.2278836894358564e-07  3.1999328865276418e-05  -2.5149340380940514e-07  -6.7621616378709922e-05  -1.7049742898345424e-06  1.9352385293404435e-04  -6.2043110854693225e-05  8.5833847875209471e-05  4.6291877199199850e-06  -1.6084955867380721e-06  7.3420977513340778e-07  -1.4789117835719838e-05  3.5412790897261928e-08  -8.0677552023596349e-06  -4.0284223441338032e-07  8.4331989785831030e-05  -4.5491150621113340e-06
1.5466666666666001e+01  1.9662539335101443e-04  6.1690120230740823e-05  4.3341136120487404e-05  -5.6225484956192887e-07  3.9069338589470631e-05  -2.3173352461066554e-07  -6.6615392036591028e-05  -1.8894715173558506e-06  1.9488283601358890e-04  -6.1800752782215535e-05  8.7565345691067900e-05  4.6831430695366635e-06  -2.2121585042940255e-06  5.7598213881495292e-07  -1.3169676690687424e-05  7.8908706550724544e-08  -8.8253839167391768e-06  -2.6720739442124144e-07  8.6163138289898421e-05  -4.6129862943249398e-06
1.5733333333332601e+01  1.9770096384866425e-04  6.1731186418947264e-05  4.3315842789627950e-05  -3.5377154947337424e-07  4.6406407656504950e-05  -1.4428408429669437e-07  -6.5848041710405390e-05  -2.1304537632108717e-06  1.9606731125334400e-04  -6.1781484915951465e-05  8.8914577197252975e-05  4.5127893197911552e-06  -2.5290743992416797e-06  9.4072170974064495e-08  -1.0671380873249392e-05  -8.2626110814642318e-09  -9.3480357033600336e-06  1.2396968248868587e-07  8.7706262702950759e-05  -4.5456890209310543e-06
1.5999999999999201e+01  1.9856028386173281e-04  6.1821284460678310e-05  4.3465659363332073e-05  -1.8170363644039662e-07  5.4176428151050520e-05  -6.1983538117576643e-08  -6.5037563081927000e-05  -2.2217778665117422e-06  1.9709907296512616e-04  -6.1780715875359556e-05  9.0251722734881152e-05  4.3762377691639083e-06  -2.7107243756997832e-06  -5.9735243176057062e-08  -8.0531127376646803e-06  -8.5784578829665862e-08  -9.4824510698750296e-06  2.8901461657394786e-07  8.9099608773479227e-05  -4.4538364482784253e-06
1.6266666666666001e+01  1.9922124173506601e-04  6.1690505718618418e-05  4.3751134451155147e-05  -1.2515610343983582e-07  6.2561227290753384e-05  -6.5863025623959724e-08  -6.3979350154106263e-05  -2.1821962840700167e-06  1.9780288550772261e-04  -6.1609865622641463e-05  9.1705695198980052e-05  4.6080627621574137e-06  -3.0018679607262755e-06  2.9813155033262449e-07  -6.2183514838270370e-06  -1.2308859589091006e-08  -9.6684215158874913e-06  4.7670419058795429e-08  9.0532420353289631e-05  -4.6071916400058715e-06
1.6533333333332699e+01  1.9955775563126722e-04  6.1324081504935082e-05  4.4109564349896751e-05  -2.1144956782935550e-07  7.1618648259155467e-05  -1.3622937394452453e-07  -6.2708698764286745e-05  -2.1177471687983036e-06  1.9806554665918909e-04  -6.1279183192336294e-05  9.3080918830177792e-05  4.9921163688971012e-06  -3.3243099689907662e-06  5.8297067187494161e-07  -4.6624246376239871e-06  9.9689099366584453e-08  -1.0121264472177075e-05  -1.9370970975442197e-07  9.1974470902306892e-05  -4.8912068008193603e-06
1.6799999999999400e+01  1.9941491967087220e-04  6.0924352788209583e-05  4.4521564974435782e-05  -3.2598759500395112e-07  8.1307251334612369e-05  -1.8183871856411097e-07  -6.1386641953406094e-05  -2.0864703126985702e-06  1.9784941645526979e-04  -6.0939306521115998e-05  9.4281191708677268e-05  5.0172102641503221e-06  -3.5310996850266218e-06  3.4814620939684162e-07  -2.1685549957253916e-06  6.5648642879462139e-08  -1.0508785393349371e-05  -6.5718102562561358e-08  9.3278470967506880e-05  -4.9211490021975813e-06
1.7066666666666102e+01  1.9870480866389449e-04  6.0671453151358311e-05  4.4967738878004277e-05  -3.1350882529210141e-07  9.1597505310723885e-05  -1.6019404783899341e-07  -6.0124554375781550e-05  -2.1110860080423729e-06  1.9711905746270343e-04  -6.0717957901906621e-05  9.5378818716359038e-05  4.7207019322968666e-06  -3.8352423547993893e-06  -6.3264806187527101e-08  1.3108843222369000e-06  -6.4538966339072241e-08  -1.0770866773943073e-05  2.6676526218504416e-07  9.4402207881374598e-05  -4.7337398940543932e-06
1.7333333333332799e+01  1.9739968599765865e-04  6.0576523905778668e-05  4.5439491585548076e-05  -1.6431284201221194e-07  1.0253539992386871e-04  -1.1207241622846178e-07  -5.8896803173012378e-05  -2.1811846750445357e-06  1.9584499799461780e-04  -6.0618818611466077e-05  9.6280872737851530e-05  4.6115129486097500e-06  -4.4822957141001140e-06  -1.3709342638709306e-07  4.8221900055238300e-06  -9.6916873327144436e-08  -1.1282285025260221e-05  4.4819104251845305e-07  9.5385243915463994e-05  -4.7088145114001709e-06
1.7599999999999500e+01  1.9549040556049994e-04  6.0526453710377485e-05  4.5974816085410678e-05  -8.5582475883756200e-09  1.1421025494789323e-04  -9.4407739335126587e-08  -5.7585506252770362e-05  -2.2488103858526346e-06  1.9399855599371932e-04  -6.0547624805812524e-05  9.6884260366124646e-05  4.8404452314200222e-06  -5.2108375287966539e-06  6.2792783668283008e-08  8.0048307302948313e-06  6.2527805756163461e-09  -1.2017677195105185e-05  3.9883033474425797e-07  9.6206740332543676e-05  -4.8845652817308873e-06
1.7866666666666202e+01  1.9297870827816589e-04  6.0412389436839415e-05  4.6621732081151071e-05  5.2045398129961987e-08  1.2666893112602793e-04  -1.1895105351712404e-07  -5.6108414153314533e-05  -2.2769728814809806e-06  1.9153441911871772e-04  -6.0414783743109834e-05  9.7435496488069479e-05  5.0643182605061078e-06  -5.5971116395950099e-06  1.5492376506334130e-07  1.1252588070742032e-05  8.4110037294015570e-08  -1.2523057638670545e-05  2.7486102106608229e-07  9.6855588175015589e-05  -4.9911387121422424e-06
1.8133333333332899e+01  1.8986955197044416e-04  6.0209772772321366e-05  4.7378389609190009e-05  3.8865043898003044e-08  1.3987550834943739e-04  -1.5574374705178720e-07  -5.4492851213748745e-05  -2.2814073357744091e-06  1.8841317023476423e-04  -6.0208407561940844e-05  9.8163435418017290e-05  5.0545812916680336e-06  -5.7377485182200246e-06  5.5582643708422495e-08  1.4798306942665872e-05  2.4997387537407170e-08  -1.2741415648331270e-05  2.2014268580972412e-07  9.7445719072305687e-05  -4.9799869189186978e-06
1.8399999999999601e+01  1.8614420633997238e-04  5.9968166003340393e-05  4.8199132815157164e-05  3.7495573648078242e-08  1.5375952834207788e-04  -1.7143783314029966e-07  -5.2824482137384630e-05  -2.3086065408067301e-06  1.8462740503041728e-04  -5.9980172237079882e-05  9.8855914788924625e-05  4.9709935790754283e-06  -6.0471473674020455e-06  -4.0738004862593702e-08  1.8626912042125458e-05  -5.8998037032465461e-08  -1.3066222870913619e-05  2.8840385978518920e-07  9.8068777310848809e-05  -4.9954421378314318e-06
1.8666666666666298e+01  1.8174418680818712e-04  5.9754317666237327e-05  4.9054386415915306e-05  9.5431736121391785e-08  1.6830995025247155e-04  -1.5551345030013587e-07  -5.1155310443993856e-05  -2.3786777210238725e-06  1.8017825612020861e-04  -5.9783740668883701e-05  9.9325103448773719e-05  5.0260124852189446e-06  -6.6038497055458784e-06  -5.6418484367891335e-08  2.2733934091445212e-05  -2.2151561429979674e-08  -1.3671874376953096e-05  4.5916949952192909e-07  9.8703217291224503e-05  -5.0612314277403912e-06
1.8933333333333000e+01  1.7658749580478611e-04  5.9605349603623756e-05  4.9968329031495253e-05  1.8775433190403992e-07  1.8363006274913505e-04  -1.2249794728653024e-07  -4.9472472384036893e-05  -2.4578786013694245e-06  1.7503206482744947e-04  -5.9637468783931783e-05  9.9851669502470068e-05  5.1629095460543794e-06  -7.1832204500646857e-06  -7.7501052981784484e-08  2.6895436312290672e-05  5.2966245076412339e-08  -1.4354091074938015e-05  6.1776987866800029e-07  9.9393428858616305e-05  -5.1205097439029293e-06
1.9199999999999701e+01  1.7061606452254351e-04  5.9512497846667369e-05  5.0993239971983519e-05  2.6402613004802005e-07  1.9988111693384068e-04  -9.9110911820250945e-08  -4.7725175320050993e-05  -2.4953910562320235e-06  1.6912374122229421e-04  -5.9528908004193186e-05  1.0074026004479919e-04  5.1913638571642723e-06  -7.6900500900609265e-06  -1.0314186287138503e-07  3.0795520005363143e-05  1.4787942391621595e-08  -1.4894772558113562e-05  6.2177318893070377e-07  1.0022901220010039e-04  -5.1545395973527442e-06
1.9466666666666502e+01  1.6383944079006798e-04  5.9431497373669168e-05  5.2153612739100873e-05  3.1221324243890253e-07  2.1714696129712489e-04  -1.0486720313084433e-07  -4.5859813079545840e-05  -2.4862828634653519e-06  1.6240543762172625e-04  -5.9431829027120750e-05  1.0186987838814871e-04  5.1150212113911294e-06  -8.1830673710672069e-06  -3.1812281643838314e-08  3.4554368062646972e-05  -6.3641778261684103e-08  -1.5277888022546132e-05  4.6782093790213739e-07  1.0114184853032519e-04  -5.1555127089881579e-06
1.9733333333333199e+01  1.5631713666474815e-04  5.9313531868627868e-05  5.3425201181841759e-05  3.6911782484799587e-07  2.3536128140708450e-04  -1.3738681763329338e-07  -4.3844192149331950e-05  -2.4837749526425321e-06  1.5487444148252509e-04  -5.9318516422246895e-05  1.0300046701658683e-04  5.1175106983414714e-06  -8.6921090443621671e-06  1.2455450106180599e-07  3.8505190640564897e-05  -3.4140573646766116e-08  -1.5666520086809945e-05  2.9449672738340442e-07  1.0207503261932643e-04  -5.1571043567808334e-06
1.9999999999999901e+01  1.4807780296989699e-04  5.9141309436320427e-05  5.4769241563241283e-05  4.7176366283108076e-07  2.5438676425626044e-04  -1.7426414050736989e-07  -4.1681734595868519e-05  -2.5429535655690732e-06  1.4654586599567701e-04  -5.9172451201686448e-05  1.0419794418597320e-04  5.2558950258951808e-06  -9.2255897025101514e-06  2.4676593797771744e-07  4.2573299744220168e-05  4.4487731465665069e-08  -1.6235303289802367e-05  1.9769805788956530e-07  1.0321449462162986e-04  -5.2300027489280823e-06
2.0266666666666602e+01  1.3905746698617566e-04  5.8942810747088679e-05  5.6176810637471007e-05  6.1086361716261846e-07  2.7416613431156171e-04  -1.9058168074299227e-07  -3.9409399524381258e-05  -2.6633847729893497e-06  1.3740677468396356e-04  -5.9000299859970998e-05  1.0570219101866489e-04  5.3828545209941134e-06  -9.7913487892505079e-06  3.0952001794770455e-07  4.6464360379079749e-05  3.8268269663414103e-08  -1.6933393657754569e-05  1.6553815697303703e-07  1.0470967239337629e-04  -5.3426979501386602e-06
2.0533333333333299e+01  1.2912782105329516e-04  5.8768681953251916e-05  5.7674424563685170e-05  7.3831153184900208e-07  2.9479125937700255e-04  -1.7744264194833192e-07  -3.7074831040659686e-05  -2.7935141171269384e-06  1.2740376673365375e-04  -5.8830516985899482e-05  1.0756220414557334e-04  5.3783096800553843e-06  -1.0346814165497443e-05  3.6712964856639492e-07  5.0185784720972455e-05  -2.1975470464453914e-08  -1.7528178030240126e-05  1.7171462007327187e-07  1.0642611633635334e-04  -5.3727438410306240e-06
2.0800000000000001e+01  1.1818565886766115e-04  5.8651809782087602e-05  5.9294750956074768e-05  8.1508368131591706e-07  3.1643342357975913e-04  -1.4706640315573212e-07  -3.4703467311872436e-05  -2.8817846096738313e-06  1.1647162655223502e-04  -5.8694009124322240e-05  1.0963019064978272e-04  5.2932579705151980e-06  -1.0846160614586637e-05  3.7861817843031851e-07  5.3890983914694749e-05  -3.4999322876133993e-08  -1.7959494829769128e-05  2.1289155810180726e-07  1.0826621134334896e-04  -5.3047614027724491e-06
2.1066666666666698e+01  1.0621206205176445e-04  5.8583524829961030e-05  6.1050999323037942e-05  8.4727197272975181e-07  3.3921566500816304e-04  -1.2195096359850665e-07  -3.2277454993981120e-05  -2.9165473042737060e-06  1.0456649003842800e-04  -5.8600437576446690e-05  1.1187388150765934e-04  5.2511921184386506e-06  -1.1321663003713029e-05  2.6471347399013741e-07  5.7508617179424448e-05  -7.1780887537390855e-09  -1.8432518404149010e-05  2.7272330071663924e-07  1.1043402962371819e-04  -5.2618153750587584e-06
2.1333333333333400e+01  9.3250272190333576e-05  5.8524191791639208e-05  6.2936413629732877e-05  8.7886924705734043e-07  3.6314469523397047e-04  -1.1793292823533792e-07  -2.9744104049149456e-05  -2.9253536247635865e-06  9.1669099248342976e-05  -5.8530412685238769e-05  1.1449971527382367e-04  5.3095016849189625e-06  -1.1849196159248324e-05  1.1196794519726233e-07  6.0865627764197343e-05  2.2028010177047383e-10  -1.9086225553432837e-05  3.0860329161814307e-07  1.1316400194942813e-04  -5.3253338389096818e-06
2.1600000000000101e+01  7.9334741242475057e-05  5.8435854282545222e-05  6.4938892757054542e-05  9.5323522533981969e-07  3.8814703835789649e-04  -1.3438193949254898e-07  -2.7050666548102554e-05  -2.9479076057530666e-06  7.7762591583379795e-05  -5.8451241843612654e-05  1.1769831576879434e-04  5.4396838487129125e-06  -1.2462365415850441e-05  1.1568711601383996e-07  6.3925963533948262e-05  -1.1872800427105199e-08  -1.9808298822902035e-05  2.7035147609249366e-07  1.1643228564156658e-04  -5.4527417826356733e-06
2.1866666666666799e+01  6.4439733844965383e-05  5.8308986511061525e-05  6.7053409693363080e-05  1.0784288390090135e-06  4.1416248793052165e-04  -1.5759105726560332e-07  -2.4178816407490356e-05  -3.0092482435996524e-06  6.2814684918671921e-05  -5.8342955449615263e-05  1.2139562237217565e-04  5.5900236306645103e-06  -1.3124296687562801e-05  3.1301683811110303e-07  6.6731078498018004e-05  -1.4514527397985524e-09  -2.0449901952497899e-05  1.4959342036734882e-07  1.2006277062108801e-04  -5.5738901591235962e-06
2.2133333333333500e+01  4.8483778675503352e-05  5.8164411841682903e-05  6.9286014295832313e-05  1.2236014899767834e-06  4.4121204537440867e-04  -1.7249411314473482e-07  -2.1150798386149021e-05  -3.1080662997662317e-06  4.6780657441406392e-05  -5.8212151292009978e-05  1.2535843279028487e-04  5.7215087681724159e-06  -1.3759581719144333e-05  5.2124586390675492e-07  6.9322622838953343e-05  3.7974493844369460e-08  -2.1018344036001166e-05  2.2792104796800446e-08  1.2394202536682300e-04  -5.6645720970764115e-06
2.2400000000000201e+01  3.1374805854302669e-05  5.8033480985782193e-05  7.1651711382787579e-05  1.3463995498985659e-06  4.6938832010068700e-04  -1.7259938527673375e-07  -1.8004074191712086e-05  -3.2221437168435142e-06  2.9618128305325349e-05  -5.8083229789207742e-05  1.2946976112741210e-04  5.7898475064088418e-06  -1.4314448683542169e-05  5.5319112351370297e-07  7.1816954580045182e-05  6.8718469271924311e-08  -2.1588809563317544e-05  -6.7367414533419376e-10  1.2805736867499727e-04  -5.7133776750323776e-06
2.2666666666666998e+01  1.3054749646115854e-05  5.7934989928269685e-05  7.4169099779114456e-05  1.4266786074111217e-06  4.9878643327580248e-04  -1.6175514041492352e-07  -1.4757806245044042e-05  -3.3250558855420699e-06  1.1296496058256017e-05  -5.7977319500365167e-05  1.3379683115362045e-04  5.7512761245887037e-06  -1.4805251188073276e-05  3.9439249341306432e-07  7.4381957892204133e-05  5.5325264942807259e-08  -2.2173347287471410e-05  1.0969013085158887e-07  1.3243075597198955e-04  -5.6957313226808657e-06
2.2933333333333699e+01  -6.4898885331656213e-06  5.7865598004191456e-05  7.6853058194314809e-05  1.4790608592497646e-06  5.2944670084561715e-04  -1.4894570692580231e-07  -1.1398513873742307e-05  -3.4032624513302416e-06  -8.2077662689016137e-06  -5.7897868456567007e-05  1.3842686569844647e-04  5.6229061852099040e-06  -1.5307476789240245e-05  1.6730210226069824e-07  7.7063044539688443e-05  2.7091331808122924e-09  -2.2744009446818000e-05  2.7653615305228013e-07  1.3707009451902692e-04  -5.6173587915512862e-06
2.3200000000000401e+01  -2.7253963142358163e-05  5.7807011941858314e-05  7.9707625802069929e-05  1.5371626266244653e-06  5.6136112509724682e-04  -1.4163338681560742e-07  -7.8932975624856384e-06  -3.4626917764268565e-06  -2.8924324121131406e-05  -5.7832422042053721e-05  1.4332952070225720e-04  5.5079173973572655e-06  -1.5889398815514355e-05  6.3398625031855387e-09  7.9724934204955430e-05  -4.6560302743561412e-08  -2.3307537179134208e-05  3.9347307386112802e-07  1.4194832419070846e-04  -5.5465859112227610e-06
2.3466666666667098e+01  -4.9247970843825536e-05  5.7740939572296464e-05  8.2724439109404819e-05  1.6262766170116867e-06  5.9452312812235454e-04  -1.4206838387901698e-07  -4.2152111941716475e-06  -3.5215000269471920e-06  -5.0895677556302615e-05  -5.7764970319981513e-05  1.4837904187788237e-04  5.5209225414482874e-06  -1.6556451357652407e-05  -1.7226295251470076e-08  8.2215731063804828e-05  -5.0395933258876925e-08  -2.3906710344459114e-05  4.0619726901140230e-07  1.4699742089679149e-04  -5.5661166161131959e-06
2.3733333333333800e+01  -7.2510577123254129e-05  5.7660119088604897e-05  8.5891386914832470e-05  1.7476103698172447e-06  6.2896033799331348e-04  -1.4755279892818353e-07  -3.5724439713651773e-07  -3.5959477075995097e-06  -7.4169273580551321e-05  -5.7686975753329355e-05  1.5344958958139797e-04  5.6836207990559684e-06  -1.7257028702050950e-05  8.4077669744596922e-08  8.4555470204076297e-05  -5.2558282910159987e-09  -2.4569091647696053e-05  3.3095186252805872e-07  1.5211926793746446e-04  -5.6926842719490877e-06
2.4000000000000501e+01  -9.7095292993892743e-05  5.7569562434220796e-05  8.9206797046218183e-05  1.8832666220644237e-06  6.6472323295024144e-04  -1.5326182203578595e-07  3.6741508114865144e-06  -3.6903724038281956e-06  -9.8783863437525843e-05  -5.7600139691478373e-05  1.5847452505630212e-04  5.9019150301511681e-06  -1.7931419506089156e-05  2.2448886894209828e-07  8.6947250670735423e-05  5.2422292957194762e-08  -2.5271682885008031e-05  2.2846650489186249e-07  1.5721408979148211e-04  -5.8560785762292790e-06
2.4266666666667199e+01  -1.2305057421166924e-04  5.7480052704604365e-05  9.2685564256009875e-05  2.0130057158438055e-06  7.0185556724447246e-04  -1.5554375066294063e-07  7.8738728855917532e-06  -3.7971696132696492e-06  -1.2476497533261025e-04  -5.7512148899331647e-05  1.6344478679502188e-04  6.0457244059336564e-06  -1.8550810911457819e-05  2.9770294611203061e-07  8.9619881530399265e-05  8.1041704263258505e-08  -2.5953653063941684e-05  1.6417817325611491e-07  1.6221804264465983e-04  -5.9602264409349976e-06
2.4533333333333900e+01  -1.5041174928806205e-04  5.7400164109841730e-05  9.6349608377887912e-05  2.1275969738132411e-06  7.4038314515882816e-04  -1.5385194744387426e-07  1.2244648347112773e-05  -3.9043164801146625e-06  -1.5213327172360742e-04  -5.7430573132141190e-05  1.6837135309139532e-04  6.0539858565296856e-06  -1.9121203696748524e-05  2.5403027552722411e-07  9.2663329893541104e-05  6.8876243317673138e-08  -2.6567105337831358e-05  1.7231161080792004e-07  1.6712524164912208e-04  -5.9651804839444889e-06
2.4800000000000601e+01  -1.7920620353972284e-04  5.7332050438261253e-05  1.0021212305678148e-04  2.2308180456469053e-06  7.8032645841981580e-04  -1.5036480473032969e-07  1.6792810764061205e-05  -4.0036353840582815e-06  -1.8091589815958251e-04  -5.7358922101524669e-05  1.7325269079663085e-04  5.9727466790485731e-06  -1.9667070889567884e-05  1.3678563340761484e-07  9.5997537560267224e-05  3.7676611164567959e-08  -2.7119256158725127e-05  2.3973393300814339e-07  1.7197156851866824e-04  -5.9133083390856948e-06
2.5066666666667299e+01  -2.0946125872175542e-04  5.7272279815842660e-05  1.0427209920037652e-04  2.3327614228498679e-06  8.2171522247011480e-04  -1.4785801566013021e-07  2.1523557273371834e-05  -4.0945996339382698e-06  -2.1114967168585637e-04  -5.7295999231915106e-05  1.7807855820809240e-04  5.9023423403196407e-06  -2.0215252855551352e-05  4.0387290836207624e-08  9.9474422233239763e-05  1.7571598217260713e-08  -2.7660983768228165e-05  3.1881419073602593e-07  1.7679396820239967e-04  -5.8813660927627722e-06
2.5333333333334000e+01  -2.4120706569170171e-04  5.7215562679415601e-05  1.0852323207638428e-04  2.4418710522292875e-06  8.6458780714755300e-04  -1.4759217638221903e-07  2.6442194833324172e-05  -4.1827924024493613e-06  -2.4287545181821856e-04  -5.7237750737771720e-05  1.8285429730437348e-04  5.9111200173970883e-06  -2.0783472914283384e-05  3.0272338735071712e-08  1.0300138563036401e-04  2.1091534510064704e-08  -2.8233601534496272e-05  3.6108107735027760e-07  1.8160128752846524e-04  -5.9112716681520879e-06
2.5600000000000701e+01  -2.7447587488016499e-04  5.7158283888477725e-05  1.1296552321263167e-04  2.5610188398756542e-06  9.0898096482062399e-04  -1.4877390601905672e-07  3.1557124313938683e-05  -4.2754246259600623e-06  -2.7613180773273567e-04  -5.7180099167870670e-05  1.8759619660101520e-04  5.9921839617909786e-06  -2.1372571922943437e-05  9.8075037622830643e-08  1.0659497803207586e-04  3.8579460610581124e-08  -2.8832204533545710e-05  3.4823239643825357e-07  1.8636778737649183e-04  -5.9844917026946193e-06
2.5866666666667498e+01  -3.0930174978813246e-04  5.7099964261072102e-05  1.1760765928230110e-04  2.6883162166074849e-06  9.5492443882551586e-04  -1.4968510825244314e-07  3.6878433597480140e-05  -4.3771869515328261e-06  -3.1095386016342859e-04  -5.7121213091261993e-05  1.9228753301932597e-04  6.0881391907157609e-06  -2.1967293612282018e-05  1.8315761614024641e-07  1.1035953771145737e-04  5.3230335408634322e-08  -2.9420761651208953e-05  2.9807528837074805e-07  1.9103662318617116e-04  -6.0529294867602202e-06
2.6133333333334200e+01  -3.4572122656374666e-04  5.7042580323531594e-05  1.2246100965097699e-04  2.8202252098461029e-06  1.0024448607257354e-03  -1.4923307045777397e-07  4.2413462141361463e-05  -4.4885753659048836e-06  -3.4737571356293473e-04  -5.7062130458944527e-05  1.9685142655134774e-04  6.1480600764277331e-06  -2.2547474790673831e-05  2.2799420325772305e-07  1.1442256591989895e-04  5.7376839793622037e-08  -2.9975437812199265e-05  2.4457497206225455e-07  1.9553600827950304e-04  -6.0865325937283383e-06
2.6400000000000901e+01  -3.8377345227937309e-04  5.6988800895037359e-05  1.2753426748506828e-04  2.9540890373618916e-06  1.0515721341495966e-03  -1.4761046846403380e-07  4.8165282892834779e-05  -4.6068257289994445e-06  -3.8543248810817357e-04  -5.7005614233701859e-05  2.0119352284454976e-04  6.1649284565865897e-06  -2.3100354880485098e-05  2.1520699834957364e-07  1.1885502398814400e-04  5.5469668261207828e-08  -3.0507993913703006e-05  2.1378145271384731e-07  1.9982024657703843e-04  -6.0941182666707669e-06
2.6666666666667599e+01  -4.2349962051618301e-04  5.6940380996336815e-05  1.3283341435651368e-04  3.0887487856534647e-06  1.1023418692925773e-03  -1.4579057615382548e-07  5.4135832416782499e-05  -4.7281080734748946e-06  -4.2516094643988659e-04  -5.6954181516084421e-05  2.0528920170167917e-04  6.1694545717952280e-06  -2.3624080271793203e-05  1.6601394631155622e-07  1.2361867652267006e-04  5.4998256700406385e-08  -3.1048543119582394e-05  2.1473029534528202e-07  2.0391474477098685e-04  -6.1071806878958962e-06
2.6933333333334300e+01  -4.6494199128501069e-04  5.6897527685815834e-05  1.3836396741217886e-04  3.2239505046100416e-06  1.1547935997390977e-03  -1.4458584613446221e-07  6.0329559714600214e-05  -4.8495619692599050e-06  -4.6659967200539116e-04  -5.6908704510442434e-05  2.0923170319963791e-04  6.1944137609293377e-06  -2.4124370646585948e-05  1.1798295457748334e-07  1.2858539289146238e-04  5.7058077787469718e-08  -3.1609800590366938e-05  2.4247766461397038e-07  2.0791748525426909e-04  -6.1477859277662685e-06
2.7200000000001001e+01  -5.0814183097796692e-04  5.6859348855904205e-05  1.4413163197810096e-04  3.3600698686921934e-06  1.2089672082257602e-03  -1.4412405411390246e-07  6.6753839652614055e-05  -4.9705763025104433e-06  -5.0978870615198449e-04  -5.6868410137522988e-05  2.1318602995881063e-04  6.2438652594936821e-06  -2.4611578080023316e-05  1.0529476459127604e-07  1.3362211329765212e-04  5.5615803985467552e-08  -3.2169968287881811e-05  2.8072189373217229e-07  2.1194053980730647e-04  -6.2092927822179707e-06
2.7466666666667699e+01  -5.5313641575867648e-04  5.6824813450011340e-05  1.5014168899068776e-04  3.4985794570630753e-06  1.2648993929324868e-03  -1.4399459937376622e-07  7.3416965781055148e-05  -5.0931040766568914e-06  -5.5476786539859812e-04  -5.6831936969315061e-05  2.1727560994014904e-04  6.2928163542677928e-06  -2.5097308774752912e-05  1.4616008677754192e-07  1.3867778653223938e-04  4.4859276319262666e-08  -3.2688895573988676e-05  3.0373501678520856e-07  2.1603300985863864e-04  -6.2638450438359649e-06
2.7733333333334400e+01  -5.9995781601341583e-04  5.6793442214389493e-05  1.5639917353438976e-04  3.6420601791274182e-06  1.3226222392021399e-03  -1.4372155102449612e-07  8.0326554488704439e-05  -5.2205929056992897e-06  -6.0157451758192167e-04  -5.6798406774599715e-05  2.2148819506252352e-04  6.3141514978584274e-06  -2.5586032466470778e-05  2.3302466462268336e-07  1.4381019910774876e-04  2.7030742582469237e-08  -3.3140345565120760e-05  2.8745444868687769e-07  2.2014758278303851e-04  -6.2875018147420444e-06
2.8000000000001101e+01  -6.4863614860392231e-04  5.6765402937710937e-05  1.6290987331940825e-04  3.7927082888311465e-06  1.3821658850923779e-03  -1.4310725489178403e-07  8.7489333977267773e-05  -5.3555946774582559e-06  -6.5024305333698912e-04  -5.6767813299131750e-05  2.2567801543357460e-04  6.3059287983474365e-06  -2.6067280283571695e-05  3.3059933489184822e-07  1.4913970435595210e-04  1.3143753559161738e-08  -3.3532991186309750e-05  2.2876666871584839e-07  2.2417846739188678e-04  -6.2805985121138626e-06
2.8266666666667799e+01  -6.9920539699034690e-04  5.6741287631992623e-05  1.6968080015300393e-04  3.9503564941546482e-06  1.4435637504332142e-03  -1.4225886729365899e-07  9.4911480951009094e-05  -5.4976236652330665e-06  -7.0080691845730110e-04  -5.6740835897038845e-05  2.2966845200166126e-04  6.2941042215210315e-06  -2.6520418258829084e-05  3.9227529407395836e-07  1.5476531913454514e-04  1.4923226135903293e-08  -3.3905521673002303e-05  1.5484952601467229e-07  2.2804041219023070e-04  -6.2671298513872741e-06
2.8533333333334500e+01  -7.5170571268073818e-04  5.6721932869260349e-05  1.7671984883556660e-04  4.1122936328139141e-06  1.5068549066686310e-03  -1.4140158422822356e-07  1.0259895641323872e-04  -5.6433957184312990e-06  -7.5330099423607600e-04  -5.6718508072077731e-05  2.3337749753626609e-04  6.3096538387541248e-06  -2.6931390952745116e-05  3.9117062026366876e-07  1.6070168354396001e-04  3.4112070440716507e-08  -3.4299649341752356e-05  1.0730117233891919e-07  2.3172500559819962e-04  -6.2753932005325779e-06
2.8800000000001202e+01  -8.0617864470663796e-04  5.6708287362705239e-05  1.8403538378358687e-04  4.2755418583763249e-06  1.5720802777088629e-03  -1.4068573568758557e-07  1.1055797555970751e-04  -5.7896128436119259e-06  -8.0776135033062654e-04  -5.6701915611632138e-05  2.3686796740637314e-04  6.3615776533309573e-06  -2.7304688294674316e-05  3.4262259848397396e-07  1.6688145798350422e-04  5.8856137488479244e-08  -3.4728716471735927e-05  1.0999778233638141e-07  2.3529190144330389e-04  -6.3163903268487110e-06
2.9066666666667999e+01  -8.6265947421833040e-04  5.6701162709571048e-05  1.9163597623032347e-04  4.4394612351326967e-06  1.6392764985762578e-03  -1.4012309799687982e-07  1.1879548303573998e-04  -5.9357540410083412e-06  -8.6422250160398447e-04  -5.6691884806765300e-05  2.4028805809006828e-04  6.4291434375247554e-06  -2.7657665438681530e-05  2.9608389611738912e-07  1.7321688973670734e-04  7.1826212407282768e-08  -3.5164865646232285e-05  1.4872073010078398e-07  2.3881099981422842e-04  -6.3763726476712804e-06
2.9333333333334700e+01  -9.2117474306287151e-04  5.6700922976038198e-05  1.9952995305472666e-04  4.6061022253630525e-06  1.7084744208123786e-03  -1.3964949229852053e-07  1.2731921702126585e-04  -6.0842363798816402e-06  -9.2271556700085117e-04  -5.6688723270890489e-05  2.4375794594807171e-04  6.4788914439761457e-06  -2.8003804573772701e-05  2.9940836692925894e-07  1.7966484269681010e-04  6.4154058413792276e-08  -3.5557130170706108e-05  1.8208736922112388e-07  2.4231065704384777e-04  -6.4279263350617091e-06
2.9600000000001401e+01  -9.8174783874976999e-04  5.6707360027688913e-05  2.0772496178140349e-04  4.7781801770552687e-06  1.7797037633355403e-03  -1.3921674780208277e-07  1.3613741857073768e-04  -6.2380968362712559e-06  -9.8326977195193179e-04  -5.6692177186653444e-05  2.4729375846034931e-04  6.4912284359405451e-06  -2.8341651166337951e-05  3.6355321604445024e-07  1.8624231970807277e-04  4.3031975990678618e-08  -3.5868347227101011e-05  1.7476723695421115e-07  2.4577150572861219e-04  -6.4502855582460997e-06
2.9866666666668099e+01  -1.0444069809595142e-03  5.6719880499870731e-05  2.1622822694136864e-04  4.9568619282946886e-06  1.8529982019213900e-03  -1.3882920615462048e-07  1.4525865263910562e-04  -6.3986853921657557e-06  -1.0459157405841120e-03  -5.6701651842068289e-05  2.5081821547101384e-04  6.4747930371753700e-06  -2.8657212447320119e-05  4.5603607298929059e-07  1.9299171047688451e-04  2.5913889677037588e-08  -3.6101218833738320e-05  1.2412355815861546e-07  2.4915886971517632e-04  -6.4436825650551842e-06
3.0133333333334800e+01  -1.1091881239076221e-03  5.6737891099041455e-05  2.2504745624844910e-04  5.1412430725740168e-06  1.9283955567213880e-03  -1.3852320903602711e-07  1.5469184791547155e-04  -6.5652602504685321e-06  -1.1106872986557143e-03  -5.6716577143163959e-05  2.5423443793343294e-04  6.4580742179094246e-06  -2.8933995176518967e-05  5.2702880767733730e-07  1.9993874023975701e-04  2.6358648836447363e-08  -3.6292172374040007e-05  5.8938202560518613e-08  2.5245769391424647e-04  -6.4277620678290769e-06
3.0400000000001501e+01  -1.1761316779145960e-03  5.6761149972164720e-05  2.3419144283441749e-04  5.3294145052477213e-06  2.0059346234804635e-03  -1.3833887680762813e-07  1.6444621813846818e-04  -6.7361499873177957e-06  -1.1776209879252801e-03  -5.6736732707293832e-05  2.5749773191303742e-04  6.4664898809452561e-06  -2.9161619863154716e-05  5.4580504962822817e-07  2.0707975380776338e-04  4.3896997284369423e-08  -3.6479384483232755e-05  1.4337865146033608e-08  2.5568182848619009e-04  -6.4261154273140920e-06
3.0666666666668199e+01  -1.2452782234105226e-03  5.6789865350538101e-05  2.4366971560798364e-04  5.5198486493364303e-06  2.0856540747758944e-03  -1.3830652047134414e-07  1.7453093422865407e-04  -6.9100624092975309e-06  -1.2467552084676626e-03  -5.6762340459511626e-05  2.6063441937879931e-04  6.5038956681219648e-06  -2.9339414957338101e-05  5.1965194330962266e-07  2.1439721241774026e-04  6.5977653161519464e-08  -3.6672775713311907e-05  5.6201379243391966e-09  2.5885653391890439e-04  -6.4490948342561897e-06
3.0933333333334900e+01  -1.3166674328017624e-03  5.6824464038607402e-05  2.5349171019175805e-04  5.7122149445395847e-06  2.1675948194891368e-03  -1.3843188247840638e-07  1.8495485422916329e-04  -7.0867560763124264e-06  -1.3181300888365120e-03  -5.6793830618771900e-05  2.6370605947974139e-04  6.5523563292639105e-06  -2.9475473956419086e-05  4.8399213198092036e-07  2.2187838909342540e-04  7.8932800795282383e-08  -3.6850070625163867e-05  2.0822004395124843e-08  2.6199384933237659e-04  -6.4878389373373750e-06
3.1200000000001602e+01  -1.3903389257074530e-03  5.6865220237086481e-05  2.6366638045312177e-04  5.9074818028824767e-06  2.2518012196997006e-03  -1.3868165602558166e-07  1.9572660365433248e-04  -7.2671088440381831e-06  -1.3917867279319659e-03  -5.6831457050022590e-05  2.6675844020188663e-04  6.5882396954170854e-06  -2.9581419780863485e-05  4.7477416084737754e-07  2.2952014255449933e-04  7.7870778812304820e-08  -3.6978485272869425e-05  3.4110998402936008e-08  2.6508270199440871e-04  -6.5231492231489683e-06
3.1466666666668299e+01  -1.4663316520018997e-03  5.6912104951727633e-05  2.7420250543170504e-04  6.1073663598378992e-06  2.3383173115542641e-03  -1.3900062910583880e-07  2.0685492438988996e-04  -7.4526528159017465e-06  -1.4677647246386788e-03  -5.6875143802490044e-05  2.6979637013183441e-04  6.5999625409588781e-06  -2.9663948085872373e-05  5.0480267114607588e-07  2.3732349540963706e-04  6.8099731396062665e-08  -3.7039543491480548e-05  2.6384085452364137e-08  2.6810049641223403e-04  -6.5408348946894449e-06
3.1733333333335001e+01  -1.5446819473247729e-03  5.6965018421028735e-05  2.8510913228693702e-04  6.3132506129668993e-06  2.4271813930205940e-03  -1.3936058649887854e-07  2.1834894118208728e-04  -7.6445675243284421e-06  -1.5460999481758241e-03  -5.6924750537538097e-05  2.7279349387409777e-04  6.5934566759131465e-06  -2.9718327912572071e-05  5.5956519099604028e-07  2.4529040846975640e-04  5.8985434723923148e-08  -3.7035858729321850e-05  -3.0369375026477333e-09  2.7103289338699257e-04  -6.5406585129058884e-06
3.2000000000001698e+01  -1.6254237653602446e-03  5.7024152338385872e-05  2.9639555812479386e-04  6.5251672134414382e-06  2.5184264836282380e-03  -1.3978506704147757e-07  2.3021801690436368e-04  -7.8426701428974600e-06  -1.6268256558819856e-03  -5.6980480741760975e-05  2.7571636083991981e-04  6.5837110889791402e-06  -2.9730180178991574e-05  6.1242332708469374e-07  2.5342679920815458e-04  5.6742030438840169e-08  -3.6979932518660516e-05  -4.0188956128403646e-08  2.7388187344365460e-04  -6.5330066088088836e-06
3.2266666666668499e+01  -1.7085922864923117e-03  5.7090076708810410e-05  3.0807088426386062e-04  6.7418535976268644e-06  2.6120885236137511e-03  -1.4031378282779553e-07  2.4247120105889931e-04  -8.0454514708993209e-06  -1.7099767247356320e-03  -5.7042967276753872e-05  2.7854038236687468e-04  6.5823194543543123e-06  -2.9685169336145798e-05  6.4544194778875010e-07  2.6174470297775750e-04  6.1546301910494661e-08  -3.6881155609801955e-05  -6.9846751162702350e-08  2.7665602764281069e-04  -6.5287762069703766e-06
3.2533333333335200e+01  -1.7942270084879025e-03  5.7163443846465469e-05  3.2014373010638003e-04  6.9621630992078865e-06  2.7082144903429728e-03  -1.4095630831723196e-07  2.5511682650865546e-04  -8.2514962051247860e-06  -1.7955926459808245e-03  -5.7112908558287251e-05  2.8125380824501733e-04  6.5914903307227704e-06  -2.9578076749729016e-05  6.5964071178672672e-07  2.7025665603714417e-04  6.9452233082485951e-08  -3.6742023964776000e-05  -8.6542320798073203e-08  2.7935627429849649e-04  -6.5323514477276996e-06
3.2800000000001901e+01  -1.8823699310040968e-03  5.7244598479846135e-05  3.3262259881209960e-04  7.1865939463427974e-06  2.8068607905591732e-03  -1.4170536248934663e-07  2.6816299232049765e-04  -8.4610384042290995e-06  -1.8837155470781699e-03  -5.7190618461248163e-05  2.8385782670683758e-04  6.6063448449021530e-06  -2.9413356092453319e-05  6.6852018175485689e-07  2.7896611214020366e-04  7.6112555579018926e-08  -3.6560019114569345e-05  -9.5250259339579475e-08  2.8197336126866584e-04  -6.5417709284482670e-06
3.3066666666668603e+01  -1.9730600032047798e-03  5.7333461676858156e-05  3.4551668347913324e-04  7.4171820062751367e-06  2.9080815736588564e-03  -1.4258640420780126e-07  2.8161883736611739e-04  -8.6758927118704658e-06  -1.9743847144057512e-03  -5.7275954738440565e-05  2.8636605030773593e-04  6.6202102270187894e-06  -2.9198187516576513e-05  6.8328731874235623e-07  2.8786517075588089e-04  7.9404509955890850e-08  -3.6328422227297256e-05  -1.0371001542293315e-07  2.8449825427402528e-04  -6.5524641200466773e-06
3.3333333333335297e+01  -2.0663298533805515e-03  5.7429786369830067e-05  3.5883632095459750e-04  7.6555701419684645e-06  3.0119175701526718e-03  -1.4365005663596344e-07  2.9549532106147103e-04  -8.8976000759682922e-06  -2.0676330775931920e-03  -5.7368696693328872e-05  2.8879844699355940e-04  6.6283182587611833e-06  -2.8935552015778689e-05  7.0451058151031452e-07  2.9694432162684034e-04  7.9970275071529324e-08  -3.6037472523708361e-05  -1.1536354900082554e-07  2.8693153649331769e-04  -6.5599900335823636e-06
3.3600000000001998e+01  -2.1622088787211012e-03  5.7533543999249482e-05  3.7259267044264990e-04  7.9011869434900115e-06  3.1183974309785282e-03  -1.4489215761763473e-07  3.0980448705808603e-04  -9.1256919629246101e-06  -2.1634895539200424e-03  -5.7468957000710387e-05  2.9116757020376891e-04  6.6295204122411847e-06  -2.8622772550017297e-05  7.2682700126500959e-07  3.0620465935093640e-04  8.0109349964161313e-08  -3.5679845431515968e-05  -1.2958987953179483e-07  2.8927990829495041e-04  -6.5614810960532104e-06
3.3866666666668699e+01  -2.2607299775260128e-03  5.7645094914406048e-05  3.8679718417327204e-04  8.1516266510969042e-06  3.2275528131752293e-03  -1.4621038095997752e-07  3.2455807668015655e-04  -9.3580466069070875e-06  -2.2619856037851523e-03  -5.7577170082445260e-05  2.9346572379375065e-04  6.6266261381547935e-06  -2.8254850565358289e-05  7.4891437046269405e-07  3.1565883890070180e-04  8.1951978163319696e-08  -3.5256493094576024e-05  -1.4683988241546919e-07  2.9154352965676545e-04  -6.5571782693377319e-06
3.4133333333335401e+01  -2.3619327484730025e-03  5.7765025349824060e-05  4.0146156974428873e-04  8.4051145367752854e-06  3.3394336462183542e-03  -1.4747697854609230e-07  3.3976726107109957e-04  -9.5931644866690663e-06  -2.3631598148289462e-03  -5.7693714934438268e-05  2.9566616094214311e-04  6.6244671368332704e-06  -2.7828318195025157e-05  7.7576973787013933e-07  3.2531973722688937e-04  8.6022883449403284e-08  -3.4774635609608894e-05  -1.7039281104051778e-07  2.9370953577520823e-04  -6.5508215831808196e-06
3.4400000000002102e+01  -2.4658589475353341e-03  5.7893865803955151e-05  4.1659795833436791e-04  8.6625788408500748e-06  3.4541059725887030e-03  -1.4864518424546522e-07  3.5544357279547120e-04  -9.8320539422308938e-06  -2.4670552258643334e-03  -5.7818712958119816e-05  2.9774133166625974e-04  6.6258676605525056e-06  -2.7341738216222372e-05  8.1052071533889977e-07  3.3519026793918789e-04  9.1154355407791506e-08  -3.4238224632221156e-05  -2.0115833190328146e-07  2.9576112849254740e-04  -6.5468231497573649e-06
3.4666666666668803e+01  -2.5725443667790069e-03  5.8031935405997920e-05  4.3221881023206184e-04  8.9268909548645022e-06  3.5716309090584944e-03  -1.4975182687374178e-07  3.7159953888338520e-04  -1.0077560883417109e-05  -2.5737109807065723e-03  -5.7952279862076103e-05  2.9968407384404664e-04  6.6289982461888487e-06  -2.6792369579126292e-05  8.4690063222849567e-07  3.4526550958538472e-04  9.5762190629773928e-08  -3.3641306733883680e-05  -2.3241399427608069e-07  2.9769334053519956e-04  -6.5460535220264000e-06
3.4933333333335497e+01  -2.6820161667270338e-03  5.8179293391080067e-05  4.4833730182633046e-04  9.1997285588499034e-06  3.6920462502538880e-03  -1.5082697030138925e-07  3.8824874471382002e-04  -1.0331584145431458e-05  -2.6831566296248162e-03  -5.8094778731049185e-05  3.0151139893214081e-04  6.6293569547396570e-06  -2.6173103153411914e-05  8.7388909847606752e-07  3.5554244476934216e-04  9.9260582867393922e-08  -3.2971967965820474e-05  -2.5392880729157956e-07  2.9951668543165772e-04  -6.5450116179344409e-06
3.5200000000002198e+01  -2.7942990387207641e-03  5.8335736054860457e-05  4.6496869955219228e-04  9.4795459599195771e-06  3.8153728028324468e-03  -1.5185400851132606e-07  4.0540634812640843e-04  -1.0593212388246018e-05  -2.7954154179737809e-03  -5.8246573724450175e-05  3.0324552842564336e-04  6.6245857498630122e-06  -2.5474873891126720e-05  8.8903384465606475e-07  3.6602418787822335e-04  1.0225194070057756e-07  -3.2222372790585230e-05  -2.6377339374624234e-07  3.0124274814961009e-04  -6.5397551840393715e-06
3.5466666666668999e+01  -2.9094233094553359e-03  5.8501055116294071e-05  4.8213055804081266e-04  9.7633672799952857e-06  3.9416398100486994e-03  -1.5283341454928638e-07  4.2308908252651446e-04  -1.0860091718315911e-05  -2.9105131538523085e-03  -5.8407677191333511e-05  3.0489047954927284e-04  6.6168487980176514e-06  -2.4693671993074144e-05  9.0450478179518570e-07  3.7671465874809909e-04  1.0548013646547894e-07  -3.1393971499442093e-05  -2.7394266144793166e-07  3.0286824432329920e-04  -6.5301992281667587e-06
3.5733333333335700e+01  -3.0274266656599557e-03  5.8675655459219138e-05  4.9983946485620146e-04  1.0050451981020858e-05  4.0709014961108920e-03  -1.5383270427595164e-07  4.4131247798015298e-04  -1.1131379092572282e-05  -3.0284836482272928e-03  -5.8578094257788641e-05  3.0642823405457826e-04  6.6103850193651849e-06  -2.3833835638441920e-05  9.3658373625970902e-07  3.8761254258097263e-04  1.0888532214242080e-07  -3.0492697062151509e-05  -3.0022165788546791e-07  3.0437720363022037e-04  -6.5200112719623558e-06
3.6000000000002402e+01  -3.1483497263011554e-03  5.8860901534064899e-05  5.1810742468487957e-04  1.0343061435169403e-05  4.2032288033103313e-03  -1.5493178580548978e-07  4.6008745486352757e-04  -1.1408404640493213e-05  -3.1493667536348735e-03  -5.8758627869205889e-05  3.0783739697867919e-04  6.6073026155181666e-06  -2.2901747069720949e-05  9.8860879948866537e-07  3.9871312665282611e-04  1.1181712505864867e-07  -2.9519409963025428e-05  -3.4534896314708341e-07  3.0575833912044000e-04  -6.5126653573927556e-06
3.6266666666669103e+01  -3.2722309272856906e-03  5.9058410493515023e-05  5.3694421872811128e-04  1.0643220372959198e-05  4.3386888308252890e-03  -1.5615477432060444e-07  4.7942264700215689e-04  -1.1692315018545133e-05  -3.2732024532387840e-03  -5.8950867319936624e-05  3.0911306935066726e-04  6.6060003992805341e-06  -2.1896053903426300e-05  1.0461866808634021e-06  4.1001572642993629e-04  1.1396268568064788e-07  -2.8465620637301080e-05  -3.9460206368709509e-07  3.0701560004280705e-04  -6.5082258776534931e-06
3.6533333333335797e+01  -3.3991028524247243e-03  5.9268742949753506e-05  5.5636512240351491e-04  1.0950100823302879e-05  4.4773329987446778e-03  -1.5750815719015341e-07  4.9933280710150445e-04  -1.1982420306293084e-05  -3.4000256301403558e-03  -5.9155951954616188e-05  3.1026791484831503e-04  6.6031387911831795e-06  -2.0806600164311535e-05  1.0904140710816231e-06  4.2152818151042860e-04  1.1576050416098634e-07  -2.7319616706446585e-05  -4.2981216399385581e-07  3.0816027452376763e-04  -6.5038161149554939e-06
3.6800000000002498e+01  -3.5289903886513187e-03  5.9491070713081160e-05  5.7639394067805078e-04  1.1261964581231416e-05  4.6192006170821167e-03  -1.5905942860039695e-07  5.1984296868055890e-04  -1.2277895090243088e-05  -3.5298641760691907e-03  -5.9373546576849430e-05  3.1131705160443213e-04  6.5966785649856842e-06  -1.9624262364443851e-05  1.1151649569483631e-06  4.3326405960718935e-04  1.1788379529738389e-07  -2.6077382422179862e-05  -4.4657425408611263e-07  3.0919724002373552e-04  -6.4965807300370433e-06
3.7066666666669200e+01  -3.6619142006413066e-03  5.9724468481950606e-05  5.9705496381792528e-04  1.1579926370568754e-05  4.7643308706645585e-03  -1.6089929935291682e-07  5.4098009365087258e-04  -1.2580181145131902e-05  -3.6627421712778475e-03  -5.9602509974599682e-05  3.1226393869525598e-04  6.5873241210681863e-06  -1.8349572747768670e-05  1.1310730094510898e-06  4.4523485693843311e-04  1.2056267454139686e-07  -2.4746098540149317e-05  -4.5642968329242243e-07  3.1012170624917845e-04  -6.4860945141761090e-06
3.7333333333335901e+01  -3.7978998993850439e-03  5.9969385179189015e-05  6.1836242862485600e-04  1.1907913188823224e-05  4.9127732308732446e-03  -1.6300793172102667e-07  5.6276021606949892e-04  -1.2892124077449634e-05  -3.7986865464632370e-03  -5.9842618948661693e-05  3.1309740440377422e-04  6.5775920431997350e-06  -1.6988690723072279e-05  1.1541216395641829e-06  4.5744221215021359e-04  1.2355030897961237e-07  -2.3334407144858589e-05  -4.7390035849997502e-07  3.1092451026036469e-04  -6.4743577928778950e-06
3.7600000000002602e+01  -3.9369834561881131e-03  6.0227511823373212e-05  6.4032197253807450e-04  1.2248530746457351e-05  5.0645884332791505e-03  -1.6522138787188775e-07  5.8518791576850446e-04  -1.3214773317277336e-05  -3.9377305046324872e-03  -6.0095282506075716e-05  3.1379780942978952e-04  6.5695117861928310e-06  -1.5541089789943702e-05  1.1919342116044024e-06  4.6987574542565178e-04  1.2659622241336631e-07  -2.1838700417914250e-05  -5.0406303758220622e-07  3.1159477237706031e-04  -6.4636661605367772e-06
3.7866666666669303e+01  -4.0792043734736976e-03  6.0500294975011458e-05  6.6294504165890274e-04  1.2600277932924930e-05  5.2198394056969938e-03  -1.6737680163177678e-07  6.0827151073545877e-04  -1.3546333007221477e-05  -4.0799091707892669e-03  -6.0362422148437967e-05  3.1434817025686979e-04  6.5628447822532587e-06  -1.3994131178049572e-05  1.2402332395697251e-06  4.8252113333373806e-04  1.2973385773235496e-07  -2.0241093135131712e-05  -5.4212421021418415e-07  3.1212061004658143e-04  -6.4542348112641508e-06
3.8133333333335997e+01  -4.2245936861522474e-03  6.0788012394639149e-05  6.8626033033434338e-04  1.2959572930546896e-05  5.3785827745650985e-03  -1.6946508978008825e-07  6.3203714336009399e-04  -1.3884628396443633e-05  -4.2252526455715030e-03  -6.0644938824106500e-05  3.1474625101767591e-04  6.5553665285965819e-06  -1.2331815461356184e-05  1.2895772844436327e-06  4.9537576081734157e-04  1.3311287941336253e-07  -1.8522698917098550e-05  -5.8112165351086369e-07  3.1249645269932404e-04  -6.4437891805820990e-06
3.8400000000002699e+01  -4.3731715988271601e-03  6.1090470730369641e-05  7.1030782890498922e-04  1.3324757360798004e-05  5.5408723163715146e-03  -1.7160436725205375e-07  6.5652427907787834e-04  -1.4229651236909525e-05  -4.3737848937656452e-03  -6.0942582548832375e-05  3.1500793226848801e-04  6.5450534317325789e-06  -1.0548680783008832e-05  1.3335852815226675e-06  5.0845805385089579e-04  1.3673770816247012e-07  -1.6678799397271257e-05  -6.1742294312541775e-07  3.1273201026087659e-04  -6.4298005925689328e-06
3.8666666666669499e+01  -4.5249564934460714e-03  6.1408318012919145e-05  7.3512020972750676e-04  1.3697397993016349e-05  5.7067695248821512e-03  -1.7387542322112350e-07  6.8176614970318940e-04  -1.4583198614217760e-05  -4.5255282634376103e-03  -6.1255267506376231e-05  3.1515299676889704e-04  6.5321273317322759e-06  -8.6545488059339409e-06  1.3719710131252532e-06  5.2179658710407037e-04  1.4046540912365830e-07  -1.4721167863735590e-05  -6.5064161273240645e-07  3.1284609540569981e-04  -6.4123906521714532e-06
3.8933333333336201e+01  -4.6799725964821876e-03  6.1743328684430660e-05  7.6071119115200814e-04  1.4080223760074462e-05  5.8763442070991221e-03  -1.7620475109866418e-07  7.0777652172298016e-04  -1.4946834338574573e-05  -4.6805065211080439e-03  -6.1584173899417136e-05  3.1518243076933498e-04  6.5188506992398106e-06  -6.6656873727224258e-06  1.4088496849743424e-06  5.3540460391320000e-04  1.4415523242716089e-07  -1.2667145657297048e-05  -6.8222948504707272e-07  3.1284448902785478e-04  -6.3947918578831815e-06
3.9200000000002902e+01  -4.8382482857853423e-03  6.2097295687787716e-05  7.8708410524698600e-04  1.4474731663283929e-05  6.0496602848277171e-03  -1.7838574885079402e-07  7.3455793364418740e-04  -1.5321033376240619e-05  -4.8387440064864909e-03  -6.1931233762345364e-05  3.1507214274673203e-04  6.5071414660642663e-06  -4.5899780435109186e-06  1.4497527540086281e-06  5.4926597385767891e-04  1.4768801272227093e-07  -1.0525922319616892e-05  -7.1555142306993575e-07  3.1270691031838756e-04  -6.3804192395859867e-06
3.9466666666669603e+01  -4.9998108886970408e-03  6.2470631711250465e-05  8.1425269422491942e-04  1.4880800108975828e-05  6.2267645104590232e-03  -1.8018913333700461e-07  7.6212340941167901e-04  -1.5705979424260081e-05  -5.0002651769935520e-03  -6.2297418023428769e-05  3.1479453790281471e-04  6.4963559718351904e-06  -2.4169330391289080e-06  1.4984975561016346e-06  5.6335164801847169e-04  1.5086930911801504e-07  -8.2901377715001445e-06  -7.5476415081718915e-07  3.1240372734041966e-04  -6.3692051367241979e-06
3.9733333333336297e+01  -5.1646858607032990e-03  6.2862005793104043e-05  8.4225299241731926e-04  1.5297816088639245e-05  6.4076967664658509e-03  -1.8150436977499359e-07  7.9050940312141993e-04  -1.6102264314565239e-05  -5.1650963921086685e-03  -6.2681662569241515e-05  3.1434653681913370e-04  6.4835415094593480e-06  -1.1956969548092451e-07  1.5537180102820558e-06  5.7765307436444409e-04  1.5347103526808842e-07  -5.9356340104971955e-06  -8.0037443831944071e-07  3.1192734418604645e-04  -6.3569725792504711e-06
4.0000000000002998e+01  -5.3328990735995122e-03  6.3269440653747737e-05  8.7113457591449228e-04  1.5725617786727356e-05  6.5925155348609439e-03  -1.8247524879797317e-07  8.1976739738712050e-04  -1.6510466663900562e-05  -5.3332661233630261e-03  -6.3081797238676512e-05  3.1375167355925321e-04  6.4660647405440647e-06  2.3307945680726191e-06  1.6076764544515300e-06  5.9219735736865456e-04  1.5546213450353451e-07  -3.4319063904884092e-06  -8.4587887729807000e-07  3.1130141812024214e-04  -6.3388373639066398e-06
4.0266666666669700e+01  -5.5044766021636110e-03  6.3692154669528093e-05  9.0094132088347489e-04  1.6164526837968894e-05  6.7813110446081834e-03  -1.8352101476727401e-07  8.4994363896329517e-04  -1.6930476025819873e-05  -5.5048013917142627e-03  -6.3496866346931385e-05  3.1303221623727476e-04  6.4441453193389686e-06  4.9441380160606015e-06  1.6514309081910348e-06  6.0702609259521891e-04  1.5713462980197491e-07  -7.6183579919195631e-07  -8.8203692320904242e-07  3.1055417648642475e-04  -6.3136552722283573e-06
4.0533333333336401e+01  -5.6794416240605813e-03  6.4131780167866548e-05  9.3170174639514193e-04  1.6614969749928349e-05  6.9741884003234958e-03  -1.8510580121639268e-07  8.8106696307616635e-04  -1.7361718456243952e-05  -5.6797243668082397e-03  -6.3928699056786973e-05  3.1218208062550089e-04  6.4207650443103794e-06  7.7019200635426461e-06  1.6844734975092108e-06  6.2215861579840797e-04  1.5888324079999430e-07  2.0636488479279253e-06  -9.0716325858426648e-07  3.0968419814770968e-04  -6.2852740276925973e-06
4.0800000000003102e+01  -5.8578131332247055e-03  6.4591865803534111e-05  9.6343650021389095e-04  1.7077290846957249e-05  7.1712349963913976e-03  -1.8733188183566303e-07  9.1315408976989140e-04  -1.7804068162214521e-05  -5.8580537488896927e-03  -6.4381119674943857e-05  3.1117066818623528e-04  6.3988086804128784e-06  1.0572038463081603e-05  1.7188449192228378e-06  6.3757813511197507e-04  1.6082208842813607e-07  5.0151749602092219e-06  -9.3215705330205249e-07  3.0865726909633451e-04  -6.2590978274086000e-06
4.1066666666669803e+01  -6.0396090333719428e-03  6.5075789143533895e-05  9.9617145648147731e-04  1.7551765834936041e-05  7.3725055515303176e-03  -1.8974066643820994e-07  9.4622407081242609e-04  -1.8258248976026496e-05  -6.0398096216153097e-03  -6.4857364192412060e-05  3.0997241499765998e-04  6.3780388874237391e-06  1.3542178036548896e-05  1.7701100660064153e-06  6.5325655136461223e-04  1.6266043517832785e-07  8.0772970228869690e-06  -9.7193944254501265e-07  3.0743809355774482e-04  -6.2369038877276595e-06
4.1333333333336498e+01  -6.2248502875110849e-03  6.5584594107524476e-05  1.0299416823947782e-03  1.8038682283054621e-05  7.5780411713301651e-03  -1.9166596069292502e-07  9.8030779398429642e-04  -1.8725266867484943e-05  -6.2250158070476383e-03  -6.5357976801242530e-05  3.0858800584952632e-04  6.3550110593518606e-06  1.6641302266939741e-05  1.8418989690004985e-06  6.6919363500674576e-04  1.6399162052803920e-07  1.1272371623900594e-05  -1.0302943699653883e-06  3.0602091456554103e-04  -6.2149212085510392e-06
4.1600000000003199e+01  -6.4135604214345162e-03  6.6116578011110277e-05  1.0647855366655370e-03  1.8538747625099515e-05  7.7879025659906235e-03  -1.9294335261357882e-07  1.0154473267578248e-03  -1.9205858940172856e-05  -6.4136958833300806e-03  -6.5881036208328370e-05  3.0703368133027563e-04  6.3264110874591674e-06  1.9921588070221210e-05  1.9205723200266090e-06  6.8542866997036247e-04  1.6471104930485525e-07  1.4645004990917598e-05  -1.0948211163724214e-06  3.0442498489292858e-04  -6.1874412296838925e-06
4.1866666666670000e+01  -6.6057590627421744e-03  6.6669136136126753e-05  1.1007398267006002e-03  1.9053842416384177e-05  8.0021823240555012e-03  -1.9425821647270117e-07  1.0516901912125225e-03  -1.9700928949610761e-05  -6.6058656401800156e-03  -6.6424438672230065e-05  3.0531234165840179e-04  6.2926872381616677e-06  2.3410128760826187e-05  1.9874084316859768e-06  7.0200763851359133e-04  1.6517674212152703e-07  1.8216478137801423e-05  -1.1488089500954301e-06  3.0266231205925846e-04  -6.1526712320252435e-06
4.2133333333336701e+01  -6.8014558770848870e-03  6.7241401291278096e-05  1.1378424979553835e-03  1.9586930414192141e-05  8.2209852392557091e-03  -1.9662001788101001e-07  1.0890846519801692e-03  -2.0212104988951190e-05  -6.8015295632118658e-03  -6.6988150186675355e-05  3.0340103435506043e-04  6.2580490663327653e-06  2.7077235645145891e-05  2.0361827020608248e-06  7.1893638944171086e-04  1.6600474273571442e-07  2.1957016556171764e-05  -1.1874347893761097e-06  3.0071684074279821e-04  -6.1147967949574754e-06
4.2400000000003402e+01  -7.0006538617656509e-03  6.7835442689135055e-05  1.1761375161550725e-03  2.0139735991370311e-05  8.4444017584027892e-03  -2.0034534381546600e-07  1.1276768874280479e-03  -2.0740512730089724e-05  -7.0006871481281402e-03  -6.7574502316492804e-05  3.0126990836747402e-04  6.2264202856056980e-06  3.0860367730078334e-05  2.0772638605968357e-06  7.3617162269275596e-04  1.6768910996182316e-07  2.5811692395954090e-05  -1.2202533359375287e-06  2.9855884045655031e-04  -6.0798627057954170e-06
4.2666666666670103e+01  -7.2033626868987042e-03  6.8455135131666674e-05  1.2156744309036417e-03  2.0709381202778990e-05  8.6725055521377405e-03  -2.0457415951724288e-07  1.1675087561491722e-03  -2.1284028325357181e-05  -7.2033465526122539e-03  -6.8186587827857300e-05  2.9891161127898057e-04  6.1973935024871715e-06  3.4727477800471302e-05  2.1238527491984341e-06  7.5366610070213798e-04  1.7029970579350637e-07  2.9759115665083059e-05  -1.2575030284266168e-06  2.9617650382401099e-04  -6.0496622840640008e-06
4.2933333333336797e+01  -7.4096097251962678e-03  6.9104013968740574e-05  1.2565041852538143e-03  2.1288243124876372e-05  8.9053757033883997e-03  -2.0790950601780434e-07  1.2086177710080876e-03  -2.1836655783454868e-05  -7.4095345489557287e-03  -6.8826652275314864e-05  2.9634953500816982e-04  6.1665490282890853e-06  3.8716588704755788e-05  2.1752283611110687e-06  7.7142335168692267e-04  1.7341147151059538e-07  3.3841968903100929e-05  -1.2958265785703026e-06  2.9358936260412752e-04  -6.0200087127728932e-06
4.3200000000003499e+01  -7.6194342547543526e-03  6.9784097038195711e-05  1.2986787007604013e-03  2.1869829097078640e-05  9.1431143937316280e-03  -2.0962303636181160e-07  1.2510424162464201e-03  -2.2393095443423652e-05  -7.6192918560731293e-03  -6.9496042988079581e-05  2.9361733025821469e-04  6.1299695774858808e-06  4.2906869208046575e-05  2.2150649739318795e-06  7.8950146507149159e-04  1.7630689446958927e-07  3.8133871151125502e-05  -1.3193151620921322e-06  2.9083084438845375e-04  -5.9850188978231539e-06
4.3466666666670200e+01  -7.8328662556177205e-03  7.0496071203746659e-05  1.3422555697651436e-03  2.2456789267211517e-05  9.3858378498571631e-03  -2.1025479072409208e-07  1.2948315096933966e-03  -2.2955708922583309e-05  -7.8326546144574707e-03  -7.0196040937513731e-05  2.9073028142235688e-04  6.0883412959691677e-06  4.7348206598579181e-05  2.2276594381322730e-06  8.0796062723598736e-04  1.7837859047221442e-07  4.2674997351907582e-05  -1.3156068772278299e-06  2.8791834961162764e-04  -5.9428004041645517e-06
4.3733333333336901e+01  -8.0499103667498427e-03  7.1239561212210628e-05  1.3872997608934687e-03  2.3062411650164558e-05  9.6336527284503516e-03  -2.1104630676852085e-07  1.3400501644521678e-03  -2.3536252710478157e-05  -8.0496370691867571e-03  -7.0927590054665888e-05  2.8767331011069825e-04  6.0464935596340699e-06  5.2023143688597479e-05  2.2169266681924172e-06  8.2681211612766609e-04  1.7951654737077737e-07  4.7444321974255202e-05  -1.2918986175000542e-06  2.8483728431481390e-04  -5.8969260796219294e-06
4.4000000000003602e+01  -8.2705541809774321e-03  7.2012774734034495e-05  1.4338758880433778e-03  2.3701581215307290e-05  9.8866496373248534e-03  -2.1280243760102340e-07  1.3867752412737092e-03  -2.4148288735055410e-05  -8.2702326264307100e-03  -7.1689644500268906e-05  2.8441320685418478e-04  6.0088340088623046e-06  5.6880204358994392e-05  2.2096295507205746e-06  8.4602188830099284e-04  1.8020019860969057e-07  5.2396662451721643e-05  -1.2757732272786498e-06  2.8155121362572903e-04  -5.8527048178822101e-06
4.4266666666670297e+01  -8.4947950490143840e-03  7.2812779357687957e-05  1.4820370202308034e-03  2.4378290282442177e-05  1.0144925112746202e-02  -2.1524982769264900e-07  1.4350819227387590e-03  -2.4796074903764246e-05  -8.4944347120919118e-03  -7.2478655959928932e-05  2.8092316515074229e-04  5.9749907516933121e-06  6.1897759832013491e-05  2.2393518759785205e-06  8.6555911467734239e-04  1.8117572379234531e-07  5.7520712504399371e-05  -1.2995571540420599e-06  2.7802931585257809e-04  -5.8121953178749002e-06
4.4533333333336998e+01  -8.7226575048067780e-03  7.3637761198652247e-05  1.5318237573413518e-03  2.5081965649029135e-05  1.0408606483120463e-02  -2.1736440766582124e-07  1.4850323714521501e-03  -2.5470849141986372e-05  -8.7222582838467518e-03  -7.3291423786044465e-05  2.7719905669881681e-04  5.9396315685928214e-06  6.7105382892000253e-05  2.3267256994592827e-06  8.8543627858535669e-04  1.8292804039256213e-07  6.2852301062130047e-05  -1.3819201494682445e-06  2.7426718881972154e-04  -5.7725946824863193e-06
4.4800000000003699e+01  -8.9541820944026383e-03  7.4489870326280484e-05  1.5832792084822531e-03  2.5796774626054505e-05  1.0677846404963907e-02  -2.1823237001218561e-07  1.5366774097706603e-03  -2.6158604978182435e-05  -8.9537396172312649e-03  -7.4129379655455858e-05  2.7325393879654202e-04  5.8966375456376190e-06  7.2542971628592563e-05  2.4734977576983028e-06  9.0570435530912252e-04  1.8534272037528442e-07  6.8430431488265440e-05  -1.5220235126707744e-06  2.7028070379211505e-04  -5.7291437886801716e-06
4.5066666666670500e+01  -9.1893987071749554e-03  7.5375156307470997e-05  1.6364692527634324e-03  2.6514931462909717e-05  1.0952788111433940e-02  -2.1770416050971510e-07  1.5900713459062830e-03  -2.6851754886838976e-05  -9.1889133145267570e-03  -7.4999305095863156e-05  2.6909639231773670e-04  5.8439425016661634e-06  7.8211710584454247e-05  2.6698971830758985e-06  9.2641166245271294e-04  1.8776251990429684e-07  7.4249330679904656e-05  -1.7067326805860181e-06  2.6607870608565679e-04  -5.6794805580125280e-06
4.5333333333337201e+01  -9.4283148690849760e-03  7.6299410462804393e-05  1.6914907146561168e-03  2.7241903041656839e-05  1.1233539280258480e-02  -2.1649418154837710e-07  1.6452877331594078e-03  -2.7554101272827107e-05  -9.4277903472307686e-03  -7.5908453914202929e-05  2.6471361802897758e-04  5.7847072599626945e-06  8.4076274719455070e-05  2.8990132743659697e-06  9.4756257088894906e-04  1.8928976245128386e-07  8.0261519052951752e-05  -1.9165934776566648e-06  2.6164455280440263e-04  -5.6251592622470776e-06
4.5600000000003902e+01  -9.6709289174068489e-03  7.7263761750124901e-05  1.7484598480602713e-03  2.7991260519259272e-05  1.1520186784569647e-02  -2.1584019580371560e-07  1.7024214837205037e-03  -2.8277060898944437e-05  -9.6703602672739593e-03  -7.6858740842640572e-05  2.6007555411480983e-04  5.7239481339805596e-06  9.0111277314594172e-05  3.1301390247949912e-06  9.6911165425208278e-04  1.8911711552989191e-07  8.6425532844157035e-05  -2.1213913968874934e-06  2.5694738596369963e-04  -5.5690810372503451e-06
4.5866666666670604e+01  -9.9172456725766557e-03  7.8265271469255316e-05  1.8074894220039299e-03  2.8776639688261309e-05  1.1812841917624533e-02  -2.1691664416188686e-07  1.7615737825601215e-03  -2.9033323429473224e-05  -9.9166134053793632e-03  -7.7846773549125240e-05  2.5515587122592676e-04  5.6643107283106774e-06  9.6331218154332770e-05  3.3148214200868406e-06  9.9100523955300535e-04  1.8691177746700284e-07  9.2741860730074588e-05  -2.2764527339897564e-06  2.5196972499430911e-04  -5.5120545948361735e-06
4.6133333333337298e+01  -1.0167271526272564e-02  7.9302485335883211e-05  1.8686705778308945e-03  2.9606668495679718e-05  1.2111674514896512e-02  -2.2013340420376168e-07  1.8228325522817949e-03  -2.9832294648271136e-05  -1.0166556660344425e-02  -7.8870128473482512e-05  2.4995093084820833e-04  5.6055270279218715e-06  1.0276733258762880e-04  3.4034325309475482e-06  1.0132422567424543e-03  1.8329369373203499e-07  9.9239569380291494e-05  -2.3376041114565889e-06  2.4672107003986983e-04  -5.4527311466073332e-06
4.6400000000003999e+01  -1.0420997325206332e-02  8.0379489350936370e-05  1.9320716561741875e-03  3.0481596620006317e-05  1.2416905687857005e-02  -2.2463605266121367e-07  1.8862683226476716e-03  -3.0675724427295949e-05  -1.0420205709571218e-02  -7.9932351882450444e-05  2.4448116926540855e-04  5.5477730399062395e-06  1.0942304518322976e-04  3.3773520442277860e-06  1.0358990801544420e-03  1.7999793826101226e-07  1.0593735031895349e-04  -2.2916761076272574e-06  2.4122617007503637e-04  -5.3910733982300273e-06
4.6666666666670700e+01  -1.0678396638540000e-02  8.1502927241158035e-05  1.9977555707062084e-03  3.1390356373857903e-05  1.2728765058603979e-02  -2.2853559190950549e-07  1.9519537943834741e-03  -3.1553314487878787e-05  -1.0677564925371289e-02  -8.1040038804811886e-05  2.3877398706325731e-04  5.4942688988469378e-06  1.1626609910953358e-04  3.2695166483324507e-06  1.0590876340017806e-03  1.7911871180753698e-07  1.1283093973062943e-04  -2.1752131855123916e-06  2.3550286829788776e-04  -5.3308077986475097e-06
4.6933333333337401e+01  -1.0939447098270477e-02  8.2674803893331434e-05  2.0658058438676992e-03  3.2313165874496065e-05  1.3047444439338841e-02  -2.3004098313038508e-07  2.0199923091766894e-03  -3.2444820731658840e-05  -1.0938619385600513e-02  -8.2195053587908289e-05  2.3284093877986572e-04  5.4489450798791171e-06  1.2327052371458144e-04  3.1521613951724715e-06  1.0828799447399795e-03  1.8163561427532965e-07  1.1992279991764813e-04  -2.0595067731124718e-06  2.2954835110652845e-04  -5.2769445121360614e-06
4.7200000000004103e+01  -1.1204151279027018e-02  8.3889790424929918e-05  2.1363442591059122e-03  3.3234454569539732e-05  1.3373080942797599e-02  -2.2879828064801064e-07  2.0905282120226246e-03  -3.3333846393494673e-05  -1.1203347354712092e-02  -8.3391703690711117e-05  2.2666756816996982e-04  5.4107668013080558e-06  1.3046375390494557e-04  3.0987305207677492e-06  1.1072657943395430e-03  1.8650837049121591e-07  1.2725718817065915e-04  -2.0112807953932046e-06  2.2334061264329050e-04  -5.2302088842679851e-06
4.7466666666670797e+01  -1.1472532554758944e-02  8.5141183861087220e-05  2.2095264924601194e-03  3.4159396908972204e-05  1.3705783137380818e-02  -2.2628905209038980e-07  2.1637267393811478e-03  -3.4225633355090886e-05  -1.1471737592871600e-02  -8.4623382233583129e-05  2.2022621252210814e-04  5.3708914090727019e-06  1.3792991340147898e-04  3.1472189644410749e-06  1.1321731204317581e-03  1.9138647066235078e-07  1.3491694492576188e-04  -2.0595052161329598e-06  2.1685285794040813e-04  -5.1842894639741210e-06
4.7733333333337498e+01  -1.1744609598459337e-02  8.6429570042586656e-05  2.2855173987276038e-03  3.5117877703524744e-05  1.4045684629620185e-02  -2.2480426324886406e-07  2.2397404103854284e-03  -3.5151260448391887e-05  -1.1743791294872220e-02  -8.5891817946556320e-05  2.1350157146471003e-04  5.3167679813724568e-06  1.4576552360997673e-04  3.2873903485474838e-06  1.1575204812694531e-03  1.9432671796877299e-07  1.4297946626759994e-04  -2.1889380075085720e-06  2.1007270409751668e-04  -5.1291926661232207e-06
4.8000000000004199e+01  -1.2020373891905025e-02  8.7764841933936626e-05  2.3644642470807154e-03  3.6146625959082645e-05  1.4392987647047332e-02  -2.2573861667584305e-07  2.3186919796973297e-03  -3.6148625597810311e-05  -1.2019505808736062e-02  -8.7208568601788858e-05  2.0650351101550633e-04  5.2404563180050079e-06  1.5402325853347641e-04  3.4741718508836149e-06  1.1832566112298451e-03  1.9485693952824045e-07  1.5146728370373712e-04  -2.3564612383136063e-06  2.0301115915608405e-04  -5.0578481015635784e-06
4.8266666666671000e+01  -1.2299786117236734e-02  8.9159570379503507e-05  2.4464889671675354e-03  3.7260154851679147e-05  1.4747963958269258e-02  -2.2852593684878511e-07  2.4006871543550898e-03  -3.7231954702738092e-05  -1.2298855414072933e-02  -8.8586952432612225e-05  1.9925224127728439e-04  5.1440474304183882e-06  1.6268038339312921e-04  3.6538271838656034e-06  1.2093742990962684e-03  1.9364289803514394e-07  1.6032842721834441e-04  -2.5139490721376686e-06  1.9568976395243761e-04  -4.9703633667871386e-06
4.8533333333337701e+01  -1.2582785323727171e-02  9.0620874648450248e-05  2.5317060411889289e-03  3.8435238213230751e-05  1.5110911313305490e-02  -2.3096957701780385e-07  2.4858435622663209e-03  -3.8375887764351016e-05  -1.2581785190229773e-02  -9.0032830196787992e-05  1.9175083539523928e-04  5.0378053163741807e-06  1.7164720114850305e-04  3.7873915290844314e-06  1.2359110790807631e-03  1.9159135856149580e-07  1.6945710252781287e-04  -2.6263517642865291e-06  1.8811499487316179e-04  -4.8731924844401493e-06
4.8800000000004403e+01  -1.2869296142452873e-02  9.2148722056747793e-05  2.6202533070307605e-03  3.9626386261490949e-05  1.5482095167188379e-02  -2.3065168668402362e-07  2.5743131801994690e-03  -3.9531798637184324e-05  -1.2868220615806421e-02  -9.1543165180730626e-05  1.8397507234836437e-04  4.9336154855790358e-06  1.8081157771330137e-04  3.8625959040337708e-06  1.2629431683987427e-03  1.8941913146516200e-07  1.7874411782748366e-04  -2.6818742579316886e-06  1.8026632327724940e-04  -4.7750357097376004e-06
4.9066666666671097e+01  -1.3159230918281611e-02  9.3741240047520838e-05  2.7123133381885206e-03  4.0804046276837964e-05  1.5861714638804432e-02  -2.2644684593906949e-07  2.6662861469527576e-03  -4.0667448159044369e-05  -1.3158084793902619e-02  -9.3112769112332428e-05  1.7589138173164853e-04  4.8400425194108322e-06  1.9010041542259814e-04  3.8927905041035766e-06  1.2905674154034172e-03  1.8772114888353580e-07  1.8813491783644136e-04  -2.6932402106651054e-06  1.7211267718465114e-04  -4.6831284050360698e-06
4.9333333333337798e+01  -1.3452499785716273e-02  9.5400440085486609e-05  2.8081087261174024e-03  4.1984280700781646e-05  1.6249918716362881e-02  -2.1926605014569226e-07  2.7619777542594263e-03  -4.1798314684565137e-05  -1.3451316257326009e-02  -9.4741706046862339e-05  1.6748242838143980e-04  4.7619245621040292e-06  1.9952531387494956e-04  3.9059085037568055e-06  1.3188709847844710e-03  1.8705029752297412e-07  1.9766593711636853e-04  -2.6891699002699199e-06  1.6364059595495490e-04  -4.6019143184367442e-06
4.9600000000004499e+01  -1.3749041684710434e-02  9.7131261416459635e-05  2.9078720204434930e-03  4.3221440323376866e-05  1.6646873942640375e-02  -2.1173050350100752e-07  2.8616076564468903e-03  -4.2981627295267428e-05  -1.3747885503279428e-02  -9.6435528519960362e-05  1.5875319734430553e-04  4.7013262970593611e-06  2.0918128885746411e-04  3.9294983314830936e-06  1.3478992386034352e-03  1.8784435389973320e-07  2.0745414209285694e-04  -2.6991648007580421e-06  1.5486302857648364e-04  -4.5330672323339991e-06
4.9866666666671200e+01  -1.4048865335675134e-02  9.8933187980650614e-05  3.0118108674825096e-03  4.4565668224086779e-05  1.7052851650910691e-02  -2.0703070921195411e-07  2.9653834915155117e-03  -4.4273538494840388e-05  -1.4047804695946990e-02  -9.8197278840322545e-05  1.4971473473545603e-04  4.6555535610363940e-06  2.1919544966319832e-04  3.9794950201148203e-06  1.3776340887413814e-03  1.9023232953043507e-07  2.1763916912326806e-04  -2.7399572232899029e-06  1.4579872347919245e-04  -4.4745164845154646e-06
5.0133333333337902e+01  -1.4352057337024313e-02  1.0079208707175888e-04  3.1200968614915224e-03  4.6019008561597158e-05  1.7468271287345870e-02  -2.0746889203426962e-07  3.0734999536147761e-03  -4.5682207587095680e-05  -1.4351112198574252e-02  -1.0001854518315730e-04  1.4036888224320149e-04  4.6134210998613420e-06  2.2965864477304202e-04  4.0581957788197603e-06  1.4079937007139738e-03  1.9368213340065826e-07  2.2830986010803178e-04  -2.8117754872935346e-06  1.3644551496801887e-04  -4.4183981952205507e-06
5.0400000000004603e+01  -1.4658709776652418e-02  1.0268316464844332e-04  3.2328922674899670e-03  4.7527123645692800e-05  1.7893638705099194e-02  -2.1318877971972727e-07  3.1861543755176708e-03  -4.7155508222445483e-05  -1.4657809773426268e-02  -1.0188012570654608e-04  1.3071560406023179e-04  4.5559557158890141e-06  2.4058344208858313e-04  4.1603122697230724e-06  1.4388656264479232e-03  1.9678974839416513e-07  2.3945924211253209e-04  -2.9052200344754097e-06  1.2677976484133237e-04  -4.3514502037035562e-06
5.0666666666671297e+01  -1.4968767180999511e-02  1.0458885484754214e-04  3.3503992676559699e-03  4.9015057891865297e-05  1.8329381169941671e-02  -2.2162119259424055e-07  3.3035662175830600e-03  -4.8615251823640683e-05  -1.4967755862350714e-02  -1.0376669404993034e-04  1.2077610447634019e-04  4.4649816329808132e-06  2.5190763153056656e-04  4.2799828281837262e-06  1.4701744257706239e-03  1.9781383037477779e-07  2.5099242772213745e-04  -3.0110780555856330e-06  1.1678797357678651e-04  -4.2609381758242251e-06
5.0933333333337998e+01  -1.5281872619119502e-02  1.0652156911834982e-04  3.4728961179808990e-03  5.0441809528932089e-05  1.8775675340184192e-02  -2.2819952041200418e-07  3.4259849555713937e-03  -5.0013847980848270e-05  -1.5280569488800119e-02  -1.0568729976516547e-04  1.1060086958364772e-04  4.3348546842945076e-06  2.6353052922492397e-04  4.4122483772885167e-06  1.5019506646848347e-03  1.9578798221691552e-07  2.6277868342146284e-04  -3.1238755704429220e-06  1.0650030347538881e-04  -4.1433949941496295e-06
5.1200000000004700e+01  -1.5597340830190690e-02  1.0853289943202342e-04  3.6007327728033462e-03  5.1836732884602937e-05  1.9232409316332175e-02  -2.2851767135735797e-07  3.5536832668813861e-03  -5.1374087129640931e-05  -1.5595635744289594e-02  -1.0768535774711578e-04  1.0024160508375287e-04  4.1784210172342741e-06  2.7535867593389573e-04  4.5492256057218144e-06  1.5343400949879098e-03  1.9102712300188695e-07  2.7471827624907653e-04  -3.2373897603671115e-06  9.5986599120915394e-05  -4.0088594715327802e-06
5.1466666666671500e+01  -1.5914343303332378e-02  1.1069780233193716e-04  3.7342889182377364e-03  5.3294543093550256e-05  1.9699356735732157e-02  -2.2110749331825258e-07  3.6869470888067262e-03  -5.2786588580672786e-05  -1.5912275082025893e-02  -1.0982698783096574e-04  8.9704596455081987e-05  4.0227218539103986e-06  2.8734716563514435e-04  4.6770802189146276e-06  1.5675195961354948e-03  1.8446974834461667e-07  2.8679453868479246e-04  -3.3395830682230638e-06  8.5307285216058225e-05  -3.8765159130985376e-06
5.1733333333338201e+01  -1.6232262115545962e-02  1.1308004488670226e-04  3.8739247430888239e-03  5.4931047792621619e-05  2.0176502332341882e-02  -2.0907377394242398e-07  3.8260766758660639e-03  -5.4367318609983709e-05  -1.6230037503856157e-02  -1.1217189348758459e-04  7.8930424949008414e-05  3.8974025484977992e-06  2.9953007059301397e-04  4.7792933651519845e-06  1.6015697879161630e-03  1.7696795393588614e-07  2.9909147893013516e-04  -3.4155322935947060e-06  7.4457575067636043e-05  -3.7652935488498511e-06
5.2000000000004903e+01  -1.6551035772485897e-02  1.1569891977107133e-04  4.0199587085813660e-03  5.6824466176151159e-05  2.0664344519454272e-02  -1.9911284070404142e-07  3.9714027435592339e-03  -5.6200178697938402e-05  -1.6548972098668409e-02  -1.1474338284781233e-04  6.7827539007020074e-05  3.8216191964827501e-06  3.1202704864913104e-04  4.8456159813441902e-06  1.6364139750610640e-03  1.6965381326666238e-07  3.1176837377430450e-04  -3.4579965937276170e-06  6.3357459717658930e-05  -3.6857293243455363e-06
5.2266666666671597e+01  -1.6871280940432512e-02  1.1851662135102384e-04  4.1726859641392821e-03  5.8976810104697665e-05  2.1163991806148579e-02  -1.9817011860615995e-07  4.1233082896343261e-03  -5.8296893157058457e-05  -1.6869693935072785e-02  -1.1751430589842592e-04  5.6337175583869851e-05  3.7938202331428021e-06  3.2500909021647754e-04  4.8800144715055740e-06  1.6718888770187459e-03  1.6460175333389444e-07  3.2499745540869973e-04  -3.4756363739407376e-06  5.1902458890059536e-05  -3.6354325942383227e-06
5.2533333333338298e+01  -1.7194074036838147e-02  1.2145315848109116e-04  4.3324217933171970e-03  6.1318635196810960e-05  2.1676971586315215e-02  -2.0971744467399348e-07  4.2822385858611867e-03  -6.0596141392268012e-05  -1.7193164235785194e-02  -1.2041585803494316e-04  4.4473994368923904e-05  3.7884332083791847e-06  3.3862516552679968e-04  4.9002848475910851e-06  1.7078906872527986e-03  1.6418869506707762e-07  3.3889025930570267e-04  -3.4896536938490712e-06  4.0034071297618230e-05  -3.5977113745327014e-06
5.2800000000004999e+01  -1.7520467139505211e-02  1.2442092312336877e-04  4.4995385161527516e-03  6.3752213793088520e-05  2.2204824527750685e-02  -2.3168397847732249e-07  4.4486858785235915e-03  -6.3000361847675589e-05  -1.7520262998654904e-02  -1.2336469744196051e-04  3.2306331193078644e-05  3.7641156645020802e-06  3.5292586990533486e-04  4.9284785280191704e-06  1.7444646436431815e-03  1.6929302372555742e-07  3.5345019717821684e-04  -3.5208658492688149e-06  2.7770639020140893e-05  -3.5454733478606543e-06
5.3066666666671701e+01  -1.7850975045718129e-02  1.2736197727162435e-04  4.6744745176363813e-03  6.6202858549461153e-05  2.2748681581417771e-02  -2.5668844090417041e-07  4.6231530959312990e-03  -6.5425421010461917e-05  -1.7851358142549859e-02  -1.2629627711350334e-04  1.9895657481912920e-05  3.6838148753108196e-06  3.6783525287449647e-04  4.9799022063529706e-06  1.7817612960836936e-03  1.7819377623443894e-07  3.6857834349843786e-04  -3.5789928814752345e-06  1.5178841363882464e-05  -3.4533704586002186e-06
5.3333333333338402e+01  -1.8185295612240339e-02  1.3027101126986032e-04  4.8577208276216781e-03  6.8646478468017220e-05  2.3309038402131263e-02  -2.7420500294568094e-07  4.8061205576313826e-03  -6.7832719765834916e-05  -1.8186082101188834e-02  -1.2919035190152376e-04  7.2523692888073289e-06  3.5366864367295705e-06  3.8319482703247517e-04  5.0602061842886178e-06  1.8199100383206987e-03  1.8724066878228852e-07  3.8412930538166937e-04  -3.6633433470711024e-06  2.3219676023237927e-06  -3.3138471740890983e-06
5.3600000000005103e+01  -1.8522394315766352e-02  1.3319507421370583e-04  5.0498071966687420e-03  7.1103279606915570e-05  2.3885833958295709e-02  -2.7433252479505720e-07  4.9980412537102160e-03  -7.0230178468591952e-05  -1.8523416517940480e-02  -1.3207864408200839e-04  -5.6530599450389313e-06  3.3459477499214286e-06  3.9885324295188280e-04  5.1714712576911143e-06  1.8589277141081541e-03  1.9248593164158104e-07  3.9998577065311950e-04  -3.7717829886730868e-06  -1.0764900002137561e-05  -3.1444132873303195e-06
5.3866666666671797e+01  -1.8860882271453761e-02  1.3621311847929006e-04  5.2513006268640116e-03  7.3612042767575247e-05  2.4478772878294593e-02  -2.5253245735995175e-07  5.1993687122187156e-03  -7.2652591643955746e-05  -1.8862028326791527e-02  -1.3503323239415842e-04  -1.8839504851644675e-05  3.1546680087959734e-06  4.1474415447738367e-04  5.3179164033408061e-06  1.8987310898456861e-03  1.9118412590046027e-07  4.1611174608753685e-04  -3.9064250616121157e-06  -2.4060537278507840e-05  -2.9771636115381237e-06
5.4133333333338499e+01  -1.9199472105807153e-02  1.3940731571585640e-04  5.4628100186248241e-03  7.6207158561367836e-05  2.5087714198748744e-02  -2.1325786518725789e-07  5.4105975650803693e-03  -7.5141889372545639e-05  -1.9200683449396284e-02  -1.3814269513927230e-04  -3.2277010576069632e-05  2.9986413918123358e-06  4.3090658592355685e-04  5.5023510087619436e-06  1.9392246196288019e-03  1.8301534772333444e-07  4.3255680180871291e-04  -4.0691191993862924e-06  -3.7534455055526799e-05  -2.8370129992139838e-06
5.4400000000005200e+01  -1.9537287726100097e-02  1.4283924958112900e-04  5.6849861649137263e-03  7.8910562741120211e-05  2.5712944231830320e-02  -1.6966806872913956e-07  5.6322939180467853e-03  -7.7738510314369328e-05  -1.9538544434331350e-02  -1.4148636333364008e-04  -4.5895907546581241e-05  2.8858694022086597e-06  4.4744291794832428e-04  5.7162319741593834e-06  1.9803855315757993e-03  1.7089859694379621e-07  4.4940982723945186e-04  -4.2521145259534012e-06  -5.1147237824719584e-05  -2.7261488112579259e-06
5.4666666666672000e+01  -1.9873919049797663e-02  1.4653840490776968e-04  5.9185178121743580e-03  8.1736321567327933e-05  2.6355236912712753e-02  -1.3859255632784869e-07  5.8651082816646499e-03  -8.0480249293907120e-05  -1.9875238456693149e-02  -1.4511469624272738e-04  -5.9631110182943944e-05  2.7962061292689183e-06  4.6444856365367984e-04  5.9355679934234256e-06  2.0222902846267145e-03  1.6043907482123344e-07  4.6673198622313133e-04  -4.4355846846253283e-06  -6.4874166575411345e-05  -2.6264700479227988e-06
5.4933333333338702e+01  -2.0209265428952027e-02  1.5050290179320435e-04  6.1641309313968948e-03  8.4698813689718870e-05  2.7015721678919653e-02  -1.3321186574075149e-07  6.1097769521462064e-03  -8.3400004492164745e-05  -2.0210711584756808e-02  -1.4903947096117149e-04  -7.3461886934681413e-05  2.6989911702902450e-06  4.8196148299401126e-04  6.1303218899047291e-06  2.0650753119528815e-03  1.5742683660549209e-07  4.8451696864852201e-04  -4.5971113154585879e-06  -7.8726635277426006e-05  -2.5158592907858444e-06
5.5200000000005403e+01  -2.0543304820039875e-02  1.5470771087695221e-04  6.4225908330032061e-03  8.7817322274602448e-05  2.7695670709665408e-02  -1.5728164421077999e-07  6.3671173955528928e-03  -8.6519748068188086e-05  -2.0544986679365516e-02  -1.5323436509634983e-04  -8.7419935829052473e-05  2.5747281173570451e-06  4.9996320473345217e-04  6.2809547452081958e-06  2.1088583073468814e-03  1.6454917994589743e-07  5.0271175389959692e-04  -4.7255910218347777e-06  -9.2750941657137280e-05  -2.3842272341011885e-06
5.5466666666672097e+01  -2.0875916922274959e-02  1.5911522422564167e-04  6.6947008722601465e-03  9.1114608968712393e-05  2.8396337530596522e-02  -2.0332039837268000e-07  6.6380176627017541e-03  -8.9844701640645733e-05  -2.0877961086644171e-02  -1.5764502280243264e-04  -1.0156784844614214e-04  2.4263238495110950e-06  5.1842711942984092e-04  6.3877640182783594e-06  2.1536597573512855e-03  1.7944917022780251e-07  5.2128627743993380e-04  -4.8265661627930104e-06  -1.0700563674291390e-04  -2.2383476812032306e-06
5.5733333333338798e+01  -2.1206812956159747e-02  1.6368593675693442e-04  6.9812999352901646e-03  9.4610949005387854e-05  2.9118913300699170e-02  -2.5509890944311222e-07  6.9234195710641691e-03  -9.3362640063745567e-05  -2.1209322205874903e-02  -1.6220698008064275e-04  -1.1596450388793152e-04  2.2740188916769798e-06  5.3737655682201731e-04  6.4653474281505773e-06  2.1993682409171436e-03  1.9536519023521258e-07  5.4030012055541468e-04  -4.9136320876246198e-06  -1.2153220325340189e-04  -2.0944112755921651e-06
5.6000000000005500e+01  -2.1535551890916108e-02  1.6838983678742859e-04  7.2832717488075021e-03  9.8318267004098454e-05  2.9864568989271520e-02  -2.9350898362491963e-07  7.2243006131663297e-03  -9.7050898671184182e-05  -2.1538576565728551e-02  -1.6686865225748875e-04  -1.3063085137580909e-04  2.1391378722188519e-06  5.5690586038825533e-04  6.5288462847923890e-06  2.2457820953432142e-03  2.0406712150305365e-07  5.5991221192539702e-04  -4.9942120386915425e-06  -1.3633222725236747e-04  -1.9650563297187734e-06
5.6266666666672201e+01  -2.1861589989910474e-02  1.7321830966581629e-04  7.6015731845700410e-03  1.0224019411910910e-04  3.0634506486266210e-02  -3.0397046424295656e-07  7.5416644237985839e-03  -1.0089114540128274e-04  -2.1865131564451537e-02  -1.7161362851726063e-04  -1.4552728820671634e-04  2.0280466230277659e-06  5.7714068547721781e-04  6.5857497677126640e-06  2.2927217602137112e-03  1.9983857524390572e-07  5.8031650803766922e-04  -5.0640512732441955e-06  -1.5135725100160928e-04  -1.8494646232945567e-06
5.6533333333338902e+01  -2.2184312061720259e-02  1.7819233980082575e-04  7.9372685333134047e-03  1.0637975273044116e-04  3.1429973421948525e-02  -2.8268799076133408e-07  7.8765477135704851e-03  -1.0488756336698532e-04  -2.2188358105092062e-02  -1.7647309996008179e-04  -1.6055781545735369e-04  1.9260606226600188e-06  5.9815802092129020e-04  6.6396213349224574e-06  2.3401538145099510e-03  1.8269864000958683e-07  6.0163623188208885e-04  -5.1162159520785137e-06  -1.6651497809896292e-04  -1.7319300113063189e-06
5.6800000000005603e+01  -2.2503018972576554e-02  1.8336114522199688e-04  8.2915445687498125e-03  1.1074825398527566e-04  3.2252248363394256e-02  -2.3910038413288643e-07  8.2300403114805298e-03  -1.0907761867124600e-04  -2.2507592546386977e-02  -1.8152041552539221e-04  -1.7561010210684835e-04  1.8045441708300717e-06  6.1992290082794974e-04  6.6984670587536806e-06  2.3882440197746206e-03  1.5899570333197155e-07  6.2384128460319255e-04  -5.1549968535274391e-06  -1.8169609367597314e-04  -1.5895140829617776e-06
5.7066666666672297e+01  -2.2816890438271058e-02  1.8878994165218171e-04  8.6656924072232803e-03  1.1536541566041053e-04  3.3102622889080668e-02  -1.9306148913941258e-07  8.6033036641096662e-03  -1.1352365010477340e-04  -2.2822088222948768e-02  -1.8684814388363353e-04  -1.9061562282463924e-04  1.6376428591363358e-06  6.4229586792086384e-04  6.7761094938048734e-06  2.4372954311249187e-03  1.3863842038699989e-07  6.4674748031145015e-04  -5.1994141821992642e-06  -1.9681992385531204e-04  -1.4055301211509415e-06
5.7333333333338999e+01  -2.3124973130703733e-02  1.9454213830248852e-04  9.0610680182448677e-03  1.2024840467225837e-04  3.3982402221894886e-02  -1.6713260492646998e-07  8.9975780190427179e-03  -1.1828533516335110e-04  -2.3130966247422381e-02  -1.9253787676315703e-04  -2.0559159224470906e-04  1.4194132044510984e-06  6.6511703248219338e-04  6.8841348282223229e-06  2.4876031370274030e-03  1.3023674498544102e-07  6.7010995700050348e-04  -5.2718997726693982e-06  -2.1188083690145971e-04  -1.1822098660686028e-06
5.7600000000005700e+01  -2.3426222320157231e-02  2.0066317224254619e-04  9.4790603906871607e-03  1.2540066816584894e-04  3.4892938121785441e-02  -1.7662671788950526e-07  9.4141873507938359e-03  -1.2339052569192318e-04  -2.3433212427089390e-02  -1.9863586402725075e-04  -2.2063465143858812e-04  1.1697044823379737e-06  6.8831274303670590e-04  7.0222895124134416e-06  2.5393078136409261e-03  1.3675841630355293e-07  6.9376110770742109e-04  -5.3825126981483424e-06  -2.2696355832305945e-04  -9.4345481377143296e-07
5.7866666666672501e+01  -2.3719568293103788e-02  2.0717068975941011e-04  9.9210887985869117e-03  1.3081474725676199e-04  3.5835688876037490e-02  -2.2209375337547748e-07  9.8545560180430675e-03  -1.2882650080735947e-04  -2.3727726928145339e-02  -2.0514292319491131e-04  -2.3586785747149131e-04  9.2301569483704311e-07  7.1194877198522315e-04  7.1748975660475833e-06  2.5923256896057552e-03  1.5399242730905975e-07  7.1770865920207016e-04  -5.5208916221266198e-06  -2.4220215395864272e-04  -7.2211731250526654e-07
5.8133333333339202e+01  -2.4003956270139154e-02  2.1405367410271927e-04  1.0388624499302179e-02  1.3648953643764254e-04  3.6812270474792713e-02  -2.8880520098930728e-07  1.0320227669733565e-02  -1.3455774558712252e-04  -2.4013393598885505e-02  -2.1202114895989038e-04  -2.5136191578815665e-04  7.0730545065764534e-07  7.3619102978951826e-04  7.3143342724830970e-06  2.6463892574174123e-03  1.7265925348237378e-07  7.4213157435194061e-04  -5.6587243201759447e-06  -2.5768512793093864e-04  -5.3798340957488490e-07
5.8400000000005903e+01  -2.4278345768557717e-02  2.2128120214421156e-04  1.0883211983469601e-02  1.4244526404602349e-04  3.7824457195943871e-02  -3.5417189140181859e-07  1.0812856357402537e-02  -1.4055534482328630e-04  -2.4289127720425845e-02  -2.1921494761547474e-04  -2.6704958868457938e-04  5.2771469855058243e-07  7.6120388547545729e-04  7.4097528407434872e-06  2.7011735125822148e-03  1.8327302348595009e-07  7.6727807950368351e-04  -5.7596386484762607e-06  -2.7334218194149007e-04  -3.8285948203741763e-07
5.8666666666672597e+01  -2.4541694255572646e-02  2.2881704659184960e-04  1.1406471043740461e-02  1.4872029964506367e-04  3.8874131147725359e-02  -3.9887720010306103e-07  1.1334160494955194e-02  -1.4681717863765248e-04  -2.4553881952863586e-02  -2.2667746783063404e-04  -2.8265999054801459e-04  3.6549739893909571e-07  7.8706106199759058e-04  7.4395678874724631e-06  2.7564262691896083e-03  1.8124172361074284e-07  7.9333254707309375e-04  -5.7944188948899700e-06  -2.8887337104816066e-04  -2.2531927355116129e-07
5.8933333333339299e+01  -2.4792939221153450e-02  2.3663347486931237e-04  1.1960086370438243e-02  1.5535357018228680e-04  3.9963224515103674e-02  -4.1484444582968148e-07  1.1885873474949843e-02  -1.5336873219923790e-04  -2.4806615590249440e-02  -2.3438909834300149e-04  -2.9772701741731874e-04  1.9179040935350481e-07  8.1372706468044870e-04  7.4042383078882228e-06  2.8120133401222432e-03  1.6907413608777801e-07  8.2033036647573905e-04  -5.7578837728061454e-06  -3.0378670650323765e-04  -3.2225643677200766e-08
5.9200000000006000e+01  -2.5030963424176111e-02  2.4472160516159503e-04  1.2545805200365020e-02  1.6237048931429877e-04  4.1093686773085378e-02  -4.0562943637122281e-07  1.2469731551589525e-02  -1.6024861138142480e-04  -2.5046241962172956e-02  -2.4236062509307580e-04  -3.1172389776054112e-04  -1.1353615074593947e-08  8.4110674113085904e-04  7.3333259566189171e-06  2.8678673915956284e-03  1.5421603754332313e-07  8.4816063802325850e-04  -5.6786231267076236e-06  -3.1757303086755876e-04  2.0739550729564586e-07
5.9466666666672701e+01  -2.5254536145722654e-02  2.5309988869042573e-04  1.3165446594733617e-02  1.6978216659929485e-04  4.2267459043270603e-02  -3.8118615777504904e-07  1.3087496728635288e-02  -1.6749237834588987e-04  -2.5271566810386410e-02  -2.5062690363142814e-04  -3.2430255325433628e-04  -2.3436265672764629e-07  8.6911581728503192e-04  7.2817534442652657e-06  2.9239378248158143e-03  1.4425784804657752e-07  8.7664465333485084e-04  -5.6138074733100012e-06  -3.2996222032143801e-04  4.7036490532199326e-07
5.9733333333339402e+01  -2.5462262649132157e-02  2.6181710240156511e-04  1.3820897820690237e-02  1.7759204805352743e-04  4.3486425049569469e-02  -3.5315718884204941e-07  1.3740974793803692e-02  -1.7512842793848140e-04  -2.5481237560644684e-02  -2.5924087005529175e-04  -3.3552104625481560e-04  -4.4130210724996941e-07  8.9773018904125120e-04  7.3138129967890776e-06  2.9802507022917463e-03  1.4293368014960733e-07  9.0564615476236695e-04  -5.6300390434630693e-06  -3.4112724152232589e-04  7.0713848899461069e-07
6.0000000000006096e+01  -2.5652591058429770e-02  2.7093999031403649e-04  1.4514071678055646e-02  1.8580196660809888e-04  4.4752354785159487e-02  -3.3324081787685506e-07  1.4432000098597127e-02  -1.8318465396156955e-04  -2.5673739009957151e-02  -2.6826604662759010e-04  -3.4592166294219784e-04  -5.9349836890871529e-07  9.2699986692602269e-04  7.4786957637041479e-06  3.0370597981631024e-03  1.4883924624677502e-07  9.3515689231502626e-04  -5.7784573916587841e-06  -3.5171031766415174e-04  8.6873665875780971e-07
