# downsampled to dt=0.5 from the every-step stream
# time L2_Ham L2_Mom min_rho_req max_rho_req integral_neg_rho L2_Ham_rel L2_Mom_rel pump_force_L2 governor pump_fi_L2 L2_Ham_amr L2_Mom_amr L2_Ham_amr_rel L2_Mom_amr_rel Linf_Ham_amr L2_Ham_amr_ref
   0.0100000    1.4123679885e-03    3.0629360342e-07   -3.4411216756e-04    5.1808324474e-04    8.1296440169e-01    9.8066227054e-01    4.3731795452e-01    0.0000000000e+00    9.9999999981e-01    0.0000000000e+00    3.1597289490e-06    3.3726529290e-07    1.0175316027e-02    4.3715539638e-01    1.1142306607e-04    0.0000000000e+00
   0.5100000    7.3986242063e-04    7.8051501833e-06   -2.1280357590e-04    1.1492510686e-04    5.4558412233e-01    9.3457448669e-01    7.3790542417e-01    0.0000000000e+00    9.9999999988e-01    0.0000000000e+00    4.7242685532e-05    6.7210740128e-06    1.5052596328e-01    6.9474767813e-01    4.6773537354e-04    0.0000000000e+00
   1.0100000    4.5191031007e-04    1.1886883161e-05   -1.2851779643e-04    1.8163320907e-04    3.5797475771e-01    8.4888366844e-01    7.7084669228e-01    0.0000000000e+00    9.9999999990e-01    0.0000000000e+00    7.2439132354e-05    1.0205758965e-05    2.2754679727e-01    7.4676225869e-01    7.8593840683e-04    0.0000000000e+00
   1.5100000    3.4747423961e-04    1.3403625558e-05   -1.3926009687e-04    2.0194947922e-04    3.0011625961e-01    7.7743693529e-01    7.6300710866e-01    0.0000000000e+00    9.9999999991e-01    0.0000000000e+00    7.7773168591e-05    1.1386032261e-05    2.4357071046e-01    7.4866332562e-01    9.1268404466e-04    0.0000000000e+00
   2.0100000    2.7169185947e-04    1.2648249819e-05   -1.2352684204e-04    1.5261372487e-04    2.4928012876e-01    6.9533021728e-01    7.4304961038e-01    0.0000000000e+00    9.9999999991e-01    0.0000000000e+00    6.7704335662e-05    1.0675528495e-05    2.1378988269e-01    7.2594011948e-01    7.0257160926e-04    0.0000000000e+00
   2.5100000    1.9908053295e-04    1.0723567472e-05   -1.2354772910e-04    1.0123850268e-04    1.9673503293e-01    5.7879104913e-01    7.3367806515e-01    0.0000000000e+00    9.9999999992e-01    0.0000000000e+00    5.2475467026e-05    9.0140698881e-06    1.6742539390e-01    7.0462941860e-01    4.2248150177e-04    0.0000000000e+00
   3.0100000    1.4351502678e-04    8.6998275750e-06   -1.2313599465e-04    8.3590382359e-05    1.4322887937e-01    4.5588839074e-01    7.3435763700e-01    0.0000000000e+00    9.9999999992e-01    0.0000000000e+00    4.0242271019e-05    7.2838504643e-06    1.2928038093e-01    6.9873164381e-01    3.0447287578e-04    0.0000000000e+00
   3.5100000    1.1119290723e-04    7.1322819163e-06   -1.2434031738e-04    7.7532171015e-05    1.1423326408e-01    3.6907725619e-01    7.3138098000e-01    0.0000000000e+00    9.9999999992e-01    0.0000000000e+00    3.3770566897e-05    5.9323511958e-06    1.0882939731e-01    6.9754450106e-01    2.5553857029e-04    0.0000000000e+00
   4.0100000    9.4561806796e-05    6.0387105180e-06   -1.2313533546e-04    5.5598358942e-05    1.0073492850e-01    3.2003566021e-01    7.2327278381e-01    0.0000000000e+00    9.9999999992e-01    0.0000000000e+00    3.0822600640e-05    4.9773738301e-06    9.9452222738e-02    6.9304596338e-01    2.3499505376e-04    0.0000000000e+00
   4.5100000    8.3117667027e-05    5.1867798365e-06   -1.2364665095e-04    3.6419402536e-05    9.2349432077e-02    2.8462911460e-01    6.9862810467e-01    0.0000000000e+00    9.9999999992e-01    0.0000000000e+00    2.8494003794e-05    4.2367156304e-06    9.2001742722e-02    6.5782508022e-01    2.2650900649e-04    0.0000000000e+00
   5.0100000    7.1921361466e-05    4.4156617161e-06   -1.2407311602e-04    2.8984316277e-05    8.3543168198e-02    2.4880074412e-01    6.5203387872e-01    0.0000000000e+00    9.9999999992e-01    0.0000000000e+00    2.5747675856e-05    3.5828419122e-06    8.3187233424e-02    5.8921501632e-01    2.2881572094e-04    0.0000000000e+00
   5.5100000    6.0447395506e-05    3.6956488823e-06   -1.2370624168e-04    2.2948274576e-05    7.3864769895e-02    2.1099377674e-01    6.2643903204e-01    0.0000000000e+00    9.9999999992e-01    0.0000000000e+00    2.2723389687e-05    2.9898661454e-06    7.3457479644e-02    5.5330679157e-01    2.0805916384e-04    0.0000000000e+00
   6.0100000    4.9639920602e-05    3.0459007791e-06   -1.2395087225e-04    1.8663062360e-05    6.4513775654e-02    1.7448978327e-01    5.4975421849e-01    0.0000000000e+00    9.9999999992e-01    0.0000000000e+00    1.9789119803e-05    2.4655371641e-06    6.3994898642e-02    4.6180548009e-01    1.8143399543e-04    0.0000000000e+00
   6.5100000    4.0489227384e-05    2.4957071451e-06   -1.2384388305e-04    1.5007582421e-05    5.6532731939e-02    1.4302383611e-01    4.7476334903e-01    0.0000000000e+00    9.9999999992e-01    0.0000000000e+00    1.7260574711e-05    2.0324511324e-06    5.5833018966e-02    3.8574031231e-01    1.7293454944e-04    0.0000000000e+00
   7.0100000    3.3542581055e-05    2.0582103382e-06   -1.2354250859e-04    1.3354984690e-05    5.0469758372e-02    1.1885217292e-01    4.0653090373e-01    0.0000000000e+00    9.9999999992e-01    0.0000000000e+00    1.5275971407e-05    1.6998785865e-06    4.9423623877e-02    3.2554987284e-01    1.8097792300e-04    0.0000000000e+00
   7.5100000    2.8821126814e-05    1.7204723281e-06   -1.2333649736e-04    1.1375102623e-05    4.6177207491e-02    1.0230148077e-01    3.3801533594e-01    0.0000000000e+00    9.9999999993e-01    0.0000000000e+00    1.3819441277e-05    1.4492854603e-06    4.4716548889e-02    2.7001417800e-01    1.8646626702e-04    0.0000000000e+00
   8.0100000    2.5927402499e-05    1.4675743798e-06   -1.2315492718e-04    9.6881050100e-06    4.3223507991e-02    9.2119614915e-02    2.8493662539e-01    0.0000000000e+00    9.9999999993e-01    0.0000000000e+00    1.2803813477e-05    1.2667679331e-06    4.1434948859e-02    2.3003467621e-01    1.9254652472e-04    0.0000000000e+00
   8.5100000    2.4263329090e-05    1.2810217940e-06   -1.2301781343e-04    8.1184437513e-06    4.1291730245e-02    8.6259740458e-02    2.4474943009e-01    0.0000000000e+00    9.9999999993e-01    0.0000000000e+00    1.2100102633e-05    1.1358213980e-06    3.9164463102e-02    2.0118883119e-01    1.9873083617e-04    0.0000000000e+00
   9.0100000    2.3285544435e-05    1.1404320198e-06   -1.2290738531e-04    6.6998739835e-06    4.0025351803e-02    8.2821481904e-02    2.1352388333e-01    0.0000000000e+00    9.9999999993e-01    0.0000000000e+00    1.1592787443e-05    1.0370329031e-06    3.7530982704e-02    1.7896446898e-01    2.0472991675e-04    0.0000000000e+00
   9.5100000    2.2632354348e-05    1.0313428901e-06   -1.2278280993e-04    5.5158109836e-06    3.9165467795e-02    8.0528451547e-02    1.8857003650e-01    0.0000000000e+00    9.9999999993e-01    0.0000000000e+00    1.1201304932e-05    9.5818285091e-07    3.6272043024e-02    1.6083818437e-01    2.1033948285e-04    0.0000000000e+00
  10.0100000    2.2112722299e-05    9.4439927282e-07   -1.2262506914e-04    4.5965968037e-06    3.8497673745e-02    7.8702647016e-02    1.6677364808e-01    0.0000000000e+00    9.9999999993e-01    0.0000000000e+00    1.0875013294e-05    8.9272753677e-07    3.5221958238e-02    1.4431174395e-01    2.1554114728e-04    0.0000000000e+00
  10.5100000    2.1646437412e-05    8.7310471904e-07   -1.2247435224e-04    3.9287991893e-06    3.7933402408e-02    7.7058419031e-02    1.4817853234e-01    0.0000000000e+00    9.9999999993e-01    0.0000000000e+00    1.0586130284e-05    8.3657562998e-07    3.4289851732e-02    1.2969812748e-01    2.1977865181e-04    0.0000000000e+00
  11.0100000    2.1210518025e-05    8.1291030742e-07   -1.2236826364e-04    3.7893726844e-06    3.7417601831e-02    7.5514642332e-02    1.3228397257e-01    0.0000000000e+00    9.9999999993e-01    0.0000000000e+00    1.0321608183e-05    7.8695742199e-07    3.3433599189e-02    1.1680842343e-01    2.2354407404e-04    0.0000000000e+00
  11.5100000    2.0805481907e-05    7.6102626208e-07   -1.2230761662e-04    3.7236854570e-06    3.6923294114e-02    7.4075284658e-02    1.1855401376e-01    0.0000000000e+00    9.9999999993e-01    0.0000000000e+00    1.0076720080e-05    7.4242402194e-07    3.2638862123e-02    1.0537729881e-01    2.2798252147e-04    0.0000000000e+00
  12.0100000    2.0437418140e-05    7.1605296722e-07   -1.2228402882e-04    3.6640152515e-06    3.6453255767e-02    7.2764671548e-02    1.0729931649e-01    0.0000000000e+00    9.9999999993e-01    0.0000000000e+00    9.8503307619e-06    7.0263045776e-07    3.1903176549e-02    9.5855105433e-02    2.3289468276e-04    0.0000000000e+00
  12.5100000    2.0110469381e-05    6.7698325661e-07   -1.2228698509e-04    3.6341381939e-06    3.6014148170e-02    7.1599234050e-02    9.8799443913e-02    0.0000000000e+00    9.9999999993e-01    0.0000000000e+00    9.6423576907e-06    6.6730807683e-07    3.1227019200e-02    8.8615613781e-02    2.3724197073e-04    0.0000000000e+00
  13.0100000    1.9825069822e-05    6.4293269641e-07   -1.2229590646e-04    3.6166833714e-06    3.5611680824e-02    7.0580672995e-02    9.1469834726e-02    0.0000000000e+00    9.9999999993e-01    0.0000000000e+00    9.4528084929e-06    6.3607933734e-07    3.0610451297e-02    8.2310117822e-02    2.4075756659e-04    0.0000000000e+00
  13.5100000    1.9578615856e-05    6.1307102045e-07   -1.2228978843e-04    3.5999781281e-06    3.5251792932e-02    6.9699231579e-02    8.4351281371e-02    0.0000000000e+00    9.9999999993e-01    0.0000000000e+00    9.2812961906e-06    6.0843869944e-07    3.0051961342e-02    7.6118212687e-02    2.4399463934e-04    0.0000000000e+00
  14.0100000    1.9367013641e-05    5.8671023113e-07   -1.2225587464e-04    3.5844993418e-06    3.4935376531e-02    6.8940402276e-02    7.7503336241e-02    0.0000000000e+00    9.9999999993e-01    0.0000000000e+00    9.1268600997e-06    5.8386085384e-07    2.9548422507e-02    7.0112272787e-02    2.4736957054e-04    0.0000000000e+00
  14.5100000    1.9185819052e-05    5.6352075930e-07   -1.2218460534e-04    3.5720989918e-06    3.4657304719e-02    6.8289209595e-02    7.1047207144e-02    0.0000000000e+00    9.9999999993e-01    0.0000000000e+00    8.9882632369e-06    5.6208529116e-07    2.9096151177e-02    6.4407259053e-02    2.5073219669e-04    0.0000000000e+00
  15.0100000    1.9030164149e-05    5.4324793908e-07   -1.2206965541e-04    3.5619642399e-06    3.4409722749e-02    6.7729383518e-02    6.5178806439e-02    0.0000000000e+00    9.9999999993e-01    0.0000000000e+00    8.8642629843e-06    5.4281500170e-07    2.8691530118e-02    5.9183595227e-02    2.5373182911e-04    0.0000000000e+00
  15.5100000    1.8894989348e-05    5.2530807510e-07   -1.2192152145e-04    3.5521826752e-06    3.4187155569e-02    6.7243712548e-02    6.0354348534e-02    0.0000000000e+00    9.9999999993e-01    0.0000000000e+00    8.7535499727e-06    5.2557471679e-07    2.8330608934e-02    5.4869331135e-02    2.5632516498e-04    0.0000000000e+00
  16.0100000    1.8776629810e-05    5.0957851641e-07   -1.2177199615e-04    3.5441097717e-06    3.3983861028e-02    6.6819544773e-02    5.6570568617e-02    0.0000000000e+00    9.9999999993e-01    0.0000000000e+00    8.6546054823e-06    5.1033095577e-07    2.8008596370e-02    5.1475155154e-02    2.5875077833e-04    0.0000000000e+00
  16.5100000    1.8673600865e-05    4.9581398110e-07   -1.2165620120e-04    3.5405137868e-06    3.3799228915e-02    6.6451614138e-02    5.3366626153e-02    0.0000000000e+00    9.9999999993e-01    0.0000000000e+00    8.5657428395e-06    4.9712215270e-07    2.7720017197e-02    4.8611871226e-02    2.6121156550e-04    0.0000000000e+00
  17.0100000    1.8585282729e-05    4.8371097351e-07   -1.2158035216e-04    3.5397727672e-06    3.3631396700e-02    6.6137496177e-02    5.0409685831e-02    0.0000000000e+00    9.9999999993e-01    0.0000000000e+00    8.4852125180e-06    4.8549417012e-07    2.7459103043e-02    4.5964163935e-02    2.6361143641e-04    0.0000000000e+00
  17.5100000    1.8510798944e-05    4.7309041021e-07   -1.2150985114e-04    3.5360383268e-06    3.3480049802e-02    6.5873751038e-02    4.7460693809e-02    0.0000000000e+00    9.9999999993e-01    0.0000000000e+00    8.4114860524e-06    4.7513256054e-07    2.7220759820e-02    4.3304660765e-02    2.6588922773e-04    0.0000000000e+00
  18.0100000    1.8448749382e-05    4.6362207878e-07   -1.2138409119e-04    3.5258738930e-06    3.3345450604e-02    6.5655019561e-02    4.4482284475e-02    0.0000000000e+00    9.9999999993e-01    0.0000000000e+00    8.3442215461e-06    4.6567541225e-07    2.7003707658e-02    4.0589814723e-02    2.6790267342e-04    0.0000000000e+00
  18.5100000    1.8396100922e-05    4.5659336463e-07   -1.2116625351e-04    3.5120950550e-06    3.3226452114e-02    6.5470107551e-02    4.1743404689e-02    0.0000000000e+00    9.9999999993e-01    0.0000000000e+00    8.2841202555e-06    4.5730995237e-07    2.6810024447e-02    3.7982716978e-02    2.6959420561e-04    0.0000000000e+00
  19.0100000    1.8348053461e-05    4.5078132695e-07   -1.2087193052e-04    3.4998384536e-06    3.3117466886e-02    6.5301619002e-02    3.9325656593e-02    0.0000000000e+00    9.9999999993e-01    0.0000000000e+00    8.2314038593e-06    4.5010276031e-07    2.6640266990e-02    3.5677177153e-02    2.7206607063e-04    0.0000000000e+00
  19.5100000    1.8301575353e-05    4.4595906029e-07   -1.2056165030e-04    3.4911086992e-06    3.3010789128e-02    6.5138723846e-02    3.7329247120e-02    0.0000000000e+00    9.9999999993e-01    0.0000000000e+00    8.1847194611e-06    4.4428811135e-07    2.6490025828e-02    3.3792616351e-02    2.7534447060e-04    0.0000000000e+00
  20.0100000    1.8259440468e-05    4.4296528561e-07   -1.2038775123e-04    3.4840723630e-06    3.2903737094e-02    6.4991701254e-02    3.5730465242e-02    0.0000000000e+00    9.9999999993e-01    0.0000000000e+00    8.1422382072e-06    4.3991020022e-07    2.6353569722e-02    3.2242786427e-02    2.7759280958e-04    0.0000000000e+00
  20.5100000    1.8228181971e-05    4.4030521854e-07   -1.2033471323e-04    3.4765194648e-06    3.2800877431e-02    6.4884665209e-02    3.4214508957e-02    0.0000000000e+00    9.9999999993e-01    0.0000000000e+00    8.1029115668e-06    4.3605552761e-07    2.6227894196e-02    3.0788113404e-02    2.7898287982e-04    0.0000000000e+00
  21.0100000    1.8212059538e-05    4.3722097677e-07   -1.2033204336e-04    3.4690626464e-06    3.2710021936e-02    6.4833754213e-02    3.2624682123e-02    0.0000000000e+00    9.9999999993e-01    0.0000000000e+00    8.0663458159e-06    4.3215502221e-07    2.6112138068e-02    2.9300955644e-02    2.8017174634e-04    0.0000000000e+00
  21.5100000    1.8209501884e-05    4.3518166599e-07   -1.2039104727e-04    3.4626166900e-06    3.2636356501e-02    6.4833858829e-02    3.0961768551e-02    0.0000000000e+00    9.9999999993e-01    0.0000000000e+00    8.0328296298e-06    4.2807080492e-07    2.6007406022e-02    2.7672325964e-02    2.8203884527e-04    0.0000000000e+00
  22.0100000    1.8213642330e-05    4.3610773349e-07   -1.2044673680e-04    3.4573646067e-06    3.2577440531e-02    6.4860078992e-02    2.9429177160e-02    0.0000000000e+00    9.9999999993e-01    0.0000000000e+00    8.0029558028e-06    4.2515674057e-07    2.5915377800e-02    2.6065837418e-02    2.8450415723e-04    0.0000000000e+00
  22.5100000    1.8215621934e-05    4.3657085592e-07   -1.2041394996e-04    3.4561716763e-06    3.2528639599e-02    6.4879629088e-02    2.8013151411e-02    0.0000000000e+00    9.9999999993e-01    0.0000000000e+00    7.9774337306e-06    4.2278693634e-07    2.5837794622e-02    2.4646944313e-02    2.8702828149e-04    0.0000000000e+00
  23.0100000    1.8209553980e-05    4.3470513865e-07   -1.2024741513e-04    3.4673817041e-06    3.2476431037e-02    6.4870263136e-02    2.6565423495e-02    0.0000000000e+00    9.9999999993e-01    0.0000000000e+00    7.9565893675e-06    4.1990883931e-07    2.5775174591e-02    2.3312872292e-02    2.8883004242e-04    0.0000000000e+00
  23.5100000    1.8197018207e-05    4.3295369330e-07   -1.1998298712e-04    3.4917141028e-06    3.2415571681e-02    6.4837146540e-02    2.5197555252e-02    0.0000000000e+00    9.9999999993e-01    0.0000000000e+00    7.9393301615e-06    4.1722111271e-07    2.5723821302e-02    2.2057307284e-02    2.8978409172e-04    0.0000000000e+00
  24.0100000    1.8185852597e-05    4.3172837934e-07   -1.1970897593e-04    3.5212552476e-06    3.2352001480e-02    6.4808907550e-02    2.3911185987e-02    0.0000000000e+00    9.9999999993e-01    0.0000000000e+00    7.9224829525e-06    4.1462803638e-07    2.5673794777e-02    2.0858196263e-02    2.9036232054e-04    0.0000000000e+00
  24.5100000    1.8183482399e-05    4.2994745308e-07   -1.1949394656e-04    3.5416068026e-06    3.2294851782e-02    6.4813343728e-02    2.2595491886e-02    0.0000000000e+00    9.9999999993e-01    0.0000000000e+00    7.9027652573e-06    4.1197252861e-07    2.5615034599e-02    1.9664500607e-02    2.9099163294e-04    0.0000000000e+00
  25.0100000    1.8191622439e-05    4.2826929644e-07   -1.1933026224e-04    3.5442948804e-06    3.2253870763e-02    6.4857338856e-02    2.1266039258e-02    0.0000000000e+00    9.9999999993e-01    0.0000000000e+00    7.8817493014e-06    4.0989722879e-07    2.5552932103e-02    1.8485298524e-02    2.9197008243e-04    0.0000000000e+00
  25.5100000    1.8204944814e-05    4.2922992577e-07   -1.1912602902e-04    3.5397942900e-06    3.2229643115e-02    6.4920995305e-02    2.0045057424e-02    0.0000000000e+00    9.9999999993e-01    0.0000000000e+00    7.8649980345e-06    4.0918463070e-07    2.5505109105e-02    1.7353676822e-02    2.9290211280e-04    0.0000000000e+00
  26.0100000    1.8214038577e-05    4.3183054977e-07   -1.1877208746e-04    3.5416222210e-06    3.2212978370e-02    6.4967916634e-02    1.8904698324e-02    0.0000000000e+00    9.9999999993e-01    0.0000000000e+00    7.8549496044e-06    4.1007407022e-07    2.5478302042e-02    1.6302502172e-02    2.9323505908e-04    0.0000000000e+00
  26.5100000    1.8212032907e-05    4.3660793660e-07   -1.1822383139e-04    3.5408274335e-06    3.2191711201e-02    6.4969589682e-02    1.7880476107e-02    0.0000000000e+00    9.9999999993e-01    0.0000000000e+00    7.8479110444e-06    4.1188371472e-07    2.5458946097e-02    1.5317232854e-02    2.9490204060e-04    0.0000000000e+00
  27.0100000    1.8199812202e-05    4.4151564385e-07   -1.1771721994e-04    3.5500795474e-06    3.2160638079e-02    6.4925165205e-02    1.6847148958e-02    0.0000000000e+00    9.9999999993e-01    0.0000000000e+00    7.8388469400e-06    4.1564475679e-07    2.5429162934e-02    1.4401318207e-02    2.9682777787e-04    0.0000000000e+00
  27.5100000    1.8184756340e-05    4.4712250057e-07   -1.1735225693e-04    3.5620254455e-06    3.2124105066e-02    6.4857402855e-02    1.5808012811e-02    0.0000000000e+00    9.9999999993e-01    0.0000000000e+00    7.8281996854e-06    4.1969681112e-07    2.5389036002e-02    1.3473014408e-02    2.9799494789e-04    0.0000000000e+00
  28.0100000    1.8174535704e-05    4.5528969955e-07   -1.1696196704e-04    3.5744955748e-06    3.2091043462e-02    6.4789316271e-02    1.4830049381e-02    0.0000000000e+00    9.9999999993e-01    0.0000000000e+00    7.8179690532e-06    4.2504097351e-07    2.5343398097e-02    1.2570392663e-02    2.9906032678e-04    0.0000000000e+00
  28.5100000    1.8172985291e-05    4.6206181447e-07   -1.1659783051e-04    3.5887479318e-06    3.2067785595e-02    6.4726583327e-02    1.3782803285e-02    0.0000000000e+00    9.9999999993e-01    0.0000000000e+00    7.8088540706e-06    4.3415910306e-07    2.5291427443e-02    1.1757996042e-02    3.0061356104e-04    0.0000000000e+00
  29.0100000    1.8178915701e-05    4.7265384624e-07   -1.1621732604e-04    3.5972873828e-06    3.2053880516e-02    6.4649801705e-02    1.2825446672e-02    0.0000000000e+00    9.9999999993e-01    0.0000000000e+00    7.8008689255e-06    4.4518337030e-07    2.5227276483e-02    1.0967286918e-02    3.0236937432e-04    0.0000000000e+00
  29.5100000    1.8188179094e-05    4.8746889415e-07   -1.1572135505e-04    3.5860174940e-06    3.2044349867e-02    6.4519447426e-02    1.1957083597e-02    0.0000000000e+00    9.9999999993e-01    0.0000000000e+00    7.7948344466e-06    4.6020823202e-07    2.5143962375e-02    1.0248238972e-02    3.0300420211e-04    0.0000000000e+00
  30.0100000    1.8197412836e-05    5.0871683387e-07   -1.1505535259e-04    3.5588266202e-06    3.2035687374e-02    6.4290011795e-02    1.1247740636e-02    0.0000000000e+00    9.9999999993e-01    0.0000000000e+00    7.7950529044e-06    4.8560939117e-07    2.5042229709e-02    9.7472160297e-03    3.0250984472e-04    0.0000000000e+00
  30.5100000    1.8207931791e-05    5.3837376447e-07   -1.1431706150e-04    3.5299913675e-06    3.2025842286e-02    6.3925653747e-02    1.0763836348e-02    0.0000000000e+00    9.9999999993e-01    0.0000000000e+00    7.8101675500e-06    5.2477845447e-07    2.4933656620e-02    9.5247500738e-03    3.0859521224e-04    0.0000000000e+00
  31.0100000    1.8219256296e-05    5.9162671590e-07   -1.1427813778e-04    3.5123096957e-06    3.2016290573e-02    6.3377264828e-02    1.0787438354e-02    0.0000000000e+00    9.9999999993e-01    0.0000000000e+00    7.8342876732e-06    5.9260811621e-07    2.4779917981e-02    9.8089725028e-03    3.1198415843e-04    0.0000000000e+00
  31.5100000    1.8224780064e-05    6.3994732894e-07   -1.1557398076e-04    3.5070456470e-06    3.2008917731e-02    6.2586298933e-02    1.0755545734e-02    0.0000000000e+00    9.9999999993e-01    0.0000000000e+00    7.8427856451e-06    6.5023667995e-07    2.4488727474e-02    9.9206277887e-03    3.0986728303e-04    0.0000000000e+00
  32.0100000    1.8221509466e-05    6.4244059549e-07   -1.1829867006e-04    3.5091358331e-06    3.2003440482e-02    6.1546783287e-02    1.0078191894e-02    0.0000000000e+00    9.9999999993e-01    0.0000000000e+00    7.8277503057e-06    6.5410320992e-07    2.4038838853e-02    9.3147622273e-03    3.0206397924e-04    0.0000000000e+00
  32.5100000    1.8222594635e-05    6.0681554718e-07   -1.2255094435e-04    3.5084593239e-06    3.2001180040e-02    6.0374798557e-02    9.0269382116e-03    0.0000000000e+00    9.9999999993e-01    0.0000000000e+00    7.8309893147e-06    6.1419040039e-07    2.3588001497e-02    8.2939121469e-03    2.9283255636e-04    0.0000000000e+00
  33.0100000    1.8240603212e-05    5.8712655277e-07   -1.2913521390e-04    3.5020835717e-06    3.2003502672e-02    5.9250808101e-02    8.4383369567e-03    0.0000000000e+00    9.9999999993e-01    0.0000000000e+00    7.8902030238e-06    5.9248785939e-07    2.3299464099e-02    7.7299197978e-03    2.6560330285e-04    0.0000000000e+00
  33.5100000    1.8261881032e-05    6.2218792915e-07   -1.3955908782e-04    3.4938811895e-06    3.2009327265e-02    5.8263394978e-02    8.7575251571e-03    0.0000000000e+00    9.9999999993e-01    0.0000000000e+00    7.9630944069e-06    6.3496989504e-07    2.3094661177e-02    8.1130095573e-03    2.8058730098e-04    0.0000000000e+00
  34.0100000    1.8275365363e-05    6.7100088433e-07   -1.5166329792e-04    3.4837878531e-06    3.2015000678e-02    5.7432344059e-02    9.2936018143e-03    0.0000000000e+00    9.9999999993e-01    0.0000000000e+00    8.0127141215e-06    6.9337983353e-07    2.2889203415e-02    8.7176676151e-03    3.0727556631e-04    0.0000000000e+00
  34.5100000    1.8291915529e-05    6.8469863808e-07   -1.6154631833e-04    3.4717981808e-06    3.2022080928e-02    5.6793542213e-02    9.3510570324e-03    0.0000000000e+00    9.9999999993e-01    0.0000000000e+00    8.0676814983e-06    7.1081749030e-07    2.2768497440e-02    8.8122456371e-03    3.2854492405e-04    0.0000000000e+00
  35.0100000    1.8318861604e-05    6.7646864211e-07   -1.6575047021e-04    3.4587529208e-06    3.2023416639e-02    5.6364365541e-02    9.1607768772e-03    0.0000000000e+00    9.9999999993e-01    0.0000000000e+00    8.1536593620e-06    7.0354135216e-07    2.2803086798e-02    8.6484915810e-03    3.6919571721e-04    0.0000000000e+00
  35.5100000    1.8350857282e-05    6.9040874799e-07   -1.6610591322e-04    3.4547178045e-06    3.2014647172e-02    5.6105065026e-02    9.3847764136e-03    0.0000000000e+00    9.9999999993e-01    0.0000000000e+00    8.2620036815e-06    7.1986101079e-07    2.2959272690e-02    8.8824407012e-03    4.0870504127e-04    0.0000000000e+00
  36.0100000    1.8384464707e-05    7.5149238688e-07   -1.6089893944e-04    3.4513393426e-06    3.1995354057e-02    5.5968196716e-02    1.0424982711e-02    0.0000000000e+00    9.9999999993e-01    0.0000000000e+00    8.3829797084e-06    7.9172536637e-07    2.3195837418e-02    9.9699144988e-03    4.1481215597e-04    0.0000000000e+00
  36.5100000    1.8425144811e-05    8.3136815938e-07   -1.5793401300e-04    3.4481763577e-06    3.1967772606e-02    5.5954265362e-02    1.2020369844e-02    0.0000000000e+00    9.9999999993e-01    0.0000000000e+00    8.5244555771e-06    8.8462291735e-07    2.3529165950e-02    1.1610450360e-02    4.6128290196e-04    0.0000000000e+00
  37.0100000    1.8478228696e-05    9.3787859293e-07   -1.4843084981e-04    3.4470705584e-06    3.1936646093e-02    5.6118196691e-02    1.4476212119e-02    0.0000000000e+00    9.9999999993e-01    0.0000000000e+00    8.6950123859e-06    1.0075184837e-06    2.4001052979e-02    1.4116537228e-02    4.6125710695e-04    0.0000000000e+00
  37.5100000    1.8543669009e-05    9.7130034360e-07   -1.4507747556e-04    3.4448497132e-06    3.1902741545e-02    5.6572343314e-02    1.6331414683e-02    0.0000000000e+00    9.9999999993e-01    0.0000000000e+00    8.8942284737e-06    1.0453484341e-06    2.4662531831e-02    1.5955101009e-02    5.3105669424e-04    0.0000000000e+00
  38.0100000    1.8604911022e-05    1.0465840641e-06   -1.4128395965e-04    3.4390756598e-06    3.1870175898e-02    5.7420188606e-02    1.9396637555e-02    0.0000000000e+00    9.9999999993e-01    0.0000000000e+00    9.0825093293e-06    1.1297461660e-06    2.5478620499e-02    1.9006587162e-02    5.7200831785e-04    0.0000000000e+00
  38.5100000    1.8617824365e-05    1.1141990559e-06   -1.3578476197e-04    3.4300652173e-06    3.1844502979e-02    5.8690506514e-02    2.2430194593e-02    0.0000000000e+00    9.9999999993e-01    0.0000000000e+00    9.1519843849e-06    1.2079716466e-06    2.6224728089e-02    2.2074899235e-02    5.1612317330e-04    0.0000000000e+00
  39.0100000    1.8605709431e-05    1.0633221969e-06   -1.2675659776e-04    3.4191272352e-06    3.1822763238e-02    6.0589551046e-02    2.1944572136e-02    0.0000000000e+00    9.9999999993e-01    0.0000000000e+00    9.1630691564e-06    1.1515435251e-06    2.7126150845e-02    2.1573186328e-02    4.6584041434e-04    0.0000000000e+00
  39.5100000    1.8582327903e-05    1.0182731042e-06   -1.1811603071e-04    3.4087096526e-06    3.1805337455e-02    6.3198031581e-02    1.9807739606e-02    0.0000000000e+00    9.9999999993e-01    0.0000000000e+00    9.1509391145e-06    1.1007815958e-06    2.8295743211e-02    1.9437576136e-02    4.4457535311e-04    0.0000000000e+00
  40.0100000    1.8512811392e-05    9.2821826869e-07   -1.1146395660e-04    3.3986441173e-06    3.1786559542e-02    6.6258065842e-02    1.6663656314e-02    0.0000000000e+00    9.9999999993e-01    0.0000000000e+00    9.0309217979e-06    1.0000165970e-06    2.9391592031e-02    1.6296545186e-02    4.1578864988e-04    0.0000000000e+00
  40.5100000    1.8371184817e-05    8.1592473541e-07   -1.0275278782e-04    3.3887203172e-06    3.1765095507e-02    6.9404463096e-02    1.4162422668e-02    0.0000000000e+00    9.9999999993e-01    0.0000000000e+00    8.7301482669e-06    8.7554327355e-07    2.9997274941e-02    1.3795291208e-02    3.3833419711e-04    0.0000000000e+00
  41.0100000    1.8237969180e-05    6.6026174620e-07   -9.1909076563e-05    3.3823294854e-06    3.1748343012e-02    7.2682281234e-02    1.1718702517e-02    0.0000000000e+00    9.9999999993e-01    0.0000000000e+00    8.4421239461e-06    6.9929126908e-07    3.0606056485e-02    1.1266450904e-02    2.6626798215e-04    0.0000000000e+00
  41.5100000    1.8155896513e-05    5.1805658683e-07   -8.0954804376e-05    3.3776692470e-06    3.1740985654e-02    7.6020325039e-02    9.7426008673e-03    0.0000000000e+00    9.9999999993e-01    0.0000000000e+00    8.2787275350e-06    5.3387223766e-07    3.1540963040e-02    9.1138966404e-03    2.3113969319e-04    0.0000000000e+00
  42.0100000    1.8106872953e-05    4.7128934398e-07   -7.7116730743e-05    3.3787640801e-06    3.1739322778e-02    7.8976917386e-02    9.5303872452e-03    0.0000000000e+00    9.9999999993e-01    0.0000000000e+00    8.2019559847e-06    4.8079486496e-07    3.2558128632e-02    8.8259543837e-03    2.5214093826e-04    0.0000000000e+00
  42.5100000    1.8072430945e-05    4.5840658370e-07   -7.5412900275e-05    3.3765495279e-06    3.1728496559e-02    8.0978685677e-02    9.8926990357e-03    0.0000000000e+00    9.9999999993e-01    0.0000000000e+00    8.1769943209e-06    4.6677947461e-07    3.3349686694e-02    9.1446965663e-03    2.6061489740e-04    0.0000000000e+00
  43.0100000    1.8041902412e-05    4.4093056825e-07   -7.4360850070e-05    3.3615075255e-06    3.1689781911e-02    8.1539161453e-02    9.8196001287e-03    0.0000000000e+00    9.9999999993e-01    0.0000000000e+00    8.1807305226e-06    4.4438537735e-07    3.3653899279e-02    8.9842500593e-03    2.7840601483e-04    0.0000000000e+00
  43.5100000    1.8016319604e-05    4.3007863038e-07   -7.5412605159e-05    3.3383321913e-06    3.1630797170e-02    8.0463727891e-02    9.4460855073e-03    0.0000000000e+00    9.9999999993e-01    0.0000000000e+00    8.1975322584e-06    4.3084778453e-07    3.3322941864e-02    8.5906025114e-03    2.8555389660e-04    0.0000000000e+00
  44.0100000    1.8004753623e-05    4.4157660190e-07   -8.3114782011e-05    3.3243957256e-06    3.1588648510e-02    7.7899666980e-02    9.1553752348e-03    0.0000000000e+00    9.9999999993e-01    0.0000000000e+00    8.2174129501e-06    4.4574847341e-07    3.2354504710e-02    8.3897406905e-03    2.5005535046e-04    0.0000000000e+00
  44.5100000    1.8012312552e-05    4.7604920467e-07   -9.3382910977e-05    3.3264409366e-06    3.1607219055e-02    7.4259880942e-02    9.1430295945e-03    0.0000000000e+00    9.9999999993e-01    0.0000000000e+00    8.2386592892e-06    4.8832294620e-07    3.0902352826e-02    8.5137782920e-03    2.6163295532e-04    0.0000000000e+00
  45.0100000    1.8027484774e-05    5.0847648800e-07   -1.0331349427e-04    3.3418326438e-06    3.1691163190e-02    7.0105107768e-02    9.0316460858e-03    0.0000000000e+00    9.9999999993e-01    0.0000000000e+00    8.2619958591e-06    5.2460321363e-07    2.9224072036e-02    8.4587642945e-03    2.7789727011e-04    0.0000000000e+00
  45.5100000    1.8018060416e-05    5.2564955154e-07   -1.1281845927e-04    3.3539134469e-06    3.1783834291e-02    6.5948666252e-02    8.6732910826e-03    0.0000000000e+00    9.9999999993e-01    0.0000000000e+00    8.2654287623e-06    5.4335183053e-07    2.7510745213e-02    8.1387726645e-03    3.0330387805e-04    0.0000000000e+00
  46.0100000    1.7963733847e-05    5.2099611877e-07   -1.2974875141e-04    3.3399125596e-06    3.1811384136e-02    6.2166060613e-02    8.1090434370e-03    0.0000000000e+00    9.9999999993e-01    0.0000000000e+00    8.2410778746e-06    5.3561494104e-07    2.5929398469e-02    7.5679063007e-03    3.0438416843e-04    0.0000000000e+00
  46.5100000    1.7898127451e-05    4.7998666507e-07   -1.6450321417e-04    3.2951865552e-06    3.1747531459e-02    5.9121393313e-02    7.4982059378e-03    0.0000000000e+00    9.9999999993e-01    0.0000000000e+00    8.2637026161e-06    4.8136426449e-07    2.4813912534e-02    6.8262363310e-03    3.1232284982e-04    0.0000000000e+00
  47.0100000    1.7888975098e-05    5.1220131894e-07   -1.9735344705e-04    3.2469352452e-06    3.1636153139e-02    5.7250613302e-02    9.2848230997e-03    0.0000000000e+00    9.9999999993e-01    0.0000000000e+00    8.4467550566e-06    5.1704821032e-07    2.4571024143e-02    8.5082601440e-03    3.9890058190e-04    0.0000000000e+00
  47.5100000    1.7992305619e-05    5.9316004211e-07   -2.0735749070e-04    3.2102156947e-06    3.1545130213e-02    5.6956862367e-02    1.4011623012e-02    0.0000000000e+00    9.9999999993e-01    0.0000000000e+00    8.8648342807e-06    6.1585967801e-07    2.5506510360e-02    1.3206235374e-02    5.6159118204e-04    0.0000000000e+00
  48.0100000    1.8087165002e-05    7.6051355816e-07   -1.8466263465e-04    3.1925840566e-06    3.1509296388e-02    5.7801585733e-02    1.6891061261e-02    0.0000000000e+00    9.9999999993e-01    0.0000000000e+00    9.1946448692e-06    8.1279326488e-07    2.6707478815e-02    1.6387121228e-02    6.0546929087e-04    0.0000000000e+00
  48.5100000    1.8005430617e-05    1.1096882267e-06   -1.4387788151e-04    3.1856067924e-06    3.1535013647e-02    5.8670831917e-02    1.9193530416e-02    0.0000000000e+00    9.9999999993e-01    0.0000000000e+00    9.0731395261e-06    1.2071962382e-06    2.6873555501e-02    1.8953831247e-02    5.4425928048e-04    0.0000000000e+00
  49.0100000    1.7916562593e-05    1.1116871049e-06   -1.2758750078e-04    3.1833728038e-06    3.1590580240e-02    5.9601426205e-02    1.7533365124e-02    0.0000000000e+00    9.9999999993e-01    0.0000000000e+00    8.9497013449e-06    1.2101111133e-06    2.7063319822e-02    1.7324936370e-02    3.8448448548e-04    0.0000000000e+00
  49.5100000    1.7887861793e-05    8.0871507973e-07   -1.2441416267e-04    3.1668093639e-06    3.1637209431e-02    6.1098455950e-02    1.3011041698e-02    0.0000000000e+00    9.9999999993e-01    0.0000000000e+00    9.0159854915e-06    8.7116705700e-07    2.7995214841e-02    1.2722776199e-02    3.6396944709e-04    0.0000000000e+00
  50.0100000    1.7790717440e-05    7.1720175237e-07   -1.2065797722e-04    3.1098135112e-06    3.1641809832e-02    6.3161767884e-02    1.2026306804e-02    0.0000000000e+00    9.9999999993e-01    0.0000000000e+00    8.9649344665e-06    7.6837819011e-07    2.8936831156e-02    1.1695821284e-02    3.3132443333e-04    0.0000000000e+00
  50.5100000    1.7661883664e-05    7.8061740221e-07   -1.1484018229e-04    3.0210914014e-06    3.1610513783e-02    6.5718281695e-02    1.3586750618e-02    0.0000000000e+00    9.9999999993e-01    0.0000000000e+00    8.8696621784e-06    8.4136476135e-07    3.0009405986e-02    1.3293294353e-02    3.7477251860e-04    0.0000000000e+00
  51.0100000    1.7561060460e-05    7.3237243749e-07   -1.0394451079e-04    2.9660911261e-06    3.1562799532e-02    6.8363677246e-02    1.3333582142e-02    0.0000000000e+00    9.9999999993e-01    0.0000000000e+00    8.8527751811e-06    7.8802311525e-07    3.1341145421e-02    1.3024645288e-02    4.2219425767e-04    0.0000000000e+00
  51.5100000    1.7469142161e-05    6.3378200297e-07   -9.3258162175e-05    2.9338986352e-06    3.1514816303e-02    7.0458719276e-02    1.1828757814e-02    0.0000000000e+00    9.9999999993e-01    0.0000000000e+00    8.8526861190e-06    6.7384139647e-07    3.2474817502e-02    1.1420929825e-02    4.3888711675e-04    0.0000000000e+00
  52.0100000    1.7372830931e-05    5.9198303849e-07   -8.7042489972e-05    2.8924359736e-06    3.1481742883e-02    7.1615048309e-02    1.1023533245e-02    0.0000000000e+00    9.9999999993e-01    0.0000000000e+00    8.8325123596e-06    6.0681760262e-07    3.3117163581e-02    1.0266395872e-02    4.1009431616e-04    0.0000000000e+00
  52.5100000    1.7274612759e-05    6.2958361679e-07   -8.6878808580e-05    2.9036625243e-06    3.1488011497e-02    7.1752852953e-02    1.1592742515e-02    0.0000000000e+00    9.9999999993e-01    0.0000000000e+00    8.8050554351e-06    6.0042062533e-07    3.3265977986e-02    1.0048472659e-02    3.7280983186e-04    0.0000000000e+00
  53.0100000    1.7169792669e-05    7.1554054447e-07   -9.4499208755e-05    2.9489871479e-06    3.1536858999e-02    7.0987018642e-02    1.3085920549e-02    0.0000000000e+00    9.9999999993e-01    0.0000000000e+00    8.7823071850e-06    6.3592472363e-07    3.3024745172e-02    1.0572504637e-02    3.5014916923e-04    0.0000000000e+00
  53.5100000    1.7048455523e-05    8.0959472390e-07   -1.0384232901e-04    2.9896247745e-06    3.1606655838e-02    6.9575349676e-02    1.4785376849e-02    0.0000000000e+00    9.9999999993e-01    0.0000000000e+00    8.7753567323e-06    6.9050910917e-07    3.2569814720e-02    1.1465242030e-02    3.5384965292e-04    0.0000000000e+00
  54.0100000    1.6908011988e-05    9.0190234874e-07   -1.1509258699e-04    3.0443262326e-06    3.1639455511e-02    6.7814002415e-02    1.6412568333e-02    0.0000000000e+00    9.9999999993e-01    0.0000000000e+00    8.7858032257e-06    7.5292992506e-07    3.2043728718e-02    1.2458060528e-02    3.5774559522e-04    0.0000000000e+00
  54.5100000    1.6764794787e-05    9.9225033621e-07   -1.2004010276e-04    3.1552115175e-06    3.1625464624e-02    6.5975904599e-02    1.7673588102e-02    0.0000000000e+00    9.9999999993e-01    0.0000000000e+00    8.7976879874e-06    8.1921304536e-07    3.1480711947e-02    1.3267666199e-02    3.7061469746e-04    0.0000000000e+00
  55.0100000    1.6650630967e-05    1.0662805771e-06   -1.2250032449e-04    3.3459678202e-06    3.1597888978e-02    6.4286475876e-02    1.8124303134e-02    0.0000000000e+00    9.9999999993e-01    0.0000000000e+00    8.7940064852e-06    8.7258884656e-07    3.0869164922e-02    1.3484876169e-02    3.7894970337e-04    0.0000000000e+00
  55.5100000    1.6599974156e-05    1.1585154472e-06   -1.2485008627e-04    3.5981079471e-06    3.1595470827e-02    6.2875918612e-02    1.8509227219e-02    0.0000000000e+00    9.9999999993e-01    0.0000000000e+00    8.7780271184e-06    9.5840737738e-07    3.0226819277e-02    1.3918762903e-02    3.8079648622e-04    0.0000000000e+00
  56.0100000    1.6660341184e-05    1.2311481194e-06   -1.5389829896e-04    3.8710092213e-06    3.1626970682e-02    6.1849186119e-02    1.9370135539e-02    0.0000000000e+00    9.9999999993e-01    0.0000000000e+00    8.8239776293e-06    1.0234529791e-06    2.9779062557e-02    1.4636991944e-02    4.1795244608e-04    0.0000000000e+00
  56.5100000    1.6827885307e-05    1.2948041037e-06   -1.7374551220e-04    4.1372536078e-06    3.1691149799e-02    6.1266072473e-02    2.2494677627e-02    0.0000000000e+00    9.9999999993e-01    0.0000000000e+00    8.9215638860e-06    1.0844629888e-06    2.9526748078e-02    1.7132938610e-02    4.4597070308e-04    0.0000000000e+00
  57.0100000    1.7135836369e-05    1.4417379201e-06   -1.6343063175e-04    4.3945845453e-06    3.1736122112e-02    6.1550084953e-02    2.7724802350e-02    0.0000000000e+00    9.9999999993e-01    0.0000000000e+00    9.1421193926e-06    1.2568858742e-06    2.9850924972e-02    2.1992806967e-02    5.1821366509e-04    0.0000000000e+00
  57.5100000    1.7584072461e-05    1.5083431972e-06   -1.3248537084e-04    4.6464465948e-06    3.1768849624e-02    6.2749980637e-02    2.8221735368e-02    0.0000000000e+00    9.9999999993e-01    0.0000000000e+00    9.4600508250e-06    1.3111384856e-06    3.0689981665e-02    2.2324787623e-02    5.8202604213e-04    0.0000000000e+00
  58.0100000    1.7952993291e-05    1.6975467192e-06   -1.1614936199e-04    4.8770028435e-06    3.1817351086e-02    6.4027757174e-02    3.1439305012e-02    0.0000000000e+00    9.9999999993e-01    0.0000000000e+00    9.3543139360e-06    1.5386805634e-06    3.0331400626e-02    2.5940444179e-02    4.5894251554e-04    0.0000000000e+00
  58.5100000    1.8443949021e-05    1.6687764765e-06   -1.1494645434e-04    5.0500932037e-06    3.1870789930e-02    6.6459898684e-02    3.1693545077e-02    0.0000000000e+00    9.9999999993e-01    0.0000000000e+00    9.2865112783e-06    1.4696318765e-06    3.0428138851e-02    2.5424704716e-02    3.7859479182e-04    0.0000000000e+00
  59.0100000    1.9055795509e-05    1.5945482577e-06   -1.1174178936e-04    5.1347616473e-06    3.1949359554e-02    7.0392190143e-02    3.0216152578e-02    0.0000000000e+00    9.9999999993e-01    0.0000000000e+00    9.3099243512e-06    1.3294861890e-06    3.1279987120e-02    2.2967307235e-02    3.6195924737e-04    0.0000000000e+00
  59.5100000    1.9724971371e-05    1.6693617564e-06   -1.0417620181e-04    5.1352673563e-06    3.2110095366e-02    7.5476969853e-02    3.1220522452e-02    0.0000000000e+00    9.9999999993e-01    0.0000000000e+00    9.3504162312e-06    1.3961937203e-06    3.2553395418e-02    2.3827455791e-02    3.4382510262e-04    0.0000000000e+00
  60.0100000    2.0464475926e-05    1.7319095239e-06   -9.7513039622e-05    5.0949719566e-06    3.2441251113e-02    8.1290640127e-02    3.2090290611e-02    0.0000000000e+00    9.9999999993e-01    0.0000000000e+00    9.5218643081e-06    1.4315034202e-06    3.4427146613e-02    2.4231077787e-02    4.1520791101e-04    0.0000000000e+00
  60.5100000    2.1172949503e-05    1.8297194203e-06   -9.6241899492e-05    4.9838980569e-06    3.2903667221e-02    8.6762052678e-02    3.3146980341e-02    0.0000000000e+00    9.9999999993e-01    0.0000000000e+00    9.6122580868e-06    1.5107223033e-06    3.5866755256e-02    2.5025797023e-02    4.2317038095e-04    0.0000000000e+00
  61.0100000    2.1846308378e-05    1.9527348979e-06   -8.7701453401e-05    4.9573917050e-06    3.3471328938e-02    9.1225722483e-02    3.4330038280e-02    0.0000000000e+00    9.9999999993e-01    0.0000000000e+00    9.6345530845e-06    1.6237736996e-06    3.6648028528e-02    2.6121196387e-02    3.5881184756e-04    0.0000000000e+00
  61.5100000    2.2506984568e-05    2.0522245979e-06   -8.8692580529e-05    4.9539967396e-06    3.4102504760e-02    9.4437242268e-02    3.5505222421e-02    0.0000000000e+00    9.9999999993e-01    0.0000000000e+00    9.6945960708e-06    1.6879953795e-06    3.7064609029e-02    2.6736185953e-02    3.4491931469e-04    0.0000000000e+00
  62.0100000    2.3115331580e-05    2.1746811712e-06   -9.2773530014e-05    4.8671980230e-06    3.4745557837e-02    9.6365985456e-02    3.7967401327e-02    0.0000000000e+00    9.9999999993e-01    0.0000000000e+00    9.7584522581e-06    1.7618566339e-06    3.7075650460e-02    2.8173069889e-02    3.5043108043e-04    0.0000000000e+00
  62.5100000    2.3642073186e-05    2.3251679420e-06   -9.7066933357e-05    4.6972794861e-06    3.5341397724e-02    9.7371535307e-02    4.1607721330e-02    0.0000000000e+00    9.9999999993e-01    0.0000000000e+00    9.8236951726e-06    1.8693093140e-06    3.6876649077e-02    3.0654750813e-02    3.2517843655e-04    0.0000000000e+00
  63.0100000    2.4071874912e-05    2.4691536306e-06   -9.5960687024e-05    4.6603512932e-06    3.5832459719e-02    9.7765224730e-02    4.5135441985e-02    0.0000000000e+00    9.9999999993e-01    0.0000000000e+00    9.9108332453e-06    1.9892945562e-06    3.6688894278e-02    3.3371759650e-02    3.2195201148e-04    0.0000000000e+00
  63.5100000    2.4391374784e-05    2.6059014051e-06   -9.7661815852e-05    4.6656019455e-06    3.6255680121e-02    9.7519719807e-02    4.6319826443e-02    0.0000000000e+00    9.9999999993e-01    0.0000000000e+00    1.0015947545e-05    2.0969370471e-06    3.6499816813e-02    3.4270232170e-02    3.3256617055e-04    0.0000000000e+00
  64.0100000    2.4599346041e-05    2.7599707814e-06   -1.0218645077e-04    4.6627741968e-06    3.6668938514e-02    9.6503456911e-02    4.6459451613e-02    0.0000000000e+00    9.9999999993e-01    0.0000000000e+00    1.0128458052e-05    2.1868643136e-06    3.6213161030e-02    3.3893220353e-02    3.3558391663e-04    0.0000000000e+00
  64.5100000    2.4710565076e-05    2.9387525451e-06   -1.2791615925e-04    4.6232872335e-06    3.7111546199e-02    9.4760168770e-02    4.8350902937e-02    0.0000000000e+00    9.9999999993e-01    0.0000000000e+00    1.0271106956e-05    2.2729645521e-06    3.5891876398e-02    3.4465924105e-02    3.4817204550e-04    0.0000000000e+00
  65.0100000    2.4733971045e-05    3.1004445053e-06   -1.4938460987e-04    4.5860718640e-06    3.7513276381e-02    9.2540656095e-02    5.2637600564e-02    0.0000000000e+00    9.9999999993e-01    0.0000000000e+00    1.0466390176e-05    2.3559062545e-06    3.5676619116e-02    3.6923571881e-02    3.7514252412e-04    0.0000000000e+00
  65.5100000    2.4663525616e-05    3.2052677351e-06   -1.5462333279e-04    4.5422382280e-06    3.7768914881e-02    9.0216030687e-02    5.8320896342e-02    0.0000000000e+00    9.9999999993e-01    0.0000000000e+00    1.0687505338e-05    2.4168635530e-06    3.5609097352e-02    4.0706174544e-02    4.1227378107e-04    0.0000000000e+00
  66.0100000    2.4514417615e-05    3.2904018916e-06   -1.4367233521e-04    4.4862815940e-06    3.7868708481e-02    8.8132036506e-02    6.2483019385e-02    0.0000000000e+00    9.9999999993e-01    0.0000000000e+00    1.0868141717e-05    2.4534070582e-06    3.5583005766e-02    4.3198658370e-02    4.6615726017e-04    0.0000000000e+00
  66.5100000    2.4347430823e-05    3.4012051258e-06   -1.3471969751e-04    4.4776323209e-06    3.7878196484e-02    8.6561768434e-02    6.5874240492e-02    0.0000000000e+00    9.9999999993e-01    0.0000000000e+00    1.0927860078e-05    2.5114540139e-06    3.5377436965e-02    4.5151303021e-02    4.5484879401e-04    0.0000000000e+00
  67.0100000    2.4252941990e-05    3.5133490507e-06   -1.2639318345e-04    4.5840042646e-06    3.7695007134e-02    8.5944706266e-02    7.0602776528e-02    0.0000000000e+00    9.9999999993e-01    0.0000000000e+00    1.0875478958e-05    2.5988377698e-06    3.5091542245e-02    4.8582069795e-02    4.1848407889e-04    0.0000000000e+00
  67.5100000    2.4292162705e-05    3.6127470546e-06   -1.1862201384e-04    4.6728216220e-06    3.7352857509e-02    8.6743940804e-02    7.4722123366e-02    0.0000000000e+00    9.9999999993e-01    0.0000000000e+00    1.0785664152e-05    2.6929265856e-06    3.5071128479e-02    5.1872155950e-02    3.5945425317e-04    0.0000000000e+00
  68.0100000    2.4450320632e-05    3.7327791245e-06   -1.1439511060e-04    4.7723054866e-06    3.7002351591e-02    8.8911273335e-02    7.7097185253e-02    0.0000000000e+00    9.9999999993e-01    0.0000000000e+00    1.0692715759e-05    2.8234515768e-06    3.5413451787e-02    5.4267426206e-02    3.5631313453e-04    0.0000000000e+00
  68.5100000    2.4659238912e-05    3.8622969512e-06   -1.1316724172e-04    5.0523028275e-06    3.6747374739e-02    9.1867885033e-02    7.9824616868e-02    0.0000000000e+00    9.9999999993e-01    0.0000000000e+00    1.0634203928e-05    2.9827950864e-06    3.6091382109e-02    5.7442235838e-02    3.6042300379e-04    0.0000000000e+00
  69.0100000    2.4857233835e-05    3.9679358928e-06   -1.1405520904e-04    5.1507498912e-06    3.6613010934e-02    9.4999964496e-02    8.2871011740e-02    0.0000000000e+00    9.9999999993e-01    0.0000000000e+00    1.0660772214e-05    3.1168089530e-06    3.7126632492e-02    6.0977454711e-02    4.2100266696e-04    0.0000000000e+00
  69.5100000    2.5057406475e-05    4.0767091804e-06   -1.0399075890e-04    5.1667555118e-06    3.6574300437e-02    9.7994589965e-02    8.3256082611e-02    0.0000000000e+00    9.9999999993e-01    0.0000000000e+00    1.0787424266e-05    3.2114830954e-06    3.8451645635e-02    6.1694757982e-02    4.3527977554e-04    0.0000000000e+00
  70.0100000    2.5360472285e-05    4.2164720380e-06   -9.2664435896e-05    5.1806040289e-06    3.6730042966e-02    1.0084597879e-01    8.2727516998e-02    0.0000000000e+00    9.9999999993e-01    0.0000000000e+00    1.1019352957e-05    3.2865530654e-06    3.9947300357e-02    6.0669654670e-02    3.9548471262e-04    0.0000000000e+00
  70.5100000    2.5867974384e-05    4.3312829557e-06   -9.0590096923e-05    5.2059311060e-06    3.7087184974e-02    1.0379456704e-01    8.4308066500e-02    0.0000000000e+00    9.9999999993e-01    0.0000000000e+00    1.1379549599e-05    3.3310560389e-06    4.1636085053e-02    6.1002843151e-02    3.5351267057e-04    0.0000000000e+00
  71.0100000    2.6580385619e-05    4.3703840539e-06   -9.1259242216e-05    5.3951712152e-06    3.7577566510e-02    1.0712522815e-01    8.7295769774e-02    0.0000000000e+00    9.9999999993e-01    0.0000000000e+00    1.1836457082e-05    3.3206506570e-06    4.3511538906e-02    6.2484345430e-02    3.3382826780e-04    0.0000000000e+00
  71.5100000    2.7417910447e-05    4.3746049544e-06   -9.5770850228e-05    6.2199838860e-06    3.8105645727e-02    1.1090309559e-01    8.9550980115e-02    0.0000000000e+00    9.9999999993e-01    0.0000000000e+00    1.2294916216e-05    3.2736879581e-06    4.5376624322e-02    6.3152053866e-02    3.2054945377e-04    0.0000000000e+00
  72.0100000    2.8293563410e-05    4.4057955504e-06   -1.0021411839e-04    6.6560470309e-06    3.8795153234e-02    1.1478464933e-01    8.9746134298e-02    0.0000000000e+00    9.9999999993e-01    0.0000000000e+00    1.2673420409e-05    3.2359867409e-06    4.6929822957e-02    6.1983794227e-02    3.3724583682e-04    0.0000000000e+00
  72.5100000    2.9124152217e-05    4.4603632426e-06   -1.0395557066e-04    6.4935290089e-06    3.9750054233e-02    1.1806310896e-01    8.9112286050e-02    0.0000000000e+00    9.9999999993e-01    0.0000000000e+00    1.2937170332e-05    3.2300775366e-06    4.7885889558e-02    6.0502533794e-02    3.5614665884e-04    0.0000000000e+00
  73.0100000    2.9828030460e-05    4.5287412605e-06   -1.0506020880e-04    6.2203579162e-06    4.0852266118e-02    1.2008485162e-01    8.9020662440e-02    0.0000000000e+00    9.9999999992e-01    0.0000000000e+00    1.3082807067e-05    3.2668245441e-06    4.8103149261e-02    6.0045162746e-02    3.6933195932e-04    0.0000000000e+00
  73.5100000    3.0347736636e-05    4.6212036811e-06   -1.1337192696e-04    5.9857151626e-06    4.1713966831e-02    1.2059576562e-01    8.9856043540e-02    0.0000000000e+00    9.9999999992e-01    0.0000000000e+00    1.3117761843e-05    3.3579460719e-06    4.7611490129e-02    6.0930056390e-02    3.8181581427e-04    0.0000000000e+00
  74.0100000    3.0632777746e-05    4.7271472643e-06   -1.1658069426e-04    5.7474566487e-06    4.2278246720e-02    1.1957501931e-01    9.1246431127e-02    0.0000000000e+00    9.9999999992e-01    0.0000000000e+00    1.3071452583e-05    3.4856399682e-06    4.6600539112e-02    6.2693847168e-02    3.8503909938e-04    0.0000000000e+00
  74.5100000    3.0629971701e-05    4.8148944731e-06   -1.1568146098e-04    5.5282239734e-06    4.2579819454e-02    1.1709640697e-01    9.3130126261e-02    0.0000000000e+00    9.9999999992e-01    0.0000000000e+00    1.3000667801e-05    3.6098494146e-06    4.5380667224e-02    6.4994907858e-02    3.8232171342e-04    0.0000000000e+00
  75.0100000    3.0332881857e-05    4.8394149908e-06   -1.1254010581e-04    5.4760262972e-06    4.2739190506e-02    1.1355374446e-01    9.6141938177e-02    0.0000000000e+00    9.9999999992e-01    0.0000000000e+00    1.2991427548e-05    3.6775460061e-06    4.4390742852e-02    6.8008415558e-02    3.7117780345e-04    0.0000000000e+00
  75.5100000    2.9790655923e-05    4.7833531380e-06   -1.1225241039e-04    5.4402082098e-06    4.2917469994e-02    1.0963238645e-01    1.0093104756e-01    0.0000000000e+00    9.9999999992e-01    0.0000000000e+00    1.3123754611e-05    3.6301376408e-06    4.4063453055e-02    7.1430763682e-02    3.6993317472e-04    0.0000000000e+00
  76.0100000    2.9088815458e-05    4.6678204931e-06   -1.1328822863e-04    5.2354410269e-06    4.2938231434e-02    1.0597372975e-01    1.0624108624e-01    0.0000000000e+00    9.9999999993e-01    0.0000000000e+00    1.3363600350e-05    3.4582802143e-06    4.4399451603e-02    7.3677691173e-02    3.9654225857e-04    0.0000000000e+00
  76.5100000    2.8356134507e-05    4.5425669297e-06   -1.1642950992e-04    5.0938137996e-06    4.2651594000e-02    1.0306961436e-01    1.1047309142e-01    0.0000000000e+00    9.9999999993e-01    0.0000000000e+00    1.3545732976e-05    3.2404836333e-06    4.4887500825e-02    7.4171702772e-02    3.9225616195e-04    0.0000000000e+00
  77.0100000    2.7762383638e-05    4.4668900041e-06   -1.2617166575e-04    4.9714979690e-06    4.2142894085e-02    1.0138723750e-01    1.1386776871e-01    0.0000000000e+00    9.9999999993e-01    0.0000000000e+00    1.3513228847e-05    3.0923836268e-06    4.4982929474e-02    7.4586475461e-02    3.7237339449e-04    0.0000000000e+00
  77.5100000    2.7450727043e-05    4.4812097552e-06   -1.3185612950e-04    4.7330559524e-06    4.1541180366e-02    1.0127343498e-01    1.1938854059e-01    0.0000000000e+00    9.9999999993e-01    0.0000000000e+00    1.3187961728e-05    3.1174074041e-06    4.4349524566e-02    7.8900395646e-02    3.9592908353e-04    0.0000000000e+00
  78.0100000    2.7483956208e-05    4.5472188196e-06   -1.2596300533e-04    5.3893294573e-06    4.0889799864e-02    1.0283705024e-01    1.2081642078e-01    0.0000000000e+00    9.9999999993e-01    0.0000000000e+00    1.2679339048e-05    3.2848439485e-06    4.3254154056e-02    8.2969929654e-02    4.2569937151e-04    0.0000000000e+00
  78.5100000    2.7781399655e-05    4.6010147140e-06   -1.0922950449e-04    5.9159901042e-06    4.0335067195e-02    1.0563056532e-01    1.1274421223e-01    0.0000000000e+00    9.9999999993e-01    0.0000000000e+00    1.2269949304e-05    3.4349797059e-06    4.2548112311e-02    7.9657130331e-02    4.4027232693e-04    0.0000000000e+00
  79.0100000    2.8122307087e-05    4.6698218364e-06   -9.5830143687e-05    6.0203486785e-06    4.0017879711e-02    1.0859245871e-01    1.0683814028e-01    0.0000000000e+00    9.9999999993e-01    0.0000000000e+00    1.2149903623e-05    3.4925276872e-06    4.2801432085e-02    7.5264277977e-02    3.9854348834e-04    0.0000000000e+00
  79.5100000    2.8313127435e-05    4.7786702258e-06   -9.4718676014e-05    6.0074268641e-06    3.9685274610e-02    1.1088861742e-01    1.0675714890e-01    0.0000000000e+00    9.9999999993e-01    0.0000000000e+00    1.2310585806e-05    3.4901330423e-06    4.3994974172e-02    7.3254406486e-02    3.5368742367e-04    0.0000000000e+00
  80.0100000    2.8286044158e-05    4.8596756851e-06   -9.3304295009e-05    6.0867429727e-06    3.9204931614e-02    1.1237461568e-01    1.0933730351e-01    0.0000000000e+00    9.9999999993e-01    0.0000000000e+00    1.2595058901e-05    3.4990376954e-06    4.5662740153e-02    7.3892316026e-02    3.3841724592e-04    0.0000000000e+00
  80.5100000    2.8105988912e-05    4.8648887607e-06   -9.0055041069e-05    8.0902170051e-06    3.8806408964e-02    1.1331959662e-01    1.1151812749e-01    0.0000000000e+00    9.9999999993e-01    0.0000000000e+00    1.2908509292e-05    3.5317896148e-06    4.7496077728e-02    7.5879611346e-02    3.2609316075e-04    0.0000000000e+00
  81.0100000    2.7883129709e-05    4.8315218594e-06   -8.8150085479e-05    8.7364585843e-06    3.8722409704e-02    1.1385569986e-01    1.1171133360e-01    0.0000000000e+00    9.9999999993e-01    0.0000000000e+00    1.3260446813e-05    3.5110138119e-06    4.9412123404e-02    7.5954996017e-02    3.3661201997e-04    0.0000000000e+00
  81.5100000    2.7655121006e-05    4.7549925606e-06   -9.4010939691e-05    8.4761558717e-06    3.8742110924e-02    1.1369343947e-01    1.0978680448e-01    0.0000000000e+00    9.9999999993e-01    0.0000000000e+00    1.3578962862e-05    3.3924315811e-06    5.0938634486e-02    7.3212794312e-02    3.5326338431e-04    0.0000000000e+00
  82.0100000    2.7450649342e-05    4.6407088953e-06   -1.0063306142e-04    7.9285168168e-06    3.8877140171e-02    1.1267384007e-01    1.0828710844e-01    0.0000000000e+00    9.9999999993e-01    0.0000000000e+00    1.3754183696e-05    3.2312312236e-06    5.1506573337e-02    7.0409428502e-02    3.6128440267e-04    0.0000000000e+00
  82.5100000    2.7384521275e-05    4.6028747391e-06   -1.0177338435e-04    7.4873894320e-06    3.8743883573e-02    1.1124541193e-01    1.0885390153e-01    0.0000000000e+00    9.9999999993e-01    0.0000000000e+00    1.3745839537e-05    3.1270512366e-06    5.0938667927e-02    6.9018864981e-02    3.5925867543e-04    0.0000000000e+00
  83.0100000    2.7557045777e-05    4.6600455891e-06   -9.8827045320e-05    6.9926479718e-06    3.8485975344e-02    1.0997612592e-01    1.1009170323e-01    0.0000000000e+00    9.9999999993e-01    0.0000000000e+00    1.3533110410e-05    3.1650905821e-06    4.9264853000e-02    6.9805876397e-02    3.5055355695e-04    0.0000000000e+00
  83.5100000    2.7921111229e-05    4.7344456588e-06   -9.8589352096e-05    6.4307260675e-06    3.8350434339e-02    1.0900058989e-01    1.1198919436e-01    0.0000000000e+00    9.9999999993e-01    0.0000000000e+00    1.3172443182e-05    3.3376698535e-06    4.6907080515e-02    7.3715726015e-02    3.4546813506e-04    0.0000000000e+00
  84.0100000    2.8290385124e-05    4.7961866610e-06   -1.0537712161e-04    6.2347615783e-06    3.8713233643e-02    1.0806117312e-01    1.1542085988e-01    0.0000000000e+00    9.9999999993e-01    0.0000000000e+00    1.2854884827e-05    3.5170243109e-06    4.4789092742e-02    7.9000496431e-02    3.4338225960e-04    0.0000000000e+00
  84.5100000    2.8408277824e-05    4.8235897195e-06   -1.0947757729e-04    5.8840074231e-06    3.9411374304e-02    1.0662021428e-01    1.1837010006e-01    0.0000000000e+00    9.9999999993e-01    0.0000000000e+00    1.2752211993e-05    3.5786207100e-06    4.3652323327e-02    8.1928423972e-02    3.4492229599e-04    0.0000000000e+00
  85.0100000    2.8065191848e-05    4.7896913523e-06   -1.1392159344e-04    5.4745078951e-06    3.9606942583e-02    1.0408888028e-01    1.1935811531e-01    0.0000000000e+00    9.9999999993e-01    0.0000000000e+00    1.2840968530e-05    3.5085052143e-06    4.3425862712e-02    8.1559232801e-02    3.5152705152e-04    0.0000000000e+00
  85.5100000    2.7263372507e-05    4.6868038548e-06   -1.2591525968e-04    5.4910428317e-06    3.9091346739e-02    1.0041895483e-01    1.2099783811e-01    0.0000000000e+00    9.9999999993e-01    0.0000000000e+00    1.2982962098e-05    3.3651318165e-06    4.3586944587e-02    8.1164513324e-02    3.6256178272e-04    0.0000000000e+00
  86.0100000    2.6226493459e-05    4.5433797790e-06   -1.3815966840e-04    5.4429219644e-06    3.8214544982e-02    9.6309081104e-02    1.2707148883e-01    0.0000000000e+00    9.9999999993e-01    0.0000000000e+00    1.3095496043e-05    3.1907217610e-06    4.3814087998e-02    8.3706413161e-02    3.8397412211e-04    0.0000000000e+00
  86.5100000    2.5245918113e-05    4.3782643420e-06   -1.4004645639e-04    5.4698009810e-06    3.7372709457e-02    9.2752483041e-02    1.3449365411e-01    0.0000000000e+00    9.9999999993e-01    0.0000000000e+00    1.3138948020e-05    3.0074110372e-06    4.3965245017e-02    8.7125432318e-02    4.1231037735e-04    0.0000000000e+00
  87.0100000    2.4549812639e-05    4.2286889615e-06   -1.2883715112e-04    5.2732388724e-06    3.6909612276e-02    9.0503376963e-02    1.3068481103e-01    0.0000000000e+00    9.9999999993e-01    0.0000000000e+00    1.3060838490e-05    2.8623070925e-06    4.3844415471e-02    8.3467826841e-02    4.2714534690e-04    0.0000000000e+00
  87.5100000    2.4292496724e-05    4.1665141223e-06   -1.1000916446e-04    4.7605495782e-06    3.6637482488e-02    9.0032205646e-02    1.1982974735e-01    0.0000000000e+00    9.9999999993e-01    0.0000000000e+00    1.2836397144e-05    2.8098475980e-06    4.3319844806e-02    7.5967761454e-02    4.0381107883e-04    0.0000000000e+00
  88.0100000    2.4553475103e-05    4.1737896972e-06   -1.0642063815e-04    4.4366817789e-06    3.6249573115e-02    9.1679183307e-02    1.1629950790e-01    0.0000000000e+00    9.9999999993e-01    0.0000000000e+00    1.2529447391e-05    2.8508022438e-06    4.2607547498e-02    7.4569603906e-02    3.7105762357e-04    0.0000000000e+00
  88.5100000    2.5214209009e-05    4.2196097720e-06   -1.0507467776e-04    4.9583898446e-06    3.6218711317e-02    9.5229907439e-02    1.1988191566e-01    0.0000000000e+00    9.9999999993e-01    0.0000000000e+00    1.2281026552e-05    2.9246083098e-06    4.2258238970e-02    7.8028974719e-02    3.5219042104e-04    0.0000000000e+00
  89.0100000    2.5933003121e-05    4.3386055280e-06   -1.0236545297e-04    4.7700540330e-06    3.6158152091e-02    9.9545086567e-02    1.2393041477e-01    0.0000000000e+00    9.9999999993e-01    0.0000000000e+00    1.2129154760e-05    3.0262377781e-06    4.2435316804e-02    8.1094683173e-02    3.4193351039e-04    0.0000000000e+00
  89.5100000    2.6418513356e-05    4.4473723905e-06   -9.8749521417e-05    5.2548759850e-06    3.5827122835e-02    1.0331203760e-01    1.2488599149e-01    0.0000000000e+00    9.9999999993e-01    0.0000000000e+00    1.2048929710e-05    3.1825715912e-06    4.2961461961e-02    8.3592718196e-02    3.4770257860e-04    0.0000000000e+00
  90.0100000    2.6572435212e-05    4.4656852493e-06   -9.7305097183e-05    5.4304573994e-06    3.5596976284e-02    1.0568969324e-01    1.2420286713e-01    0.0000000000e+00    9.9999999993e-01    0.0000000000e+00    1.2132384441e-05    3.2811097828e-06    4.4007344160e-02    8.5133383922e-02    3.6428596521e-04    0.0000000000e+00
  90.5100000    2.6384803086e-05    4.4090992945e-06   -1.0189300630e-04    5.0972382982e-06    3.5508904344e-02    1.0622755039e-01    1.2307843370e-01    0.0000000000e+00    9.9999999993e-01    0.0000000000e+00    1.2373677981e-05    3.2076405836e-06    4.5431569710e-02    8.3497182080e-02    3.7793441091e-04    0.0000000000e+00
  91.0100000    2.5927414255e-05    4.2934049831e-06   -9.9746606375e-05    5.2765764593e-06    3.5438389947e-02    1.0499155728e-01    1.1972636324e-01    0.0000000000e+00    9.9999999993e-01    0.0000000000e+00    1.2621649206e-05    3.0119351021e-06    4.6602242920e-02    7.8310672485e-02    3.7604795096e-04    0.0000000000e+00
  91.5100000    2.5441460448e-05    4.1675228095e-06   -9.2314159945e-05    5.2169436578e-06    3.5143770081e-02    1.0290497026e-01    1.1484141385e-01    0.0000000000e+00    9.9999999993e-01    0.0000000000e+00    1.2775526881e-05    2.8187961372e-06    4.7104641688e-02    7.2337392641e-02    3.5868760185e-04    0.0000000000e+00
  92.0100000    2.5244309204e-05    4.0641266185e-06   -9.2779907497e-05    5.4748896512e-06    3.4733837779e-02    1.0137747792e-01    1.1038855226e-01    0.0000000000e+00    9.9999999993e-01    0.0000000000e+00    1.2826098822e-05    2.7057830168e-06    4.6945964639e-02    6.8389300409e-02    3.4176387545e-04    0.0000000000e+00
  92.5100000    2.5442432820e-05    3.9885082891e-06   -9.7088844428e-05    5.6459054638e-06    3.4614040534e-02    1.0112204976e-01    1.0876421234e-01    0.0000000000e+00    9.9999999993e-01    0.0000000000e+00    1.2780510440e-05    2.6745876239e-06    4.6298114297e-02    6.7931588752e-02    3.3328193557e-04    0.0000000000e+00
  93.0100000    2.5862949887e-05    3.9618398507e-06   -1.0062624317e-04    5.6225290501e-06    3.4780941990e-02    1.0174416567e-01    1.0897696548e-01    0.0000000000e+00    9.9999999993e-01    0.0000000000e+00    1.2598177427e-05    2.6942858837e-06    4.5177009802e-02    6.9094593588e-02    3.3098230160e-04    0.0000000000e+00
  93.5100000    2.6266369537e-05    3.9768182126e-06   -1.0048640408e-04    5.3924127486e-06    3.5241377014e-02    1.0240916227e-01    1.0467662246e-01    0.0000000000e+00    9.9999999993e-01    0.0000000000e+00    1.2289875217e-05    2.7435671579e-06    4.3684135107e-02    6.7137339907e-02    3.3483068342e-04    0.0000000000e+00
  94.0100000    2.6488200384e-05    3.9939950257e-06   -1.0822509163e-04    5.1540443518e-06    3.5650879262e-02    1.0236790614e-01    9.9276269554e-02    0.0000000000e+00    9.9999999993e-01    0.0000000000e+00    1.2030701518e-05    2.7959771589e-06    4.2389931474e-02    6.4347030351e-02    3.4661537957e-04    0.0000000000e+00
  94.5100000    2.6419654484e-05    3.9899681059e-06   -1.2454329875e-04    5.2047887337e-06    3.5851232725e-02    1.0107604050e-01    9.8629895361e-02    0.0000000000e+00    9.9999999993e-01    0.0000000000e+00    1.1998021339e-05    2.7856336698e-06    4.1845014194e-02    6.3644009186e-02    3.6936194603e-04    0.0000000000e+00
  95.0100000    2.5974631237e-05    3.9720035105e-06   -1.3487627908e-04    5.1527197909e-06    3.5705871092e-02    9.8258182493e-02    1.0437550049e-01    0.0000000000e+00    9.9999999993e-01    0.0000000000e+00    1.2079580554e-05    2.7048461469e-06    4.1645165423e-02    6.5780013220e-02    3.9054475917e-04    0.0000000000e+00
  95.5100000    2.5203577350e-05    3.9228550859e-06   -1.3416618081e-04    4.8993750711e-06    3.5208540166e-02    9.4284837516e-02    1.1167025354e-01    0.0000000000e+00    9.9999999993e-01    0.0000000000e+00    1.2065089731e-05    2.6425197835e-06    4.1119264660e-02    6.9782764241e-02    3.9726229285e-04    0.0000000000e+00
  96.0100000    2.4367267637e-05    3.8417558400e-06   -1.2330040413e-04    4.6390965553e-06    3.4421487292e-02    9.0271083546e-02    1.1323673643e-01    0.0000000000e+00    9.9999999993e-01    0.0000000000e+00    1.1973386994e-05    2.6136140128e-06    4.0396564851e-02    7.1491056093e-02    4.0511685508e-04    0.0000000000e+00
  96.5100000    2.3774525289e-05    3.7537394549e-06   -1.1028938555e-04    4.4483564973e-06    3.3869734859e-02    8.7474697455e-02    1.1391801088e-01    0.0000000000e+00    9.9999999993e-01    0.0000000000e+00    1.1918477747e-05    2.5598427643e-06    3.9927902585e-02    7.2098932134e-02    3.8947576850e-04    0.0000000000e+00
  97.0100000    2.3567905808e-05    3.6727012038e-06   -1.0742769864e-04    4.3507951677e-06    3.3771737394e-02    8.6613269147e-02    1.1975477972e-01    0.0000000000e+00    9.9999999993e-01    0.0000000000e+00    1.1919118979e-05    2.4724855810e-06    3.9880535031e-02    7.5043866550e-02    3.7502008415e-04    0.0000000000e+00
  97.5100000    2.3672877185e-05    3.6299233442e-06   -1.0623479396e-04    4.4068258147e-06    3.3739747251e-02    8.7594055198e-02    1.2637260861e-01    0.0000000000e+00    9.9999999993e-01    0.0000000000e+00    1.1893388195e-05    2.4110903582e-06    4.0069776530e-02    7.8410370602e-02    3.6018519267e-04    0.0000000000e+00
  98.0100000    2.3914937461e-05    3.6444104299e-06   -1.0239011010e-04    4.7513027266e-06    3.3515513501e-02    8.9744061056e-02    1.2616149877e-01    0.0000000000e+00    9.9999999993e-01    0.0000000000e+00    1.1789392935e-05    2.4530077527e-06    4.0289843406e-02    7.9261471521e-02    3.5586209580e-04    0.0000000000e+00
  98.5100000    2.4165543184e-05    3.6765326376e-06   -1.0622288037e-04    5.9369222699e-06    3.3276425288e-02    9.2316154466e-02    1.2069903931e-01    0.0000000000e+00    9.9999999993e-01    0.0000000000e+00    1.1674694564e-05    2.5763632929e-06    4.0624832950e-02    7.8649148033e-02    3.6588405949e-04    0.0000000000e+00
  99.0100000    2.4358594129e-05    3.6725337871e-06   -1.0905663568e-04    6.3768949956e-06    3.2988868090e-02    9.4715019627e-02    1.1577692294e-01    0.0000000000e+00    9.9999999993e-01    0.0000000000e+00    1.1670934887e-05    2.6586122963e-06    4.1345018357e-02    7.7716789784e-02    3.8275251634e-04    0.0000000000e+00
  99.5100000    2.4403662947e-05    3.6484339636e-06   -1.0494607540e-04    6.0522341107e-06    3.2881032135e-02    9.6290312361e-02    1.1054415496e-01    0.0000000000e+00    9.9999999993e-01    0.0000000000e+00    1.1780632892e-05    2.6192384915e-06    4.2354105799e-02    7.3490362710e-02    3.8675231488e-04    0.0000000000e+00
 100.0100000    2.4258491140e-05    3.6056837894e-06   -9.4991054300e-05    5.3001831257e-06    3.2915842391e-02    9.6645364058e-02    1.0265890882e-01    0.0000000000e+00    9.9999999993e-01    0.0000000000e+00    1.1875704343e-05    2.5111424513e-06    4.3110004862e-02    6.6114953437e-02    3.6581891169e-04    0.0000000000e+00
 100.5100000    2.4026969171e-05    3.5396219762e-06   -9.1092814521e-05    4.9788041232e-06    3.2912030736e-02    9.6114128677e-02    9.6334897231e-02    0.0000000000e+00    9.9999999993e-01    0.0000000000e+00    1.1922525152e-05    2.4266534084e-06    4.3454015829e-02    6.0965646480e-02    3.5246983201e-04    0.0000000000e+00
 101.0100000    2.3877294487e-05    3.4724272790e-06   -9.2351291374e-05    4.8676131844e-06    3.2938094608e-02    9.5510852173e-02    9.5320088478e-02    0.0000000000e+00    9.9999999993e-01    0.0000000000e+00    1.1965317080e-05    2.3810132098e-06    4.3605135731e-02    6.0322920731e-02    3.3868503549e-04    0.0000000000e+00
 101.5100000    2.3889770051e-05    3.3933541654e-06   -9.2272043161e-05    4.9951131650e-06    3.3043304767e-02    9.5390899958e-02    9.7282458656e-02    0.0000000000e+00    9.9999999993e-01    0.0000000000e+00    1.2010566270e-05    2.3438333462e-06    4.3691605486e-02    6.2127804842e-02    3.2669350976e-04    0.0000000000e+00
 102.0100000    2.3988276640e-05    3.3422402668e-06   -9.2024321466e-05    5.3812560383e-06    3.3074148785e-02    9.5554596850e-02    9.7944767916e-02    0.0000000000e+00    9.9999999993e-01    0.0000000000e+00    1.2013496854e-05    2.3004040169e-06    4.3598392865e-02    6.2438858897e-02    3.3110637752e-04    0.0000000000e+00
 102.5100000    2.4076983311e-05    3.3206790945e-06   -9.2813420106e-05    5.2786535380e-06    3.3169064028e-02    9.5518833476e-02    9.1954322057e-02    0.0000000000e+00    9.9999999993e-01    0.0000000000e+00    1.1956693222e-05    2.2701013686e-06    4.3216774008e-02    5.8124372530e-02    3.3992400790e-04    0.0000000000e+00
 103.0100000    2.4100706714e-05    3.2999959283e-06   -1.0700496693e-04    4.8068678671e-06    3.3425103948e-02    9.4898679993e-02    8.7234570617e-02    0.0000000000e+00    9.9999999993e-01    0.0000000000e+00    1.1919275310e-05    2.2556044481e-06    4.2757991743e-02    5.5034807589e-02    3.5160948545e-04    0.0000000000e+00
 103.5100000    2.3996667729e-05    3.3081729560e-06   -1.1886850300e-04    5.0387501024e-06    3.3587763861e-02    9.3413404700e-02    8.8047517111e-02    0.0000000000e+00    9.9999999993e-01    0.0000000000e+00    1.1918059902e-05    2.2481264250e-06    4.2261829022e-02    5.5213127483e-02    3.6239875157e-04    0.0000000000e+00
 104.0100000    2.3732354920e-05    3.3329953880e-06   -1.2377950873e-04    5.2329170673e-06    3.3445260874e-02    9.1076581744e-02    9.3551308278e-02    0.0000000000e+00    9.9999999993e-01    0.0000000000e+00    1.1902559640e-05    2.2604367272e-06    4.1601349578e-02    5.8605144330e-02    3.7000722831e-04    0.0000000000e+00
 104.5100000    2.3304621543e-05    3.3458906175e-06   -1.2042304816e-04    5.2239069612e-06    3.3134421769e-02    8.8080695399e-02    9.7618493042e-02    0.0000000000e+00    9.9999999993e-01    0.0000000000e+00    1.1854671406e-05    2.2892358083e-06    4.0796752459e-02    6.1725500809e-02    3.7759810379e-04    0.0000000000e+00
 105.0100000    2.2753033345e-05    3.3169924129e-06   -1.1365225423e-04    5.2110955892e-06    3.2805070266e-02    8.4774765933e-02    9.9190336729e-02    0.0000000000e+00    9.9999999993e-01    0.0000000000e+00    1.1784288976e-05    2.2992831371e-06    3.9968387632e-02    6.3545716728e-02    3.7478728507e-04    0.0000000000e+00
 105.5100000    2.2200108014e-05    3.2541549930e-06   -1.1085773531e-04    4.8830446320e-06    3.2537307379e-02    8.1827374143e-02    1.0340678886e-01    0.0000000000e+00    9.9999999993e-01    0.0000000000e+00    1.1747960789e-05    2.2504367384e-06    3.9408830800e-02    6.6152929389e-02    3.6562935142e-04    0.0000000000e+00
 106.0100000    2.1779384993e-05    3.2125732700e-06   -1.1016747865e-04    4.2936866231e-06    3.2495553247e-02    7.9911306562e-02    1.1204124695e-01    0.0000000000e+00    9.9999999993e-01    0.0000000000e+00    1.1754650204e-05    2.1589281990e-06    3.9245936781e-02    6.9838464352e-02    3.5649893594e-04    0.0000000000e+00
 106.5100000    2.1539968750e-05    3.1786935039e-06   -1.1052457024e-04    4.1465062119e-06    3.2246568793e-02    7.9239416369e-02    1.1653554914e-01    0.0000000000e+00    9.9999999993e-01    0.0000000000e+00    1.1714797546e-05    2.1075238601e-06    3.9213003620e-02    7.1806748419e-02    3.5664497289e-04    0.0000000000e+00
 107.0100000    2.1447086278e-05    3.1193792511e-06   -1.1382775529e-04    3.9830911898e-06    3.1916316121e-02    7.9545617529e-02    1.1532088957e-01    0.0000000000e+00    9.9999999993e-01    0.0000000000e+00    1.1617225975e-05    2.1222661870e-06    3.9206647709e-02    7.2882300116e-02    3.5911344457e-04    0.0000000000e+00
 107.5100000    2.1412055754e-05    3.0933316286e-06   -1.1893726759e-04    4.0537159583e-06    3.1746374477e-02    8.0300174516e-02    1.1748937695e-01    0.0000000000e+00    9.9999999993e-01    0.0000000000e+00    1.1508582579e-05    2.1454852055e-06    3.9274807058e-02    7.5763402043e-02    3.7054846022e-04    0.0000000000e+00
 108.0100000    2.1409185202e-05    3.0868790950e-06   -1.1691815998e-04    4.1279140817e-06    3.1430535936e-02    8.1235337266e-02    1.1676155000e-01    0.0000000000e+00    9.9999999993e-01    0.0000000000e+00    1.1386975628e-05    2.1605306303e-06    3.9320506271e-02    7.6011688523e-02    3.9746110928e-04    0.0000000000e+00
 108.5100000    2.1491019290e-05    3.0444841484e-06   -1.0730840135e-04    4.3138801605e-06    3.1232407592e-02    8.2409096713e-02    1.0558068796e-01    0.0000000000e+00    9.9999999993e-01    0.0000000000e+00    1.1332827874e-05    2.1565424973e-06    3.9551251133e-02    6.9328598352e-02    3.9643241407e-04    0.0000000000e+00
 109.0100000    2.1635459413e-05    3.0155019451e-06   -9.5172417392e-05    4.5355963282e-06    3.1158709639e-02    8.3649453255e-02    9.5708987589e-02    0.0000000000e+00    9.9999999993e-01    0.0000000000e+00    1.1389317427e-05    2.1133538113e-06    4.0080608206e-02    6.2008394380e-02    3.6901731115e-04    0.0000000000e+00
 109.5100000    2.1801998176e-05    3.0098395016e-06   -9.5177342101e-05    4.9056352894e-06    3.0954574361e-02    8.4848445845e-02    9.2818229287e-02    0.0000000000e+00    9.9999999993e-01    0.0000000000e+00    1.1462571289e-05    2.0805320162e-06    4.0607271435e-02    5.9284943086e-02    3.5188324369e-04    0.0000000000e+00
 110.0100000    2.2024214199e-05    3.0096102506e-06   -9.6040885943e-05    5.0704818965e-06    3.0815167523e-02    8.6293993503e-02    9.5006002047e-02    0.0000000000e+00    9.9999999993e-01    0.0000000000e+00    1.1529001755e-05    2.1005634218e-06    4.1123569671e-02    6.1350860346e-02    3.4124124758e-04    0.0000000000e+00
 110.5100000    2.2313661569e-05    3.0306602295e-06   -9.6362014328e-05    4.9215751618e-06    3.0944131450e-02    8.8113541407e-02    9.8452130128e-02    0.0000000000e+00    9.9999999993e-01    0.0000000000e+00    1.1619743600e-05    2.1413319824e-06    4.1777773068e-02    6.4498167984e-02    3.3293718554e-04    0.0000000000e+00
 111.0100000    2.2622115238e-05    3.0549279724e-06   -9.5044640712e-05    4.5129482152e-06    3.1138810935e-02    9.0001907226e-02    9.7480244608e-02    0.0000000000e+00    9.9999999993e-01    0.0000000000e+00    1.1710717068e-05    2.1695645840e-06    4.2426860301e-02    6.4209295434e-02    3.3943786587e-04    0.0000000000e+00
 111.5100000    2.2919507744e-05    3.0602925151e-06   -9.6637678923e-05    4.3031027284e-06    3.1525271418e-02    9.1606260868e-02    9.3898058859e-02    0.0000000000e+00    9.9999999993e-01    0.0000000000e+00    1.1794617554e-05    2.1712548710e-06    4.2933595998e-02    6.1681643340e-02    3.5599517041e-04    0.0000000000e+00
 112.0100000    2.3203195973e-05    3.0749271664e-06   -1.0399237095e-04    4.3673037577e-06    3.2015076367e-02    9.2730444046e-02    9.2612334336e-02    0.0000000000e+00    9.9999999993e-01    0.0000000000e+00    1.1893400617e-05    2.1487536223e-06    4.3292545999e-02    5.9825800815e-02    3.6873012225e-04    0.0000000000e+00
 112.5100000    2.3443976654e-05    3.1209953563e-06   -1.0694509118e-04    4.3969226627e-06    3.2284581758e-02    9.3197775657e-02    9.3575341269e-02    0.0000000000e+00    9.9999999993e-01    0.0000000000e+00    1.1988521393e-05    2.1452864886e-06    4.3409947610e-02    5.9397376853e-02    3.7070769938e-04    0.0000000000e+00
 113.0100000    2.3592140539e-05    3.1615036822e-06   -1.0492428224e-04    4.6147726109e-06    3.2365870461e-02    9.2861351142e-02    9.3483184929e-02    0.0000000000e+00    9.9999999993e-01    0.0000000000e+00    1.2041845974e-05    2.1846481126e-06    4.3171842538e-02    5.9563062295e-02    3.6086384801e-04    0.0000000000e+00
 113.5100000    2.3614974446e-05    3.1464440751e-06   -1.0006484955e-04    5.2633787281e-06    3.2436877353e-02    9.1744841129e-02    9.2013412247e-02    0.0000000000e+00    9.9999999993e-01    0.0000000000e+00    1.2069883302e-05    2.2113716327e-06    4.2707125466e-02    5.9513025532e-02    3.5153882739e-04    0.0000000000e+00
 114.0100000    2.3488367625e-05    3.0823230661e-06   -9.6970273439e-05    5.4292074231e-06    3.2566129740e-02    9.0005561059e-02    9.1559634975e-02    0.0000000000e+00    9.9999999993e-01    0.0000000000e+00    1.2123453096e-05    2.1555916934e-06    4.2304233001e-02    5.8858876398e-02    3.4606837842e-04    0.0000000000e+00
 114.5100000    2.3214394252e-05    3.0044426809e-06   -9.9703645585e-05    5.0623634040e-06    3.2692936270e-02    8.7918061145e-02    9.3041744422e-02    0.0000000000e+00    9.9999999993e-01    0.0000000000e+00    1.2193459892e-05    2.0229589451e-06    4.2044759668e-02    5.7604271977e-02    3.4469759171e-04    0.0000000000e+00
 115.0100000    2.2852447524e-05    2.9302439537e-06   -1.0174123297e-04    4.7795985793e-06    3.2602290855e-02    8.5849631012e-02    9.2725900203e-02    0.0000000000e+00    9.9999999993e-01    0.0000000000e+00    1.2215169491e-05    1.8995289919e-06    4.1772970289e-02    5.5324738234e-02    3.4238064554e-04    0.0000000000e+00
 115.5100000    2.2482227076e-05    2.8731609619e-06   -1.1217910628e-04    4.4942355735e-06    3.2216912329e-02    8.4065959471e-02    9.1239547134e-02    0.0000000000e+00    9.9999999993e-01    0.0000000000e+00    1.2132404907e-05    1.8622718932e-06    4.1291417783e-02    5.4497009519e-02    3.5133357268e-04    0.0000000000e+00
 116.0100000    2.2151613382e-05    2.8401575866e-06   -1.2328927553e-04    4.4566315579e-06    3.1883828249e-02    8.2631537288e-02    9.4703041914e-02    0.0000000000e+00    9.9999999993e-01    0.0000000000e+00    1.1940147512e-05    1.8980178444e-06    4.0536184047e-02    5.8512848989e-02    3.6776446947e-04    0.0000000000e+00
 116.5100000    2.1877442477e-05    2.8265748623e-06   -1.2871220904e-04    4.3551536748e-06    3.1570961428e-02    8.1540619469e-02    1.0532171304e-01    0.0000000000e+00    9.9999999993e-01    0.0000000000e+00    1.1707083320e-05    1.9453318532e-06    3.9709433733e-02    6.7498491697e-02    3.7634857793e-04    0.0000000000e+00
 117.0100000    2.1671172340e-05    2.8341772584e-06   -1.2446548557e-04    4.3826092046e-06    3.1368271482e-02    8.0823792347e-02    1.1314567048e-01    0.0000000000e+00    9.9999999993e-01    0.0000000000e+00    1.1540737945e-05    1.9704088686e-06    3.9168901562e-02    7.3681012778e-02    3.9969967444e-04    0.0000000000e+00
 117.5100000    2.1549507212e-05    2.8681887490e-06   -1.1238784732e-04    4.6526195066e-06    3.1407393532e-02    8.0524283809e-02    1.0727003598e-01    0.0000000000e+00    9.9999999993e-01    0.0000000000e+00    1.1490228852e-05    1.9862485342e-06    3.9071491780e-02    6.9322416563e-02    4.0226636814e-04    0.0000000000e+00
 118.0100000    2.1533322801e-05    2.9258721525e-06   -9.9720959248e-05    4.8544080373e-06    3.1415261543e-02    8.0731909904e-02    1.0307515456e-01    0.0000000000e+00    9.9999999993e-01    0.0000000000e+00    1.1532727189e-05    2.0109650649e-06    3.9346883083e-02    6.5853099755e-02    3.7561056476e-04    0.0000000000e+00
 118.5100000    2.1624831018e-05    3.0000704853e-06   -9.9109356789e-05    4.6820231240e-06    3.1243601862e-02    8.1569550031e-02    1.0591219380e-01    0.0000000000e+00    9.9999999993e-01    0.0000000000e+00    1.1617465008e-05    2.0429741569e-06    3.9879624534e-02    6.6984195866e-02    3.5661214082e-04    0.0000000000e+00
 119.0100000    2.1804658596e-05    3.0569826066e-06   -9.7859064785e-05    4.9157061509e-06    3.1001833654e-02    8.3085054354e-02    1.0725549920e-01    0.0000000000e+00    9.9999999993e-01    0.0000000000e+00    1.1705425340e-05    2.0913184874e-06    4.0594477451e-02    6.8077200720e-02    3.4627495229e-04    0.0000000000e+00
 119.5100000    2.2027555512e-05    3.0655564090e-06   -9.5195131465e-05    5.0023210348e-06    3.0868530615e-02    8.5059909135e-02    1.0441259848e-01    0.0000000000e+00    9.9999999993e-01    0.0000000000e+00    1.1825823514e-05    2.1309734647e-06    4.1567243003e-02    6.7217671441e-02    3.4070211430e-04    0.0000000000e+00
 120.0100000    2.2206489863e-05    3.0466035475e-06   -9.6044225741e-05    5.2173543515e-06    3.0923133840e-02    8.6920340379e-02    1.0072294095e-01    0.0000000000e+00    9.9999999993e-01    0.0000000000e+00    1.1985209864e-05    2.1075319701e-06    4.2706834019e-02    6.4418535439e-02    3.5108747411e-04    0.0000000000e+00
 120.5100000    2.2291725554e-05    3.0228157327e-06   -1.0102371581e-04    5.1861227997e-06    3.1225621951e-02    8.8176226913e-02    9.8551329542e-02    0.0000000000e+00    9.9999999993e-01    0.0000000000e+00    1.2097908413e-05    2.0389950998e-06    4.3567276305e-02    6.1398926749e-02    3.6262849839e-04    0.0000000000e+00
 121.0100000    2.2352706332e-05    2.9868442621e-06   -1.0169760388e-04    4.9123904392e-06    3.1496934539e-02    8.8888508688e-02    9.6262669450e-02    0.0000000000e+00    9.9999999993e-01    0.0000000000e+00    1.2120365816e-05    1.9973236672e-06    4.3882884813e-02    5.9391603736e-02    3.6242426124e-04    0.0000000000e+00
 121.5100000    2.2492463796e-05    2.9430671781e-06   -9.7706939428e-05    4.8637900644e-06    3.1613569287e-02    8.9381133090e-02    9.2771094117e-02    0.0000000000e+00    9.9999999993e-01    0.0000000000e+00    1.2113678618e-05    1.9902625793e-06    4.3829752785e-02    5.7806253073e-02    3.5191668817e-04    0.0000000000e+00
 122.0100000    2.2699683391e-05    2.9064678687e-06   -9.1718018647e-05    4.5413788438e-06    3.1930980173e-02    8.9654513286e-02    9.0014905401e-02    0.0000000000e+00    9.9999999993e-01    0.0000000000e+00    1.2116600520e-05    1.9783606680e-06    4.3574573108e-02    5.6391309325e-02    3.4388895408e-04    0.0000000000e+00
 122.5100000    2.2873626438e-05    2.8602744866e-06   -9.5323741300e-05    4.0222958891e-06    3.2107724745e-02    8.9493831938e-02    8.9543975280e-02    0.0000000000e+00    9.9999999993e-01    0.0000000000e+00    1.2097501900e-05    1.9562672575e-06    4.3097954258e-02    5.6336555569e-02    3.4524987445e-04    0.0000000000e+00
 123.0100000    2.2936909333e-05    2.7951029001e-06   -9.7498182455e-05    4.1358988001e-06    3.2247928281e-02    8.8850007730e-02    9.0535660008e-02    0.0000000000e+00    9.9999999993e-01    0.0000000000e+00    1.2056611509e-05    1.9215559874e-06    4.2524221554e-02    5.7269880189e-02    3.3841270234e-04    0.0000000000e+00
 123.5100000    2.2850352965e-05    2.7273390037e-06   -9.7547610468e-05    4.2779047075e-06    3.2444592787e-02    8.7747478512e-02    8.8598172882e-02    0.0000000000e+00    9.9999999993e-01    0.0000000000e+00    1.2036140634e-05    1.8560269938e-06    4.2080716884e-02    5.5502569458e-02    3.3443733967e-04    0.0000000000e+00
 124.0100000    2.2594733118e-05    2.6619056410e-06   -1.0177863386e-04    4.1858792789e-06    3.2311114981e-02    8.6129774541e-02    8.2719328204e-02    0.0000000000e+00    9.9999999993e-01    0.0000000000e+00    1.2047563839e-05    1.7693942195e-06    4.1806399375e-02    5.0605367621e-02    3.4187939577e-04    0.0000000000e+00
 124.5100000    2.2184273257e-05    2.6290185993e-06   -1.1489750804e-04    4.2766353006e-06    3.1889996112e-02    8.3979409383e-02    8.1385324525e-02    0.0000000000e+00    9.9999999993e-01    0.0000000000e+00    1.2043146413e-05    1.7063241630e-06    4.1494484140e-02    4.8671162255e-02    3.5459682495e-04    0.0000000000e+00
 125.0100000    2.1681104692e-05    2.6556161021e-06   -1.2544128595e-04    4.5082285513e-06    3.1287783165e-02    8.1499282656e-02    8.7571642026e-02    0.0000000000e+00    9.9999999993e-01    0.0000000000e+00    1.1951303070e-05    1.7168466787e-06    4.0881928402e-02    5.2369210040e-02    3.6661363984e-04    0.0000000000e+00
 125.5100000    2.1189869843e-05    2.6983027887e-06   -1.2822662177e-04    4.6477619148e-06    3.0800500771e-02    7.9125635022e-02    9.7293178983e-02    0.0000000000e+00    9.9999999993e-01    0.0000000000e+00    1.1775650727e-05    1.7955722686e-06    4.0008228473e-02    6.0262713861e-02    3.7645824993e-04    0.0000000000e+00
 126.0100000    2.0817255376e-05    2.7179278687e-06   -1.2186735634e-04    4.7352818809e-06    3.0789867129e-02    7.7304953676e-02    1.0121444393e-01    0.0000000000e+00    9.9999999993e-01    0.0000000000e+00    1.1634586281e-05    1.8660977638e-06    3.9306112729e-02    6.4893062874e-02    3.9241063433e-04    0.0000000000e+00
 126.5100000    2.0606837643e-05    2.7503694609e-06   -1.1146824266e-04    4.7797910430e-06    3.1008628138e-02    7.6228567467e-02    1.0326418905e-01    0.0000000000e+00    9.9999999993e-01    0.0000000000e+00    1.1623507799e-05    1.8782015563e-06    3.9114359390e-02    6.5854849851e-02    3.8449954112e-04    0.0000000000e+00
 127.0100000    2.0550034455e-05    2.8233056091e-06   -1.0526262562e-04    4.7058883165e-06    3.1151243038e-02    7.5945054604e-02    1.0993626950e-01    0.0000000000e+00    9.9999999993e-01    0.0000000000e+00    1.1688555204e-05    1.8722833438e-06    3.9294156321e-02    6.8134199403e-02    3.6585609583e-04    0.0000000000e+00
 127.5100000    2.0651180858e-05    2.8960463140e-06   -1.0427518693e-04    4.4145563009e-06    3.1087219986e-02    7.6601947877e-02    1.1706861506e-01    0.0000000000e+00    9.9999999993e-01    0.0000000000e+00    1.1736181603e-05    1.9148305813e-06    3.9602118960e-02    7.2376641661e-02    3.5827006926e-04    0.0000000000e+00
 128.0100000    2.0907184259e-05    2.9435883528e-06   -1.0296142155e-04    4.2411627573e-06    3.0931969666e-02    7.8244710855e-02    1.1924471083e-01    0.0000000000e+00    9.9999999993e-01    0.0000000000e+00    1.1767012976e-05    1.9949533351e-06    4.0065438320e-02    7.5405662397e-02    3.5338585877e-04    0.0000000000e+00
 128.5100000    2.1240713735e-05    2.9875563264e-06   -1.0131710240e-04    4.6110982687e-06    3.0893379291e-02    8.0480052906e-02    1.1981812161e-01    0.0000000000e+00    9.9999999993e-01    0.0000000000e+00    1.1815578261e-05    2.0476931549e-06    4.0736540842e-02    7.6476434201e-02    3.5068031978e-04    0.0000000000e+00
 129.0100000    2.1518641804e-05    3.0270709382e-06   -1.0595055321e-04    4.5267692709e-06    3.0867360194e-02    8.2592841397e-02    1.2150216268e-01    0.0000000000e+00    9.9999999993e-01    0.0000000000e+00    1.1854643603e-05    2.0560195784e-06    4.1408490835e-02    7.6858556591e-02    3.5770573844e-04    0.0000000000e+00
 129.5100000    2.1673487626e-05    3.0213922103e-06   -1.0624884244e-04    4.7417621623e-06    3.0753111051e-02    8.4112708844e-02    1.1997678906e-01    0.0000000000e+00    9.9999999993e-01    0.0000000000e+00    1.1862033741e-05    2.0521254056e-06    4.1899792352e-02    7.5845139483e-02    3.7478307194e-04    0.0000000000e+00
 130.0100000    2.1758720080e-05    2.9627998974e-06   -1.0093347160e-04    5.0219418312e-06    3.0917029150e-02    8.5088862924e-02    1.1113256983e-01    0.0000000000e+00    9.9999999993e-01    0.0000000000e+00    1.1904373344e-05    2.0296010270e-06    4.2373411144e-02    7.0604379006e-02    3.7452342614e-04    0.0000000000e+00
 130.5100000    2.1843752431e-05    2.9038064382e-06   -9.2471909072e-05    4.8556244340e-06    3.1187948124e-02    8.5718161508e-02    1.0236983407e-01    0.0000000000e+00    9.9999999993e-01    0.0000000000e+00    1.2019388975e-05    1.9552019063e-06    4.2932756752e-02    6.3732449911e-02    3.5561057564e-04    0.0000000000e+00
 131.0100000    2.1950149999e-05    2.8721797472e-06   -9.1687289308e-05    4.7193406127e-06    3.1318835802e-02    8.6141393766e-02    9.9740885191e-02    0.0000000000e+00    9.9999999993e-01    0.0000000000e+00    1.2116028768e-05    1.8746920533e-06    4.3281758242e-02    6.0164044988e-02    3.4394614411e-04    0.0000000000e+00
 131.5100000    2.2117698823e-05    2.8169120706e-06   -9.3059039286e-05    4.7931774998e-06    3.1414753320e-02    8.6677203317e-02    9.9590227240e-02    0.0000000000e+00    9.9999999993e-01    0.0000000000e+00    1.2137254687e-05    1.8621916872e-06    4.3298775883e-02    6.0884836709e-02    3.3576558841e-04    0.0000000000e+00
 132.0100000    2.2367968060e-05    2.7132993564e-06   -9.5036285994e-05    4.7607750295e-06    3.1786607732e-02    8.7542022863e-02    9.6044811156e-02    0.0000000000e+00    9.9999999993e-01    0.0000000000e+00    1.2174329970e-05    1.8583166341e-06    4.3376749482e-02    6.0820113820e-02    3.3126988971e-04    0.0000000000e+00
 132.5100000    2.2588997338e-05    2.6322007228e-06   -9.6819019773e-05    4.6919449126e-06    3.2325909701e-02    8.8288652922e-02    8.9020225577e-02    0.0000000000e+00    9.9999999993e-01    0.0000000000e+00    1.2280461842e-05    1.7681352440e-06    4.3698580628e-02    5.5197596543e-02    3.3401716105e-04    0.0000000000e+00
 133.0100000    2.2629154846e-05    2.6249116134e-06   -9.9980261621e-05    4.7418255250e-06    3.2698483972e-02    8.8207064270e-02    8.5415604155e-02    0.0000000000e+00    9.9999999993e-01    0.0000000000e+00    1.2358181903e-05    1.6510009406e-06    4.3855912176e-02    4.9554069442e-02    3.4653846387e-04    0.0000000000e+00
 133.5100000    2.2468647500e-05    2.6721314850e-06   -1.0967614426e-04    4.6278274925e-06    3.2691709438e-02    8.7119130363e-02    8.5406787506e-02    0.0000000000e+00    9.9999999993e-01    0.0000000000e+00    1.2320207869e-05    1.6502914714e-06    4.3486876444e-02    4.8659346874e-02    3.6086647888e-04    0.0000000000e+00
 134.0100000    2.2200174177e-05    2.7424546241e-06   -1.1580511754e-04    4.4329404569e-06    3.2353893230e-02    8.5380496944e-02    8.7452670748e-02    0.0000000000e+00    9.9999999993e-01    0.0000000000e+00    1.2188515787e-05    1.7743197568e-06    4.2668371658e-02    5.2226396480e-02    3.6778131227e-04    0.0000000000e+00
 134.5100000    2.1900277316e-05    2.8048934713e-06   -1.1620853842e-04    4.6773513702e-06    3.2051082773e-02    8.3362055382e-02    9.0882100799e-02    0.0000000000e+00    9.9999999993e-01    0.0000000000e+00    1.2046451774e-05    1.9037865680e-06    4.1732398409e-02    5.6980927245e-02    3.7187224947e-04    0.0000000000e+00
 135.0100000    2.1578613374e-05    2.8469275102e-06   -1.1145792468e-04    4.9656788638e-06    3.2021608289e-02    8.1219918633e-02    9.5537166535e-02    0.0000000000e+00    9.9999999993e-01    0.0000000000e+00    1.1961913939e-05    1.9575453076e-06    4.0970529445e-02    6.0729648074e-02    3.6585382077e-04    0.0000000000e+00
 135.5100000    2.1240860781e-05    2.8763562164e-06   -1.0515850240e-04    4.9257033594e-06    3.2055025670e-02    7.9131548924e-02    1.0205866509e-01    0.0000000000e+00    9.9999999993e-01    0.0000000000e+00    1.1934524692e-05    1.9472132201e-06    4.0452970864e-02    6.3953655320e-02    3.6096794323e-04    0.0000000000e+00
 136.0100000    2.0943278798e-05    2.8841098234e-06   -1.0249605561e-04    4.5473017906e-06    3.2057887284e-02    7.7475756217e-02    1.1021460183e-01    0.0000000000e+00    9.9999999993e-01    0.0000000000e+00    1.1925974594e-05    1.9268483077e-06    4.0135765792e-02    6.8311076467e-02    3.6202904676e-04    0.0000000000e+00
 136.5100000    2.0751523628e-05    2.8461433800e-06   -1.0258563622e-04    4.0281522755e-06    3.1962441107e-02    7.6604221747e-02    1.1642485006e-01    0.0000000000e+00    9.9999999993e-01    0.0000000000e+00    1.1931350981e-05    1.9055733441e-06    4.0066422838e-02    7.2453546467e-02    3.5615065962e-04    0.0000000000e+00
 137.0100000    2.0666168501e-05    2.7799095688e-06   -1.0647225195e-04    3.9464157208e-06    3.1776572581e-02    7.6506659639e-02    1.2032977419e-01    0.0000000000e+00    9.9999999993e-01    0.0000000000e+00    1.1965287437e-05    1.8493686855e-06    4.0294256923e-02    7.4479721847e-02    3.5152049358e-04    0.0000000000e+00
 137.5100000    2.0627545757e-05    2.7318079682e-06   -1.1319276751e-04    4.0291536825e-06    3.1478728861e-02    7.6849191236e-02    1.2675465706e-01    0.0000000000e+00    9.9999999993e-01    0.0000000000e+00    1.1989162904e-05    1.7680351339e-06    4.0631850179e-02    7.6553469417e-02    3.5855090408e-04    0.0000000000e+00
 138.0100000    2.0599192580e-05    2.7049536584e-06   -1.1625885368e-04    4.0315569016e-06    3.1080002246e-02    7.7361768243e-02    1.2779581804e-01    0.0000000000e+00    9.9999999993e-01    0.0000000000e+00    1.1942021340e-05    1.7192063871e-06    4.0799431864e-02    7.5965286843e-02    3.6749274893e-04    0.0000000000e+00
 138.5100000    2.0608948460e-05    2.6686926558e-06   -1.1241388453e-04    4.6156867518e-06    3.0734353594e-02    7.8036157808e-02    1.1670271676e-01    0.0000000000e+00    9.9999999993e-01    0.0000000000e+00    1.1847825933e-05    1.7224369977e-06    4.0813267085e-02    7.0240320135e-02    3.8522137199e-04    0.0000000000e+00
 139.0100000    2.0687359322e-05    2.6296937166e-06   -1.0269697612e-04    4.8078182699e-06    3.0782614710e-02    7.8887613367e-02    1.0405988632e-01    0.0000000000e+00    9.9999999993e-01    0.0000000000e+00    1.1808926252e-05    1.7345217575e-06    4.0969744900e-02    6.3711743730e-02    3.7840410015e-04    0.0000000000e+00
 139.5100000    2.0810828178e-05    2.6400625824e-06   -9.2677913345e-05    4.5465275515e-06    3.0969334880e-02    7.9773295489e-02    9.9044523426e-02    0.0000000000e+00    9.9999999993e-01    0.0000000000e+00    1.1862275707e-05    1.7296175667e-06    4.1372212351e-02    6.0106388413e-02    3.5420792404e-04    0.0000000000e+00
 140.0100000    2.0957555583e-05    2.7067769011e-06   -9.2825247139e-05    4.1143850379e-06    3.0911681447e-02    8.0663496213e-02    9.9599916727e-02    0.0000000000e+00    9.9999999993e-01    0.0000000000e+00    1.1928201086e-05    1.7622126636e-06    4.1774166835e-02    6.0046078678e-02    3.4423246253e-04    0.0000000000e+00
 140.5100000    2.1175666022e-05    2.7533285698e-06   -9.2496832153e-05    4.2457719280e-06    3.0912093728e-02    8.1852488343e-02    1.0056284886e-01    0.0000000000e+00    9.9999999993e-01    0.0000000000e+00    1.1974354052e-05    1.8642367399e-06    4.2119118881e-02    6.3038635698e-02    3.3657022694e-04    0.0000000000e+00
 141.0100000    2.1488953255e-05    2.7298106110e-06   -9.1673317344e-05    4.4132384155e-06    3.1374124352e-02    8.3459002622e-02    1.0017257552e-01    0.0000000000e+00    9.9999999993e-01    0.0000000000e+00    1.2104076623e-05    1.9242556667e-06    4.2782666807e-02    6.5332743337e-02    3.3168458116e-04    0.0000000000e+00
 141.5100000    2.1756139987e-05    2.7065246308e-06   -9.2072592280e-05    4.7621333875e-06    3.1918502442e-02    8.4819645230e-02    9.7499063941e-02    0.0000000000e+00    9.9999999993e-01    0.0000000000e+00    1.2340950880e-05    1.8426352430e-06    4.3789763441e-02    6.1346364277e-02    3.3521017858e-04    0.0000000000e+00
 142.0100000    2.1813054491e-05    2.7543550059e-06   -1.0051846735e-04    4.6516714668e-06    3.2234650679e-02    8.5116631489e-02    9.6902911541e-02    0.0000000000e+00    9.9999999993e-01    0.0000000000e+00    1.2504275051e-05    1.7255306594e-06    4.4408383111e-02    5.6092641585e-02    3.4661957129e-04    0.0000000000e+00
 142.5100000    2.1731883156e-05    2.8033186040e-06   -1.0672754353e-04    4.6134084285e-06    3.2330042536e-02    8.4521506123e-02    9.7048643891e-02    0.0000000000e+00    9.9999999993e-01    0.0000000000e+00    1.2502357547e-05    1.7460693647e-06    4.4253866005e-02    5.5838332573e-02    3.5545881437e-04    0.0000000000e+00
 143.0100000    2.1695239850e-05    2.8060848245e-06   -1.0858219614e-04    4.7705335435e-06    3.2334259580e-02    8.3753407904e-02    9.7145097700e-02    0.0000000000e+00    9.9999999993e-01    0.0000000000e+00    1.2487939808e-05    1.8274345325e-06    4.3872999044e-02    5.8410862759e-02    3.5845174504e-04    0.0000000000e+00
 143.5100000    2.1689925174e-05    2.8341255661e-06   -1.0619158915e-04    5.0224513193e-06    3.2451951898e-02    8.2859429971e-02    9.9668207283e-02    0.0000000000e+00    9.9999999993e-01    0.0000000000e+00    1.2542684744e-05    1.8348646710e-06    4.3602906694e-02    5.9593178735e-02    3.5627475722e-04    0.0000000000e+00
 144.0100000    2.1607923037e-05    2.8928891850e-06   -1.0242830641e-04    5.4169911700e-06    3.2571984304e-02    8.1596281655e-02    1.0485433878e-01    0.0000000000e+00    9.9999999993e-01    0.0000000000e+00    1.2546652630e-05    1.8326988513e-06    4.3111197077e-02    6.1433792848e-02    3.5255854850e-04    0.0000000000e+00
 144.5100000    2.1486000228e-05    2.9109959798e-06   -1.0174206711e-04    5.5354990623e-06    3.2568453733e-02    8.0312528969e-02    1.0952826992e-01    0.0000000000e+00    9.9999999993e-01    0.0000000000e+00    1.2468013326e-05    1.8920292861e-06    4.2403094516e-02    6.5902248175e-02    3.5126736291e-04    0.0000000000e+00
 145.0100000    2.1390223946e-05    2.8852940527e-06   -1.0256393785e-04    5.3167697086e-06    3.2655817568e-02    7.9418648322e-02    1.1256312136e-01    0.0000000000e+00    9.9999999993e-01    0.0000000000e+00    1.2408317199e-05    1.9293292436e-06    4.1915089777e-02    6.9714188936e-02    3.4926046551e-04    0.0000000000e+00
 145.5100000    2.1251750447e-05    2.8432042346e-06   -1.0575210970e-04    4.8059021434e-06    3.2663262152e-02    7.8703414762e-02    1.1432167002e-01    0.0000000000e+00    9.9999999993e-01    0.0000000000e+00    1.2379056205e-05    1.8872105463e-06    4.1707661078e-02    7.0325271492e-02    3.5317503831e-04    0.0000000000e+00
 146.0100000    2.0990052425e-05    2.7885687783e-06   -1.1407708140e-04    4.1707205067e-06    3.2445583191e-02    7.7795663924e-02    1.1858596425e-01    0.0000000000e+00    9.9999999993e-01    0.0000000000e+00    1.2305492160e-05    1.8247575393e-06    4.1489969435e-02    7.2057611545e-02    3.6111688791e-04    0.0000000000e+00
 146.5100000    2.0661422700e-05    2.7257940192e-06   -1.2103982971e-04    3.6698513795e-06    3.2113175532e-02    7.6791173816e-02    1.2567345140e-01    0.0000000000e+00    9.9999999993e-01    0.0000000000e+00    1.2174667016e-05    1.7905424584e-06    4.1160663367e-02    7.6965213576e-02    3.6821101873e-04    0.0000000000e+00
 147.0100000    2.0386779984e-05    2.6536023272e-06   -1.2148998823e-04    4.0592936109e-06    3.1710016937e-02    7.6061696309e-02    1.2622671279e-01    0.0000000000e+00    9.9999999993e-01    0.0000000000e+00    1.2043008424e-05    1.7503812569e-06    4.0870250751e-02    7.7858559410e-02    3.7677397792e-04    0.0000000000e+00
 147.5100000    2.0219251116e-05    2.5649369895e-06   -1.1393149248e-04    4.4912806334e-06    3.1496339779e-02    7.5757008719e-02    1.1688090464e-01    0.0000000000e+00    9.9999999993e-01    0.0000000000e+00    1.1962340286e-05    1.6746178739e-06    4.0768101994e-02    7.1280327592e-02    3.8703414679e-04    0.0000000000e+00
 148.0100000    2.0154918183e-05    2.4977732811e-06   -1.0228549955e-04    4.5764256247e-06    3.1428416344e-02    7.5827730087e-02    1.1007215227e-01    0.0000000000e+00    9.9999999993e-01    0.0000000000e+00    1.1949161187e-05    1.5905328367e-06    4.0891320827e-02    6.5381579542e-02    3.7429206320e-04    0.0000000000e+00
 148.5100000    2.0210954772e-05    2.5096958857e-06   -9.7581831868e-05    4.4700580778e-06    3.1251148625e-02    7.6366051622e-02    1.1018281868e-01    0.0000000000e+00    9.9999999993e-01    0.0000000000e+00    1.1976660875e-05    1.5596713606e-06    4.1163186010e-02    6.3880340725e-02    3.5545836147e-04    0.0000000000e+00
 149.0100000    2.0430304704e-05    2.5624305282e-06   -9.7481926354e-05    4.4313629853e-06    3.1066858055e-02    7.7635289341e-02    1.1149469122e-01    0.0000000000e+00    9.9999999993e-01    0.0000000000e+00    1.2013513311e-05    1.6236645444e-06    4.1528882114e-02    6.5887881225e-02    3.4772989685e-04    0.0000000000e+00
 149.5100000    2.0794026917e-05    2.5950984627e-06   -9.6763395776e-05    4.3160346008e-06    3.1135990025e-02    7.9637511046e-02    1.1293643901e-01    0.0000000000e+00    9.9999999993e-01    0.0000000000e+00    1.2087024015e-05    1.7262022885e-06    4.2116530848e-02    6.9992849413e-02    3.4086004939e-04    0.0000000000e+00
 150.0100000    2.1167647460e-05    2.6181193280e-06   -9.5391978702e-05    4.1538806498e-06    3.1369759283e-02    8.1799703423e-02    1.1593587187e-01    0.0000000000e+00    9.9999999993e-01    0.0000000000e+00    1.2219554808e-05    1.7795335087e-06    4.2968408417e-02    7.3382893421e-02    3.3773762999e-04    0.0000000000e+00
 150.5100000    2.1409634871e-05    2.6378168657e-06   -9.6447998077e-05    4.4743813306e-06    3.1638371034e-02    8.3394879794e-02    1.1533794377e-01    0.0000000000e+00    9.9999999993e-01    0.0000000000e+00    1.2358886959e-05    1.7772444483e-06    4.3809271173e-02    7.2267359721e-02    3.4162877564e-04    0.0000000000e+00
 151.0100000    2.1509477387e-05    2.6465558405e-06   -1.0085359123e-04    4.3263550630e-06    3.1863453652e-02    8.4191127824e-02    1.1090282196e-01    0.0000000000e+00    9.9999999993e-01    0.0000000000e+00    1.2456568664e-05    1.7603009464e-06    4.4372089941e-02    6.8416346698e-02    3.5508423197e-04    0.0000000000e+00
 151.5100000    2.1558984601e-05    2.6438458502e-06   -1.0108575698e-04    4.4519966525e-06    3.2081922745e-02    8.4434786395e-02    1.0625205704e-01    0.0000000000e+00    9.9999999993e-01    0.0000000000e+00    1.2530340606e-05    1.7382338880e-06    4.4661614850e-02    6.4619723197e-02    3.6106002173e-04    0.0000000000e+00
 152.0100000    2.1602225673e-05    2.6195269261e-06   -9.7585532539e-05    4.3975378638e-06    3.2333974961e-02    8.4278073120e-02    1.0287084724e-01    0.0000000000e+00    9.9999999993e-01    0.0000000000e+00    1.2605360812e-05    1.6992055225e-06    4.4755073306e-02    6.1636419007e-02    3.5662743749e-04    0.0000000000e+00
 152.5100000    2.1594293325e-05    2.5905545806e-06   -9.2796585899e-05    4.4617679631e-06    3.2559679794e-02    8.3624874268e-02    1.0061561017e-01    0.0000000000e+00    9.9999999993e-01    0.0000000000e+00    1.2652411716e-05    1.6610812709e-06    4.4588203562e-02    5.9570646292e-02    3.4622321896e-04    0.0000000000e+00
 153.0100000    2.1516899185e-05    2.5928892013e-06   -9.3802273322e-05    4.8200757777e-06    3.2748987808e-02    8.2578167246e-02    9.9389078237e-02    0.0000000000e+00    9.9999999993e-01    0.0000000000e+00    1.2625903411e-05    1.6627797071e-06    4.4093003423e-02    5.8849545754e-02    3.3963444137e-04    0.0000000000e+00
 153.5100000    2.1424527575e-05    2.5912578497e-06   -9.6563266649e-05    4.9996332108e-06    3.2753933266e-02    8.1530481848e-02    9.7511994455e-02    0.0000000000e+00    9.9999999993e-01    0.0000000000e+00    1.2545134062e-05    1.6957327466e-06    4.3439071170e-02    5.8900044711e-02    3.3732358563e-04    0.0000000000e+00
 154.0100000    2.1324600292e-05    2.5323971683e-06   -9.7740476212e-05    4.7740996130e-06    3.2748132688e-02    8.0594325822e-02    9.3556341673e-02    0.0000000000e+00    9.9999999993e-01    0.0000000000e+00    1.2489428916e-05    1.6855068849e-06    4.2947576459e-02    5.7423309804e-02    3.3754635581e-04    0.0000000000e+00
 154.5100000    2.1101187254e-05    2.4761862376e-06   -1.0473699839e-04    4.4748520013e-06    3.2690233366e-02    7.9301859219e-02    9.1059729237e-02    0.0000000000e+00    9.9999999993e-01    0.0000000000e+00    1.2458778744e-05    1.5995088345e-06    4.2597667426e-02    5.4223274966e-02    3.4156562144e-04    0.0000000000e+00
 155.0100000    2.0674101496e-05    2.4806293673e-06   -1.1497818306e-04    4.1494519656e-06    3.2357437334e-02    7.7283487824e-02    9.1829421630e-02    0.0000000000e+00    9.9999999993e-01    0.0000000000e+00    1.2342897936e-05    1.5354575165e-06    4.1971405676e-02    5.2438791782e-02    3.5228598577e-04    0.0000000000e+00
 155.5100000    2.0170775717e-05    2.4852338336e-06   -1.2227553097e-04    3.9067311775e-06    3.1838245239e-02    7.4985200207e-02    9.4511523952e-02    0.0000000000e+00    9.9999999993e-01    0.0000000000e+00    1.2134064381e-05    1.5736227536e-06    4.1027599507e-02    5.5286660828e-02    3.6884236307e-04    0.0000000000e+00
 156.0100000    1.9802677648e-05    2.4502167000e-06   -1.2305537798e-04    3.8393216400e-06    3.1507024630e-02    7.3211071916e-02    9.9309622085e-02    0.0000000000e+00    9.9999999993e-01    0.0000000000e+00    1.1987458017e-05    1.6149378134e-06    4.0304367828e-02    6.0599978713e-02    3.7653439178e-04    0.0000000000e+00
 156.5100000    1.9632604627e-05    2.4184039871e-06   -1.1683577260e-04    3.7182670881e-06    3.1555183413e-02    7.2228672511e-02    1.0519404966e-01    0.0000000000e+00    9.9999999993e-01    0.0000000000e+00    1.1985050768e-05    1.5698330138e-06    4.0097393156e-02    6.3385994925e-02    3.7183226219e-04    0.0000000000e+00
 157.0100000    1.9607632442e-05    2.4369152697e-06   -1.0705215485e-04    3.4913909103e-06    3.1649947370e-02    7.1896627684e-02    1.1073881157e-01    0.0000000000e+00    9.9999999993e-01    0.0000000000e+00    1.2039284053e-05    1.5134938823e-06    4.0143688187e-02    6.3967049894e-02    3.6937860440e-04    0.0000000000e+00
 157.5100000    1.9731357707e-05    2.4921744377e-06   -1.0087916240e-04    3.7605388126e-06    3.1509744615e-02    7.2322335678e-02    1.1669374354e-01    0.0000000000e+00    9.9999999993e-01    0.0000000000e+00    1.2072928896e-05    1.5561867281e-06    4.0241393680e-02    6.7867255270e-02    3.6564618904e-04    0.0000000000e+00
 158.0100000    2.0032386415e-05    2.5338899581e-06   -1.0000671873e-04    3.7971850649e-06    3.1484241478e-02    7.3715006130e-02    1.2191689609e-01    0.0000000000e+00    9.9999999993e-01    0.0000000000e+00    1.2113278179e-05    1.6596509062e-06    4.0538622072e-02    7.4431273796e-02    3.5529218835e-04    0.0000000000e+00
 158.5100000    2.0429393801e-05    2.5464731014e-06   -9.8047840065e-05    4.1678867663e-06    3.1649595670e-02    7.5805240730e-02    1.2512239194e-01    0.0000000000e+00    9.9999999993e-01    0.0000000000e+00    1.2195208308e-05    1.7247187366e-06    4.1159895526e-02    7.8925208056e-02    3.4811636725e-04    0.0000000000e+00
 159.0100000    2.0762541600e-05    2.5428868488e-06   -1.0198882099e-04    4.8672871648e-06    3.1878353843e-02    7.7902819850e-02    1.2685589620e-01    0.0000000000e+00    9.9999999993e-01    0.0000000000e+00    1.2292237108e-05    1.7262457487e-06    4.1956658135e-02    8.0101036394e-02    3.4848916045e-04    0.0000000000e+00
 159.5100000    2.0938582805e-05    2.5145995221e-06   -1.0587129014e-04    5.0422059913e-06    3.2061188693e-02    7.9476750520e-02    1.2104433132e-01    0.0000000000e+00    9.9999999993e-01    0.0000000000e+00    1.2362740535e-05    1.6950727151e-06    4.2691899471e-02    7.5701945431e-02    3.5579068725e-04    0.0000000000e+00
 160.0100000    2.0993867276e-05    2.4478807445e-06   -1.0531787237e-04    4.7745337406e-06    3.2183474934e-02    8.0487200838e-02    1.0961465655e-01    0.0000000000e+00    9.9999999993e-01    0.0000000000e+00    1.2413156745e-05    1.6495614983e-06    4.3299066810e-02    6.8290493781e-02    3.6591591717e-04    0.0000000000e+00
 160.5100000    2.1022843057e-05    2.3584951968e-06   -9.9802352560e-05    4.6331945758e-06    3.2208759682e-02    8.1165924267e-02    9.9561908086e-02    0.0000000000e+00    9.9999999993e-01    0.0000000000e+00    1.2477974934e-05    1.5786335108e-06    4.3833102032e-02    6.1424076976e-02    3.6478896534e-04    0.0000000000e+00
 161.0100000    2.1074249849e-05    2.2701816404e-06   -9.1798401362e-05    4.2804566791e-06    3.2318639341e-02    8.1642536208e-02    9.2874463166e-02    0.0000000000e+00    9.9999999993e-01    0.0000000000e+00    1.2553756182e-05    1.4824835970e-06    4.4250970797e-02    5.5822360430e-02    3.5095277940e-04    0.0000000000e+00
 161.5100000    2.1134470076e-05    2.2041399133e-06   -9.0810483535e-05    4.0683758814e-06    3.2424621907e-02    8.1911776005e-02    8.8092883131e-02    0.0000000000e+00    9.9999999993e-01    0.0000000000e+00    1.2590054749e-05    1.4010806152e-06    4.4399087567e-02    5.1544702433e-02    3.4380576004e-04    0.0000000000e+00
 162.0100000    2.1201532257e-05    2.1582268781e-06   -9.1611901927e-05    4.3735878630e-06    3.2584652302e-02    8.2092769765e-02    8.4851849847e-02    0.0000000000e+00    9.9999999993e-01    0.0000000000e+00    1.2559818298e-05    1.3845053303e-06    4.4250862016e-02    5.0146995848e-02    3.3930601182e-04    0.0000000000e+00
 162.5100000    2.1295375345e-05    2.1191345918e-06   -9.1869770041e-05    4.4333270970e-06    3.2827483352e-02    8.2358376671e-02    8.4544751634e-02    0.0000000000e+00    9.9999999993e-01    0.0000000000e+00    1.2520430872e-05    1.4036649891e-06    4.4061127970e-02    5.1645985570e-02    3.3384981848e-04    0.0000000000e+00
 163.0100000    2.1361779698e-05    2.1187658097e-06   -9.0955714325e-05    4.4403331217e-06    3.3048055173e-02    8.2482383350e-02    8.4203764437e-02    0.0000000000e+00    9.9999999993e-01    0.0000000000e+00    1.2519436821e-05    1.3885086144e-06    4.3987396033e-02    5.0904783846e-02    3.3493987280e-04    0.0000000000e+00
 163.5100000    2.1280084167e-05    2.1774725231e-06   -9.9454099699e-05    4.5810102285e-06    3.3094593979e-02    8.1904652796e-02    8.4051795304e-02    0.0000000000e+00    9.9999999993e-01    0.0000000000e+00    1.2493752870e-05    1.3739795251e-06    4.3755376874e-02    4.8909258895e-02    3.4362161014e-04    0.0000000000e+00
 164.0100000    2.1010609053e-05    2.2565810272e-06   -1.0794198832e-04    4.8767042578e-06    3.2904192323e-02    8.0403660860e-02    8.4622108944e-02    0.0000000000e+00    9.9999999993e-01    0.0000000000e+00    1.2380517242e-05    1.4486638441e-06    4.3106046744e-02    5.0068421492e-02    3.5292744216e-04    0.0000000000e+00
 164.5100000    2.0649954944e-05    2.3063126358e-06   -1.1276739381e-04    4.9920720234e-06    3.2541315050e-02    7.8366665810e-02    8.7505070785e-02    0.0000000000e+00    9.9999999993e-01    0.0000000000e+00    1.2244143481e-05    1.5633356744e-06    4.2271496609e-02    5.4659048687e-02    3.5903693881e-04    0.0000000000e+00
 165.0100000    2.0302096441e-05    2.3219557675e-06   -1.1234540065e-04    4.9671151460e-06    3.2282964879e-02    7.6268283238e-02    9.3182581594e-02    0.0000000000e+00    9.9999999993e-01    0.0000000000e+00    1.2188404036e-05    1.5973857081e-06    4.1648301837e-02    5.9119809185e-02    3.6004702549e-04    0.0000000000e+00
 165.5100000    1.9989032973e-05    2.3259261151e-06   -1.0778170106e-04    4.8257605064e-06    3.2182197025e-02    7.4295574157e-02    9.9673958246e-02    0.0000000000e+00    9.9999999993e-01    0.0000000000e+00    1.2206553007e-05    1.5404506035e-06    4.1262316659e-02    6.0969185058e-02    3.5743000614e-04    0.0000000000e+00
 166.0100000    1.9735928188e-05    2.3220106707e-06   -1.0464901437e-04    4.4926090453e-06    3.2136482886e-02    7.2665446538e-02    1.0405489549e-01    0.0000000000e+00    9.9999999993e-01    0.0000000000e+00    1.2228743290e-05    1.4794270239e-06    4.0944443709e-02    6.1313803562e-02    3.5377534714e-04    0.0000000000e+00
 166.5100000    1.9631078433e-05    2.3033108194e-06   -1.0356507763e-04    3.9261432005e-06    3.2082559500e-02    7.1825579469e-02    1.0778412997e-01    0.0000000000e+00    9.9999999993e-01    0.0000000000e+00    1.2242315694e-05    1.4615079739e-06    4.0730393599e-02    6.3324177284e-02    3.5075349790e-04    0.0000000000e+00
 167.0100000    1.9722971725e-05    2.2836865917e-06   -1.0364856743e-04    3.9532528072e-06    3.2097891031e-02    7.2022227999e-02    1.1705303706e-01    0.0000000000e+00    9.9999999993e-01    0.0000000000e+00    1.2270766011e-05    1.4535189001e-06    4.0746638557e-02    6.9169182911e-02    3.4980257203e-04    0.0000000000e+00
 167.5100000    1.9926468652e-05    2.2959673087e-06   -1.0675252615e-04    3.6992575614e-06    3.2021990665e-02    7.2924581553e-02    1.2869890848e-01    0.0000000000e+00    9.9999999993e-01    0.0000000000e+00    1.2276523579e-05    1.4479590413e-06    4.0857469738e-02    7.5663020690e-02    3.5201230281e-04    0.0000000000e+00
 168.0100000    2.0119526217e-05    2.3211944815e-06   -1.1305507130e-04    4.0465976578e-06    3.1886718803e-02    7.3994744798e-02    1.3166554108e-01    0.0000000000e+00    9.9999999993e-01    0.0000000000e+00    1.2204762151e-05    1.4893063400e-06    4.0822523632e-02    7.8887452328e-02    3.5593971100e-04    0.0000000000e+00
 168.5100000    2.0269772805e-05    2.3111304357e-06   -1.1607250871e-04    4.4083885846e-06    3.1815586667e-02    7.5007150307e-02    1.2581562978e-01    0.0000000000e+00    9.9999999993e-01    0.0000000000e+00    1.2111120824e-05    1.5571704721e-06    4.0762385080e-02    7.9033741011e-02    3.5954270574e-04    0.0000000000e+00
 169.0100000    2.0413762905e-05    2.2617565778e-06   -1.1305484696e-04    4.4766148519e-06    3.1889993106e-02    7.6013179349e-02    1.1776122659e-01    0.0000000000e+00    9.9999999993e-01    0.0000000000e+00    1.2114319052e-05    1.5628943047e-06    4.1031253693e-02    7.5647090504e-02    3.7144129867e-04    0.0000000000e+00
 169.5100000    2.0554598968e-05    2.2230053662e-06   -1.0481334124e-04    4.2511548958e-06    3.2122003934e-02    7.6964843166e-02    1.0958032279e-01    0.0000000000e+00    9.9999999993e-01    0.0000000000e+00    1.2226910633e-05    1.4847915090e-06    4.1645769095e-02    6.7836898497e-02    3.6985931869e-04    0.0000000000e+00
 170.0100000    2.0663971453e-05    2.2139700797e-06   -9.5311453920e-05    4.1427492221e-06    3.2259997517e-02    7.7742913897e-02    1.0211058546e-01    0.0000000000e+00    9.9999999993e-01    0.0000000000e+00    1.2341921977e-05    1.4177695470e-06    4.2239238444e-02    6.0489722038e-02    3.5616134174e-04    0.0000000000e+00
 170.5100000    2.0775030666e-05    2.1773204830e-06   -9.4687219542e-05    4.1678133993e-06    3.2280986652e-02    7.8535270660e-02    9.5223749501e-02    0.0000000000e+00    9.9999999993e-01    0.0000000000e+00    1.2412780274e-05    1.4271469678e-06    4.2687151825e-02    5.7685934611e-02    3.5001627328e-04    0.0000000000e+00
 171.0100000    2.0946657438e-05    2.1010028137e-06   -9.4512545040e-05    4.1571502228e-06    3.2335467073e-02    7.9654803569e-02    9.0852928201e-02    0.0000000000e+00    9.9999999993e-01    0.0000000000e+00    1.2499234334e-05    1.4299146748e-06    4.3242820056e-02    5.7129138080e-02    3.4310365959e-04    0.0000000000e+00
 171.5100000    2.1152891208e-05    2.0462233872e-06   -9.3527759650e-05    4.1863590323e-06    3.2623683732e-02    8.1013308854e-02    9.1746722416e-02    0.0000000000e+00    9.9999999993e-01    0.0000000000e+00    1.2623305370e-05    1.3520699851e-06    4.3987237958e-02    5.6074035626e-02    3.3932459631e-04    0.0000000000e+00
 172.0100000    2.1295877482e-05    2.0570239990e-06   -9.3546141622e-05    4.4007441865e-06    3.3016844133e-02    8.2124034249e-02    9.2854061830e-02    0.0000000000e+00    9.9999999993e-01    0.0000000000e+00    1.2709564303e-05    1.2614997896e-06    4.4596449818e-02    5.2697836406e-02    3.4000600023e-04    0.0000000000e+00
 172.5100000    2.1322018350e-05    2.1006739756e-06   -9.9650464468e-05    4.4054078599e-06    3.3226323448e-02    8.2615411158e-02    9.0861363196e-02    0.0000000000e+00    9.9999999993e-01    0.0000000000e+00    1.2691617577e-05    1.2793032911e-06    4.4746538962e-02    5.1136808492e-02    3.5207585400e-04    0.0000000000e+00
 173.0100000    2.1256422674e-05    2.1424450117e-06   -1.0308779115e-04    4.1946230045e-06    3.3231728452e-02    8.2467838090e-02    8.8718570269e-02    0.0000000000e+00    9.9999999993e-01    0.0000000000e+00    1.2603433365e-05    1.3821541536e-06    4.4493097854e-02    5.2773740427e-02    3.6084699578e-04    0.0000000000e+00
 173.5100000    2.1126554679e-05    2.1844381272e-06   -1.0225145600e-04    4.7584626130e-06    3.3180508312e-02    8.1754283127e-02    8.9683435901e-02    0.0000000000e+00    9.9999999993e-01    0.0000000000e+00    1.2510661201e-05    1.4659413360e-06    4.4050856928e-02    5.5414537774e-02    3.6103480538e-04    0.0000000000e+00
 174.0100000    2.0918241787e-05    2.2155936477e-06   -9.8011829245e-05    5.0587337466e-06    3.3110191454e-02    8.0460234117e-02    9.1478899984e-02    0.0000000000e+00    9.9999999993e-01    0.0000000000e+00    1.2428185225e-05    1.4967178038e-06    4.3493146034e-02    5.6858246692e-02    3.5288995148e-04    0.0000000000e+00
 174.5100000    2.0628618787e-05    2.2178293145e-06   -9.3085226577e-05    4.9044165802e-06    3.2955060565e-02    7.8688341218e-02    9.0968064702e-02    0.0000000000e+00    9.9999999993e-01    0.0000000000e+00    1.2343010091e-05    1.4943759810e-06    4.2832070350e-02    5.6354022348e-02    3.4444661797e-04    0.0000000000e+00
 175.0100000    2.0329296180e-05    2.1645913211e-06   -9.3808275456e-05    4.3295004409e-06    3.2806706077e-02    7.6871935230e-02    8.8504345093e-02    0.0000000000e+00    9.9999999993e-01    0.0000000000e+00    1.2288557522e-05    1.4615259894e-06    4.2267134689e-02    5.4911322474e-02    3.4152716438e-04    0.0000000000e+00
 175.5100000    2.0091203495e-05    2.0738024806e-06   -9.4939184059e-05    3.8299043742e-06    3.2768920279e-02    7.5407295059e-02    8.7550412448e-02    0.0000000000e+00    9.9999999993e-01    0.0000000000e+00    1.2312452428e-05    1.3625313147e-06    4.2030448235e-02    5.2876786135e-02    3.3935158738e-04    0.0000000000e+00
 176.0100000    1.9892253167e-05    2.0173396990e-06   -9.8052574548e-05    3.5200710649e-06    3.2554972603e-02    7.4245793268e-02    8.9720995002e-02    0.0000000000e+00    9.9999999993e-01    0.0000000000e+00    1.2345662178e-05    1.2250814446e-06    4.1906229709e-02    5.0167656450e-02    3.4002213073e-04    0.0000000000e+00
 176.5100000    1.9703082468e-05    2.0101539924e-06   -1.0681420118e-04    3.5995140181e-06    3.2163936076e-02    7.3229851507e-02    9.3694256587e-02    0.0000000000e+00    9.9999999993e-01    0.0000000000e+00    1.2269265193e-05    1.1829486899e-06    4.1469044404e-02    5.0897571865e-02    3.4484163685e-04    0.0000000000e+00
 177.0100000    1.9585938638e-05    1.9975944290e-06   -1.1489934344e-04    3.8435490647e-06    3.1816642613e-02    7.2525901069e-02    9.6379460597e-02    0.0000000000e+00    9.9999999993e-01    0.0000000000e+00    1.2109268467e-05    1.2613913631e-06    4.0776327982e-02    5.6307483623e-02    3.5475479771e-04    0.0000000000e+00
 177.5100000    1.9605029970e-05    1.9653885558e-06   -1.1849271090e-04    4.0695616184e-06    3.1736497665e-02    7.2343882193e-02    1.0135898715e-01    0.0000000000e+00    9.9999999993e-01    0.0000000000e+00    1.2013811647e-05    1.3117589423e-06    4.0314285250e-02    6.2785726683e-02    3.6287918891e-04    0.0000000000e+00
 178.0100000    1.9716285234e-05    1.9616802434e-06   -1.1570753298e-04    4.1723644794e-06    3.1913817950e-02    7.2528663375e-02    1.1120912805e-01    0.0000000000e+00    9.9999999993e-01    0.0000000000e+00    1.2036906219e-05    1.2727596644e-06    4.0267065386e-02    6.7327309421e-02    3.6638605564e-04    0.0000000000e+00
 178.5100000    1.9848527551e-05    2.0140134216e-06   -1.0806964864e-04    4.0395670827e-06    3.2028505747e-02    7.2841585476e-02    1.1530092595e-01    0.0000000000e+00    9.9999999993e-01    0.0000000000e+00    1.2095787584e-05    1.2476171624e-06    4.0368620640e-02    6.6762681870e-02    3.6484678644e-04    0.0000000000e+00
 179.0100000    2.0009077772e-05    2.0934169420e-06   -9.9976209828e-05    3.8454218897e-06    3.2009399230e-02    7.3362863445e-02    1.1038054653e-01    0.0000000000e+00    9.9999999993e-01    0.0000000000e+00    1.2133934167e-05    1.3267949154e-06    4.0459871517e-02    6.5163786989e-02    3.5873377135e-04    0.0000000000e+00
 179.5100000    2.0234978216e-05    2.1362262454e-06   -9.7546998213e-05    3.9332260876e-06    3.2011230788e-02    7.4320306120e-02    1.0604090304e-01    0.0000000000e+00    9.9999999993e-01    0.0000000000e+00    1.2190598998e-05    1.4392494185e-06    4.0722056132e-02    6.6354119870e-02    3.4972629342e-04    0.0000000000e+00
 180.0100000    2.0490127945e-05    2.1317420505e-06   -9.6699550802e-05    4.2544055778e-06    3.2304995942e-02    7.5651508958e-02    1.0469858407e-01    0.0000000000e+00    9.9999999993e-01    0.0000000000e+00    1.2316333958e-05    1.4749258788e-06    4.1360569817e-02    6.7173003107e-02    3.4598594761e-04    0.0000000000e+00
 180.5100000    2.0680717331e-05    2.1344551884e-06   -9.6569583935e-05    4.5429639790e-06    3.2747289658e-02    7.6973912020e-02    1.0531070311e-01    0.0000000000e+00    9.9999999993e-01    0.0000000000e+00    1.2472701530e-05    1.4207720425e-06    4.2227849661e-02    6.4970612464e-02    3.4427975181e-04    0.0000000000e+00
 181.0100000    2.0771699165e-05    2.1489716623e-06   -1.0184014658e-04    4.9178556422e-06    3.3019712080e-02    7.8008791221e-02    1.0184053379e-01    0.0000000000e+00    9.9999999993e-01    0.0000000000e+00    1.2575163077e-05    1.3598918219e-06    4.2960280011e-02    5.9643267837e-02    3.4850996366e-04    0.0000000000e+00
 181.5100000    2.0827583255e-05    2.1287852958e-06   -1.0555199483e-04    4.8685259857e-06    3.3117745401e-02    7.8825858933e-02    9.5624318407e-02    0.0000000000e+00    9.9999999993e-01    0.0000000000e+00    1.2620307991e-05    1.3476888917e-06    4.3451073839e-02    5.5892093330e-02    3.5536270524e-04    0.0000000000e+00
 182.0100000    2.0909169519e-05    2.0850941281e-06   -1.0515815133e-04    4.4036523746e-06    3.3223117466e-02    7.9536712028e-02    9.1519145146e-02    0.0000000000e+00    9.9999999993e-01    0.0000000000e+00    1.2669195351e-05    1.3308094755e-06    4.3842747521e-02    5.3817085051e-02    3.5978529411e-04    0.0000000000e+00
 182.5100000    2.0981904068e-05    2.0837381984e-06   -1.0046306769e-04    5.1233153550e-06    3.3400412533e-02    7.9958707895e-02    9.1020727915e-02    0.0000000000e+00    9.9999999993e-01    0.0000000000e+00    1.2703473560e-05    1.2854660063e-06    4.4042517170e-02    5.1697456874e-02    3.5556679324e-04    0.0000000000e+00
 183.0100000    2.0993260904e-05    2.1177970724e-06   -9.3714736152e-05    5.3915289554e-06    3.3582950306e-02    7.9912007682e-02    9.0363431513e-02    0.0000000000e+00    9.9999999993e-01    0.0000000000e+00    1.2642152801e-05    1.2966627300e-06    4.3780963709e-02    5.0935175927e-02    3.4765592790e-04    0.0000000000e+00
 183.5100000    2.0963651232e-05    2.1121578095e-06   -9.3687880792e-05    5.1613253860e-06    3.3693618111e-02    7.9573890832e-02    8.7336020739e-02    0.0000000000e+00    9.9999999993e-01    0.0000000000e+00    1.2511106662e-05    1.3775737439e-06    4.3204665336e-02    5.2419777751e-02    3.4510418560e-04    0.0000000000e+00
 184.0100000    2.0916060360e-05    2.0544515818e-06   -9.4254998432e-05    4.6324535705e-06    3.3757757298e-02    7.9161928021e-02    8.5433043103e-02    0.0000000000e+00    9.9999999993e-01    0.0000000000e+00    1.2434084241e-05    1.4026138337e-06    4.2812893937e-02    5.3669455525e-02    3.3969616332e-04    0.0000000000e+00
 184.5100000    2.0790322781e-05    2.0175020077e-06   -9.3779541063e-05    4.1239893757e-06    3.3703172895e-02    7.8520741809e-02    8.8432808730e-02    0.0000000000e+00    9.9999999993e-01    0.0000000000e+00    1.2438431120e-05    1.3146283464e-06    4.2735854311e-02    5.3105431937e-02    3.3774509322e-04    0.0000000000e+00
 185.0100000    2.0517971666e-05    2.0372765623e-06   -9.6645366017e-05    3.7679146337e-06    3.3413587981e-02    7.7364809857e-02    9.0272683779e-02    0.0000000000e+00    9.9999999993e-01    0.0000000000e+00    1.2408517613e-05    1.2311325932e-06    4.2559488795e-02    5.0358201022e-02    3.4062382565e-04    0.0000000000e+00
 185.5100000    2.0149118579e-05    2.0488524051e-06   -1.0522988976e-04    3.7623155891e-06    3.2894923892e-02    7.5803703966e-02    8.9160344370e-02    0.0000000000e+00    9.9999999993e-01    0.0000000000e+00    1.2278684269e-05    1.2753840183e-06    4.2015679246e-02    5.1264827033e-02    3.4808758467e-04    0.0000000000e+00
 186.0100000    1.9821395870e-05    2.0121230579e-06   -1.1167488370e-04    3.8097437653e-06    3.2545068798e-02    7.4304040750e-02    8.9188664011e-02    0.0000000000e+00    9.9999999993e-01    0.0000000000e+00    1.2145504002e-05    1.3470563389e-06    4.1407666868e-02    5.5166846603e-02    3.5502677835e-04    0.0000000000e+00
 186.5100000    1.9612465018e-05    1.9699598496e-06   -1.1308438921e-04    3.7096597176e-06    3.2473791248e-02    7.3161784641e-02    9.5319114592e-02    0.0000000000e+00    9.9999999993e-01    0.0000000000e+00    1.2115382697e-05    1.3086690933e-06    4.1100299620e-02    5.8637697275e-02    3.5837351537e-04    0.0000000000e+00
 187.0100000    1.9499431213e-05    1.9691170388e-06   -1.0914742391e-04    3.5631668317e-06    3.2512040839e-02    7.2328633494e-02    1.0564809598e-01    0.0000000000e+00    9.9999999993e-01    0.0000000000e+00    1.2147528651e-05    1.1999094518e-06    4.0973941747e-02    5.9873913213e-02    3.5974893347e-04    0.0000000000e+00
 187.5100000    1.9476820006e-05    2.0063500065e-06   -1.0308573733e-04    3.6781373853e-06    3.2463738942e-02    7.1843943867e-02    1.1224021971e-01    0.0000000000e+00    9.9999999993e-01    0.0000000000e+00    1.2143839033e-05    1.1824170937e-06    4.0733206855e-02    6.1660224652e-02    3.5536950281e-04    0.0000000000e+00
 188.0100000    1.9614857854e-05    2.0412734806e-06   -9.9580538528e-05    3.6614406204e-06    3.2356209348e-02    7.2059004125e-02    1.1280893615e-01    0.0000000000e+00    9.9999999993e-01    0.0000000000e+00    1.2121100856e-05    1.2866303883e-06    4.0492690353e-02    6.6171028799e-02    3.5144006830e-04    0.0000000000e+00
 188.5100000    1.9912434356e-05    2.0625839554e-06   -9.9101218000e-05    3.7395370663e-06    3.2373200652e-02    7.3073350879e-02    1.1793733899e-01    0.0000000000e+00    9.9999999993e-01    0.0000000000e+00    1.2166996556e-05    1.3726042092e-06    4.0605016179e-02    7.3027713325e-02    3.4801099954e-04    0.0000000000e+00
 189.0100000    2.0212735420e-05    2.0990378497e-06   -9.8917047871e-05    3.8311746269e-06    3.2553157902e-02    7.4363085645e-02    1.2857797719e-01    0.0000000000e+00    9.9999999993e-01    0.0000000000e+00    1.2260105882e-05    1.3865500610e-06    4.1022513652e-02    7.9228592508e-02    3.4671132613e-04    0.0000000000e+00
 189.5100000    2.0381118565e-05    2.1412153094e-06   -1.0300886066e-04    3.9753973240e-06    3.2674604012e-02    7.5381589017e-02    1.2958911575e-01    0.0000000000e+00    9.9999999993e-01    0.0000000000e+00    1.2307410204e-05    1.4039364015e-06    4.1402464869e-02    7.9248107637e-02    3.4847099046e-04    0.0000000000e+00
 190.0100000    2.0453799107e-05    2.1352797620e-06   -1.0827476450e-04    4.3326510310e-06    3.2780370726e-02    7.6139714892e-02    1.1911492998e-01    0.0000000000e+00    9.9999999993e-01    0.0000000000e+00    1.2323921268e-05    1.4461936301e-06    4.1728009605e-02    7.4926692106e-02    3.5171038985e-04    0.0000000000e+00
 190.5100000    2.0526904714e-05    2.0703639275e-06   -1.0987182394e-04    4.3520760635e-06    3.2973245338e-02    7.6881010525e-02    1.1077681745e-01    0.0000000000e+00    9.9999999993e-01    0.0000000000e+00    1.2406390359e-05    1.4220320924e-06    4.2266621559e-02    7.0472255863e-02    3.5675193247e-04    0.0000000000e+00
 191.0100000    2.0604096741e-05    2.0050424606e-06   -1.0637521012e-04    4.1889155206e-06    3.3227859011e-02    7.7545148178e-02    1.0682005478e-01    0.0000000000e+00    9.9999999993e-01    0.0000000000e+00    1.2547476038e-05    1.3013471632e-06    4.2955972036e-02    6.4191399443e-02    3.6373196637e-04    0.0000000000e+00
 191.5100000    2.0656981236e-05    1.9826576442e-06   -9.9193928089e-05    4.4762063934e-06    3.3447603260e-02    7.7986792638e-02    1.0014452689e-01    0.0000000000e+00    9.9999999993e-01    0.0000000000e+00    1.2634082502e-05    1.1975982972e-06    4.3388129074e-02    5.5959866694e-02    3.5729153066e-04    0.0000000000e+00
 192.0100000    2.0728872961e-05    1.9746195540e-06   -9.1881731601e-05    4.5921528399e-06    3.3577951501e-02    7.8387862353e-02    9.1585788047e-02    0.0000000000e+00    9.9999999993e-01    0.0000000000e+00    1.2619016202e-05    1.2124405151e-06    4.3409514562e-02    5.1940545793e-02    3.4860257758e-04    0.0000000000e+00
 192.5100000    2.0874739398e-05    1.9334723540e-06   -9.2440202496e-05    4.4969190209e-06    3.3754665469e-02    7.9036857907e-02    8.5921105028e-02    0.0000000000e+00    9.9999999993e-01    0.0000000000e+00    1.2572245004e-05    1.2694991698e-06    4.3304402996e-02    5.2059661567e-02    3.4300193777e-04    0.0000000000e+00
 193.0100000    2.1053376696e-05    1.8874123962e-06   -9.2857858334e-05    4.1843288310e-06    3.4037847795e-02    7.9856242189e-02    8.6012188395e-02    0.0000000000e+00    9.9999999993e-01    0.0000000000e+00    1.2571339799e-05    1.2543931630e-06    4.3381673753e-02    5.2767324541e-02    3.3819422755e-04    0.0000000000e+00
 193.5100000    2.1146603871e-05    1.9092196674e-06   -9.2646443649e-05    3.8649188352e-06    3.4297465321e-02    8.0393350418e-02    9.1120322384e-02    0.0000000000e+00    9.9999999993e-01    0.0000000000e+00    1.2587253079e-05    1.1874654104e-06    4.3537547598e-02    5.2394723534e-02    3.3572093442e-04    0.0000000000e+00
 194.0100000    2.1078971840e-05    1.9807956626e-06   -9.4783120520e-05    3.8677075525e-06    3.4287035433e-02    8.0264835335e-02    9.0313978667e-02    0.0000000000e+00    9.9999999993e-01    0.0000000000e+00    1.2530491836e-05    1.2006725192e-06    4.3410560800e-02    5.0558976682e-02    3.4194913408e-04    0.0000000000e+00
 194.5100000    2.0884863885e-05    2.0265003611e-06   -1.0106916401e-04    3.7872997153e-06    3.4025247955e-02    7.9485350471e-02    8.5792364478e-02    0.0000000000e+00    9.9999999993e-01    0.0000000000e+00    1.2401173472e-05    1.3184895650e-06    4.2938931592e-02    5.1418456481e-02    3.5242074242e-04    0.0000000000e+00
 195.0100000    2.0648490347e-05    2.0272634313e-06   -1.0500376156e-04    3.6872806509e-06    3.3765584242e-02    7.8313947764e-02    8.4598963182e-02    0.0000000000e+00    9.9999999993e-01    0.0000000000e+00    1.2306398299e-05    1.4006650280e-06    4.2460318926e-02    5.3748970672e-02    3.5791052353e-04    0.0000000000e+00
 195.5100000    2.0398020561e-05    2.0256332788e-06   -1.0505599904e-04    3.8434548106e-06    3.3575368402e-02    7.6867741069e-02    8.8757771084e-02    0.0000000000e+00    9.9999999993e-01    0.0000000000e+00    1.2298142765e-05    1.3662138746e-06    4.2155440096e-02    5.5055289563e-02    3.5448986903e-04    0.0000000000e+00
 196.0100000    2.0129767407e-05    2.0331980421e-06   -1.0171948029e-04    3.9261036555e-06    3.3506929816e-02    7.5200420301e-02    9.2253144304e-02    0.0000000000e+00    9.9999999993e-01    0.0000000000e+00    1.2305847837e-05    1.2898890510e-06    4.1812094690e-02    5.3863381268e-02    3.4972196669e-04    0.0000000000e+00
 196.5100000    1.9908539884e-05    2.0093648779e-06   -9.7468949312e-05    3.9752587982e-06    3.3391429336e-02    7.3666629559e-02    9.1533978323e-02    0.0000000000e+00    9.9999999993e-01    0.0000000000e+00    1.2289369378e-05    1.2704306544e-06    4.1355023458e-02    5.3264473483e-02    3.4573973090e-04    0.0000000000e+00
 197.0100000    1.9820538167e-05    1.9563666018e-06   -9.6214193250e-05    3.6601706427e-06    3.3335202162e-02    7.2716194618e-02    9.3675510088e-02    0.0000000000e+00    9.9999999993e-01    0.0000000000e+00    1.2295901750e-05    1.2697129543e-06    4.1022200811e-02    5.6011238044e-02    3.4459557372e-04    0.0000000000e+00
 197.5100000    1.9846772648e-05    1.9332938475e-06   -9.7342359630e-05    3.4227773494e-06    3.3344855013e-02    7.2380671074e-02    1.0474877233e-01    0.0000000000e+00    9.9999999993e-01    0.0000000000e+00    1.2328231684e-05    1.2288631292e-06    4.0885391165e-02    6.1610257204e-02    3.4187099369e-04    0.0000000000e+00
 198.0100000    1.9887256714e-05    1.9582849521e-06   -1.0193326542e-04    3.5871774127e-06    3.3262354678e-02    7.2322725745e-02    1.1590445823e-01    0.0000000000e+00    9.9999999993e-01    0.0000000000e+00    1.2310714365e-05    1.2079810450e-06    4.0711681710e-02    6.6535835572e-02    3.4400591355e-04    0.0000000000e+00
 198.5100000    1.9892645041e-05    1.9799925140e-06   -1.0975298380e-04    3.8783986106e-06    3.3024248428e-02    7.2313985745e-02    1.1593271608e-01    0.0000000000e+00    9.9999999993e-01    0.0000000000e+00    1.2218620767e-05    1.2689114773e-06    4.0391797904e-02    6.9227670940e-02    3.4936511073e-04    0.0000000000e+00
 199.0100000    1.9893933647e-05    1.9635165623e-06   -1.1593531659e-04    4.0563405245e-06    3.2881266829e-02    7.2394586148e-02    1.1452057383e-01    0.0000000000e+00    9.9999999993e-01    0.0000000000e+00    1.2139467561e-05    1.3379081357e-06    4.0172853715e-02    7.2711418137e-02    3.5378708537e-04    0.0000000000e+00
 199.5100000    1.9918902340e-05    1.9343943112e-06   -1.1689349169e-04    3.9469118738e-06    3.2996155601e-02    7.2617988531e-02    1.1969494909e-01    0.0000000000e+00    9.9999999993e-01    0.0000000000e+00    1.2161228732e-05    1.3227188071e-06    4.0318876974e-02    7.6472531287e-02    3.6090449388e-04    0.0000000000e+00
 200.0100000    1.9948590870e-05    1.9391817111e-06   -1.1171745895e-04    3.7727051547e-06    3.3241441297e-02    7.2887799260e-02    1.2100047382e-01    0.0000000000e+00    9.9999999993e-01    0.0000000000e+00    1.2247963542e-05    1.2505332831e-06    4.0696831116e-02    7.2976951766e-02    3.6896851601e-04    0.0000000000e+00
