# downsampled to dt=0.5 from the every-step stream
# time min_lapse min_chi max_abs_K min_lapse_x min_lapse_y min_lapse_z max_ah_r min_theta_plus r_at_min_theta_plus min_phi max_phi min_Pi max_Pi pump_work
   0.0066667    1.0003575250e+00    1.0000000821e+00    1.1344611568e-05    6.3833333333e+01    6.3833333333e+01    1.6666666667e-01    0.0000000000e+00                 nan    0.0000000000e+00    0.0000000000e+00    0.0000000000e+00    0.0000000000e+00    0.0000000000e+00    0.0000000000e+00
   0.5066667    1.0004784401e+00    1.0002217818e+00    1.5479029722e-04    6.3833333333e+01    6.3833333333e+01    1.6666666667e-01    0.0000000000e+00                 nan    0.0000000000e+00    0.0000000000e+00    0.0000000000e+00    0.0000000000e+00    0.0000000000e+00    0.0000000000e+00
   1.0066667    1.0004707549e+00    1.0002084055e+00    1.8340491407e-04    6.3166666667e+01    6.3166666667e+01    8.3333333333e-01    0.0000000000e+00                 nan    0.0000000000e+00    0.0000000000e+00    0.0000000000e+00    0.0000000000e+00    0.0000000000e+00    0.0000000000e+00
   1.5066667    1.0004447411e+00    1.0001590956e+00    1.7219016152e-04    6.3166666667e+01    6.3166666667e+01    8.3333333333e-01    0.0000000000e+00                 nan    0.0000000000e+00    0.0000000000e+00    0.0000000000e+00    0.0000000000e+00    0.0000000000e+00    0.0000000000e+00
   2.0066667    1.0004292963e+00    1.0001322062e+00    1.7358290290e-04    6.3166666667e+01    6.3166666667e+01    8.3333333333e-01    0.0000000000e+00                 nan    0.0000000000e+00    0.0000000000e+00    0.0000000000e+00    0.0000000000e+00    0.0000000000e+00    0.0000000000e+00
   2.5066667    1.0004289861e+00    1.0001379018e+00    1.6587263281e-04    6.3166666667e+01    6.3166666667e+01    8.3333333333e-01    0.0000000000e+00                 nan    0.0000000000e+00    0.0000000000e+00    0.0000000000e+00    0.0000000000e+00    0.0000000000e+00    0.0000000000e+00
   3.0066667    1.0004296667e+00    1.0001460516e+00    2.2173582074e-04    6.3500000000e+01    6.3500000000e+01    5.0000000000e-01    0.0000000000e+00                 nan    0.0000000000e+00    0.0000000000e+00    0.0000000000e+00    0.0000000000e+00    0.0000000000e+00    0.0000000000e+00
   3.5066667    1.0004273533e+00    1.0001467098e+00    4.0804945667e-04    6.3833333333e+01    6.3833333333e+01    5.0000000000e-01    0.0000000000e+00                 nan    0.0000000000e+00    0.0000000000e+00    0.0000000000e+00    0.0000000000e+00    0.0000000000e+00    0.0000000000e+00
   4.0066667    1.0004291757e+00    1.0001574734e+00    4.2598383336e-04    6.3833333333e+01    6.3833333333e+01    1.6666666667e-01    0.0000000000e+00                 nan    0.0000000000e+00    0.0000000000e+00    0.0000000000e+00    0.0000000000e+00    0.0000000000e+00    0.0000000000e+00
   4.5066667    1.0004399398e+00    1.0001834480e+00    1.4143020918e-04    6.3833333333e+01    6.3833333333e+01    1.6666666667e-01    0.0000000000e+00                 nan    0.0000000000e+00    0.0000000000e+00    0.0000000000e+00    0.0000000000e+00    0.0000000000e+00    0.0000000000e+00
   5.0066667    1.0004515457e+00    1.0002100852e+00    8.2477027014e-05    6.3833333333e+01    6.3833333333e+01    1.6666666667e-01    0.0000000000e+00                 nan    0.0000000000e+00    0.0000000000e+00    0.0000000000e+00    0.0000000000e+00    0.0000000000e+00    0.0000000000e+00
   5.5066667    1.0004603390e+00    1.0002310085e+00    5.4320889613e-05    6.3833333333e+01    6.3833333333e+01    1.6666666667e-01    0.0000000000e+00                 nan    0.0000000000e+00    0.0000000000e+00    0.0000000000e+00    0.0000000000e+00    0.0000000000e+00    0.0000000000e+00
   6.0066667    1.0004663827e+00    1.0002466974e+00    4.3443704728e-05    6.3833333333e+01    6.3833333333e+01    1.6666666667e-01    0.0000000000e+00                 nan    0.0000000000e+00    0.0000000000e+00    0.0000000000e+00    0.0000000000e+00    0.0000000000e+00    0.0000000000e+00
   6.5066667    1.0004700052e+00    1.0002578674e+00    3.5090824592e-05    6.3833333333e+01    6.3833333333e+01    1.6666666667e-01    0.0000000000e+00                 nan    0.0000000000e+00    0.0000000000e+00    0.0000000000e+00    0.0000000000e+00    0.0000000000e+00    0.0000000000e+00
   7.0066667    1.0004712630e+00    1.0002648295e+00    3.0729665411e-05    6.3833333333e+01    6.3833333333e+01    1.6666666667e-01    0.0000000000e+00                 nan    0.0000000000e+00    0.0000000000e+00    0.0000000000e+00    0.0000000000e+00    0.0000000000e+00    0.0000000000e+00
   7.5066667    1.0004708506e+00    1.0002690787e+00    3.6579985549e-05    6.3833333333e+01    6.3833333333e+01    1.6666666667e-01    0.0000000000e+00                 nan    0.0000000000e+00    0.0000000000e+00    0.0000000000e+00    0.0000000000e+00    0.0000000000e+00    0.0000000000e+00
   8.0066667    1.0004698956e+00    1.0002725691e+00    4.3280094505e-05    6.3833333333e+01    6.3833333333e+01    1.6666666667e-01    0.0000000000e+00                 nan    0.0000000000e+00    0.0000000000e+00    0.0000000000e+00    0.0000000000e+00    0.0000000000e+00    0.0000000000e+00
   8.5066667    1.0004690858e+00    1.0002762920e+00    3.7757107823e-05    6.3833333333e+01    6.3833333333e+01    1.6666666667e-01    0.0000000000e+00                 nan    0.0000000000e+00    0.0000000000e+00    0.0000000000e+00    0.0000000000e+00    0.0000000000e+00    0.0000000000e+00
   9.0066667    1.0004684938e+00    1.0002803167e+00    3.4743783032e-05    6.3833333333e+01    6.3833333333e+01    1.6666666667e-01    0.0000000000e+00                 nan    0.0000000000e+00    0.0000000000e+00    0.0000000000e+00    0.0000000000e+00    0.0000000000e+00    0.0000000000e+00
   9.5066667    1.0004680062e+00    1.0002845407e+00    3.1908999615e-05    6.3833333333e+01    6.3833333333e+01    1.6666666667e-01    0.0000000000e+00                 nan    0.0000000000e+00    0.0000000000e+00    0.0000000000e+00    0.0000000000e+00    0.0000000000e+00    0.0000000000e+00
  10.0066667    1.0004675634e+00    1.0002888984e+00    2.9589623069e-05    6.3833333333e+01    6.3833333333e+01    1.6666666667e-01    0.0000000000e+00                 nan    0.0000000000e+00    0.0000000000e+00    0.0000000000e+00    0.0000000000e+00    0.0000000000e+00    0.0000000000e+00
  10.5066667    1.0004671158e+00    1.0002932361e+00    3.4548052649e-05    6.3833333333e+01    6.3833333333e+01    1.6666666667e-01    0.0000000000e+00                 nan    0.0000000000e+00    0.0000000000e+00    0.0000000000e+00    0.0000000000e+00    0.0000000000e+00    0.0000000000e+00
  11.0066667    1.0004666020e+00    1.0002973848e+00    5.1311275295e-05    6.3833333333e+01    6.3833333333e+01    1.6666666667e-01    0.0000000000e+00                 nan    0.0000000000e+00    0.0000000000e+00    0.0000000000e+00    0.0000000000e+00    0.0000000000e+00    0.0000000000e+00
  11.5066667    1.0004659932e+00    1.0003012802e+00    6.0943341529e-05    6.3833333333e+01    6.3833333333e+01    1.6666666667e-01    0.0000000000e+00                 nan    0.0000000000e+00    0.0000000000e+00    0.0000000000e+00    0.0000000000e+00    0.0000000000e+00    0.0000000000e+00
  12.0066667    1.0004652980e+00    1.0003049354e+00    5.5016301365e-05    6.3833333333e+01    6.3833333333e+01    1.6666666667e-01    0.0000000000e+00                 nan    0.0000000000e+00    0.0000000000e+00    0.0000000000e+00    0.0000000000e+00    0.0000000000e+00    0.0000000000e+00
  12.5066667    1.0004645250e+00    1.0003080878e+00    4.5802967235e-05    6.3833333333e+01    6.3833333333e+01    1.6666666667e-01    0.0000000000e+00                 nan    0.0000000000e+00    0.0000000000e+00    0.0000000000e+00    0.0000000000e+00    0.0000000000e+00    0.0000000000e+00
  13.0066667    1.0004636666e+00    1.0003107081e+00    3.4956222580e-05    6.3833333333e+01    6.3833333333e+01    1.6666666667e-01    0.0000000000e+00                 nan    0.0000000000e+00    0.0000000000e+00    0.0000000000e+00    0.0000000000e+00    0.0000000000e+00    0.0000000000e+00
  13.5066667    1.0004627172e+00    1.0003132167e+00    2.8552838772e-05    6.3833333333e+01    6.3833333333e+01    1.6666666667e-01    0.0000000000e+00                 nan    0.0000000000e+00    0.0000000000e+00    0.0000000000e+00    0.0000000000e+00    0.0000000000e+00    0.0000000000e+00
  14.0066667    1.0004616836e+00    1.0003156504e+00    3.8408312071e-05    6.3833333333e+01    6.3833333333e+01    1.6666666667e-01    0.0000000000e+00                 nan    0.0000000000e+00    0.0000000000e+00    0.0000000000e+00    0.0000000000e+00    0.0000000000e+00    0.0000000000e+00
  14.5066667    1.0004605714e+00    1.0003180393e+00    5.5445476207e-05    6.3833333333e+01    6.3833333333e+01    1.6666666667e-01    0.0000000000e+00                 nan    0.0000000000e+00    0.0000000000e+00    0.0000000000e+00    0.0000000000e+00    0.0000000000e+00    0.0000000000e+00
  15.0066667    1.0004593792e+00    1.0003203955e+00    6.7839428700e-05    6.3833333333e+01    6.3833333333e+01    1.6666666667e-01    0.0000000000e+00                 nan    0.0000000000e+00    0.0000000000e+00    0.0000000000e+00    0.0000000000e+00    0.0000000000e+00    0.0000000000e+00
  15.5066667    1.0004581130e+00    1.0003227178e+00    6.9549180518e-05    6.3833333333e+01    6.3833333333e+01    1.6666666667e-01    0.0000000000e+00                 nan    0.0000000000e+00    0.0000000000e+00    0.0000000000e+00    0.0000000000e+00    0.0000000000e+00    0.0000000000e+00
  16.0066667    1.0004567885e+00    1.0003250011e+00    6.2400566353e-05    6.3833333333e+01    6.3833333333e+01    1.6666666667e-01    0.0000000000e+00                 nan    0.0000000000e+00    0.0000000000e+00    0.0000000000e+00    0.0000000000e+00    0.0000000000e+00    0.0000000000e+00
  16.5066667    1.0004554172e+00    1.0003272430e+00    5.5646711022e-05    6.3833333333e+01    6.3833333333e+01    1.6666666667e-01    0.0000000000e+00                 nan    0.0000000000e+00    0.0000000000e+00    0.0000000000e+00    0.0000000000e+00    0.0000000000e+00    0.0000000000e+00
  17.0066667    1.0004540013e+00    1.0003294453e+00    5.5146299625e-05    6.3833333333e+01    6.3833333333e+01    1.6666666667e-01    0.0000000000e+00                 nan    0.0000000000e+00    0.0000000000e+00    0.0000000000e+00    0.0000000000e+00    0.0000000000e+00    0.0000000000e+00
  17.5066667    1.0004524857e+00    1.0003316103e+00    5.7782560144e-05    6.3833333333e+01    6.3833333333e+01    6.3833333333e+01    0.0000000000e+00                 nan    0.0000000000e+00    0.0000000000e+00    0.0000000000e+00    0.0000000000e+00    0.0000000000e+00    0.0000000000e+00
  18.0066667    1.0004508642e+00    1.0003337396e+00    6.8764369805e-05    6.3833333333e+01    6.3833333333e+01    6.3833333333e+01    0.0000000000e+00                 nan    0.0000000000e+00    0.0000000000e+00    0.0000000000e+00    0.0000000000e+00    0.0000000000e+00    0.0000000000e+00
  18.5066667    1.0004492271e+00    1.0003358365e+00    7.9615284661e-05    6.3833333333e+01    6.3833333333e+01    6.3833333333e+01    0.0000000000e+00                 nan    0.0000000000e+00    0.0000000000e+00    0.0000000000e+00    0.0000000000e+00    0.0000000000e+00    0.0000000000e+00
  19.0066667    1.0004475717e+00    1.0003379072e+00    8.4414060686e-05    6.3833333333e+01    6.3833333333e+01    6.3833333333e+01    0.0000000000e+00                 nan    0.0000000000e+00    0.0000000000e+00    0.0000000000e+00    0.0000000000e+00    0.0000000000e+00    0.0000000000e+00
  19.5066667    1.0004458931e+00    1.0003399580e+00    8.3708807832e-05    6.3833333333e+01    6.3833333333e+01    6.3833333333e+01    0.0000000000e+00                 nan    0.0000000000e+00    0.0000000000e+00    0.0000000000e+00    0.0000000000e+00    0.0000000000e+00    0.0000000000e+00
  20.0066667    1.0004441910e+00    1.0003419916e+00    8.0963483344e-05    6.3833333333e+01    6.3833333333e+01    6.3833333333e+01    0.0000000000e+00                 nan    0.0000000000e+00    0.0000000000e+00    0.0000000000e+00    0.0000000000e+00    0.0000000000e+00    0.0000000000e+00
  20.5066667    1.0004424673e+00    1.0003440084e+00    7.7022986202e-05    6.3833333333e+01    6.3833333333e+01    6.3833333333e+01    0.0000000000e+00                 nan    0.0000000000e+00    0.0000000000e+00    0.0000000000e+00    0.0000000000e+00    0.0000000000e+00    0.0000000000e+00
  21.0066667    1.0004407229e+00    1.0003460087e+00    7.8917416517e-05    6.3833333333e+01    6.3833333333e+01    6.3833333333e+01    0.0000000000e+00                 nan    0.0000000000e+00    0.0000000000e+00    0.0000000000e+00    0.0000000000e+00    0.0000000000e+00    0.0000000000e+00
  21.5066667    1.0004389577e+00    1.0003479937e+00    9.2533599788e-05    6.3833333333e+01    6.3833333333e+01    6.3833333333e+01    0.0000000000e+00                 nan    0.0000000000e+00    0.0000000000e+00    0.0000000000e+00    0.0000000000e+00    0.0000000000e+00    0.0000000000e+00
  22.0066667    1.0004371732e+00    1.0003499637e+00    1.0777567124e-04    6.3833333333e+01    6.3833333333e+01    6.3833333333e+01    0.0000000000e+00                 nan    0.0000000000e+00    0.0000000000e+00    0.0000000000e+00    0.0000000000e+00    0.0000000000e+00    0.0000000000e+00
  22.5066667    1.0004353725e+00    1.0003519178e+00    1.0750312998e-04    6.3833333333e+01    6.3833333333e+01    6.3833333333e+01    0.0000000000e+00                 nan    0.0000000000e+00    0.0000000000e+00    0.0000000000e+00    0.0000000000e+00    0.0000000000e+00    0.0000000000e+00
  23.0066667    1.0004335609e+00    1.0003538536e+00    1.0666757771e-04    6.3833333333e+01    6.3833333333e+01    6.3833333333e+01    0.0000000000e+00                 nan    0.0000000000e+00    0.0000000000e+00    0.0000000000e+00    0.0000000000e+00    0.0000000000e+00    0.0000000000e+00
  23.5066667    1.0004317447e+00    1.0003557677e+00    1.1536678418e-04    6.3833333333e+01    6.3833333333e+01    6.3833333333e+01    0.0000000000e+00                 nan    0.0000000000e+00    0.0000000000e+00    0.0000000000e+00    0.0000000000e+00    0.0000000000e+00    0.0000000000e+00
  24.0066667    1.0004299274e+00    1.0003576589e+00    1.2475854861e-04    6.3833333333e+01    6.3833333333e+01    6.3833333333e+01    0.0000000000e+00                 nan    0.0000000000e+00    0.0000000000e+00    0.0000000000e+00    0.0000000000e+00    0.0000000000e+00    0.0000000000e+00
  24.5066667    1.0004281096e+00    1.0003595281e+00    1.3320039448e-04    6.3833333333e+01    6.3833333333e+01    6.3833333333e+01    0.0000000000e+00                 nan    0.0000000000e+00    0.0000000000e+00    0.0000000000e+00    0.0000000000e+00    0.0000000000e+00    0.0000000000e+00
  25.0066667    1.0004262925e+00    1.0003613760e+00    1.3785439757e-04    6.3833333333e+01    6.3833333333e+01    6.3833333333e+01    0.0000000000e+00                 nan    0.0000000000e+00    0.0000000000e+00    0.0000000000e+00    0.0000000000e+00    0.0000000000e+00    0.0000000000e+00
  25.5066667    1.0004244775e+00    1.0003632030e+00    1.4356303044e-04    6.3833333333e+01    6.3833333333e+01    6.3833333333e+01    0.0000000000e+00                 nan    0.0000000000e+00    0.0000000000e+00    0.0000000000e+00    0.0000000000e+00    0.0000000000e+00    0.0000000000e+00
  26.0066667    1.0004226622e+00    1.0003650113e+00    1.5607301494e-04    6.3833333333e+01    6.3833333333e+01    6.3833333333e+01    0.0000000000e+00                 nan    0.0000000000e+00    0.0000000000e+00    0.0000000000e+00    0.0000000000e+00    0.0000000000e+00    0.0000000000e+00
  26.5066667    1.0004208434e+00    1.0003668037e+00    1.6616643199e-04    6.3833333333e+01    6.3833333333e+01    6.3833333333e+01    0.0000000000e+00                 nan    0.0000000000e+00    0.0000000000e+00    0.0000000000e+00    0.0000000000e+00    0.0000000000e+00    0.0000000000e+00
  27.0066667    1.0004190196e+00    1.0003685818e+00    1.7498738898e-04    6.3833333333e+01    6.3833333333e+01    6.3833333333e+01    0.0000000000e+00                 nan    0.0000000000e+00    0.0000000000e+00    0.0000000000e+00    0.0000000000e+00    0.0000000000e+00    0.0000000000e+00
  27.5066667    1.0004171904e+00    1.0003703465e+00    1.8171368407e-04    6.3833333333e+01    6.3833333333e+01    6.3833333333e+01    0.0000000000e+00                 nan    0.0000000000e+00    0.0000000000e+00    0.0000000000e+00    0.0000000000e+00    0.0000000000e+00    0.0000000000e+00
  28.0066667    1.0004153539e+00    1.0003720991e+00    2.1404328624e-04    6.3833333333e+01    6.3833333333e+01    6.3833333333e+01    0.0000000000e+00                 nan    0.0000000000e+00    0.0000000000e+00    0.0000000000e+00    0.0000000000e+00    0.0000000000e+00    0.0000000000e+00
  28.5066667    1.0004135090e+00    1.0003738407e+00    2.6694529281e-04    6.3833333333e+01    6.3833333333e+01    6.3833333333e+01    0.0000000000e+00                 nan    0.0000000000e+00    0.0000000000e+00    0.0000000000e+00    0.0000000000e+00    0.0000000000e+00    0.0000000000e+00
  29.0066667    1.0004116570e+00    1.0003755704e+00    3.4168418459e-04    6.3833333333e+01    6.3833333333e+01    6.3833333333e+01    0.0000000000e+00                 nan    0.0000000000e+00    0.0000000000e+00    0.0000000000e+00    0.0000000000e+00    0.0000000000e+00    0.0000000000e+00
  29.5066667    1.0004098006e+00    1.0003772866e+00    4.3921964922e-04    6.3833333333e+01    6.3833333333e+01    6.3833333333e+01    0.0000000000e+00                 nan    0.0000000000e+00    0.0000000000e+00    0.0000000000e+00    0.0000000000e+00    0.0000000000e+00    0.0000000000e+00
  30.0066667    1.0004079413e+00    1.0003789885e+00    5.2678113381e-04    6.3833333333e+01    6.3833333333e+01    6.3833333333e+01    0.0000000000e+00                 nan    0.0000000000e+00    0.0000000000e+00    0.0000000000e+00    0.0000000000e+00    0.0000000000e+00    0.0000000000e+00
  30.5066667    1.0004060800e+00    1.0003806759e+00    5.8019149407e-04    6.3833333333e+01    6.3833333333e+01    6.3833333333e+01    0.0000000000e+00                 nan    0.0000000000e+00    0.0000000000e+00    0.0000000000e+00    0.0000000000e+00    0.0000000000e+00    0.0000000000e+00
  31.0066667    1.0004042198e+00    1.0003823473e+00    6.4452018676e-04    6.3833333333e+01    6.3833333333e+01    6.3833333333e+01    0.0000000000e+00                 nan    0.0000000000e+00    0.0000000000e+00    0.0000000000e+00    0.0000000000e+00    0.0000000000e+00    0.0000000000e+00
  31.5066667    1.0004023601e+00    1.0003840037e+00    7.0435369727e-04    6.3833333333e+01    6.3833333333e+01    6.3833333333e+01    0.0000000000e+00                 nan    0.0000000000e+00    0.0000000000e+00    0.0000000000e+00    0.0000000000e+00    0.0000000000e+00    0.0000000000e+00
  32.0066667    1.0004005082e+00    1.0003856411e+00    7.1688064015e-04    6.3833333333e+01    6.3833333333e+01    6.3833333333e+01    0.0000000000e+00                 nan    0.0000000000e+00    0.0000000000e+00    0.0000000000e+00    0.0000000000e+00    0.0000000000e+00    0.0000000000e+00
  32.5066667    1.0003986660e+00    1.0003872596e+00    7.1762915122e-04    6.3833333333e+01    6.3833333333e+01    6.3833333333e+01    0.0000000000e+00                 nan    0.0000000000e+00    0.0000000000e+00    0.0000000000e+00    0.0000000000e+00    0.0000000000e+00    0.0000000000e+00
  33.0066667    1.0003967743e+00    1.0003888942e+00    7.0558800746e-04    6.3833333333e+01    6.3833333333e+01    6.3833333333e+01    0.0000000000e+00                 nan    0.0000000000e+00    0.0000000000e+00    0.0000000000e+00    0.0000000000e+00    0.0000000000e+00    0.0000000000e+00
  33.5066667    1.0003950453e+00    1.0003904191e+00    7.3676593807e-04    6.3833333333e+01    6.3833333333e+01    6.3833333333e+01    0.0000000000e+00                 nan    0.0000000000e+00    0.0000000000e+00    0.0000000000e+00    0.0000000000e+00    0.0000000000e+00    0.0000000000e+00
  34.0066667    1.0003938051e+00    1.0003916450e+00    8.3634017384e-04    6.3833333333e+01    6.3833333333e+01    6.3833333333e+01    0.0000000000e+00                 nan    0.0000000000e+00    0.0000000000e+00    0.0000000000e+00    0.0000000000e+00    0.0000000000e+00    0.0000000000e+00
  34.5066667    1.0003924783e+00    1.0003929190e+00    9.2412081505e-04    6.3833333333e+01    6.3833333333e+01    6.3833333333e+01    0.0000000000e+00                 nan    0.0000000000e+00    0.0000000000e+00    0.0000000000e+00    0.0000000000e+00    0.0000000000e+00    0.0000000000e+00
  35.0066667    1.0003904815e+00    1.0003946026e+00    9.5876343561e-04    6.3833333333e+01    6.3833333333e+01    6.3833333333e+01    0.0000000000e+00                 nan    0.0000000000e+00    0.0000000000e+00    0.0000000000e+00    0.0000000000e+00    0.0000000000e+00    0.0000000000e+00
  35.5066667    1.0003884380e+00    1.0003963317e+00    9.1104599934e-04    6.3833333333e+01    6.3833333333e+01    6.3833333333e+01    0.0000000000e+00                 nan    0.0000000000e+00    0.0000000000e+00    0.0000000000e+00    0.0000000000e+00    0.0000000000e+00    0.0000000000e+00
  36.0066667    1.0003867574e+00    1.0003978283e+00    7.8996374687e-04    6.3833333333e+01    6.3833333333e+01    6.3833333333e+01    0.0000000000e+00                 nan    0.0000000000e+00    0.0000000000e+00    0.0000000000e+00    0.0000000000e+00    0.0000000000e+00    0.0000000000e+00
  36.5066667    1.0003850592e+00    1.0003992954e+00    7.3976671244e-04    6.3833333333e+01    6.3833333333e+01    6.3833333333e+01    0.0000000000e+00                 nan    0.0000000000e+00    0.0000000000e+00    0.0000000000e+00    0.0000000000e+00    0.0000000000e+00    0.0000000000e+00
  37.0066667    1.0003832049e+00    1.0004008386e+00    6.7167787229e-04    6.3833333333e+01    6.3833333333e+01    6.3833333333e+01    0.0000000000e+00                 nan    0.0000000000e+00    0.0000000000e+00    0.0000000000e+00    0.0000000000e+00    0.0000000000e+00    0.0000000000e+00
  37.5066667    1.0003815021e+00    1.0004022876e+00    5.7337629721e-04    6.3833333333e+01    6.3833333333e+01    6.3833333333e+01    0.0000000000e+00                 nan    0.0000000000e+00    0.0000000000e+00    0.0000000000e+00    0.0000000000e+00    0.0000000000e+00    0.0000000000e+00
  38.0066667    1.0003802546e+00    1.0004034546e+00    6.1960449748e-04    6.3833333333e+01    6.3833333333e+01    6.3833333333e+01    0.0000000000e+00                 nan    0.0000000000e+00    0.0000000000e+00    0.0000000000e+00    0.0000000000e+00    0.0000000000e+00    0.0000000000e+00
  38.5066667    1.0003789196e+00    1.0004046654e+00    7.6745001012e-04    6.3833333333e+01    6.3833333333e+01    6.3833333333e+01    0.0000000000e+00                 nan    0.0000000000e+00    0.0000000000e+00    0.0000000000e+00    0.0000000000e+00    0.0000000000e+00    0.0000000000e+00
  39.0066667    1.0003767084e+00    1.0004064044e+00    1.0582585706e-03    6.3833333333e+01    6.3833333333e+01    6.3833333333e+01    0.0000000000e+00                 nan    0.0000000000e+00    0.0000000000e+00    0.0000000000e+00    0.0000000000e+00    0.0000000000e+00    0.0000000000e+00
  39.5066667    1.0003741075e+00    1.0004083859e+00    1.5292992724e-03    6.3833333333e+01    6.3833333333e+01    6.3833333333e+01    0.0000000000e+00                 nan    0.0000000000e+00    0.0000000000e+00    0.0000000000e+00    0.0000000000e+00    0.0000000000e+00    0.0000000000e+00
  40.0066667    1.0003718948e+00    1.0004101077e+00    1.7937953876e-03    6.3833333333e+01    6.3833333333e+01    6.3833333333e+01    0.0000000000e+00                 nan    0.0000000000e+00    0.0000000000e+00    0.0000000000e+00    0.0000000000e+00    0.0000000000e+00    0.0000000000e+00
  40.5066667    1.0003699554e+00    1.0004115998e+00    1.7714378833e-03    6.3833333333e+01    6.3833333333e+01    6.3833333333e+01    0.0000000000e+00                 nan    0.0000000000e+00    0.0000000000e+00    0.0000000000e+00    0.0000000000e+00    0.0000000000e+00    0.0000000000e+00
  41.0066667    1.0003683233e+00    1.0004128652e+00    1.5694145102e-03    6.3833333333e+01    6.3833333333e+01    6.3833333333e+01    0.0000000000e+00                 nan    0.0000000000e+00    0.0000000000e+00    0.0000000000e+00    0.0000000000e+00    0.0000000000e+00    0.0000000000e+00
  41.5066667    1.0003671561e+00    1.0004138524e+00    1.3715879749e-03    6.3833333333e+01    6.3833333333e+01    6.3833333333e+01    0.0000000000e+00                 nan    0.0000000000e+00    0.0000000000e+00    0.0000000000e+00    0.0000000000e+00    0.0000000000e+00    0.0000000000e+00
  42.0066667    1.0003657144e+00    1.0004150151e+00    1.2078946536e-03    6.3833333333e+01    6.3833333333e+01    6.3833333333e+01    0.0000000000e+00                 nan    0.0000000000e+00    0.0000000000e+00    0.0000000000e+00    0.0000000000e+00    0.0000000000e+00    0.0000000000e+00
  42.5066667    1.0003636688e+00    1.0004165624e+00    1.0427648549e-03    6.3833333333e+01    6.3833333333e+01    6.3833333333e+01    0.0000000000e+00                 nan    0.0000000000e+00    0.0000000000e+00    0.0000000000e+00    0.0000000000e+00    0.0000000000e+00    0.0000000000e+00
  43.0066667    1.0003617608e+00    1.0004180523e+00    8.5023430199e-04    6.3833333333e+01    6.3833333333e+01    6.3833333333e+01    0.0000000000e+00                 nan    0.0000000000e+00    0.0000000000e+00    0.0000000000e+00    0.0000000000e+00    0.0000000000e+00    0.0000000000e+00
  43.5066667    1.0003601308e+00    1.0004193630e+00    6.9875131771e-04    6.3833333333e+01    6.3833333333e+01    6.3833333333e+01    0.0000000000e+00                 nan    0.0000000000e+00    0.0000000000e+00    0.0000000000e+00    0.0000000000e+00    0.0000000000e+00    0.0000000000e+00
  44.0066667    1.0003583556e+00    1.0004207328e+00    6.4328925149e-04    6.3833333333e+01    6.3833333333e+01    6.3833333333e+01    0.0000000000e+00                 nan    0.0000000000e+00    0.0000000000e+00    0.0000000000e+00    0.0000000000e+00    0.0000000000e+00    0.0000000000e+00
  44.5066667    1.0003564794e+00    1.0004221580e+00    5.9873861167e-04    6.3833333333e+01    6.3833333333e+01    6.3833333333e+01    0.0000000000e+00                 nan    0.0000000000e+00    0.0000000000e+00    0.0000000000e+00    0.0000000000e+00    0.0000000000e+00    0.0000000000e+00
  45.0066667    1.0003548978e+00    1.0004234049e+00    6.7051880918e-04    6.3833333333e+01    6.3833333333e+01    6.3833333333e+01    0.0000000000e+00                 nan    0.0000000000e+00    0.0000000000e+00    0.0000000000e+00    0.0000000000e+00    0.0000000000e+00    0.0000000000e+00
  45.5066667    1.0003537782e+00    1.0004243669e+00    1.2670496532e-03    6.3833333333e+01    6.3833333333e+01    6.3833333333e+01    0.0000000000e+00                 nan    0.0000000000e+00    0.0000000000e+00    0.0000000000e+00    0.0000000000e+00    0.0000000000e+00    0.0000000000e+00
  46.0066667    1.0003524729e+00    1.0004254397e+00    2.0524345909e-03    6.3833333333e+01    6.3833333333e+01    6.3833333333e+01    0.0000000000e+00                 nan    0.0000000000e+00    0.0000000000e+00    0.0000000000e+00    0.0000000000e+00    0.0000000000e+00    0.0000000000e+00
  46.5066667    1.0003505568e+00    1.0004268964e+00    2.7160646862e-03    6.3833333333e+01    6.3833333333e+01    6.3833333333e+01    0.0000000000e+00                 nan    0.0000000000e+00    0.0000000000e+00    0.0000000000e+00    0.0000000000e+00    0.0000000000e+00    0.0000000000e+00
  47.0066667    1.0003487022e+00    1.0004283379e+00    2.6710416930e-03    6.3833333333e+01    6.3833333333e+01    6.3833333333e+01    0.0000000000e+00                 nan    0.0000000000e+00    0.0000000000e+00    0.0000000000e+00    0.0000000000e+00    0.0000000000e+00    0.0000000000e+00
  47.5066667    1.0003471749e+00    1.0004295687e+00    1.7217295642e-03    6.3833333333e+01    6.3833333333e+01    6.3833333333e+01    0.0000000000e+00                 nan    0.0000000000e+00    0.0000000000e+00    0.0000000000e+00    0.0000000000e+00    0.0000000000e+00    0.0000000000e+00
  48.0066667    1.0003455138e+00    1.0004308449e+00    1.0761210178e-03    6.3833333333e+01    6.3833333333e+01    6.3833333333e+01    0.0000000000e+00                 nan    0.0000000000e+00    0.0000000000e+00    0.0000000000e+00    0.0000000000e+00    0.0000000000e+00    0.0000000000e+00
  48.5066667    1.0003436945e+00    1.0004322066e+00    1.0952842840e-03    6.3833333333e+01    6.3833333333e+01    6.3833333333e+01    0.0000000000e+00                 nan    0.0000000000e+00    0.0000000000e+00    0.0000000000e+00    0.0000000000e+00    0.0000000000e+00    0.0000000000e+00
  49.0066667    1.0003419134e+00    1.0004335447e+00    1.6229092080e-03    6.3833333333e+01    6.3833333333e+01    6.3833333333e+01    0.0000000000e+00                 nan    0.0000000000e+00    0.0000000000e+00    0.0000000000e+00    0.0000000000e+00    0.0000000000e+00    0.0000000000e+00
  49.5066667    1.0003401239e+00    1.0004348716e+00    1.5995955331e-03    6.3833333333e+01    6.3833333333e+01    6.3833333333e+01    0.0000000000e+00                 nan    0.0000000000e+00    0.0000000000e+00    0.0000000000e+00    0.0000000000e+00    0.0000000000e+00    0.0000000000e+00
  50.0066667    1.0003383025e+00    1.0004362003e+00    1.2144149702e-03    6.3833333333e+01    6.3833333333e+01    6.3833333333e+01    0.0000000000e+00                 nan    0.0000000000e+00    0.0000000000e+00    0.0000000000e+00    0.0000000000e+00    0.0000000000e+00    0.0000000000e+00
  50.5066667    1.0003364906e+00    1.0004375117e+00    9.4081266658e-04    6.3833333333e+01    6.3833333333e+01    6.3833333333e+01    0.0000000000e+00                 nan    0.0000000000e+00    0.0000000000e+00    0.0000000000e+00    0.0000000000e+00    0.0000000000e+00    0.0000000000e+00
  51.0066667    1.0003346787e+00    1.0004388108e+00    7.9163912514e-04    6.3833333333e+01    6.3833333333e+01    6.3833333333e+01    0.0000000000e+00                 nan    0.0000000000e+00    0.0000000000e+00    0.0000000000e+00    0.0000000000e+00    0.0000000000e+00    0.0000000000e+00
  51.5066667    1.0003328437e+00    1.0004401117e+00    9.1107237777e-04    6.3833333333e+01    6.3833333333e+01    6.3833333333e+01    0.0000000000e+00                 nan    0.0000000000e+00    0.0000000000e+00    0.0000000000e+00    0.0000000000e+00    0.0000000000e+00    0.0000000000e+00
  52.0066667    1.0003309640e+00    1.0004414296e+00    1.1152906257e-03    6.3833333333e+01    6.3833333333e+01    6.3833333333e+01    0.0000000000e+00                 nan    0.0000000000e+00    0.0000000000e+00    0.0000000000e+00    0.0000000000e+00    0.0000000000e+00    0.0000000000e+00
  52.5066667    1.0003290307e+00    1.0004427713e+00    1.0473211803e-03    6.3833333333e+01    6.3833333333e+01    6.3833333333e+01    0.0000000000e+00                 nan    0.0000000000e+00    0.0000000000e+00    0.0000000000e+00    0.0000000000e+00    0.0000000000e+00    0.0000000000e+00
  53.0066667    1.0003270745e+00    1.0004441179e+00    8.3440574433e-04    6.3833333333e+01    6.3833333333e+01    6.3833333333e+01    0.0000000000e+00                 nan    0.0000000000e+00    0.0000000000e+00    0.0000000000e+00    0.0000000000e+00    0.0000000000e+00    0.0000000000e+00
  53.5066667    1.0003251152e+00    1.0004454548e+00    7.5988820999e-04    6.3833333333e+01    6.3833333333e+01    6.3833333333e+01    0.0000000000e+00                 nan    0.0000000000e+00    0.0000000000e+00    0.0000000000e+00    0.0000000000e+00    0.0000000000e+00    0.0000000000e+00
  54.0066667    1.0003231260e+00    1.0004467962e+00    4.8126622914e-04    6.3833333333e+01    6.3833333333e+01    6.3833333333e+01    0.0000000000e+00                 nan    0.0000000000e+00    0.0000000000e+00    0.0000000000e+00    0.0000000000e+00    0.0000000000e+00    0.0000000000e+00
  54.5066667    1.0003211095e+00    1.0004481420e+00    4.0230094367e-04    6.3833333333e+01    6.3833333333e+01    6.3833333333e+01    0.0000000000e+00                 nan    0.0000000000e+00    0.0000000000e+00    0.0000000000e+00    0.0000000000e+00    0.0000000000e+00    0.0000000000e+00
  55.0066667    1.0003191361e+00    1.0004494515e+00    1.0210444936e-03    6.3833333333e+01    6.3833333333e+01    6.3833333333e+01    0.0000000000e+00                 nan    0.0000000000e+00    0.0000000000e+00    0.0000000000e+00    0.0000000000e+00    0.0000000000e+00    0.0000000000e+00
  55.5066667    1.0003172362e+00    1.0004507065e+00    1.9042178867e-03    6.3833333333e+01    6.3833333333e+01    6.3833333333e+01    0.0000000000e+00                 nan    0.0000000000e+00    0.0000000000e+00    0.0000000000e+00    0.0000000000e+00    0.0000000000e+00    0.0000000000e+00
  56.0066667    1.0003153238e+00    1.0004519606e+00    2.1981477549e-03    6.3833333333e+01    6.3833333333e+01    6.3833333333e+01    0.0000000000e+00                 nan    0.0000000000e+00    0.0000000000e+00    0.0000000000e+00    0.0000000000e+00    0.0000000000e+00    0.0000000000e+00
  56.5066667    1.0003132985e+00    1.0004532791e+00    1.3628837595e-03    6.3833333333e+01    6.3833333333e+01    6.3833333333e+01    0.0000000000e+00                 nan    0.0000000000e+00    0.0000000000e+00    0.0000000000e+00    0.0000000000e+00    0.0000000000e+00    0.0000000000e+00
  57.0066667    1.0003111731e+00    1.0004546564e+00    8.2961021368e-04    6.3833333333e+01    6.3833333333e+01    6.3833333333e+01    0.0000000000e+00                 nan    0.0000000000e+00    0.0000000000e+00    0.0000000000e+00    0.0000000000e+00    0.0000000000e+00    0.0000000000e+00
  57.5066667    1.0003090480e+00    1.0004560267e+00    1.1216525611e-03    6.3833333333e+01    6.3833333333e+01    6.3833333333e+01    0.0000000000e+00                 nan    0.0000000000e+00    0.0000000000e+00    0.0000000000e+00    0.0000000000e+00    0.0000000000e+00    0.0000000000e+00
  58.0066667    1.0003069917e+00    1.0004573419e+00    1.2422116776e-03    6.3833333333e+01    6.3833333333e+01    6.3833333333e+01    0.0000000000e+00                 nan    0.0000000000e+00    0.0000000000e+00    0.0000000000e+00    0.0000000000e+00    0.0000000000e+00    0.0000000000e+00
  58.5066667    1.0003049865e+00    1.0004586114e+00    7.7990482012e-04    6.3833333333e+01    6.3833333333e+01    6.3833333333e+01    0.0000000000e+00                 nan    0.0000000000e+00    0.0000000000e+00    0.0000000000e+00    0.0000000000e+00    0.0000000000e+00    0.0000000000e+00
  59.0066667    1.0003029737e+00    1.0004598757e+00    4.5792269098e-04    6.3833333333e+01    6.3833333333e+01    6.3833333333e+01    0.0000000000e+00                 nan    0.0000000000e+00    0.0000000000e+00    0.0000000000e+00    0.0000000000e+00    0.0000000000e+00    0.0000000000e+00
  59.5066667    1.0003009128e+00    1.0004611651e+00    4.1412042501e-04    6.3833333333e+01    6.3833333333e+01    6.3833333333e+01    0.0000000000e+00                 nan    0.0000000000e+00    0.0000000000e+00    0.0000000000e+00    0.0000000000e+00    0.0000000000e+00    0.0000000000e+00
  60.0066667    1.0002987983e+00    1.0004624843e+00    4.4594393212e-04    6.3833333333e+01    6.3833333333e+01    6.3833333333e+01    0.0000000000e+00                 nan    0.0000000000e+00    0.0000000000e+00    0.0000000000e+00    0.0000000000e+00    0.0000000000e+00    0.0000000000e+00
  60.5066667    1.0002966499e+00    1.0004638193e+00    6.0782954331e-04    6.3833333333e+01    6.3833333333e+01    6.3833333333e+01    0.0000000000e+00                 nan    0.0000000000e+00    0.0000000000e+00    0.0000000000e+00    0.0000000000e+00    0.0000000000e+00    0.0000000000e+00
  61.0066667    1.0002944976e+00    1.0004651486e+00    8.5265403901e-04    6.3833333333e+01    6.3833333333e+01    6.3833333333e+01    0.0000000000e+00                 nan    0.0000000000e+00    0.0000000000e+00    0.0000000000e+00    0.0000000000e+00    0.0000000000e+00    0.0000000000e+00
  61.5066667    1.0002923645e+00    1.0004664562e+00    1.0882013741e-03    6.3833333333e+01    6.3833333333e+01    6.3833333333e+01    0.0000000000e+00                 nan    0.0000000000e+00    0.0000000000e+00    0.0000000000e+00    0.0000000000e+00    0.0000000000e+00    0.0000000000e+00
  62.0066667    1.0002902463e+00    1.0004677448e+00    1.0569497095e-03    6.3833333333e+01    6.3833333333e+01    6.3833333333e+01    0.0000000000e+00                 nan    0.0000000000e+00    0.0000000000e+00    0.0000000000e+00    0.0000000000e+00    0.0000000000e+00    0.0000000000e+00
  62.5066667    1.0002881023e+00    1.0004690409e+00    7.3949651674e-04    6.3833333333e+01    6.3833333333e+01    6.3833333333e+01    0.0000000000e+00                 nan    0.0000000000e+00    0.0000000000e+00    0.0000000000e+00    0.0000000000e+00    0.0000000000e+00    0.0000000000e+00
  63.0066667    1.0002851585e+00    1.0004703810e+00    3.9326551793e-04    5.9833333333e+01    6.0166666667e+01    3.5000000000e+00    0.0000000000e+00    5.4809536035e-01    3.6507665213e+00    0.0000000000e+00    0.0000000000e+00    0.0000000000e+00    0.0000000000e+00    0.0000000000e+00
  63.5066667    1.0002815357e+00    1.0004717817e+00    5.5291125883e-04    6.0500000000e+01    6.0500000000e+01    3.1666666667e+00    0.0000000000e+00    6.6843425382e-01    2.9899901604e+00    0.0000000000e+00    0.0000000000e+00    0.0000000000e+00    0.0000000000e+00    0.0000000000e+00
  64.0066667    1.0002786743e+00    1.0004732200e+00    1.2918706557e-03    6.0833333333e+01    6.0833333333e+01    6.1166666667e+01    0.0000000000e+00    8.5635640128e-01    2.3236307408e+00    0.0000000000e+00    0.0000000000e+00    0.0000000000e+00    0.0000000000e+00    0.0000000000e+00
  64.5066667    1.0002668990e+00    1.0004746516e+00    1.7294855755e-03    5.5000000000e+00    2.7500000000e+01    1.4833333333e+01    0.0000000000e+00    3.1844749205e-01    6.2853515123e+00    0.0000000000e+00    0.0000000000e+00    0.0000000000e+00    0.0000000000e+00    0.0000000000e+00
  65.0066667    1.0002475848e+00    1.0004760505e+00    1.5098108200e-03    7.8333333333e+00    9.8333333333e+00    3.2166666667e+01    0.0000000000e+00    2.2297298747e-01    8.9716892282e+00    0.0000000000e+00    0.0000000000e+00    0.0000000000e+00    0.0000000000e+00    0.0000000000e+00
  65.5066667    1.0002173194e+00    1.0004774246e+00    1.2542574855e-03    7.8333333333e+00    8.8333333333e+00    3.1833333333e+01    0.0000000000e+00    2.4091284653e-01    8.3052320329e+00    0.0000000000e+00    0.0000000000e+00    0.0000000000e+00    0.0000000000e+00    0.0000000000e+00
  66.0066667    1.0001850131e+00    1.0004788054e+00    1.0294755888e-03    7.8333333333e+00    7.8333333333e+00    3.1166666667e+01    0.0000000000e+00    2.4030123476e-01    8.3284963578e+00    0.0000000000e+00    0.0000000000e+00    0.0000000000e+00    0.0000000000e+00    0.0000000000e+00
  66.5066667    1.0001535773e+00    1.0004802451e+00    7.2486775629e-04    7.1666666667e+00    7.5000000000e+00    3.1166666667e+01    0.0000000000e+00    2.6132209381e-01    7.6611500122e+00    0.0000000000e+00    0.0000000000e+00    0.0000000000e+00    0.0000000000e+00    0.0000000000e+00
  67.0066667    1.0001270001e+00    1.0004817925e+00    5.1957784360e-04    6.8333333333e+00    7.1666666667e+00    3.2500000000e+01    0.0000000000e+00    2.8734659862e-01    6.9665101946e+00    0.0000000000e+00    0.0000000000e+00    0.0000000000e+00    0.0000000000e+00    0.0000000000e+00
  67.5066667    1.0001125996e+00    1.0004834226e+00    4.1393838717e-04    6.5000000000e+00    7.1666666667e+00    3.7166666667e+01    0.0000000000e+00    2.8729447009e-01    6.9724008296e+00    0.0000000000e+00    0.0000000000e+00    0.0000000000e+00    0.0000000000e+00    0.0000000000e+00
  68.0066667    1.0001023695e+00    1.0004849980e+00    3.6065019433e-04    6.5000000000e+00    4.0833333333e+01    7.1666666667e+00    0.0000000000e+00    2.8625094868e-01    6.9928410760e+00    0.0000000000e+00    0.0000000000e+00    0.0000000000e+00    0.0000000000e+00    0.0000000000e+00
  68.5066667    1.0000936008e+00    1.0004863267e+00    2.9627794257e-04    6.8333333333e+00    4.4166666667e+01    7.1666666667e+00    0.0000000000e+00    2.8623947867e-01    6.9936910369e+00    0.0000000000e+00    0.0000000000e+00    0.0000000000e+00    0.0000000000e+00    0.0000000000e+00
  69.0066667    1.0000832596e+00    1.0004872041e+00    2.5976941621e-04    6.8333333333e+00    4.6500000000e+01    7.5000000000e+00    0.0000000000e+00    2.6224215519e-01    7.6275858734e+00    0.0000000000e+00    0.0000000000e+00    0.0000000000e+00    0.0000000000e+00    0.0000000000e+00
  69.5066667    1.0000738978e+00    1.0004872305e+00    7.8056298591e-04    5.2500000000e+01    5.5500000000e+01    8.8333333333e+00    0.0000000000e+00    2.2332540357e-01    8.9587725504e+00    0.0000000000e+00    0.0000000000e+00    0.0000000000e+00    0.0000000000e+00    0.0000000000e+00
  70.0066667    1.0000408534e+00    1.0004857095e+00    1.1125206237e-03    9.5000000000e+00    8.8333333333e+00    9.1666666667e+00    0.0000000000e+00    2.2309112372e-01    8.9661986292e+00    0.0000000000e+00    0.0000000000e+00    0.0000000000e+00    0.0000000000e+00    0.0000000000e+00
  70.5066667    1.0000094804e+00    1.0004824002e+00    1.0823825141e-03    8.8333333333e+00    8.5000000000e+00    8.8333333333e+00    0.0000000000e+00    2.2302830965e-01    8.9760287320e+00    0.0000000000e+00    0.0000000000e+00    0.0000000000e+00    0.0000000000e+00    0.0000000000e+00
  71.0066667    9.9997997246e-01    1.0004783096e+00    7.5590157999e-04    8.1666666667e+00    8.5000000000e+00    8.5000000000e+00    0.0000000000e+00    2.4099598472e-01    8.3035908987e+00    0.0000000000e+00    0.0000000000e+00    0.0000000000e+00    0.0000000000e+00    0.0000000000e+00
  71.5066667    9.9995958216e-01    1.0004746969e+00    4.7653223845e-04    7.8333333333e+00    8.1666666667e+00    8.1666666667e+00    0.0000000000e+00    2.6213413408e-01    7.6324556687e+00    0.0000000000e+00    0.0000000000e+00    0.0000000000e+00    0.0000000000e+00    0.0000000000e+00
  72.0066667    9.9995851522e-01    1.0004716019e+00    3.4053584087e-04    5.6500000000e+01    5.6166666667e+01    7.8333333333e+00    0.0000000000e+00    2.6242905054e-01    7.6257008823e+00    0.0000000000e+00    0.0000000000e+00    0.0000000000e+00    0.0000000000e+00    0.0000000000e+00
  72.5066667    9.9997857753e-01    1.0004683881e+00    5.7855249318e-04    5.6833333333e+01    5.6500000000e+01    7.5000000000e+00    0.0000000000e+00    2.8732599246e-01    6.9565123893e+00    0.0000000000e+00    0.0000000000e+00    0.0000000000e+00    0.0000000000e+00    0.0000000000e+00
  73.0066667    1.0000029476e+00    1.0004648840e+00    7.2156599724e-04    5.7500000000e+01    5.6833333333e+01    7.1666666667e+00    0.0000000000e+00    2.8751620187e-01    6.9641510872e+00    0.0000000000e+00    0.0000000000e+00    0.0000000000e+00    0.0000000000e+00    0.0000000000e+00
  73.5066667    1.0000267596e+00    1.0004611815e+00    6.4174588806e-04    5.7833333333e+01    5.7166666667e+01    6.5000000000e+00    0.0000000000e+00    3.1726757924e-01    6.3076223485e+00    0.0000000000e+00    0.0000000000e+00    0.0000000000e+00    0.0000000000e+00    0.0000000000e+00
  74.0066667    1.0000563588e+00    1.0004573447e+00    5.1750253540e-04    5.8166666667e+01    5.7833333333e+01    6.1666666667e+00    0.0000000000e+00    3.5365171129e-01    5.6495779604e+00    0.0000000000e+00    0.0000000000e+00    0.0000000000e+00    0.0000000000e+00    0.0000000000e+00
  74.5066667    1.0000893892e+00    1.0004537615e+00    5.5038112984e-04    5.8833333333e+01    5.8500000000e+01    5.5000000000e+00    0.0000000000e+00    4.0169813747e-01    4.9763621160e+00    0.0000000000e+00    0.0000000000e+00    0.0000000000e+00    0.0000000000e+00    0.0000000000e+00
  75.0066667    1.0001288781e+00    1.0004510724e+00    5.3999028457e-04    5.9166666667e+01    5.8833333333e+01    4.8333333333e+00    0.0000000000e+00    4.0140911852e-01    4.9815382198e+00    0.0000000000e+00    0.0000000000e+00    0.0000000000e+00    0.0000000000e+00    0.0000000000e+00
  75.5066667    1.0001710968e+00    1.0004497481e+00    4.4707954477e-04    5.9833333333e+01    5.9500000000e+01    4.5000000000e+00    0.0000000000e+00    4.6330401147e-01    4.3298316584e+00    0.0000000000e+00    0.0000000000e+00    0.0000000000e+00    0.0000000000e+00    0.0000000000e+00
  76.0066667    1.0001754695e+00    1.0004499636e+00    3.2662193616e-04    6.3500000000e+01    5.6833333333e+01    6.5000000000e+00    0.0000000000e+00                 nan    0.0000000000e+00    0.0000000000e+00    0.0000000000e+00    0.0000000000e+00    0.0000000000e+00    0.0000000000e+00
  76.5066667    1.0001736106e+00    1.0004515595e+00    6.0344469732e-04    6.3833333333e+01    5.7166666667e+01    6.1666666667e+00    0.0000000000e+00                 nan    0.0000000000e+00    0.0000000000e+00    0.0000000000e+00    0.0000000000e+00    0.0000000000e+00    0.0000000000e+00
  77.0066667    1.0001727527e+00    1.0004542955e+00    6.8362849859e-04    6.3833333333e+01    5.7833333333e+01    5.8333333333e+00    0.0000000000e+00                 nan    0.0000000000e+00    0.0000000000e+00    0.0000000000e+00    0.0000000000e+00    0.0000000000e+00    0.0000000000e+00
  77.5066667    1.0001754303e+00    1.0004585845e+00    2.7773174835e-04    6.3833333333e+01    5.8500000000e+01    5.1666666667e+00    0.0000000000e+00                 nan    0.0000000000e+00    0.0000000000e+00    0.0000000000e+00    0.0000000000e+00    0.0000000000e+00    0.0000000000e+00
  78.0066667    1.0001827655e+00    1.0004654569e+00    4.3945213403e-04    6.3833333333e+01    5.9166666667e+01    4.8333333333e+00    0.0000000000e+00                 nan    0.0000000000e+00    0.0000000000e+00    0.0000000000e+00    0.0000000000e+00    0.0000000000e+00    0.0000000000e+00
  78.5066667    1.0001937541e+00    1.0004751910e+00    1.0339305757e-03    6.3833333333e+01    5.9833333333e+01    4.1666666667e+00    0.0000000000e+00                 nan    0.0000000000e+00    0.0000000000e+00    0.0000000000e+00    0.0000000000e+00    0.0000000000e+00    0.0000000000e+00
  79.0066667    1.0002056080e+00    1.0004863808e+00    1.2318376304e-03    4.0833333333e+01    5.8333333333e+00    5.8333333333e+00    0.0000000000e+00    3.5380653395e-01    5.6566431645e+00    0.0000000000e+00    0.0000000000e+00    0.0000000000e+00    0.0000000000e+00    0.0000000000e+00
  79.5066667    1.0002011231e+00    1.0004955016e+00    1.0345672110e-03    4.2166666667e+01    6.1666666667e+00    6.1666666667e+00    0.0000000000e+00    3.1829887289e-01    6.2890387495e+00    0.0000000000e+00    0.0000000000e+00    0.0000000000e+00    0.0000000000e+00    0.0000000000e+00
  80.0066667    1.0002065056e+00    1.0005016963e+00    6.2560666009e-04    4.4500000000e+01    6.1666666667e+00    6.1666666667e+00    0.0000000000e+00    3.1659649395e-01    6.3182393477e+00    0.0000000000e+00    0.0000000000e+00    0.0000000000e+00    0.0000000000e+00    0.0000000000e+00
  80.5066667    1.0002216486e+00    1.0005076662e+00    4.7346246005e-04    4.6166666667e+01    5.8333333333e+00    5.8333333333e+00    0.0000000000e+00    3.5407564219e-01    5.6464932811e+00    0.0000000000e+00    0.0000000000e+00    0.0000000000e+00    0.0000000000e+00    0.0000000000e+00
  81.0066667    1.0002263796e+00    1.0005030793e+00    4.0842360042e-04    6.1166666667e+01    6.3833333333e+01    1.6666666667e-01    0.0000000000e+00                 nan    0.0000000000e+00    0.0000000000e+00    0.0000000000e+00    0.0000000000e+00    0.0000000000e+00    0.0000000000e+00
  81.5066667    1.0001648778e+00    1.0004980381e+00    3.4765438585e-04    5.6833333333e+01    5.7166666667e+01    6.5000000000e+00    0.0000000000e+00    3.1698236601e-01    6.3131448760e+00    0.0000000000e+00    0.0000000000e+00    0.0000000000e+00    0.0000000000e+00    0.0000000000e+00
  82.0066667    1.0000857180e+00    1.0004934682e+00    2.8696580530e-04    5.6833333333e+01    5.7500000000e+01    6.5000000000e+00    0.0000000000e+00    3.1631946138e-01    6.3254388473e+00    0.0000000000e+00    0.0000000000e+00    0.0000000000e+00    0.0000000000e+00    0.0000000000e+00
  82.5066667    1.0000366626e+00    1.0004930151e+00    2.4269484381e-04    5.6833333333e+01    5.7500000000e+01    6.5000000000e+00    0.0000000000e+00    3.1633073414e-01    6.3254388473e+00    0.0000000000e+00    0.0000000000e+00    0.0000000000e+00    0.0000000000e+00    0.0000000000e+00
  83.0066667    1.0000021896e+00    1.0004905679e+00    3.2388525255e-04    5.6500000000e+01    5.6500000000e+01    7.5000000000e+00    0.0000000000e+00    2.6144898383e-01    7.6557823960e+00    0.0000000000e+00    0.0000000000e+00    0.0000000000e+00    0.0000000000e+00    0.0000000000e+00
  83.5066667    9.9999785215e-01    1.0004857522e+00    4.1051544422e-04    5.6833333333e+01    5.6833333333e+01    7.1666666667e+00    0.0000000000e+00    2.8669127344e-01    6.9837926988e+00    0.0000000000e+00    0.0000000000e+00    0.0000000000e+00    0.0000000000e+00    0.0000000000e+00
  84.0066667    1.0000364636e+00    1.0004810170e+00    4.6260901494e-04    5.6833333333e+01    5.6833333333e+01    6.8333333333e+00    0.0000000000e+00    2.8630843764e-01    6.9974728935e+00    0.0000000000e+00    0.0000000000e+00    0.0000000000e+00    0.0000000000e+00    0.0000000000e+00
  84.5066667    1.0001167808e+00    1.0004763029e+00    5.2165159876e-04    5.7166666667e+01    5.7166666667e+01    6.5000000000e+00    0.0000000000e+00    3.1623590868e-01    6.3253674398e+00    0.0000000000e+00    0.0000000000e+00    0.0000000000e+00    0.0000000000e+00    0.0000000000e+00
  85.0066667    1.0002147149e+00    1.0004718267e+00    9.3625391009e-04    5.7833333333e+01    5.7833333333e+01    6.1666666667e+00    0.0000000000e+00    3.1791351985e-01    6.3021031867e+00    0.0000000000e+00    0.0000000000e+00    0.0000000000e+00    0.0000000000e+00    0.0000000000e+00
  85.5066667    1.0002696524e+00    1.0004673422e+00    1.1022915827e-03    6.0833333333e+01    6.0833333333e+01    3.1666666667e+00    0.0000000000e+00    8.5637259631e-01    2.3193866946e+00    0.0000000000e+00    0.0000000000e+00    0.0000000000e+00    0.0000000000e+00    0.0000000000e+00
  86.0066667    1.0002707570e+00    1.0004632331e+00    8.0594586220e-04    5.9500000000e+01    5.9500000000e+01    6.3166666667e+01    0.0000000000e+00                 nan    0.0000000000e+00    0.0000000000e+00    0.0000000000e+00    0.0000000000e+00    0.0000000000e+00    0.0000000000e+00
  86.5066667    1.0002686257e+00    1.0004608312e+00    2.6880545747e-04    5.9833333333e+01    5.9500000000e+01    6.3500000000e+01    0.0000000000e+00                 nan    0.0000000000e+00    0.0000000000e+00    0.0000000000e+00    0.0000000000e+00    0.0000000000e+00    0.0000000000e+00
  87.0066667    1.0002660442e+00    1.0004610433e+00    6.0576929764e-04    5.9833333333e+01    5.9833333333e+01    6.3833333333e+01    0.0000000000e+00                 nan    0.0000000000e+00    0.0000000000e+00    0.0000000000e+00    0.0000000000e+00    0.0000000000e+00    0.0000000000e+00
  87.5066667    1.0002654450e+00    1.0004647382e+00    1.0121298162e-03    6.0500000000e+01    6.0500000000e+01    1.6666666667e-01    0.0000000000e+00                 nan    0.0000000000e+00    0.0000000000e+00    0.0000000000e+00    0.0000000000e+00    0.0000000000e+00    0.0000000000e+00
  88.0066667    1.0002522405e+00    1.0004721523e+00    9.9204641440e-04    4.5500000000e+01    7.1666666667e+00    7.1666666667e+00    0.0000000000e+00    2.6209617494e-01    7.6412662793e+00    0.0000000000e+00    0.0000000000e+00    0.0000000000e+00    0.0000000000e+00    0.0000000000e+00
  88.5066667    1.0002057845e+00    1.0004815390e+00    6.5560199956e-04    6.8333333333e+00    4.5833333333e+01    7.5000000000e+00    0.0000000000e+00    2.6139867143e-01    7.6549892306e+00    0.0000000000e+00    0.0000000000e+00    0.0000000000e+00    0.0000000000e+00    0.0000000000e+00
  89.0066667    1.0001888449e+00    1.0004900289e+00    3.8312939954e-04    6.8333333333e+00    4.5500000000e+01    6.8333333333e+00    0.0000000000e+00    2.8743348169e-01    6.9577632002e+00    0.0000000000e+00    0.0000000000e+00    0.0000000000e+00    0.0000000000e+00    0.0000000000e+00
  89.5066667    1.0001990174e+00    1.0004954823e+00    4.1552322750e-04    6.5000000000e+00    4.5166666667e+01    6.1666666667e+00    0.0000000000e+00    3.1638036486e-01    6.3260082001e+00    0.0000000000e+00    0.0000000000e+00    0.0000000000e+00    0.0000000000e+00    0.0000000000e+00
  90.0066667    1.0002159271e+00    1.0004975909e+00    4.5258974327e-04    5.5000000000e+00    4.4833333333e+01    5.8333333333e+00    0.0000000000e+00    3.5359828164e-01    5.6601339497e+00    0.0000000000e+00    0.0000000000e+00    0.0000000000e+00    0.0000000000e+00    0.0000000000e+00
  90.5066667    1.0002421338e+00    1.0004975837e+00    4.4661291464e-04    5.1666666667e+00    4.5166666667e+01    5.5000000000e+00    0.0000000000e+00    4.0039896275e-01    4.9893493363e+00    0.0000000000e+00    0.0000000000e+00    0.0000000000e+00    0.0000000000e+00    0.0000000000e+00
  91.0066667    1.0002670813e+00    1.0004971433e+00    3.9384873971e-04    4.5000000000e+00    5.5166666667e+01    4.8333333333e+00    0.0000000000e+00    4.6241301160e-01    4.3227429138e+00    0.0000000000e+00    0.0000000000e+00    0.0000000000e+00    0.0000000000e+00    0.0000000000e+00
  91.5066667    1.0002014549e+00    1.0004975747e+00    5.4362129567e-04    6.8333333333e+00    7.5000000000e+00    7.5000000000e+00    0.0000000000e+00    2.8720232863e-01    6.9702461261e+00    0.0000000000e+00    0.0000000000e+00    0.0000000000e+00    0.0000000000e+00    0.0000000000e+00
  92.0066667    1.0001619696e+00    1.0004992138e+00    5.1292983286e-04    5.6833333333e+01    5.6500000000e+01    7.1666666667e+00    0.0000000000e+00    2.8728383839e-01    6.9701658905e+00    0.0000000000e+00    0.0000000000e+00    0.0000000000e+00    0.0000000000e+00    0.0000000000e+00
  92.5066667    1.0001473886e+00    1.0005009916e+00    2.2142070227e-04    5.6833333333e+01    5.7166666667e+01    6.8333333333e+00    0.0000000000e+00    2.8749547818e-01    6.9640718557e+00    0.0000000000e+00    0.0000000000e+00    0.0000000000e+00    0.0000000000e+00    0.0000000000e+00
  93.0066667    1.0001463657e+00    1.0004976653e+00    2.4734714518e-04    5.6833333333e+01    5.7500000000e+01    6.5000000000e+00    0.0000000000e+00    3.1633598571e-01    6.3254388473e+00    0.0000000000e+00    0.0000000000e+00    0.0000000000e+00    0.0000000000e+00    0.0000000000e+00
  93.5066667    1.0001611731e+00    1.0004924010e+00    7.4650662600e-04    5.7833333333e+01    5.7500000000e+01    6.5000000000e+00    0.0000000000e+00    3.1667001901e-01    6.3197637038e+00    0.0000000000e+00    0.0000000000e+00    0.0000000000e+00    0.0000000000e+00    0.0000000000e+00
  94.0066667    1.0001884307e+00    1.0004878369e+00    1.0905580027e-03    5.8500000000e+01    5.8166666667e+01    5.8333333333e+00    0.0000000000e+00    3.5423691474e-01    5.6446956011e+00    0.0000000000e+00    0.0000000000e+00    0.0000000000e+00    0.0000000000e+00    0.0000000000e+00
  94.5066667    1.0002396230e+00    1.0004831998e+00    1.0855735856e-03    5.8500000000e+01    5.8500000000e+01    5.5000000000e+00    0.0000000000e+00    4.0013434303e-01    4.9995874462e+00    0.0000000000e+00    0.0000000000e+00    0.0000000000e+00    0.0000000000e+00    0.0000000000e+00
  95.0066667    1.0002627358e+00    1.0004789034e+00    6.6728960160e-04    5.5833333333e+01    6.0500000000e+01    3.5000000000e+00    0.0000000000e+00    6.6735218206e-01    2.9853657761e+00    0.0000000000e+00    0.0000000000e+00    0.0000000000e+00    0.0000000000e+00    0.0000000000e+00
  95.5066667    1.0002545449e+00    1.0004768003e+00    4.4991242327e-04    3.2166666667e+01    7.5000000000e+00    6.8333333333e+00    0.0000000000e+00    2.6140321350e-01    7.6584256744e+00    0.0000000000e+00    0.0000000000e+00    0.0000000000e+00    0.0000000000e+00    0.0000000000e+00
  96.0066667    1.0002162028e+00    1.0004770061e+00    4.6269248416e-04    3.2166666667e+01    6.8333333333e+00    6.8333333333e+00    0.0000000000e+00    2.8719218137e-01    6.9740885294e+00    0.0000000000e+00    0.0000000000e+00    0.0000000000e+00    0.0000000000e+00    0.0000000000e+00
  96.5066667    1.0002079193e+00    1.0004786610e+00    5.9468098545e-04    3.2166666667e+01    6.5000000000e+00    6.5000000000e+00    0.0000000000e+00    3.1824406900e-01    6.2936232368e+00    0.0000000000e+00    0.0000000000e+00    0.0000000000e+00    0.0000000000e+00    0.0000000000e+00
  97.0066667    1.0002246472e+00    1.0004822021e+00    3.8150105082e-04    3.2833333333e+01    6.1666666667e+00    6.1666666667e+00    0.0000000000e+00    3.1791733030e-01    6.2952106296e+00    0.0000000000e+00    0.0000000000e+00    0.0000000000e+00    0.0000000000e+00    0.0000000000e+00
  97.5066667    1.0002373786e+00    1.0004876406e+00    1.9621868455e-04    6.1666666667e+00    5.8333333333e+00    3.1833333333e+01    0.0000000000e+00    3.1832087397e-01    6.2933192631e+00    0.0000000000e+00    0.0000000000e+00    0.0000000000e+00    0.0000000000e+00    0.0000000000e+00
  98.0066667    1.0002377674e+00    1.0004932795e+00    2.0783013859e-04    4.6500000000e+01    7.1666666667e+00    7.1666666667e+00    0.0000000000e+00    2.6222398636e-01    7.6274875826e+00    0.0000000000e+00    0.0000000000e+00    0.0000000000e+00    0.0000000000e+00    0.0000000000e+00
  98.5066667    1.0002346488e+00    1.0004972225e+00    2.2763800344e-04    4.6500000000e+01    6.5000000000e+00    6.5000000000e+00    0.0000000000e+00    3.1713691981e-01    6.3113442402e+00    0.0000000000e+00    0.0000000000e+00    0.0000000000e+00    0.0000000000e+00    0.0000000000e+00
  99.0066667    1.0002317682e+00    1.0004992261e+00    3.1447304182e-04    4.7500000000e+01    5.8333333333e+00    5.8333333333e+00    0.0000000000e+00    3.5406301126e-01    5.6462187310e+00    0.0000000000e+00    0.0000000000e+00    0.0000000000e+00    0.0000000000e+00    0.0000000000e+00
  99.5066667    1.0002410613e+00    1.0005005565e+00    5.9711567126e-04    4.7166666667e+01    5.5000000000e+00    5.5000000000e+00    0.0000000000e+00    3.5359463831e-01    5.6606622752e+00    0.0000000000e+00    0.0000000000e+00    0.0000000000e+00    0.0000000000e+00    0.0000000000e+00
 100.0066667    1.0002663517e+00    1.0005025357e+00    8.8229303133e-04    4.6833333333e+01    5.1666666667e+00    4.8333333333e+00    0.0000000000e+00    4.0113817878e-01    4.9835386213e+00    0.0000000000e+00    0.0000000000e+00    0.0000000000e+00    0.0000000000e+00    0.0000000000e+00
 100.5066667    1.0002231023e+00    1.0005053395e+00    9.1020293586e-04    7.5000000000e+00    7.1666666667e+00    7.1666666667e+00    0.0000000000e+00    2.8728339213e-01    6.9701658905e+00    0.0000000000e+00    0.0000000000e+00    0.0000000000e+00    0.0000000000e+00    0.0000000000e+00
 101.0066667    1.0001811174e+00    1.0005079008e+00    6.7644245368e-04    7.8333333333e+00    6.8333333333e+00    6.8333333333e+00    0.0000000000e+00    2.8660105279e-01    6.9840329331e+00    0.0000000000e+00    0.0000000000e+00    0.0000000000e+00    0.0000000000e+00    0.0000000000e+00
 101.5066667    1.0001637750e+00    1.0005088646e+00    3.1903384765e-04    7.1666666667e+00    6.8333333333e+00    6.8333333333e+00    0.0000000000e+00    2.8750017358e-01    6.9640718557e+00    0.0000000000e+00    0.0000000000e+00    0.0000000000e+00    0.0000000000e+00    0.0000000000e+00
 102.0066667    1.0001531512e+00    1.0005049634e+00    2.7939442440e-04    6.5000000000e+00    6.5000000000e+00    6.5000000000e+00    0.0000000000e+00    3.1734622723e-01    6.3075516909e+00    0.0000000000e+00    0.0000000000e+00    0.0000000000e+00    0.0000000000e+00    0.0000000000e+00
 102.5066667    1.0001578185e+00    1.0004998225e+00    6.5740851445e-04    5.7500000000e+01    5.7500000000e+01    6.1666666667e+00    0.0000000000e+00    3.1667063295e-01    6.3197637038e+00    0.0000000000e+00    0.0000000000e+00    0.0000000000e+00    0.0000000000e+00    0.0000000000e+00
 103.0066667    1.0001792235e+00    1.0004953442e+00    8.3699431076e-04    5.7500000000e+01    5.8166666667e+01    5.8333333333e+00    0.0000000000e+00    3.5378098664e-01    5.6496402797e+00    0.0000000000e+00    0.0000000000e+00    0.0000000000e+00    0.0000000000e+00    0.0000000000e+00
 103.5066667    1.0002155830e+00    1.0004907261e+00    6.9213488373e-04    5.7833333333e+01    5.8500000000e+01    5.5000000000e+00    0.0000000000e+00    4.0063856251e-01    4.9806680791e+00    0.0000000000e+00    0.0000000000e+00    0.0000000000e+00    0.0000000000e+00    0.0000000000e+00
 104.0066667    1.0002489328e+00    1.0004864222e+00    5.5051327815e-04    5.5500000000e+01    6.0500000000e+01    3.5000000000e+00    0.0000000000e+00    6.6736147985e-01    2.9995313936e+00    0.0000000000e+00    0.0000000000e+00    0.0000000000e+00    0.0000000000e+00    0.0000000000e+00
 104.5066667    1.0002692251e+00    1.0004849246e+00    4.9459889682e-04    3.1666666667e+00    5.5500000000e+01    3.1666666667e+00    0.0000000000e+00    6.6966918018e-01    2.9916197360e+00    0.0000000000e+00    0.0000000000e+00    0.0000000000e+00    0.0000000000e+00    0.0000000000e+00
 105.0066667    1.0002742767e+00    1.0004865218e+00    4.2648903555e-04    5.6500000000e+01    6.3166666667e+01    4.8333333333e+00    0.0000000000e+00                 nan    0.0000000000e+00    0.0000000000e+00    0.0000000000e+00    0.0000000000e+00    0.0000000000e+00    0.0000000000e+00
 105.5066667    1.0002714705e+00    1.0004892879e+00    3.4664140756e-04    6.0166666667e+01    6.0833333333e+01    3.1666666667e+00    0.0000000000e+00    6.6963995230e-01    2.9900203041e+00    0.0000000000e+00    0.0000000000e+00    0.0000000000e+00    0.0000000000e+00    0.0000000000e+00
 106.0066667    1.0002688614e+00    1.0004918905e+00    2.7707687889e-04    5.7166666667e+01    6.3833333333e+01    4.5000000000e+00    0.0000000000e+00                 nan    0.0000000000e+00    0.0000000000e+00    0.0000000000e+00    0.0000000000e+00    0.0000000000e+00    0.0000000000e+00
 106.5066667    1.0002678597e+00    1.0004944229e+00    4.4191954372e-04    5.7833333333e+01    6.3833333333e+01    3.8333333333e+00    0.0000000000e+00                 nan    0.0000000000e+00    0.0000000000e+00    0.0000000000e+00    0.0000000000e+00    0.0000000000e+00    0.0000000000e+00
 107.0066667    1.0002683345e+00    1.0004974168e+00    4.2657073599e-04    5.8833333333e+01    6.3833333333e+01    3.5000000000e+00    0.0000000000e+00                 nan    0.0000000000e+00    0.0000000000e+00    0.0000000000e+00    0.0000000000e+00    0.0000000000e+00    0.0000000000e+00
 107.5066667    1.0002686422e+00    1.0005008115e+00    1.6250896191e-04    6.0166666667e+01    6.0500000000e+01    1.6666666667e-01    0.0000000000e+00                 nan    0.0000000000e+00    0.0000000000e+00    0.0000000000e+00    0.0000000000e+00    0.0000000000e+00    0.0000000000e+00
 108.0066667    1.0002693896e+00    1.0005041647e+00    3.6770233898e-04    6.0833333333e+01    6.0833333333e+01    1.6666666667e-01    0.0000000000e+00                 nan    0.0000000000e+00    0.0000000000e+00    0.0000000000e+00    0.0000000000e+00    0.0000000000e+00    0.0000000000e+00
 108.5066667    1.0002705240e+00    1.0005074322e+00    7.4002871302e-04    6.1500000000e+01    6.1500000000e+01    1.6666666667e-01    0.0000000000e+00                 nan    0.0000000000e+00    0.0000000000e+00    0.0000000000e+00    0.0000000000e+00    0.0000000000e+00    0.0000000000e+00
 109.0066667    1.0002701735e+00    1.0005108868e+00    8.7103886371e-04    6.0166666667e+01    6.3833333333e+01    1.6666666667e-01    0.0000000000e+00                 nan    0.0000000000e+00    0.0000000000e+00    0.0000000000e+00    0.0000000000e+00    0.0000000000e+00    0.0000000000e+00
 109.5066667    1.0002347295e+00    1.0005142938e+00    7.5603966228e-04    8.1666666667e+00    8.8333333333e+00    8.8333333333e+00    0.0000000000e+00    2.4020186597e-01    8.3279439194e+00    0.0000000000e+00    0.0000000000e+00    0.0000000000e+00    0.0000000000e+00    0.0000000000e+00
 110.0066667    1.0001893616e+00    1.0005167947e+00    4.7054131037e-04    7.8333333333e+00    7.8333333333e+00    7.8333333333e+00    0.0000000000e+00    2.6131232004e-01    7.6627430419e+00    0.0000000000e+00    0.0000000000e+00    0.0000000000e+00    0.0000000000e+00    0.0000000000e+00
 110.5066667    1.0001519038e+00    1.0005177465e+00    2.9953025815e-04    7.5000000000e+00    7.8333333333e+00    7.1666666667e+00    0.0000000000e+00    2.6143835397e-01    7.6558712192e+00    0.0000000000e+00    0.0000000000e+00    0.0000000000e+00    0.0000000000e+00    0.0000000000e+00
 111.0066667    1.0001263334e+00    1.0005171046e+00    2.9393800929e-04    6.5000000000e+00    7.8333333333e+00    7.8333333333e+00    0.0000000000e+00    2.8731492346e-01    6.9569143454e+00    0.0000000000e+00    0.0000000000e+00    0.0000000000e+00    0.0000000000e+00    0.0000000000e+00
 111.5066667    1.0001103659e+00    1.0005143515e+00    3.9095500235e-04    6.1666666667e+00    7.5000000000e+00    7.5000000000e+00    0.0000000000e+00    2.8612221228e-01    6.9978724967e+00    0.0000000000e+00    0.0000000000e+00    0.0000000000e+00    0.0000000000e+00    0.0000000000e+00
 112.0066667    1.0001046884e+00    1.0005099265e+00    3.3548203978e-04    5.8333333333e+00    7.1666666667e+00    7.1666666667e+00    0.0000000000e+00    3.1625023133e-01    6.3257244693e+00    0.0000000000e+00    0.0000000000e+00    0.0000000000e+00    0.0000000000e+00    0.0000000000e+00
 112.5066667    1.0001171568e+00    1.0005052867e+00    2.6374635914e-04    5.8333333333e+00    7.1666666667e+00    7.1666666667e+00    0.0000000000e+00    3.1625380260e-01    6.3257244693e+00    0.0000000000e+00    0.0000000000e+00    0.0000000000e+00    0.0000000000e+00    0.0000000000e+00
 113.0066667    1.0001505438e+00    1.0005007994e+00    2.7027844238e-04    5.8333333333e+00    6.8333333333e+00    6.8333333333e+00    0.0000000000e+00    3.1715200185e-01    6.3077636613e+00    0.0000000000e+00    0.0000000000e+00    0.0000000000e+00    0.0000000000e+00    0.0000000000e+00
 113.5066667    1.0001956358e+00    1.0004981369e+00    2.7409083019e-04    4.1666666667e+00    5.7500000000e+01    6.1666666667e+00    0.0000000000e+00    4.6247221976e-01    4.3254193770e+00    0.0000000000e+00    0.0000000000e+00    0.0000000000e+00    0.0000000000e+00    0.0000000000e+00
 114.0066667    1.0002266693e+00    1.0004970087e+00    2.4751386620e-04    3.5000000000e+00    5.8500000000e+01    5.5000000000e+00    0.0000000000e+00    5.4751259015e-01    3.6604529523e+00    0.0000000000e+00    0.0000000000e+00    0.0000000000e+00    0.0000000000e+00    0.0000000000e+00
 114.5066667    1.0002380391e+00    1.0004958779e+00    3.1716341527e-04    6.0166666667e+01    6.0166666667e+01    3.8333333333e+00    0.0000000000e+00    5.4863956220e-01    3.6507291703e+00    0.0000000000e+00    0.0000000000e+00    0.0000000000e+00    0.0000000000e+00    0.0000000000e+00
 115.0066667    1.0002458187e+00    1.0004941499e+00    6.5807594867e-04    8.3333333333e-01    5.7833333333e+01    5.8333333333e+00    0.0000000000e+00                 nan    0.0000000000e+00    0.0000000000e+00    0.0000000000e+00    0.0000000000e+00    0.0000000000e+00    0.0000000000e+00
 115.5066667    1.0002437600e+00    1.0004928584e+00    8.0408037671e-04    5.0000000000e-01    5.8166666667e+01    5.8333333333e+00    0.0000000000e+00                 nan    0.0000000000e+00    0.0000000000e+00    0.0000000000e+00    0.0000000000e+00    0.0000000000e+00    0.0000000000e+00
 116.0066667    1.0002413412e+00    1.0004933074e+00    5.9914625080e-04    1.6666666667e-01    5.8166666667e+01    5.5000000000e+00    0.0000000000e+00                 nan    0.0000000000e+00    0.0000000000e+00    0.0000000000e+00    0.0000000000e+00    0.0000000000e+00    0.0000000000e+00
 116.5066667    1.0002301933e+00    1.0004958958e+00    2.5647905003e-04    7.5000000000e+00    7.1666666667e+00    3.1833333333e+01    0.0000000000e+00    2.6211337240e-01    7.6389866439e+00    0.0000000000e+00    0.0000000000e+00    0.0000000000e+00    0.0000000000e+00    0.0000000000e+00
 117.0066667    1.0002140734e+00    1.0005003619e+00    4.2783239224e-04    7.1666666667e+00    6.8333333333e+00    3.1833333333e+01    0.0000000000e+00    2.8744142326e-01    6.9565639281e+00    0.0000000000e+00    0.0000000000e+00    0.0000000000e+00    0.0000000000e+00    0.0000000000e+00
 117.5066667    1.0002239279e+00    1.0005061776e+00    7.4168747270e-04    7.1666666667e+00    6.5000000000e+00    3.2166666667e+01    0.0000000000e+00    2.8719503533e-01    6.9741908829e+00    0.0000000000e+00    0.0000000000e+00    0.0000000000e+00    0.0000000000e+00    0.0000000000e+00
 118.0066667    1.0002564596e+00    1.0005124871e+00    7.5175788572e-04    1.6666666667e-01    6.0833333333e+01    2.8333333333e+00    0.0000000000e+00                 nan    0.0000000000e+00    0.0000000000e+00    0.0000000000e+00    0.0000000000e+00    0.0000000000e+00    0.0000000000e+00
 118.5066667    1.0002561712e+00    1.0005183087e+00    5.2066387996e-04    5.1666666667e+00    3.5500000000e+01    4.8333333333e+00    0.0000000000e+00    4.0347469312e-01    4.9640654872e+00    0.0000000000e+00    0.0000000000e+00    0.0000000000e+00    0.0000000000e+00    0.0000000000e+00
 119.0066667    1.0002604929e+00    1.0005229601e+00    3.2505780095e-04    1.6666666667e-01    6.0166666667e+01    1.6666666667e-01    0.0000000000e+00                 nan    0.0000000000e+00    0.0000000000e+00    0.0000000000e+00    0.0000000000e+00    0.0000000000e+00    0.0000000000e+00
 119.5066667    1.0002612251e+00    1.0005262145e+00    3.2218927925e-04    1.6666666667e-01    6.1166666667e+01    1.6666666667e-01    0.0000000000e+00                 nan    0.0000000000e+00    0.0000000000e+00    0.0000000000e+00    0.0000000000e+00    0.0000000000e+00    0.0000000000e+00
 120.0066667    1.0002407563e+00    1.0005281607e+00    3.2578563565e-04    6.5000000000e+00    6.1666666667e+00    6.1666666667e+00    0.0000000000e+00    3.1647234925e-01    6.3319521642e+00    0.0000000000e+00    0.0000000000e+00    0.0000000000e+00    0.0000000000e+00    0.0000000000e+00
 120.5066667    1.0002134909e+00    1.0005289257e+00    3.2365298981e-04    5.5000000000e+00    5.5833333333e+01    5.1666666667e+00    0.0000000000e+00    4.0313193259e-01    4.9671288573e+00    0.0000000000e+00    0.0000000000e+00    0.0000000000e+00    0.0000000000e+00    0.0000000000e+00
 121.0066667    1.0001822728e+00    1.0005285700e+00    2.9036828857e-04    8.1666666667e+00    7.8333333333e+00    7.8333333333e+00    0.0000000000e+00    2.6170501416e-01    7.6476143490e+00    0.0000000000e+00    0.0000000000e+00    0.0000000000e+00    0.0000000000e+00    0.0000000000e+00
 121.5066667    1.0001507534e+00    1.0005272235e+00    4.1540739808e-04    7.8333333333e+00    7.5000000000e+00    7.5000000000e+00    0.0000000000e+00    2.6213398782e-01    7.6407564430e+00    0.0000000000e+00    0.0000000000e+00    0.0000000000e+00    0.0000000000e+00    0.0000000000e+00
 122.0066667    1.0001325821e+00    1.0005251832e+00    4.0656782235e-04    7.8333333333e+00    6.8333333333e+00    6.8333333333e+00    0.0000000000e+00    2.8660937668e-01    6.9840329331e+00    0.0000000000e+00    0.0000000000e+00    0.0000000000e+00    0.0000000000e+00    0.0000000000e+00
 122.5066667    1.0001348193e+00    1.0005228753e+00    2.1303014798e-04    7.5000000000e+00    6.5000000000e+00    6.5000000000e+00    0.0000000000e+00    3.1712746277e-01    6.3132879667e+00    0.0000000000e+00    0.0000000000e+00    0.0000000000e+00    0.0000000000e+00    0.0000000000e+00
 123.0066667    1.0001555627e+00    1.0005206283e+00    1.3740080542e-04    6.8333333333e+00    6.1666666667e+00    6.5000000000e+00    0.0000000000e+00    3.1725115883e-01    6.3076223485e+00    0.0000000000e+00    0.0000000000e+00    0.0000000000e+00    0.0000000000e+00    0.0000000000e+00
 123.5066667    1.0001936441e+00    1.0005184330e+00    5.6012729019e-04    6.1666666667e+00    6.1666666667e+00    6.1666666667e+00    0.0000000000e+00    3.1790538517e-01    6.3021031867e+00    0.0000000000e+00    0.0000000000e+00    0.0000000000e+00    0.0000000000e+00    0.0000000000e+00
 124.0066667    1.0002353538e+00    1.0005162118e+00    8.7898223694e-04    1.6500000000e+01    6.8333333333e+00    1.6500000000e+01    0.0000000000e+00    2.6217748510e-01    7.6269469947e+00    0.0000000000e+00    0.0000000000e+00    0.0000000000e+00    0.0000000000e+00    0.0000000000e+00
 124.5066667    1.0002083701e+00    1.0005143299e+00    8.8965330171e-04    6.1666666667e+00    1.6166666667e+01    1.6166666667e+01    0.0000000000e+00    2.6204610607e-01    7.6379391656e+00    0.0000000000e+00    0.0000000000e+00    0.0000000000e+00    0.0000000000e+00    0.0000000000e+00
 125.0066667    1.0001926989e+00    1.0005135673e+00    5.4910941529e-04    5.8333333333e+00    1.5500000000e+01    1.5500000000e+01    0.0000000000e+00    3.1629847643e-01    6.3285858979e+00    0.0000000000e+00    0.0000000000e+00    0.0000000000e+00    0.0000000000e+00    0.0000000000e+00
 125.5066667    1.0001952528e+00    1.0005146078e+00    3.9539344414e-04    5.8333333333e+00    1.4833333333e+01    1.4833333333e+01    0.0000000000e+00    3.1629392524e-01    6.3324237245e+00    0.0000000000e+00    0.0000000000e+00    0.0000000000e+00    0.0000000000e+00    0.0000000000e+00
 126.0066667    1.0001825085e+00    1.0005175951e+00    4.3974625595e-04    1.0500000000e+01    1.1500000000e+01    1.1500000000e+01    0.0000000000e+00    1.8287588789e-01    1.0941850674e+01    0.0000000000e+00    0.0000000000e+00    0.0000000000e+00    0.0000000000e+00    0.0000000000e+00
 126.5066667    1.0001527791e+00    1.0005219936e+00    5.7329741725e-04    1.1166666667e+01    1.0833333333e+01    1.0833333333e+01    0.0000000000e+00    1.8224965275e-01    1.0987484018e+01    0.0000000000e+00    0.0000000000e+00    0.0000000000e+00    0.0000000000e+00    0.0000000000e+00
 127.0066667    1.0001512431e+00    1.0005267406e+00    4.1458212832e-04    1.1166666667e+01    1.0833333333e+01    1.0500000000e+01    0.0000000000e+00    1.8304304929e-01    1.0931377550e+01    0.0000000000e+00    0.0000000000e+00    0.0000000000e+00    0.0000000000e+00    0.0000000000e+00
 127.5066667    1.0001735988e+00    1.0005306795e+00    1.9194643485e-04    7.8333333333e+00    1.1500000000e+01    1.1833333333e+01    0.0000000000e+00    2.2328314374e-01    8.9591980084e+00    0.0000000000e+00    0.0000000000e+00    0.0000000000e+00    0.0000000000e+00    0.0000000000e+00
 128.0066667    1.0001913142e+00    1.0005332188e+00    1.6982857139e-04    7.1666666667e+00    1.0500000000e+01    1.2166666667e+01    0.0000000000e+00    2.4090183917e-01    8.3063980258e+00    0.0000000000e+00    0.0000000000e+00    0.0000000000e+00    0.0000000000e+00    0.0000000000e+00
 128.5066667    1.0001863204e+00    1.0005347385e+00    2.2403881347e-04    4.8333333333e+00    4.5000000000e+00    3.2166666667e+01    0.0000000000e+00    4.6248485245e-01    4.3268120798e+00    0.0000000000e+00    0.0000000000e+00    0.0000000000e+00    0.0000000000e+00    0.0000000000e+00
 129.0066667    1.0001597473e+00    1.0005361395e+00    2.8120478119e-04    7.1666666667e+00    9.1666666667e+00    9.1666666667e+00    0.0000000000e+00    2.4126525191e-01    8.2881628531e+00    0.0000000000e+00    0.0000000000e+00    0.0000000000e+00    0.0000000000e+00    0.0000000000e+00
 129.5066667    1.0001191812e+00    1.0005379242e+00    3.7250361469e-04    7.8333333333e+00    8.1666666667e+00    8.5000000000e+00    0.0000000000e+00    2.4164427927e-01    8.2797362190e+00    0.0000000000e+00    0.0000000000e+00    0.0000000000e+00    0.0000000000e+00    0.0000000000e+00
 130.0066667    1.0000862697e+00    1.0005398548e+00    6.0692770677e-04    7.8333333333e+00    7.8333333333e+00    8.1666666667e+00    0.0000000000e+00    2.6171124038e-01    7.6476143490e+00    0.0000000000e+00    0.0000000000e+00    0.0000000000e+00    0.0000000000e+00    0.0000000000e+00
 130.5066667    1.0000709460e+00    1.0005413250e+00    6.6108449370e-04    7.1666666667e+00    7.5000000000e+00    7.8333333333e+00    0.0000000000e+00    2.6145010301e-01    7.6558712192e+00    0.0000000000e+00    0.0000000000e+00    0.0000000000e+00    0.0000000000e+00    0.0000000000e+00
 131.0066667    1.0000564730e+00    1.0005417876e+00    4.9645568079e-04    6.5000000000e+00    7.1666666667e+00    7.1666666667e+00    0.0000000000e+00    2.8750417033e-01    6.9641510872e+00    0.0000000000e+00    0.0000000000e+00    0.0000000000e+00    0.0000000000e+00    0.0000000000e+00
 131.5066667    1.0000510556e+00    1.0005409916e+00    2.6185273575e-04    5.8333333333e+00    6.8333333333e+00    6.8333333333e+00    0.0000000000e+00    3.1715026775e-01    6.3077636613e+00    0.0000000000e+00    0.0000000000e+00    0.0000000000e+00    0.0000000000e+00    0.0000000000e+00
 132.0066667    1.0000627744e+00    1.0005390760e+00    2.3248072270e-04    5.5000000000e+00    6.5000000000e+00    6.5000000000e+00    0.0000000000e+00    3.1786093206e-01    6.3023125398e+00    0.0000000000e+00    0.0000000000e+00    0.0000000000e+00    0.0000000000e+00    0.0000000000e+00
 132.5066667    1.0000900346e+00    1.0005364554e+00    5.4532685546e-04    5.5000000000e+00    5.8333333333e+00    6.1666666667e+00    0.0000000000e+00    3.5536603673e-01    5.6339747440e+00    0.0000000000e+00    0.0000000000e+00    0.0000000000e+00    0.0000000000e+00    0.0000000000e+00
 133.0066667    1.0001394315e+00    1.0005336636e+00    6.7282908385e-04    4.8333333333e+00    5.8333333333e+00    5.8333333333e+00    0.0000000000e+00    4.0036317449e-01    4.9997497665e+00    0.0000000000e+00    0.0000000000e+00    0.0000000000e+00    0.0000000000e+00    0.0000000000e+00
 133.5066667    1.0001595137e+00    1.0005313663e+00    5.6651482987e-04    2.8333333333e+00    5.5500000000e+01    3.8333333333e+00    0.0000000000e+00    6.6844596285e-01    2.9859059743e+00    0.0000000000e+00    0.0000000000e+00    0.0000000000e+00    0.0000000000e+00    0.0000000000e+00
 134.0066667    1.0001624079e+00    1.0005302811e+00    3.9787349918e-04    3.1666666667e+00    5.5500000000e+01    2.8333333333e+00    0.0000000000e+00    8.5643207814e-01    2.3313247701e+00    0.0000000000e+00    0.0000000000e+00    0.0000000000e+00    0.0000000000e+00    0.0000000000e+00
 134.5066667    1.0001754972e+00    1.0005308441e+00    3.5056289064e-04    5.0000000000e-01    6.1666666667e+00    6.1666666667e+00    0.0000000000e+00                 nan    0.0000000000e+00    0.0000000000e+00    0.0000000000e+00    0.0000000000e+00    0.0000000000e+00    0.0000000000e+00
 135.0066667    1.0001737335e+00    1.0005330594e+00    3.1531092169e-04    1.6666666667e-01    5.8333333333e+00    5.8333333333e+00    0.0000000000e+00                 nan    0.0000000000e+00    0.0000000000e+00    0.0000000000e+00    0.0000000000e+00    0.0000000000e+00    0.0000000000e+00
 135.5066667    1.0001726128e+00    1.0005367037e+00    2.7528595093e-04    1.6666666667e-01    5.1666666667e+00    5.5000000000e+00    0.0000000000e+00                 nan    0.0000000000e+00    0.0000000000e+00    0.0000000000e+00    0.0000000000e+00    0.0000000000e+00    0.0000000000e+00
 136.0066667    1.0001741723e+00    1.0005413791e+00    2.0945301993e-04    1.6666666667e-01    5.7500000000e+01    3.5000000000e+00    0.0000000000e+00                 nan    0.0000000000e+00    0.0000000000e+00    0.0000000000e+00    0.0000000000e+00    0.0000000000e+00    0.0000000000e+00
 136.5066667    1.0001772056e+00    1.0005463185e+00    3.5200238207e-04    1.6666666667e-01    5.7166666667e+01    2.5000000000e+00    0.0000000000e+00                 nan    0.0000000000e+00    0.0000000000e+00    0.0000000000e+00    0.0000000000e+00    0.0000000000e+00    0.0000000000e+00
 137.0066667    1.0001806521e+00    1.0005506008e+00    4.2871813295e-04    1.6666666667e-01    5.7166666667e+01    1.5000000000e+00    0.0000000000e+00                 nan    0.0000000000e+00    0.0000000000e+00    0.0000000000e+00    0.0000000000e+00    0.0000000000e+00    0.0000000000e+00
 137.5066667    1.0001808161e+00    1.0005538558e+00    2.0969160902e-04    1.6666666667e-01    5.6833333333e+01    1.6666666667e-01    0.0000000000e+00                 nan    0.0000000000e+00    0.0000000000e+00    0.0000000000e+00    0.0000000000e+00    0.0000000000e+00    0.0000000000e+00
 138.0066667    1.0001821555e+00    1.0005565588e+00    2.0291230846e-04    1.6666666667e-01    5.7833333333e+01    1.6666666667e-01    0.0000000000e+00                 nan    0.0000000000e+00    0.0000000000e+00    0.0000000000e+00    0.0000000000e+00    0.0000000000e+00    0.0000000000e+00
 138.5066667    1.0001542603e+00    1.0005593899e+00    5.9203090168e-04    8.1666666667e+00    8.5000000000e+00    8.5000000000e+00    0.0000000000e+00    2.4098263222e-01    8.3035908987e+00    0.0000000000e+00    0.0000000000e+00    0.0000000000e+00    0.0000000000e+00    0.0000000000e+00
 139.0066667    1.0001224556e+00    1.0005623150e+00    7.8777713265e-04    7.8333333333e+00    8.1666666667e+00    8.1666666667e+00    0.0000000000e+00    2.6211644879e-01    7.6324556687e+00    0.0000000000e+00    0.0000000000e+00    0.0000000000e+00    0.0000000000e+00    0.0000000000e+00
 139.5066667    1.0000884776e+00    1.0005644183e+00    7.2904564593e-04    7.1666666667e+00    7.5000000000e+00    7.5000000000e+00    0.0000000000e+00    2.8730573179e-01    6.9565123893e+00    0.0000000000e+00    0.0000000000e+00    0.0000000000e+00    0.0000000000e+00    0.0000000000e+00
 140.0066667    1.0000469300e+00    1.0005647104e+00    4.5630190251e-04    6.8333333333e+00    6.8333333333e+00    6.8333333333e+00    0.0000000000e+00    3.1690501239e-01    6.3130733294e+00    0.0000000000e+00    0.0000000000e+00    0.0000000000e+00    0.0000000000e+00    0.0000000000e+00
 140.5066667    1.0000193009e+00    1.0005629843e+00    2.9064316102e-04    7.1666666667e+00    6.5000000000e+00    6.5000000000e+00    0.0000000000e+00    3.1634221452e-01    6.3254388473e+00    0.0000000000e+00    0.0000000000e+00    0.0000000000e+00    0.0000000000e+00    0.0000000000e+00
 141.0066667    1.0000156211e+00    1.0005597458e+00    2.7584880728e-04    7.5000000000e+00    6.5000000000e+00    6.5000000000e+00    0.0000000000e+00    3.1713242048e-01    6.3132879667e+00    0.0000000000e+00    0.0000000000e+00    0.0000000000e+00    0.0000000000e+00    0.0000000000e+00
 141.5066667    1.0000365766e+00    1.0005555916e+00    3.9186491152e-04    7.5000000000e+00    6.5000000000e+00    6.5000000000e+00    0.0000000000e+00    3.1713552266e-01    6.3132879667e+00    0.0000000000e+00    0.0000000000e+00    0.0000000000e+00    0.0000000000e+00    0.0000000000e+00
 142.0066667    1.0000766816e+00    1.0005510883e+00    3.4795292563e-04    6.5000000000e+00    6.5000000000e+00    6.5000000000e+00    0.0000000000e+00    3.1735869838e-01    6.3075516909e+00    0.0000000000e+00    0.0000000000e+00    0.0000000000e+00    0.0000000000e+00    0.0000000000e+00
 142.5066667    1.0001071028e+00    1.0005470436e+00    3.1120166998e-04    4.1666666667e+00    5.5166666667e+01    3.8333333333e+00    0.0000000000e+00    5.4745955261e-01    3.6621954683e+00    0.0000000000e+00    0.0000000000e+00    0.0000000000e+00    0.0000000000e+00    0.0000000000e+00
 143.0066667    1.0001276438e+00    1.0005442656e+00    3.1167291544e-04    3.8333333333e+00    5.5500000000e+01    3.5000000000e+00    0.0000000000e+00    6.6738100275e-01    2.9937258177e+00    0.0000000000e+00    0.0000000000e+00    0.0000000000e+00    0.0000000000e+00    0.0000000000e+00
 143.5066667    1.0001593898e+00    1.0005429818e+00    3.1043305843e-04    4.5000000000e+00    5.5500000000e+01    1.1666666667e+00    0.0000000000e+00                 nan    0.0000000000e+00    0.0000000000e+00    0.0000000000e+00    0.0000000000e+00    0.0000000000e+00    0.0000000000e+00
 144.0066667    1.0001573137e+00    1.0005429258e+00    2.8396333467e-04    4.1666666667e+00    5.5833333333e+01    8.3333333333e-01    0.0000000000e+00                 nan    0.0000000000e+00    0.0000000000e+00    0.0000000000e+00    0.0000000000e+00    0.0000000000e+00    0.0000000000e+00
 144.5066667    1.0001564079e+00    1.0005440004e+00    2.3794212810e-04    3.8333333333e+00    5.5833333333e+01    5.0000000000e-01    0.0000000000e+00                 nan    0.0000000000e+00    0.0000000000e+00    0.0000000000e+00    0.0000000000e+00    0.0000000000e+00    0.0000000000e+00
 145.0066667    1.0001548351e+00    1.0005463666e+00    4.8193753130e-04    3.8333333333e+00    5.6500000000e+01    1.6666666667e-01    0.0000000000e+00                 nan    0.0000000000e+00    0.0000000000e+00    0.0000000000e+00    0.0000000000e+00    0.0000000000e+00    0.0000000000e+00
 145.5066667    1.0001550203e+00    1.0005498132e+00    6.5628785901e-04    3.1666666667e+00    5.6833333333e+01    1.6666666667e-01    0.0000000000e+00                 nan    0.0000000000e+00    0.0000000000e+00    0.0000000000e+00    0.0000000000e+00    0.0000000000e+00    0.0000000000e+00
 146.0066667    1.0001540775e+00    1.0005535503e+00    5.2801708361e-04    3.2166666667e+01    5.1666666667e+00    5.1666666667e+00    0.0000000000e+00    4.0062785774e-01    4.9927809742e+00    0.0000000000e+00    0.0000000000e+00    0.0000000000e+00    0.0000000000e+00    0.0000000000e+00
 146.5066667    1.0001533300e+00    1.0005568378e+00    1.3796665631e-04    3.2166666667e+01    4.8333333333e+00    4.8333333333e+00    0.0000000000e+00    4.6283498353e-01    4.3162024209e+00    0.0000000000e+00    0.0000000000e+00    0.0000000000e+00    0.0000000000e+00    0.0000000000e+00
 147.0066667    1.0001583150e+00    1.0005595987e+00    3.9972891409e-04    3.2166666667e+01    4.1666666667e+00    4.1666666667e+00    0.0000000000e+00    4.6293988310e-01    4.3265557354e+00    0.0000000000e+00    0.0000000000e+00    0.0000000000e+00    0.0000000000e+00    0.0000000000e+00
 147.5066667    1.0001642696e+00    1.0005623203e+00    7.3724076416e-04    1.6666666667e-01    5.8166666667e+01    1.6666666667e-01    0.0000000000e+00                 nan    0.0000000000e+00    0.0000000000e+00    0.0000000000e+00    0.0000000000e+00    0.0000000000e+00    0.0000000000e+00
 148.0066667    1.0001603095e+00    1.0005653400e+00    7.8467559295e-04    4.5000000000e+00    4.3833333333e+01    4.5000000000e+00    0.0000000000e+00    4.6350997199e-01    4.3126426461e+00    0.0000000000e+00    0.0000000000e+00    0.0000000000e+00    0.0000000000e+00    0.0000000000e+00
 148.5066667    1.0001466335e+00    1.0005682666e+00    5.7530840448e-04    4.8333333333e+00    4.3833333333e+01    4.8333333333e+00    0.0000000000e+00    4.6209061265e-01    4.3238873895e+00    0.0000000000e+00    0.0000000000e+00    0.0000000000e+00    0.0000000000e+00    0.0000000000e+00
 149.0066667    1.0001417635e+00    1.0005703354e+00    3.0452812607e-04    5.1666666667e+00    8.1666666667e+00    8.1666666667e+00    0.0000000000e+00    3.5363304943e-01    5.6552965085e+00    0.0000000000e+00    0.0000000000e+00    0.0000000000e+00    0.0000000000e+00    0.0000000000e+00
 149.5066667    1.0000960539e+00    1.0005711933e+00    2.7385410231e-04    5.8333333333e+00    7.5000000000e+00    7.5000000000e+00    0.0000000000e+00    3.1775352876e-01    6.3014003793e+00    0.0000000000e+00    0.0000000000e+00    0.0000000000e+00    0.0000000000e+00    0.0000000000e+00
 150.0066667    1.0000613102e+00    1.0005708859e+00    2.9403879832e-04    6.5000000000e+00    7.5000000000e+00    7.5000000000e+00    0.0000000000e+00    2.8650875149e-01    6.9840329331e+00    0.0000000000e+00    0.0000000000e+00    0.0000000000e+00    0.0000000000e+00    0.0000000000e+00
 150.5066667    1.0000427313e+00    1.0005693911e+00    2.9015628338e-04    6.8333333333e+00    7.5000000000e+00    7.5000000000e+00    0.0000000000e+00    2.8721839143e-01    6.9702461261e+00    0.0000000000e+00    0.0000000000e+00    0.0000000000e+00    0.0000000000e+00    0.0000000000e+00
 151.0066667    1.0000457038e+00    1.0005668080e+00    2.5367731210e-04    7.5000000000e+00    7.5000000000e+00    7.8333333333e+00    0.0000000000e+00    2.6213967201e-01    7.6407564430e+00    0.0000000000e+00    0.0000000000e+00    0.0000000000e+00    0.0000000000e+00    0.0000000000e+00
 151.5066667    1.0000704216e+00    1.0005637197e+00    2.8481504514e-04    7.5000000000e+00    7.5000000000e+00    7.5000000000e+00    0.0000000000e+00    2.6145576671e-01    7.6557823960e+00    0.0000000000e+00    0.0000000000e+00    0.0000000000e+00    0.0000000000e+00    0.0000000000e+00
 152.0066667    1.0000898742e+00    1.0005608936e+00    3.2816241765e-04    7.5000000000e+00    5.8333333333e+00    5.8333333333e+00    0.0000000000e+00    3.5378996332e-01    5.6550301819e+00    0.0000000000e+00    0.0000000000e+00    0.0000000000e+00    0.0000000000e+00    0.0000000000e+00
 152.5066667    1.0001062997e+00    1.0005588191e+00    1.9535392585e-04    5.5000000000e+00    5.5000000000e+00    5.5000000000e+00    0.0000000000e+00    4.0014354674e-01    4.9995874462e+00    0.0000000000e+00    0.0000000000e+00    0.0000000000e+00    0.0000000000e+00    0.0000000000e+00
 153.0066667    1.0001190559e+00    1.0005575304e+00    1.1148071639e-04    5.1666666667e+00    4.8333333333e+00    4.8333333333e+00    0.0000000000e+00    4.0140451906e-01    4.9815382198e+00    0.0000000000e+00    0.0000000000e+00    0.0000000000e+00    0.0000000000e+00    0.0000000000e+00
 153.5066667    1.0001373349e+00    1.0005565875e+00    4.3696645820e-04    4.5000000000e+00    3.8333333333e+00    4.1666666667e+00    0.0000000000e+00    5.4744424462e-01    3.6538137822e+00    0.0000000000e+00    0.0000000000e+00    0.0000000000e+00    0.0000000000e+00    0.0000000000e+00
 154.0066667    1.0001477619e+00    1.0005555233e+00    7.2101800587e-04    2.1666666667e+00    4.5000000000e+00    4.8333333333e+00    0.0000000000e+00    1.1950384664e+00    1.6597448969e+00    0.0000000000e+00    0.0000000000e+00    0.0000000000e+00    0.0000000000e+00    0.0000000000e+00
 154.5066667    1.0001513177e+00    1.0005545897e+00    7.8864010608e-04    1.1666666667e+00    4.8333333333e+00    4.8333333333e+00    0.0000000000e+00                 nan    0.0000000000e+00    0.0000000000e+00    0.0000000000e+00    0.0000000000e+00    0.0000000000e+00    0.0000000000e+00
 155.0066667    1.0001498819e+00    1.0005546621e+00    5.6243792321e-04    5.0000000000e-01    4.8333333333e+00    5.1666666667e+00    0.0000000000e+00                 nan    0.0000000000e+00    0.0000000000e+00    0.0000000000e+00    0.0000000000e+00    0.0000000000e+00    0.0000000000e+00
 155.5066667    1.0001483110e+00    1.0005562452e+00    3.1255458824e-04    1.6666666667e-01    4.8333333333e+00    4.8333333333e+00    0.0000000000e+00                 nan    0.0000000000e+00    0.0000000000e+00    0.0000000000e+00    0.0000000000e+00    0.0000000000e+00    0.0000000000e+00
 156.0066667    1.0001478356e+00    1.0005589698e+00    2.9536890305e-04    1.6666666667e-01    4.1666666667e+00    4.1666666667e+00    0.0000000000e+00                 nan    0.0000000000e+00    0.0000000000e+00    0.0000000000e+00    0.0000000000e+00    0.0000000000e+00    0.0000000000e+00
 156.5066667    1.0001490421e+00    1.0005621175e+00    4.9846794063e-04    1.6666666667e-01    3.5000000000e+00    3.5000000000e+00    0.0000000000e+00                 nan    0.0000000000e+00    0.0000000000e+00    0.0000000000e+00    0.0000000000e+00    0.0000000000e+00    0.0000000000e+00
 157.0066667    1.0001511062e+00    1.0005652966e+00    4.2471603138e-04    1.6666666667e-01    2.8333333333e+00    3.1666666667e+00    0.0000000000e+00                 nan    0.0000000000e+00    0.0000000000e+00    0.0000000000e+00    0.0000000000e+00    0.0000000000e+00    0.0000000000e+00
 157.5066667    1.0001408651e+00    1.0005684784e+00    1.7849744308e-04    6.8333333333e+00    4.3500000000e+01    6.5000000000e+00    0.0000000000e+00    2.8779992908e-01    6.9506779671e+00    0.0000000000e+00    0.0000000000e+00    0.0000000000e+00    0.0000000000e+00    0.0000000000e+00
 158.0066667    1.0001393743e+00    1.0005714904e+00    1.2846956070e-04    4.4500000000e+01    6.1666666667e+00    6.1666666667e+00    0.0000000000e+00    3.1658958031e-01    6.3182393477e+00    0.0000000000e+00    0.0000000000e+00    0.0000000000e+00    0.0000000000e+00    0.0000000000e+00
 158.5066667    1.0001414880e+00    1.0005737258e+00    1.9253554378e-04    4.4833333333e+01    6.1666666667e+00    5.5000000000e+00    0.0000000000e+00    3.5394821889e-01    5.6477072254e+00    0.0000000000e+00    0.0000000000e+00    0.0000000000e+00    0.0000000000e+00    0.0000000000e+00
 159.0066667    1.0001414640e+00    1.0005746281e+00    1.8990424549e-04    4.6166666667e+01    6.1666666667e+00    5.1666666667e+00    0.0000000000e+00    3.5341449722e-01    5.6589594772e+00    0.0000000000e+00    0.0000000000e+00    0.0000000000e+00    0.0000000000e+00    0.0000000000e+00
 159.5066667    1.0001055163e+00    1.0005743595e+00    2.3381801682e-04    8.1666666667e+00    7.8333333333e+00    8.1666666667e+00    0.0000000000e+00    2.6211840901e-01    7.6324556687e+00    0.0000000000e+00    0.0000000000e+00    0.0000000000e+00    0.0000000000e+00    0.0000000000e+00
 160.0066667    1.0000781488e+00    1.0005736301e+00    5.2072884839e-04    8.1666666667e+00    7.8333333333e+00    7.8333333333e+00    0.0000000000e+00    2.6170965785e-01    7.6476143490e+00    0.0000000000e+00    0.0000000000e+00    0.0000000000e+00    0.0000000000e+00    0.0000000000e+00
 160.5066667    1.0000708711e+00    1.0005728988e+00    6.4378578337e-04    7.5000000000e+00    7.5000000000e+00    7.5000000000e+00    0.0000000000e+00    2.6145230944e-01    7.6557823960e+00    0.0000000000e+00    0.0000000000e+00    0.0000000000e+00    0.0000000000e+00    0.0000000000e+00
 161.0066667    1.0000700513e+00    1.0005720642e+00    5.4305279501e-04    7.5000000000e+00    6.5000000000e+00    6.5000000000e+00    0.0000000000e+00    3.1712858761e-01    6.3132879667e+00    0.0000000000e+00    0.0000000000e+00    0.0000000000e+00    0.0000000000e+00    0.0000000000e+00
 161.5066667    1.0000646379e+00    1.0005709153e+00    2.6494030087e-04    6.5000000000e+00    6.1666666667e+00    6.1666666667e+00    0.0000000000e+00    3.1649739849e-01    6.3319521642e+00    0.0000000000e+00    0.0000000000e+00    0.0000000000e+00    0.0000000000e+00    0.0000000000e+00
 162.0066667    1.0000742866e+00    1.0005695214e+00    1.7846421132e-04    6.5000000000e+00    5.8333333333e+00    6.1666666667e+00    0.0000000000e+00    3.1789593781e-01    6.3021729718e+00    0.0000000000e+00    0.0000000000e+00    0.0000000000e+00    0.0000000000e+00    0.0000000000e+00
 162.5066667    1.0001054226e+00    1.0005679909e+00    4.2172207909e-04    6.1666666667e+00    5.8333333333e+00    5.8333333333e+00    0.0000000000e+00    3.5355553968e-01    5.6604112038e+00    0.0000000000e+00    0.0000000000e+00    0.0000000000e+00    0.0000000000e+00    0.0000000000e+00
 163.0066667    1.0001374394e+00    1.0005661823e+00    6.0457991104e-04    3.1666666667e+00    5.2166666667e+01    3.1666666667e+00    0.0000000000e+00    6.6968672315e-01    2.9983672260e+00    0.0000000000e+00    0.0000000000e+00    0.0000000000e+00    0.0000000000e+00    0.0000000000e+00
 163.5066667    1.0001245865e+00    1.0005641378e+00    5.4831656147e-04    3.5000000000e+00    5.4166666667e+01    3.1666666667e+00    0.0000000000e+00    6.7082033922e-01    2.9842394866e+00    0.0000000000e+00    0.0000000000e+00    0.0000000000e+00    0.0000000000e+00    0.0000000000e+00
 164.0066667    1.0001186943e+00    1.0005625789e+00    3.8480547735e-04    3.5000000000e+00    5.4833333333e+01    2.8333333333e+00    0.0000000000e+00    8.5643773540e-01    2.3186614428e+00    0.0000000000e+00    0.0000000000e+00    0.0000000000e+00    0.0000000000e+00    0.0000000000e+00
 164.5066667    1.0001302337e+00    1.0005623833e+00    3.4390909666e-04    2.8333333333e+00    5.5500000000e+01    2.8333333333e+00    0.0000000000e+00    8.5643265652e-01    2.3207556425e+00    0.0000000000e+00    0.0000000000e+00    0.0000000000e+00    0.0000000000e+00    0.0000000000e+00
 165.0066667    1.0001416616e+00    1.0005637186e+00    3.0525854356e-04    1.8333333333e+00    5.5500000000e+01    2.5000000000e+00    0.0000000000e+00    1.2017218100e+00    1.6598104202e+00    0.0000000000e+00    0.0000000000e+00    0.0000000000e+00    0.0000000000e+00    0.0000000000e+00
 165.5066667    1.0001407412e+00    1.0005660921e+00    2.8827162389e-04    2.5000000000e+00    5.5500000000e+01    8.3333333333e-01    0.0000000000e+00                 nan    0.0000000000e+00    0.0000000000e+00    0.0000000000e+00    0.0000000000e+00    0.0000000000e+00    0.0000000000e+00
 166.0066667    1.0001400224e+00    1.0005689362e+00    1.7239893235e-04    2.5000000000e+00    5.5833333333e+01    5.0000000000e-01    0.0000000000e+00                 nan    0.0000000000e+00    0.0000000000e+00    0.0000000000e+00    0.0000000000e+00    0.0000000000e+00    0.0000000000e+00
 166.5066667    1.0001385771e+00    1.0005717547e+00    1.8965215477e-04    2.1666666667e+00    5.6166666667e+01    1.6666666667e-01    0.0000000000e+00                 nan    0.0000000000e+00    0.0000000000e+00    0.0000000000e+00    0.0000000000e+00    0.0000000000e+00    0.0000000000e+00
 167.0066667    1.0001386484e+00    1.0005739789e+00    3.6128371771e-04    1.5000000000e+00    5.6500000000e+01    1.6666666667e-01    0.0000000000e+00                 nan    0.0000000000e+00    0.0000000000e+00    0.0000000000e+00    0.0000000000e+00    0.0000000000e+00    0.0000000000e+00
 167.5066667    1.0001350561e+00    1.0005751755e+00    2.8932002021e-04    6.8333333333e+00    4.5833333333e+01    5.1666666667e+00    0.0000000000e+00    3.5341021591e-01    5.6647691230e+00    0.0000000000e+00    0.0000000000e+00    0.0000000000e+00    0.0000000000e+00    0.0000000000e+00
 168.0066667    1.0001206640e+00    1.0005755200e+00    9.7430391584e-05    6.5000000000e+00    4.6166666667e+01    4.8333333333e+00    0.0000000000e+00    4.0037360844e-01    4.9934478369e+00    0.0000000000e+00    0.0000000000e+00    0.0000000000e+00    0.0000000000e+00    0.0000000000e+00
 168.5066667    1.0001036827e+00    1.0005757588e+00    3.6595406556e-04    8.5000000000e+00    8.5000000000e+00    8.5000000000e+00    0.0000000000e+00    2.4135445969e-01    8.2869672259e+00    0.0000000000e+00    0.0000000000e+00    0.0000000000e+00    0.0000000000e+00    0.0000000000e+00
 169.0066667    1.0000958449e+00    1.0005764091e+00    5.9162587714e-04    7.8333333333e+00    8.1666666667e+00    8.1666666667e+00    0.0000000000e+00    2.6211792851e-01    7.6324556687e+00    0.0000000000e+00    0.0000000000e+00    0.0000000000e+00    0.0000000000e+00    0.0000000000e+00
 169.5066667    1.0000857428e+00    1.0005771843e+00    5.9166064439e-04    7.1666666667e+00    7.5000000000e+00    7.5000000000e+00    0.0000000000e+00    2.8730752124e-01    6.9565123893e+00    0.0000000000e+00    0.0000000000e+00    0.0000000000e+00    0.0000000000e+00    0.0000000000e+00
 170.0066667    1.0000633240e+00    1.0005774118e+00    3.8304574394e-04    6.1666666667e+00    6.8333333333e+00    7.1666666667e+00    0.0000000000e+00    3.1623691173e-01    6.3255102540e+00    0.0000000000e+00    0.0000000000e+00    0.0000000000e+00    0.0000000000e+00    0.0000000000e+00
 170.5066667    1.0000459962e+00    1.0005767001e+00    2.0457940539e-04    6.1666666667e+00    6.5000000000e+00    6.5000000000e+00    0.0000000000e+00    3.1667045697e-01    6.3197637038e+00    0.0000000000e+00    0.0000000000e+00    0.0000000000e+00    0.0000000000e+00    0.0000000000e+00
 171.0066667    1.0000493708e+00    1.0005750383e+00    2.4263743533e-04    6.1666666667e+00    6.1666666667e+00    6.5000000000e+00    0.0000000000e+00    3.1649532191e-01    6.3319521642e+00    0.0000000000e+00    0.0000000000e+00    0.0000000000e+00    0.0000000000e+00    0.0000000000e+00
 171.5066667    1.0000733813e+00    1.0005726368e+00    4.1203790614e-04    5.8333333333e+00    5.8333333333e+00    5.8333333333e+00    0.0000000000e+00    3.5550074164e-01    5.6339130709e+00    0.0000000000e+00    0.0000000000e+00    0.0000000000e+00    0.0000000000e+00    0.0000000000e+00
 172.0066667    1.0000961671e+00    1.0005698801e+00    3.9162636298e-04    7.5000000000e+00    4.5000000000e+00    4.8333333333e+00    0.0000000000e+00    4.6245420845e-01    4.3258891037e+00    0.0000000000e+00    0.0000000000e+00    0.0000000000e+00    0.0000000000e+00    0.0000000000e+00
 172.5066667    1.0000948891e+00    1.0005672576e+00    2.2730535541e-04    5.5500000000e+01    3.8333333333e+00    3.8333333333e+00    0.0000000000e+00    5.4804869765e-01    3.6518887306e+00    0.0000000000e+00    0.0000000000e+00    0.0000000000e+00    0.0000000000e+00    0.0000000000e+00
 173.0066667    1.0001050092e+00    1.0005652750e+00    1.9427812949e-04    5.5166666667e+01    3.5000000000e+00    3.5000000000e+00    0.0000000000e+00    6.6738149095e-01    2.9942073705e+00    0.0000000000e+00    0.0000000000e+00    0.0000000000e+00    0.0000000000e+00    0.0000000000e+00
 173.5066667    1.0001276473e+00    1.0005643743e+00    2.1686866619e-04    5.5500000000e+01    2.8333333333e+00    2.8333333333e+00    0.0000000000e+00    8.5643418290e-01    2.3207556425e+00    0.0000000000e+00    0.0000000000e+00    0.0000000000e+00    0.0000000000e+00    0.0000000000e+00
 174.0066667    1.0001329015e+00    1.0005647424e+00    2.4118249054e-04    3.5000000000e+00    5.5500000000e+01    8.3333333333e-01    0.0000000000e+00                 nan    0.0000000000e+00    0.0000000000e+00    0.0000000000e+00    0.0000000000e+00    0.0000000000e+00    0.0000000000e+00
 174.5066667    1.0001275572e+00    1.0005661555e+00    1.3620308483e-04    3.1666666667e+00    3.1666666667e+00    3.1666666667e+00    0.0000000000e+00    8.5641023174e-01    2.3193866946e+00    0.0000000000e+00    0.0000000000e+00    0.0000000000e+00    0.0000000000e+00    0.0000000000e+00
 175.0066667    1.0001294884e+00    1.0005680660e+00    1.9981946102e-04    2.5000000000e+00    3.1666666667e+00    3.1666666667e+00    0.0000000000e+00    8.5848249069e-01    2.3278901775e+00    0.0000000000e+00    0.0000000000e+00    0.0000000000e+00    0.0000000000e+00    0.0000000000e+00
 175.5066667    1.0001306615e+00    1.0005698275e+00    4.3696415379e-04    2.5000000000e+00    5.6500000000e+01    1.6666666667e-01    0.0000000000e+00                 nan    0.0000000000e+00    0.0000000000e+00    0.0000000000e+00    0.0000000000e+00    0.0000000000e+00    0.0000000000e+00
 176.0066667    1.0001322225e+00    1.0005710255e+00    4.6018054705e-04    5.7500000000e+01    2.1666666667e+00    1.6666666667e-01    0.0000000000e+00                 nan    0.0000000000e+00    0.0000000000e+00    0.0000000000e+00    0.0000000000e+00    0.0000000000e+00    0.0000000000e+00
 176.5066667    1.0001325526e+00    1.0005718812e+00    2.0953710559e-04    3.1666666667e+00    1.6666666667e-01    3.5000000000e+00    0.0000000000e+00                 nan    0.0000000000e+00    0.0000000000e+00    0.0000000000e+00    0.0000000000e+00    0.0000000000e+00    0.0000000000e+00
 177.0066667    1.0001332816e+00    1.0005731674e+00    1.9184017134e-04    2.5000000000e+00    1.6666666667e-01    2.8333333333e+00    0.0000000000e+00                 nan    0.0000000000e+00    0.0000000000e+00    0.0000000000e+00    0.0000000000e+00    0.0000000000e+00    0.0000000000e+00
 177.5066667    1.0001344441e+00    1.0005753362e+00    5.3092430579e-04    1.8333333333e+00    1.6666666667e-01    2.5000000000e+00    0.0000000000e+00                 nan    0.0000000000e+00    0.0000000000e+00    0.0000000000e+00    0.0000000000e+00    0.0000000000e+00    0.0000000000e+00
 178.0066667    1.0001338158e+00    1.0005778481e+00    6.6094714637e-04    1.6666666667e-01    1.6666666667e-01    3.1666666667e+00    0.0000000000e+00                 nan    0.0000000000e+00    0.0000000000e+00    0.0000000000e+00    0.0000000000e+00    0.0000000000e+00    0.0000000000e+00
 178.5066667    1.0001255312e+00    1.0005796947e+00    5.5522737967e-04    8.1666666667e+00    6.5000000000e+00    6.5000000000e+00    0.0000000000e+00    3.1633194857e-01    6.3316253670e+00    0.0000000000e+00    0.0000000000e+00    0.0000000000e+00    0.0000000000e+00    0.0000000000e+00
 179.0066667    1.0000835361e+00    1.0005803487e+00    2.7764585276e-04    7.1666666667e+00    6.5000000000e+00    6.5000000000e+00    0.0000000000e+00    3.1633268846e-01    6.3254388473e+00    0.0000000000e+00    0.0000000000e+00    0.0000000000e+00    0.0000000000e+00    0.0000000000e+00
 179.5066667    1.0000598861e+00    1.0005798371e+00    1.9069420948e-04    6.8333333333e+00    6.5000000000e+00    6.5000000000e+00    0.0000000000e+00    3.1784139996e-01    6.2953867834e+00    0.0000000000e+00    0.0000000000e+00    0.0000000000e+00    0.0000000000e+00    0.0000000000e+00
 180.0066667    1.0000595239e+00    1.0005782666e+00    2.6531164161e-04    6.5000000000e+00    6.5000000000e+00    6.5000000000e+00    0.0000000000e+00    3.1734617272e-01    6.3075516909e+00    0.0000000000e+00    0.0000000000e+00    0.0000000000e+00    0.0000000000e+00    0.0000000000e+00
 180.5066667    1.0000724434e+00    1.0005758571e+00    2.8696399228e-04    5.8333333333e+00    6.1666666667e+00    6.8333333333e+00    0.0000000000e+00    3.5339632220e-01    5.6655568358e+00    0.0000000000e+00    0.0000000000e+00    0.0000000000e+00    0.0000000000e+00    0.0000000000e+00
 181.0066667    1.0000778679e+00    1.0005732194e+00    1.7700537133e-04    4.5000000000e+00    4.5000000000e+00    8.1666666667e+00    0.0000000000e+00    4.6349756747e-01    4.3184143972e+00    0.0000000000e+00    0.0000000000e+00    0.0000000000e+00    0.0000000000e+00    0.0000000000e+00
 181.5066667    1.0000864329e+00    1.0005710462e+00    1.9544586897e-04    4.1666666667e+00    5.5500000000e+01    3.8333333333e+00    0.0000000000e+00    5.4880156696e-01    3.6448047656e+00    0.0000000000e+00    0.0000000000e+00    0.0000000000e+00    0.0000000000e+00    0.0000000000e+00
 182.0066667    1.0001124820e+00    1.0005695527e+00    2.4444032042e-04    4.1666666667e+00    5.5833333333e+01    3.1666666667e+00    0.0000000000e+00    6.6849736832e-01    2.9991468414e+00    0.0000000000e+00    0.0000000000e+00    0.0000000000e+00    0.0000000000e+00    0.0000000000e+00
 182.5066667    1.0001250017e+00    1.0005685364e+00    2.4433624941e-04    3.8333333333e+00    4.5000000000e+00    4.8333333333e+00    0.0000000000e+00    4.6293600570e-01    4.3299219142e+00    0.0000000000e+00    0.0000000000e+00    0.0000000000e+00    0.0000000000e+00    0.0000000000e+00
 183.0066667    1.0001214676e+00    1.0005678943e+00    2.0151000929e-04    3.1666666667e+00    4.1666666667e+00    4.5000000000e+00    0.0000000000e+00    5.4893863293e-01    3.6441494390e+00    0.0000000000e+00    0.0000000000e+00    0.0000000000e+00    0.0000000000e+00    0.0000000000e+00
 183.5066667    1.0001244492e+00    1.0005677656e+00    2.2037168076e-04    2.8333333333e+00    3.8333333333e+00    3.8333333333e+00    0.0000000000e+00    8.5641512068e-01    2.3213474165e+00    0.0000000000e+00    0.0000000000e+00    0.0000000000e+00    0.0000000000e+00    0.0000000000e+00
 184.0066667    1.0001301071e+00    1.0005681753e+00    5.2272388441e-04    2.8333333333e+00    3.1666666667e+00    3.1666666667e+00    0.0000000000e+00    8.5640925228e-01    2.3236307408e+00    0.0000000000e+00    0.0000000000e+00    0.0000000000e+00    0.0000000000e+00    0.0000000000e+00
 184.5066667    1.0001305441e+00    1.0005688479e+00    6.7018787914e-04    5.0000000000e-01    4.5000000000e+00    4.5000000000e+00    0.0000000000e+00                 nan    0.0000000000e+00    0.0000000000e+00    0.0000000000e+00    0.0000000000e+00    0.0000000000e+00    0.0000000000e+00
 185.0066667    1.0001292546e+00    1.0005695372e+00    5.4161956792e-04    1.6666666667e-01    4.1666666667e+00    4.5000000000e+00    0.0000000000e+00                 nan    0.0000000000e+00    0.0000000000e+00    0.0000000000e+00    0.0000000000e+00    0.0000000000e+00    0.0000000000e+00
 185.5066667    1.0001283198e+00    1.0005704127e+00    2.7363868886e-04    1.6666666667e-01    3.5000000000e+00    3.8333333333e+00    0.0000000000e+00                 nan    0.0000000000e+00    0.0000000000e+00    0.0000000000e+00    0.0000000000e+00    0.0000000000e+00    0.0000000000e+00
 186.0066667    1.0001291084e+00    1.0005719318e+00    2.7482690070e-04    1.6666666667e-01    2.8333333333e+00    3.1666666667e+00    0.0000000000e+00                 nan    0.0000000000e+00    0.0000000000e+00    0.0000000000e+00    0.0000000000e+00    0.0000000000e+00    0.0000000000e+00
 186.5066667    1.0001310397e+00    1.0005742685e+00    5.6178742294e-04    1.6666666667e-01    2.5000000000e+00    2.5000000000e+00    0.0000000000e+00                 nan    0.0000000000e+00    0.0000000000e+00    0.0000000000e+00    0.0000000000e+00    0.0000000000e+00    0.0000000000e+00
 187.0066667    1.0001323881e+00    1.0005769678e+00    5.8303648467e-04    1.6666666667e-01    1.6666666667e-01    3.5000000000e+00    0.0000000000e+00                 nan    0.0000000000e+00    0.0000000000e+00    0.0000000000e+00    0.0000000000e+00    0.0000000000e+00    0.0000000000e+00
 187.5066667    1.0001320461e+00    1.0005792650e+00    3.8041926584e-04    1.6666666667e-01    1.6666666667e-01    2.5000000000e+00    0.0000000000e+00                 nan    0.0000000000e+00    0.0000000000e+00    0.0000000000e+00    0.0000000000e+00    0.0000000000e+00    0.0000000000e+00
 188.0066667    1.0001323741e+00    1.0005806206e+00    1.8688920732e-04    1.6666666667e-01    1.6666666667e-01    1.1666666667e+00    0.0000000000e+00                 nan    0.0000000000e+00    0.0000000000e+00    0.0000000000e+00    0.0000000000e+00    0.0000000000e+00    0.0000000000e+00
 188.5066667    1.0001320545e+00    1.0005808377e+00    1.6085981833e-04    1.6666666667e-01    1.6666666667e-01    1.6666666667e-01    0.0000000000e+00                 nan    0.0000000000e+00    0.0000000000e+00    0.0000000000e+00    0.0000000000e+00    0.0000000000e+00    0.0000000000e+00
 189.0066667    1.0001189685e+00    1.0005799441e+00    1.9381209389e-04    8.1666666667e+00    7.1666666667e+00    7.1666666667e+00    0.0000000000e+00    2.6138124624e-01    7.6560488625e+00    0.0000000000e+00    0.0000000000e+00    0.0000000000e+00    0.0000000000e+00    0.0000000000e+00
 189.5066667    1.0001058655e+00    1.0005782574e+00    2.2116923457e-04    7.5000000000e+00    7.8333333333e+00    7.8333333333e+00    0.0000000000e+00    2.6241275705e-01    7.6257008823e+00    0.0000000000e+00    0.0000000000e+00    0.0000000000e+00    0.0000000000e+00    0.0000000000e+00
 190.0066667    1.0000961203e+00    1.0005764149e+00    2.4249780592e-04    7.1666666667e+00    8.1666666667e+00    8.1666666667e+00    0.0000000000e+00    2.6120958361e-01    7.6630129257e+00    0.0000000000e+00    0.0000000000e+00    0.0000000000e+00    0.0000000000e+00    0.0000000000e+00
 190.5066667    1.0001027739e+00    1.0005749966e+00    4.3547149346e-04    6.8333333333e+00    7.8333333333e+00    7.8333333333e+00    0.0000000000e+00    2.6144134449e-01    7.6560488625e+00    0.0000000000e+00    0.0000000000e+00    0.0000000000e+00    0.0000000000e+00    0.0000000000e+00
 191.0066667    1.0001093900e+00    1.0005740287e+00    4.7626805519e-04    5.8333333333e+00    6.1666666667e+00    7.8333333333e+00    0.0000000000e+00    3.1790084699e-01    6.2960946890e+00    0.0000000000e+00    0.0000000000e+00    0.0000000000e+00    0.0000000000e+00    0.0000000000e+00
 191.5066667    1.0001057971e+00    1.0005730295e+00    3.1502512408e-04    5.1666666667e+00    6.5000000000e+00    6.5000000000e+00    0.0000000000e+00    3.5364178012e-01    5.6498895503e+00    0.0000000000e+00    0.0000000000e+00    0.0000000000e+00    0.0000000000e+00    0.0000000000e+00
 192.0066667    1.0001108647e+00    1.0005716115e+00    1.5504283285e-04    5.5000000000e+00    5.8333333333e+00    5.8333333333e+00    0.0000000000e+00    3.5423701138e-01    5.6446956011e+00    0.0000000000e+00    0.0000000000e+00    0.0000000000e+00    0.0000000000e+00    0.0000000000e+00
 192.5066667    1.0001250399e+00    1.0005698793e+00    3.3079041273e-04    4.8333333333e+00    4.8333333333e+00    4.8333333333e+00    0.0000000000e+00    4.6206113806e-01    4.3254407343e+00    0.0000000000e+00    0.0000000000e+00    0.0000000000e+00    0.0000000000e+00    0.0000000000e+00
 193.0066667    1.0001398865e+00    1.0005682493e+00    5.6214338460e-04    3.1666666667e+00    4.5000000000e+00    4.5000000000e+00    0.0000000000e+00    6.6847946243e-01    2.9951691566e+00    0.0000000000e+00    0.0000000000e+00    0.0000000000e+00    0.0000000000e+00    0.0000000000e+00
 193.5066667    1.0001403684e+00    1.0005671096e+00    5.9627323101e-04    2.8333333333e+00    5.4500000000e+01    3.1666666667e+00    0.0000000000e+00    8.5642519467e-01    2.3191069406e+00    0.0000000000e+00    0.0000000000e+00    0.0000000000e+00    0.0000000000e+00    0.0000000000e+00
 194.0066667    1.0001323973e+00    1.0005666404e+00    4.2297566837e-04    2.8333333333e+00    5.4833333333e+01    3.1666666667e+00    0.0000000000e+00    8.5643042716e-01    2.3231619857e+00    0.0000000000e+00    0.0000000000e+00    0.0000000000e+00    0.0000000000e+00    0.0000000000e+00
 194.5066667    1.0001417779e+00    1.0005668086e+00    2.8160856663e-04    2.8333333333e+00    5.5500000000e+01    2.8333333333e+00    0.0000000000e+00    8.5642773253e-01    2.3207556425e+00    0.0000000000e+00    0.0000000000e+00    0.0000000000e+00    0.0000000000e+00    0.0000000000e+00
 195.0066667    1.0001445456e+00    1.0005675425e+00    2.5107556325e-04    5.0000000000e-01    3.5000000000e+00    3.5000000000e+00    0.0000000000e+00                 nan    0.0000000000e+00    0.0000000000e+00    0.0000000000e+00    0.0000000000e+00    0.0000000000e+00    0.0000000000e+00
 195.5066667    1.0001431334e+00    1.0005688481e+00    3.3488083055e-04    1.6666666667e-01    3.1666666667e+00    3.5000000000e+00    0.0000000000e+00                 nan    0.0000000000e+00    0.0000000000e+00    0.0000000000e+00    0.0000000000e+00    0.0000000000e+00    0.0000000000e+00
 196.0066667    1.0001433098e+00    1.0005706429e+00    2.6024323789e-04    1.6666666667e-01    2.8333333333e+00    2.8333333333e+00    0.0000000000e+00                 nan    0.0000000000e+00    0.0000000000e+00    0.0000000000e+00    0.0000000000e+00    0.0000000000e+00    0.0000000000e+00
 196.5066667    1.0001439150e+00    1.0005725930e+00    1.4168495172e-04    1.6666666667e-01    2.1666666667e+00    2.1666666667e+00    0.0000000000e+00                 nan    0.0000000000e+00    0.0000000000e+00    0.0000000000e+00    0.0000000000e+00    0.0000000000e+00    0.0000000000e+00
 197.0066667    1.0001435891e+00    1.0005742678e+00    2.3059283857e-04    1.6666666667e-01    1.6666666667e-01    2.5000000000e+00    0.0000000000e+00                 nan    0.0000000000e+00    0.0000000000e+00    0.0000000000e+00    0.0000000000e+00    0.0000000000e+00    0.0000000000e+00
 197.5066667    1.0001428684e+00    1.0005754120e+00    3.0799775386e-04    1.6666666667e-01    1.6666666667e-01    1.8333333333e+00    0.0000000000e+00                 nan    0.0000000000e+00    0.0000000000e+00    0.0000000000e+00    0.0000000000e+00    0.0000000000e+00    0.0000000000e+00
 198.0066667    1.0001420205e+00    1.0005760077e+00    1.5561331684e-04    1.6666666667e-01    1.6666666667e-01    8.3333333333e-01    0.0000000000e+00                 nan    0.0000000000e+00    0.0000000000e+00    0.0000000000e+00    0.0000000000e+00    0.0000000000e+00    0.0000000000e+00
 198.5066667    1.0001410676e+00    1.0005761579e+00    1.4378593876e-04    1.6666666667e-01    1.6666666667e-01    1.6666666667e-01    0.0000000000e+00                 nan    0.0000000000e+00    0.0000000000e+00    0.0000000000e+00    0.0000000000e+00    0.0000000000e+00    0.0000000000e+00
 199.0066667    1.0001403745e+00    1.0005760255e+00    4.3563083772e-04    1.6666666667e-01    1.6666666667e-01    1.6666666667e-01    0.0000000000e+00                 nan    0.0000000000e+00    0.0000000000e+00    0.0000000000e+00    0.0000000000e+00    0.0000000000e+00    0.0000000000e+00
 199.5066667    1.0001399088e+00    1.0005757946e+00    5.9083077350e-04    1.6666666667e-01    1.6666666667e-01    1.6666666667e-01    0.0000000000e+00                 nan    0.0000000000e+00    0.0000000000e+00    0.0000000000e+00    0.0000000000e+00    0.0000000000e+00    0.0000000000e+00
 200.0066667    1.0001192428e+00    1.0005755384e+00    5.4881290539e-04    6.5000000000e+00    5.8333333333e+00    6.1666666667e+00    0.0000000000e+00    3.1788879508e-01    6.3021729718e+00    0.0000000000e+00    0.0000000000e+00    0.0000000000e+00    0.0000000000e+00    0.0000000000e+00
