# time  core_x_canon  core_y_canon  core_z_canon  peak_canon  core_x_phantom  core_y_phantom  core_z_phantom  peak_phantom  coord_sep  proper_sep  px_canon  px_phantom  px_total  shift_x_canon  shift_x_phantom  max_abs_shift
0.0000000000000000e+00  6.9000205274114478e+01  6.4000000000000000e+01  6.4000000000000000e+01  2.4516522854767499e-02  5.9000207763710378e+01  6.4000000000000000e+01  6.4000000000000014e+01  2.4424300970827630e-02  9.9999975104040999e+00  1.0000127279460187e+01  0.0000000000000000e+00  0.0000000000000000e+00  0.0000000000000000e+00  0.0000000000000000e+00  0.0000000000000000e+00  0.0000000000000000e+00
8.0000000000000004e-01  6.9000307944643595e+01  6.4000000000000242e+01  6.4000000000000000e+01  2.4584742597325775e-02  5.9000314580261502e+01  6.4000000000000199e+01  6.4000000000000000e+01  2.4494706969422814e-02  9.9999933643820924e+00  1.0000132862761021e+01  1.6273244915841127e-06  1.6496245212195308e-06  -2.2300029635418051e-08  -4.9201272754989973e-07  4.9840993104508120e-07  1.1681361459337156e-05
1.6000000000000001e+00  6.9000573803691111e+01  6.4000000000003340e+01  6.4000000000000000e+01  2.4525036659706359e-02  5.9000587960143733e+01  6.4000000000000682e+01  6.4000000000000014e+01  2.4412051249789742e-02  9.9999858435473783e+00  1.0000147051315501e+01  3.2756178990904447e-06  3.2996928217917823e-06  -2.4074922701337553e-08  -2.9103497073822532e-06  3.2558566675766770e-06  1.8548322766711693e-05
2.3999999999999901e+00  6.9000916056805835e+01  6.4000000000000469e+01  6.4000000000000000e+01  2.4456196171588670e-02  5.9000940103164766e+01  6.4000000000008839e+01  6.4000000000000000e+01  2.4304225236263809e-02  9.9999759536410693e+00  1.0000155859016893e+01  4.9572337529467645e-06  4.9721440375048500e-06  -1.4910284558085541e-08  -9.6813488709609568e-06  1.3017216785617373e-05  3.1950583057527658e-05
3.1999999999999802e+00  6.9001327244907003e+01  6.3999999999943768e+01  6.4000000000000000e+01  2.4555119881272472e-02  5.9001363753863409e+01  6.4000000000038170e+01  6.4000000000000000e+01  2.4375874835322671e-02  9.9999634910435944e+00  1.0000156234810952e+01  6.6557664722692627e-06  6.6751180291586373e-06  -1.9351556889374646e-08  6.5227729209862577e-06  -9.8298614576391744e-06  3.1671130741123178e-05
3.9999999999999600e+00  6.9001849912193606e+01  6.3999999999848768e+01  6.4000000000000000e+01  2.4579333342078260e-02  5.9001900107390057e+01  6.4000000000068979e+01  6.4000000000000000e+01  2.4416503638652363e-02  9.9999498048035491e+00  1.0000148897704214e+01  8.3516788515482426e-06  8.3932434698455798e-06  -4.1564618297337290e-08  -2.5473562601221481e-05  2.1250812958583161e-05  5.1525117673880364e-05
4.7999999999999403e+00  6.9002442205328705e+01  6.3999999999674458e+01  6.4000000000000000e+01  2.4516368832419311e-02  5.9002502680076702e+01  6.4000000000154188e+01  6.4000000000000000e+01  2.4414273195330748e-02  9.9999395252520031e+00  1.0000143369172925e+01  1.0042065737248601e-05  1.0105713104232894e-05  -6.3647366984292722e-08  -9.1017208334686914e-06  5.4727054416545429e-06  1.9849458670736201e-05
5.5999999999999304e+00  6.9003020617992391e+01  6.3999999999210459e+01  6.4000000000000014e+01  2.4478083440197529e-02  5.9003089820337067e+01  6.4000000000379941e+01  6.4000000000000000e+01  2.4430103953028744e-02  9.9999307976553240e+00  1.0000144449828774e+01  1.1733207544694766e-05  1.1807100025522830e-05  -7.3892480828063729e-08  -1.3562583843637659e-05  9.5545357824164481e-06  2.1858110433720084e-05
6.3999999999999098e+00  6.9003607043620761e+01  6.3999999998527365e+01  6.4000000000000000e+01  2.4496886141781370e-02  5.9003691029428971e+01  6.4000000000623402e+01  6.4000000000000000e+01  2.4433624647935279e-02  9.9999160141917898e+00  1.0000145778615895e+01  1.3437657670932845e-05  1.3518868264089011e-05  -8.1210593156165722e-08  -1.3595850314907678e-05  1.1286128120268863e-05  2.3025587066107828e-05
7.1999999999998900e+00  6.9004308330896365e+01  6.3999999997751708e+01  6.4000000000000014e+01  2.4531200683960561e-02  5.9004415728809313e+01  6.4000000000865256e+01  6.4000000000000014e+01  2.4410432438738999e-02  9.9998926020870513e+00  1.0000143098468783e+01  1.5147727007057841e-05  1.5249541271018706e-05  -1.0181426396086506e-07  -1.4182401692028721e-05  1.5734497360625370e-05  2.0813590221026789e-05
7.9999999999998703e+00  6.9005177145525693e+01  6.3999999996776928e+01  6.3999999999999986e+01  2.4542484628805795e-02  5.9005308370861435e+01  6.4000000001208136e+01  6.3999999999999986e+01  2.4393493578611373e-02  9.9998687746642574e+00  1.0000141785910728e+01  1.6845247564792063e-05  1.6982110537212041e-05  -1.3686297241997784e-07  -1.8093222726329063e-05  1.7612916138982002e-05  2.6372565213897716e-05
8.7999999999998604e+00  6.9006148868127752e+01  6.3999999995678301e+01  6.3999999999999986e+01  2.4518000306585786e-02  5.9006295794634447e+01  6.4000000001632671e+01  6.4000000000000000e+01  2.4398154785251740e-02  9.9998530734933055e+00  1.0000148610448953e+01  1.8537271105850360e-05  1.8707862286859356e-05  -1.7059118100899612e-07  -2.1671187441473262e-05  2.1010906768102089e-05  2.8938704052693092e-05
9.5999999999998398e+00  6.9007145591300443e+01  6.3999999994479715e+01  6.4000000000000000e+01  2.4492179102602988e-02  5.9007303951182308e+01  6.4000000002110980e+01  6.3999999999999986e+01  2.4412497109368114e-02  9.9998416401181345e+00  1.0000162111824345e+01  2.0252330408147204e-05  2.0441182740654073e-05  -1.8885233250686906e-07  -2.2201794552374666e-05  2.2186307561850314e-05  3.2853875955408061e-05
1.0399999999999800e+01  6.9008188566785009e+01  6.3999999993065074e+01  6.4000000000000000e+01  2.4503128260934995e-02  5.9008365751890942e+01  6.4000000002681190e+01  6.4000000000000000e+01  2.4416840017286990e-02  9.9998228148940669e+00  1.0000172117200783e+01  2.2002293289362083e-05  2.2195277589868982e-05  -1.9298430050689914e-07  -2.5142804553742623e-05  2.0943298393408726e-05  3.1101075532155691e-05
1.1199999999999800e+01  6.9009365003345621e+01  6.3999999991502001e+01  6.4000000000000000e+01  2.4540048717696925e-02  5.9009570148862061e+01  6.4000000003334790e+01  6.4000000000000000e+01  2.4408204397529828e-02  9.9997948544835609e+00  1.0000172999541299e+01  2.3769798325050508e-05  2.3962070007033186e-05  -1.9227168198267757e-07  -2.9149079421750391e-05  2.4063868131565695e-05  3.1000773881845333e-05
1.1999999999999799e+01  6.9010702734224921e+01  6.3999999989818797e+01  6.4000000000000000e+01  2.4556276338334397e-02  5.9010931465822622e+01  6.4000000004044523e+01  6.4000000000000000e+01  2.4401274413047489e-02  9.9997712684022986e+00  1.0000174030919190e+01  2.5528261965799995e-05  2.5719946458736659e-05  -1.9168449293666457e-07  -3.0470921186346314e-05  2.9860508345588160e-05  3.6591628831694909e-05
1.2799999999999800e+01  6.9012131351056951e+01  6.3999999987965872e+01  6.4000000000000000e+01  2.4532713094858997e-02  5.9012370928965758e+01  6.4000000004816911e+01  6.4000000000000000e+01  2.4407193535147222e-02  9.9997604220911924e+00  1.0000184179806986e+01  2.7269632218700829e-05  2.7461885396404116e-05  -1.9225317770328693e-07  -3.2882030276894078e-05  3.2169298933004608e-05  3.8740301264207793e-05
1.3599999999999801e+01  6.9013590740517344e+01  6.3999999985951504e+01  6.4000000000000000e+01  2.4503619139796002e-02  5.9013839128924879e+01  6.4000000005659288e+01  6.4000000000000000e+01  2.4418882642151491e-02  9.9997516115924654e+00  1.0000197038904396e+01  2.9008581935690612e-05  2.9204157409800225e-05  -1.9557547410961289e-07  -3.6003209884202372e-05  3.2913162869268034e-05  4.5123387080188162e-05
1.4399999999999700e+01  6.9015120548339425e+01  6.3999999983787106e+01  6.4000000000000000e+01  2.4509322787852467e-02  5.9015390212004647e+01  6.4000000006573117e+01  6.4000000000000000e+01  2.4421583805909374e-02  9.9997303363347783e+00  1.0000201472097665e+01  3.0754877400543988e-05  3.0959179220236436e-05  -2.0430181969244841e-07  -3.7097188265701213e-05  3.5323827739790244e-05  4.5311159818780674e-05
1.5199999999999701e+01  6.9016795201329131e+01  6.3999999981465372e+01  6.4000000000000000e+01  2.4541845707912333e-02  5.9017345898336089e+01  6.4000000007558441e+01  6.4000000000000000e+01  2.4413072009958910e-02  9.9994493029930425e+00  9.9999497683408478e+00  3.2499966310609636e-05  3.2718579507182388e-05  -2.1861319657275258e-07  -3.7809460761305056e-05  3.9357773396160735e-05  4.4718045659290091e-05
1.5999999999999700e+01  6.9018610445885329e+01  6.3999999978985464e+01  6.4000000000000000e+01  2.4557463689216064e-02  5.9019183721561440e+01  6.4000000008612304e+01  6.4000000000000000e+01  2.4406074290128064e-02  9.9994267243238895e+00  9.9999533393165407e+00  3.4236661023723404e-05  3.4472050233516150e-05  -2.3538920979274537e-07  -4.0219369426414280e-05  4.2810868163751899e-05  4.8962927312729008e-05
1.6799999999999802e+01  6.9020493135066843e+01  6.3999999976354175e+01  6.4000000000000000e+01  2.4537117720613934e-02  5.9021422536776946e+01  6.4000000009736567e+01  6.4000000000000000e+01  2.4410600405650778e-02  9.9990705982898973e+00  9.9996224850039823e+00  3.5974001637125438e-05  3.6226024886347366e-05  -2.5202324922192796e-07  -4.4121892716237657e-05  4.4404919420837279e-05  5.0101579240997791e-05
1.7600000000000001e+01  6.9022413332942932e+01  6.3999999973576607e+01  6.4000000000000000e+01  2.4511200834636197e-02  5.9023359329535182e+01  6.4000000010924481e+01  6.4000000000000000e+01  2.4420957310111853e-02  9.9990540034077497e+00  9.9996305025721597e+00  3.7725093067205698e-05  3.7993391791297600e-05  -2.6829872409190187e-07  -4.7516671579569988e-05  4.5618884267377274e-05  5.6376052154974997e-05
1.8400000000000102e+01  6.9024425810628600e+01  6.3999999970652084e+01  6.4000000000000000e+01  2.4516120978481760e-02  5.9025403872128834e+01  6.4000000012183165e+01  6.4000000000000014e+01  2.4424338836218445e-02  9.9990219384997658e+00  9.9996269317968896e+00  3.9488622851477492e-05  3.9772939290040405e-05  -2.8431643856291321e-07  -4.9249275433639074e-05  4.8391406573476158e-05  5.7101606603014924e-05
1.9200000000000198e+01  6.9026583393648551e+01  6.3999999967578141e+01  6.4000000000000000e+01  2.4544933371194226e-02  5.9027692115938706e+01  6.4000000013516370e+01  6.4000000000000014e+01  2.4418229701387902e-02  9.9988912777098449e+00  9.9995270587339675e+00  4.1251799316326901e-05  4.1550716101604359e-05  -2.9891678527745752e-07  -5.0418753881620383e-05  5.2380814163082774e-05  5.7606841652972187e-05
2.0000000000000298e+01  6.9029376187136265e+01  6.3999999964352796e+01  6.4000000000000000e+01  2.4558970512795063e-02  5.9029990220154325e+01  6.4000000014911592e+01  6.3999999999999986e+01  2.4413001233914478e-02  9.9993859669819400e+00  1.0000052545143468e+01  4.3008977453092599e-05  4.3321145761768487e-05  -3.1216830867588822e-07  -5.2718719943302666e-05  5.5641822371783191e-05  6.1607101608204443e-05
2.0800000000000502e+01  6.9031699292508463e+01  6.3999999960989584e+01  6.4000000000000000e+01  2.4541549913730209e-02  5.9032441004019390e+01  6.4000000016382288e+01  6.4000000000000000e+01  2.4417209789323421e-02  9.9992582884890737e+00  9.9999509921065055e+00  4.4768647203708299e-05  4.5095135025201985e-05  -3.2648782149368632e-07  -5.6236686914479143e-05  5.7436162393697235e-05  6.2987340015915487e-05
2.1600000000000598e+01  6.9034073404059797e+01  6.3999999957490992e+01  6.4000000000000000e+01  2.4519137605105160e-02  5.9034841310290695e+01  6.4000000017907823e+01  6.4000000000000000e+01  2.4426313823272330e-02  9.9992320937691019e+00  9.9999515666243610e+00  4.6539924997397386e-05  4.6882991690416413e-05  -3.4306669301902725e-07  -5.9521481462835246e-05  5.9125653410208746e-05  6.8057652470712051e-05
2.2400000000000698e+01  6.9036556439233692e+01  6.3999999953859053e+01  6.4000000000000000e+01  2.4523125310780238e-02  5.9037365292624074e+01  6.4000000019500717e+01  6.4000000000000000e+01  2.4429564154946671e-02  9.9991911466096184e+00  9.9999411052896860e+00  4.8319395257589370e-05  4.8678831786617933e-05  -3.5943652902856296e-07  -6.1563577430026720e-05  6.2093380777440872e-05  6.9204410513568217e-05
2.3200000000000799e+01  6.9039175079923368e+01  6.3999999950093390e+01  6.4000000000000000e+01  2.4547636934892998e-02  5.9040024677909571e+01  6.4000000021158698e+01  6.4000000000000000e+01  2.4424712427678370e-02  9.9991504020137967e+00  9.9999324327385821e+00  5.0097313416329055e-05  5.0470004362095628e-05  -3.7269094576657363e-07  -6.3010162512308062e-05  6.5822601495846452e-05  7.0896483487826876e-05
2.4000000000000998e+01  6.9042323820742737e+01  6.3999999946203744e+01  6.4000000000000000e+01  2.4559979088764283e-02  5.9042762462541447e+01  6.4000000022877089e+01  6.4000000000000000e+01  2.4420447430189677e-02  9.9995613582012908e+00  1.0000375669279428e+01  5.1872120350742244e-05  5.2256543647813137e-05  -3.8442329707089263e-07  -6.5201048327491397e-05  6.8798950056602373e-05  7.4519312860118505e-05
2.4800000000001098e+01  6.9045333194515791e+01  6.3999999942180793e+01  6.4000000000000000e+01  2.4546008846017743e-02  5.9045542215463620e+01  6.4000000024654213e+01  6.4000000000000000e+01  2.4424105437263078e-02  9.9997909790521717e+00  1.0000634508145161e+01  5.3651877354109670e-05  5.4050720143929230e-05  -3.9884278981955985e-07  -6.8441208528277644e-05  7.0718889375109687e-05  7.6007863326767679e-05
2.5600000000001199e+01  6.9048160190390320e+01  6.3999999938034762e+01  6.4000000000000000e+01  2.4527566974726842e-02  5.9048402070393429e+01  6.4000000026491975e+01  6.4000000000000000e+01  2.4432012425846153e-02  9.9997581199968906e+00  1.0000630884871420e+01  5.5441825271456485e-05  5.5858028984343991e-05  -4.1620371288750529e-07  -7.1706008251925870e-05  7.2771852640395664e-05  7.9919867013949518e-05
2.6400000000001299e+01  6.9051107526447680e+01  6.3999999933771271e+01  6.4000000000000014e+01  2.4530755818724756e-02  5.9051393069431519e+01  6.4000000028391199e+01  6.4000000000000000e+01  2.4435098427135385e-02  9.9997144570161609e+00  1.0000619694702316e+01  5.7237252383695351e-05  5.7669077353476861e-05  -4.3182496978150996e-07  -7.4033442856450039e-05  7.5818090887622445e-05  8.1523363903928013e-05
2.7200000000001499e+01  6.9054519902771830e+01  6.3999999929364151e+01  6.4000000000000000e+01  2.4551194397050512e-02  5.9054500800494779e+01  6.4000000030348573e+01  6.4000000000000000e+01  2.4431300895446043e-02  1.0000019102277051e+01  1.0000959623569571e+01  5.9031450351606929e-05  5.9474222501158211e-05  -4.4277214955128197e-07  -7.5711093258142318e-05  7.9245181515024641e-05  8.4047801146624725e-05
2.8000000000001599e+01  6.9057665895173216e+01  6.3999999924863523e+01  6.4000000000000000e+01  2.4562260904799547e-02  5.9057670353631039e+01  6.4000000032359793e+01  6.4000000000000000e+01  2.4427827939520266e-02  9.9999955415421766e+00  1.0000967545767423e+01  6.0825410090291845e-05  6.1278067237786551e-05  -4.5265714749470663e-07  -7.7817518925444557e-05  8.2018436246834338e-05  8.7364719107770251e-05
2.8800000000001699e+01  6.9060863879707256e+01  6.3999999920248158e+01  6.4000000000000000e+01  2.4551808708319498e-02  5.9060891617773109e+01  6.4000000034424218e+01  6.3999999999999986e+01  2.4430947172529010e-02  9.9999722619341469e+00  1.0000974019663992e+01  6.2625330861697432e-05  6.3091882989187894e-05  -4.6655212749046129e-07  -8.0834741183720754e-05  8.4158208183280784e-05  8.9090368281955986e-05
2.9600000000001799e+01  6.9064328842804585e+01  6.3999999915539746e+01  6.4000000000000000e+01  2.4536868533528228e-02  5.9064212490232343e+01  6.4000000036543781e+01  6.4000000000000000e+01  2.4437724274562658e-02  1.0000116352572242e+01  1.0001150051727286e+01  6.4432985584072779e-05  6.4916364768595307e-05  -4.8337918452252804e-07  -8.4076686258882064e-05  8.6546529913031201e-05  9.2001963599629223e-05
3.0400000000001999e+01  6.9067738959348347e+01  6.3999999910712965e+01  6.4000000000000000e+01  2.4538916847681207e-02  5.9067663497875387e+01  6.4000000038718326e+01  6.4000000000000000e+01  2.4440531301049204e-02  1.0000075461472960e+01  1.0001142756924239e+01  6.6243793607512872e-05  6.6741103905848908e-05  -4.9731029833603594e-07  -8.6607343195505061e-05  8.9586072739781110e-05  9.4025642369405520e-05
3.1200000000002099e+01  6.9071255799417628e+01  6.3999999905782204e+01  6.4000000000000000e+01  2.4555582429301028e-02  5.9071693260499643e+01  6.4000000040943533e+01  6.3999999999999986e+01  2.4437485023076709e-02  9.9995625389179850e+00  1.0000666398931926e+01  6.8054403138658899e-05  6.8560739283663388e-05  -5.0633614500448913e-07  -8.8438612880507218e-05  9.2736363666697357e-05  9.7304281877286271e-05
3.2000000000002203e+01  6.9074837251657101e+01  6.3999999900745202e+01  6.4000000000000000e+01  2.4565770471311341e-02  5.9075304097669466e+01  6.4000000043217483e+01  6.4000000000000000e+01  2.4434568302688007e-02  9.9995331539876346e+00  1.0000669361111036e+01  6.9867314012961060e-05  7.0382728559976269e-05  -5.1541454701520902e-07  -9.0490025231632087e-05  9.5425593545670867e-05  1.0047610346738347e-04
3.2800000000002001e+01  6.9078573076879877e+01  6.3999999895568465e+01  6.4000000000000000e+01  2.4558508464583646e-02  5.9079382306957783e+01  6.4000000045549697e+01  6.3999999999999986e+01  2.4437163928951237e-02  9.9991907699220945e+00  1.0000360558450701e+01  7.1686303504852006e-05  7.2215472488578304e-05  -5.2916898372629834e-07  -9.3386600709505403e-05  9.7829743583810981e-05  1.0252300903141514e-04
3.3600000000001899e+01  6.9082322178612856e+01  6.3999999890326627e+01  6.4000000000000000e+01  2.4546266406638290e-02  5.9083179386817562e+01  6.4000000047922370e+01  6.4000000000000000e+01  2.4442952378252784e-02  9.9991427917952933e+00  1.0000344853663428e+01  7.3510617463626310e-05  7.4055718943685870e-05  -5.4510148005956034e-07  -9.6637785012252973e-05  1.0047381738695269e-04  1.0446890797451421e-04
3.4400000000001697e+01  6.9086193043865975e+01  6.3999999884991887e+01  6.4000000000000000e+01  2.4546915790725772e-02  5.9087098324428446e+01  6.4000000050343957e+01  6.3999999999999986e+01  2.4445494898970927e-02  9.9990947194375295e+00  1.0000331021501708e+01  7.5336822119509986e-05  7.5894130895510877e-05  -5.5730877600089046e-07  -9.9295287519939840e-05  1.0344320322025820e-04  1.0733809028531873e-04
3.5200000000001602e+01  6.9090156214892858e+01  6.3999999879563617e+01  6.4000000000000057e+01  2.4560312776846414e-02  5.9091100107071128e+01  6.4000000052811217e+01  6.4000000000000085e+01  2.4443049535187118e-02  9.9990561078217297e+00  1.0000326918309028e+01  7.7164469257440246e-05  7.7729590619484025e-05  -5.6512136204377899e-07  -1.0122649773578902e-04  1.0637871810193611e-04  1.1085674287032458e-04
3.6000000000001400e+01  6.9094182073995711e+01  6.3999999874037250e+01  6.3999999999999851e+01  2.4569906663511453e-02  5.9095650625237937e+01  6.4000000055327618e+01  6.3999999999999631e+01  2.4440584310804075e-02  9.9985314487577739e+00  9.9998378803997454e+00  7.8996353056159558e-05  7.9570324959222304e-05  -5.7397190306274584e-07  -1.0329033874429337e-04  1.0908259739099497e-04  1.1398752369553312e-04
3.6800000000001198e+01  6.9098851214145213e+01  6.3999999868550923e+01  6.4000000000000185e+01  2.4565198203231987e-02  5.9099790371016148e+01  6.4000000057880641e+01  6.4000000000000753e+01  2.4442747286190787e-02  9.9990608431290653e+00  1.0000402552072899e+01  8.0833695361615947e-05  8.1420994871327494e-05  -5.8729950971154674e-07  -1.0616446987378365e-04  1.1173651217572776e-04  1.1632894879447737e-04
3.7600000000001103e+01  6.9103648864875140e+01  6.3999999862741248e+01  6.4000000000000696e+01  2.4554786072507537e-02  5.9104049185955610e+01  6.4000000060484666e+01  6.4000000000000327e+01  2.4447715634439402e-02  9.9995996789195303e+00  1.0000977740981604e+01  8.2674321814828829e-05  8.3276009993392161e-05  -6.0168817856333259e-07  -1.0941081229125071e-04  1.1452811988594134e-04  1.1852435596552526e-04
3.8400000000000901e+01  6.9107984371113247e+01  6.3999999856933165e+01  6.3999999999996021e+01  2.4553991363144817e-02  5.9108659090244679e+01  6.4000000063161238e+01  6.3999999999991736e+01  2.4450027302594986e-02  9.9993252808685682e+00  1.0000739386733528e+01  8.4516405553054818e-05  8.5128594127443236e-05  -6.1218857438841807e-07  -1.1211410266181392e-04  1.1738483287363799e-04  1.2131394779458916e-04
3.9200000000000799e+01  6.9112400137639824e+01  6.3999999851111909e+01  6.4000000000006750e+01  2.4564723740481003e-02  5.9113101349392949e+01  6.4000000065813708e+01  6.4000000000024968e+01  2.4448068871934805e-02  9.9992987882468753e+00  1.0000747895608590e+01  8.6361141767203739e-05  8.6980940102184370e-05  -6.1979833498063087e-07  -1.1414125663147413e-04  1.2017567231299871e-04  1.2461313753007073e-04
4.0000000000000597e+01  6.9117283090062870e+01  6.3999999845048386e+01  6.4000000000012932e+01  2.4573844645792309e-02  5.9118028865632745e+01  6.4000000068634733e+01  6.3999999999994138e+01  2.4445981529227067e-02  9.9992542244301248e+00  1.0000741660365350e+01  8.8210215002074491e-05  8.8840210944605814e-05  -6.2999594253132323e-07  -1.1622062539272896e-04  1.2294316982123529e-04  1.2772428798619122e-04
4.0800000000000502e+01  6.9121858991780911e+01  6.3999999838642580e+01  6.3999999999922828e+01  2.4570955613469340e-02  5.9122631053075374e+01  6.4000000071414448e+01  6.3999999999819643e+01  2.4447793075155974e-02  9.9992279387055376e+00  1.0000749297379457e+01  9.0062810934190152e-05  9.0707413282310349e-05  -6.4460234812019671e-07  -1.1896181655270501e-04  1.2578222239868067e-04  1.3026092848550730e-04
4.1600000000000300e+01  6.9126550665318206e+01  6.3999999833328829e+01  6.3999999999967734e+01  2.4561719680909217e-02  5.9127350113896370e+01  6.4000000073528270e+01  6.4000000000320142e+01  2.4452067209082301e-02  9.9992005514218363e+00  1.0000756943106644e+01  9.1917311648399396e-05  9.2576336482679070e-05  -6.5902483427967423e-07  -1.2213741266120534e-04  1.2863414639255222e-04  1.3258511366494473e-04
4.2400000000000098e+01  6.9131344990936654e+01  6.3999999827762387e+01  6.4000000000382940e+01  2.4559717748651098e-02  5.9132624105897499e+01  6.4000000077361989e+01  6.4000000000579632e+01  2.4454150256664545e-02  9.9987208850391553e+00  1.0000315768408775e+01  9.3774925546967057e-05  9.4443331459248669e-05  -6.6840591228161186e-07  -1.2496528366684324e-04  1.3138776716472284e-04  1.3528054497033369e-04
4.3200000000000003e+01  6.9136211802350658e+01  6.3999999810158187e+01  6.3999999999024098e+01  2.4568404037140883e-02  5.9137839575681831e+01  6.4000000086061632e+01  6.3999999996160106e+01  2.4452560087182690e-02  9.9983722266688275e+00  1.0000004970484667e+01  9.5638737946101275e-05  9.6312474512098012e-05  -6.7373656599673795e-07  -1.2717316118614083e-04  1.3410762216326728e-04  1.3841804827977226e-04
4.3999999999999801e+01  6.9141403153523356e+01  6.3999999767186218e+01  6.3999999988901237e+01  2.4577036057984052e-02  5.9142807686686844e+01  6.4000000092720271e+01  6.3999999988720475e+01  2.4450761442375908e-02  9.9985954668365125e+00  1.0000265058580275e+01  9.7509034077563963e-05  9.8188800008429839e-05  -6.7976593086587574e-07  -1.2942364077360766e-04  1.3696834776303284e-04  1.4153982807769063e-04
4.4799999999999699e+01  6.9146437281407088e+01  6.3999999698115268e+01  6.3999999962382233e+01  2.4575312150399396e-02  5.9147881155872170e+01  6.4000000085363638e+01  6.3999999988443420e+01  2.4452241804231351e-02  9.9985561255349182e+00  1.0000260884325101e+01  9.9382343923154080e-05  1.0007065436407226e-04  -6.8831044091817483e-07  -1.3228049236955236e-04  1.3993804842090494e-04  1.4422906778461638e-04
4.5599999999999497e+01  6.9151583795459331e+01  6.3999999607289908e+01  6.3999999923003401e+01  2.4566909042097195e-02  5.9153619922311087e+01  6.4000000061385308e+01  6.3999999994867871e+01  2.4455862291702532e-02  9.9979638731482439e+00  9.9997070025898438e+00  1.0125619527674912e-04  1.0195251913862972e-04  -6.9632386188059965e-07  -1.3533393382472665e-04  1.4276623156719414e-04  1.4660604956186646e-04
4.6399999999999302e+01  6.9156821647526854e+01  6.3999999495374510e+01  6.3999999885656635e+01  2.4564112524037205e-02  5.9158891171950515e+01  6.4000000023366013e+01  6.3999999992716461e+01  2.4457656265472201e-02  9.9979304755763394e+00  9.9997098802041933e+00  1.0313259602962407e-04  1.0383314980494313e-04  -7.0055377531906147e-07  -1.3790145572232783e-04  1.4542312766954859e-04  1.4924884040913865e-04
4.7199999999999200e+01  6.9162129046316522e+01  6.3999999367952626e+01  6.3999999858644280e+01  2.4571255025683546e-02  5.9164231681548699e+01  6.3999999969429687e+01  6.3999999974665336e+01  2.4456281939440022e-02  9.9978973647678231e+00  9.9997132812179146e+00  1.0501486396381819e-04  1.0571665129141517e-04  -7.0178732759697705e-07  -1.4008529483250742e-04  1.4823588455872900e-04  1.5245754441253978e-04
4.7999999999998998e+01  6.9168221532257022e+01  6.3999999237143776e+01  6.3999999838955489e+01  2.4579269788125958e-02  5.9169658557828619e+01  6.3999999902112570e+01  6.3999999945683612e+01  2.4454639772846953e-02  9.9985629744284026e+00  1.0000418535208460e+01  1.0690272524125961e-04  1.0760593397837155e-04  -7.0320873711194232e-07  -1.4251210022579950e-04  1.5131713530575590e-04  1.5569165246451602e-04
4.8799999999998903e+01  6.9174372435745553e+01  6.3999999112759092e+01  6.3999999826891113e+01  2.4578215057212759e-02  5.9175192796496837e+01  6.3999999834265374e+01  6.3999999903370323e+01  2.4455736444914295e-02  9.9991796392487160e+00  1.0001073925919847e+01  1.0879190374280922e-04  1.0949831960793097e-04  -7.0641586512174741e-07  -1.4536375347329856e-04  1.5436746059893687e-04  1.5840959050370397e-04
4.9599999999998701e+01  6.9179972357970826e+01  6.3999998993794030e+01  6.3999999824437829e+01  2.4570543700500293e-02  5.9181128853021896e+01  6.3999999779734097e+01  6.3999999838954487e+01  2.4458670643789916e-02  9.9988435049489297e+00  1.0000774546586577e+01  1.1067677321433217e-04  1.1138722062692665e-04  -7.1044741259447953e-07  -1.4850413874997417e-04  1.5685790768594840e-04  1.6068911658694487e-04
5.0399999999998499e+01  6.9185654886108310e+01  6.3999998874681424e+01  6.3999999822732306e+01  2.4567356495435885e-02  5.9186842562404038e+01  6.3999999745792692e+01  6.3999999759392104e+01  2.4460075071973047e-02  9.9988123237042714e+00  1.0000779281644583e+01  1.1255427707015589e-04  1.1326759703557301e-04  -7.1331996541712213e-07  -1.5079872207484138e-04  1.5932382866963788e-04  1.6300227360217359e-04
5.1199999999998397e+01  6.9191788743165347e+01  6.3999998753174864e+01  6.3999999808933715e+01  2.4573240470774999e-02  5.9192872598565238e+01  6.3999999728783912e+01  6.3999999685466832e+01  2.4458748846055284e-02  9.9989161446001091e+00  1.0000923258910795e+01  1.1442658331000278e-04  1.1514049804441269e-04  -7.1391473440991348e-07  -1.5145121403885821e-04  1.6354367967358663e-04  1.6700945852205496e-04
5.1999999999998202e+01  6.9197633929049729e+01  6.3999998641216052e+01  6.3999999785025679e+01  2.4580423612763094e-02  5.9198747567270694e+01  6.3999999714008482e+01  6.3999999627531189e+01  2.4457111622049273e-02  9.9988863617790358e+00  1.0000930335000334e+01  1.1629953934346243e-04  1.1701150997351353e-04  -7.1197063005109271e-07  -1.5313003502284418e-04  1.6807107344500187e-04  1.7222062023476188e-04
5.2799999999998100e+01  6.9203584141045113e+01  6.3999998560987912e+01  6.3999999767103908e+01  2.4579688811692632e-02  5.9204726241274820e+01  6.3999999679226129e+01  6.3999999580084285e+01  2.4457741339004288e-02  9.9988578997702930e+00  1.0000937509974378e+01  1.1818108950367861e-04  1.1888836529339052e-04  -7.0727578971191440e-07  -1.5713981132184658e-04  1.7017654694357541e-04  1.7485521577643089e-04
5.3599999999997898e+01  6.9209633152112914e+01  6.3999998537515609e+01  6.3999999769814643e+01  2.4572744049294343e-02  5.9210794672142391e+01  6.3999999598580381e+01  6.3999999537611806e+01  2.4459934742578692e-02  9.9988384799705230e+00  1.0000953041144221e+01  1.2008015832792482e-04  1.2078017170407369e-04  -7.0001337614887906e-07  -1.6122211886706328e-04  1.7160778365475773e-04  1.7603324789746230e-04
5.4399999999997704e+01  6.9216070250104409e+01  6.3999998592423474e+01  6.3999999801491029e+01  2.4569404177675960e-02  5.9217496216041695e+01  6.3999999445629832e+01  6.3999999498977736e+01  2.4460856165083492e-02  9.9985740340627132e+00  1.0000727906718112e+01  1.2200053638737217e-04  1.2268877925973262e-04  -6.8824287236045160e-07  -1.6402032513875809e-04  1.7344506049943068e-04  1.7713410284327658e-04
5.5199999999997601e+01  6.9222639561560854e+01  6.3999998744704143e+01  6.3999999867668919e+01  2.4574079295834179e-02  5.9223716081720916e+01  6.3999999202770255e+01  6.3999999458412965e+01  2.4459439185934698e-02  9.9989234798399380e+00  1.0001115492527269e+01  1.2393354000631124e-04  1.2460595533635851e-04  -6.7241533004727379e-07  -1.6716989089562046e-04  1.7521175188145796e-04  1.7937099701600864e-04
5.5999999999997399e+01  6.9229236361459314e+01  6.3999998984405750e+01  6.3999999965524943e+01  2.4580184891048233e-02  5.9231030020419475e+01  6.3999998878681133e+01  6.3999999411795216e+01  2.4457684077838354e-02  9.9982063410398396e+00  1.0000439315408080e+01  1.2586547771670033e-04  1.2652629396875078e-04  -6.6081625205044480e-07  -1.7053458287961238e-04  1.8009248289154343e-04  1.8677146121862245e-04
5.6799999999997297e+01  6.9235641937066177e+01  6.3999999280446190e+01  6.4000000080722700e+01  2.4579538215167996e-02  5.9237446617104659e+01  6.3999998503776581e+01  6.3999999360717517e+01  2.4457772794402376e-02  9.9981953199615177e+00  1.0000458623849937e+01  1.2779276902601263e-04  1.2845141906909268e-04  -6.5865004308005254e-07  -1.7059817590370615e-04  1.8393482390753271e-04  1.8815168690661425e-04
5.7599999999997102e+01  6.9242143376984018e+01  6.3999999591803245e+01  6.4000000195096391e+01  2.4573303022977371e-02  5.9243948886071003e+01  6.3999998115363077e+01  6.3999999311079883e+01  2.4459187813631579e-02  9.9981944909130149e+00  1.0000492537163524e+01  1.2972250046719555e-04  1.3038761596014125e-04  -6.6511549294570008e-07  -1.7277078619944207e-04  1.8406813865961573e-04  1.8569573409328899e-04
5.8399999999997000e+01  6.9248723678739651e+01  6.3999999880482747e+01  6.4000000293782520e+01  2.4569826970167356e-02  5.9250527514413847e+01  6.3999997749621521e+01  6.3999999269057724e+01  2.4459594507954263e-02  9.9981961643258046e+00  1.0000532406949631e+01  1.3166607380354626e-04  1.3234225577586718e-04  -6.7618197232091094e-07  -1.7792902325092875e-04  1.8610810923195081e-04  1.8985602095297830e-04
5.9199999999996798e+01  6.9255385710078741e+01  6.4000000108010283e+01  6.4000000366858984e+01  2.4573167059793521e-02  5.9257195577890535e+01  6.3999997442563192e+01  6.3999999241025940e+01  2.4458007448489673e-02  9.9981901321882063e+00  1.0000562893701677e+01  1.3363097450950551e-04  1.3431458336191868e-04  -6.8360885241316831e-07  -1.8084196136712886e-04  1.8934153448943301e-04  1.9395127259811217e-04
5.9999999999996597e+01  6.9262147789319087e+01  6.4000000239788420e+01  6.4000000409839132e+01  2.4578012642601291e-02  5.9264597428780185e+01  6.3999997224386433e+01  6.3999999232484107e+01  2.4456023216028498e-02  9.9975503605389022e+00  9.9999633164484436e+00  1.3561279635036883e-04  1.3629803504776105e-04  -6.8523869739222612e-07  -1.8316265111170636e-04  1.9216668669614948e-04  1.9631078594880573e-04
6.0799999999996501e+01  6.9269014757481145e+01  6.4000000261295682e+01  6.4000000425754791e+01  2.4577307279618342e-02  5.9272038345991312e+01  6.3999997104904494e+01  6.3999999245760080e+01  2.4455541207435205e-02  9.9969764114898325e+00  9.9994304755413808e+00  1.3760137788008670e-04  1.3828594957983795e-04  -6.8457169975124211e-07  -1.8677838247269668e-04  1.9399941141158816e-04  1.9805417501664828e-04
6.1599999999996299e+01  6.9276339113439420e+01  6.4000000180191932e+01  6.4000000424142897e+01  2.4571647990510433e-02  5.9279011212834611e+01  6.3999997079657604e+01  6.3999999279560967e+01  2.4456215153343373e-02  9.9973279006048088e+00  9.9998230349535788e+00  1.3958961378870267e-04  1.4027100128911061e-04  -6.8138750040794369e-07  -1.9034776430330169e-04  1.9632804691541676e-04  2.0101117557846360e-04
6.2399999999996197e+01  6.9283383900605045e+01  6.4000000006216979e+01  6.4000000410614035e+01  2.4567919350229568e-02  5.9286201530054903e+01  6.3999997138358061e+01  6.3999999326795709e+01  2.4456069737671941e-02  9.9971823705501421e+00  9.9997169494629858e+00  1.4157297459770020e-04  1.4224711320761285e-04  -6.7413860991265154e-07  -1.9160961838115455e-04  2.0092202769239227e-04  2.0580401095955124e-04
6.3199999999996002e+01  6.9290516526625211e+01  6.3999999748401230e+01  6.4000000382548350e+01  2.4569823959473627e-02  5.9293945213277674e+01  6.3999997282580729e+01  6.3999999379486660e+01  2.4454216580251830e-02  9.9965713133475376e+00  9.9991477608581008e+00  1.4354803654063647e-04  1.4421126506202969e-04  -6.6322852139321840e-07  -1.9256622412023211e-04  2.0516819962443304e-04  2.0970298530177941e-04
6.3999999999995801e+01  6.9298042412458869e+01  6.3999999425716190e+01  6.4000000335695603e+01  2.4573318634964071e-02  5.9301194361176904e+01  6.3999997497101205e+01  6.3999999428559398e+01  2.4451945092748659e-02  9.9968480512819653e+00  9.9994658122639493e+00  1.4551521004368601e-04  1.4616564052499548e-04  -6.5043048130946908e-07  -1.9535807787135283e-04  2.0804708844950539e-04  2.1267230557238910e-04
6.4799999999996203e+01  6.9306012322708568e+01  6.3999999069724439e+01  6.4000000271070604e+01  2.4572461273675454e-02  5.9308703633356536e+01  6.3999997754550584e+01  6.3999999470098146e+01  2.4450873399170139e-02  9.9973086893520318e+00  9.9999702505709607e+00  1.4748023503615232e-04  1.4811639245620155e-04  -6.3615742004923047e-07  -1.9838564726906873e-04  2.1091570353950947e-04  2.1559660857406256e-04
6.5599999999996697e+01  6.9313439275286484e+01  6.3999998717027339e+01  6.4000000191604315e+01  2.4567231583925174e-02  5.9316126133276420e+01  6.3999998020910709e+01  6.3999999507549390e+01  2.4450800853918347e-02  9.9973131420100643e+00  1.0000013772009630e+01  1.4944931502815697e-04  1.5006825851068359e-04  -6.1894348252661572e-07  -2.0086313621373343e-04  2.1391663958088571e-04  2.1843552823256536e-04
6.6399999999997107e+01  6.9320948355761246e+01  6.3999998394452284e+01  6.4000000101225808e+01  2.4563077899889131e-02  5.9323632593128465e+01  6.3999998268877448e+01  6.3999999551010212e+01  2.4450092520492784e-02  9.9973157626327804e+00  1.0000055348114316e+01  1.5142499717482171e-04  1.5202300377140004e-04  -5.9800659657832851e-07  -2.0338162619476974e-04  2.1684335499582333e-04  2.2135282450136184e-04
6.7199999999997502e+01  6.9329352460104587e+01  6.3999998115309118e+01  6.4000000007547953e+01  2.4563487372339866e-02  5.9331233156925919e+01  6.3999998477377162e+01  6.3999999607063309e+01  2.4447912326959382e-02  9.9981193031786688e+00  1.0000902088493447e+01  1.5340661146619975e-04  1.5398060443368039e-04  -5.7399296748064242e-07  -2.0612695387055586e-04  2.1976461066863174e-04  2.2443231161194829e-04
6.7999999999997897e+01  6.9337063950459054e+01  6.3999997890074546e+01  6.3999999923160402e+01  2.4565677771793030e-02  5.9339434944113748e+01  6.3999998630586283e+01  6.3999999670901360e+01  2.4445263114145729e-02  9.9976290063453064e+00  1.0000453004615686e+01  1.5539206615685055e-04  1.5594059172125397e-04  -5.4852556440342136e-07  -2.0896329969626322e-04  2.2260645073245047e-04  2.2740063048383937e-04
6.8799999999998306e+01  6.9345240406448312e+01  6.3999997721927720e+01  6.3999999860064868e+01  2.4564625104218668e-02  5.9347213855524963e+01  6.3999998725729803e+01  6.3999999732371499e+01  2.4443551401963325e-02  9.9980265509233490e+00  1.0000890724007860e+01  1.5738038526115838e-04  1.5790387513075273e-04  -5.2348986959434665e-07  -2.1165326593250796e-04  2.2537132084581246e-04  2.3015301235673299e-04
6.9599999999998701e+01  6.9353126220834568e+01  6.3999997603161759e+01  6.3999999816671426e+01  2.4559632886280040e-02  5.9355086316470562e+01  6.3999998774105627e+01  6.3999999783500904e+01  2.4442713778647925e-02  9.9980399043640062e+00  1.0000941988883753e+01  1.5937295592256595e-04  1.5987242538313633e-04  -4.9946946057037654e-07  -2.1416014542283444e-04  2.2815147358094776e-04  2.3289640513236349e-04
7.0399999999999096e+01  6.9361270676335380e+01  6.3999997517507154e+01  6.3999999784496929e+01  2.4554914461837361e-02  5.9363524790608857e+01  6.3999998794129375e+01  6.3999999815136597e+01  2.4441384088993927e-02  9.9977458857265233e+00  1.0000689294069524e+01  1.6137159019269856e-04  1.6184682201298193e-04  -4.7523182028337226e-07  -2.1669509189063834e-04  2.3092423415124088e-04  2.3571746645841519e-04
7.1199999999999505e+01  6.9369336671159786e+01  6.3999997449019361e+01  6.3999999759827297e+01  2.4553896226171820e-02  5.9371592618389997e+01  6.3999998806686030e+01  6.3999999821337745e+01  2.4438758374252429e-02  9.9977440527697894e+00  1.0000726010791290e+01  1.6337623071817817e-04  1.6382561307733609e-04  -4.4938235915792119e-07  -2.1943240084470664e-04  2.3370366795158798e-04  2.3865281631283613e-04
7.1999999999999901e+01  6.9378791896617201e+01  6.3999997390377040e+01  6.3999999739313502e+01  2.4554898197593232e-02  5.9379752931914716e+01  6.3999998822517774e+01  6.3999999806037842e+01  2.4435614050370060e-02  9.9990389647024855e+00  1.0002066569323389e+01  1.6538529165544596e-04  1.6580726929891760e-04  -4.2197764347164557e-07  -2.2230962083809194e-04  2.3650307766438550e-04  2.4165140522209802e-04
7.2800000000000296e+01  6.9387046275164010e+01  6.3999997337592198e+01  6.3999999718588242e+01  2.4553567213242623e-02  5.9388288125492224e+01  6.3999998841933071e+01  6.3999999780085126e+01  2.4433193661924611e-02  9.9987581496717866e+00  1.0001825684157851e+01  1.6739772228355383e-04  1.6779171981380563e-04  -3.9399753025179504e-07  -2.2508228841753311e-04  2.3928265834569407e-04  2.4454967297273282e-04
7.3600000000000705e+01  6.9395866040328528e+01  6.3999997285623948e+01  6.3999999701038682e+01  2.4548580959165622e-02  5.9396937644909542e+01  6.3999998863020899e+01  6.3999999751952593e+01  2.4431537945666312e-02  9.9989283954189858e+00  1.0002038299868865e+01  1.6941396858215875e-04  1.6977976828493838e-04  -3.6579970277963786e-07  -2.2754852607020470e-04  2.4216739121729126e-04  2.4742857371416114e-04
7.4400000000001199e+01  6.9404308663102782e+01  6.3999997229130415e+01  6.3999999692053727e+01  2.4543198663395899e-02  5.9405357798051718e+01  6.3999998886032984e+01  6.3999999722715259e+01  2.4429489680729791e-02  9.9989508650510643e+00  1.0002099268623859e+01  1.7143493750917409e-04  1.7177148124145050e-04  -3.3654373227641216e-07  -2.2989412297738155e-04  2.4514797395194045e-04  2.5038185520619393e-04
7.5200000000001594e+01  6.9412939856828288e+01  6.3999997170273403e+01  6.3999999691235011e+01  2.4540867662509073e-02  5.9414231549719652e+01  6.3999998905437458e+01  6.3999999687739745e+01  2.4426276830289757e-02  9.9987083071086360e+00  1.0001898080646093e+01  1.7346069193048357e-04  1.7376598092685790e-04  -3.0528899637433495e-07  -2.3257966678223019e-04  2.4796185712047469e-04  2.5333504732184809e-04
7.6000000000002004e+01  6.9421571974360972e+01  6.3999997115325826e+01  6.3999999695895987e+01  2.4540759401064541e-02  5.9423055845558103e+01  6.3999998916586755e+01  6.3999999643647982e+01  2.4422508027001886e-02  9.9985161288028692e+00  1.0001746380504692e+01  1.7549071197276884e-04  1.7576294772116743e-04  -2.7223574839858595e-07  -2.3555699280191372e-04  2.5063996297408289e-04  2.5627355768318018e-04
7.6800000000002399e+01  6.9430529922573882e+01  6.3999997066690611e+01  6.3999999702329468e+01  2.4538984073088816e-02  5.9432212046225310e+01  6.3999998917318884e+01  6.3999999590797536e+01  2.4419292793649829e-02  9.9983178763485725e+00  1.0001590925458082e+01  1.7752504239503816e-04  1.7776317706060611e-04  -2.3813466556795609e-07  -2.3830180173462363e-04  2.5344818940967206e-04  2.5920107259020541e-04
7.7600000000002794e+01  6.9439338142145033e+01  6.3999997025003054e+01  6.3999999704227484e+01  2.4533745178153495e-02  5.9440972888566144e+01  6.3999998907743773e+01  6.3999999532573476e+01  2.4416740654951835e-02  9.9983652535788892e+00  1.0001677293695337e+01  1.7956435706380637e-04  1.7976732858247040e-04  -2.0297151866402875e-07  -2.4072099148160107e-04  2.5639141640024373e-04  2.6210956335709817e-04
7.8400000000003203e+01  6.9448563821487994e+01  6.3999996993057259e+01  6.3999999697026119e+01  2.4527626420398574e-02  5.9449824199278183e+01  6.3999998884165578e+01  6.3999999474727410e+01  2.4413858416818309e-02  9.9987396222098113e+00  1.0002092653866143e+01  1.8160908610643991e-04  1.8177498856466231e-04  -1.6590245822240522e-07  -2.4320507029109036e-04  2.5927346189472242e-04  2.6504016086301981e-04
7.9200000000003598e+01  6.9457562553345241e+01  6.3999996970950065e+01  6.3999999678208937e+01  2.4524077610600780e-02  5.9458767404996259e+01  6.3999998845800299e+01  6.3999999425256824e+01  2.4409917606871626e-02  9.9987951483489823e+00  1.0002187837064753e+01  1.8365889417078969e-04  1.8378535909283015e-04  -1.2646492204046022e-07  -2.4595962561830940e-04  2.6202129368312169e-04  2.6798927207587078e-04
8.0000000000003993e+01  6.9467263192863527e+01  6.3999996954221736e+01  6.3999999646963673e+01  2.4522839114764647e-02  5.9468140867162752e+01  6.3999998792079040e+01  6.3999999387346271e+01  2.4405405984166354e-02  9.9991223257007746e+00  1.0002559828681306e+01  1.8571301338426866e-04  1.8579844371509311e-04  -8.5430330824451655e-08  -2.4880820338869921e-04  2.6475004764291773e-04  2.7093131962718266e-04
8.0800000000004403e+01  6.9476880626471882e+01  6.3999996940339258e+01  6.3999999607525204e+01  2.4520368321643827e-02  5.9477495432454539e+01  6.3999998727957383e+01  6.3999999360153787e+01  2.4401313545012814e-02  9.9993851940173428e+00  1.0002865987152667e+01  1.8777116771325991e-04  1.8781504021225454e-04  -4.3872498994628958e-08  -2.5147082533545563e-04  2.6758231566018385e-04  2.7385994738701519e-04
8.1600000000004798e+01  6.9486139910184917e+01  6.3999996926230580e+01  6.3999999568449965e+01  2.4514612158631224e-02  5.9487511892947431e+01  6.3999998658469956e+01  6.3999999341275284e+01  2.4397782842799958e-02  9.9986280172374862e+00  1.0002152552782512e+01  1.8983392116583728e-04  1.8983555761409979e-04  -1.6364482625160371e-09  -2.5390867529089109e-04  2.7048440434995763e-04  2.7676823779758950e-04
8.2400000000005207e+01  6.9495491017719260e+01  6.3999996904616495e+01  6.3999999535416549e+01  2.4507692438104009e-02  5.9496831840168070e+01  6.3999998592831496e+01  6.3999999329526091e+01  2.4393956835032902e-02  9.9986591775511897e+00  1.0002223745079171e+01  1.9190187641718659e-04  1.9185931739145736e-04  4.2559025729228600e-08  -2.5638831360644319e-04  2.7332120570237216e-04  2.7968771634911916e-04
8.3200000000005701e+01  6.9504935960878640e+01  6.3999996872389652e+01  6.3999999510362571e+01  2.4507749828211568e-02  5.9506242543773695e+01  6.3999998537935681e+01  6.3999999322088954e+01  2.4395250871103585e-02  9.9986934171049455e+00  1.0002298325458085e+01  1.9397486618743463e-04  1.9388535906345616e-04  8.9507123978463084e-08  -2.7214669285273229e-04  2.8257077686357651e-04  2.8264097679555695e-04
8.4000000000006096e+01  6.9514472995665585e+01  6.3999996831966925e+01  6.3999999494232775e+01  2.4513881950973721e-02  5.9515739852253361e+01  6.3999998495187995e+01  6.3999999314306542e+01  2.4398037089359871e-02  9.9987331434122240e+00  1.0002378469007382e+01  1.9605220404695075e-04  1.9591362050243826e-04  1.3858354451249332e-07  -2.7479479544981650e-04  2.8557477698305410e-04  2.8564620656953450e-04
8.4800000000006506e+01  6.9524099439475705e+01  6.3999996785537149e+01  6.3999999486554131e+01  2.4519071229629007e-02  5.9526115008348398e+01  6.3999998463627449e+01  6.3999999303929776e+01  2.4401152638108759e-02  9.9979844311273069e+00  1.0001674003739801e+01  1.9813357642164221e-04  1.9794489302466721e-04  1.8868339697500174e-07  -2.7745780554609733e-04  2.8857858114948905e-04  2.8864819304602932e-04
8.5600000000006901e+01  6.9534652390595909e+01  6.3999996732735120e+01  6.3999999484532708e+01  2.4521234341161598e-02  5.9535765484436936e+01  6.3999998442108513e+01  6.3999999291113994e+01  2.4404827723246782e-02  9.9988869061589725e+00  1.0002621145468858e+01  2.0021938993659212e-04  1.9997967262163540e-04  2.3971731495672321e-07  -2.8035384439563209e-04  2.9150189450598198e-04  2.9156919562855419e-04
8.6400000000007296e+01  6.9544721262451318e+01  6.3999996675913373e+01  6.3999999484761958e+01  2.4522178772571776e-02  5.9545742405858675e+01  6.3999998429512203e+01  6.3999999276028859e+01  2.4408309725148000e-02  9.9989788565926432e+00  1.0002756152128306e+01  2.0231020475554616e-04  2.0201762716551792e-04  2.9257759002823138e-07  -2.8339442653539025e-04  2.9439469120063819e-04  2.9445931302309075e-04
8.7200000000007705e+01  6.9555041447338468e+01  6.3999996622880921e+01  6.3999999485728758e+01  2.4525040841265892e-02  5.9555993906073269e+01  6.3999998420500255e+01  6.3999999256684511e+01  2.4410926196616351e-02  9.9990475412651989e+00  1.0002870029161649e+01  2.0440613305603041e-04  2.0405830678613804e-04  3.4782626989236592e-07  -2.8628742147635049e-04  2.9735560738327764e-04  2.9741953681553505e-04
8.8000000000008100e+01  6.9565222807390839e+01  6.3999996578403824e+01  6.3999999486649948e+01  2.4530030170127868e-02  5.9566278293114394e+01  6.3999998411970942e+01  6.3999999235106124e+01  2.4412986029057195e-02  9.9989445142764453e+00  1.0002810774133579e+01  2.0650682600362560e-04  2.0610187668099026e-04  4.0494932263533158e-07  -2.8896961473446025e-04  3.0036611290664258e-04  3.0043226932927259e-04
8.8800000000008495e+01  6.9575330361899148e+01  6.3999996542371719e+01  6.3999999486207628e+01  2.4534265976868325e-02  5.9576933079675925e+01  6.3999998405039442e+01  6.3999999215961097e+01  2.4415307429865880e-02  9.9983972822232232e+00  1.0002307751739941e+01  2.0861197229237098e-04  2.0814883723238047e-04  4.6313505999050686e-07  -2.9165844628007423e-04  3.0332848051935511e-04  3.0339528043966181e-04
8.9600000000008905e+01  6.9585846380768913e+01  6.3999996510424062e+01  6.3999999482140282e+01  2.4535760743986959e-02  5.9587048927864679e+01  6.3999998397279285e+01  6.3999999199890667e+01  2.4418086359923041e-02  9.9987974529042347e+00  1.0002750678442091e+01  2.1072177831418988e-04  2.1019922408616198e-04  5.2255422802789816e-07  -2.9453306785353039e-04  3.0624011463996077e-04  3.0630352449627650e-04
9.0400000000009300e+01  6.9596563024742267e+01  6.3999996476955744e+01  6.3999999472204699e+01  2.4536024819049179e-02  5.9597254814323364e+01  6.3999998389842510e+01  6.3999999188090577e+01  2.4420668873634362e-02  9.9993082104189028e+00  1.0003304956595144e+01  2.1283673194014019e-04  2.1225251014468148e-04  5.8422179545871474e-07  -2.9750745921253803e-04  3.0918487055781415e-04  3.0924460613702991e-04
9.1200000000009794e+01  6.9606956152616135e+01  6.3999996439144816e+01  6.3999999456659140e+01  2.4537869463645959e-02  5.9607767529616567e+01  6.3999998382290244e+01  6.3999999177779216e+01  2.4422476713482858e-02  9.9991886229995686e+00  1.0003227877022617e+01  2.1495679230364604e-04  2.1430821715748557e-04  6.4857514616047237e-07  -3.0043022787222345e-04  3.1219285526797437e-04  3.1225206063549831e-04
9.2000000000010203e+01  6.9617804931621720e+01  6.3999996393660197e+01  6.3999999437682980e+01  2.4541599928748593e-02  5.9618140978880852e+01  6.3999998376409415e+01  6.3999999166346065e+01  2.4423770031478692e-02  9.9996639527408675e+00  1.0003746417356062e+01  2.1708117598811489e-04  2.1636621403411227e-04  7.1496195400261287e-07  -3.0319458079693150e-04  3.1516100244481909e-04  3.1522115197092046e-04
9.2800000000010598e+01  6.9628388577318617e+01  6.3999996340325588e+01  6.3999999416596161e+01  2.4544760178280636e-02  5.9628747839877327e+01  6.3999998373719272e+01  6.3999999152829929e+01  2.4425239754807853e-02  9.9996407374412897e+00  1.0003765104845556e+01  2.1920917774637767e-04  2.1842653742179955e-04  7.8264032457811702e-07  -3.0576992148514872e-04  3.1811894979509451e-04  3.1817802869396107e-04
9.3600000000010994e+01  6.9639810925172981e+01  6.3999996276382440e+01  6.3999999392898332e+01  2.4545545074342669e-02  5.9639295539369876e+01  6.3999998377164751e+01  6.3999999137493383e+01  2.4427057770159955e-02  1.0000515385803105e+01  1.0004684984003390e+01  2.2134085761719454e-04  2.2048923292485972e-04  8.5162469233481669e-07  -3.0847789693806818e-04  3.2120892253861800e-04  3.2126606422252531e-04
9.4400000000011403e+01  6.9650571726295638e+01  6.3999996206370703e+01  6.3999999367629108e+01  2.4545126138653148e-02  5.9650275700926954e+01  6.3999998384907215e+01  6.3999999119813381e+01  2.4428684684220714e-02  1.0000296025368684e+01  1.0004508375973380e+01  2.2347716784461316e-04  2.2255431339856412e-04  9.2285444604903242e-07  -3.1147224752491195e-04  3.2424350751223969e-04  3.2430003789816315e-04
9.5200000000011798e+01  6.9661425017130085e+01  6.3999996130662971e+01  6.3999999343050867e+01  2.4545904323579993e-02  5.9661319428130739e+01  6.3999998395380125e+01  6.3999999102264901e+01  2.4429628817870273e-02  1.0000105588999347e+01  1.0004360571848046e+01  2.2561952428950079e-04  2.2462197647546745e-04  9.9754781403334366e-07  -3.1436846259197274e-04  3.2706864890080973e-04  3.2712509775652645e-04
9.6000000000012193e+01  6.9672861135309773e+01  6.3999996047653752e+01  6.3999999319091692e+01  2.4548287260345778e-02  5.9672130111156733e+01  6.3999998406276994e+01  6.3999999086524632e+01  2.4430082968946547e-02  1.0000731024153040e+01  1.0005030062383412e+01  2.2776838940432250e-04  2.2669283181503674e-04  1.0755575892857641e-06  -3.1714900308462893e-04  3.2997329235717374e-04  3.3002926952936906e-04
9.6800000000012602e+01  6.9683882418067597e+01  6.3999995958128473e+01  6.3999999293376739e+01  2.4550311477878523e-02  5.9683574220842544e+01  6.3999998417011085e+01  6.3999999073806727e+01  2.4430614287670186e-02  1.0000308197225053e+01  1.0004651278295952e+01  2.2992275494745709e-04  2.2876745442189416e-04  1.1553005255629295e-06  -3.2005419960572779e-04  3.3306612475427172e-04  3.3312161834705815e-04
9.7600000000012997e+01  6.9694996348532115e+01  6.3999995862641754e+01  6.3999999265526846e+01  2.4550362178169419e-02  5.9695077415150003e+01  6.3999998426237319e+01  6.3999999063526467e+01  2.4431390870887582e-02  9.9999189333821121e+00  1.0004305560750012e+01  2.3208159407250671e-04  2.3084580431638588e-04  1.2357897561208358e-06  -3.2282781837812745e-04  3.3599423414184577e-04  3.3604834460804320e-04
9.8400000000013407e+01  6.9706721494844047e+01  6.3999995762663097e+01  6.3999999237418855e+01  2.4549216049666523e-02  5.9706753483377106e+01  6.3999998434247942e+01  6.3999999054685510e+01  2.4431991527209273e-02  9.9999680114669403e+00  1.0004401784322631e+01  2.3424475601321770e-04  2.3292748518689065e-04  1.3172708263270503e-06  -3.2549219983680762e-04  3.3874976137039198e-04  3.3880147801380558e-04
9.9200000000013802e+01  6.9718258985433351e+01  6.3999995657994127e+01  6.3999999209838755e+01  2.4548847459399462e-02  5.9717926486679652e+01  6.3999998442934526e+01  6.3999999045608256e+01  2.4431992995972221e-02  1.0000332498753700e+01  1.0004809497615284e+01  2.3641275994365154e-04  2.3501236422901025e-04  1.4003957146412917e-06  -3.2836353444976886e-04  3.4168546020796716e-04  3.4173646427275645e-04
1.0000000000001400e+02  6.9729783150236642e+01  6.3999995544294116e+01  6.3999999181655753e+01  2.4549813692016718e-02  5.9729663534480032e+01  6.3999998453376023e+01  6.3999999035993383e+01  2.4431509451870750e-02  1.0000119615756610e+01  1.0004641653540148e+01  2.3858656932072795e-04  2.3710057670083616e-04  1.4859926198917896e-06  -3.3120733987245773e-04  3.4474720262734010e-04  3.4479792935163611e-04
1.0080000000001500e+02  6.9742409729920496e+01  6.3999995424437621e+01  6.3999999152685866e+01  2.4550660602337303e-02  5.9741394760235835e+01  6.3999998464569558e+01  6.3999999025751634e+01  2.4430999615147386e-02  1.0001014969684661e+01  1.0005587036460980e+01  2.4076670761365081e-04  2.3919214611006236e-04  1.5745615035884532e-06  -3.3391930492639730e-04  3.4764643248582131e-04  3.4769599005564996e-04
1.0160000000001500e+02  6.9754014076808886e+01  6.3999995307887914e+01  6.3999999124062128e+01  2.4549912265168051e-02  5.9752830855049879e+01  6.3999998476720684e+01  6.3999999015371515e+01  2.4430649543070702e-02  1.0001183221759007e+01  1.0005797199063856e+01  2.4295271403928752e-04  2.4128685889289946e-04  1.6658551463880598e-06  -3.3681903418471238e-04  3.5048052936624378e-04  3.5052932619827160e-04
1.0240000000001500e+02  6.9766306303307857e+01  6.3999995189733255e+01  6.3999999095357495e+01  2.4547923601237781e-02  5.9764354180637000e+01  6.3999998491537823e+01  6.3999999005125119e+01  2.4430148742190107e-02  1.0001952122670858e+01  1.0006610099143941e+01  2.4514409656251914e-04  2.4338432452101599e-04  1.7597720415031505e-06  -3.3976145168538674e-04  3.5346192987474714e-04  3.5351032330121606e-04
1.0320000000001600e+02  6.9778843205062302e+01  6.3999995071998200e+01  6.3999999066028451e+01  2.4546297155193419e-02  5.9776570651775515e+01  6.3999998508217530e+01  6.3999998994349127e+01  2.4429115292025381e-02  1.0002272553286787e+01  1.0006978297182954e+01  2.4734080787114094e-04  2.4548419651288726e-04  1.8566113582536847e-06  -3.4245993958768672e-04  3.5644717712282430e-04  3.5653093792941120e-04
1.0400000000001600e+02  6.9790873577899092e+01  6.3999994948590228e+01  6.3999999033960613e+01  2.4545784988539404e-02  5.9788428448409469e+01  6.3999998525655535e+01  6.3999998983063797e+01  2.4427584689114185e-02  1.0002445129489622e+01  1.0007193413720437e+01  2.4954266050403022e-04  2.4758652702674164e-04  1.9561334772885816e-06  -3.4512654155314842e-04  3.5934108026271949e-04  3.5964835273487458e-04
1.0480000000001699e+02  6.9803069835458260e+01  6.3999994829578490e+01  6.3999999001634869e+01  2.4545391368146638e-02  5.9800649562952977e+01  6.3999998541967280e+01  6.3999998970314181e+01  2.4425936297035780e-02  1.0002420272505283e+01  1.0007213082362178e+01  2.5174926572958727e-04  2.4969155103291555e-04  2.0577146966717147e-06  -3.4792175000827912e-04  3.6227058233703681e-04  3.6281094154605470e-04
1.0560000000001700e+02  6.9815126370202094e+01  6.3999994710721552e+01  6.3999998968419021e+01  2.4543709596125011e-02  5.9812635295852068e+01  6.3999998556411867e+01  6.3999998955447744e+01  2.4424385101453790e-02  1.0002491074350026e+01  1.0007325555003902e+01  2.5396044911591125e-04  2.5179919190657210e-04  2.1612572093391495e-06  -3.5072161117103307e-04  3.6524328306915586e-04  3.6595938519285874e-04
1.0640000000001800e+02  6.9828011965069194e+01  6.3999994592610726e+01  6.3999998934837556e+01  2.4540704817867399e-02  5.9825499254072611e+01  6.3999998568550261e+01  6.3999998937781868e+01  2.4422708797277100e-02  1.0002512710996584e+01  1.0007396847315420e+01  2.5617639969149734e-04  2.5390934112673360e-04  2.2670585647637399e-06  -3.5345896265184996e-04  3.6817395662398485e-04  3.6905445948233186e-04
1.0720000000001799e+02  6.9840259492995557e+01  6.3999994476191979e+01  6.3999998900737232e+01  2.4537699471694777e-02  5.9837549801182341e+01  6.3999998581666013e+01  6.3999998918445677e+01  2.4420547112022465e-02  1.0002709691813216e+01  1.0007635242943977e+01  2.5839761347535764e-04  2.5602227346300410e-04  2.3753400123535488e-06  -3.5617249463517264e-04  3.7105047871831363e-04  3.7215216182539997e-04
1.0800000000001801e+02  6.9853064068447850e+01  6.3999994364882980e+01  6.3999998866714606e+01  2.4535645676947000e-02  5.9849686369630632e+01  6.3999998594664362e+01  6.3999998897692286e+01  2.4417868769884620e-02  1.0003377698817218e+01  1.0008347463961854e+01  2.6062445844008591e-04  2.5813833052946002e-04  2.4861279106258875e-06  -3.5891465657309396e-04  3.7391846289679250e-04  3.7529010568674047e-04
1.0880000000001900e+02  6.9865515356134736e+01  6.3999994257421136e+01  6.3999998832204476e+01  2.4533909390194140e-02  5.9862795020510433e+01  6.3999998605745027e+01  6.3999998875910613e+01  2.4414999335742083e-02  1.0002720335624304e+01  1.0007736411923112e+01  2.6285674671076164e-04  2.6025745954263145e-04  2.5992871681301973e-06  -3.6169472440017507e-04  3.7681575290904882e-04  3.7844643090915374e-04
1.0960000000001899e+02  6.9878425158669756e+01  6.3999994145489126e+01  6.3999998795375184e+01  2.4531104203648606e-02  5.9875319240751544e+01  6.3999998618657152e+01  6.3999998853832665e+01  2.4412182972471320e-02  1.0003105917918212e+01  1.0008167028032553e+01  2.6509403741074064e-04  2.6237935641479354e-04  2.7146809959470940e-06  -3.6445877666297250e-04  3.7973601509066107e-04  3.8158120625957353e-04
1.1040000000002000e+02  6.9891072952475653e+01  6.3999994040742259e+01  6.3999998758257831e+01  2.4526888718173909e-02  5.9887953600702645e+01  6.3999998630908003e+01  6.3999998831130007e+01  2.4409258000683005e-02  1.0003119351773009e+01  1.0008223693647118e+01  2.6733629577559755e-04  2.6450391574356472e-04  2.8323800320328367e-06  -3.6715864539984362e-04  3.8263970796834730e-04  3.8468528930769944e-04
1.1120000000002000e+02  6.9903812511757891e+01  6.3999993937216267e+01  6.3999998719716672e+01  2.4522398205194210e-02  5.9900769465818406e+01  6.3999998642064597e+01  6.3999998808992792e+01  2.4405872074540771e-02  1.0003043045939485e+01  1.0008191217281762e+01  2.6958398212572525e-04  2.6663134587942198e-04  2.9526362463032775e-06  -3.6982353495377564e-04  3.8549850225849875e-04  3.8778869732060048e-04
1.1200000000001999e+02  6.9917146995581106e+01  6.3999993834510747e+01  6.3999998680279795e+01  2.4518741319235905e-02  5.9913336890701665e+01  6.3999998648808415e+01  6.3999998786689005e+01  2.4401948244688297e-02  1.0003810104879442e+01  1.0009003434556071e+01  2.7183743040788206e-04  2.6876184814717300e-04  3.0755822607090558e-06  -3.7251764417970697e-04  3.8834090179781810e-04  3.9092208709833146e-04
1.1280000000002100e+02  6.9930074970677296e+01  6.3999993723716202e+01  6.3999998638702429e+01  2.4515529092835050e-02  5.9926346625361504e+01  6.3999998651863763e+01  6.3999998764527888e+01  2.4397779594413544e-02  1.0003728345315793e+01  1.0008966023179745e+01  2.7409633990346636e-04  2.7089532360567573e-04  3.2010162977906304e-06  -3.7527786231714551e-04  3.9121744899924443e-04  3.9408619130106601e-04
1.1360000000002100e+02  6.9943846775435972e+01  6.3999993606725930e+01  6.3999998596516498e+01  2.4511387033887597e-02  5.9939519721969241e+01  6.3999998654937848e+01  6.3999998742365769e+01  2.4393626585321720e-02  1.0004327053466731e+01  1.0009613621014715e+01  2.7636032101837948e-04  2.7303146998882414e-04  3.3288510295553450e-06  -3.7802628755955077e-04  3.9409107043766249e-04  3.9721492213122501e-04
1.1440000000002200e+02  6.9957278083986864e+01  6.3999993473676803e+01  6.3999998551795734e+01  2.4505782711762500e-02  5.9952375427936623e+01  6.3999998659688380e+01  6.3999998719952380e+01  2.4389360675938918e-02  1.0004902656050241e+01  1.0010233806789849e+01  2.7862979746316713e-04  2.7517035866536838e-04  3.4594387977987507e-06  -3.8061759408020829e-04  3.9695543283067337e-04  4.0028979423471707e-04
1.1520000000002200e+02  6.9970699422171151e+01  6.3999993339030524e+01  6.3999998507494546e+01  2.4499726427568039e-02  5.9965316289128587e+01  6.3999998667002792e+01  6.3999998697790438e+01  2.4384636529954175e-02  1.0005383133042564e+01  1.0010758497221190e+01  2.8090556150763793e-04  2.7731270122493347e-04  3.5928602827044642e-06  -3.8320085786763965e-04  3.9985549213107825e-04  4.0343619371231861e-04
1.1600000000002200e+02  6.9984782832293021e+01  6.3999993201504090e+01  6.3999998463119667e+01  2.4494397381210686e-02  5.9978342935615302e+01  6.3999998678204257e+01  6.3999998675823157e+01  2.4379356067680984e-02  1.0006439896677719e+01  1.0011862566661144e+01  2.8318753068316246e-04  2.7945897820469992e-04  3.7285524784625443e-06  -3.8601287784503400e-04  4.0261851368672238e-04  4.0657646308744618e-04
1.1680000000002300e+02  6.9998190785217403e+01  6.3999993062811278e+01  6.3999998418293501e+01  2.4489549846931122e-02  5.9991455722734564e+01  6.3999998693686798e+01  6.3999998653938412e+01  2.4373789644753702e-02  1.0006735062482839e+01  1.0012200769420204e+01  2.8547476266148114e-04  2.8160865044981720e-04  3.8661122116639447e-06  -3.8879471095003141e-04  4.0525350797242666e-04  4.0954210575172079e-04
1.1760000000002300e+02  7.0011693543987349e+01  6.3999992924184838e+01  6.3999998373179046e+01  2.4493496269293841e-02  6.0007169096512328e+01  6.3999998707731606e+01  6.3999998631204726e+01  2.4373352613433534e-02  1.0004524447475021e+01  1.0010046256068492e+01  2.8776661658931179e-04  2.8376071979182004e-04  4.0058967974917494e-06  -4.0533974998047372e-04  4.1252837615060736e-04  4.1257741840640020e-04
1.1840000000002399e+02  7.0025289924548247e+01  6.3999992787018485e+01  6.3999998327932254e+01  2.4497342795903640e-02  6.0020456268104986e+01  6.3999998724475866e+01  6.3999998610558571e+01  2.4377818871575259e-02  1.0004833656443260e+01  1.0010399456790466e+01  2.9006328435944768e-04  2.8591487624769182e-04  4.1484081117558577e-06  -4.0838839198561913e-04  4.1583418729142831e-04  4.1588177767149165e-04
1.1920000000002400e+02  7.0039734532000992e+01  6.3999992652453130e+01  6.3999998282663064e+01  2.4500638806269470e-02  6.0033828996563578e+01  6.3999998739302463e+01  6.3999998590086797e+01  2.4381840511521438e-02  1.0005905535437414e+01  1.0011519260205482e+01  2.9236536456933376e-04  2.8807187508578149e-04  4.2934894835522635e-06  -4.1166501036292463e-04  4.1911592779749981e-04  4.1916310542141358e-04
1.2000000000002400e+02  7.0053905089181526e+01  6.3999992518579404e+01  6.3999998236383952e+01  2.4504594163672556e-02  6.0047287908354065e+01  6.3999998751789150e+01  6.3999998569318215e+01  2.4385331546713154e-02  1.0006617180827462e+01  1.0012276458425276e+01  2.9467340569172627e-04  2.9023238558229566e-04  4.4410201094306073e-06  -4.1464260936982257e-04  4.2204548134403404e-04  4.2209224795774044e-04
1.2080000000002499e+02  7.0068635584725854e+01  6.3999992384218267e+01  6.3999998189702495e+01  2.4509073403303078e-02  6.0060870735011072e+01  6.3999998762552231e+01  6.3999998549323543e+01  2.4388534919332083e-02  1.0007764849714782e+01  1.0013473128696610e+01  2.9698771995168461e-04  2.9239571701959228e-04  4.5920029320923260e-06  -4.1731689161906427e-04  4.2485223570169436e-04  4.2489819875784492e-04
1.2160000000002501e+02  7.0082613930881536e+01  6.3999992251584985e+01  6.3999998143301511e+01  2.4512814154188649e-02  6.0074501741642848e+01  6.3999998771136191e+01  6.3999998528125694e+01  2.4391680033896287e-02  1.0008112189238688e+01  1.0013865401303519e+01  2.9930841353867734e-04  2.9456078970140900e-04  4.7476238372683426e-06  -4.2039267443081296e-04  4.2811255886987309e-04  4.2815720231651979e-04
1.2240000000002600e+02  7.0097025723804023e+01  6.3999992126254085e+01  6.3999998099260516e+01  2.4515168721726849e-02  6.0088944305684429e+01  6.3999998779591586e+01  6.3999998506075094e+01  2.4394669757848018e-02  1.0008081418119595e+01  1.0013884427948810e+01  3.0163543637728800e-04  2.9672805457152417e-04  4.9073818057638295e-06  -4.2380522951744121e-04  4.3166602742181215e-04  4.3170987090208093e-04
1.2320000000002599e+02  7.0111401194176622e+01  6.3999991991161828e+01  6.3999998052315419e+01  2.4516951467022173e-02  6.0103607595478685e+01  6.3999998789084891e+01  6.3999998482712400e+01  2.4397222636410688e-02  1.0007793598697937e+01  1.0013645215745989e+01  3.0396821716125214e-04  2.9889920308093660e-04  5.0690140803155421e-06  -4.2682816586117275e-04  4.3472803336797749e-04  4.3477189498534904e-04
1.2400000000002700e+02  7.0125794950064915e+01  6.3999991850302663e+01  6.3999998003037653e+01  2.4519275556439901e-02  6.0117490568647163e+01  6.3999998803069801e+01  6.3999998459225651e+01  2.4399257575088873e-02  1.0008304381417751e+01  1.0014200250023912e+01  3.0630583460570994e-04  3.0107480017887257e-04  5.2310344268373756e-06  -4.2945385314304319e-04  4.3724481644032159e-04  4.3728812905106332e-04
1.2480000000002700e+02  7.0140137991611482e+01  6.3999991714020638e+01  6.3999997953793660e+01  2.4522043035690180e-02  6.0131557411870538e+01  6.3999998819256305e+01  6.3999998434924024e+01  2.4400989626102394e-02  1.0008580579740944e+01  1.0014521963965450e+01  3.0864804175046367e-04  3.0325318268418280e-04  5.3948590662808763e-06  -4.3220308384253094e-04  4.4008095508769342e-04  4.4012301841643705e-04
1.2560000000002699e+02  7.0154917966153747e+01  6.3999991574493514e+01  6.3999997902819388e+01  2.4524140341738231e-02  6.0145610781651854e+01  6.3999998838559407e+01  6.3999998410361783e+01  2.4402623571644882e-02  1.0009307184501893e+01  1.0015295942983514e+01  3.1099506590930091e-04  3.0543258942210630e-04  5.5624764871946156e-06  -4.3537354830054643e-04  4.4369774246509749e-04  4.4373887681514745e-04
1.2640000000002800e+02  7.0169761401877224e+01  6.3999991439015119e+01  6.3999997851458659e+01  2.4524975647082739e-02  6.0160336832416867e+01  6.3999998859351308e+01  6.3999998384728030e+01  2.4404077962719487e-02  1.0009424569460357e+01  1.0015462031217020e+01  3.1334672048312481e-04  3.0761345046647834e-04  5.7332700166464736e-06  -4.3859610022741542e-04  4.4724682227043305e-04  4.4728745676536966e-04
1.2720000000002800e+02  7.0185000672336784e+01  6.3999991286226596e+01  6.3999997794438151e+01  2.4525219808407377e-02  6.0175168343315342e+01  6.3999998881543739e+01  6.3999998358913224e+01  2.4405107880114268e-02  1.0009832329021442e+01  1.0015919470955488e+01  3.1570322421550372e-04  3.0979740125007196e-04  5.9058229654317552e-06  -4.4123189403609872e-04  4.4991060992960620e-04  4.4995071323903008e-04
1.2800000000002899e+02  7.0200738786478226e+01  6.3999991143088508e+01  6.3999997738708593e+01  2.4525827219983757e-02  6.0189492178960926e+01  6.3999998905074953e+01  6.3999998332323102e+01  2.4405638881392813e-02  1.0011246607517300e+01  1.0017384382420943e+01  3.1806596859522250e-04  3.1198487486062287e-04  6.0810937345996295e-06  -4.4371810538697905e-04  4.5241015964226483e-04  4.5244954787923222e-04
1.2880000000002801e+02  7.0215572329696059e+01  6.3999990999521764e+01  6.3999997682508720e+01  2.4526763634119930e-02  6.0204123933030878e+01  6.3999998929201467e+01  6.3999998305986530e+01  2.4405849516310377e-02  1.0011448396665180e+01  1.0017633850039573e+01  3.2043625179467995e-04  3.1417476275424840e-04  6.2614890404315499e-06  -4.4699909863088401e-04  4.5571016987654519e-04  4.5574878035245487e-04
1.2960000000002699e+02  7.0231125247345375e+01  6.3999990850299525e+01  6.3999997625376650e+01  2.4527129357217192e-02  6.0218626467428777e+01  6.3999998953302729e+01  6.3999998279404828e+01  2.4405913022435062e-02  1.0012498779916598e+01  1.0018733070808153e+01  3.2281403141496014e-04  3.1636624612347013e-04  6.4477852914900124e-06  -4.5054247560221984e-04  4.5930273324455196e-04  4.5934064506382584e-04
1.3040000000002601e+02  7.0246368560363919e+01  6.3999990702178643e+01  6.3999997568331437e+01  2.4526388071840283e-02  6.0233947420903867e+01  6.3999998977673357e+01  6.3999998254340319e+01  2.4405771080522665e-02  1.0012421139460052e+01  1.0018704012841638e+01  3.2519825786542130e-04  3.1856003204263494e-04  6.6382258227863601e-06  -4.5325404607965322e-04  4.6223229023721434e-04  4.6226935884071714e-04
1.3120000000002599e+02  7.0261489780241362e+01  6.3999990548022076e+01  6.3999997509094754e+01  2.4525010130518467e-02  6.0249335229570654e+01  6.3999999002334384e+01  6.3999998228610799e+01  2.4405226284694478e-02  1.0012154550670708e+01  1.0018485117956516e+01  3.2758807238922598e-04  3.2075718060302935e-04  6.8308917861966334e-06  -4.5561262223739425e-04  4.6475959312070275e-04  4.6479552552962616e-04
1.3200000000002501e+02  7.0277455380429529e+01  6.3999990385217259e+01  6.3999997447769225e+01  2.4523769664221227e-02  6.0265161981449737e+01  6.3999999022730528e+01  6.3999998200775643e+01  2.4404204277333523e-02  1.0012293398979793e+01  1.0018676473187924e+01  3.2998369981485385e-04  3.2295765387861083e-04  7.0260459362430196e-06  -4.5861075919601067e-04  4.6773676769767264e-04  4.6777235035015246e-04
1.3280000000002400e+02  7.0292767861954289e+01  6.3999990215418798e+01  6.3999997385689973e+01  2.4522737210101120e-02  6.0280080628854250e+01  6.3999999041288866e+01  6.3999998171624675e+01  2.4402837538780909e-02  1.0012687233100038e+01  1.0019113293975167e+01  3.3238567051856416e-04  3.2516127144389771e-04  7.2243990746664443e-06  -4.6195199889423170e-04  4.7114617555552273e-04  4.7118213398257330e-04
1.3360000000002299e+02  7.0308710563135762e+01  6.3999990040727269e+01  6.3999997323123324e+01  2.4521263679774138e-02  6.0295382862362359e+01  6.3999999060165408e+01  6.3999998139526177e+01  2.4401272529798738e-02  1.0013327700773402e+01  1.0019799921169714e+01  3.3479327208568661e-04  3.2736909486403811e-04  7.4241772216485048e-06  -4.6481301143199501e-04  4.7419773793520344e-04  4.7423290241349213e-04
1.3440000000002300e+02  7.0325098719756554e+01  6.3999989854666929e+01  6.3999997257501335e+01  2.4518848372548849e-02  6.0310399468349601e+01  6.3999999079696892e+01  6.3999998104596322e+01  2.4399475123033490e-02  1.0014699251406952e+01  1.0021218107755487e+01  3.3720504031960386e-04  3.2958227858604402e-04  7.6227617335598440e-06  -4.6723786808222965e-04  4.7666150525214532e-04  4.7669532691003709e-04
1.3520000000002199e+02  7.0340705359666416e+01  6.3999989681407570e+01  6.3999997196667842e+01  2.4515727588275655e-02  6.0326147506460181e+01  6.3999999087433942e+01  6.3999998067659959e+01  2.4397291233854097e-02  1.0014557853206234e+01  1.0021123472414715e+01  3.3962061635422949e-04  3.3179985050171325e-04  7.8207658525162411e-06  -4.6990567943952912e-04  4.7928200913549692e-04  4.7951090414285943e-04
1.3600000000002100e+02  7.0356926955684614e+01  6.3999989546225791e+01  6.3999997149185923e+01  2.4512511573949226e-02  6.0341339816447032e+01  6.3999999072541243e+01  6.3999998029060734e+01  2.4394648008424596e-02  1.0015587139237581e+01  1.0022200443566369e+01  3.4204103725248594e-04  3.3401873899188553e-04  8.0222982606004069e-06  -4.7290654927711071e-04  4.8250148154364419e-04  4.8305533815746717e-04
1.3680000000002099e+02  7.0373270376296816e+01  6.3999989424590225e+01  6.3999997104364319e+01  2.4509403579353769e-02  6.0356769087754166e+01  6.3999999036794577e+01  6.3999997989026966e+01  2.4391626713099804e-02  1.0016501288542649e+01  1.0023163018888980e+01  3.4446730908422918e-04  3.3623656932828467e-04  8.2307397559445105e-06  -4.7573358290970888e-04  4.8587324337333548e-04  4.8645046733477801e-04
1.3760000000002000e+02  7.0389488630671778e+01  6.3999989328352200e+01  6.3999997064456409e+01  2.4505977043890306e-02  6.0372228729585146e+01  6.3999998995878912e+01  6.3999997951624373e+01  2.4388350168104853e-02  1.0017259901086632e+01  1.0023968239656782e+01  3.4689954768380669e-04  3.3845403242925516e-04  8.4455152545515272e-06  -4.7835451147355612e-04  4.8899053858528262e-04  4.8952101128775332e-04
1.3840000000001899e+02  7.0405703444581235e+01  6.3999989208540356e+01  6.3999997021658210e+01  2.4501730440408112e-02  6.0388559112732722e+01  6.3999998966430660e+01  6.3999997922726052e+01  2.4384826661371106e-02  1.0017144331848513e+01  1.0023902629701915e+01  3.4933784000630168e-04  3.4067382965367470e-04  8.6640103526269829e-06  -4.8108979799688117e-04  4.9185962453258297e-04  4.9270692855167206e-04
1.3920000000001801e+02  7.0421786085672437e+01  6.3999989059862990e+01  6.3999996974791344e+01  2.4496690470802655e-02  6.0404486472361022e+01  6.3999998962981820e+01  6.3999997899114035e+01  2.4380928134995539e-02  1.0017299613311415e+01  1.0024104450336559e+01  3.5178330673882910e-04  3.4289778450129991e-04  8.8855222375291889e-06  -4.8392069634647326e-04  4.9458498369130350e-04  4.9611592882926848e-04
1.4000000000001799e+02  7.0438725310510890e+01  6.3999988859491715e+01  6.3999996909124391e+01  2.4491350148475977e-02  6.0420265613876133e+01  6.3999998996616597e+01  6.3999997880282791e+01  2.4376553066534495e-02  1.0018459696634757e+01  1.0025314730980568e+01  3.5423753782971065e-04  3.4512580894213479e-04  9.1117288875758535e-06  -4.8674065308765139e-04  4.9732758136938459e-04  4.9949073496940186e-04
1.4080000000001701e+02  7.0455119758462189e+01  6.3999988611246970e+01  6.3999996821290900e+01  2.4486054671355863e-02  6.0436068677471894e+01  6.3999999071816852e+01  6.3999997874381890e+01  2.4371755514731107e-02  1.0019051080990295e+01  1.0025952746505581e+01  3.5670108549710154e-04  3.4735708434414627e-04  9.3440011529552784e-06  -4.8961347431236409e-04  5.0022342833264501e-04  5.0281905093267154e-04
1.4160000000001600e+02  7.0471524450622766e+01  6.3999988311044646e+01  6.3999996716071159e+01  2.4480564007572796e-02  6.0452640063011273e+01  6.3999999173050618e+01  6.3999997877447534e+01  2.4366650199224668e-02  1.0018884387611493e+01  1.0025835287755633e+01  3.5917300384310786e-04  3.4959119009538730e-04  9.5818137477205628e-06  -4.9250336987600660e-04  5.0319513250040573e-04  5.0619818631817293e-04
1.4240000000001501e+02  7.0488777598176569e+01  6.3999988007789440e+01  6.3999996609381000e+01  2.4474327820265887e-02  6.0469549845713622e+01  6.3999999282492219e+01  6.3999997876024082e+01  2.4361262652930281e-02  1.0019227752462946e+01  1.0026232784495036e+01  3.6165151390625869e-04  3.5182820568044738e-04  9.8233082258113061e-06  -4.9518085554918490e-04  5.0605813814672506e-04  5.0950351039786017e-04
1.4320000000001500e+02  7.0505727613724446e+01  6.3999987708490025e+01  6.3999996495348185e+01  2.4471440618026825e-02  6.0485524011293336e+01  6.3999999384208785e+01  6.3999997865060124e+01  2.4355510092803415e-02  1.0020203602431110e+01  1.0027255229778504e+01  3.6413447197250134e-04  3.5406836294687370e-04  1.0066109025627646e-05  -5.1262811830065714e-04  5.0885718408543725e-04  5.1269733580321282e-04
1.4400000000001401e+02  7.0523564122428567e+01  6.3999987424656325e+01  6.3999996378602631e+01  2.4476283496420663e-02  6.0501582343878638e+01  6.3999999464926816e+01  6.3999997848612864e+01  2.4350915016895638e-02  1.0021981778549929e+01  1.0029084649430224e+01  3.6662019170731860e-04  3.5631139438619449e-04  1.0308797321124106e-05  -5.1571883321874148e-04  5.1397272316327418e-04  5.1578710534389981e-04
1.4480000000001300e+02  7.0540447038858247e+01  6.3999987181726404e+01  6.3999996279529249e+01  2.4481145889758547e-02  6.0517723728672664e+01  6.3999999521823170e+01  6.3999997825411114e+01  2.4355570730571471e-02  1.0022723310185583e+01  1.0029871932869270e+01  3.6910878661012859e-04  3.5855646166640438e-04  1.0552324943724207e-05  -5.1856462203021076e-04  5.1725897534526228e-04  5.1863292989430998e-04
1.4560000000001301e+02  7.0557362709397822e+01  6.3999986962523799e+01  6.3999996201974817e+01  2.4485921026744351e-02  6.0533947472836878e+01  6.3999999561932768e+01  6.3999997786458721e+01  2.4359861824130989e-02  1.0023415236560943e+01  1.0030610015674249e+01  3.7160171103550478e-04  3.6080360742630379e-04  1.0798103609200986e-05  -5.2153360490968920e-04  5.2058848204916686e-04  5.2169411612689213e-04
1.4640000000001200e+02  7.0574746201800309e+01  6.3999986764882152e+01  6.3999996136093280e+01  2.4490026617595608e-02  6.0551478455598023e+01  6.3999999592807058e+01  6.3999997729279016e+01  2.4363875020532201e-02  1.0023267746202286e+01  1.0030516798822582e+01  3.7410058772706394e-04  3.6305388263185677e-04  1.1046705095207172e-05  -5.2492497509928091e-04  5.2404967333970751e-04  5.2556011598293181e-04
1.4720000000001099e+02  7.0592145352960131e+01  6.3999986577660565e+01  6.3999996065423609e+01  2.4493163188534423e-02  6.0568297283966231e+01  6.3999999627312341e+01  6.3999997670995675e+01  2.4367514863097312e-02  1.0023848068993900e+01  1.0031146572380294e+01  3.7660723045956256e-04  3.6530744272704328e-04  1.1299787732519284e-05  -5.2813185536928630e-04  5.2705183125255177e-04  5.2920642551068067e-04
1.4800000000001000e+02  7.0609619791260300e+01  6.3999986393300553e+01  6.3999995986653417e+01  2.4495736424020201e-02  6.0585033613203834e+01  6.3999999663893639e+01  6.3999997619614781e+01  2.4370655892637323e-02  1.0024586178056467e+01  1.0031934410151472e+01  3.7912218694262167e-04  3.6756397724781913e-04  1.1558209694802538e-05  -5.3118471275569493e-04  5.2996351024620504e-04  5.3290920493835169e-04
1.4880000000000999e+02  7.0627397978282318e+01  6.3999986210572793e+01  6.3999995905317412e+01  2.4498333987270082e-02  6.0601581824566374e+01  6.3999999697694719e+01  6.3999997572298561e+01  2.4373327728006208e-02  1.0025816153715944e+01  1.0033214749054551e+01  3.8164384593637523e-04  3.6982396013489653e-04  1.1819885801478706e-05  -5.3463004866140696e-04  5.3358069310473774e-04  5.3691788643065147e-04
1.4960000000000900e+02  7.0644986556200593e+01  6.3999986058718378e+01  6.3999995828763005e+01  2.4500923239398592e-02  6.0618854000845907e+01  6.3999999720724510e+01  6.3999997526242510e+01  2.4375648208115726e-02  1.0026132555354685e+01  1.0033582209698857e+01  3.8417114352969322e-04  3.7208736788494988e-04  1.2083775644743339e-05  -5.3768063990978750e-04  5.3693142160234737e-04  5.4046695956508730e-04
1.5040000000000799e+02  7.0663303562290878e+01  6.3999985908689332e+01  6.3999995744284597e+01  2.4502873831642746e-02  6.0636131633379037e+01  6.3999999733983856e+01  6.3999997487527757e+01  2.4377674006254901e-02  1.0027171928911841e+01  1.0034676364237725e+01  3.8670420991523729e-04  3.7435380684222661e-04  1.2350403073010680e-05  -5.4026500143868040e-04  5.3960302594802654e-04  5.4368245088150008e-04
1.5120000000000701e+02  7.0680874098582422e+01  6.3999985773460679e+01  6.3999995660965070e+01  2.4503806248463048e-02  6.0653099887748787e+01  6.3999999740982616e+01  6.3999997456235796e+01  2.4379333856957106e-02  1.0027774210833634e+01  1.0035327701380041e+01  3.8924296128367347e-04  3.7662343093459804e-04  1.2619530349075429e-05  -5.4355231616477176e-04  5.4280596081233274e-04  5.4747843303016859e-04
1.5200000000000699e+02  7.0698874882099901e+01  6.3999985639519196e+01  6.3999995589017011e+01  2.4504115127501464e-02  6.0670527746496958e+01  6.3999999747110529e+01  6.3999997424566715e+01  2.4380489365911535e-02  1.0028347135602942e+01  1.0035952539906454e+01  3.9178828126401957e-04  3.7889522036700619e-04  1.2893060897013384e-05  -5.4692500238040498e-04  5.4625803410890818e-04  5.5144070255398303e-04
1.5280000000000601e+02  7.0717038933357770e+01  6.3999985497255437e+01  6.3999995530688608e+01  2.4504415486223462e-02  6.0688219962734507e+01  6.3999999753274899e+01  6.3999997386476871e+01  2.4381130417885751e-02  1.0028818970623263e+01  1.0036477040778749e+01  3.9434142622050305e-04  3.8116782110177952e-04  1.3173605118723525e-05  -5.4970726292275993e-04  5.4927425554919377e-04  5.5503536974874947e-04
1.5360000000000500e+02  7.0735971361071435e+01  6.3999985335685047e+01  6.3999995474680240e+01  2.4504669183478739e-02  6.0705299303184866e+01  6.3999999764247363e+01  6.3999997349178763e+01  2.4381419718093784e-02  1.0030672057886569e+01  1.0038383668274911e+01  3.9690191245697739e-04  3.8344208706386529e-04  1.3459825393112102e-05  -5.5277622903055423e-04  5.5259389927495917e-04  5.5860875019028407e-04
1.5440000000000501e+02  7.0753929598688501e+01  6.3999985166287800e+01  6.3999995413818588e+01  2.4504258452945533e-02  6.0723353499542334e+01  6.3999999775837040e+01  6.3999997307739754e+01  2.4381444224423999e-02  1.0030576099146167e+01  1.0038339396127228e+01  3.9946933102776001e-04  3.8571890806574208e-04  1.3750422962017931e-05  -5.5602751136084479e-04  5.5582087149266379e-04  5.6221765347401031e-04
1.5520000000000400e+02  7.0772761552132806e+01  6.3999984992194641e+01  6.3999995346893741e+01  2.4502874790594348e-02  6.0740736608995164e+01  6.3999999791127820e+01  6.3999997262855359e+01  2.4381092165266224e-02  1.0032024943137642e+01  1.0039840894883284e+01  4.0204393797661889e-04  3.8799813273903972e-04  1.4045805237579163e-05  -5.5886117851068823e-04  5.5852586686981241e-04  5.6586966155189409e-04
1.5600000000000301e+02  7.0791576784444928e+01  6.3999984786005562e+01  6.3999995266226165e+01  2.4500906826987124e-02  6.0758654676350702e+01  6.3999999808433699e+01  6.3999997212264610e+01  2.4380241675208608e-02  1.0032922108094226e+01  1.0040791582944244e+01  4.0462421095936041e-04  3.9028070101646619e-04  1.4343509942894221e-05  -5.6190160351598693e-04  5.6180120809308065e-04  5.6972963793168940e-04
1.5680000000000200e+02  7.0810057823820472e+01  6.3999984597785989e+01  6.3999995184573955e+01  2.4498868847989325e-02  6.0776093374677231e+01  6.3999999830802160e+01  6.3999997166993083e+01  2.4378899097479423e-02  1.0033964449143241e+01  1.0041878918082233e+01  4.0720854264553554e-04  3.9256687360892290e-04  1.4641669036612648e-05  -5.6496293314267025e-04  5.6511789006754990e-04  5.7328667060968161e-04
1.5760000000000201e+02  7.0828416944385594e+01  6.3999984408332423e+01  6.3999995095437150e+01  2.4496733838378838e-02  6.0794203505065283e+01  6.3999999851019908e+01  6.3999997124720878e+01  2.4377153480779436e-02  1.0034213439320311e+01  1.0042174100048619e+01  4.0979768945927141e-04  3.9485515524393934e-04  1.4942534215332066e-05  -5.6730389074356334e-04  5.6764898861676183e-04  5.7621932478820262e-04
1.5840000000000100e+02  7.0847508415525340e+01  6.3999984195933472e+01  6.3999994996425869e+01  2.4493973159929693e-02  6.0812078927337097e+01  6.3999999869631907e+01  6.3999997081740389e+01  2.4375080852920034e-02  1.0035429488188242e+01  1.0043440618135065e+01  4.1239277538061760e-04  3.9714543225170091e-04  1.5247343128916690e-05  -5.7008592403273305e-04  5.7071528909519739e-04  5.7961355817234849e-04
1.5919999999999999e+02  7.0866612959294017e+01  6.3999983988419231e+01  6.3999994902261939e+01  2.4490218959369082e-02  6.0829904045697489e+01  6.3999999894754488e+01  6.3999997035425977e+01  2.4372637090891547e-02  1.0036708913596527e+01  1.0044769867982708e+01  4.1499462413799461e-04  3.9943850334519225e-04  1.5556120792802367e-05  -5.7354528842887861e-04  5.7434631176650280e-04  5.8375512768879978e-04
1.5999999999999901e+02  7.0885249914599314e+01  6.3999983764311828e+01  6.3999994809764338e+01  2.4485752966654898e-02  6.0848690404951149e+01  6.3999999929145353e+01  6.3999996998025949e+01  2.4369692359188684e-02  1.0036559509648164e+01  1.0044670696008325e+01  4.1760459091496184e-04  4.0173396578493725e-04  1.5870625130024591e-05  -5.7630425726745932e-04  5.7709097369376444e-04  5.8739120082035886e-04
1.6079999999999899e+02  7.0904431389847815e+01  6.3999983524635645e+01  6.3999994718378701e+01  2.4481113106895505e-02  6.0867109761165359e+01  6.3999999975535808e+01  6.3999996965454969e+01  2.4366239275259889e-02  1.0037321628682456e+01  1.0045484306961136e+01  4.2022268744344276e-04  4.0403171498965543e-04  1.6190972453787329e-05  -5.7880486941601134e-04  5.7958976412249047e-04  5.9054532398968831e-04
1.6159999999999800e+02  7.0924300330053498e+01  6.3999983272063560e+01  6.3999994625015226e+01  2.4476312008697109e-02  6.0885028239911875e+01  6.4000000024650831e+01  6.3999996936063376e+01  2.4362405809041823e-02  1.0039272090141623e+01  1.0047487138102184e+01  4.2284730100291412e-04  4.0633192322056912e-04  1.6515377782344999e-05  -5.8189157494658022e-04  5.8286373171827612e-04  5.9414963348656917e-04
1.6239999999999699e+02  7.0943718455691297e+01  6.3999983007022678e+01  6.3999994525986210e+01  2.4470860611079396e-02  6.0903298505585120e+01  6.4000000073087961e+01  6.3999996904251994e+01  2.4358223075858585e-02  1.0040419950106177e+01  1.0048684705686178e+01  4.2547756063153708e-04  4.0863377603700624e-04  1.6843784594530839e-05  -5.8480378355161135e-04  5.8608809910213288e-04  5.9785267816287943e-04
1.6319999999999700e+02  7.0962761213123116e+01  6.3999982750998974e+01  6.3999994428289526e+01  2.4464522662130599e-02  6.0921862393998069e+01  6.4000000122271459e+01  6.3999996872139498e+01  2.4353587533662888e-02  1.0040898819125047e+01  1.0049211982563925e+01  4.2811342755596550e-04  4.1093735147709271e-04  1.7176076078872788e-05  -5.8715423373834931e-04  5.8888505127071319e-04  6.0103339641044370e-04
1.6399999999999599e+02  7.0982900347747318e+01  6.3999982487973270e+01  6.3999994328700339e+01  2.4457578038304239e-02  6.0940946386509594e+01  6.4000000168984997e+01  6.3999996840023876e+01  2.4348436775935053e-02  1.0041953961237724e+01  1.0050324581184711e+01  4.3075479924219396e-04  4.1324411463597964e-04  1.7510684606214316e-05  -5.8968630457345171e-04  5.9174871641425400e-04  6.0421732832223159e-04
1.6479999999999501e+02  7.1002186855543997e+01  6.3999982241454440e+01  6.3999994232384019e+01  2.4451677636660750e-02  6.0959212298867882e+01  6.4000000209032933e+01  6.3999996804390229e+01  2.4342788889575185e-02  1.0042974556676114e+01  1.0051392728805105e+01  4.3340225407290952e-04  4.1555453832860842e-04  1.7847715744301101e-05  -6.0771375935911569e-04  5.9461074396993782e-04  6.0777575320061935e-04
1.6559999999999400e+02  7.1021569985746467e+01  6.3999981997299855e+01  6.3999994133772574e+01  2.4457612362970282e-02  6.0977646657033198e+01  6.4000000240751845e+01  6.3999996760319178e+01  2.4336680407929006e-02  1.0043923328713269e+01  1.0052389147405222e+01  4.3605687944160671e-04  4.1786794266018769e-04  1.8188936781419020e-05  -6.1117014678743775e-04  5.9739476155390566e-04  6.1123319641601137e-04
1.6639999999999401e+02  7.1041731290877621e+01  6.3999981755923670e+01  6.3999994035644342e+01  2.4462976850100817e-02  6.0996988676249877e+01  6.4000000268018397e+01  6.3999996708064593e+01  2.4330153462992710e-02  1.0044742614627744e+01  1.0053264535286104e+01  4.3871882534472762e-04  4.2018388129662224e-04  1.8534944048105378e-05  -6.1442847140343309e-04  6.0027632781994974e-04  6.1448955567543629e-04
1.6719999999999300e+02  7.1061849405277002e+01  6.3999981511699410e+01  6.3999993938434436e+01  2.4467546890567581e-02  6.1016333627376497e+01  6.4000000299852132e+01  6.3999996659208378e+01  2.4333803979493234e-02  1.0045515777900505e+01  1.0054093360549416e+01  4.4138759707023479e-04  4.2250229907097101e-04  1.8885297999263781e-05  -6.1774954146605842e-04  6.0405027272193636e-04  6.1780814732794657e-04
1.6799999999999201e+02  7.1082018705601286e+01  6.3999981249311055e+01  6.3999993835303620e+01  2.4471337973275390e-02  6.1035027001546375e+01  6.4000000339195154e+01  6.3999996608128257e+01  2.4338458985971267e-02  1.0046991704054911e+01  1.0055621440577056e+01  4.4406326327675057e-04  4.2482334224582891e-04  1.9239921030921666e-05  -6.2112000253610508e-04  6.0745338531269959e-04  6.2117802855970712e-04
1.6879999999999100e+02  7.1102036412980084e+01  6.3999981005909795e+01  6.3999993735389850e+01  2.4474631236255661e-02  6.1053791254283659e+01  6.4000000378480593e+01  6.3999996559525776e+01  2.4342532800473101e-02  1.0048245158696425e+01  1.0056925475637279e+01  4.4674611909114204e-04  4.2714720903138997e-04  1.9598910059752069e-05  -6.2446716667863972e-04  6.1076813998913143e-04  6.2456439821341155e-04
1.6959999999999101e+02  7.1122270016825127e+01  6.3999980760047478e+01  6.3999993630443015e+01  2.4477634016405320e-02  6.1073082907721400e+01  6.4000000415291282e+01  6.3999996510262939e+01  2.4346113276676729e-02  1.0049187109103727e+01  1.0057920781908727e+01  4.4943595473682403e-04  4.2947382741609304e-04  1.9962127320730994e-05  -6.2776180932585244e-04  6.1409601145314926e-04  6.2857807174110836e-04
1.7039999999999000e+02  7.1143104048677898e+01  6.3999980517420980e+01  6.3999993522888595e+01  2.4480188229136526e-02  6.1092465829543798e+01  6.4000000450438080e+01  6.3999996461858956e+01  2.4349290402618972e-02  1.0050638219134100e+01  1.0059428445059439e+01  4.5213231828775558e-04  4.3180289242779606e-04  2.0329425859959521e-05  -6.3097230700666189e-04  6.1749856966225461e-04  6.3248302559522525e-04
1.7119999999998899e+02  7.1163420102040817e+01  6.3999980285300055e+01  6.3999993416216711e+01  2.4482012345778539e-02  6.1111711102839188e+01  6.4000000484699967e+01  6.3999996414022398e+01  2.4352012188796155e-02  1.0051708999201630e+01  1.0060551557516533e+01  4.5483498993768639e-04  4.3413423440970879e-04  2.0700755527977598e-05  -6.3413818769479733e-04  6.2090326845956601e-04  6.3638948999400903e-04
1.7199999999998900e+02  7.1183991280173530e+01  6.3999980043838079e+01  6.3999993306920913e+01  2.4483114262859890e-02  6.1131280813350273e+01  6.4000000516226905e+01  6.3999996361059310e+01  2.4354211672571808e-02  1.0052710466823257e+01  1.0061607766672275e+01  4.5754409493282923e-04  4.3646800262635884e-04  2.1076092306470382e-05  -6.3733217758618036e-04  6.2420552251122696e-04  6.4037256706725378e-04
1.7279999999998799e+02  7.1204896745582758e+01  6.3999979787909332e+01  6.3999993195859055e+01  2.4483729351314154e-02  6.1150987108364909e+01  6.4000000545666609e+01  6.3999996311651770e+01  2.4355922364835247e-02  1.0053909637217849e+01  1.0062863267407614e+01  4.6025996393669617e-04  4.3880440557617225e-04  2.1455558360523918e-05  -6.4053555967418440e-04  6.2742994996444607e-04  6.4435923060462866e-04
1.7359999999998701e+02  7.1225619828007567e+01  6.3999979510925655e+01  6.3999993079827341e+01  2.4483968573654542e-02  6.1170958555964916e+01  6.4000000575077479e+01  6.3999996257897102e+01  2.4357175481338360e-02  1.0054661272042651e+01  1.0063670416513538e+01  4.6298268115709483e-04  4.4114331584341372e-04  2.1839365313681112e-05  -6.4368288539194544e-04  6.3067659009366321e-04  6.4828376149830738e-04
1.7439999999998599e+02  7.1246805177168568e+01  6.3999979245308921e+01  6.3999992969516597e+01  2.4483729528803330e-02  6.1190616413268181e+01  6.4000000607824134e+01  6.3999996207044731e+01  2.4357946987400875e-02  1.0056188763900387e+01  1.0065253754956309e+01  4.6571169884314449e-04  4.4348441700565365e-04  2.2227281837490834e-05  -6.4679101015995292e-04  6.3397734233781736e-04  6.5216698242781122e-04
1.7519999999998601e+02  7.1267815687736729e+01  6.3999978980286308e+01  6.3999992860468417e+01  2.4482831877329189e-02  6.1210532608182469e+01  6.4000000638170505e+01  6.3999996153903261e+01  2.4358245839972970e-02  1.0057283079554260e+01  1.0066402577010734e+01  4.6844626139759413e-04  4.4582772047423993e-04  2.2618540923354197e-05  -6.4985888107708641e-04  6.3728560423610442e-04  6.5598090354835031e-04
1.7599999999998499e+02  7.1289359896124111e+01  6.3999978728332970e+01  6.3999992755645394e+01  2.4481139216836131e-02  6.1229981709438022e+01  6.4000000668794783e+01  6.3999996101298478e+01  2.4358087628211313e-02  1.0059378186686089e+01  1.0068552254475335e+01  4.7118619732221896e-04  4.4817341181438544e-04  2.3012785507833518e-05  -6.5282369460488096e-04  6.4048842264086180e-04  6.5972525729208120e-04
1.7679999999998401e+02  7.1310686051126737e+01  6.3999978464166240e+01  6.3999992643140786e+01  2.4478712659557134e-02  6.1249860566238532e+01  6.4000000694403511e+01  6.3999996048929312e+01  2.4357402930299896e-02  1.0060825484888205e+01  1.0070054411356629e+01  4.7393196133858326e-04  4.5052124334451577e-04  2.3410717994067488e-05  -6.5575012652534541e-04  6.4354336804556072e-04  6.6354183212561442e-04
1.7759999999998300e+02  7.1331667234658923e+01  6.3999978183904759e+01  6.3999992523272631e+01  2.4475830340104813e-02  6.1269819141721435e+01  6.4000000717200521e+01  6.3999995991073170e+01  2.4356143894651856e-02  1.0061848092937488e+01  1.0071125477046145e+01  4.7668407403324726e-04  4.5287070269835184e-04  2.3813371334895420e-05  -6.5874869880521195e-04  6.4667018019933810e-04  6.6744568147335845e-04
1.7839999999998301e+02  7.1352832565194632e+01  6.3999977915422491e+01  6.3999992405605084e+01  2.4472628651452773e-02  6.1289510183837756e+01  6.4000000737699111e+01  6.3999995934460038e+01  2.4354407666082160e-02  1.0063322381356876e+01  1.0072647098987119e+01  4.7944280954254781e-04  4.5522155740010617e-04  2.4221252142441634e-05  -6.6174858812547538e-04  6.4998954599384130e-04  6.7124530729035679e-04
1.7919999999998200e+02  7.1374541155095201e+01  6.3999977630884032e+01  6.3999992280811107e+01  2.4468834185422800e-02  6.1309614299446970e+01  6.4000000754626697e+01  6.3999995876994156e+01  2.4352282224825286e-02  1.0064926855648231e+01  1.0074303368964358e+01  4.8220837165445962e-04  4.5757379057949533e-04  2.4634581074964290e-05  -6.6462577571235499e-04  6.5318886197217817e-04  6.7490329761248937e-04
1.7999999999998099e+02  7.1396722970183120e+01  6.3999977373953371e+01  6.3999992164191312e+01  2.4464139865194013e-02  6.1330452788607523e+01  6.4000000770145093e+01  6.3999995820740260e+01  2.4349683468539298e-02  1.0066270181575597e+01  1.0075704614896061e+01  4.8498122682167266e-04  4.5992749888645824e-04  2.5053727935214418e-05  -6.6741324112361538e-04  6.5612264206316119e-04  6.7859280119186404e-04
1.8079999999998100e+02  7.1417992729859876e+01  6.3999977100944442e+01  6.3999992041845900e+01  2.4458688294385144e-02  6.1350654527394170e+01  6.4000000789239692e+01  6.3999995760952316e+01  2.4346509724379777e-02  1.0067338202465706e+01  1.0076821791948440e+01  4.8776189547929100e-04  4.6228302374710017e-04  2.5478871732190829e-05  -6.7026628460801563e-04  6.5912502133356414e-04  6.8239088767279102e-04
1.8159999999998001e+02  7.1439953039702928e+01  6.3999976810953619e+01  6.3999991914635174e+01  2.4452845571606246e-02  6.1371053477563599e+01  6.4000000811063657e+01  6.3999995700670013e+01  2.4342816942906156e-02  1.0068899562139329e+01  1.0078436275478715e+01  4.9055018357492411e-04  4.6464072060152756e-04  2.5909462973396557e-05  -6.7321536524727135e-04  6.6230756047586895e-04  6.8619937117159755e-04
1.8239999999997900e+02  7.1461843617107363e+01  6.3999976532791784e+01  6.3999991791315288e+01  2.4446630118984111e-02  6.1391926499132857e+01  6.4000000835616149e+01  6.3999995644773279e+01  2.4338690301055291e-02  1.0069917117974505e+01  1.0079507658029378e+01  4.9334510957393311e-04  4.6700081497070092e-04  2.6344294603232194e-05  -6.7601325483312893e-04  6.6536839850023081e-04  6.8985818365824422e-04
1.8319999999997799e+02  7.1484354402113254e+01  6.3999976273179350e+01  6.3999991675250286e+01  2.4439692125107805e-02  6.1412677868508240e+01  6.4000000868393215e+01  6.3999995588719408e+01  2.4334089535476926e-02  1.0071676533605014e+01  1.0081323473110452e+01  4.9614595901479675e-04  4.6936371826332489e-04  2.6782240751471861e-05  -6.7851313126720788e-04  6.6821685517782126e-04  6.9329236219537783e-04
1.8399999999997800e+02  7.1506047731986385e+01  6.3999975983589422e+01  6.3999991547480050e+01  2.4435455210350458e-02  6.1433407546811850e+01  6.4000000901261487e+01  6.3999995536051927e+01  2.4328938903933551e-02  1.0072640185174535e+01  1.0082338514977991e+01  4.9895310673288783e-04  4.7172996667471287e-04  2.7223140058174958e-05  -6.9664486433968073e-04  6.7108398176380973e-04  6.9670163486459046e-04
1.8479999999997699e+02  7.1528653309950826e+01  6.3999975655608672e+01  6.3999991407069729e+01  2.4441102928421516e-02  6.1454259392757010e+01  6.4000000937711462e+01  6.3999995476436261e+01  2.4323227892230851e-02  1.0074393917193817e+01  1.0084148968860163e+01  5.0176758638029184e-04  4.7409968590471363e-04  2.7667900475578208e-05  -7.0028861403420616e-04  6.7404303807206615e-04  7.0034415184964157e-04
1.8559999999997601e+02  7.1550682466921529e+01  6.3999975336653286e+01  6.3999991269740470e+01  2.4446236964966270e-02  6.1475659832156737e+01  6.4000000973963054e+01  6.3999995418478321e+01  2.4316952162509769e-02  1.0075022634764792e+01  1.0084832491309243e+01  5.0459001161441371e-04  4.7647254626437550e-04  2.8117465350038209e-05  -7.0402763559300236e-04  6.7692375593146419e-04  7.0408222356575063e-04
1.8639999999997499e+02  7.1573456516178013e+01  6.3999975002134555e+01  6.3999991128581215e+01  2.4450930055423700e-02  6.1496172389095953e+01  6.4000001016266140e+01  6.3999995360926718e+01  2.4310096033334422e-02  1.0077284127082059e+01  1.0087147898675212e+01  5.0742013743806371e-04  4.7884830992393003e-04  2.8571827514133682e-05  -7.0751765870556292e-04  6.7969706145288721e-04  7.0757115289624031e-04
1.8719999999997501e+02  7.1596334191155378e+01  6.3999974673537935e+01  6.3999990991159720e+01  2.4454976955712797e-02  6.1516764365344947e+01  6.4000001062498285e+01  6.3999995303576519e+01  2.4313362264298120e-02  1.0079569825810431e+01  1.0089488264794994e+01  5.1025745857598346e-04  4.8122704460001534e-04  2.9030413975968128e-05  -7.1077458068145719e-04  6.8166401123389512e-04  7.1082690465507938e-04
1.8799999999997399e+02  7.1618696763746314e+01  6.3999974330039628e+01  6.3999990848959413e+01  2.4458138567472820e-02  6.1538095776748605e+01  6.4000001107986023e+01  6.3999995244024774e+01  2.4318092470263859e-02  1.0080600986997709e+01  1.0090574593149391e+01  5.1310190803148840e-04  4.8360871962625725e-04  2.9493188405231151e-05  -7.1412932585373427e-04  6.8523234160728882e-04  7.1418015097929484e-04
1.8879999999997301e+02  7.1641388238985513e+01  6.3999973985041017e+01  6.3999990706569051e+01  2.4460462019914010e-02  6.1559537811393113e+01  6.4000001148666172e+01  6.3999995180408867e+01  2.4322248788405054e-02  1.0081850427592400e+01  1.0091881218019878e+01  5.1595373311194527e-04  4.8599295273097520e-04  2.9960780380970068e-05  -7.1768216942530471e-04  6.8867616170997098e-04  7.1793631671067035e-04
1.8959999999997299e+02  7.1664318322409031e+01  6.3999973644148902e+01  6.3999990566423108e+01  2.4462279266773530e-02  6.1581005564137705e+01  6.4000001185700839e+01  6.3999995121707329e+01  2.4325761971812659e-02  1.0083312758271326e+01  1.0093401393270540e+01  5.1881279051739276e-04  4.8837926428411320e-04  3.0433526233279566e-05  -7.2116628276324389e-04  6.9214430750458972e-04  7.2236448012284651e-04
1.9039999999997201e+02  7.1687686202586647e+01  6.3999973276999015e+01  6.3999990417602710e+01  2.4463756837600867e-02  6.1602224561673317e+01  6.4000001225610816e+01  6.3999995066791811e+01  2.4328736489041436e-02  1.0085461640913330e+01  1.0095608500502948e+01  5.2167839828757819e-04  4.9076734659663521e-04  3.0911051690942978e-05  -7.2438085437753113e-04  6.9572642599155163e-04  7.2647084108872699e-04
1.9119999999997100e+02  7.1710600257039957e+01  6.3999972923723035e+01  6.3999990270795962e+01  2.4464607268186295e-02  6.1623586038818260e+01  6.4000001262388963e+01  6.3999995011244948e+01  2.4331285429977405e-02  1.0087014218221697e+01  1.0097216570905992e+01  5.2455021171479688e-04  4.9315714337038786e-04  3.1393068344409019e-05  -7.2746709241391233e-04  6.9926022372203585e-04  7.3045643792736580e-04
1.9199999999996999e+02  7.1733938466282837e+01  6.3999972584839576e+01  6.3999990126235943e+01  2.4464495569753171e-02  6.1645323344693516e+01  6.4000001289167685e+01  6.3999994955192633e+01  2.4333323551276084e-02  1.0088615121589321e+01  1.0098876867111443e+01  5.2742877933011111e-04  4.9554882887495615e-04  3.1879950455154966e-05  -7.3068758111278760e-04  7.0263557092589191e-04  7.3467043092091753e-04
1.9279999999997000e+02  7.1757138666560309e+01  6.3999972218448320e+01  6.3999989970324556e+01  2.4463532427454419e-02  6.1667411519511106e+01  6.4000001304647029e+01  6.3999994899775302e+01  2.4334719322747882e-02  1.0089727147049203e+01  1.0100047915249931e+01  5.3031476244296623e-04  4.9794252055633244e-04  3.2372241886633791e-05  -7.3406820284819077e-04  7.0596162541160321e-04  7.3908434823965769e-04
1.9359999999996899e+02  7.1780436363569038e+01  6.3999971908136885e+01  6.3999989832682559e+01  2.4462063488006745e-02  6.1688947983862278e+01  6.4000001316900324e+01  6.3999994845298467e+01  2.4335515956677385e-02  1.0091488379706760e+01  1.0101863655705117e+01  5.3320798659786911e-04  5.0033801715390104e-04  3.2869969443968068e-05  -7.3734264665658699e-04  7.0934747344425877e-04  7.4332784864746134e-04
1.9439999999996800e+02  7.1804074077098065e+01  6.3999971576226407e+01  6.3999989685378033e+01  2.4460146712186513e-02  6.1710819874579670e+01  6.4000001330356312e+01  6.3999994783603071e+01  2.4335827769813856e-02  1.0093254202518395e+01  1.0103686641561332e+01  5.3610756464897620e-04  5.0273512707973761e-04  3.3372437569238592e-05  -7.4032772037632884e-04  7.1275148138448324e-04  7.4724635879608683e-04
1.9519999999996699e+02  7.1827977017463965e+01  6.3999971234301789e+01  6.3999989536153585e+01  2.4457516744499697e-02  6.1732521357146140e+01  6.4000001343821921e+01  6.3999994725352792e+01  2.4335630028545229e-02  1.0095455660317825e+01  1.0105945447337945e+01  5.3901284504180266e-04  5.0513405566179675e-04  3.3878789380005904e-05  -7.4319839195298204e-04  7.1607317873069443e-04  7.5110994551294444e-04
1.9599999999996700e+02  7.1851938761936040e+01  6.3999970911912378e+01  6.3999989394763787e+01  2.4453990920816970e-02  6.1754327393843674e+01  6.4000001357865372e+01  6.3999994662488284e+01  2.4334816351199041e-02  1.0097611368092366e+01  1.0108158122076453e+01  5.4192409808140698e-04  5.0753507150468665e-04  3.4389026576720329e-05  -7.4618199828107505e-04  7.1928512012553003e-04  7.5516508868512914e-04
1.9679999999996599e+02  7.1875839434055933e+01  6.3999970609354484e+01  6.3999989260742616e+01  2.4449685422472132e-02  6.1776321290993387e+01  6.4000001373380854e+01  6.3999994591656076e+01  2.4333387123251195e-02  1.0099518143062546e+01  1.0110118100894177e+01  5.4484204135881451e-04  5.0993803764086724e-04  3.4904003717947272e-05  -7.4922020972862562e-04  7.2246282019388188e-04  7.5929354961271620e-04
1.9759999999996501e+02  7.1899550027597840e+01  6.3999970270826388e+01  6.3999989114848361e+01  2.4444779641426821e-02  6.1798522942406336e+01  6.4000001392276246e+01  6.3999994521758197e+01  2.4331415554571547e-02  1.0101027085191504e+01  1.0111679455689696e+01  5.4776697029841680e-04  5.1234263846643808e-04  3.5424331831978716e-05  -7.5213596003202981e-04  7.2569182836735484e-04  7.6325749403914275e-04
1.9839999999996499e+02  7.1923943389141414e+01  6.3999969936292665e+01  6.3999988974275723e+01  2.4439260867807705e-02  6.1820539671144608e+01  6.4000001411032201e+01  6.3999994447664058e+01  2.4328902261891727e-02  1.0103403717996805e+01  1.0114111083540109e+01  5.5069884394898813e-04  5.1474889802361921e-04  3.5949945925368922e-05  -7.5489871673018881e-04  7.2894089282188746e-04  7.6702966921624353e-04
1.9919999999996401e+02  7.1948134387410363e+01  6.3999969605899992e+01  6.3999988835346947e+01  2.4433014926625380e-02  6.1842852851770672e+01  6.4000001427230458e+01  6.3999994374416723e+01  2.4325822837008498e-02  1.0105281535639691e+01  1.0116043851512437e+01  5.5363775551781069e-04  5.1715718247113626e-04  3.6480573046674433e-05  -7.5762917514448724e-04  7.3208648883948881e-04  7.7080473688641434e-04
1.9999999999996299e+02  7.1971993914845697e+01  6.3999969252425871e+01  6.3999988685026715e+01  2.4425971175642918e-02  6.1865506049410946e+01  6.4000001446144665e+01  6.3999994298330108e+01  2.4322207540566472e-02  1.0106487865434751e+01  1.0117304599880640e+01  5.5658385212257870e-04  5.1956773927495546e-04  3.7016112847623240e-05  -7.6044060574943654e-04  7.3510170287575960e-04  7.7474242322858361e-04
2.0000999999996299e+02  7.1972291732596958e+01  6.3999969248227600e+01  6.3999988683214887e+01  2.4425877872055943e-02  6.1865780795017564e+01  6.4000001446388893e+01  6.3999994297387701e+01  2.4322159037807423e-02  1.0106510937579394e+01  1.0117328306045238e+01  5.5662072423787125e-04  5.1959788533938395e-04  3.7022838898487296e-05  -7.6047607440796888e-04  7.3513904814549984e-04  7.7479233266234239e-04
