# downsampled to dt=0.5 from the every-step stream
# time L2_Ham L2_Mom min_rho_req max_rho_req integral_neg_rho L2_Ham_rel L2_Mom_rel pump_force_L2 governor pump_fi_L2 L2_Ham_amr L2_Mom_amr L2_Ham_amr_rel L2_Mom_amr_rel Linf_Ham_amr L2_Ham_amr_ref
   0.0100000    3.2835772984e-04    1.3747959853e-06   -1.3061281254e-04    1.3282026294e-04    4.6704065180e-01    7.6416628922e-01    8.5937682184e-01    0.0000000000e+00    9.9999999991e-01    0.0000000000e+00    2.6670217710e-04    1.5004054021e-06    6.5785465206e-01    8.5746285965e-01    4.8190455558e-03    0.0000000000e+00
   0.5100000    1.2731217613e-04    7.5922726192e-06   -1.2932453683e-04    1.3158749942e-04    1.0486578138e-01    4.1974146406e-01    4.4600275404e-01    0.0000000000e+00    9.9999999992e-01    0.0000000000e+00    5.1205716605e-05    8.3204863322e-06    1.6648241768e-01    4.4437221438e-01    1.6906422754e-03    0.0000000000e+00
   1.0100000    8.0462748875e-05    4.5777586942e-06   -1.2767083913e-04    1.2996222513e-04    7.2036341990e-02    2.8045416856e-01    3.2789044663e-01    0.0000000000e+00    9.9999999992e-01    0.0000000000e+00    4.1467628801e-05    4.8865825752e-06    1.3542610851e-01    3.1937850388e-01    1.4353687822e-03    0.0000000000e+00
   1.5100000    6.2989621195e-05    3.7042485027e-06   -1.2640607143e-04    1.2901022785e-04    5.9155488736e-02    2.2278472263e-01    4.5619417137e-01    0.0000000000e+00    9.9999999992e-01    0.0000000000e+00    3.7337288376e-05    3.8289531310e-06    1.2204270439e-01    4.3752958810e-01    1.3225266428e-03    0.0000000000e+00
   2.0100000    5.0930274521e-05    3.1703197855e-06   -1.2455284402e-04    1.2698196158e-04    4.9486669196e-02    1.8152797690e-01    2.6939601087e-01    0.0000000000e+00    9.9999999992e-01    0.0000000000e+00    3.3906834546e-05    3.2412116444e-06    1.1086697252e-01    2.5228421341e-01    1.1886985759e-03    0.0000000000e+00
   2.5100000    4.0133976563e-05    2.7032722040e-06   -1.2561073728e-04    1.2879004576e-04    4.1363486238e-02    1.4383488821e-01    2.2192908254e-01    0.0000000000e+00    9.9999999992e-01    0.0000000000e+00    3.0915448202e-05    2.7860309432e-06    1.0110967627e-01    2.0871192651e-01    1.1660911741e-03    0.0000000000e+00
   3.0100000    3.2507056541e-05    2.3005996289e-06   -1.2482786492e-04    1.2845991026e-04    3.3532004639e-02    1.1684571944e-01    1.8443391001e-01    0.0000000000e+00    9.9999999992e-01    0.0000000000e+00    2.8505846255e-05    2.4040592721e-06    9.3242724594e-02    1.7542956267e-01    1.1017395430e-03    0.0000000000e+00
   3.5100000    2.8344420042e-05    2.0190418382e-06   -1.2695317093e-04    1.3037913454e-04    2.9296752184e-02    1.0199166562e-01    1.6636529647e-01    0.0000000000e+00    9.9999999993e-01    0.0000000000e+00    2.6599355491e-05    2.1329342524e-06    8.7005309808e-02    1.5982922687e-01    1.0264225778e-03    0.0000000000e+00
   4.0100000    2.6081870752e-05    1.8360951113e-06   -1.2543640624e-04    1.2884867427e-04    2.7613756874e-02    9.3865100115e-02    1.6200487780e-01    0.0000000000e+00    9.9999999993e-01    0.0000000000e+00    2.5017615563e-05    1.9495506756e-06    8.1814735847e-02    1.5639680939e-01    9.7723798114e-04    0.0000000000e+00
   4.5100000    2.4318766972e-05    1.6801996467e-06   -1.2565317801e-04    1.2828323041e-04    2.6673106728e-02    8.7503862120e-02    1.6056850521e-01    0.0000000000e+00    9.9999999993e-01    0.0000000000e+00    2.3587972498e-05    1.7867428724e-06    7.7109395073e-02    1.5523209885e-01    9.2985067733e-04    0.0000000000e+00
   5.0100000    2.2589265469e-05    1.5334432301e-06   -1.2603015538e-04    1.2792312964e-04    2.5611850505e-02    8.1264679435e-02    1.4717866537e-01    0.0000000000e+00    9.9999999993e-01    0.0000000000e+00    2.2265011735e-05    1.6333598054e-06    7.2755503972e-02    1.4247463603e-01    8.8306104178e-04    0.0000000000e+00
   5.5100000    2.0919354966e-05    1.4076842646e-06   -1.2535878262e-04    1.2675001734e-04    2.4356695738e-02    7.5247903235e-02    1.3455660070e-01    0.0000000000e+00    9.9999999993e-01    0.0000000000e+00    2.1057862191e-05    1.5048603821e-06    6.8789218094e-02    1.3068783611e-01    8.3825982589e-04    0.0000000000e+00
   6.0100000    1.9401902955e-05    1.2904175190e-06   -1.2551918397e-04    1.2676636762e-04    2.3087389077e-02    6.9782988286e-02    1.2232857555e-01    0.0000000000e+00    9.9999999993e-01    0.0000000000e+00    1.9947254499e-05    1.3858681297e-06    6.5145104804e-02    1.1932778920e-01    7.9964271832e-04    0.0000000000e+00
   6.5100000    1.8103256183e-05    1.1911466711e-06   -1.2513043016e-04    1.2684528083e-04    2.1991566138e-02    6.5110238801e-02    1.1136618467e-01    0.0000000000e+00    9.9999999993e-01    0.0000000000e+00    1.8935771613e-05    1.2857339180e-06    6.1833411087e-02    1.0916246705e-01    7.5349495902e-04    0.0000000000e+00
   7.0100000    1.7024747160e-05    1.1132540007e-06   -1.2455719083e-04    1.2698133981e-04    2.1120630953e-02    6.1230172580e-02    1.0384056817e-01    0.0000000000e+00    9.9999999993e-01    0.0000000000e+00    1.8018492330e-05    1.2074049515e-06    5.8833257299e-02    1.0225940871e-01    7.1539251443e-04    0.0000000000e+00
   7.5100000    1.6124221167e-05    1.0402624384e-06   -1.2406858895e-04    1.2709449599e-04    2.0491207725e-02    5.7985853721e-02    9.7338172199e-02    0.0000000000e+00    9.9999999993e-01    0.0000000000e+00    1.7179735900e-05    1.1323457962e-06    5.6087216971e-02    9.6196786607e-02    6.8127887077e-04    0.0000000000e+00
   8.0100000    1.5360036829e-05    9.7446214099e-07   -1.2369690377e-04    1.2691903797e-04    2.0061374817e-02    5.5228710393e-02    9.1417432337e-02    0.0000000000e+00    9.9999999993e-01    0.0000000000e+00    1.6413910759e-05    1.0635509567e-06    5.3577292338e-02    9.0581603316e-02    6.4806486084e-04    0.0000000000e+00
   8.5100000    1.4693651259e-05    9.1957505359e-07   -1.2350862368e-04    1.2647741472e-04    1.9787110693e-02    5.2821691677e-02    8.6577306258e-02    0.0000000000e+00    9.9999999993e-01    0.0000000000e+00    1.5711889396e-05    1.0056331513e-06    5.1274681303e-02    8.5952574754e-02    6.1809462525e-04    0.0000000000e+00
   9.0100000    1.4096557080e-05    8.6984747918e-07   -1.2348161272e-04    1.2595697713e-04    1.9616214684e-02    5.0662566861e-02    8.2128363573e-02    0.0000000000e+00    9.9999999993e-01    0.0000000000e+00    1.5064384039e-05    9.5257242883e-07    4.9149071088e-02    8.1646981747e-02    5.8986825318e-04    0.0000000000e+00
   9.5100000    1.3552106471e-05    8.2396716900e-07   -1.2349889114e-04    1.2556163036e-04    1.9506408707e-02    4.8692314907e-02    7.8006621575e-02    0.0000000000e+00    9.9999999993e-01    0.0000000000e+00    1.4465703592e-05    9.0318804265e-07    4.7182570485e-02    7.7621917069e-02    5.6520268014e-04    0.0000000000e+00
  10.0100000    1.3050450510e-05    7.8273712069e-07   -1.2345285481e-04    1.2541683750e-04    1.9423855517e-02    4.6876644751e-02    7.4266070683e-02    0.0000000000e+00    9.9999999993e-01    0.0000000000e+00    1.3910983806e-05    8.5857446427e-07    4.5360330438e-02    7.3949001654e-02    5.4197566993e-04    0.0000000000e+00
  10.5100000    1.2586060102e-05    7.4515773405e-07   -1.2329662172e-04    1.2552519605e-04    1.9348850879e-02    4.5196373266e-02    7.0804723063e-02    0.0000000000e+00    9.9999999993e-01    0.0000000000e+00    1.3396149562e-05    8.1775651451e-07    4.3669699772e-02    7.0536754478e-02    5.1931795706e-04    0.0000000000e+00
  11.0100000    1.2155323489e-05    7.1082411091e-07   -1.2303964828e-04    1.2578636676e-04    1.9276887062e-02    4.3638498413e-02    6.7575315101e-02    0.0000000000e+00    9.9999999993e-01    0.0000000000e+00    1.2917753755e-05    7.8034630329e-07    4.2099399440e-02    6.7342060986e-02    4.9740657438e-04    0.0000000000e+00
  11.5100000    1.1755422075e-05    6.7940099030e-07   -1.2276225192e-04    1.2599321117e-04    1.9210160348e-02    4.2192230494e-02    6.4518681497e-02    0.0000000000e+00    9.9999999993e-01    0.0000000000e+00    1.2472723013e-05    7.4602696408e-07    4.0638759263e-02    6.4310857600e-02    4.7801265270e-04    0.0000000000e+00
  12.0100000    1.1384699240e-05    6.5023656347e-07   -1.2255955799e-04    1.2593562213e-04    1.9150372803e-02    4.0850814833e-02    6.1696132258e-02    0.0000000000e+00    9.9999999993e-01    0.0000000000e+00    1.2058710904e-05    7.1415423509e-07    3.9279354959e-02    6.1510407074e-02    4.6080205965e-04    0.0000000000e+00
  12.5100000    1.1041432139e-05    6.2352832318e-07   -1.2247601902e-04    1.2558169324e-04    1.9099881598e-02    3.9607690367e-02    5.9093884674e-02    0.0000000000e+00    9.9999999993e-01    0.0000000000e+00    1.1673549892e-05    6.8492257414e-07    3.8013764132e-02    5.8924959586e-02    4.4419311632e-04    0.0000000000e+00
  13.0100000    1.0722908700e-05    5.9904233812e-07   -1.2249524056e-04    1.2508874157e-04    1.9056463583e-02    3.8453437531e-02    5.6748364228e-02    0.0000000000e+00    9.9999999993e-01    0.0000000000e+00    1.1314869470e-05    6.5804504475e-07    3.6834563521e-02    5.6588646851e-02    4.2886456662e-04    0.0000000000e+00
  13.5100000    1.0426765420e-05    5.7625876582e-07   -1.2253903159e-04    1.2467480222e-04    1.9017185152e-02    3.7380358425e-02    5.4635668021e-02    0.0000000000e+00    9.9999999993e-01    0.0000000000e+00    1.0980548997e-05    6.3293609689e-07    3.5735591579e-02    5.4475838272e-02    4.1552200316e-04    0.0000000000e+00
  14.0100000    1.0151701184e-05    5.5528739947e-07   -1.2250776323e-04    1.2450489769e-04    1.8982509668e-02    3.6384490819e-02    5.2645282882e-02    0.0000000000e+00    9.9999999993e-01    0.0000000000e+00    1.0668937005e-05    6.0973474368e-07    3.4712140297e-02    5.2478612334e-02    4.0294515233e-04    0.0000000000e+00
  14.5100000    9.8963642650e-06    5.3595507445e-07   -1.2235851545e-04    1.2461246057e-04    1.8951993577e-02    3.5461170322e-02    5.0782129189e-02    0.0000000000e+00    9.9999999993e-01    0.0000000000e+00    1.0378703150e-05    5.8823940227e-07    3.3760043523e-02    5.0602524189e-02    3.9922353519e-04    0.0000000000e+00
  15.0100000    9.6589710355e-06    5.1832473351e-07   -1.2212857829e-04    1.2487231577e-04    1.8923489774e-02    3.4603536371e-02    4.9104561343e-02    0.0000000000e+00    9.9999999993e-01    0.0000000000e+00    1.0108493291e-05    5.6839115864e-07    3.2874437262e-02    4.8891454913e-02    3.9706066807e-04    0.0000000000e+00
  15.5100000    9.4384128767e-06    5.0281511747e-07   -1.2189712468e-04    1.2507142704e-04    1.8896560998e-02    3.3806716074e-02    4.7646118751e-02    0.0000000000e+00    9.9999999993e-01    0.0000000000e+00    9.8568147432e-06    5.5045488788e-07    3.2049604791e-02    4.7372232006e-02    3.9502187236e-04    0.0000000000e+00
  16.0100000    9.2341125224e-06    4.8940526941e-07   -1.2173999377e-04    1.2504025336e-04    1.8871844677e-02    3.3067778947e-02    4.6352451870e-02    0.0000000000e+00    9.9999999993e-01    0.0000000000e+00    9.6221127628e-06    5.3451338933e-07    3.1279674929e-02    4.6018524164e-02    3.9265723846e-04    0.0000000000e+00
  16.5100000    9.0451459941e-06    4.8049508118e-07   -1.2169172308e-04    1.2475015168e-04    1.8847868242e-02    3.2383028657e-02    4.5518996854e-02    0.0000000000e+00    9.9999999993e-01    0.0000000000e+00    9.4030087896e-06    5.2050406981e-07    3.0559805380e-02    4.4854154175e-02    3.8977388993e-04    0.0000000000e+00
  17.0100000    8.8711855927e-06    4.7920229601e-07   -1.2172385445e-04    1.2432420018e-04    1.8825313625e-02    3.1751525811e-02    4.5453700993e-02    0.0000000000e+00    9.9999999993e-01    0.0000000000e+00    9.1987387432e-06    5.1034718018e-07    2.9887741895e-02    4.4082708491e-02    3.8664850580e-04    0.0000000000e+00
  17.5100000    8.7115731424e-06    4.8102077733e-07   -1.2176179521e-04    1.2396268388e-04    1.8807987553e-02    3.1171573126e-02    4.5654791785e-02    0.0000000000e+00    9.9999999993e-01    0.0000000000e+00    9.0088840653e-06    5.0228685804e-07    2.9262748737e-02    4.3503774644e-02    3.8388158441e-04    0.0000000000e+00
  18.0100000    8.5630884858e-06    4.9141779953e-07   -1.2173356239e-04    1.2382482190e-04    1.8802546064e-02    3.0632321188e-02    4.6720248291e-02    0.0000000000e+00    9.9999999993e-01    0.0000000000e+00    8.8324604089e-06    4.9598043593e-07    2.8682250757e-02    4.3104561090e-02    3.8193073351e-04    0.0000000000e+00
  18.5100000    8.4240143484e-06    5.1486909393e-07   -1.2161349788e-04    1.2393656153e-04    1.8800666808e-02    3.0127892815e-02    4.9140420284e-02    0.0000000000e+00    9.9999999993e-01    0.0000000000e+00    8.6687246679e-06    4.9623899228e-07    2.8144070335e-02    4.3356296668e-02    3.8086018439e-04    0.0000000000e+00
  19.0100000    8.2935286454e-06    5.4036213728e-07   -1.2143269953e-04    1.2417927061e-04    1.8791495774e-02    2.9655054840e-02    5.1726784114e-02    0.0000000000e+00    9.9999999993e-01    0.0000000000e+00    8.5173174682e-06    4.9864421096e-07    2.7646753600e-02    4.3775671177e-02    3.8040720784e-04    0.0000000000e+00
  19.5100000    8.1700954954e-06    5.6601742458e-07   -1.2125661743e-04    1.2436359671e-04    1.8772676167e-02    2.9207671042e-02    5.4331865580e-02    0.0000000000e+00    9.9999999993e-01    0.0000000000e+00    8.3763751065e-06    5.0027038172e-07    2.7183641395e-02    4.4107442578e-02    3.8009862003e-04    0.0000000000e+00
  20.0100000    8.0577705727e-06    5.9632760136e-07   -1.2114549191e-04    1.2434169867e-04    1.8758608088e-02    2.8799615083e-02    5.7532214240e-02    0.0000000000e+00    9.9999999993e-01    0.0000000000e+00    8.2446425304e-06    5.0440446449e-07    2.6750091509e-02    4.4828394487e-02    3.7943207549e-04    0.0000000000e+00
  20.5100000    7.9606029336e-06    6.2930820429e-07   -1.2111874998e-04    1.2409148631e-04    1.8757259456e-02    2.8445084673e-02    6.1002360143e-02    0.0000000000e+00    9.9999999993e-01    0.0000000000e+00    8.1223486914e-06    5.1084904188e-07    2.6346613415e-02    4.5760818327e-02    3.7819938912e-04    0.0000000000e+00
  21.0100000    7.8760835353e-06    6.6991849435e-07   -1.2114528392e-04    1.2372507968e-04    1.8778579646e-02    2.8135313515e-02    6.5488543906e-02    0.0000000000e+00    9.9999999993e-01    0.0000000000e+00    8.0098717028e-06    5.2015968350e-07    2.5974627377e-02    4.7120089077e-02    3.7663365046e-04    0.0000000000e+00
  21.5100000    7.8008070397e-06    7.1237782420e-07   -1.2116513204e-04    1.2341796605e-04    1.8827262378e-02    2.7858656609e-02    7.0130797585e-02    0.0000000000e+00    9.9999999993e-01    0.0000000000e+00    7.9071778125e-06    5.3665392488e-07    2.5634503404e-02    4.9348943705e-02    3.7521959955e-04    0.0000000000e+00
  22.0100000    7.7292629970e-06    7.5546774819e-07   -1.2117147173e-04    1.2330441675e-04    1.8867959188e-02    2.7595963916e-02    7.5129535596e-02    0.0000000000e+00    9.9999999993e-01    0.0000000000e+00    7.8131592495e-06    5.5094368972e-07    2.5323119856e-02    5.1544770260e-02    3.7438818323e-04    0.0000000000e+00
  22.5100000    7.6614979275e-06    8.2360059455e-07   -1.2112194674e-04    1.2340259057e-04    1.8916629857e-02    2.7347602690e-02    8.3311543725e-02    0.0000000000e+00    9.9999999993e-01    0.0000000000e+00    7.7271194301e-06    5.7480765098e-07    2.5038389968e-02    5.4971586542e-02    3.7428024068e-04    0.0000000000e+00
  23.0100000    7.6035318547e-06    8.9255673944e-07   -1.2102385487e-04    1.2360948290e-04    1.8997264726e-02    2.7134808017e-02    9.1383835876e-02    0.0000000000e+00    9.9999999993e-01    0.0000000000e+00    7.6509733648e-06    6.1004905275e-07    2.4786287599e-02    5.9558637694e-02    3.7468420040e-04    0.0000000000e+00
  23.5100000    7.5506856925e-06    9.4820572181e-07   -1.2091941861e-04    1.2376508996e-04    1.9061234905e-02    2.6940377201e-02    9.8587777560e-02    0.0000000000e+00    9.9999999993e-01    0.0000000000e+00    7.5818815916e-06    6.3475615910e-07    2.4557144189e-02    6.3369053752e-02    3.7517003114e-04    0.0000000000e+00
  24.0100000    7.5045617996e-06    1.0144425988e-06   -1.2085199072e-04    1.2374696630e-04    1.9110201672e-02    2.6769538529e-02    1.0768477853e-01    0.0000000000e+00    9.9999999993e-01    0.0000000000e+00    7.5161521883e-06    6.5960500637e-07    2.4338568026e-02    6.7571137384e-02    3.7532111865e-04    0.0000000000e+00
  24.5100000    7.4718083431e-06    1.0780192443e-06   -1.2084127575e-04    1.2353916940e-04    1.9186797948e-02    2.6645778213e-02    1.1643708991e-01    0.0000000000e+00    9.9999999993e-01    0.0000000000e+00    7.4572537165e-06    6.8807366436e-07    2.4141605787e-02    7.2178242933e-02    3.7495757934e-04    0.0000000000e+00
  25.0100000    7.4449335393e-06    1.1281999617e-06   -1.2087359913e-04    1.2323619894e-04    1.9262692972e-02    2.6542544488e-02    1.2432001122e-01    0.0000000000e+00    9.9999999993e-01    0.0000000000e+00    7.4056953847e-06    7.0756909920e-07    2.3968052298e-02    7.6109013064e-02    3.7423827280e-04    0.0000000000e+00
  25.5100000    7.4203552930e-06    1.1773916029e-06   -1.2091156631e-04    1.2298290883e-04    1.9311013255e-02    2.6447487436e-02    1.3286420491e-01    0.0000000000e+00    9.9999999993e-01    0.0000000000e+00    7.3582512074e-06    7.2496661372e-07    2.3807844021e-02    8.0285580045e-02    3.7355750658e-04    0.0000000000e+00
  26.0100000    7.4013707315e-06    1.2200062391e-06   -1.2091660577e-04    1.2288892762e-04    1.9358067448e-02    2.6372763821e-02    1.4070994624e-01    0.0000000000e+00    9.9999999993e-01    0.0000000000e+00    7.3157629946e-06    7.4332538943e-07    2.3664072033e-02    8.4689968410e-02    3.7329809102e-04    0.0000000000e+00
  26.5100000    7.3860684863e-06    1.2552797244e-06   -1.2087702540e-04    1.2296805784e-04    1.9409503446e-02    2.6311728914e-02    1.4849068360e-01    0.0000000000e+00    9.9999999993e-01    0.0000000000e+00    7.2796215993e-06    7.5597369383e-07    2.3541372781e-02    8.8869273790e-02    3.7361323895e-04    0.0000000000e+00
  27.0100000    7.3718290488e-06    1.2895411272e-06   -1.2083887637e-04    1.2313562101e-04    1.9442662174e-02    2.6254889755e-02    1.5641899539e-01    0.0000000000e+00    9.9999999993e-01    0.0000000000e+00    7.2446451720e-06    7.6894771975e-07    2.3422839746e-02    9.3227888079e-02    3.7436153040e-04    0.0000000000e+00
  27.5100000    7.3611258042e-06    1.3148154714e-06   -1.2077266120e-04    1.2326209997e-04    1.9475095960e-02    2.6210667200e-02    1.6372535645e-01    0.0000000000e+00    9.9999999993e-01    0.0000000000e+00    7.2128152863e-06    7.8035940272e-07    2.3314533294e-02    9.7633140989e-02    3.7519909038e-04    0.0000000000e+00
  28.0100000    7.3522424354e-06    1.3373827275e-06   -1.2072050904e-04    1.2324925615e-04    1.9502547283e-02    2.6172582734e-02    1.7147115556e-01    0.0000000000e+00    9.9999999993e-01    0.0000000000e+00    7.1854749917e-06    7.8468235939e-07    2.3220461214e-02    1.0157938536e-01    3.7576705277e-04    0.0000000000e+00
  28.5100000    7.3437529894e-06    1.3517524748e-06   -1.2071472876e-04    1.2308386950e-04    1.9534732289e-02    2.6135408359e-02    1.7764386811e-01    0.0000000000e+00    9.9999999993e-01    0.0000000000e+00    7.1559930262e-06    7.9505995722e-07    2.3119068604e-02    1.0587870351e-01    3.7588460613e-04    0.0000000000e+00
  29.0100000    7.3407635817e-06    1.3587654031e-06   -1.2075914216e-04    1.2284003272e-04    1.9581750049e-02    2.6117427326e-02    1.8368389676e-01    0.0000000000e+00    9.9999999993e-01    0.0000000000e+00    7.1350151718e-06    8.0021124837e-07    2.3044845158e-02    1.0981198330e-01    3.7564526918e-04    0.0000000000e+00
  29.5100000    7.3421696181e-06    1.3664234143e-06   -1.2082769059e-04    1.2263209876e-04    1.9635500941e-02    2.6115022499e-02    1.8990131197e-01    0.0000000000e+00    9.9999999993e-01    0.0000000000e+00    7.1207796186e-06    7.9508784366e-07    2.2992371575e-02    1.1240058124e-01    3.7535777390e-04    0.0000000000e+00
  30.0100000    7.3398967328e-06    1.3656986594e-06   -1.2088019845e-04    1.2254794034e-04    1.9670606599e-02    2.6099820470e-02    1.9620327849e-01    0.0000000000e+00    9.9999999993e-01    0.0000000000e+00    7.1056822739e-06    7.9556084401e-07    2.2937388170e-02    1.1653463030e-01    3.7536441076e-04    0.0000000000e+00
  30.5100000    7.3332358962e-06    1.3706930439e-06   -1.2088604767e-04    1.2260127182e-04    1.9673094641e-02    2.6069461514e-02    2.0191955684e-01    0.0000000000e+00    9.9999999993e-01    0.0000000000e+00    7.0895182136e-06    7.9706701085e-07    2.2879365196e-02    1.1968443872e-01    3.7584580205e-04    0.0000000000e+00
  31.0100000    7.3381743383e-06    1.3617845074e-06   -1.2084235662e-04    1.2272857128e-04    1.9669708673e-02    2.6080630852e-02    2.0458103533e-01    0.0000000000e+00    9.9999999993e-01    0.0000000000e+00    7.0699095759e-06    8.0203533428e-07    2.2810540637e-02    1.2255678227e-01    3.7672730112e-04    0.0000000000e+00
  31.5100000    7.3470001652e-06    1.3473906021e-06   -1.2077552087e-04    1.2282937303e-04    1.9681285159e-02    2.6105630869e-02    2.1053538715e-01    0.0000000000e+00    9.9999999993e-01    0.0000000000e+00    7.0635619055e-06    7.9504891427e-07    2.2784530968e-02    1.2634591530e-01    3.7772887667e-04    0.0000000000e+00
  32.0100000    7.3355922308e-06    1.3490368505e-06   -1.2072461766e-04    1.2282453712e-04    1.9667457175e-02    2.6058534773e-02    2.1527195322e-01    0.0000000000e+00    9.9999999993e-01    0.0000000000e+00    7.0572715414e-06    7.7908361006e-07    2.2758495896e-02    1.2629254996e-01    3.7851672433e-04    0.0000000000e+00
  32.5100000    7.3156082801e-06    1.3303768041e-06   -1.2071749716e-04    1.2269889948e-04    1.9640336947e-02    2.5980636020e-02    2.1636228173e-01    0.0000000000e+00    9.9999999993e-01    0.0000000000e+00    7.0395712364e-06    7.8115618543e-07    2.2695366695e-02    1.2859889135e-01    3.7888568185e-04    0.0000000000e+00
  33.0100000    7.3010353127e-06    1.3112002692e-06   -1.2075505494e-04    1.2250553921e-04    1.9650288632e-02    2.5921666768e-02    2.1873913621e-01    0.0000000000e+00    9.9999999993e-01    0.0000000000e+00    7.0301780104e-06    7.8300776264e-07    2.2658760659e-02    1.3169843362e-01    3.7888721996e-04    0.0000000000e+00
  33.5100000    7.2923376318e-06    1.3012055377e-06   -1.2081214352e-04    1.2233946866e-04    1.9671224028e-02    2.5883497472e-02    2.2155551321e-01    0.0000000000e+00    9.9999999993e-01    0.0000000000e+00    7.0285225959e-06    7.7026415879e-07    2.2647031196e-02    1.3175339023e-01    3.7880609523e-04    0.0000000000e+00
  34.0100000    7.2815978372e-06    1.2838249713e-06   -1.2085276078e-04    1.2226417680e-04    1.9671766335e-02    2.5838293631e-02    2.2379149385e-01    0.0000000000e+00    9.9999999993e-01    0.0000000000e+00    7.0237596822e-06    7.6183893572e-07    2.2625465834e-02    1.3294588665e-01    3.7897323818e-04    0.0000000000e+00
  34.5100000    7.2693203483e-06    1.2575330454e-06   -1.2085078165e-04    1.2229980749e-04    1.9654957221e-02    2.5787984381e-02    2.2285966128e-01    0.0000000000e+00    9.9999999993e-01    0.0000000000e+00    7.0183825100e-06    7.5943376178e-07    2.2602216696e-02    1.3405485021e-01    3.7955317452e-04    0.0000000000e+00
  35.0100000    7.2537043398e-06    1.2417123356e-06   -1.2080538641e-04    1.2240764962e-04    1.9632095939e-02    2.5726137113e-02    2.2375911306e-01    0.0000000000e+00    9.9999999993e-01    0.0000000000e+00    7.0137450224e-06    7.4870439696e-07    2.2581595493e-02    1.3366576528e-01    3.8046650486e-04    0.0000000000e+00
  35.5100000    7.2367230455e-06    1.2235857556e-06   -1.2074171201e-04    1.2251117808e-04    1.9602857206e-02    2.5659552311e-02    2.2289663684e-01    0.0000000000e+00    9.9999999993e-01    0.0000000000e+00    7.0057195300e-06    7.4341148736e-07    2.2550145793e-02    1.3332363761e-01    3.8146998581e-04    0.0000000000e+00
  36.0100000    7.2262756040e-06    1.1901494367e-06   -1.2069515696e-04    1.2253942734e-04    1.9576710428e-02    2.5615988297e-02    2.2190964169e-01    0.0000000000e+00    9.9999999993e-01    0.0000000000e+00    7.0090828977e-06    7.3336300277e-07    2.2555203061e-02    1.3396510499e-01    3.8230439453e-04    0.0000000000e+00
  36.5100000    7.2022070961e-06    1.1801258271e-06   -1.2068936579e-04    1.2246624017e-04    1.9535765565e-02    2.5523913706e-02    2.2211267370e-01    0.0000000000e+00    9.9999999993e-01    0.0000000000e+00    7.0074347597e-06    7.1838663836e-07    2.2543885147e-02    1.3206804890e-01    3.8282158086e-04    0.0000000000e+00
  37.0100000    7.1814898977e-06    1.1546977942e-06   -1.2072256068e-04    1.2232329878e-04    1.9512842021e-02    2.5443488874e-02    2.1618299511e-01    0.0000000000e+00    9.9999999993e-01    0.0000000000e+00    6.9965297463e-06    7.2544547107e-07    2.2502581576e-02    1.3154638619e-01    3.8304083866e-04    0.0000000000e+00
  37.5100000    7.1801041327e-06    1.1253000355e-06   -1.2076999194e-04    1.2217970529e-04    1.9514107698e-02    2.5431435867e-02    2.1754011040e-01    0.0000000000e+00    9.9999999993e-01    0.0000000000e+00    7.0103180166e-06    7.1171533237e-07    2.2540570529e-02    1.3276712678e-01    3.8312522800e-04    0.0000000000e+00
  38.0100000    7.1627620211e-06    1.1213740469e-06   -1.2079942216e-04    1.2210123412e-04    1.9479821988e-02    2.5363033755e-02    2.1654418506e-01    0.0000000000e+00    9.9999999993e-01    0.0000000000e+00    7.0120864946e-06    6.8929626097e-07    2.2540016966e-02    1.2846702928e-01    3.8331125936e-04    0.0000000000e+00
  38.5100000    7.1420425378e-06    1.0892081907e-06   -1.2079019342e-04    1.2211440136e-04    1.9425997070e-02    2.5282961642e-02    2.0854521120e-01    0.0000000000e+00    9.9999999993e-01    0.0000000000e+00    6.9971736290e-06    6.9985867931e-07    2.2486098402e-02    1.2830019203e-01    3.8381308654e-04    0.0000000000e+00
  39.0100000    7.1408662499e-06    1.0612611376e-06   -1.2074526313e-04    1.2219506221e-04    1.9401356470e-02    2.5272285785e-02    2.0862379257e-01    0.0000000000e+00    9.9999999993e-01    0.0000000000e+00    7.0085673697e-06    6.9185309219e-07    2.2516889794e-02    1.2969178643e-01    3.8469443350e-04    0.0000000000e+00
  39.5100000    7.1365611729e-06    1.0487288884e-06   -1.2068877261e-04    1.2228428722e-04    1.9371306306e-02    2.5250650317e-02    2.0682867932e-01    0.0000000000e+00    9.9999999993e-01    0.0000000000e+00    7.0193256515e-06    6.6128458953e-07    2.2545712831e-02    1.2446352754e-01    3.8577586284e-04    0.0000000000e+00
  40.0100000    7.1149420691e-06    1.0221852861e-06   -1.2065041231e-04    1.2232055538e-04    1.9321702074e-02    2.5167730843e-02    2.0050515806e-01    0.0000000000e+00    9.9999999993e-01    0.0000000000e+00    7.0092029957e-06    6.5772742120e-07    2.2507424476e-02    1.2263327596e-01    3.8671208614e-04    0.0000000000e+00
  40.5100000    7.1038950099e-06    9.9105766246e-07   -1.2064715795e-04    1.2227249088e-04    1.9290826999e-02    2.5121987523e-02    1.9606918642e-01    0.0000000000e+00    9.9999999993e-01    0.0000000000e+00    7.0100280759e-06    6.5923829446e-07    2.2504077914e-02    1.2329179559e-01    3.8724786541e-04    0.0000000000e+00
  41.0100000    7.1083145134e-06    9.7239380458e-07   -1.2067424141e-04    1.2215618870e-04    1.9283057540e-02    2.5130665481e-02    1.9419161729e-01    0.0000000000e+00    9.9999999993e-01    0.0000000000e+00    7.0235531782e-06    6.3225560941e-07    2.2541248357e-02    1.1933934502e-01    3.8743376642e-04    0.0000000000e+00
  41.5100000    7.1007986551e-06    9.5486961751e-07   -1.2070990535e-04    1.2202620780e-04    1.9257005507e-02    2.5097045632e-02    1.8970118879e-01    0.0000000000e+00    9.9999999993e-01    0.0000000000e+00    7.0227920228e-06    6.2019683685e-07    2.2532462833e-02    1.1630042613e-01    3.8755747075e-04    0.0000000000e+00
  42.0100000    7.0944891161e-06    9.2484588874e-07   -1.2072909962e-04    1.2194340035e-04    1.9235013765e-02    2.5067751261e-02    1.8453936358e-01    0.0000000000e+00    9.9999999993e-01    0.0000000000e+00    7.0241392484e-06    6.2069510075e-07    2.2530483762e-02    1.1639287527e-01    3.8787311931e-04    0.0000000000e+00
  42.5100000    7.0990079003e-06    9.0957136825e-07   -1.2071719380e-04    1.2193934342e-04    1.9223256846e-02    2.5076889168e-02    1.8327591665e-01    0.0000000000e+00    9.9999999993e-01    0.0000000000e+00    7.0346067975e-06    6.0321357457e-07    2.2557907610e-02    1.1418089114e-01    3.8845748236e-04    0.0000000000e+00
  43.0100000    7.1018892678e-06    8.9167140047e-07   -1.2067742321e-04    1.2200053807e-04    1.9213778445e-02    2.5080457589e-02    1.7919870286e-01    0.0000000000e+00    9.9999999993e-01    0.0000000000e+00    7.0408680369e-06    5.9298181304e-07    2.2572031601e-02    1.1179014919e-01    3.8926500969e-04    0.0000000000e+00
  43.5100000    7.1019098408e-06    8.7007673022e-07   -1.2062898458e-04    1.2207952007e-04    1.9202658920e-02    2.5074044389e-02    1.7521358708e-01    0.0000000000e+00    9.9999999993e-01    0.0000000000e+00    7.0486293766e-06    5.8533417330e-07    2.2591056429e-02    1.1033694379e-01    3.9018601791e-04    0.0000000000e+00
  44.0100000    7.1046483879e-06    8.5474064867e-07   -1.2059572274e-04    1.2212155715e-04    1.9191258026e-02    2.5077170963e-02    1.7338776254e-01    0.0000000000e+00    9.9999999993e-01    0.0000000000e+00    7.0573319522e-06    5.7457639230e-07    2.2613039649e-02    1.0900355496e-01    3.9105462854e-04    0.0000000000e+00
  44.5100000    7.1096991766e-06    8.3697402061e-07   -1.2059157484e-04    1.2209252571e-04    1.9183321576e-02    2.5088256603e-02    1.6949061066e-01    0.0000000000e+00    9.9999999993e-01    0.0000000000e+00    7.0657846647e-06    5.6636335029e-07    2.2634036770e-02    1.0707217531e-01    3.9169604405e-04    0.0000000000e+00
  45.0100000    7.1162301218e-06    8.1908412897e-07   -1.2061243948e-04    1.2199722947e-04    1.9179166964e-02    2.5104316139e-02    1.6551548523e-01    0.0000000000e+00    9.9999999993e-01    0.0000000000e+00    7.0753423783e-06    5.5730226867e-07    2.2658344191e-02    1.0497467597e-01    3.9203278783e-04    0.0000000000e+00
  45.5100000    7.1231628597e-06    8.0245510275e-07   -1.2063949155e-04    1.2187801444e-04    1.9173759461e-02    2.5121622926e-02    1.6300161120e-01    0.0000000000e+00    9.9999999993e-01    0.0000000000e+00    7.0856308166e-06    5.4750305679e-07    2.2684831865e-02    1.0357548844e-01    3.9217669978e-04    0.0000000000e+00
  46.0100000    7.1304600181e-06    7.8615725903e-07   -1.2065124007e-04    1.2179122539e-04    1.9165896896e-02    2.5140205084e-02    1.5965204685e-01    0.0000000000e+00    9.9999999993e-01    0.0000000000e+00    7.0958301108e-06    5.3918599140e-07    2.2711020345e-02    1.0183946196e-01    3.9239339831e-04    0.0000000000e+00
  46.5100000    7.1386430505e-06    7.7016596560e-07   -1.2063650940e-04    1.2177428618e-04    1.9162720334e-02    2.5162048241e-02    1.5675409927e-01    0.0000000000e+00    9.9999999993e-01    0.0000000000e+00    7.1073882410e-06    5.3052545349e-07    2.2741676089e-02    1.0029963193e-01    3.9291517882e-04    0.0000000000e+00
  47.0100000    7.1447169025e-06    7.5578333972e-07   -1.2060020411e-04    1.2182380704e-04    1.9154791480e-02    2.5176653337e-02    1.5456737610e-01    0.0000000000e+00    9.9999999993e-01    0.0000000000e+00    7.1193388507e-06    5.2156856101e-07    2.2773752030e-02    9.8990720084e-02    3.9375725326e-04    0.0000000000e+00
  47.5100000    7.1508222313e-06    7.4003402387e-07   -1.2055902129e-04    1.2189854464e-04    1.9141665288e-02    2.5191487799e-02    1.5102305550e-01    0.0000000000e+00    9.9999999993e-01    0.0000000000e+00    7.1311520395e-06    5.1401850823e-07    2.2805485835e-02    9.7216395092e-02    3.9471226807e-04    0.0000000000e+00
  48.0100000    7.1578938746e-06    7.2493894549e-07   -1.2053097752e-04    1.2194454087e-04    1.9131354008e-02    2.5209686938e-02    1.4829335743e-01    0.0000000000e+00    9.9999999993e-01    0.0000000000e+00    7.1446828590e-06    5.0488464721e-07    2.2842665532e-02    9.5618311545e-02    3.9552117180e-04    0.0000000000e+00
  48.5100000    7.1633915174e-06    7.1261426622e-07   -1.2052527223e-04    1.2192579310e-04    1.9114622360e-02    2.5222162764e-02    1.4604758384e-01    0.0000000000e+00    9.9999999993e-01    0.0000000000e+00    7.1571060207e-06    4.9688461559e-07    2.2876128007e-02    9.4215741087e-02    3.9605663554e-04    0.0000000000e+00
  49.0100000    7.1723019122e-06    6.9748349613e-07   -1.2053788213e-04    1.2184346089e-04    1.9096800298e-02    2.5246405931e-02    1.4240915496e-01    0.0000000000e+00    9.9999999993e-01    0.0000000000e+00    7.1690497412e-06    4.9142669605e-07    2.2907831198e-02    9.2715001026e-02    3.9636828394e-04    0.0000000000e+00
  49.5100000    7.1834567806e-06    6.8242593730e-07   -1.2055479719e-04    1.2173463427e-04    1.9084768463e-02    2.5278363459e-02    1.3955742404e-01    0.0000000000e+00    9.9999999993e-01    0.0000000000e+00    7.1838387178e-06    4.8262571493e-07    2.2948450810e-02    9.1119087465e-02    3.9660491549e-04    0.0000000000e+00
  50.0100000    7.1913853097e-06    6.6940780802e-07   -1.2056027181e-04    1.2165103735e-04    1.9067430980e-02    2.5298944997e-02    1.3713264405e-01    0.0000000000e+00    9.9999999993e-01    0.0000000000e+00    7.1977282518e-06    4.7411744518e-07    2.2986162704e-02    8.9619096457e-02    3.9692608897e-04    0.0000000000e+00
  50.5100000    7.2001125849e-06    6.5478634234e-07   -1.2054542448e-04    1.2162920786e-04    1.9047917482e-02    2.5322454990e-02    1.3427835433e-01    0.0000000000e+00    9.9999999993e-01    0.0000000000e+00    7.2108925907e-06    4.6829052546e-07    2.3021659655e-02    8.8535845524e-02    3.9743947969e-04    0.0000000000e+00
  51.0100000    7.2103556096e-06    6.4139666247e-07   -1.2051312355e-04    1.2166983438e-04    1.9032108330e-02    2.5351470054e-02    1.3165824765e-01    0.0000000000e+00    9.9999999993e-01    0.0000000000e+00    7.2254687245e-06    4.6101350588e-07    2.3061815240e-02    8.7186129960e-02    3.9815574782e-04    0.0000000000e+00
  51.5100000    7.2203368620e-06    6.2754407663e-07   -1.2047628553e-04    1.2173801712e-04    1.9016599844e-02    2.5379681730e-02    1.2863986478e-01    0.0000000000e+00    9.9999999993e-01    0.0000000000e+00    7.2399811359e-06    4.5399754807e-07    2.3101865715e-02    8.5678828924e-02    3.9898544431e-04    0.0000000000e+00
  52.0100000    7.2307971352e-06    6.1367659422e-07   -1.2044980292e-04    1.2178388175e-04    1.9003154643e-02    2.5409550137e-02    1.2578787143e-01    0.0000000000e+00    9.9999999993e-01    0.0000000000e+00    7.2553233031e-06    4.4729065634e-07    2.3144530660e-02    8.4344704676e-02    3.9977550009e-04    0.0000000000e+00
  52.5100000    7.2412545539e-06    6.0220494275e-07   -1.2044113322e-04    1.2177174587e-04    1.8990320685e-02    2.5439239650e-02    1.2343991094e-01    0.0000000000e+00    9.9999999993e-01    0.0000000000e+00    7.2708476014e-06    4.4043831728e-07    2.3187613771e-02    8.3015418455e-02    4.0037233948e-04    0.0000000000e+00
  53.0100000    7.2523454248e-06    5.9015921174e-07   -1.2044634209e-04    1.2170049153e-04    1.8975694420e-02    2.5470921181e-02    1.2121811924e-01    0.0000000000e+00    9.9999999993e-01    0.0000000000e+00    7.2860426101e-06    4.3481209963e-07    2.3229427707e-02    8.2072485976e-02    4.0071945015e-04    0.0000000000e+00
  53.5100000    7.2646192403e-06    5.7926867573e-07   -1.2045399227e-04    1.2160288106e-04    1.8960862862e-02    2.5506574309e-02    1.1878506247e-01    0.0000000000e+00    9.9999999993e-01    0.0000000000e+00    7.3018748900e-06    4.2956746301e-07    2.3273100851e-02    8.0900914962e-02    4.0092653822e-04    0.0000000000e+00
  54.0100000    7.2780706243e-06    5.6935863509e-07   -1.2045276353e-04    1.2152529411e-04    1.8948332209e-02    2.5546315143e-02    1.1653202081e-01    0.0000000000e+00    9.9999999993e-01    0.0000000000e+00    7.3181258969e-06    4.2456711205e-07    2.3318061783e-02    7.9764613059e-02    4.0121051234e-04    0.0000000000e+00
  54.5100000    7.2914022796e-06    5.5984342676e-07   -1.2043715382e-04    1.2150111811e-04    1.8938212222e-02    2.5585732995e-02    1.1513487818e-01    0.0000000000e+00    9.9999999993e-01    0.0000000000e+00    7.3348222121e-06    4.1964396869e-07    2.3364523811e-02    7.9185357071e-02    4.0173085624e-04    0.0000000000e+00
  55.0100000    7.3042800026e-06    5.5103864683e-07   -1.2040915414e-04    1.2153294348e-04    1.8930137880e-02    2.5623718886e-02    1.1323334687e-01    0.0000000000e+00    9.9999999993e-01    0.0000000000e+00    7.3516815419e-06    4.1521336877e-07    2.3411644286e-02    7.8252836064e-02    4.0246528348e-04    0.0000000000e+00
  55.5100000    7.3180679361e-06    5.4254140327e-07   -1.2037660057e-04    1.2159219905e-04    1.8925421433e-02    2.5665003848e-02    1.1127085945e-01    0.0000000000e+00    9.9999999993e-01    0.0000000000e+00    7.3691140949e-06    4.1108200928e-07    2.3460681359e-02    7.7285032022e-02    4.0328328573e-04    0.0000000000e+00
  56.0100000    7.3318961223e-06    5.3591537450e-07   -1.2034930356e-04    1.2163562202e-04    1.8915863131e-02    2.5706407723e-02    1.0995517016e-01    0.0000000000e+00    9.9999999993e-01    0.0000000000e+00    7.3867563313e-06    4.0703036994e-07    2.3510358954e-02    7.6528818131e-02    4.0406535517e-04    0.0000000000e+00
  56.5100000    7.3457223217e-06    5.2880987561e-07   -1.2033425564e-04    1.2162978811e-04    1.8908365921e-02    2.5747653945e-02    1.0833454054e-01    0.0000000000e+00    9.9999999993e-01    0.0000000000e+00    7.4041475757e-06    4.0421467683e-07    2.3559093935e-02    7.5855589044e-02    4.0467288430e-04    0.0000000000e+00
  57.0100000    7.3601355325e-06    5.2216125318e-07   -1.2033166961e-04    1.2157017167e-04    1.8905321748e-02    2.5790750624e-02    1.0699727771e-01    0.0000000000e+00    9.9999999993e-01    0.0000000000e+00    7.4220372897e-06    4.0142822564e-07    2.3609219659e-02    7.5323438725e-02    4.0512376494e-04    0.0000000000e+00
  57.5100000    7.3747994338e-06    5.1623323331e-07   -1.2033405862e-04    1.2148334410e-04    1.8904230510e-02    2.5834565742e-02    1.0523280127e-01    0.0000000000e+00    9.9999999993e-01    0.0000000000e+00    7.4401607084e-06    3.9811570838e-07    2.3659936222e-02    7.4288412431e-02    4.0549124397e-04    0.0000000000e+00
  58.0100000    7.3892572939e-06    5.0965812014e-07   -1.2033028715e-04    1.2141080657e-04    1.8903747853e-02    2.5877619266e-02    1.0415929099e-01    0.0000000000e+00    9.9999999993e-01    0.0000000000e+00    7.4583740624e-06    3.9500076230e-07    2.3710895205e-02    7.3879632872e-02    4.0588274130e-04    0.0000000000e+00
  58.5100000    7.4032240390e-06    5.0422367839e-07   -1.2031310300e-04    1.2138445071e-04    1.8896773045e-02    2.5919036869e-02    1.0391212558e-01    0.0000000000e+00    9.9999999993e-01    0.0000000000e+00    7.4764966561e-06    3.9213716291e-07    2.3761634626e-02    7.3953329013e-02    4.0640203528e-04    0.0000000000e+00
  59.0100000    7.4176706760e-06    4.9847018283e-07   -1.2028410922e-04    1.2140846708e-04    1.8893194229e-02    2.5962271983e-02    1.0218021688e-01    0.0000000000e+00    9.9999999993e-01    0.0000000000e+00    7.4945700626e-06    3.8970723730e-07    2.3812337961e-02    7.3086100076e-02    4.0707830975e-04    0.0000000000e+00
  59.5100000    7.4328721877e-06    4.9256399710e-07   -1.2025162313e-04    1.2145802666e-04    1.8894747597e-02    2.6008242598e-02    1.0051717607e-01    0.0000000000e+00    9.9999999993e-01    0.0000000000e+00    7.5130958460e-06    3.8715540794e-07    2.3864559170e-02    7.2265265385e-02    4.0783892503e-04    0.0000000000e+00
  60.0100000    7.4479740174e-06    4.8768988267e-07   -1.2022425858e-04    1.2149481047e-04    1.8893746011e-02    2.6053845852e-02    9.9808805353e-02    0.0000000000e+00    9.9999999993e-01    0.0000000000e+00    7.5316535936e-06    3.8442743650e-07    2.3916858884e-02    7.1958439615e-02    4.0856638372e-04    0.0000000000e+00
  60.5100000    7.4628656174e-06    4.8265484885e-07   -1.2020639116e-04    1.2148961091e-04    1.8891414465e-02    2.6098579810e-02    9.9057053849e-02    0.0000000000e+00    9.9999999993e-01    0.0000000000e+00    7.5498763354e-06    3.8242986200e-07    2.3967966262e-02    7.1790108067e-02    4.0917491391e-04    0.0000000000e+00
  61.0100000    7.4781515495e-06    4.7703861147e-07   -1.2019733352e-04    1.2143852311e-04    1.8890418569e-02    2.6144506936e-02    9.6557359266e-02    0.0000000000e+00    9.9999999993e-01    0.0000000000e+00    7.5684138289e-06    3.8045283235e-07    2.4019896788e-02    7.0421148725e-02    4.0964175442e-04    0.0000000000e+00
  61.5100000    7.4926580046e-06    4.7340782312e-07   -1.2019230300e-04    1.2136375141e-04    1.8887508052e-02    2.6187566464e-02    9.6009270028e-02    0.0000000000e+00    9.9999999993e-01    0.0000000000e+00    7.5872300920e-06    3.7777687155e-07    2.4072572269e-02    7.0067093850e-02    4.1000430418e-04    0.0000000000e+00
  62.0100000    7.5067208291e-06    4.7026827299e-07   -1.2018445788e-04    1.2129957725e-04    1.8879003850e-02    2.6229034325e-02    9.6922061384e-02    0.0000000000e+00    9.9999999993e-01    0.0000000000e+00    7.6052801869e-06    3.7680647254e-07    2.4122772087e-02    7.1049354993e-02    4.1035401079e-04    0.0000000000e+00
  62.5100000    7.5226358994e-06    4.6480060740e-07   -1.2016808879e-04    1.2127252554e-04    1.8879251846e-02    2.6277026392e-02    9.4596359831e-02    0.0000000000e+00    9.9999999993e-01    0.0000000000e+00    7.6240967703e-06    3.7564046495e-07    2.4175447870e-02    6.9928413529e-02    4.1081070402e-04    0.0000000000e+00
  63.0100000    7.5379152832e-06    4.6175711008e-07   -1.2014155578e-04    1.2128728433e-04    1.8877880623e-02    2.6322899739e-02    9.4218419159e-02    0.0000000000e+00    9.9999999993e-01    0.0000000000e+00    7.6438682754e-06    3.7225618220e-07    2.4231235736e-02    6.9493972030e-02    4.1144616552e-04    0.0000000000e+00
  63.5100000    7.5522768972e-06    4.6099335794e-07   -1.2010851350e-04    1.2132547709e-04    1.8867904219e-02    2.6365641917e-02    9.4795861868e-02    0.0000000000e+00    9.9999999993e-01    0.0000000000e+00    7.6621613689e-06    3.7185311102e-07    2.4282398389e-02    6.9996143742e-02    4.1220037492e-04    0.0000000000e+00
  64.0100000    7.5696505583e-06    4.5835568768e-07   -1.2007666137e-04    1.2135663693e-04    1.8868123523e-02    2.6418879500e-02    9.3330169809e-02    0.0000000000e+00    9.9999999993e-01    0.0000000000e+00    7.6803861002e-06    3.7311343874e-07    2.4333329066e-02    6.9539109899e-02    4.1292682379e-04    0.0000000000e+00
  64.5100000    7.5879776606e-06    4.5499496879e-07   -1.2005331352e-04    1.2135492897e-04    1.8879140469e-02    2.6475338675e-02    9.2342920519e-02    0.0000000000e+00    9.9999999993e-01    0.0000000000e+00    7.7004679956e-06    3.7089512434e-07    2.4390042839e-02    6.8920940424e-02    4.1349432253e-04    0.0000000000e+00
  65.0100000    7.6020393490e-06    4.5618961117e-07   -1.2004003744e-04    1.2131328500e-04    1.8876470832e-02    2.6516780215e-02    9.3148924509e-02    0.0000000000e+00    9.9999999993e-01    0.0000000000e+00    7.7199230188e-06    3.6902010366e-07    2.4444632114e-02    6.9061275662e-02    4.1391684196e-04    0.0000000000e+00
  65.5100000    7.6161823815e-06    4.5649386470e-07   -1.2003169601e-04    1.2124750113e-04    1.8868696731e-02    2.6558384455e-02    9.3187175103e-02    0.0000000000e+00    9.9999999993e-01    0.0000000000e+00    7.7376472784e-06    3.7166151127e-07    2.4493625062e-02    6.9575720619e-02    4.1428980649e-04    0.0000000000e+00
  66.0100000    7.6344365385e-06    4.5420929570e-07   -1.2002083224e-04    1.2118688717e-04    1.8877339715e-02    2.6614260428e-02    9.2194398160e-02    0.0000000000e+00    9.9999999993e-01    0.0000000000e+00    7.7573085124e-06    3.7229633478e-07    2.4548691868e-02    6.9329064903e-02    4.1468086450e-04    0.0000000000e+00
  66.5100000    7.6507219186e-06    4.5682811415e-07   -1.2000219233e-04    1.2115636584e-04    1.8882358975e-02    2.6663299864e-02    9.3520594963e-02    0.0000000000e+00    9.9999999993e-01    0.0000000000e+00    7.7774858281e-06    3.7010662263e-07    2.4605406730e-02    6.9612287494e-02    4.1513746232e-04    0.0000000000e+00
  67.0100000    7.6663146022e-06    4.5892861505e-07   -1.1997455961e-04    1.2116207705e-04    1.8881038768e-02    2.6709993218e-02    9.4720038114e-02    0.0000000000e+00    9.9999999993e-01    0.0000000000e+00    7.7957419978e-06    3.7226279894e-07    2.4656103066e-02    7.0659072285e-02    4.1571009754e-04    0.0000000000e+00
  67.5100000    7.6849825359e-06    4.6152414884e-07   -1.1994128115e-04    1.2118976365e-04    1.8888181420e-02    2.6767443933e-02    9.4820284648e-02    0.0000000000e+00    9.9999999993e-01    0.0000000000e+00    7.8147216434e-06    3.7538048787e-07    2.4709130764e-02    7.0949623315e-02    4.1639228711e-04    0.0000000000e+00
  68.0100000    7.7032988717e-06    4.6452849699e-07   -1.1990872224e-04    1.2121459310e-04    1.8902727950e-02    2.6823662200e-02    9.4881204024e-02    0.0000000000e+00    9.9999999993e-01    0.0000000000e+00    7.8344277541e-06    3.7617310517e-07    2.4764445100e-02    7.0735494630e-02    4.1707812456e-04    0.0000000000e+00
  68.5100000    7.7194723531e-06    4.6580401559e-07   -1.1988189758e-04    1.2121465705e-04    1.8919721869e-02    2.6872349453e-02    9.5907166065e-02    0.0000000000e+00    9.9999999993e-01    0.0000000000e+00    7.8540676619e-06    3.7646195607e-07    2.4819477455e-02    7.1416473761e-02    4.1764783963e-04    0.0000000000e+00
  69.0100000    7.7353327257e-06    4.6978025685e-07   -1.1986163326e-04    1.2118191074e-04    1.8925392095e-02    2.6919830817e-02    9.7072842095e-02    0.0000000000e+00    9.9999999993e-01    0.0000000000e+00    7.8732146553e-06    3.7794177796e-07    2.4872839711e-02    7.1975399480e-02    4.1807244461e-04    0.0000000000e+00
  69.5100000    7.7533054987e-06    4.7325639740e-07   -1.1984584884e-04    1.2112628088e-04    1.8932963676e-02    2.6974540276e-02    9.6937902502e-02    0.0000000000e+00    9.9999999993e-01    0.0000000000e+00    7.8921661349e-06    3.8041151552e-07    2.4925472350e-02    7.1779625278e-02    4.1840835590e-04    0.0000000000e+00
  70.0100000    7.7718723393e-06    4.7578701249e-07   -1.1983082212e-04    1.2106985161e-04    1.8949023951e-02    2.7031233190e-02    9.8117470062e-02    0.0000000000e+00    9.9999999993e-01    0.0000000000e+00    7.9119204349e-06    3.8091535014e-07    2.4980561904e-02    7.2381876008e-02    4.1874767966e-04    0.0000000000e+00
  70.5100000    7.7886272931e-06    4.7731838108e-07   -1.1981102883e-04    1.2103402720e-04    1.8954677095e-02    2.7081599809e-02    9.8867730176e-02    0.0000000000e+00    9.9999999993e-01    0.0000000000e+00    7.9309567498e-06    3.8171580752e-07    2.5033356549e-02    7.2901294626e-02    4.1918598339e-04    0.0000000000e+00
  71.0100000    7.8050794800e-06    4.7674125728e-07   -1.1978213385e-04    1.2102839413e-04    1.8958019041e-02    2.7130927626e-02    9.8587748862e-02    0.0000000000e+00    9.9999999993e-01    0.0000000000e+00    7.9491982754e-06    3.8382049414e-07    2.5083653078e-02    7.3136550366e-02    4.1975162878e-04    0.0000000000e+00
  71.5100000    7.8225094088e-06    4.7951680053e-07   -1.1974602811e-04    1.2104682781e-04    1.8973258249e-02    2.7183676490e-02    9.9963352714e-02    0.0000000000e+00    9.9999999993e-01    0.0000000000e+00    7.9684133235e-06    3.8324027521e-07    2.5137039921e-02    7.3567763525e-02    4.2035521291e-04    0.0000000000e+00
  72.0100000    7.8388465348e-06    4.8418398028e-07   -1.1971012372e-04    1.2107045900e-04    1.8987899409e-02    2.7232630771e-02    1.0037664606e-01    0.0000000000e+00    9.9999999993e-01    0.0000000000e+00    7.9880252892e-06    3.8216293073e-07    2.5191674214e-02    7.2977925792e-02    4.2088902431e-04    0.0000000000e+00
  72.5100000    7.8528323487e-06    4.8331604336e-07   -1.1968068446e-04    1.2107676308e-04    1.8995854097e-02    2.7273370493e-02    1.0018029828e-01    0.0000000000e+00    9.9999999993e-01    0.0000000000e+00    8.0067883359e-06    3.8509287705e-07    2.5243578060e-02    7.3557174689e-02    4.2135795065e-04    0.0000000000e+00
  73.0100000    7.8671458958e-06    4.8169027807e-07   -1.1965863169e-04    1.2105273416e-04    1.8996727157e-02    2.7315143193e-02    1.0075172172e-01    0.0000000000e+00    9.9999999993e-01    0.0000000000e+00    8.0255142174e-06    3.8810644913e-07    2.5295260245e-02    7.4769428185e-02    4.2182490740e-04    0.0000000000e+00
  73.5100000    7.8841041622e-06    4.8600896567e-07   -1.1964074475e-04    1.2100385541e-04    1.9004331418e-02    2.7365970908e-02    1.0006660031e-01    0.0000000000e+00    9.9999999993e-01    0.0000000000e+00    8.0449290638e-06    3.8663300224e-07    2.5348994981e-02    7.3260817193e-02    4.2227112039e-04    0.0000000000e+00
  74.0100000    7.9019097903e-06    4.9039610443e-07   -1.1962176096e-04    1.2095035387e-04    1.9014251040e-02    2.7419652599e-02    1.0193260534e-01    0.0000000000e+00    9.9999999993e-01    0.0000000000e+00    8.0642636414e-06    3.8546008168e-07    2.5402395138e-02    7.3812561124e-02    4.2263580040e-04    0.0000000000e+00
  74.5100000    7.9179904469e-06    4.8977313392e-07   -1.1959622540e-04    1.2091343043e-04    1.9025553043e-02    2.7467336144e-02    1.0409536902e-01    0.0000000000e+00    9.9999999993e-01    0.0000000000e+00    8.0830537665e-06    3.8865404744e-07    2.5454062342e-02    7.6187352516e-02    4.2297137674e-04    0.0000000000e+00
  75.0100000    7.9332336455e-06    4.9023621165e-07   -1.1956201180e-04    1.2090328685e-04    1.9031099361e-02    2.7512161729e-02    1.0126944608e-01    0.0000000000e+00    9.9999999993e-01    0.0000000000e+00    8.1017612621e-06    3.9099169366e-07    2.5505506066e-02    7.4404307557e-02    4.2340653688e-04    0.0000000000e+00
  75.5100000    7.9493385271e-06    4.9635276654e-07   -1.1952254561e-04    1.2091559414e-04    1.9038020381e-02    2.7560040193e-02    1.0292990866e-01    0.0000000000e+00    9.9999999993e-01    0.0000000000e+00    8.1205900970e-06    3.9066278175e-07    2.5557388445e-02    7.4667856643e-02    4.2394927189e-04    0.0000000000e+00
  76.0100000    7.9661525279e-06    5.0069891358e-07   -1.1948396615e-04    1.2093396519e-04    1.9051143223e-02    2.7610411148e-02    1.0674841249e-01    0.0000000000e+00    9.9999999993e-01    0.0000000000e+00    8.1393836894e-06    3.9233431115e-07    2.5609189622e-02    7.7233099021e-02    4.2448770296e-04    0.0000000000e+00
  76.5100000    7.9832956709e-06    5.0153471102e-07   -1.1945047564e-04    1.2093746105e-04    1.9062162849e-02    2.7661889670e-02    1.0428229519e-01    0.0000000000e+00    9.9999999993e-01    0.0000000000e+00    8.1584991793e-06    3.9477826423e-07    2.5661970018e-02    7.5751738676e-02    4.2497450968e-04    0.0000000000e+00
  77.0100000    8.0002256346e-06    5.0637272768e-07   -1.1942265895e-04    1.2091355331e-04    1.9076784301e-02    2.7712529481e-02    1.0472223358e-01    0.0000000000e+00    9.9999999993e-01    0.0000000000e+00    8.1777987888e-06    3.9553750381e-07    2.5715232557e-02    7.5510152875e-02    4.2542709829e-04    0.0000000000e+00
  77.5100000    8.0171716178e-06    5.1337034839e-07   -1.1939809511e-04    1.2086736465e-04    1.9091439144e-02    2.7763094290e-02    1.0922150488e-01    0.0000000000e+00    9.9999999993e-01    0.0000000000e+00    8.1966434804e-06    3.9795065131e-07    2.5766941270e-02    7.8305642422e-02    4.2579925422e-04    0.0000000000e+00
  78.0100000    8.0351677155e-06    5.1765924271e-07   -1.1937260217e-04    1.2081673174e-04    1.9105296511e-02    2.7817184597e-02    1.0989881736e-01    0.0000000000e+00    9.9999999993e-01    0.0000000000e+00    8.2155884302e-06    4.0147927506e-07    2.5818862624e-02    7.8871343233e-02    4.2606479406e-04    0.0000000000e+00
  78.5100000    8.0531396779e-06    5.2258658397e-07   -1.1934261653e-04    1.2077909991e-04    1.9124239188e-02    2.7871140421e-02    1.0948243727e-01    0.0000000000e+00    9.9999999993e-01    0.0000000000e+00    8.2349941253e-06    4.0292295038e-07    2.5872182201e-02    7.8113488424e-02    4.2635390842e-04    0.0000000000e+00
  79.0100000    8.0705383210e-06    5.2891161553e-07   -1.1930712825e-04    1.2076349116e-04    1.9139087125e-02    2.7923121247e-02    1.1234343936e-01    0.0000000000e+00    9.9999999993e-01    0.0000000000e+00    8.2539860630e-06    4.0502655588e-07    2.5924207791e-02    7.9723964737e-02    4.2680886311e-04    0.0000000000e+00
  79.5100000    8.0890566594e-06    5.3386912615e-07   -1.1926700086e-04    1.2076885143e-04    1.9155534758e-02    2.7979007743e-02    1.1374297404e-01    0.0000000000e+00    9.9999999993e-01    0.0000000000e+00    8.2728785770e-06    4.0811307080e-07    2.5975952474e-02    8.0633529806e-02    4.2738113567e-04    0.0000000000e+00
  80.0100000    8.1076842951e-06    5.3911894183e-07   -1.1922401680e-04    1.2078414429e-04    1.9178244491e-02    2.8035289795e-02    1.1420416855e-01    0.0000000000e+00    9.9999999993e-01    0.0000000000e+00    8.2922613846e-06    4.0916034259e-07    2.6029251893e-02    8.0397115071e-02    4.2790994788e-04    0.0000000000e+00
  80.5100000    8.1248580771e-06    5.4551596787e-07   -1.1918189810e-04    1.2079200399e-04    1.9197191142e-02    2.8086518967e-02    1.1628686503e-01    0.0000000000e+00    9.9999999993e-01    0.0000000000e+00    8.3109970680e-06    4.1126761266e-07    2.6080492544e-02    8.1406788459e-02    4.2832170189e-04    0.0000000000e+00
  81.0100000    8.1428291987e-06    5.5068628819e-07   -1.1914570804e-04    1.2077793807e-04    1.9211818802e-02    2.8140419456e-02    1.1774319294e-01    0.0000000000e+00    9.9999999993e-01    0.0000000000e+00    8.3292578052e-06    4.1590302962e-07    2.6130165968e-02    8.2632187946e-02    4.2866439894e-04    0.0000000000e+00
  81.5100000    8.1623110607e-06    5.5337922764e-07   -1.1911700598e-04    1.2073967632e-04    1.9234837275e-02    2.8199421717e-02    1.1889187694e-01    0.0000000000e+00    9.9999999993e-01    0.0000000000e+00    8.3486738572e-06    4.1732864599e-07    2.6183355155e-02    8.3355634730e-02    4.2900808001e-04    0.0000000000e+00
  82.0100000    8.1801129835e-06    5.5817792377e-07   -1.1909043833e-04    1.2068934728e-04    1.9257714610e-02    2.8252520926e-02    1.2062189903e-01    0.0000000000e+00    9.9999999993e-01    0.0000000000e+00    8.3683344371e-06    4.1575593397e-07    2.6237213508e-02    8.3584016910e-02    4.2937323961e-04    0.0000000000e+00
  82.5100000    8.1958653944e-06    5.6559196023e-07   -1.1905797148e-04    1.2064632406e-04    1.9270087329e-02    2.8298499549e-02    1.2228088863e-01    0.0000000000e+00    9.9999999993e-01    0.0000000000e+00    8.3864792022e-06    4.1894905952e-07    2.6286275131e-02    8.4335810955e-02    4.2974558784e-04    0.0000000000e+00
  83.0100000    8.2132041014e-06    5.6772176563e-07   -1.1901651432e-04    1.2062518973e-04    1.9285331483e-02    2.8349976129e-02    1.2294760245e-01    0.0000000000e+00    9.9999999993e-01    0.0000000000e+00    8.4045185749e-06    4.2440541397e-07    2.6335027912e-02    8.5606159146e-02    4.3012812634e-04    0.0000000000e+00
  83.5100000    8.2322689313e-06    5.6906932515e-07   -1.1896967454e-04    1.2062695906e-04    1.9309277207e-02    2.8407479525e-02    1.2365780397e-01    0.0000000000e+00    9.9999999993e-01    0.0000000000e+00    8.4240165589e-06    4.2396866051e-07    2.6388415992e-02    8.5815817736e-02    4.3054471971e-04    0.0000000000e+00
  84.0100000    8.2495167618e-06    5.7611756093e-07   -1.1892297744e-04    1.2063907067e-04    1.9326497009e-02    2.8458786138e-02    1.2566327653e-01    0.0000000000e+00    9.9999999993e-01    0.0000000000e+00    8.4433290485e-06    4.2223040905e-07    2.6441285265e-02    8.5858238476e-02    4.3099058489e-04    0.0000000000e+00
  84.5100000    8.2652139760e-06    5.8076711285e-07   -1.1887972344e-04    1.2064314747e-04    1.9338997024e-02    2.8504756908e-02    1.2741299470e-01    0.0000000000e+00    9.9999999993e-01    0.0000000000e+00    8.4613300118e-06    4.2595476305e-07    2.6490055396e-02    8.7191140627e-02    4.3141972722e-04    0.0000000000e+00
  85.0100000    8.2824666573e-06    5.8181974290e-07   -1.1884060703e-04    1.2062547801e-04    1.9357437320e-02    2.8556017058e-02    1.2799023717e-01    0.0000000000e+00    9.9999999993e-01    0.0000000000e+00    8.4796486932e-06    4.3046174753e-07    2.6539751487e-02    8.8364714128e-02    4.3179722420e-04    0.0000000000e+00
  85.5100000    8.3009194559e-06    5.8586386067e-07   -1.1880420025e-04    1.2058480297e-04    1.9380733679e-02    2.8611290122e-02    1.2925191471e-01    0.0000000000e+00    9.9999999993e-01    0.0000000000e+00    8.4990606421e-06    4.3029955655e-07    2.6592752978e-02    8.8613055966e-02    4.3213583512e-04    0.0000000000e+00
  86.0100000    8.3178418320e-06    5.9147830912e-07   -1.1876721630e-04    1.2053317428e-04    1.9397637152e-02    2.8661179897e-02    1.3133658141e-01    0.0000000000e+00    9.9999999993e-01    0.0000000000e+00    8.5180114306e-06    4.2930273787e-07    2.6644205933e-02    8.9058470342e-02    4.3246993253e-04    0.0000000000e+00
  86.5100000    8.3333510641e-06    5.9435642132e-07   -1.1875973879e-04    1.2048887037e-04    1.9412097812e-02    2.8706148250e-02    1.3232854038e-01    0.0000000000e+00    9.9999999993e-01    0.0000000000e+00    8.5358505934e-06    4.3280000570e-07    2.6692128767e-02    9.0069820428e-02    4.3281514803e-04    0.0000000000e+00
  87.0100000    8.3497914607e-06    5.9631571524e-07   -1.1876752892e-04    1.2046538811e-04    1.9430203378e-02    2.8754327473e-02    1.3320505899e-01    0.0000000000e+00    9.9999999993e-01    0.0000000000e+00    8.5541385338e-06    4.3614642486e-07    2.6741456313e-02    9.1072172752e-02    4.3316652551e-04    0.0000000000e+00
  87.5100000    8.3668221532e-06    6.0097080197e-07   -1.1877075732e-04    1.2046352659e-04    1.9449553123e-02    2.8804572030e-02    1.3501433790e-01    0.0000000000e+00    9.9999999993e-01    0.0000000000e+00    8.5730625328e-06    4.3553910086e-07    2.6792799989e-02    9.1520067654e-02    4.3352502002e-04    0.0000000000e+00
  88.0100000    8.3830268208e-06    6.0416850501e-07   -1.1877279809e-04    1.2047154394e-04    1.9466808576e-02    2.8851989833e-02    1.3601291752e-01    0.0000000000e+00    9.9999999993e-01    0.0000000000e+00    8.5911743742e-06    4.3618051727e-07    2.6841618235e-02    9.1892739973e-02    4.3390803832e-04    0.0000000000e+00
  88.5100000    8.3991262966e-06    6.0523635571e-07   -1.1877764955e-04    1.2047281635e-04    1.9480372274e-02    2.8899006997e-02    1.3700625412e-01    0.0000000000e+00    9.9999999993e-01    0.0000000000e+00    8.6091280572e-06    4.3823616256e-07    2.6889903825e-02    9.2844011878e-02    4.3432562292e-04    0.0000000000e+00
  89.0100000    8.4158302716e-06    6.0812381100e-07   -1.1878757380e-04    1.2045566802e-04    1.9498723346e-02    2.8948010445e-02    1.3835399197e-01    0.0000000000e+00    9.9999999993e-01    0.0000000000e+00    8.6275732252e-06    4.3916981630e-07    2.6939635387e-02    9.3540744565e-02    4.3475255634e-04    0.0000000000e+00
  89.5100000    8.4330142440e-06    6.0989312474e-07   -1.1880142737e-04    1.2041938192e-04    1.9519885439e-02    2.8998552900e-02    1.3895909000e-01    0.0000000000e+00    9.9999999993e-01    0.0000000000e+00    8.6458240335e-06    4.3997849257e-07    2.6988655728e-02    9.3862907307e-02    4.3513736924e-04    0.0000000000e+00
  90.0100000    8.4495015520e-06    6.1086598193e-07   -1.1881532660e-04    1.2037357460e-04    1.9540814583e-02    2.9046617390e-02    1.4006044053e-01    0.0000000000e+00    9.9999999993e-01    0.0000000000e+00    8.6639713923e-06    4.3998373817e-07    2.7037273129e-02    9.4466119682e-02    4.3544735930e-04    0.0000000000e+00
  90.5100000    8.4645238920e-06    6.1146149162e-07   -1.1882525514e-04    1.2033216437e-04    1.9563900627e-02    2.9089621734e-02    1.4085789037e-01    0.0000000000e+00    9.9999999993e-01    0.0000000000e+00    8.6820108253e-06    4.3996921780e-07    2.7085524022e-02    9.4916945454e-02    4.3570571680e-04    0.0000000000e+00
  91.0100000    8.4788071119e-06    6.1181583749e-07   -1.1882947287e-04    1.2030562156e-04    1.9577732648e-02    2.9130115243e-02    1.4127282945e-01    0.0000000000e+00    9.9999999993e-01    0.0000000000e+00    8.6997043216e-06    4.4039156717e-07    2.7132716470e-02    9.5222197931e-02    4.3598113161e-04    0.0000000000e+00
  91.5100000    8.4928780704e-06    6.1300720243e-07   -1.1882917235e-04    1.2029554135e-04    1.9582563603e-02    2.9169935047e-02    1.4223699743e-01    0.0000000000e+00    9.9999999993e-01    0.0000000000e+00    8.7171372085e-06    4.4094149619e-07    2.7179142351e-02    9.5821573219e-02    4.3633398939e-04    0.0000000000e+00
  92.0100000    8.5078700845e-06    6.1166078143e-07   -1.1882750382e-04    1.2029419398e-04    1.9590477182e-02    2.9212959303e-02    1.4245319594e-01    0.0000000000e+00    9.9999999993e-01    0.0000000000e+00    8.7347699655e-06    4.4125791517e-07    2.7226226856e-02    9.6226248599e-02    4.3676418871e-04    0.0000000000e+00
  92.5100000    8.5244213635e-06    6.1031937683e-07   -1.1882788851e-04    1.2028911317e-04    1.9604339445e-02    2.9261333600e-02    1.4295864707e-01    0.0000000000e+00    9.9999999993e-01    0.0000000000e+00    8.7528847963e-06    4.3951445182e-07    2.7274810448e-02    9.6370700571e-02    4.3720786412e-04    0.0000000000e+00
  93.0100000    8.5405960073e-06    6.1255843957e-07   -1.1883231812e-04    1.2027008310e-04    1.9613657804e-02    2.9308366517e-02    1.4411878655e-01    0.0000000000e+00    9.9999999993e-01    0.0000000000e+00    8.7704796775e-06    4.3876142440e-07    2.7321726876e-02    9.6672830639e-02    4.3758904418e-04    0.0000000000e+00
  93.5100000    8.5569215152e-06    6.1040033563e-07   -1.1884016992e-04    1.2023463484e-04    1.9622159623e-02    2.9355834044e-02    1.4293995729e-01    0.0000000000e+00    9.9999999993e-01    0.0000000000e+00    8.7870540510e-06    4.4230468802e-07    2.7365388839e-02    9.6943886447e-02    4.3788193362e-04    0.0000000000e+00
  94.0100000    8.5760197939e-06    6.0401744953e-07   -1.1884828159e-04    1.2018917604e-04    1.9646265606e-02    2.9412719215e-02    1.4265438547e-01    0.0000000000e+00    9.9999999993e-01    0.0000000000e+00    8.8059075254e-06    4.4061564345e-07    2.7416063444e-02    9.7281517848e-02    4.3812862896e-04    0.0000000000e+00
  94.5100000    8.5923940183e-06    6.0865707647e-07   -1.1885271697e-04    1.2014539494e-04    1.9669683985e-02    2.9460215088e-02    1.4572512790e-01    0.0000000000e+00    9.9999999993e-01    0.0000000000e+00    8.8251859563e-06    4.3309972206e-07    2.7468007435e-02    9.7053137714e-02    4.3839864975e-04    0.0000000000e+00
  95.0100000    8.6037917652e-06    6.0732873178e-07   -1.1885134472e-04    1.2011395038e-04    1.9667717632e-02    2.9490662765e-02    1.4394991948e-01    0.0000000000e+00    9.9999999993e-01    0.0000000000e+00    8.8393750345e-06    4.3810468589e-07    2.7504118035e-02    9.7186165792e-02    4.3873049930e-04    0.0000000000e+00
  95.5100000    8.6190704767e-06    5.9511281154e-07   -1.1884530604e-04    1.2009859111e-04    1.9680097592e-02    2.9534433602e-02    1.4146636815e-01    0.0000000000e+00    9.9999999993e-01    0.0000000000e+00    8.8557297278e-06    4.4312921400e-07    2.7546989125e-02    9.8326671439e-02    4.3910871940e-04    0.0000000000e+00
  96.0100000    8.6371158586e-06    5.9999157319e-07   -1.1883816618e-04    1.2009371350e-04    1.9706014846e-02    2.9587694573e-02    1.4513036484e-01    0.0000000000e+00    9.9999999993e-01    0.0000000000e+00    8.8764017186e-06    4.3234569295e-07    2.7603293886e-02    9.7713418968e-02    4.3949093499e-04    0.0000000000e+00
  96.5100000    8.6503764276e-06    6.0063449549e-07   -1.1883349557e-04    1.2008711469e-04    1.9715946130e-02    2.9624552375e-02    1.4481215210e-01    0.0000000000e+00    9.9999999993e-01    0.0000000000e+00    8.8923639529e-06    4.3001792564e-07    2.7644934995e-02    9.6973322180e-02    4.3984938025e-04    0.0000000000e+00
  97.0100000    8.6625762289e-06    5.8867677325e-07   -1.1883278037e-04    1.2006713145e-04    1.9720807068e-02    2.9657701980e-02    1.4126041195e-01    0.0000000000e+00    9.9999999993e-01    0.0000000000e+00    8.9070747261e-06    4.3827560218e-07    2.7682611038e-02    9.8135635525e-02    4.4018325828e-04    0.0000000000e+00
  97.5100000    8.6789610080e-06    5.9014490551e-07   -1.1883495813e-04    1.2003014465e-04    1.9737106605e-02    2.9705052707e-02    1.4282637606e-01    0.0000000000e+00    9.9999999993e-01    0.0000000000e+00    8.9260085833e-06    4.3580138272e-07    2.7733291603e-02    9.8380154556e-02    4.4049908532e-04    0.0000000000e+00
  98.0100000    8.6955893067e-06    5.9323347272e-07   -1.1883746474e-04    1.1998313516e-04    1.9761025449e-02    2.9753130326e-02    1.4425752971e-01    0.0000000000e+00    9.9999999993e-01    0.0000000000e+00    8.9442725148e-06    4.3028258467e-07    2.7781790479e-02    9.7695514815e-02    4.4079483794e-04    0.0000000000e+00
  98.5100000    8.7093898387e-06    5.8551784446e-07   -1.1883779462e-04    1.1993893065e-04    1.9781608565e-02    2.9791484360e-02    1.4223489547e-01    0.0000000000e+00    9.9999999993e-01    0.0000000000e+00    8.9602401086e-06    4.3255944373e-07    2.7823106682e-02    9.8034696479e-02    4.4107152478e-04    0.0000000000e+00
  99.0100000    8.7224706325e-06    5.8297421714e-07   -1.1883462096e-04    1.1990747179e-04    1.9793894632e-02    2.9827374029e-02    1.4236767121e-01    0.0000000000e+00    9.9999999993e-01    0.0000000000e+00    8.9771292773e-06    4.3334997822e-07    2.7867273207e-02    9.8677689548e-02    4.4135128014e-04    0.0000000000e+00
  99.5100000    8.7361302868e-06    5.8634283596e-07   -1.1882810812e-04    1.1988973788e-04    1.9805128009e-02    2.9865258835e-02    1.4317836955e-01    0.0000000000e+00    9.9999999993e-01    0.0000000000e+00    8.9938249104e-06    4.3173638222e-07    2.7910850100e-02    9.8323584884e-02    4.4166740647e-04    0.0000000000e+00
 100.0100000    8.7512155441e-06    5.8147848520e-07   -1.1881959385e-04    1.1987847970e-04    1.9817240521e-02    2.9908017758e-02    1.4200806598e-01    0.0000000000e+00    9.9999999993e-01    0.0000000000e+00    9.0102448847e-06    4.3218673457e-07    2.7953573554e-02    9.8380944478e-02    4.4202991415e-04    0.0000000000e+00
 100.5100000    8.7660619938e-06    5.7789808109e-07   -1.1881093903e-04    1.1986405832e-04    1.9831139349e-02    2.9949937906e-02    1.4264732683e-01    0.0000000000e+00    9.9999999993e-01    0.0000000000e+00    9.0277081790e-06    4.3001809528e-07    2.7999506661e-02    9.8936992111e-02    4.4240778483e-04    0.0000000000e+00
 101.0100000    8.7792773566e-06    5.7857060618e-07   -1.1880366213e-04    1.1984022248e-04    1.9835017371e-02    2.9986246666e-02    1.4256040729e-01    0.0000000000e+00    9.9999999993e-01    0.0000000000e+00    9.0439453721e-06    4.2873586353e-07    2.8041594774e-02    9.8471498644e-02    4.4275358901e-04    0.0000000000e+00
 101.5100000    8.7932091144e-06    5.7501300553e-07   -1.1879804195e-04    1.1980623640e-04    1.9842997455e-02    3.0024951753e-02    1.4093483412e-01    0.0000000000e+00    9.9999999993e-01    0.0000000000e+00    9.0597465647e-06    4.3033982832e-07    2.8082283113e-02    9.8217739815e-02    4.4304655851e-04    0.0000000000e+00
 102.0100000    8.8082206497e-06    5.7232374921e-07   -1.1879277452e-04    1.1976564682e-04    1.9856235233e-02    3.0067299061e-02    1.4180873987e-01    0.0000000000e+00    9.9999999993e-01    0.0000000000e+00    9.0767125571e-06    4.2893412566e-07    2.8126537659e-02    9.8967479407e-02    4.4330890290e-04    0.0000000000e+00
 102.5100000    8.8227129577e-06    5.7016172240e-07   -1.1878574373e-04    1.1972394758e-04    1.9865914723e-02    3.0107848761e-02    1.4216705011e-01    0.0000000000e+00    9.9999999993e-01    0.0000000000e+00    9.0934671367e-06    4.2614251026e-07    2.8170109482e-02    9.8951649156e-02    4.4358048836e-04    0.0000000000e+00
 103.0100000    8.8360293546e-06    5.6778380345e-07   -1.1877554365e-04    1.1968650018e-04    1.9875142898e-02    3.0144379445e-02    1.4070828881e-01    0.0000000000e+00    9.9999999993e-01    0.0000000000e+00    9.1095119482e-06    4.2544071195e-07    2.8211471321e-02    9.8106120748e-02    4.4388128961e-04    0.0000000000e+00
 103.5100000    8.8492353601e-06    5.6588409941e-07   -1.1876247859e-04    1.1965663999e-04    1.9881481098e-02    3.0180537007e-02    1.4010693904e-01    0.0000000000e+00    9.9999999993e-01    0.0000000000e+00    9.1251384359e-06    4.2645814229e-07    2.8251537644e-02    9.8196386458e-02    4.4420082250e-04    0.0000000000e+00
 104.0100000    8.8644060946e-06    5.6204412684e-07   -1.1874814553e-04    1.1963401526e-04    1.9892849706e-02    3.0223394840e-02    1.4065727437e-01    0.0000000000e+00    9.9999999993e-01    0.0000000000e+00    9.1416998955e-06    4.2513153109e-07    2.8294498932e-02    9.8910340290e-02    4.4452113147e-04    0.0000000000e+00
 104.5100000    8.8792188687e-06    5.6121223300e-07   -1.1873412796e-04    1.1961427096e-04    1.9911896226e-02    3.0265030614e-02    1.4036570913e-01    0.0000000000e+00    9.9999999993e-01    0.0000000000e+00    9.1587056775e-06    4.2210331638e-07    2.8338829415e-02    9.8122839962e-02    4.4484127488e-04    0.0000000000e+00
 105.0100000    8.8918609031e-06    5.5934513096e-07   -1.1872109438e-04    1.1959110943e-04    1.9923789644e-02    3.0299257292e-02    1.3869701553e-01    0.0000000000e+00    9.9999999993e-01    0.0000000000e+00    9.1742605239e-06    4.2305049133e-07    2.8378654390e-02    9.7424057648e-02    4.4517101416e-04    0.0000000000e+00
 105.5100000    8.9054472912e-06    5.5571021839e-07   -1.1870881702e-04    1.1955991014e-04    1.9929056364e-02    3.0336663644e-02    1.3916594054e-01    0.0000000000e+00    9.9999999993e-01    0.0000000000e+00    9.1901819220e-06    4.2319605191e-07    2.8419575243e-02    9.8354756564e-02    4.4550359416e-04    0.0000000000e+00
 106.0100000    8.9204742243e-06    5.5475763535e-07   -1.1869649692e-04    1.1952040989e-04    1.9946391927e-02    3.0378922293e-02    1.3895103246e-01    0.0000000000e+00    9.9999999993e-01    0.0000000000e+00    9.2067391254e-06    4.2107091030e-07    2.8462410724e-02    9.7857707995e-02    4.4581041207e-04    0.0000000000e+00
 106.5100000    8.9349468205e-06    5.5067697962e-07   -1.1868285270e-04    1.1947658971e-04    1.9965200825e-02    3.0419244849e-02    1.3772477839e-01    0.0000000000e+00    9.9999999993e-01    0.0000000000e+00    9.2230657317e-06    4.2052569664e-07    2.8504484807e-02    9.7518607929e-02    4.4607423157e-04    0.0000000000e+00
 107.0100000    8.9478110843e-06    5.4947467189e-07   -1.1866637295e-04    1.1943427064e-04    1.9974709030e-02    3.0454065609e-02    1.3901226966e-01    0.0000000000e+00    9.9999999993e-01    0.0000000000e+00    9.2391041958e-06    4.1890508498e-07    2.8545636013e-02    9.8246029966e-02    4.4632045488e-04    0.0000000000e+00
 107.5100000    8.9614328913e-06    5.4769853618e-07   -1.1864625984e-04    1.1939827754e-04    1.9982994714e-02    3.0491457636e-02    1.3763880192e-01    0.0000000000e+00    9.9999999993e-01    0.0000000000e+00    9.2541723908e-06    4.1887110758e-07    2.8583784073e-02    9.7527226969e-02    4.4659896430e-04    0.0000000000e+00
 108.0100000    8.9770225351e-06    5.4167555934e-07   -1.1862347942e-04    1.1937031796e-04    2.0003055757e-02    3.0535553760e-02    1.3579208053e-01    0.0000000000e+00    9.9999999993e-01    0.0000000000e+00    9.2703896355e-06    4.1907971164e-07    2.8625491148e-02    9.7225229676e-02    4.4693133568e-04    0.0000000000e+00
 108.5100000    8.9907832637e-06    5.4063950480e-07   -1.1860059622e-04    1.1934781076e-04    2.0019398961e-02    3.0573453782e-02    1.3638086025e-01    0.0000000000e+00    9.9999999993e-01    0.0000000000e+00    9.2870545616e-06    4.1576206989e-07    2.8668595144e-02    9.7058295227e-02    4.4729247295e-04    0.0000000000e+00
 109.0100000    9.0027579591e-06    5.3737736480e-07   -1.1858004753e-04    1.1932432788e-04    2.0026394095e-02    3.0605289240e-02    1.3505730059e-01    0.0000000000e+00    9.9999999993e-01    0.0000000000e+00    9.3021745773e-06    4.1446008582e-07    2.8706932349e-02    9.6346711370e-02    4.4765405015e-04    0.0000000000e+00
 109.5100000    9.0156531650e-06    5.3349565139e-07   -1.1856224062e-04    1.1929260523e-04    2.0033241958e-02    3.0640218966e-02    1.3411530151e-01    0.0000000000e+00    9.9999999993e-01    0.0000000000e+00    9.3175622164e-06    4.1487229189e-07    2.8746060314e-02    9.6385883307e-02    4.4796115251e-04    0.0000000000e+00
 110.0100000    9.0296351912e-06    5.3141627055e-07   -1.1854522822e-04    1.1924926374e-04    2.0042403214e-02    3.0678772776e-02    1.3349748892e-01    0.0000000000e+00    9.9999999993e-01    0.0000000000e+00    9.3333056469e-06    4.1410581190e-07    2.8786220032e-02    9.6119379055e-02    4.4824026354e-04    0.0000000000e+00
 110.5100000    9.0436127656e-06    5.2593487096e-07   -1.1852621780e-04    1.1919786050e-04    2.0057125508e-02    3.0717238679e-02    1.3220418803e-01    0.0000000000e+00    9.9999999993e-01    0.0000000000e+00    9.3492559443e-06    4.1191686256e-07    2.8826946410e-02    9.5612747789e-02    4.4852488610e-04    0.0000000000e+00
 111.0100000    9.0561742408e-06    5.2509666070e-07   -1.1850349398e-04    1.1914717639e-04    2.0064921188e-02    3.0750854602e-02    1.3272798448e-01    0.0000000000e+00    9.9999999993e-01    0.0000000000e+00    9.3648658015e-06    4.0956783130e-07    2.8866578318e-02    9.5587523492e-02    4.4881687363e-04    0.0000000000e+00
 111.5100000    9.0690729243e-06    5.2288822337e-07   -1.1847722103e-04    1.1910542658e-04    2.0070224349e-02    3.0785613096e-02    1.3137595074e-01    0.0000000000e+00    9.9999999993e-01    0.0000000000e+00    9.3793817160e-06    4.1128933004e-07    2.8902836302e-02    9.5388103102e-02    4.4910299365e-04    0.0000000000e+00
 112.0100000    9.0838862389e-06    5.1520796727e-07   -1.1844889178e-04    1.1907473322e-04    2.0086275644e-02    3.0826889654e-02    1.2946001824e-01    0.0000000000e+00    9.9999999993e-01    0.0000000000e+00    9.3954941834e-06    4.1101149910e-07    2.8944031582e-02    9.5227639730e-02    4.4939070742e-04    0.0000000000e+00
 112.5100000    9.0973416586e-06    5.1662359124e-07   -1.1842029997e-04    1.1904998415e-04    2.0100263730e-02    3.0863582458e-02    1.3111629631e-01    0.0000000000e+00    9.9999999993e-01    0.0000000000e+00    9.4120893862e-06    4.0548505081e-07    2.8986728402e-02    9.4922816645e-02    4.4970308654e-04    0.0000000000e+00
 113.0100000    9.1092058570e-06    5.1658055444e-07   -1.1839280199e-04    1.1902251954e-04    2.0101566563e-02    3.0894872243e-02    1.2978047874e-01    0.0000000000e+00    9.9999999993e-01    0.0000000000e+00    9.4258475362e-06    4.0723960366e-07    2.9020682266e-02    9.4387601663e-02    4.5003957114e-04    0.0000000000e+00
 113.5100000    9.1234743526e-06    5.0657294228e-07   -1.1836689381e-04    1.1898557957e-04    2.0115001004e-02    3.0934259153e-02    1.2665908567e-01    0.0000000000e+00    9.9999999993e-01    0.0000000000e+00    9.4411582576e-06    4.1060512787e-07    2.9059363886e-02    9.4563880573e-02    4.5036349323e-04    0.0000000000e+00
 114.0100000    9.1378306760e-06    5.0751748691e-07   -1.1834192592e-04    1.1893786890e-04    2.0129964704e-02    3.0973868755e-02    1.2851580646e-01    0.0000000000e+00    9.9999999993e-01    0.0000000000e+00    9.4586519539e-06    4.0356983776e-07    2.9104685751e-02    9.4157946711e-02    4.5064004182e-04    0.0000000000e+00
 114.5100000    9.1497838217e-06    5.1045412074e-07   -1.1831622367e-04    1.1888361347e-04    2.0133655110e-02    3.1005272026e-02    1.2858599406e-01    0.0000000000e+00    9.9999999993e-01    0.0000000000e+00    9.4727365593e-06    4.0250687340e-07    2.9139458498e-02    9.3488709273e-02    4.5087617455e-04    0.0000000000e+00
 115.0100000    9.1635718881e-06    5.0179311563e-07   -1.1828796623e-04    1.1882987237e-04    2.0145550117e-02    3.1042847798e-02    1.2520270824e-01    0.0000000000e+00    9.9999999993e-01    0.0000000000e+00    9.4869258478e-06    4.0840318802e-07    2.9174514499e-02    9.3824667583e-02    4.5111055213e-04    0.0000000000e+00
 115.5100000    9.1790305732e-06    4.9969299566e-07   -1.1825640388e-04    1.1878291021e-04    2.0166273417e-02    3.1086073107e-02    1.2563965053e-01    0.0000000000e+00    9.9999999993e-01    0.0000000000e+00    9.5040996022e-06    4.0360280249e-07    2.9218735455e-02    9.3427467337e-02    4.5136979129e-04    0.0000000000e+00
 116.0100000    9.1920341010e-06    5.0251910787e-07   -1.1822235002e-04    1.1874514909e-04    2.0179961896e-02    3.1121015238e-02    1.2666462216e-01    0.0000000000e+00    9.9999999993e-01    0.0000000000e+00    9.5191748513e-06    3.9961563961e-07    2.9256530031e-02    9.2804635242e-02    4.5164954161e-04    0.0000000000e+00
 116.5100000    9.2047642662e-06    4.9733324911e-07   -1.1818746540e-04    1.1871373430e-04    2.0188713046e-02    3.1155056606e-02    1.2461637067e-01    0.0000000000e+00    9.9999999993e-01    0.0000000000e+00    9.5330523720e-06    4.0380324506e-07    2.9290666980e-02    9.3156168679e-02    4.5195373804e-04    0.0000000000e+00
 117.0100000    9.2193177698e-06    4.9415166060e-07   -1.1815305747e-04    1.1868161889e-04    2.0203035218e-02    3.1195252677e-02    1.2398037838e-01    0.0000000000e+00    9.9999999993e-01    0.0000000000e+00    9.5489171587e-06    4.0234987176e-07    2.9330893261e-02    9.2917505708e-02    4.5227408494e-04    0.0000000000e+00
 117.5100000    9.2331512228e-06    4.9434159473e-07   -1.1811940444e-04    1.1864139790e-04    2.0218806915e-02    3.1232959157e-02    1.2430149099e-01    0.0000000000e+00    9.9999999993e-01    0.0000000000e+00    9.5644210050e-06    3.9881456861e-07    2.9369957836e-02    9.2324743339e-02    4.5257399409e-04    0.0000000000e+00
 118.0100000    9.2459092872e-06    4.9103041559e-07   -1.1808580841e-04    1.1859013459e-04    2.0231883726e-02    3.1266950752e-02    1.2321636780e-01    0.0000000000e+00    9.9999999993e-01    0.0000000000e+00    9.5791583765e-06    3.9921749401e-07    2.9406592453e-02    9.2203899245e-02    4.5284827201e-04    0.0000000000e+00
 118.5100000    9.2589765980e-06    4.8882258395e-07   -1.1805101289e-04    1.1853170009e-04    2.0241696322e-02    3.1301912322e-02    1.2223065643e-01    0.0000000000e+00    9.9999999993e-01    0.0000000000e+00    9.5941606445e-06    3.9867520476e-07    2.9443966522e-02    9.1753229467e-02    4.5309345042e-04    0.0000000000e+00
 119.0100000    9.2723421556e-06    4.8691716986e-07   -1.1801384668e-04    1.1847436189e-04    2.0253112427e-02    3.1337837206e-02    1.2211939392e-01    0.0000000000e+00    9.9999999993e-01    0.0000000000e+00    9.6091627569e-06    3.9751818001e-07    2.9481296368e-02    9.1747174133e-02    4.5332557800e-04    0.0000000000e+00
 119.5100000    9.2854958446e-06    4.8506623761e-07   -1.1797401276e-04    1.1844720797e-04    2.0270332468e-02    3.1373040015e-02    1.2162782080e-01    0.0000000000e+00    9.9999999993e-01    0.0000000000e+00    9.6242339811e-06    3.9673104172e-07    2.9518829393e-02    9.1527757305e-02    4.5358333706e-04    0.0000000000e+00
 120.0100000    9.2985572736e-06    4.8345027926e-07   -1.1793240759e-04    1.1845749764e-04    2.0285093688e-02    3.1407946590e-02    1.2045998972e-01    0.0000000000e+00    9.9999999993e-01    0.0000000000e+00    9.6391823485e-06    3.9566995962e-07    2.9555997639e-02    9.0717855039e-02    4.5388987876e-04    0.0000000000e+00
 120.5100000    9.3113323335e-06    4.8076492088e-07   -1.1789039876e-04    1.1847206525e-04    2.0294979653e-02    3.1441896603e-02    1.2053071423e-01    0.0000000000e+00    9.9999999993e-01    0.0000000000e+00    9.6540403159e-06    3.9497721576e-07    2.9592895405e-02    9.1117901935e-02    4.5421981184e-04    0.0000000000e+00
 121.0100000    9.3242025340e-06    4.7942362541e-07   -1.1784867005e-04    1.1848390444e-04    2.0306301445e-02    3.1476150383e-02    1.2028216227e-01    0.0000000000e+00    9.9999999993e-01    0.0000000000e+00    9.6689682973e-06    3.9455174641e-07    2.9629988555e-02    9.1068055121e-02    4.5452665619e-04    0.0000000000e+00
 121.5100000    9.3375109912e-06    4.7876126484e-07   -1.1780694307e-04    1.1848787613e-04    2.0319460066e-02    3.1511837619e-02    1.1920825499e-01    0.0000000000e+00    9.9999999993e-01    0.0000000000e+00    9.6838378454e-06    3.9361792484e-07    2.9666858501e-02    9.0165433861e-02    4.5479760728e-04    0.0000000000e+00
 122.0100000    9.3506217672e-06    4.7615866157e-07   -1.1776472145e-04    1.1848374787e-04    2.0331215948e-02    3.1546808432e-02    1.1906505430e-01    0.0000000000e+00    9.9999999993e-01    0.0000000000e+00    9.6985576946e-06    3.9304315687e-07    2.9703221234e-02    9.0422068629e-02    4.5505706783e-04    0.0000000000e+00
 122.5100000    9.3637621609e-06    4.7395620033e-07   -1.1772174749e-04    1.1847572592e-04    2.0343596275e-02    3.1581847290e-02    1.1860926200e-01    0.0000000000e+00    9.9999999993e-01    0.0000000000e+00    9.7135160619e-06    3.9260031123e-07    2.9740281685e-02    9.0367511601e-02    4.5532060409e-04    0.0000000000e+00
 123.0100000    9.3769889554e-06    4.7356080892e-07   -1.1767749946e-04    1.1846890724e-04    2.0359041366e-02    3.1617167644e-02    1.1796688995e-01    0.0000000000e+00    9.9999999993e-01    0.0000000000e+00    9.7284987940e-06    3.9133413603e-07    2.9777405274e-02    8.9660523207e-02    4.5557745901e-04    0.0000000000e+00
 123.5100000    9.3899001001e-06    4.7125538786e-07   -1.1763089784e-04    1.1846597338e-04    2.0373025375e-02    3.1651423772e-02    1.1767473189e-01    0.0000000000e+00    9.9999999993e-01    0.0000000000e+00    9.7431258729e-06    3.9072791994e-07    2.9813438060e-02    8.9737674740e-02    4.5582519848e-04    0.0000000000e+00
 124.0100000    9.4025228470e-06    4.6878166685e-07   -1.1758129989e-04    1.1846685478e-04    2.0388341153e-02    3.1684703992e-02    1.1719664672e-01    0.0000000000e+00    9.9999999993e-01    0.0000000000e+00    9.7578353100e-06    3.9046732173e-07    2.9849715608e-02    8.9771443543e-02    4.5608966036e-04    0.0000000000e+00
 124.5100000    9.4150127213e-06    4.6741542829e-07   -1.1752967443e-04    1.1847033581e-04    2.0403821502e-02    3.1717528562e-02    1.1643995454e-01    0.0000000000e+00    9.9999999993e-01    0.0000000000e+00    9.7725738308e-06    3.8941906389e-07    2.9886071149e-02    8.9201255743e-02    4.5639040541e-04    0.0000000000e+00
 125.0100000    9.4276167093e-06    4.6563793159e-07   -1.1747806883e-04    1.1847477737e-04    2.0415472414e-02    3.1750729583e-02    1.1606881336e-01    0.0000000000e+00    9.9999999993e-01    0.0000000000e+00    9.7871835418e-06    3.8825883608e-07    2.9922023014e-02    8.8975928662e-02    4.5670595395e-04    0.0000000000e+00
 125.5100000    9.4404412349e-06    4.6433791962e-07   -1.1742768652e-04    1.1847763800e-04    2.0426883367e-02    3.1784661602e-02    1.1603804743e-01    0.0000000000e+00    9.9999999993e-01    0.0000000000e+00    9.8017725831e-06    3.8792647950e-07    2.9957898888e-02    8.9139954785e-02    4.5699526157e-04    0.0000000000e+00
 126.0100000    9.4535944185e-06    4.6174263251e-07   -1.1742976724e-04    1.1847597555e-04    2.0438809169e-02    3.1819674728e-02    1.1474198045e-01    0.0000000000e+00    9.9999999993e-01    0.0000000000e+00    9.8164290005e-06    3.8808854968e-07    2.9993955553e-02    8.8657231448e-02    4.5724473285e-04    0.0000000000e+00
 126.5100000    9.4669289423e-06    4.6074736528e-07   -1.1744691599e-04    1.1846857847e-04    2.0453737047e-02    3.1855258243e-02    1.1452614285e-01    0.0000000000e+00    9.9999999993e-01    0.0000000000e+00    9.8312059542e-06    3.8692650380e-07    3.0030341359e-02    8.8384065782e-02    4.5747731054e-04    0.0000000000e+00
 127.0100000    9.4801271141e-06    4.6100970090e-07   -1.1746221212e-04    1.1845746596e-04    2.0469273131e-02    3.1890340153e-02    1.1526196891e-01    0.0000000000e+00    9.9999999993e-01    0.0000000000e+00    9.8456571238e-06    3.8621724541e-07    3.0065690649e-02    8.8778135192e-02    4.5772119022e-04    0.0000000000e+00
 127.5100000    9.4932019900e-06    4.5682626990e-07   -1.1747480442e-04    1.1844684203e-04    2.0484431005e-02    3.1924974784e-02    1.1363317383e-01    0.0000000000e+00    9.9999999993e-01    0.0000000000e+00    9.8600892244e-06    3.8691345707e-07    3.0100949273e-02    8.8454808819e-02    4.5798470554e-04    0.0000000000e+00
 128.0100000    9.5058109737e-06    4.5664816477e-07   -1.1748443750e-04    1.1844043316e-04    2.0494787509e-02    3.1958029497e-02    1.1354664195e-01    0.0000000000e+00    9.9999999993e-01    0.0000000000e+00    9.8748029489e-06    3.8548839155e-07    3.0137050744e-02    8.8048856226e-02    4.5825960977e-04    0.0000000000e+00
 128.5100000    9.5180547655e-06    4.5875751321e-07   -1.1749197652e-04    1.1843934551e-04    2.0507407445e-02    3.1989861079e-02    1.1429558956e-01    0.0000000000e+00    9.9999999993e-01    0.0000000000e+00    9.8889414746e-06    3.8490217570e-07    3.0171398821e-02    8.8142972575e-02    4.5853490854e-04    0.0000000000e+00
 129.0100000    9.5308779599e-06    4.5257965167e-07   -1.1749946357e-04    1.1844139114e-04    2.0519715070e-02    3.2023649951e-02    1.1273606824e-01    0.0000000000e+00    9.9999999993e-01    0.0000000000e+00    9.9032165171e-06    3.8674166195e-07    3.0206172181e-02    8.8510776312e-02    4.5880388770e-04    0.0000000000e+00
 129.5100000    9.5442038212e-06    4.5164188342e-07   -1.1750871971e-04    1.1844189345e-04    2.0537009030e-02    3.2059127533e-02    1.1227653255e-01    0.0000000000e+00    9.9999999993e-01    0.0000000000e+00    9.9183525375e-06    3.8480260804e-07    3.0243568665e-02    8.7812572297e-02    4.5906550945e-04    0.0000000000e+00
 130.0100000    9.5571401239e-06    4.5571671081e-07   -1.1751953982e-04    1.1843603341e-04    2.0556529207e-02    3.2093268876e-02    1.1226104244e-01    0.0000000000e+00    9.9999999993e-01    0.0000000000e+00    9.9328302072e-06    3.8268906109e-07    3.0278930046e-02    8.6582269657e-02    4.5932260891e-04    0.0000000000e+00
 130.5100000    9.5696817228e-06    4.4973016099e-07   -1.1752971614e-04    1.1842203466e-04    2.0569599903e-02    3.2126022654e-02    1.1174153985e-01    0.0000000000e+00    9.9999999993e-01    0.0000000000e+00    9.9466741355e-06    3.8514495193e-07    3.0312299773e-02    8.7887267555e-02    4.5957524914e-04    0.0000000000e+00
 131.0100000    9.5826862098e-06    4.4697585965e-07   -1.1753712317e-04    1.1840291592e-04    2.0580775079e-02    3.2160252908e-02    1.1169806502e-01    0.0000000000e+00    9.9999999993e-01    0.0000000000e+00    9.9611646882e-06    3.8506002362e-07    3.0347565090e-02    8.8296873548e-02    4.5981686866e-04    0.0000000000e+00
 131.5100000    9.5959429521e-06    4.5119620622e-07   -1.1754148551e-04    1.1838482558e-04    2.0599041675e-02    3.2195276145e-02    1.1096804698e-01    0.0000000000e+00    9.9999999993e-01    0.0000000000e+00    9.9756769433e-06    3.8250178937e-07    3.0382845181e-02    8.6335739697e-02    4.6004409140e-04    0.0000000000e+00
 132.0100000    9.6084352342e-06    4.4707081284e-07   -1.1754402285e-04    1.1837291453e-04    2.0614031617e-02    3.2227727848e-02    1.0990863292e-01    0.0000000000e+00    9.9999999993e-01    0.0000000000e+00    9.9897347777e-06    3.8326067104e-07    3.0416732081e-02    8.6471813842e-02    4.6026982727e-04    0.0000000000e+00
 132.5100000    9.6206666675e-06    4.4342646590e-07   -1.1754597033e-04    1.1836807607e-04    2.0626990203e-02    3.2259326839e-02    1.1037202032e-01    0.0000000000e+00    9.9999999993e-01    0.0000000000e+00    1.0004086412e-05    3.8389810225e-07    3.0451530401e-02    8.7648334375e-02    4.6051499194e-04    0.0000000000e+00
 133.0100000    9.6332536340e-06    4.4628713144e-07   -1.1754786499e-04    1.1836678286e-04    2.0640567466e-02    3.2292134865e-02    1.1058201454e-01    0.0000000000e+00    9.9999999993e-01    0.0000000000e+00    1.0018531467e-05    3.8268638585e-07    3.0486627279e-02    8.6990502635e-02    4.6078212658e-04    0.0000000000e+00
 133.5100000    9.6456713397e-06    4.4353595087e-07   -1.1754968478e-04    1.1836337635e-04    2.0655530270e-02    3.2324363485e-02    1.0861798627e-01    0.0000000000e+00    9.9999999993e-01    0.0000000000e+00    1.0032642680e-05    3.8264833593e-07    3.0520695042e-02    8.5946262149e-02    4.6104832459e-04    0.0000000000e+00
 134.0100000    9.6578802315e-06    4.4065998513e-07   -1.1755082534e-04    1.1835307412e-04    2.0672805229e-02    3.2355844835e-02    1.0878991907e-01    0.0000000000e+00    9.9999999993e-01    0.0000000000e+00    1.0046946647e-05    3.8252520194e-07    3.0555300619e-02    8.6577819233e-02    4.6129226320e-04    0.0000000000e+00
 134.5100000    9.6700999967e-06    4.4291199602e-07   -1.1755006643e-04    1.1833469146e-04    2.0685198868e-02    3.2387297525e-02    1.0970249972e-01    0.0000000000e+00    9.9999999993e-01    0.0000000000e+00    1.0061154446e-05    3.8209191139e-07    3.0589549799e-02    8.6791305628e-02    4.6151711138e-04    0.0000000000e+00
 135.0100000    9.6826489540e-06    4.4032283336e-07   -1.1754641656e-04    1.1831200520e-04    2.0698868570e-02    3.2419802787e-02    1.0798450201e-01    0.0000000000e+00    9.9999999993e-01    0.0000000000e+00    1.0074928696e-05    3.8270239991e-07    3.0622433991e-02    8.6049855117e-02    4.6173640206e-04    0.0000000000e+00
 135.5100000    9.6956783964e-06    4.3799591257e-07   -1.1754026135e-04    1.1829196549e-04    2.0718122162e-02    3.2453909234e-02    1.0771931619e-01    0.0000000000e+00    9.9999999993e-01    0.0000000000e+00    1.0089240712e-05    3.8220452551e-07    3.0656944292e-02    8.6135771968e-02    4.6195101198e-04    0.0000000000e+00
 136.0100000    9.7082913750e-06    4.4018555866e-07   -1.1753314570e-04    1.1827964194e-04    2.0733688927e-02    3.2486658602e-02    1.0793878007e-01    0.0000000000e+00    9.9999999993e-01    0.0000000000e+00    1.0103637092e-05    3.8127360699e-07    3.0691742402e-02    8.5695990055e-02    4.6215850350e-04    0.0000000000e+00
 136.5100000    9.7205588165e-06    4.3797364774e-07   -1.1752615359e-04    1.1827369506e-04    2.0743684404e-02    3.2518295037e-02    1.0710553909e-01    0.0000000000e+00    9.9999999993e-01    0.0000000000e+00    1.0117339390e-05    3.8201960906e-07    3.0724471933e-02    8.5625919026e-02    4.6237491931e-04    0.0000000000e+00
 137.0100000    9.7332271772e-06    4.3634054424e-07   -1.1751890975e-04    1.1826713440e-04    2.0760084856e-02    3.2551278035e-02    1.0725409505e-01    0.0000000000e+00    9.9999999993e-01    0.0000000000e+00    1.0131381645e-05    3.8225706239e-07    3.0758237713e-02    8.6084631868e-02    4.6262060880e-04    0.0000000000e+00
 137.5100000    9.7458369653e-06    4.3771530130e-07   -1.1751039347e-04    1.1825329946e-04    2.0781075080e-02    3.2584026662e-02    1.0682010850e-01    0.0000000000e+00    9.9999999993e-01    0.0000000000e+00    1.0145727979e-05    3.8146397349e-07    3.0792887399e-02    8.5295920239e-02    4.6288233488e-04    0.0000000000e+00
 138.0100000    9.7578635779e-06    4.3629214651e-07   -1.1750025291e-04    1.1823132747e-04    2.0794560409e-02    3.2614773687e-02    1.0648496083e-01    0.0000000000e+00    9.9999999993e-01    0.0000000000e+00    1.0159616529e-05    3.8139313446e-07    3.0826095782e-02    8.5291931172e-02    4.6311495078e-04    0.0000000000e+00
 138.5100000    9.7699031838e-06    4.3539529817e-07   -1.1748889942e-04    1.1820588917e-04    2.0808196376e-02    3.2645533249e-02    1.0694945748e-01    0.0000000000e+00    9.9999999993e-01    0.0000000000e+00    1.0173433815e-05    3.8201419031e-07    3.0859056653e-02    8.5967872679e-02    4.6329469760e-04    0.0000000000e+00
 139.0100000    9.7826829704e-06    4.3580574141e-07   -1.1747663490e-04    1.1818224282e-04    2.0827055296e-02    3.2678764781e-02    1.0635470353e-01    0.0000000000e+00    9.9999999993e-01    0.0000000000e+00    1.0187619254e-05    3.8175410629e-07    3.0893132539e-02    8.5344965437e-02    4.6345423958e-04    0.0000000000e+00
 139.5100000    9.7952701939e-06    4.3603853761e-07   -1.1746322935e-04    1.1816210232e-04    2.0844956118e-02    3.2711364688e-02    1.0580264899e-01    0.0000000000e+00    9.9999999993e-01    0.0000000000e+00    1.0201631293e-05    3.8119078967e-07    3.0926691889e-02    8.4733710142e-02    4.6364555771e-04    0.0000000000e+00
 140.0100000    9.8074556602e-06    4.3445733768e-07   -1.1744832954e-04    1.1814370911e-04    2.0858709129e-02    3.2742616227e-02    1.0549591265e-01    0.0000000000e+00    9.9999999993e-01    0.0000000000e+00    1.0215365943e-05    3.8213636410e-07    3.0959401737e-02    8.4993139744e-02    4.6387565768e-04    0.0000000000e+00
 140.5100000    9.8199972870e-06    4.3471588705e-07   -1.1743188777e-04    1.1812455954e-04    2.0874659105e-02    3.2775018746e-02    1.0567699321e-01    0.0000000000e+00    9.9999999993e-01    0.0000000000e+00    1.0229507370e-05    3.8186810263e-07    3.0993306551e-02    8.5023855710e-02    4.6410105658e-04    0.0000000000e+00
 141.0100000    9.8325262028e-06    4.3685211630e-07   -1.1741413527e-04    1.1810352822e-04    2.0889844827e-02    3.2807328855e-02    1.0556290091e-01    0.0000000000e+00    9.9999999993e-01    0.0000000000e+00    1.0243261176e-05    3.8152737472e-07    3.1025989208e-02    8.4461455357e-02    4.6434294015e-04    0.0000000000e+00
 141.5100000    9.8452867897e-06    4.3305897348e-07   -1.1739545399e-04    1.1808109622e-04    2.0909483932e-02    3.2840371075e-02    1.0440375611e-01    0.0000000000e+00    9.9999999993e-01    0.0000000000e+00    1.0257086130e-05    3.8243828884e-07    3.1058848195e-02    8.4437326148e-02    4.6459382750e-04    0.0000000000e+00
 142.0100000    9.8573967979e-06    4.3485634114e-07   -1.1737637839e-04    1.1805827514e-04    2.0922468311e-02    3.2871226030e-02    1.0586621328e-01    0.0000000000e+00    9.9999999993e-01    0.0000000000e+00    1.0271367188e-05    3.8101416074e-07    3.1093066569e-02    8.4965351315e-02    4.6483783901e-04    0.0000000000e+00
 142.5100000    9.8693020590e-06    4.3735647748e-07   -1.1735738853e-04    1.1803516148e-04    2.0931376106e-02    3.2901389955e-02    1.0601246417e-01    0.0000000000e+00    9.9999999993e-01    0.0000000000e+00    1.0284520628e-05    3.8217175000e-07    3.1123864130e-02    8.4887279770e-02    4.6507191857e-04    0.0000000000e+00
 143.0100000    9.8827765207e-06    4.3198456869e-07   -1.1733834688e-04    1.1801027405e-04    2.0956841851e-02    3.2936757705e-02    1.0407527270e-01    0.0000000000e+00    9.9999999993e-01    0.0000000000e+00    1.0298447646e-05    3.8354391018e-07    3.1156979344e-02    8.4616092487e-02    4.6529857352e-04    0.0000000000e+00
 143.5100000    9.8952890758e-06    4.3563638855e-07   -1.1731817395e-04    1.1798177048e-04    2.0975772020e-02    3.2968877684e-02    1.0543666202e-01    0.0000000000e+00    9.9999999993e-01    0.0000000000e+00    1.0312933185e-05    3.8040038056e-07    3.1191738493e-02    8.4340550599e-02    4.6553051083e-04    0.0000000000e+00
 144.0100000    9.9068661188e-06    4.3634146209e-07   -1.1729543392e-04    1.1794986110e-04    2.0985588329e-02    3.2997828762e-02    1.0502299905e-01    0.0000000000e+00    9.9999999993e-01    0.0000000000e+00    1.0325860044e-05    3.8182029926e-07    3.1221733535e-02    8.4211904951e-02    4.6577211772e-04    0.0000000000e+00
 144.5100000    9.9197994437e-06    4.3215258147e-07   -1.1726955717e-04    1.1791771797e-04    2.1003355022e-02    3.3031252659e-02    1.0364610068e-01    0.0000000000e+00    9.9999999993e-01    0.0000000000e+00    1.0339653632e-05    3.8371142676e-07    3.1254308037e-02    8.4273696328e-02    4.6600936971e-04    0.0000000000e+00
 145.0100000    9.9325367839e-06    4.3635157684e-07   -1.1724150591e-04    1.1788919285e-04    2.1023080269e-02    3.3064019530e-02    1.0474492599e-01    0.0000000000e+00    9.9999999993e-01    0.0000000000e+00    1.0353847167e-05    3.8124039662e-07    3.1288084356e-02    8.3844414494e-02    4.6623241101e-04    0.0000000000e+00
 145.5100000    9.9446811080e-06    4.3506272195e-07   -1.1721301611e-04    1.1786520550e-04    2.1038426828e-02    3.3094836955e-02    1.0422542105e-01    0.0000000000e+00    9.9999999993e-01    0.0000000000e+00    1.0367053049e-05    3.8202241081e-07    3.1318899003e-02    8.3855456994e-02    4.6645599760e-04    0.0000000000e+00
 146.0100000    9.9571334525e-06    4.3312756739e-07   -1.1718501628e-04    1.1784240331e-04    2.1057218612e-02    3.3126694180e-02    1.0407468989e-01    0.0000000000e+00    9.9999999993e-01    0.0000000000e+00    1.0380869720e-05    3.8293918273e-07    3.1351570843e-02    8.4289924873e-02    4.6670117268e-04    0.0000000000e+00
 146.5100000    9.9695610270e-06    4.3616278947e-07   -1.1715681396e-04    1.1781552295e-04    2.1075829029e-02    3.3158446655e-02    1.0473845496e-01    0.0000000000e+00    9.9999999993e-01    0.0000000000e+00    1.0394666981e-05    3.8175378794e-07    3.1384161427e-02    8.4009505406e-02    4.6696356357e-04    0.0000000000e+00
 147.0100000    9.9818123472e-06    4.3472599507e-07   -1.1712684653e-04    1.1778144776e-04    2.1092068684e-02    3.3189552219e-02    1.0389502577e-01    0.0000000000e+00    9.9999999993e-01    0.0000000000e+00    1.0408002088e-05    3.8236415984e-07    3.1415298738e-02    8.3732141346e-02    4.6721438925e-04    0.0000000000e+00
 147.5100000    9.9941874902e-06    4.3444012204e-07   -1.1709408453e-04    1.1774167362e-04    2.1110837002e-02    3.3220999261e-02    1.0412601143e-01    0.0000000000e+00    9.9999999993e-01    0.0000000000e+00    1.0421676397e-05    3.8283642663e-07    3.1447391651e-02    8.4076624675e-02    4.6743142574e-04    0.0000000000e+00
 148.0100000    1.0006832032e-05    4.3562015160e-07   -1.1705866133e-04    1.1770135889e-04    2.1129735411e-02    3.3253299557e-02    1.0402187989e-01    0.0000000000e+00    9.9999999993e-01    0.0000000000e+00    1.0435418526e-05    3.8235250182e-07    3.1479648796e-02    8.3671708670e-02    4.6762142310e-04    0.0000000000e+00
 148.5100000    1.0019184784e-05    4.3528436019e-07   -1.1702143925e-04    1.1766570190e-04    2.1145548749e-02    3.3284633984e-02    1.0312050879e-01    0.0000000000e+00    9.9999999993e-01    0.0000000000e+00    1.0448963914e-05    3.8235020468e-07    3.1511314517e-02    8.2997759788e-02    4.6781491711e-04    0.0000000000e+00
 149.0100000    1.0031533415e-05    4.3520602046e-07   -1.1698329959e-04    1.1763623458e-04    2.1161183939e-02    3.3315983662e-02    1.0398430966e-01    0.0000000000e+00    9.9999999993e-01    0.0000000000e+00    1.0462392822e-05    3.8280933810e-07    3.1542655639e-02    8.3824349551e-02    4.6804291682e-04    0.0000000000e+00
 149.5100000    1.0044360430e-05    4.3455990170e-07   -1.1694475518e-04    1.1760967314e-04    2.1184433084e-02    3.3348940082e-02    1.0382563507e-01    0.0000000000e+00    9.9999999993e-01    0.0000000000e+00    1.0476119637e-05    3.8264792170e-07    3.1574911915e-02    8.3783369714e-02    4.6831101227e-04    0.0000000000e+00
 150.0100000    1.0056410351e-05    4.3608438043e-07   -1.1690582682e-04    1.1758019214e-04    2.1200381735e-02    3.3379305407e-02    1.0298565973e-01    0.0000000000e+00    9.9999999993e-01    0.0000000000e+00    1.0489690498e-05    3.8212865606e-07    3.1606684305e-02    8.2692037916e-02    4.6858912892e-04    0.0000000000e+00
 150.5100000    1.0068288406e-05    4.3535689665e-07   -1.1686605556e-04    1.1754350240e-04    2.1214845087e-02    3.3409055106e-02    1.0372652516e-01    0.0000000000e+00    9.9999999993e-01    0.0000000000e+00    1.0502713831e-05    3.8300276673e-07    3.1636763773e-02    8.3634986814e-02    4.6883415587e-04    0.0000000000e+00
 151.0100000    1.0080968907e-05    4.3289512365e-07   -1.1682476173e-04    1.1749973318e-04    2.1238669164e-02    3.3441410461e-02    1.0345183990e-01    0.0000000000e+00    9.9999999993e-01    0.0000000000e+00    1.0516404587e-05    3.8280752121e-07    3.1668799494e-02    8.3829910227e-02    4.6903223400e-04    0.0000000000e+00
 151.5100000    1.0092656289e-05    4.3581108950e-07   -1.1678149740e-04    1.1745304311e-04    2.1252337318e-02    3.3470442200e-02    1.0266633985e-01    0.0000000000e+00    9.9999999993e-01    0.0000000000e+00    1.0530073677e-05    3.8154192411e-07    3.1700737237e-02    8.2355654748e-02    4.6921347935e-04    0.0000000000e+00
 152.0100000    1.0104297155e-05    4.3485333016e-07   -1.1673628119e-04    1.1740842756e-04    2.1262214692e-02    3.3499319973e-02    1.0294611093e-01    0.0000000000e+00    9.9999999993e-01    0.0000000000e+00    1.0542918441e-05    3.8278014719e-07    3.1730194048e-02    8.3043736145e-02    4.6941718632e-04    0.0000000000e+00
 152.5100000    1.0117383023e-05    4.3163965487e-07   -1.1668936748e-04    1.1736824801e-04    2.1287518432e-02    3.3533000020e-02    1.0287113719e-01    0.0000000000e+00    9.9999999993e-01    0.0000000000e+00    1.0556546388e-05    3.8300748425e-07    3.1762021056e-02    8.3630809567e-02    4.6965121453e-04    0.0000000000e+00
 153.0100000    1.0129727111e-05    4.3414993823e-07   -1.1664092303e-04    1.1733102335e-04    2.1307393758e-02    3.3564234343e-02    1.0234708351e-01    0.0000000000e+00    9.9999999993e-01    0.0000000000e+00    1.0570343554e-05    3.8122462687e-07    3.1794365453e-02    8.2334538867e-02    4.6989598935e-04    0.0000000000e+00
 153.5100000    1.0141252067e-05    4.3367762050e-07   -1.1659112450e-04    1.1729313171e-04    2.1317828966e-02    3.3592748809e-02    1.0234232784e-01    0.0000000000e+00    9.9999999993e-01    0.0000000000e+00    1.0583101666e-05    3.8225368516e-07    3.1823577921e-02    8.2656560925e-02    4.7013559570e-04    0.0000000000e+00
 154.0100000    1.0153861921e-05    4.3012044035e-07   -1.1654046257e-04    1.1725171853e-04    2.1339181073e-02    3.3624828726e-02    1.0204870635e-01    0.0000000000e+00    9.9999999993e-01    0.0000000000e+00    1.0596389507e-05    3.8305232528e-07    3.1854358011e-02    8.3245983265e-02    4.7036601659e-04    0.0000000000e+00
 154.5100000    1.0166062086e-05    4.3192024842e-07   -1.1648950116e-04    1.1720624741e-04    2.1361055872e-02    3.3655527260e-02    1.0177789139e-01    0.0000000000e+00    9.9999999993e-01    0.0000000000e+00    1.0610266968e-05    3.8065843674e-07    3.1886882848e-02    8.2153614307e-02    4.7058255463e-04    0.0000000000e+00
 155.0100000    1.0176754540e-05    4.3321361494e-07   -1.1643807641e-04    1.1715778206e-04    2.1367788876e-02    3.3681220364e-02    1.0198352743e-01    0.0000000000e+00    9.9999999993e-01    0.0000000000e+00    1.0622871950e-05    3.8166266150e-07    3.1915566506e-02    8.2319898740e-02    4.7078347649e-04    0.0000000000e+00
 155.5100000    1.0188915295e-05    4.2755061745e-07   -1.1638502900e-04    1.1710756020e-04    2.1385219431e-02    3.3711747892e-02    1.0068947305e-01    0.0000000000e+00    9.9999999993e-01    0.0000000000e+00    1.0635786705e-05    3.8381204350e-07    3.1945159901e-02    8.2765524918e-02    4.7098283300e-04    0.0000000000e+00
 156.0100000    1.0201916628e-05    4.2896252854e-07   -1.1632916007e-04    1.1705664533e-04    2.1412717472e-02    3.3745028157e-02    1.0087811591e-01    0.0000000000e+00    9.9999999993e-01    0.0000000000e+00    1.0650059859e-05    3.8023708032e-07    3.1978804390e-02    8.1859732529e-02    4.7119680010e-04    0.0000000000e+00
 156.5100000    1.0213165613e-05    4.3239382811e-07   -1.1629938509e-04    1.1700630446e-04    2.1422841801e-02    3.3772496707e-02    1.0161953273e-01    0.0000000000e+00    9.9999999993e-01    0.0000000000e+00    1.0662812140e-05    3.7998527353e-07    3.2007864467e-02    8.1801559028e-02    4.7141876594e-04    0.0000000000e+00
 157.0100000    1.0225115859e-05    4.2559472797e-07   -1.1631550589e-04    1.1695763076e-04    2.1435971983e-02    3.3802272595e-02    9.9684825426e-02    0.0000000000e+00    9.9999999993e-01    0.0000000000e+00    1.0675270344e-05    3.8374981287e-07    3.2036033374e-02    8.2275161917e-02    4.7162983886e-04    0.0000000000e+00
 157.5100000    1.0238029101e-05    4.2640179097e-07   -1.1633157446e-04    1.1691042342e-04    2.1462270713e-02    3.3835230735e-02    9.9861305232e-02    0.0000000000e+00    9.9999999993e-01    0.0000000000e+00    1.0689309467e-05    3.8153921854e-07    3.2068943509e-02    8.1763905820e-02    4.7183212217e-04    0.0000000000e+00
 158.0100000    1.0249676944e-05    4.2929930803e-07   -1.1634768599e-04    1.1686281315e-04    2.1482035710e-02    3.3864014087e-02    1.0060405936e-01    0.0000000000e+00    9.9999999993e-01    0.0000000000e+00    1.0702503002e-05    3.7966232037e-07    3.2099320302e-02    8.1449496842e-02    4.7204674060e-04    0.0000000000e+00
 158.5100000    1.0260795320e-05    4.2469264235e-07   -1.1636300544e-04    1.1681229675e-04    2.1495955841e-02    3.3891037181e-02    9.9414628351e-02    0.0000000000e+00    9.9999999993e-01    0.0000000000e+00    1.0715116717e-05    3.8180422789e-07    3.2127945848e-02    8.1781070382e-02    4.7227610816e-04    0.0000000000e+00
 159.0100000    1.0272363691e-05    4.2508589574e-07   -1.1637649248e-04    1.1675729113e-04    2.1513465279e-02    3.3919508942e-02    9.9425888421e-02    0.0000000000e+00    9.9999999993e-01    0.0000000000e+00    1.0728334458e-05    3.8199322810e-07    3.2158344694e-02    8.1735348563e-02    4.7249247504e-04    0.0000000000e+00
 159.5100000    1.0284396649e-05    4.2578256283e-07   -1.1638758190e-04    1.1669814449e-04    2.1535402038e-02    3.3949465535e-02    9.9553818712e-02    0.0000000000e+00    9.9999999993e-01    0.0000000000e+00    1.0741501447e-05    3.8126492610e-07    3.2188545062e-02    8.1551782678e-02    4.7267371329e-04    0.0000000000e+00
 160.0100000    1.0296354922e-05    4.2428883929e-07   -1.1639636161e-04    1.1663714071e-04    2.1553853890e-02    3.3979139513e-02    9.8863532689e-02    0.0000000000e+00    9.9999999993e-01    0.0000000000e+00    1.0754624809e-05    3.8119038839e-07    3.2218579289e-02    8.1233091041e-02    4.7283416129e-04    0.0000000000e+00
 160.5100000    1.0308058100e-05    4.2430761268e-07   -1.1640334114e-04    1.1662454856e-04    2.1571766301e-02    3.4007963004e-02    9.8389213203e-02    0.0000000000e+00    9.9999999993e-01    0.0000000000e+00    1.0767598823e-05    3.8158077041e-07    3.2248156254e-02    8.0909254653e-02    4.7300932363e-04    0.0000000000e+00
 161.0100000    1.0320028390e-05    4.2348920691e-07   -1.1640913667e-04    1.1663360548e-04    2.1589664072e-02    3.4037678590e-02    9.8241021744e-02    0.0000000000e+00    9.9999999993e-01    0.0000000000e+00    1.0780565537e-05    3.8227549719e-07    3.2277721592e-02    8.1078567585e-02    4.7321773232e-04    0.0000000000e+00
 161.5100000    1.0332002096e-05    4.2326308414e-07   -1.1641422797e-04    1.1664553805e-04    2.1608950062e-02    3.4067416850e-02    9.7943360648e-02    0.0000000000e+00    9.9999999993e-01    0.0000000000e+00    1.0793714108e-05    3.8186143293e-07    3.2307840749e-02    8.0775976533e-02    4.7344336633e-04    0.0000000000e+00
 162.0100000    1.0343530937e-05    4.2292218520e-07   -1.1641874978e-04    1.1665750406e-04    2.1628237867e-02    3.4095678370e-02    9.7496227863e-02    0.0000000000e+00    9.9999999993e-01    0.0000000000e+00    1.0806700526e-05    3.8149737292e-07    3.2337462691e-02    8.0383831178e-02    4.7368435186e-04    0.0000000000e+00
 162.5100000    1.0354818067e-05    4.2195271383e-07   -1.1642234907e-04    1.1666568702e-04    2.1645375823e-02    3.4123102233e-02    9.7849092754e-02    0.0000000000e+00    9.9999999993e-01    0.0000000000e+00    1.0819625951e-05    3.8198414645e-07    3.2366860861e-02    8.0960175272e-02    4.7395839930e-04    0.0000000000e+00
 163.0100000    1.0366174328e-05    4.2200028987e-07   -1.1642430759e-04    1.1666813709e-04    2.1661100900e-02    3.4150695360e-02    9.7877495633e-02    0.0000000000e+00    9.9999999993e-01    0.0000000000e+00    1.0832499490e-05    3.8215681330e-07    3.2396046851e-02    8.1005570697e-02    4.7419645109e-04    0.0000000000e+00
 163.5100000    1.0377825297e-05    4.2124181245e-07   -1.1642402525e-04    1.1666628292e-04    2.1679248880e-02    3.4179207825e-02    9.6853540987e-02    0.0000000000e+00    9.9999999993e-01    0.0000000000e+00    1.0845344480e-05    3.8208746113e-07    3.2425098259e-02    8.0267684353e-02    4.7443366706e-04    0.0000000000e+00
 164.0100000    1.0389576075e-05    4.1999383883e-07   -1.1642154625e-04    1.1666388656e-04    2.1698980881e-02    3.4208023601e-02    9.6644881555e-02    0.0000000000e+00    9.9999999993e-01    0.0000000000e+00    1.0858347544e-05    3.8174845047e-07    3.2454596835e-02    8.0254734450e-02    4.7470468005e-04    0.0000000000e+00
 164.5100000    1.0401026984e-05    4.1988310491e-07   -1.1641758550e-04    1.1666431211e-04    2.1715976776e-02    3.4235852955e-02    9.6806342124e-02    0.0000000000e+00    9.9999999993e-01    0.0000000000e+00    1.0871220010e-05    3.8132934471e-07    3.2483703839e-02    8.0320394779e-02    4.7500685755e-04    0.0000000000e+00
 165.0100000    1.0412312230e-05    4.2005200583e-07   -1.1641291209e-04    1.1666818418e-04    2.1728667241e-02    3.4263145274e-02    9.6092489591e-02    0.0000000000e+00    9.9999999993e-01    0.0000000000e+00    1.0883845806e-05    3.8166727395e-07    3.2512080300e-02    7.9757806170e-02    4.7530502310e-04    0.0000000000e+00
 165.5100000    1.0424070913e-05    4.1820381383e-07   -1.1640763484e-04    1.1667309988e-04    2.1747441216e-02    3.4291988757e-02    9.5192007078e-02    0.0000000000e+00    9.9999999993e-01    0.0000000000e+00    1.0896624392e-05    3.8234704486e-07    3.2540906892e-02    7.9486009683e-02    4.7557159773e-04    0.0000000000e+00
 166.0100000    1.0435936636e-05    4.1705261400e-07   -1.1640111189e-04    1.1667548898e-04    2.1771160339e-02    3.4321159127e-02    9.5311976703e-02    0.0000000000e+00    9.9999999993e-01    0.0000000000e+00    1.0909888404e-05    3.8106926072e-07    3.2571156878e-02    7.9527567238e-02    4.7581590307e-04    0.0000000000e+00
 166.5100000    1.0446781356e-05    4.1959498373e-07   -1.1639258851e-04    1.1667315266e-04    2.1784108881e-02    3.4346941179e-02    9.5779451874e-02    0.0000000000e+00    9.9999999993e-01    0.0000000000e+00    1.0922566239e-05    3.8023417784e-07    3.2599624109e-02    7.9280812138e-02    4.7607127405e-04    0.0000000000e+00
 167.0100000    1.0458110750e-05    4.1712803018e-07   -1.1638189663e-04    1.1666660204e-04    2.1796220187e-02    3.4374287048e-02    9.4751780779e-02    0.0000000000e+00    9.9999999993e-01    0.0000000000e+00    1.0934771231e-05    3.8271217332e-07    3.2626653730e-02    7.9393394122e-02    4.7635626377e-04    0.0000000000e+00
 167.5100000    1.0470581710e-05    4.1496598114e-07   -1.1636949175e-04    1.1665832166e-04    2.1820013130e-02    3.4405368213e-02    9.4600698859e-02    0.0000000000e+00    9.9999999993e-01    0.0000000000e+00    1.0948112050e-05    3.8186149235e-07    3.2657056405e-02    7.9477097345e-02    4.7665321152e-04    0.0000000000e+00
 168.0100000    1.0481983103e-05    4.1823179658e-07   -1.1635583648e-04    1.1665068716e-04    2.1838657262e-02    3.4432939227e-02    9.5122825496e-02    0.0000000000e+00    9.9999999993e-01    0.0000000000e+00    1.0961044947e-05    3.7935693260e-07    3.2686242648e-02    7.8802200924e-02    4.7692788160e-04    0.0000000000e+00
 168.5100000    1.0492755362e-05    4.1595699158e-07   -1.1634084885e-04    1.1664426847e-04    2.1849776299e-02    3.4458447387e-02    9.3974344391e-02    0.0000000000e+00    9.9999999993e-01    0.0000000000e+00    1.0973091984e-05    3.8143789016e-07    3.2712789818e-02    7.8693252835e-02    4.7716840664e-04    0.0000000000e+00
 169.0100000    1.0504364986e-05    4.1437372605e-07   -1.1632403509e-04    1.1663784725e-04    2.1866943196e-02    3.4486692419e-02    9.3703631277e-02    0.0000000000e+00    9.9999999993e-01    0.0000000000e+00    1.0985952194e-05    3.8212585582e-07    3.2741748034e-02    7.8886258843e-02    4.7739886069e-04    0.0000000000e+00
 169.5100000    1.0516311637e-05    4.1584542227e-07   -1.1630513039e-04    1.1662991003e-04    2.1889669722e-02    3.4516021628e-02    9.3789404657e-02    0.0000000000e+00    9.9999999993e-01    0.0000000000e+00    1.0998960498e-05    3.8021911504e-07    3.2771126165e-02    7.8299369529e-02    4.7765107137e-04    0.0000000000e+00
 170.0100000    1.0527673766e-05    4.1472844774e-07   -1.1628447113e-04    1.1662003520e-04    2.1908540565e-02    3.4543412456e-02    9.3179400436e-02    0.0000000000e+00    9.9999999993e-01    0.0000000000e+00    1.1011490422e-05    3.8011118377e-07    3.2799058449e-02    7.7976587771e-02    4.7792831323e-04    0.0000000000e+00
 170.5100000    1.0538732148e-05    4.1380471119e-07   -1.1626263625e-04    1.1660886169e-04    2.1920292095e-02    3.4569790780e-02    9.3147647684e-02    0.0000000000e+00    9.9999999993e-01    0.0000000000e+00    1.1023984640e-05    3.8097365761e-07    3.2826866975e-02    7.8293980782e-02    4.7820491189e-04    0.0000000000e+00
 171.0100000    1.0550444220e-05    4.1348427959e-07   -1.1623979518e-04    1.1659696821e-04    2.1939213933e-02    3.4598295176e-02    9.2871130202e-02    0.0000000000e+00    9.9999999993e-01    0.0000000000e+00    1.1036720053e-05    3.8073896801e-07    3.2855376897e-02    7.8068946797e-02    4.7845995902e-04    0.0000000000e+00
 171.5100000    1.0562242219e-05    4.1356834623e-07   -1.1621557109e-04    1.1658413213e-04    2.1958925920e-02    3.4627059694e-02    9.2468763590e-02    0.0000000000e+00    9.9999999993e-01    0.0000000000e+00    1.1049478924e-05    3.7987542069e-07    3.2883935555e-02    7.7542353305e-02    4.7869959130e-04    0.0000000000e+00
 172.0100000    1.0573385033e-05    4.1308987681e-07   -1.1618954303e-04    1.1656975786e-04    2.1974687161e-02    3.4653650916e-02    9.2447829488e-02    0.0000000000e+00    9.9999999993e-01    0.0000000000e+00    1.1061937366e-05    3.8003716542e-07    3.2911573527e-02    7.7648227077e-02    4.7894058506e-04    0.0000000000e+00
 172.5100000    1.0584609364e-05    4.1229966223e-07   -1.1616165641e-04    1.1655373645e-04    2.1990166364e-02    3.4680478347e-02    9.2125233972e-02    0.0000000000e+00    9.9999999993e-01    0.0000000000e+00    1.1074411396e-05    3.8048745424e-07    3.2939227420e-02    7.7610075858e-02    4.7918365805e-04    0.0000000000e+00
 173.0100000    1.0596285222e-05    4.1229071147e-07   -1.1613200706e-04    1.1653662680e-04    2.2010849071e-02    3.4708756354e-02    9.1818361057e-02    0.0000000000e+00    9.9999999993e-01    0.0000000000e+00    1.1087117722e-05    3.8000631729e-07    3.2967544737e-02    7.7257129395e-02    4.7941765228e-04    0.0000000000e+00
 173.5100000    1.0607720366e-05    4.1241970399e-07   -1.1610046748e-04    1.1651913164e-04    2.2028909242e-02    3.4736228474e-02    9.1852290080e-02    0.0000000000e+00    9.9999999993e-01    0.0000000000e+00    1.1099713772e-05    3.7971956777e-07    3.2995516103e-02    7.7208203482e-02    4.7964564393e-04    0.0000000000e+00
 174.0100000    1.0619092357e-05    4.1165418079e-07   -1.1606690205e-04    1.1650166075e-04    2.2045191205e-02    3.4763487788e-02    9.1448537901e-02    0.0000000000e+00    9.9999999993e-01    0.0000000000e+00    1.1112148972e-05    3.8017090475e-07    3.3023002907e-02    7.7097653322e-02    4.7988662132e-04    0.0000000000e+00
 174.5100000    1.0630783167e-05    4.1133550004e-07   -1.1603173091e-04    1.1648423836e-04    2.2065440320e-02    3.4791795135e-02    9.1085554674e-02    0.0000000000e+00    9.9999999993e-01    0.0000000000e+00    1.1124757933e-05    3.7998019320e-07    3.3051010060e-02    7.6809510006e-02    4.8014349536e-04    0.0000000000e+00
 175.0100000    1.0642291911e-05    4.1195840454e-07   -1.1599581832e-04    1.1646627328e-04    2.2081682149e-02    3.4819517927e-02    9.1089304493e-02    0.0000000000e+00    9.9999999993e-01    0.0000000000e+00    1.1137287504e-05    3.7974574841e-07    3.3078790933e-02    7.6656654403e-02    4.8038715396e-04    0.0000000000e+00
 175.5100000    1.0653668528e-05    4.1145491122e-07   -1.1595946274e-04    1.1644622214e-04    2.2097909230e-02    3.4846810631e-02    9.0712919723e-02    0.0000000000e+00    9.9999999993e-01    0.0000000000e+00    1.1149658877e-05    3.8023207864e-07    3.3106103251e-02    7.6526414070e-02    4.8059073030e-04    0.0000000000e+00
 176.0100000    1.0665204952e-05    4.1111120718e-07   -1.1592169448e-04    1.1642212111e-04    2.2118617329e-02    3.4874606674e-02    9.0628998903e-02    0.0000000000e+00    9.9999999993e-01    0.0000000000e+00    1.1162211460e-05    3.8024062570e-07    3.3133934441e-02    7.6518952499e-02    4.8077091458e-04    0.0000000000e+00
 176.5100000    1.0676608321e-05    4.1142368257e-07   -1.1588101542e-04    1.1639334007e-04    2.2135596239e-02    3.4901933709e-02    9.0799012225e-02    0.0000000000e+00    9.9999999993e-01    0.0000000000e+00    1.1174826492e-05    3.7986737531e-07    3.3161917082e-02    7.6534258740e-02    4.8097149306e-04    0.0000000000e+00
 177.0100000    1.0687679692e-05    4.1190833003e-07   -1.1583696964e-04    1.1636196076e-04    2.2150308484e-02    3.4928148632e-02    9.0460231917e-02    0.0000000000e+00    9.9999999993e-01    0.0000000000e+00    1.1187160476e-05    3.8001388721e-07    3.3189038678e-02    7.6187662591e-02    4.8120345712e-04    0.0000000000e+00
 177.5100000    1.0699121934e-05    4.1135227121e-07   -1.1579075372e-04    1.1633170201e-04    2.2171670913e-02    3.4955570535e-02    9.0284291613e-02    0.0000000000e+00    9.9999999993e-01    0.0000000000e+00    1.1199429467e-05    3.8080934009e-07    3.3215963399e-02    7.6297314998e-02    4.8142538993e-04    0.0000000000e+00
 178.0100000    1.0710947163e-05    4.1062406716e-07   -1.1574408931e-04    1.1630474300e-04    2.2194972544e-02    3.4984258457e-02    9.0085067972e-02    0.0000000000e+00    9.9999999993e-01    0.0000000000e+00    1.1212166891e-05    3.8051457878e-07    3.3244290816e-02    7.6197198426e-02    4.8159766417e-04    0.0000000000e+00
 178.5100000    1.0722106652e-05    4.1214523775e-07   -1.1569757847e-04    1.1627951907e-04    2.2210569788e-02    3.5010786366e-02    8.9751882906e-02    0.0000000000e+00    9.9999999993e-01    0.0000000000e+00    1.1224617948e-05    3.7964904804e-07    3.3271780336e-02    7.5467209595e-02    4.8173811113e-04    0.0000000000e+00
 179.0100000    1.0733404297e-05    4.1124507160e-07   -1.1565028966e-04    1.1625196722e-04    2.2229494496e-02    3.5037748094e-02    8.9781799204e-02    0.0000000000e+00    9.9999999993e-01    0.0000000000e+00    1.1236621403e-05    3.8079014911e-07    3.3297927836e-02    7.5883541309e-02    4.8189973888e-04    0.0000000000e+00
 179.5100000    1.0745332290e-05    4.0993274869e-07   -1.1560083710e-04    1.1621910780e-04    2.2250192859e-02    3.5066716504e-02    8.9506989902e-02    0.0000000000e+00    9.9999999993e-01    0.0000000000e+00    1.1249291177e-05    3.8100822997e-07    3.3326001312e-02    7.5922573432e-02    4.8209884478e-04    0.0000000000e+00
 180.0100000    1.0756645236e-05    4.1144196882e-07   -1.1554863759e-04    1.1618141714e-04    2.2268162727e-02    3.5093621092e-02    8.9129145010e-02    0.0000000000e+00    9.9999999993e-01    0.0000000000e+00    1.1261835934e-05    3.7975941134e-07    3.3353647895e-02    7.5082828044e-02    4.8229227426e-04    0.0000000000e+00
 180.5100000    1.0767679406e-05    4.1002845823e-07   -1.1549413788e-04    1.1614193908e-04    2.2286537169e-02    3.5119571702e-02    8.9089818144e-02    0.0000000000e+00    9.9999999993e-01    0.0000000000e+00    1.1273871135e-05    3.8041661723e-07    3.3379742702e-02    7.5437267025e-02    4.8243450025e-04    0.0000000000e+00
 181.0100000    1.0778948751e-05    4.0946685172e-07   -1.1543813738e-04    1.1610350877e-04    2.2303636508e-02    3.5146265671e-02    8.8933485099e-02    0.0000000000e+00    9.9999999993e-01    0.0000000000e+00    1.1286308833e-05    3.8085852145e-07    3.3407005329e-02    7.5483228087e-02    4.8253555602e-04    0.0000000000e+00
 181.5100000    1.0790230868e-05    4.1013218590e-07   -1.1538113402e-04    1.1606687595e-04    2.2322364728e-02    3.5172997224e-02    8.8458523762e-02    0.0000000000e+00    9.9999999993e-01    0.0000000000e+00    1.1298689775e-05    3.8021436083e-07    3.3434095325e-02    7.4833164327e-02    4.8264338139e-04    0.0000000000e+00
 182.0100000    1.0801407311e-05    4.0826300542e-07   -1.1532318488e-04    1.1603090874e-04    2.2344518424e-02    3.5199389135e-02    8.8122036175e-02    0.0000000000e+00    9.9999999993e-01    0.0000000000e+00    1.1310907448e-05    3.8018404686e-07    3.3460705995e-02    7.4878554072e-02    4.8277947487e-04    0.0000000000e+00
 182.5100000    1.0812223341e-05    4.0852433578e-07   -1.1528712962e-04    1.1599386674e-04    2.2360794950e-02    3.5224609999e-02    8.8216700424e-02    0.0000000000e+00    9.9999999993e-01    0.0000000000e+00    1.1323175506e-05    3.8034016925e-07    3.3487466232e-02    7.4936074011e-02    4.8291537899e-04    0.0000000000e+00
 183.0100000    1.0823381168e-05    4.0854972947e-07   -1.1530874009e-04    1.1595430561e-04    2.2379268629e-02    3.5250933554e-02    8.7907396160e-02    0.0000000000e+00    9.9999999993e-01    0.0000000000e+00    1.1335367306e-05    3.8045148266e-07    3.3513990990e-02    7.4689336553e-02    4.8301535092e-04    0.0000000000e+00
 183.5100000    1.0834878300e-05    4.0737612072e-07   -1.1532817720e-04    1.1591130679e-04    2.2401302935e-02    3.5278335871e-02    8.7448566257e-02    0.0000000000e+00    9.9999999993e-01    0.0000000000e+00    1.1347708947e-05    3.8035683784e-07    3.3540933861e-02    7.4487701646e-02    4.8308174904e-04    0.0000000000e+00
 184.0100000    1.0846063128e-05    4.0738991508e-07   -1.1534487129e-04    1.1586462235e-04    2.2420113888e-02    3.5304689582e-02    8.7433170779e-02    0.0000000000e+00    9.9999999993e-01    0.0000000000e+00    1.1360019270e-05    3.8033247939e-07    3.3567752133e-02    7.4463122448e-02    4.8314408168e-04    0.0000000000e+00
 184.5100000    1.0857303074e-05    4.0711658437e-07   -1.1535916577e-04    1.1581500891e-04    2.2440320117e-02    3.5331197513e-02    8.7253091837e-02    0.0000000000e+00    9.9999999993e-01    0.0000000000e+00    1.1372221263e-05    3.8040974543e-07    3.3594226057e-02    7.4371607660e-02    4.8321375553e-04    0.0000000000e+00
 185.0100000    1.0868611235e-05    4.0675173796e-07   -1.1537191508e-04    1.1576422749e-04    2.2459510759e-02    3.5357923745e-02    8.6794546557e-02    0.0000000000e+00    9.9999999993e-01    0.0000000000e+00    1.1384406170e-05    3.8049533986e-07    3.3620645682e-02    7.4056960813e-02    4.8326904783e-04    0.0000000000e+00
 185.5100000    1.0879832983e-05    4.0597285286e-07   -1.1538354223e-04    1.1571416974e-04    2.2480470724e-02    3.5384385541e-02    8.6548833442e-02    0.0000000000e+00    9.9999999993e-01    0.0000000000e+00    1.1396634529e-05    3.8051486703e-07    3.3647208340e-02    7.3985227685e-02    4.8337271044e-04    0.0000000000e+00
 186.0100000    1.0890832178e-05    4.0629224615e-07   -1.1539365977e-04    1.1566553045e-04    2.2500662724e-02    3.5410143113e-02    8.6641008751e-02    0.0000000000e+00    9.9999999993e-01    0.0000000000e+00    1.1408833555e-05    3.8021387834e-07    3.3673701293e-02    7.3947082863e-02    4.8357408849e-04    0.0000000000e+00
 186.5100000    1.0901708328e-05    4.0589447716e-07   -1.1540161984e-04    1.1561720919e-04    2.2516993369e-02    3.5435500877e-02    8.6148085876e-02    0.0000000000e+00    9.9999999993e-01    0.0000000000e+00    1.1420810730e-05    3.8077633707e-07    3.3699538902e-02    7.3700937356e-02    4.8379314837e-04    0.0000000000e+00
 187.0100000    1.0913025013e-05    4.0386151911e-07   -1.1540725501e-04    1.1556710025e-04    2.2538987613e-02    3.5462261461e-02    8.5593167546e-02    0.0000000000e+00    9.9999999993e-01    0.0000000000e+00    1.1433150703e-05    3.8072684898e-07    3.3726418936e-02    7.3568418284e-02    4.8403300602e-04    0.0000000000e+00
 187.5100000    1.0924030511e-05    4.0562754710e-07   -1.1541096227e-04    1.1551360715e-04    2.2558854835e-02    3.5487969187e-02    8.6141322805e-02    0.0000000000e+00    9.9999999993e-01    0.0000000000e+00    1.1445482917e-05    3.7954264600e-07    3.3753234216e-02    7.3497389569e-02    4.8426260133e-04    0.0000000000e+00
 188.0100000    1.0934735338e-05    4.0494217805e-07   -1.1541314680e-04    1.1545661077e-04    2.2571324495e-02    3.5512663408e-02    8.5543387080e-02    0.0000000000e+00    9.9999999993e-01    0.0000000000e+00    1.1457120746e-05    3.8094319105e-07    3.3777966915e-02    7.3375801157e-02    4.8445341285e-04    0.0000000000e+00
 188.5100000    1.0946306915e-05    4.0111872756e-07   -1.1541374629e-04    1.1539731511e-04    2.2594362849e-02    3.5540147930e-02    8.4414025901e-02    0.0000000000e+00    9.9999999993e-01    0.0000000000e+00    1.1469450231e-05    3.8133856699e-07    3.3804715854e-02    7.3141219342e-02    4.8462050244e-04    0.0000000000e+00
 189.0100000    1.0957454443e-05    4.0391685500e-07   -1.1541235306e-04    1.1533738891e-04    2.2616832492e-02    3.5566252321e-02    8.5229238014e-02    0.0000000000e+00    9.9999999993e-01    0.0000000000e+00    1.1482005705e-05    3.7877974296e-07    3.3832124373e-02    7.2859905863e-02    4.8480817612e-04    0.0000000000e+00
 189.5100000    1.0967780712e-05    4.0352941738e-07   -1.1540871797e-04    1.1527804905e-04    2.2628497909e-02    3.5589695349e-02    8.4858291702e-02    0.0000000000e+00    9.9999999993e-01    0.0000000000e+00    1.1493444500e-05    3.8009751590e-07    3.3856245980e-02    7.2867056098e-02    4.8503405919e-04    0.0000000000e+00
 190.0100000    1.0979027602e-05    3.9882128634e-07   -1.1540303380e-04    1.1521941452e-04    2.2647843837e-02    3.5616115381e-02    8.3422781215e-02    0.0000000000e+00    9.9999999993e-01    0.0000000000e+00    1.1505500876e-05    3.8164461164e-07    3.3882177730e-02    7.2737216836e-02    4.8526521072e-04    0.0000000000e+00
 190.5100000    1.0990497693e-05    4.0109336243e-07   -1.1539572421e-04    1.1516034904e-04    2.2673684618e-02    3.5643237253e-02    8.3899583234e-02    0.0000000000e+00    9.9999999993e-01    0.0000000000e+00    1.1518106350e-05    3.7909053724e-07    3.3909703657e-02    7.2262154397e-02    4.8545984494e-04    0.0000000000e+00
 191.0100000    1.1001084380e-05    4.0125964030e-07   -1.1538704886e-04    1.1515094423e-04    2.2691252530e-02    3.5667465893e-02    8.3954332682e-02    0.0000000000e+00    9.9999999993e-01    0.0000000000e+00    1.1529720941e-05    3.7916818923e-07    3.3934284473e-02    7.2300896419e-02    4.8566325659e-04    0.0000000000e+00
 191.5100000    1.1011836984e-05    3.9739271709e-07   -1.1537697980e-04    1.1516156762e-04    2.2705621790e-02    3.5692198522e-02    8.2893098921e-02    0.0000000000e+00    9.9999999993e-01    0.0000000000e+00    1.1541542211e-05    3.8081624048e-07    3.3959440341e-02    7.2366242833e-02    4.8590354171e-04    0.0000000000e+00
 192.0100000    1.1023057422e-05    3.9854031533e-07   -1.1536538598e-04    1.1516872031e-04    2.2725656605e-02    3.5718418618e-02    8.2799709711e-02    0.0000000000e+00    9.9999999993e-01    0.0000000000e+00    1.1553916630e-05    3.7967277009e-07    3.3986195267e-02    7.1862350686e-02    4.8616039594e-04    0.0000000000e+00
 192.5100000    1.1033985572e-05    3.9867556411e-07   -1.1535216720e-04    1.1517499330e-04    2.2747436916e-02    3.5743674770e-02    8.2801737768e-02    0.0000000000e+00    9.9999999993e-01    0.0000000000e+00    1.1565823641e-05    3.7924190993e-07    3.4011558824e-02    7.1762066968e-02    4.8641857930e-04    0.0000000000e+00
 193.0100000    1.1044835371e-05    3.9612515318e-07   -1.1533714578e-04    1.1518213305e-04    2.2765657814e-02    3.5768664340e-02    8.2219726830e-02    0.0000000000e+00    9.9999999993e-01    0.0000000000e+00    1.1577742308e-05    3.7986408349e-07    3.4036943328e-02    7.1817364812e-02    4.8665774898e-04    0.0000000000e+00
 193.5100000    1.1055954322e-05    3.9676529442e-07   -1.1531999711e-04    1.1518978109e-04    2.2784951602e-02    3.5794508563e-02    8.1985895135e-02    0.0000000000e+00    9.9999999993e-01    0.0000000000e+00    1.1589883424e-05    3.7957861680e-07    3.4062965070e-02    7.1443926201e-02    4.8687690681e-04    0.0000000000e+00
 194.0100000    1.1067085334e-05    3.9676803252e-07   -1.1530053135e-04    1.1519619923e-04    2.2806798641e-02    3.5820370381e-02    8.1756603111e-02    0.0000000000e+00    9.9999999993e-01    0.0000000000e+00    1.1601778801e-05    3.7965537726e-07    3.4088244462e-02    7.1257893069e-02    4.8709581584e-04    0.0000000000e+00
 194.5100000    1.1078129752e-05    3.9535822553e-07   -1.1527908183e-04    1.1520006381e-04    2.2827989275e-02    3.5845928824e-02    8.1397906676e-02    0.0000000000e+00    9.9999999993e-01    0.0000000000e+00    1.1613689325e-05    3.7978345290e-07    3.4113545514e-02    7.1214065780e-02    4.8733351120e-04    0.0000000000e+00
 195.0100000    1.1089036192e-05    3.9560638028e-07   -1.1525640147e-04    1.1520145459e-04    2.2847673046e-02    3.5871019227e-02    8.1305431350e-02    0.0000000000e+00    9.9999999993e-01    0.0000000000e+00    1.1625701238e-05    3.7954322747e-07    3.4139122192e-02    7.1043301152e-02    4.8758956552e-04    0.0000000000e+00
 195.5100000    1.1099817457e-05    3.9543239549e-07   -1.1523296379e-04    1.1520128798e-04    2.2867173679e-02    3.5895685250e-02    8.1083600110e-02    0.0000000000e+00    9.9999999993e-01    0.0000000000e+00    1.1637613172e-05    3.7972786415e-07    3.4164385609e-02    7.0913028996e-02    4.8784612089e-04    0.0000000000e+00
 196.0100000    1.1110671331e-05    3.9477120277e-07   -1.1520836587e-04    1.1520015299e-04    2.2888169832e-02    3.5920566238e-02    8.0846519649e-02    0.0000000000e+00    9.9999999993e-01    0.0000000000e+00    1.1649555306e-05    3.7985242819e-07    3.4189718007e-02    7.0845166541e-02    4.8808451872e-04    0.0000000000e+00
 196.5100000    1.1121615688e-05    3.9440898442e-07   -1.1518155153e-04    1.1519784252e-04    2.2906831929e-02    3.5945720579e-02    8.0676673567e-02    0.0000000000e+00    9.9999999993e-01    0.0000000000e+00    1.1661546329e-05    3.7971718533e-07    3.4215174924e-02    7.0733754008e-02    4.8829980828e-04    0.0000000000e+00
 197.0100000    1.1132582404e-05    3.9422385044e-07   -1.1515170564e-04    1.1519380526e-04    2.2926289535e-02    3.5970932913e-02    8.0399127833e-02    0.0000000000e+00    9.9999999993e-01    0.0000000000e+00    1.1673476978e-05    3.7957373389e-07    3.4240440625e-02    7.0492748795e-02    4.8850339193e-04    0.0000000000e+00
 197.5100000    1.1143510510e-05    3.9422030719e-07   -1.1511895631e-04    1.1518780043e-04    2.2945670561e-02    3.5996016061e-02    8.0091672069e-02    0.0000000000e+00    9.9999999993e-01    0.0000000000e+00    1.1685287348e-05    3.7973445994e-07    3.4265348913e-02    7.0255576432e-02    4.8871357824e-04    0.0000000000e+00
 198.0100000    1.1154535306e-05    3.9290747045e-07   -1.1508424973e-04    1.1518010943e-04    2.2964516271e-02    3.6021416107e-02    7.9615880683e-02    0.0000000000e+00    9.9999999993e-01    0.0000000000e+00    1.1697130924e-05    3.8006758748e-07    3.4290358673e-02    7.0126533760e-02    4.8896202134e-04    0.0000000000e+00
 198.5100000    1.1165638139e-05    3.9262982055e-07   -1.1504855131e-04    1.1517122845e-04    2.2986770358e-02    3.6047078242e-02    7.9524106163e-02    0.0000000000e+00    9.9999999993e-01    0.0000000000e+00    1.1709156486e-05    3.7943987624e-07    3.4315910664e-02    6.9974381200e-02    4.8928685707e-04    0.0000000000e+00
 199.0100000    1.1176442459e-05    3.9333167144e-07   -1.1501204525e-04    1.1516134296e-04    2.3005421157e-02    3.6071786313e-02    7.9531691018e-02    0.0000000000e+00    9.9999999993e-01    0.0000000000e+00    1.1720968699e-05    3.7912863310e-07    3.4340845417e-02    6.9807086126e-02    4.8960395650e-04    0.0000000000e+00
 199.5100000    1.1187189485e-05    3.9119794564e-07   -1.1497395683e-04    1.1515002881e-04    2.3021942445e-02    3.6096311338e-02    7.8871822024e-02    0.0000000000e+00    9.9999999993e-01    0.0000000000e+00    1.1732677568e-05    3.7995132420e-07    3.4365478538e-02    6.9748632877e-02    4.8990101663e-04    0.0000000000e+00
 200.0100000    1.1198160369e-05    3.9054692620e-07   -1.1493317250e-04    1.1513653417e-04    2.3041937046e-02    3.6121552407e-02    7.8691231784e-02    0.0000000000e+00    9.9999999993e-01    0.0000000000e+00    1.1744712022e-05    3.7947074877e-07    3.4391058333e-02    6.9609334470e-02    4.9018357306e-04    0.0000000000e+00
