# downsampled to dt=0.5 from the every-step stream
# time min_lapse min_chi max_abs_K min_lapse_x min_lapse_y min_lapse_z max_ah_r min_theta_plus r_at_min_theta_plus min_phi max_phi min_Pi max_Pi pump_work
   0.0100000    9.8904295010e-01    9.8456641912e-01    6.3851231158e-06    3.2000000000e+01    3.2000000000e+01    3.2000000000e+01    0.0000000000e+00    6.2078856143e-02    3.2166657855e+01    2.9825544913e-18    1.9581031690e-02   -1.1209839246e-04    1.1921105384e-17    0.0000000000e+00
   0.5100000    9.8903400346e-01    9.8456971036e-01    7.1520578966e-05    3.2000000000e+01    3.2000000000e+01    3.2000000000e+01    0.0000000000e+00    6.2104410654e-02    3.2166657855e+01    4.1404937304e-18    1.8184252064e-02   -5.6191096242e-03    6.4338172236e-13    0.0000000000e+00
   1.0100000    9.8900754990e-01    9.8457582552e-01    9.7923838837e-05    3.2000000000e+01    3.2000000000e+01    3.2000000000e+01    0.0000000000e+00    6.2107005486e-02    3.2166657855e+01    5.7648397617e-18    1.4196930457e-02   -1.0386623487e-02    1.5295968949e-16    0.0000000000e+00
   1.5100000    9.8896073836e-01    9.8459154670e-01    1.0329492366e-04    3.2000000000e+01    3.2000000000e+01    3.2000000000e+01    0.0000000000e+00    6.2101158173e-02    3.2166657855e+01    8.0355420430e-18    8.2329324800e-03   -1.3484415131e-02    1.3580531914e-16    0.0000000000e+00
   2.0100000    9.8899222509e-01    9.8459268994e-01    1.1282548037e-04    3.2000000000e+01    3.2000000000e+01    3.2000000000e+01    0.0000000000e+00    6.2095151072e-02    3.2166657855e+01    1.1181949905e-17    1.3151223505e-03   -1.4578598609e-02    4.5366556164e-17    0.0000000000e+00
   2.5100000    9.8907264131e-01    9.8460654840e-01    1.0606146097e-04    3.2000000000e+01    3.2000000000e+01    3.2000000000e+01    0.0000000000e+00    6.2092137928e-02    3.2166657855e+01   -5.8839841776e-03    3.2533213680e-10   -1.3806317311e-02    9.5894898360e-18    0.0000000000e+00
   3.0100000    9.8915624155e-01    9.8460874677e-01    1.9256551056e-04    3.2000000000e+01    3.2000000000e+01    3.2000000000e+01    0.0000000000e+00    6.2092190326e-02    3.2166657855e+01   -1.2184607931e-02    2.8655668559e-10   -1.1345119330e-02    8.1257418511e-18    0.0000000000e+00
   3.5100000    9.8933973483e-01    9.8454457396e-01    1.8588986185e-04    3.2000000000e+01    3.2000000000e+01    3.2000000000e+01    0.0000000000e+00    6.2094107416e-02    3.2166657855e+01   -1.6873680812e-02    2.1265905833e-10   -7.3814993954e-03    7.5009237026e-18    0.0000000000e+00
   4.0100000    9.8932768421e-01    9.8459419257e-01    1.2250997460e-04    3.2000000000e+01    3.2000000000e+01    3.2000000000e+01    0.0000000000e+00    6.2096591545e-02    3.2166657855e+01   -1.9292244354e-02    1.0976177088e-10   -2.3352731661e-03    3.0925007351e-16    0.0000000000e+00
   4.5100000    9.8916909221e-01    9.8468571056e-01    8.8705685778e-05    3.2000000000e+01    3.2000000000e+01    3.2000000000e+01    0.0000000000e+00    6.2098783689e-02    3.2166657855e+01   -1.9123883726e-02    1.0875858546e-11   -2.5784565190e-10    3.1778660138e-03    0.0000000000e+00
   5.0100000    9.8911920017e-01    9.8468605338e-01    7.7693249026e-05    3.2000000000e+01    3.2000000000e+01    3.2000000000e+01    0.0000000000e+00    6.2100344007e-02    3.2166657855e+01   -1.6351763080e-02    5.2735205548e-13   -2.4533362162e-10    8.1380702330e-03    0.0000000000e+00
   5.5100000    9.8909748664e-01    9.8466732761e-01    6.1474297467e-05    3.2000000000e+01    3.2000000000e+01    3.2000000000e+01    0.0000000000e+00    6.2101300001e-02    3.2166657855e+01   -1.1331573090e-02    3.3817507778e-14   -1.9601533477e-10    1.2074223036e-02    0.0000000000e+00
   6.0100000    9.8906077248e-01    9.8465856718e-01    5.1290892790e-05    3.2000000000e+01    3.2000000000e+01    3.2000000000e+01    0.0000000000e+00    6.2101844052e-02    3.2166657855e+01   -4.7367551548e-03    1.2896898027e-14   -1.1517744640e-10    1.4367864193e-02    0.0000000000e+00
   6.5100000    9.8904324327e-01    9.8464790414e-01    4.3629406532e-05    3.2000000000e+01    3.2000000000e+01    3.2000000000e+01    0.0000000000e+00    6.2102183652e-02    3.2166657855e+01   -3.7411534145e-10    2.6404820453e-03   -1.7625097520e-11    1.4629656491e-02    0.0000000000e+00
   7.0100000    9.8904927835e-01    9.8463931099e-01    5.9823517075e-05    3.2000000000e+01    3.2000000000e+01    3.2000000000e+01    0.0000000000e+00    6.2102466686e-02    3.2166657855e+01   -3.6591086499e-10    9.5013266191e-03   -6.0634161294e-13    1.2877567840e-02    0.0000000000e+00
   7.5100000    9.8906587881e-01    9.8463795307e-01    7.1289609166e-05    3.2000000000e+01    3.2000000000e+01    3.2000000000e+01    0.0000000000e+00    6.2102760826e-02    3.2166657855e+01   -3.0730183791e-10    1.5046137534e-02   -2.3573488865e-14    9.3934869483e-03    0.0000000000e+00
   8.0100000    9.8907903333e-01    9.8464319771e-01    6.4399773799e-05    3.2000000000e+01    3.2000000000e+01    3.2000000000e+01    0.0000000000e+00    6.2103069969e-02    3.2166657855e+01   -2.0484353285e-10    1.8536879373e-02   -8.4763885936e-15    4.6949441443e-03    0.0000000000e+00
   8.5100000    9.8908210638e-01    9.8465014263e-01    5.4067367778e-05    3.2000000000e+01    3.2000000000e+01    3.2000000000e+01    0.0000000000e+00    6.2103374512e-02    3.2166657855e+01   -7.1712194175e-11    1.9567606177e-02   -9.7077414387e-04    1.7319444886e-04    0.0000000000e+00
   9.0100000    9.8907415036e-01    9.8465497028e-01    4.3224930275e-05    3.2000000000e+01    3.2000000000e+01    3.2000000000e+01    0.0000000000e+00    6.2103663634e-02    3.2166657855e+01   -4.9597371647e-12    1.7943701805e-02   -6.0383905377e-03    2.9764506370e-10    0.0000000000e+00
   9.5100000    9.8905896989e-01    9.8465646025e-01    3.1239671578e-05    3.2000000000e+01    3.2000000000e+01    3.2000000000e+01    0.0000000000e+00    6.2103936693e-02    3.2166657855e+01   -3.3278648997e-13    1.3869692115e-02   -1.0495873814e-02    2.5095344345e-10    0.0000000000e+00
  10.0100000    9.8904474402e-01    9.8465517972e-01    3.5915449927e-05    3.2000000000e+01    3.2000000000e+01    3.2000000000e+01    0.0000000000e+00    6.2104191082e-02    3.2166657855e+01   -2.3142035492e-14    7.9251805594e-03   -1.3526838972e-02    1.6754145692e-10    0.0000000000e+00
  10.5100000    9.8903985130e-01    9.8465285818e-01    5.3735221067e-05    2.7250000000e+01    3.2250000000e+01    3.2000000000e+01    0.0000000000e+00    6.4009799380e-02    3.1198236790e+01   -1.5033986530e-04    1.2499576074e-03   -1.4696675951e-02    1.3602311944e-08    0.0000000000e+00
  11.0100000    9.8904807356e-01    9.8465137885e-01    7.2226633997e-05    3.6750000000e+01    3.1750000000e+01    3.2000000000e+01    0.0000000000e+00    6.4009448719e-02    3.1198236790e+01   -6.4770870255e-03    1.6532790703e-06   -1.3873018043e-02    3.2163380215e-06    0.0000000000e+00
  11.5100000    9.8906512345e-01    9.8465242066e-01    8.0844454702e-05    3.6750000000e+01    3.1750000000e+01    3.2000000000e+01    0.0000000000e+00    6.4009680316e-02    3.1198236790e+01   -1.2680752527e-02    3.5654895592e-10   -1.1186953580e-02    1.0865511871e-05    0.0000000000e+00
  12.0100000    9.8907981500e-01    9.8465700095e-01    7.3340108290e-05    2.7250000000e+01    3.2250000000e+01    3.2000000000e+01    0.0000000000e+00    6.4010367599e-02    3.1198236790e+01   -1.7164268656e-02    2.6171099945e-10   -7.0880152748e-03    1.4663185364e-05    0.0000000000e+00
  12.5100000    9.8908123211e-01    9.8466415442e-01    5.9032025284e-05    3.6750000000e+01    3.1750000000e+01    3.2000000000e+01    0.0000000000e+00    6.4010051539e-02    3.1198236790e+01   -1.9426849099e-02    5.1116583672e-09   -2.3021056318e-03    5.9937853298e-05    0.0000000000e+00
  13.0100000    9.8906622735e-01    9.8467066434e-01    4.9489146595e-05    3.6750000000e+01    3.1750000000e+01    3.2000000000e+01    0.0000000000e+00    6.4010178824e-02    3.1198236790e+01   -1.9069040387e-02    3.2052164567e-06   -2.1953249827e-05    3.7621026163e-03    0.0000000000e+00
  13.5100000    9.8904127167e-01    9.8467295946e-01    4.2895289484e-05    2.7250000000e+01    3.2250000000e+01    3.2000000000e+01    0.0000000000e+00    6.4010733082e-02    3.1198236790e+01   -1.6120819040e-02    5.9969406043e-06   -1.8267873618e-05    8.5408609625e-03    0.0000000000e+00
  14.0100000    9.8901844237e-01    9.8466951664e-01    4.3265751118e-05    2.7250000000e+01    3.2250000000e+01    3.2250000000e+01    0.0000000000e+00    6.3871669513e-02    3.1271529427e+01   -1.1071462152e-02    7.7752160002e-06   -1.7419263789e-05    1.2278576438e-02    0.0000000000e+00
  14.5100000    9.8900872013e-01    9.8466188071e-01    5.9430730730e-05    3.6750000000e+01    3.1750000000e+01    3.1750000000e+01    0.0000000000e+00    6.3871400927e-02    3.1271529427e+01   -4.6678482736e-03    1.6303286140e-05   -1.7315125537e-05    1.4374335339e-02    0.0000000000e+00
  15.0100000    9.8901602009e-01    9.8465388545e-01    8.0981086915e-05    3.6750000000e+01    3.1750000000e+01    3.1750000000e+01    0.0000000000e+00    6.3871513910e-02    3.1271529427e+01   -1.1432427281e-05    3.3176589750e-03   -1.6849813845e-05    1.4520920884e-02    0.0000000000e+00
  15.5100000    9.8903506606e-01    9.8464957309e-01    9.0047526139e-05    2.7250000000e+01    3.2250000000e+01    3.2250000000e+01    0.0000000000e+00    6.3871980156e-02    3.1271529427e+01   -9.4420180834e-06    9.8752325219e-03   -1.6402209219e-05    1.2708352243e-02    0.0000000000e+00
  16.0100000    9.8905451776e-01    9.8465096171e-01    8.2782948257e-05    2.7250000000e+01    3.2250000000e+01    3.1750000000e+01    0.0000000000e+00    6.3872099594e-02    3.1271529427e+01   -8.9205080209e-06    1.5219509894e-02   -1.5877090323e-05    9.3259393244e-03    0.0000000000e+00
  16.5100000    9.8906357809e-01    9.8464504557e-01    7.6435543812e-05    3.6750000000e+01    3.1750000000e+01    3.1750000000e+01    0.0000000000e+00    6.3871761430e-02    3.1271529427e+01   -8.8945407528e-06    1.8652227706e-02   -2.3240388850e-05    4.8286929742e-03    0.0000000000e+00
  17.0100000    9.8905831727e-01    9.8463999568e-01    6.9765128502e-05    3.6750000000e+01    3.1750000000e+01    3.2250000000e+01    0.0000000000e+00    6.3871613574e-02    3.1271529427e+01   -8.7946440665e-06    1.9571692201e-02   -1.6233216188e-03    6.7832400522e-04    0.0000000000e+00
  17.5100000    9.8904459748e-01    9.8463365688e-01    6.9931544397e-05    2.7250000000e+01    3.2250000000e+01    3.2250000000e+01    0.0000000000e+00    6.3872115743e-02    3.1271529427e+01   -8.3908502138e-06    1.7917274739e-02   -6.3459134312e-03    1.5007273957e-05    0.0000000000e+00
  18.0100000    9.8902730038e-01    9.8462376253e-01    7.6248583654e-05    2.7750000000e+01    3.2250000000e+01    3.1750000000e+01    0.0000000000e+00    6.4204164775e-02    3.1104731514e+01   -8.0051405831e-06    1.3923430876e-02   -1.0630439722e-02    1.4521735426e-05    0.0000000000e+00
  18.5100000    9.8900799301e-01    9.8460981343e-01    8.6000731758e-05    2.7750000000e+01    3.1750000000e+01    3.1750000000e+01    0.0000000000e+00    6.4204207021e-02    3.1104731514e+01   -1.3912061732e-05    8.2180412200e-03   -1.3532262897e-02    1.4446433185e-05    0.0000000000e+00
  19.0100000    9.8899997519e-01    9.8459464350e-01    9.8175894487e-05    2.7750000000e+01    3.1750000000e+01    3.1750000000e+01    0.0000000000e+00    6.4203706890e-02    3.1104731514e+01   -6.0170330012e-04    1.9828467331e-03   -1.4633317445e-02    1.4220003954e-05    0.0000000000e+00
  19.5100000    9.8899927540e-01    9.8458064312e-01    1.0255275382e-04    3.6250000000e+01    3.2250000000e+01    3.1750000000e+01    0.0000000000e+00    6.4203134009e-02    3.1104731514e+01   -6.7196658261e-03    7.4361321218e-06   -1.3854657804e-02    1.3561147893e-05    0.0000000000e+00
  20.0100000    9.8899560470e-01    9.8456992518e-01    9.5655141939e-05    3.6250000000e+01    3.2250000000e+01    3.2250000000e+01    0.0000000000e+00    6.4203196925e-02    3.1104731514e+01   -1.2685583545e-02    7.4170199917e-06   -1.1282787848e-02    1.3206169345e-05    0.0000000000e+00
  20.5100000    9.8898653296e-01    9.8456314797e-01    9.2387087004e-05    3.6250000000e+01    3.1750000000e+01    3.1750000000e+01    0.0000000000e+00    6.4203459179e-02    3.1104731514e+01   -1.7175212163e-02    7.3635336111e-06   -7.4405613712e-03    1.5804318431e-05    0.0000000000e+00
  21.0100000    9.8897304902e-01    9.8455697140e-01    9.2839323526e-05    3.6250000000e+01    3.1750000000e+01    3.1750000000e+01    0.0000000000e+00    6.4203583422e-02    3.1104731514e+01   -1.9364264801e-02    7.2290077833e-06   -3.2350915069e-03    4.2439352823e-04    0.0000000000e+00
  21.5100000    9.8896125919e-01    9.8454731743e-01    9.9547156445e-05    3.6250000000e+01    3.1750000000e+01    3.2250000000e+01    0.0000000000e+00    6.4203585742e-02    3.1104731514e+01   -1.9140776870e-02    6.9266328618e-06   -4.8509766715e-04    4.0634021117e-03    0.0000000000e+00
  22.0100000    9.8895656802e-01    9.8453181559e-01    1.0853412243e-04    3.6250000000e+01    3.2250000000e+01    3.2250000000e+01    0.0000000000e+00    6.4203590158e-02    3.1104731514e+01   -1.6424572387e-02    9.6746418915e-06   -1.0730367763e-05    8.6253154345e-03    0.0000000000e+00
  22.5100000    9.8896086447e-01    9.8451335705e-01    1.1861230697e-04    3.6250000000e+01    3.2250000000e+01    3.2250000000e+01    0.0000000000e+00    6.4203405198e-02    3.1104731514e+01   -1.1706747907e-02    1.0466657034e-05   -1.0575359093e-05    1.2186856628e-02    0.0000000000e+00
  23.0100000    9.8897544830e-01    9.8449678428e-01    1.2363148773e-04    3.6250000000e+01    3.2250000000e+01    3.2250000000e+01    0.0000000000e+00    6.4202922772e-02    3.1104731514e+01   -5.9122855713e-03    2.6985983450e-05   -1.0893401728e-05    1.4183981765e-02    0.0000000000e+00
  23.5100000    9.8899904577e-01    9.8448457737e-01    1.2627102653e-04    3.6250000000e+01    3.2250000000e+01    3.2250000000e+01    0.0000000000e+00    6.4202410945e-02    3.1104731514e+01   -1.0041189379e-03    3.5365850857e-03   -1.2598073636e-05    1.4447491452e-02    0.0000000000e+00
  24.0100000    9.8902893171e-01    9.8447564951e-01    1.3040854406e-04    3.6250000000e+01    3.2250000000e+01    3.2250000000e+01    0.0000000000e+00    6.4202304212e-02    3.1104731514e+01   -6.2209068711e-06    9.6890691756e-03   -1.2761252836e-05    1.2932217337e-02    0.0000000000e+00
  24.5100000    9.8905762321e-01    9.8446726326e-01    1.3492764133e-04    3.5750000000e+01    3.2250000000e+01    3.2250000000e+01    0.0000000000e+00    6.3458715230e-02    3.1472774538e+01   -6.3867179068e-06    1.4959508955e-02   -1.1724170484e-05    9.9765231007e-03    0.0000000000e+00
  25.0100000    9.8906250513e-01    9.8444961284e-01    1.4156222079e-04    3.5750000000e+01    3.1750000000e+01    3.2250000000e+01    0.0000000000e+00    6.3459333497e-02    3.1472774538e+01   -7.8663418518e-06    1.8367441472e-02   -6.2418334241e-05    6.2801962877e-03    0.0000000000e+00
  25.5100000    9.8906588086e-01    9.8442377923e-01    1.5102429121e-04    3.5750000000e+01    3.1750000000e+01    3.2250000000e+01    0.0000000000e+00    6.3459906020e-02    3.1472774538e+01   -8.6040810703e-06    1.9522933959e-02   -2.3544296051e-03    2.9534554968e-03    0.0000000000e+00
  26.0100000    9.8906877149e-01    9.8439526235e-01    1.5998106743e-04    3.5750000000e+01    3.1750000000e+01    3.2250000000e+01    0.0000000000e+00    6.3460131209e-02    3.1472774538e+01   -8.6654580750e-06    1.8393607885e-02   -6.4311225711e-03    1.1206679708e-03    0.0000000000e+00
  26.5100000    9.8907419072e-01    9.8436129806e-01    1.6818272728e-04    2.8250000000e+01    3.1750000000e+01    3.2250000000e+01    0.0000000000e+00    6.3459977932e-02    3.1472774538e+01   -7.9413909045e-06    1.5215904331e-02   -1.0360572130e-02    1.0007772739e-05    0.0000000000e+00
  27.0100000    9.8909308011e-01    9.8432605022e-01    1.7978106927e-04    2.8250000000e+01    3.1750000000e+01    3.2250000000e+01    0.0000000000e+00    6.3459652132e-02    3.1472774538e+01   -1.3256303554e-05    1.0626588376e-02   -1.3077466681e-02    1.0709294096e-05    0.0000000000e+00
  27.5100000    9.8913329429e-01    9.8429184369e-01    1.8772905172e-04    2.8250000000e+01    3.2250000000e+01    3.1750000000e+01    0.0000000000e+00    6.3459399081e-02    3.1472774538e+01   -1.2048168423e-03    5.8114285394e-03   -1.4308653103e-02    1.0545740030e-05    0.0000000000e+00
  28.0100000    9.8919158672e-01    9.8426065826e-01    1.9344728058e-04    2.8250000000e+01    3.2250000000e+01    3.1750000000e+01    0.0000000000e+00    6.3459324471e-02    3.1472774538e+01   -6.3877655073e-03    2.4638849119e-03   -1.3887992892e-02    1.0480117273e-05    0.0000000000e+00
  28.5100000    9.8926116694e-01    9.8423301450e-01    2.3642886124e-04    2.8250000000e+01    3.2250000000e+01    3.1750000000e+01    0.0000000000e+00    6.3459324283e-02    3.1472774538e+01   -1.1924062496e-02    6.5784792935e-06   -1.2139712363e-02    9.8440417921e-06    0.0000000000e+00
  29.0100000    9.8929338101e-01    9.8420779030e-01    2.9488996472e-04    2.8750000000e+01    3.2250000000e+01    3.1750000000e+01    0.0000000000e+00    6.3802467759e-02    3.1305980403e+01   -1.6231087347e-02    7.1006694234e-06   -9.8848635813e-03    7.1421181166e-05    0.0000000000e+00
  29.5100000    9.8932575859e-01    9.8417689013e-01    3.7743100762e-04    2.8750000000e+01    3.1750000000e+01    3.1750000000e+01    0.0000000000e+00    6.3802324272e-02    3.1305980403e+01   -1.8714415077e-02    7.2032823815e-06   -9.1109845861e-03    1.6703311078e-03    0.0000000000e+00
  30.0100000    9.8936813920e-01    9.8412513978e-01    4.7860443981e-04    2.8750000000e+01    3.1750000000e+01    3.1750000000e+01    0.0000000000e+00    6.3802181302e-02    3.1305980403e+01   -1.9318394239e-02    6.7875798675e-06   -8.4529341464e-03    4.7607143084e-03    0.0000000000e+00
  30.5100000    9.8943424296e-01    9.8406924103e-01    5.5737103457e-04    2.8750000000e+01    3.1750000000e+01    3.1750000000e+01    0.0000000000e+00    6.3802038888e-02    3.1305980403e+01   -1.8567607826e-02    6.5537690159e-06   -5.9547117870e-03    8.4052243518e-03    0.0000000000e+00
  31.0100000    9.8951090275e-01    9.8401021435e-01    5.9949782750e-04    2.9250000000e+01    3.1750000000e+01    3.1750000000e+01    0.0000000000e+00    6.2172628456e-02    3.2129253314e+01   -1.9086550832e-02    4.3761312884e-05   -3.0538498091e-03    1.1341823227e-02    0.0000000000e+00
  31.5100000    9.8937105593e-01    9.8395246255e-01    6.6229200077e-04    3.1750000000e+01    3.1750000000e+01    3.1750000000e+01    0.0000000000e+00    6.1613968433e-02    3.2417959869e+01   -1.8031459055e-02    6.8023322858e-04   -5.1630994367e-04    1.3169757089e-02    0.0000000000e+00
  32.0100000    9.8865158844e-01    9.8390162886e-01    7.2492018554e-04    3.1750000000e+01    3.1750000000e+01    3.1750000000e+01    0.0000000000e+00    6.1613831408e-02    3.2417959869e+01   -1.4483182828e-02    3.6270075367e-03   -8.5981018249e-06    1.3513105190e-02    0.0000000000e+00
  32.5100000    9.8792041871e-01    9.8384339232e-01    7.5957875639e-04    3.1750000000e+01    3.1750000000e+01    3.1750000000e+01    0.0000000000e+00    6.1613688427e-02    3.2417959869e+01   -9.3217233387e-03    8.0117741216e-03   -8.1457342025e-06    1.2739094310e-02    0.0000000000e+00
  33.0100000    9.8722414684e-01    9.8378153164e-01    7.5952086676e-04    3.1750000000e+01    3.1750000000e+01    3.1750000000e+01    0.0000000000e+00    6.1613569550e-02    3.2417959869e+01   -3.7046641788e-03    1.2004272484e-02   -2.7606160028e-04    1.3970162218e-02    0.0000000000e+00
  33.5100000    9.8654147849e-01    9.8369120927e-01    7.2894013318e-04    3.1750000000e+01    3.1750000000e+01    3.1750000000e+01    0.0000000000e+00    6.1613484631e-02    3.2417959869e+01   -2.4566069086e-04    1.4726562432e-02   -2.4679368536e-03    1.4061141181e-02    0.0000000000e+00
  34.0100000    9.8581396468e-01    9.8340638679e-01    7.3790455484e-04    3.1750000000e+01    3.1750000000e+01    3.1750000000e+01    0.0000000000e+00    6.1613413718e-02    3.2417959869e+01   -5.7353624461e-06    1.6312929290e-02   -6.0940935676e-03    1.2381814305e-02    0.0000000000e+00
  34.5100000    9.8499400756e-01    9.8313758573e-01    8.4385460902e-04    3.1750000000e+01    3.1750000000e+01    3.1750000000e+01    0.0000000000e+00    6.1613328934e-02    3.2417959869e+01   -1.1264968852e-05    1.8004122905e-02   -9.6134797821e-03    9.4582195116e-03    0.0000000000e+00
  35.0100000    9.8407305675e-01    9.8287979350e-01    9.3494306723e-04    3.1750000000e+01    3.1750000000e+01    3.1750000000e+01    0.0000000000e+00    6.1613218477e-02    3.2417959869e+01   -4.7277759521e-04    1.9722976077e-02   -1.1944280282e-02    5.9645009017e-03    0.0000000000e+00
  35.5100000    9.8308566763e-01    9.8260972051e-01    9.7105361985e-04    3.1750000000e+01    3.1750000000e+01    3.1750000000e+01    0.0000000000e+00    6.1613085456e-02    3.2417959869e+01   -2.5997079549e-03    2.0301357583e-02   -1.2758066294e-02    2.6607492134e-03    0.0000000000e+00
  36.0100000    9.8210111263e-01    9.8230254558e-01    9.2131208885e-04    3.1750000000e+01    3.2250000000e+01    3.1750000000e+01    0.0000000000e+00    6.1612932651e-02    3.2417959869e+01   -4.5390207625e-03    1.8088450909e-02   -1.2779298808e-02    7.9051647633e-04    0.0000000000e+00
  36.5100000    9.8121452908e-01    9.8194099197e-01    7.9421050248e-04    3.2250000000e+01    3.2250000000e+01    3.1750000000e+01    0.0000000000e+00    6.1612781414e-02    3.2417959869e+01   -4.8716102114e-03    1.3847078751e-02   -1.4088739677e-02    1.9708044626e-03    0.0000000000e+00
  37.0100000    9.8053562658e-01    9.8151701829e-01    7.4774286330e-04    3.2250000000e+01    3.1750000000e+01    3.1750000000e+01    0.0000000000e+00    6.1612629739e-02    3.2417959869e+01   -4.0897272088e-03    8.3920589130e-03   -1.5832925368e-02    4.9185020391e-03    0.0000000000e+00
  37.5100000    9.8016240941e-01    9.8103892880e-01    6.7946669322e-04    3.2250000000e+01    3.1750000000e+01    3.1750000000e+01    0.0000000000e+00    6.1612505622e-02    3.2417959869e+01   -5.5455922762e-03    2.9965393126e-03   -1.6459756795e-02    5.3304155257e-03    0.0000000000e+00
  38.0100000    9.8013091448e-01    9.8055049749e-01    5.7430117851e-04    3.2250000000e+01    3.2250000000e+01    3.1750000000e+01    0.0000000000e+00    6.1612404988e-02    3.2417959869e+01   -1.0336016111e-02    1.9785969686e-03   -1.4789351479e-02    3.5772956960e-03    0.0000000000e+00
  38.5100000    9.8038588633e-01    9.8012512786e-01    5.7002372867e-04    3.2250000000e+01    3.2250000000e+01    3.1750000000e+01    0.0000000000e+00    6.1612291961e-02    3.2417959869e+01   -1.5750640222e-02    3.0994674160e-03   -1.1887736420e-02    1.7591850569e-03    0.0000000000e+00
  39.0100000    9.8086834636e-01    9.7980553028e-01    7.2902554040e-04    3.2250000000e+01    3.2250000000e+01    3.1750000000e+01    0.0000000000e+00    6.1612121913e-02    3.2417959869e+01   -1.9235203000e-02    3.0027416789e-03   -8.0752047599e-03    7.9918487908e-04    0.0000000000e+00
  39.5100000    9.8164123758e-01    9.7958256663e-01    1.0828165924e-03    3.2250000000e+01    3.2250000000e+01    3.2250000000e+01    0.0000000000e+00    6.1611894301e-02    3.2417959869e+01   -1.9737160467e-02    2.1435445000e-03   -4.2402574038e-03    2.1728152536e-03    0.0000000000e+00
  40.0100000    9.8281715130e-01    9.7947082689e-01    1.4990947704e-03    3.2250000000e+01    3.2250000000e+01    3.2250000000e+01    0.0000000000e+00    6.1611628838e-02    3.2417959869e+01   -1.8062763362e-02    1.2612128608e-03   -3.7613240216e-03    6.6472051583e-03    0.0000000000e+00
  40.5100000    9.8437140162e-01    9.7953093069e-01    1.7907442633e-03    3.2250000000e+01    3.2250000000e+01    3.2250000000e+01    0.0000000000e+00    6.1611379807e-02    3.2417959869e+01   -1.4526019472e-02    6.6137831283e-04   -3.0510425341e-03    9.1590076471e-03    0.0000000000e+00
  41.0100000    9.8611893253e-01    9.7978607271e-01    1.8538930959e-03    3.2250000000e+01    3.2250000000e+01    3.2250000000e+01    0.0000000000e+00    6.1611171137e-02    3.2417959869e+01   -1.0145677148e-02    3.2013353199e-04   -2.1484779430e-03    1.0723284881e-02    0.0000000000e+00
  41.5100000    9.8783486460e-01    9.8018140655e-01    1.7117679393e-03    3.2250000000e+01    3.2250000000e+01    3.2250000000e+01    0.0000000000e+00    6.1610991163e-02    3.2417959869e+01   -7.4617757255e-03    1.4746433343e-04   -1.4176019804e-03    1.0808272299e-02    0.0000000000e+00
  42.0100000    9.8934992333e-01    9.8063001197e-01    1.4894194730e-03    3.2250000000e+01    3.2250000000e+01    3.2250000000e+01    0.0000000000e+00    6.1610804333e-02    3.2417959869e+01   -4.8811091224e-03    8.3685363564e-04   -9.1883404072e-04    9.4241585297e-03    0.0000000000e+00
  42.5100000    9.9057165331e-01    9.8106216317e-01    1.2990912257e-03    3.2750000000e+01    3.2250000000e+01    3.2250000000e+01    0.0000000000e+00    6.2391033186e-02    3.2014665441e+01   -2.3637862514e-03    4.9370761333e-03   -5.9409868431e-04    8.2938339617e-03    0.0000000000e+00
  43.0100000    9.9150051014e-01    9.8143764617e-01    1.1337114106e-03    3.2250000000e+01    3.2250000000e+01    3.2250000000e+01    0.0000000000e+00    6.1610283550e-02    3.2417959869e+01   -1.1408632228e-03    7.9850140561e-03   -3.7506966148e-04    8.6918470603e-03    0.0000000000e+00
  43.5100000    9.9213619415e-01    9.8173897179e-01    9.5493077684e-04    3.2250000000e+01    3.2250000000e+01    3.2250000000e+01    0.0000000000e+00    6.1609947402e-02    3.2417959869e+01   -7.4775827328e-04    1.0646715451e-02   -2.5945476684e-04    8.6601780513e-03    0.0000000000e+00
  44.0100000    9.9251230995e-01    9.8196292248e-01    7.5309568344e-04    3.2250000000e+01    3.2250000000e+01    3.2250000000e+01    0.0000000000e+00    6.1609602044e-02    3.2417959869e+01   -4.9130737906e-04    1.3529741365e-02   -2.1377421382e-03    7.8543538741e-03    0.0000000000e+00
  44.5100000    9.9265868461e-01    9.8211494273e-01    6.8155921878e-04    3.2250000000e+01    3.2250000000e+01    3.2250000000e+01    0.0000000000e+00    6.1609283333e-02    3.2417959869e+01   -3.2393268685e-04    1.6394149945e-02   -3.2015603045e-03    6.5261660509e-03    0.0000000000e+00
  45.0100000    9.9259352206e-01    9.8220955153e-01    6.3076447481e-04    3.2250000000e+01    3.2250000000e+01    3.2250000000e+01    0.0000000000e+00    6.1609004913e-02    3.2417959869e+01   -2.1142061278e-04    1.8621235049e-02   -3.6475307478e-03    4.3936244195e-03    0.0000000000e+00
  45.5100000    9.9228491733e-01    9.8227443273e-01    5.8250284815e-04    3.2250000000e+01    3.2250000000e+01    3.2250000000e+01    0.0000000000e+00    6.1608750613e-02    3.2417959869e+01   -1.5101031394e-04    1.9497252957e-02   -4.6156930033e-03    1.8013610910e-03    0.0000000000e+00
  46.0100000    9.9160814932e-01    9.8234799234e-01    8.8424754616e-04    3.2250000000e+01    3.2250000000e+01    3.2250000000e+01    0.0000000000e+00    6.1608479919e-02    3.2417959869e+01   -8.4319946894e-04    1.8655919123e-02   -6.3060427268e-03    5.1416978571e-04    0.0000000000e+00
  46.5100000    9.9034920995e-01    9.8245474425e-01    1.5837633756e-03    3.2250000000e+01    3.2250000000e+01    3.2250000000e+01    0.0000000000e+00    6.1608146037e-02    3.2417959869e+01   -1.2191716222e-03    1.5853215511e-02   -9.2298484968e-03    3.9253215141e-04    0.0000000000e+00
  47.0100000    9.8832737275e-01    9.8255234274e-01    2.3708494758e-03    3.2250000000e+01    3.2250000000e+01    3.2250000000e+01    0.0000000000e+00    6.1607727761e-02    3.2417959869e+01   -1.2549415529e-03    1.0722973769e-02   -1.3359055048e-02    4.8858838179e-04    0.0000000000e+00
  47.5100000    9.8565769144e-01    9.8249632357e-01    2.8043986127e-03    3.2250000000e+01    3.2250000000e+01    3.2250000000e+01    0.0000000000e+00    6.1607254265e-02    3.2417959869e+01   -1.6320530413e-03    3.3254556837e-03   -1.7806384809e-02    8.9202104607e-04    0.0000000000e+00
  48.0100000    9.8295468929e-01    9.8211838797e-01    2.3730171469e-03    3.2250000000e+01    3.2250000000e+01    3.2250000000e+01    0.0000000000e+00    6.1606787423e-02    3.2417959869e+01   -6.4151439463e-03    3.0773541190e-04   -1.8774121840e-02    1.0205478929e-03    0.0000000000e+00
  48.5100000    9.8108291780e-01    9.8142142669e-01    1.3466561169e-03    3.2250000000e+01    3.2250000000e+01    3.2250000000e+01    0.0000000000e+00    6.1606365472e-02    3.2417959869e+01   -1.4508644916e-02    2.4165550983e-04   -1.3883343358e-02    1.1356144523e-03    0.0000000000e+00
  49.0100000    9.8053554657e-01    9.8066220067e-01    1.0591912098e-03    3.2250000000e+01    3.2250000000e+01    3.2250000000e+01    0.0000000000e+00    6.1605964124e-02    3.2417959869e+01   -1.9195334451e-02    3.8896616419e-04   -8.0791866127e-03    1.3821256002e-03    0.0000000000e+00
  49.5100000    9.8121557393e-01    9.8013689117e-01    1.3000054835e-03    3.2250000000e+01    3.2250000000e+01    3.2250000000e+01    0.0000000000e+00    6.1605514612e-02    3.2417959869e+01   -2.0134078520e-02    5.6889295432e-04   -2.9675630360e-03    1.6089613362e-03    0.0000000000e+00
  50.0100000    9.8266112721e-01    9.7996422722e-01    1.7331642072e-03    3.2250000000e+01    3.2250000000e+01    3.2250000000e+01    0.0000000000e+00    6.1604953751e-02    3.2417959869e+01   -1.8447142141e-02    6.7249152353e-04   -1.2896391105e-03    5.9121197987e-03    0.0000000000e+00
  50.5100000    9.8428380366e-01    9.8010173063e-01    1.6231034192e-03    3.2250000000e+01    3.2250000000e+01    3.2250000000e+01    0.0000000000e+00    6.1604281333e-02    3.2417959869e+01   -1.5283553668e-02    9.0781410250e-04   -8.5359697624e-04    9.7430868442e-03    0.0000000000e+00
  51.0100000    9.8560200053e-01    9.8043709347e-01    1.1903330201e-03    3.2250000000e+01    3.2250000000e+01    3.2250000000e+01    0.0000000000e+00    6.1603630438e-02    3.2417959869e+01   -1.1078015554e-02    1.0585136109e-03   -7.6106827597e-04    1.2341544205e-02    0.0000000000e+00
  51.5100000    9.8640373364e-01    9.8084140300e-01    9.1102471958e-04    3.2250000000e+01    3.2250000000e+01    3.2250000000e+01    0.0000000000e+00    6.1603249981e-02    3.2417959869e+01   -6.1114956283e-03    1.0482233500e-03   -9.8941456787e-04    1.3190990055e-02    0.0000000000e+00
  52.0100000    9.8675733149e-01    9.8119863958e-01    7.8702475873e-04    3.2250000000e+01    3.2250000000e+01    3.2250000000e+01    0.0000000000e+00    6.1603388276e-02    3.2417959869e+01   -1.8127538473e-03    5.5606415529e-03   -1.1963851363e-03    1.3005003146e-02    0.0000000000e+00
  52.5100000    9.8690897474e-01    9.8143097482e-01    1.0692417158e-03    3.2250000000e+01    3.2250000000e+01    3.2250000000e+01    0.0000000000e+00    6.1604579505e-02    3.2417959869e+01   -9.2816464223e-04    9.8584646491e-03   -1.2769080043e-03    1.1906170159e-02    0.0000000000e+00
  53.0100000    9.8713847421e-01    9.8151616080e-01    1.2025226275e-03    3.2250000000e+01    3.2250000000e+01    3.2250000000e+01    0.0000000000e+00    6.1608170260e-02    3.2417959869e+01   -8.1047351203e-04    1.3234349810e-02   -1.3267328441e-03    1.0055946878e-02    0.0000000000e+00
  53.5100000    9.8763917236e-01    9.8148559219e-01    1.1206998992e-03    3.2250000000e+01    3.2250000000e+01    3.2250000000e+01    0.0000000000e+00    6.1615222118e-02    3.2417959869e+01   -9.1150010446e-04    1.5887855611e-02   -4.2896736916e-03    7.4254218427e-03    0.0000000000e+00
  54.0100000    9.8844618412e-01    9.8140855718e-01    1.0075917909e-03    3.2250000000e+01    3.2250000000e+01    3.2250000000e+01    0.0000000000e+00    6.1624021565e-02    3.2417959869e+01   -9.7633531242e-04    1.8039610486e-02   -6.3218267999e-03    5.0590289883e-03    0.0000000000e+00
  54.5100000    9.8940337092e-01    9.8137384579e-01    1.0116295090e-03    3.2250000000e+01    3.2250000000e+01    3.2250000000e+01    0.0000000000e+00    6.1630642147e-02    3.2417959869e+01   -9.6107350167e-04    1.9238010128e-02   -7.4643161109e-03    2.4590174954e-03    0.0000000000e+00
  55.0100000    9.9019598023e-01    9.8146131560e-01    6.5355733090e-04    3.2250000000e+01    3.2250000000e+01    3.2250000000e+01    0.0000000000e+00    6.1633376619e-02    3.2417959869e+01   -1.6530067038e-03    1.9061578879e-02   -8.1663883340e-03    1.2204011918e-03    0.0000000000e+00
  55.5100000    9.9044582131e-01    9.8171042696e-01    3.8991045589e-04    3.2250000000e+01    3.2250000000e+01    3.2250000000e+01    0.0000000000e+00    6.1634558316e-02    3.2417959869e+01   -2.0069626820e-03    1.7545239612e-02   -9.0077928641e-03    1.2385204534e-03    0.0000000000e+00
  56.0100000    9.8981672091e-01    9.8209274296e-01    1.0825630722e-03    3.1750000000e+01    3.2250000000e+01    3.2250000000e+01    0.0000000000e+00    6.1636950022e-02    3.2417959869e+01   -1.5525075113e-03    1.4440433539e-02   -1.0586050532e-02    1.5674148071e-03    0.0000000000e+00
  56.5100000    9.8820242879e-01    9.8232714600e-01    1.9687426691e-03    3.2250000000e+01    3.2250000000e+01    3.2250000000e+01    0.0000000000e+00    6.1640710570e-02    3.2417959869e+01   -9.4413741308e-04    9.2770167214e-03   -1.3196146455e-02    2.0950711700e-03    0.0000000000e+00
  57.0100000    9.8604537967e-01    9.8231852369e-01    2.0675378295e-03    3.2250000000e+01    3.2250000000e+01    3.2250000000e+01    0.0000000000e+00    6.1644396331e-02    3.2417959869e+01   -1.8380861692e-03    1.9287487118e-03   -1.6679930388e-02    1.8740174246e-03    0.0000000000e+00
  57.5100000    9.8432184339e-01    9.8197363407e-01    1.1342456289e-03    3.2250000000e+01    3.2250000000e+01    3.2250000000e+01    0.0000000000e+00    6.1647109557e-02    3.2417959869e+01   -6.7079053165e-03    1.0911977425e-03   -1.6780799338e-02    1.4193222156e-03    0.0000000000e+00
  58.0100000    9.8380431475e-01    9.8114517094e-01    6.7694113141e-04    3.2250000000e+01    3.2250000000e+01    3.2250000000e+01    0.0000000000e+00    6.1648387643e-02    3.2417959869e+01   -1.3797037349e-02    1.3530947684e-03   -1.2090286988e-02    1.0201859642e-03    0.0000000000e+00
  58.5100000    9.8442421853e-01    9.8049569612e-01    1.1052641970e-03    3.2250000000e+01    3.2250000000e+01    3.2250000000e+01    0.0000000000e+00    6.1647658255e-02    3.2417959869e+01   -1.8086188552e-02    1.2392963288e-03   -7.3464211434e-03    6.9996646811e-04    0.0000000000e+00
  59.0100000    9.8556259604e-01    9.8032288020e-01    1.2755726405e-03    3.2250000000e+01    3.2250000000e+01    3.2250000000e+01    0.0000000000e+00    6.1644592142e-02    3.2417959869e+01   -1.9453503033e-02    9.7434844331e-04   -2.9480287007e-03    6.5728142651e-04    0.0000000000e+00
  59.5100000    9.8659802730e-01    9.8056521459e-01    9.2214379313e-04    3.2250000000e+01    3.2250000000e+01    3.2250000000e+01    0.0000000000e+00    6.1639640740e-02    3.2417959869e+01   -1.8853969919e-02    6.9870247090e-04   -1.8587454845e-03    3.0378038009e-03    0.0000000000e+00
  60.0100000    9.8716353535e-01    9.8099829060e-01    4.6456179013e-04    3.2250000000e+01    3.2250000000e+01    3.2250000000e+01    0.0000000000e+00    6.1633751536e-02    3.2417959869e+01   -1.6899127267e-02    4.7116219800e-04   -1.2797364942e-03    6.8660534678e-03    0.0000000000e+00
  60.5100000    9.8723891927e-01    9.8140742072e-01    4.2075173370e-04    3.2250000000e+01    3.2250000000e+01    3.2250000000e+01    0.0000000000e+00    6.1627244003e-02    3.2417959869e+01   -1.3546684544e-02    3.7641249049e-04   -1.0490335190e-03    9.5485723868e-03    0.0000000000e+00
  61.0100000    9.8709543241e-01    9.8165425173e-01    4.6446400302e-04    3.2250000000e+01    3.2250000000e+01    3.2250000000e+01    0.0000000000e+00    6.1619036009e-02    3.2417959869e+01   -8.9311370992e-03    3.5425763633e-04   -8.2601162279e-04    1.1353023419e-02    0.0000000000e+00
  61.5100000    9.8708133389e-01    9.8170941340e-01    6.1104492474e-04    3.2250000000e+01    3.2250000000e+01    3.2250000000e+01    0.0000000000e+00    6.1607686594e-02    3.2417959869e+01   -4.9856610082e-03    9.4500960376e-04   -6.2451736076e-04    1.2775366810e-02    0.0000000000e+00
  62.0100000    9.8741378742e-01    9.8164326792e-01    6.6509738583e-04    3.2250000000e+01    3.2250000000e+01    3.2250000000e+01    0.0000000000e+00    6.1593602919e-02    3.2417959869e+01   -1.8060269318e-03    4.4745552560e-03   -4.7820430902e-04    1.2097248587e-02    0.0000000000e+00
  62.5100000    9.8812783199e-01    9.8155838296e-01    9.5003697822e-04    3.2250000000e+01    3.2250000000e+01    3.2250000000e+01    0.0000000000e+00    6.1579725327e-02    3.2417959869e+01   -6.3248435760e-04    9.1242518699e-03   -4.9091693900e-04    1.0953496760e-02    0.0000000000e+00
  63.0100000    9.8909145981e-01    9.8153425898e-01    1.0812503091e-03    3.2250000000e+01    3.2250000000e+01    3.2250000000e+01    0.0000000000e+00    6.1569703370e-02    3.2417959869e+01   -5.0729586914e-04    1.3462844845e-02   -5.9024944855e-04    1.0020369437e-02    0.0000000000e+00
  63.5100000    9.9003307622e-01    9.8161586520e-01    8.9827518390e-04    3.2750000000e+01    3.2250000000e+01    3.2250000000e+01    0.0000000000e+00    6.2347552130e-02    3.2014665441e+01   -4.1904329417e-04    1.6613393134e-02   -1.0887521093e-03    8.3559469950e-03    0.0000000000e+00
  64.0100000    9.9063187469e-01    9.8181635324e-01    4.6995502269e-04    3.1250000000e+01    3.1750000000e+01    3.2250000000e+01    0.0000000000e+00    6.2352056969e-02    3.2014665441e+01   -3.3638288712e-04    1.8634016585e-02   -2.0271901474e-03    6.0630122791e-03    0.0000000000e+00
  64.5100000    9.9060402561e-01    9.8211686716e-01    3.7116315008e-04    3.1750000000e+01    3.1750000000e+01    3.2250000000e+01    0.0000000000e+00    6.1574018901e-02    3.2417959869e+01   -3.3252085083e-04    1.9459366180e-02   -3.5087214544e-03    3.3310605913e-03    0.0000000000e+00
  65.0100000    9.8974796331e-01    9.8245043945e-01    1.2233763595e-03    3.2250000000e+01    3.2250000000e+01    3.2250000000e+01    0.0000000000e+00    6.1583762796e-02    3.2417959869e+01   -4.5388693613e-04    1.8698971757e-02   -5.5182484375e-03    1.1666329229e-03    0.0000000000e+00
  65.5100000    9.8813858935e-01    9.8267075690e-01    1.8153639338e-03    3.2250000000e+01    3.2250000000e+01    3.2250000000e+01    0.0000000000e+00    6.1595446883e-02    3.2417959869e+01   -5.6622659227e-04    1.5673934965e-02   -9.1897973756e-03    5.0881947080e-04    0.0000000000e+00
  66.0100000    9.8625334622e-01    9.8258064377e-01    1.7170037659e-03    3.2250000000e+01    3.2250000000e+01    3.2250000000e+01    0.0000000000e+00    6.1607679001e-02    3.2417959869e+01   -5.3907087693e-04    1.0455760485e-02   -1.4304138722e-02    4.4748913020e-04    0.0000000000e+00
  66.5100000    9.8484938517e-01    9.8210055638e-01    1.2425477227e-03    3.2250000000e+01    3.2250000000e+01    3.2250000000e+01    0.0000000000e+00    6.1619007156e-02    3.2417959869e+01   -5.7345062060e-04    4.4050828242e-03   -1.7039870462e-02    5.4372469472e-04    0.0000000000e+00
  67.0100000    9.8443579445e-01    9.8143694431e-01    9.8830862955e-04    3.2250000000e+01    3.2250000000e+01    3.2250000000e+01    0.0000000000e+00    6.1628685398e-02    3.2417959869e+01   -6.1354871782e-03    5.1740289499e-04   -1.5765637111e-02    5.8949043551e-04    0.0000000000e+00
  67.5100000    9.8490214828e-01    9.8095400705e-01    8.4180424247e-04    3.2250000000e+01    3.2250000000e+01    3.2250000000e+01    0.0000000000e+00    6.1637085583e-02    3.2417959869e+01   -1.2670214065e-02    3.5116331378e-04   -1.3114075392e-02    6.0695468567e-04    0.0000000000e+00
  68.0100000    9.8571818836e-01    9.8085939434e-01    8.8925054286e-04    3.1750000000e+01    3.1750000000e+01    3.2250000000e+01    0.0000000000e+00    6.1645041248e-02    3.2417959869e+01   -1.6900566966e-02    3.8088538290e-04   -8.9264930647e-03    6.6989383725e-04    0.0000000000e+00
  68.5100000    9.8634526560e-01    9.8109115414e-01    5.2256739383e-04    3.1750000000e+01    3.2250000000e+01    3.1750000000e+01    0.0000000000e+00    6.1652795806e-02    3.2417959869e+01   -1.9140982345e-02    4.5203874110e-04   -3.9932430686e-03    7.5693606131e-04    0.0000000000e+00
  69.0100000    9.8650925122e-01    9.8144172089e-01    3.4791432710e-04    3.1750000000e+01    3.2250000000e+01    3.1750000000e+01    0.0000000000e+00    6.1659545852e-02    3.2417959869e+01   -1.9588767142e-02    4.6573108267e-04   -1.0261351074e-03    2.0558128816e-03    0.0000000000e+00
  69.5100000    9.8629569970e-01    9.8170490009e-01    3.1126849157e-04    3.1750000000e+01    3.2250000000e+01    3.1750000000e+01    0.0000000000e+00    6.1663851963e-02    3.2417959869e+01   -1.8158004879e-02    5.1191279983e-04   -5.4034437294e-04    6.5152327110e-03    0.0000000000e+00
  70.0100000    9.8606443805e-01    9.8176765601e-01    2.8170128358e-04    3.1750000000e+01    3.1750000000e+01    3.1750000000e+01    0.0000000000e+00    6.1663761563e-02    3.2417959869e+01   -1.4528016689e-02    6.0487123919e-04   -5.2900632923e-04    1.0043616838e-02    0.0000000000e+00
  70.5100000    9.8619105052e-01    9.8165920039e-01    4.6408802824e-04    3.1750000000e+01    3.1750000000e+01    3.1750000000e+01    0.0000000000e+00    6.1656711492e-02    3.2417959869e+01   -9.2558591756e-03    6.3388080860e-04   -6.0771429227e-04    1.2308486302e-02    0.0000000000e+00
  71.0100000    9.8680785365e-01    9.8151892280e-01    9.2251231519e-04    3.1750000000e+01    3.1750000000e+01    3.1750000000e+01    0.0000000000e+00    6.1641245298e-02    3.2417959869e+01   -4.2777534063e-03    1.2577482781e-03   -6.9341563021e-04    1.2608247077e-02    0.0000000000e+00
  71.5100000    9.8777218519e-01    9.8148047048e-01    1.1373556746e-03    3.1750000000e+01    3.1750000000e+01    3.1750000000e+01    0.0000000000e+00    6.1620050867e-02    3.2417959869e+01   -8.2641843746e-04    5.2983460861e-03   -7.4032584756e-04    1.1377797971e-02    0.0000000000e+00
  72.0100000    9.8880372481e-01    9.8158769366e-01    1.0503123403e-03    3.1750000000e+01    3.1750000000e+01    3.1750000000e+01    0.0000000000e+00    6.1600235084e-02    3.2417959869e+01   -4.3122267224e-04    9.6101204011e-03   -7.3456724667e-04    1.0268179060e-02    0.0000000000e+00
  72.5100000    9.8962469369e-01    9.8180453463e-01    7.3978019460e-04    3.1750000000e+01    3.1750000000e+01    3.1750000000e+01    0.0000000000e+00    6.1589057657e-02    3.2417959869e+01   -5.1809947922e-04    1.3365219854e-02   -1.1060232139e-03    8.7131474490e-03    0.0000000000e+00
  73.0100000    9.9004215864e-01    9.8206554971e-01    4.1619405760e-04    3.1750000000e+01    3.1750000000e+01    3.1750000000e+01    0.0000000000e+00    6.1588782093e-02    3.2417959869e+01   -5.8777368933e-04    1.6425566795e-02   -2.8494834895e-03    6.4625528924e-03    0.0000000000e+00
  73.5100000    9.8997393479e-01    9.8230995814e-01    3.1749605682e-04    3.2250000000e+01    3.1750000000e+01    3.2250000000e+01    0.0000000000e+00    6.1595643435e-02    3.2417959869e+01   -6.1323854707e-04    1.8735043191e-02   -4.3462090536e-03    4.0044182868e-03    0.0000000000e+00
  74.0100000    9.8945224876e-01    9.8248859647e-01    6.4872731556e-04    3.2250000000e+01    3.1750000000e+01    3.2250000000e+01    0.0000000000e+00    6.1603606006e-02    3.2417959869e+01   -5.9374200383e-04    1.9849831242e-02   -5.5567179257e-03    9.3493550449e-04    0.0000000000e+00
  74.5100000    9.8861569408e-01    9.8256248563e-01    8.6593478779e-04    3.2250000000e+01    3.2250000000e+01    3.2250000000e+01    0.0000000000e+00    6.1608841926e-02    3.2417959869e+01   -7.6062265794e-04    1.8866391955e-02   -7.0830701376e-03    7.5264910012e-04    0.0000000000e+00
  75.0100000    9.8768005265e-01    9.8250309584e-01    8.3620944859e-04    3.2250000000e+01    3.2250000000e+01    3.2250000000e+01    0.0000000000e+00    6.1610481063e-02    3.2417959869e+01   -8.6940549153e-04    1.5440761770e-02   -1.0005564235e-02    7.6304683713e-04    0.0000000000e+00
  75.5100000    9.8690786140e-01    9.8229567501e-01    6.6920009108e-04    3.2250000000e+01    3.2250000000e+01    3.2250000000e+01    0.0000000000e+00    6.1609220303e-02    3.2417959869e+01   -6.6723271492e-04    1.0248080553e-02   -1.3051048823e-02    7.3193066429e-04    0.0000000000e+00
  76.0100000    9.8653387536e-01    9.8197160598e-01    6.4669046196e-04    3.2250000000e+01    3.2250000000e+01    3.2250000000e+01    0.0000000000e+00    6.1606934587e-02    3.2417959869e+01   -5.6878409308e-04    4.3448744264e-03   -1.4615705734e-02    8.9218315339e-04    0.0000000000e+00
  76.5100000    9.8659537291e-01    9.8164848644e-01    5.5345864217e-04    3.2250000000e+01    3.2250000000e+01    3.2250000000e+01    0.0000000000e+00    6.1606809689e-02    3.2417959869e+01   -4.4561991755e-03    5.9045234097e-04   -1.4255964331e-02    7.4830909806e-04    0.0000000000e+00
  77.0100000    9.8684224888e-01    9.8147836422e-01    4.3066078548e-04    3.2250000000e+01    3.2250000000e+01    3.2250000000e+01    0.0000000000e+00    6.1611707506e-02    3.2417959869e+01   -1.0527681278e-02    5.9469535312e-04   -1.2568095697e-02    5.4111768133e-04    0.0000000000e+00
  77.5100000    9.8690472810e-01    9.8151949502e-01    3.1817809827e-04    3.2250000000e+01    3.2250000000e+01    3.2250000000e+01    0.0000000000e+00    6.1621787596e-02    3.2417959869e+01   -1.5517039773e-02    5.7034330919e-04   -9.1391393479e-03    4.2849232111e-04    0.0000000000e+00
  78.0100000    9.8657255837e-01    9.8168045200e-01    4.4488524252e-04    3.2250000000e+01    3.2250000000e+01    3.1750000000e+01    0.0000000000e+00    6.1634093153e-02    3.2417959869e+01   -1.8857848024e-02    5.2296736263e-04   -4.8206828335e-03    4.0765349462e-04    0.0000000000e+00
  78.5100000    9.8596388157e-01    9.8178718980e-01    5.4997300547e-04    3.2250000000e+01    3.2250000000e+01    3.1750000000e+01    0.0000000000e+00    6.1644347397e-02    3.2417959869e+01   -2.0108196414e-02    4.5760815630e-04   -9.2422444546e-04    5.3036613778e-04    0.0000000000e+00
  79.0100000    9.8548226370e-01    9.8171160802e-01    1.9301371940e-04    3.2250000000e+01    3.2250000000e+01    3.1750000000e+01    0.0000000000e+00    6.1649079599e-02    3.2417959869e+01   -1.8740383936e-02    3.8835560497e-04   -7.2002569356e-04    5.5816649416e-03    0.0000000000e+00
  79.5100000    9.8553584014e-01    9.8147899825e-01    4.8186421190e-04    3.2250000000e+01    3.2250000000e+01    3.2250000000e+01    0.0000000000e+00    6.1646911362e-02    3.2417959869e+01   -1.4795349896e-02    3.3077814814e-04   -6.6904929894e-04    1.0089441084e-02    0.0000000000e+00
  80.0100000    9.8622776667e-01    9.8125369065e-01    1.0513827171e-03    3.2250000000e+01    3.2250000000e+01    3.2250000000e+01    0.0000000000e+00    6.1638421117e-02    3.2417959869e+01   -1.0098245152e-02    3.0987714489e-04   -5.8367098773e-04    1.1981329024e-02    0.0000000000e+00
  80.5100000    9.8733103280e-01    9.8119442723e-01    1.2822556642e-03    3.2250000000e+01    3.2250000000e+01    3.2250000000e+01    0.0000000000e+00    6.1625692889e-02    3.2417959869e+01   -5.5097537767e-03    3.4870623169e-04   -5.0606075825e-04    1.1897291834e-02    0.0000000000e+00
  81.0100000    9.8848140335e-01    9.8134282738e-01    1.1423184497e-03    3.2250000000e+01    3.2250000000e+01    3.2250000000e+01    0.0000000000e+00    6.1612195863e-02    3.2417959869e+01   -1.8418740384e-03    2.4179250435e-03   -4.2861691761e-04    1.1367375394e-02    0.0000000000e+00
  81.5100000    9.8935473758e-01    9.8163806304e-01    7.3630008740e-04    3.2250000000e+01    3.2250000000e+01    3.2250000000e+01    0.0000000000e+00    6.1602099970e-02    3.2417959869e+01   -5.0216104063e-04    7.6826268571e-03   -3.7337552469e-04    1.0760770244e-02    0.0000000000e+00
  82.0100000    9.8976340521e-01    9.8198264897e-01    4.5196612366e-04    3.2250000000e+01    3.2250000000e+01    3.2250000000e+01    0.0000000000e+00    6.1598319173e-02    3.2417959869e+01   -4.4694994964e-04    1.2283094892e-02   -4.0967420808e-04    9.5056551624e-03    0.0000000000e+00
  82.5100000    9.8968154648e-01    9.8228590955e-01    3.7235837865e-04    3.2250000000e+01    3.2250000000e+01    3.2250000000e+01    0.0000000000e+00    6.1600880517e-02    3.2417959869e+01   -3.8429274439e-04    1.6068514183e-02   -4.5070792394e-04    7.5926952561e-03    0.0000000000e+00
  83.0100000    9.8922681453e-01    9.8247992844e-01    5.0879562181e-04    3.2250000000e+01    3.2250000000e+01    3.2250000000e+01    0.0000000000e+00    6.1606797067e-02    3.2417959869e+01   -3.1655790261e-04    1.8868771331e-02   -1.1042891127e-03    5.2671332488e-03    0.0000000000e+00
  83.5100000    9.8861418086e-01    9.8252957220e-01    5.4353633353e-04    3.2250000000e+01    3.2250000000e+01    3.2250000000e+01    0.0000000000e+00    6.1611393038e-02    3.2417959869e+01   -2.9043813952e-04    1.9999689717e-02   -2.6856052607e-03    2.8179433848e-03    0.0000000000e+00
  84.0100000    9.8807669900e-01    9.8244383116e-01    4.1663963602e-04    3.2250000000e+01    3.2250000000e+01    3.2250000000e+01    0.0000000000e+00    6.1611265511e-02    3.2417959869e+01   -3.2136079315e-04    1.8812237043e-02   -5.1105261099e-03    7.7834975870e-04    0.0000000000e+00
  84.5100000    9.8777223849e-01    9.8227666816e-01    4.7570792563e-04    3.2250000000e+01    3.2250000000e+01    3.2250000000e+01    0.0000000000e+00    6.1607327642e-02    3.2417959869e+01   -3.5116921062e-04    1.5888661433e-02   -8.9908473787e-03    4.4037698550e-04    0.0000000000e+00
  85.0100000    9.8771631644e-01    9.8210908465e-01    5.6735327064e-04    3.2250000000e+01    3.2250000000e+01    3.2250000000e+01    0.0000000000e+00    6.1604265359e-02    3.2417959869e+01   -3.5798347164e-04    1.1529267234e-02   -1.1743902266e-02    3.9230813581e-04    0.0000000000e+00
  85.5100000    9.8776886329e-01    9.8201775582e-01    5.8909076252e-04    3.2250000000e+01    3.2250000000e+01    3.2250000000e+01    0.0000000000e+00    6.1606235837e-02    3.2417959869e+01   -3.4636565386e-04    5.9130918274e-03   -1.3587880042e-02    3.7941507187e-04    0.0000000000e+00
  86.0100000    9.8769368499e-01    9.8203953806e-01    5.2569197475e-04    3.2250000000e+01    3.2250000000e+01    3.2250000000e+01    0.0000000000e+00    6.1613698953e-02    3.2417959869e+01   -3.0125684320e-03    6.2204571272e-04   -1.4453093149e-02    4.0125175350e-04    0.0000000000e+00
  86.5100000    9.8728563423e-01    9.8214480658e-01    5.3360730272e-04    3.2250000000e+01    3.2250000000e+01    3.2250000000e+01    0.0000000000e+00    6.1624315659e-02    3.2417959869e+01   -9.1181724618e-03    3.4468335386e-04   -1.3413882822e-02    4.0668739503e-04    0.0000000000e+00
  87.0100000    9.8651946960e-01    9.8223653962e-01    8.1728190194e-04    3.2250000000e+01    3.2250000000e+01    3.2250000000e+01    0.0000000000e+00    6.1635218501e-02    3.2417959869e+01   -1.4752466501e-02    2.8328820890e-04   -1.0342834924e-02    3.9925765777e-04    0.0000000000e+00
  87.5100000    9.8563734866e-01    9.8219325386e-01    7.2816744200e-04    3.2250000000e+01    3.2250000000e+01    3.2250000000e+01    0.0000000000e+00    6.1643728332e-02    3.2417959869e+01   -1.8859222292e-02    3.0394534192e-04   -5.9739286421e-03    4.2795016162e-04    0.0000000000e+00
  88.0100000    9.8506279563e-01    9.8195864325e-01    2.1433482156e-04    3.2250000000e+01    3.2250000000e+01    3.2250000000e+01    0.0000000000e+00    6.1647397211e-02    3.2417959869e+01   -2.0358091146e-02    3.2022035043e-04   -1.5746467525e-03    4.5612050406e-04    0.0000000000e+00
  88.5100000    9.8513089419e-01    9.8161436257e-01    5.2171551991e-04    3.2250000000e+01    3.2250000000e+01    3.2250000000e+01    0.0000000000e+00    6.1644864708e-02    3.2417959869e+01   -1.8877296433e-02    3.2079872466e-04   -3.5979498250e-04    5.7308825584e-03    0.0000000000e+00
  89.0100000    9.8586000982e-01    9.8133601355e-01    1.0827079612e-03    3.2250000000e+01    3.2250000000e+01    3.2250000000e+01    0.0000000000e+00    6.1636765605e-02    3.2417959869e+01   -1.5173113372e-02    3.3878102670e-04   -3.6891168166e-04    9.3111220529e-03    0.0000000000e+00
  89.5100000    9.8696684703e-01    9.8126015291e-01    1.2586123313e-03    3.2250000000e+01    3.2250000000e+01    3.2250000000e+01    0.0000000000e+00    6.1625620050e-02    3.2417959869e+01   -1.0370113525e-02    3.4260625160e-04   -3.6579287350e-04    1.1278212449e-02    0.0000000000e+00
  90.0100000    9.8805116328e-01    9.8140502113e-01    1.0406792135e-03    3.2250000000e+01    3.2250000000e+01    3.2250000000e+01    0.0000000000e+00    6.1614930202e-02    3.2417959869e+01   -4.9920055709e-03    3.4693585296e-04   -3.8415771799e-04    1.2533750712e-02    0.0000000000e+00
  90.5100000    9.8878726798e-01    9.8169379826e-01    5.9601396161e-04    3.2250000000e+01    3.2250000000e+01    3.2250000000e+01    0.0000000000e+00    6.1607892291e-02    3.2417959869e+01   -6.5282698632e-04    2.8316287400e-03   -4.3456976751e-04    1.2461419926e-02    0.0000000000e+00
  91.0100000    9.8903601914e-01    9.8201502623e-01    4.4947011467e-04    3.2250000000e+01    3.2250000000e+01    3.2250000000e+01    0.0000000000e+00    6.1605905385e-02    3.2417959869e+01   -2.7796808936e-04    8.2275540211e-03   -4.2242914406e-04    1.1445926465e-02    0.0000000000e+00
  91.5100000    9.8886960408e-01    9.8226614003e-01    4.1847297233e-04    3.2250000000e+01    3.2250000000e+01    3.2250000000e+01    0.0000000000e+00    6.1607635423e-02    3.2417959869e+01   -3.0297297494e-04    1.3022467449e-02   -4.3716345126e-04    1.0322109212e-02    0.0000000000e+00
  92.0100000    9.8852349169e-01    9.8238214120e-01    3.8146746911e-04    3.2250000000e+01    3.2250000000e+01    3.2250000000e+01    0.0000000000e+00    6.1609661022e-02    3.2417959869e+01   -3.4205574574e-04    1.6705138259e-02   -6.9625526430e-04    7.6580090150e-03    0.0000000000e+00
  92.5100000    9.8827609860e-01    9.8236102292e-01    3.4753078736e-04    3.2250000000e+01    3.2250000000e+01    3.2250000000e+01    0.0000000000e+00    6.1608755977e-02    3.2417959869e+01   -3.4032920694e-04    1.9163893775e-02   -2.6310306482e-03    3.7586750347e-03    0.0000000000e+00
  93.0100000    9.8830199123e-01    9.8226597543e-01    3.1196498807e-04    3.2250000000e+01    3.2250000000e+01    3.2250000000e+01    0.0000000000e+00    6.1604325868e-02    3.2417959869e+01   -3.1723205016e-04    1.9821594381e-02   -4.7635483820e-03    9.7240414573e-04    0.0000000000e+00
  93.5100000    9.8859015146e-01    9.8218748364e-01    4.5082216006e-04    3.2250000000e+01    3.2250000000e+01    3.2250000000e+01    0.0000000000e+00    6.1598860787e-02    3.2417959869e+01   -2.9988120339e-04    1.8438631300e-02   -6.7973707836e-03    4.1579318727e-04    0.0000000000e+00
  94.0100000    9.8896202447e-01    9.8219393257e-01    4.0621915458e-04    3.2250000000e+01    3.2250000000e+01    3.2250000000e+01    0.0000000000e+00    6.1595824814e-02    3.2417959869e+01   -3.8928664632e-04    1.5472138682e-02   -8.8210796103e-03    4.1581494904e-04    0.0000000000e+00
  94.5100000    9.8915849939e-01    9.8230561177e-01    1.7237203487e-04    3.2250000000e+01    3.2250000000e+01    3.2250000000e+01    0.0000000000e+00    6.1597117951e-02    3.2417959869e+01   -6.9597007012e-04    1.1157522847e-02   -1.0752510630e-02    4.0849304735e-04    0.0000000000e+00
  95.0100000    9.8895212499e-01    9.8249217811e-01    3.8730319854e-04    3.2250000000e+01    3.2250000000e+01    3.2250000000e+01    0.0000000000e+00    6.1602530624e-02    3.2417959869e+01   -1.1843032716e-03    5.7297008562e-03   -1.2327561155e-02    3.6409632165e-04    0.0000000000e+00
  95.5100000    9.8825008393e-01    9.8267862039e-01    8.6789283425e-04    3.2250000000e+01    3.2250000000e+01    3.2250000000e+01    0.0000000000e+00    6.1610795038e-02    3.2417959869e+01   -3.6225637501e-03    3.5840971943e-04   -1.3706513601e-02    4.6885462044e-04    0.0000000000e+00
  96.0100000    9.8716771094e-01    9.8276013696e-01    1.1140486906e-03    3.2250000000e+01    3.2250000000e+01    3.2250000000e+01    0.0000000000e+00    6.1620178535e-02    3.2417959869e+01   -8.4695792102e-03    3.4915689391e-04   -1.3914367576e-02    5.1665921781e-04    0.0000000000e+00
  96.5100000    9.8603317169e-01    9.8264527208e-01    9.4886687489e-04    3.2250000000e+01    3.2250000000e+01    3.2250000000e+01    0.0000000000e+00    6.1628300455e-02    3.2417959869e+01   -1.3998284698e-02    2.7783159511e-04   -1.1522034216e-02    4.3136955653e-04    0.0000000000e+00
  97.0100000    9.8525957115e-01    9.8232832259e-01    4.3177319238e-04    3.2250000000e+01    3.2250000000e+01    3.2250000000e+01    0.0000000000e+00    6.1632614079e-02    3.2417959869e+01   -1.8497517061e-02    2.7254495555e-04   -6.5151948138e-03    4.3022430214e-04    0.0000000000e+00
  97.5100000    9.8511440704e-01    9.8192795420e-01    3.1996949925e-04    3.2250000000e+01    3.2250000000e+01    3.2250000000e+01    0.0000000000e+00    6.1631979732e-02    3.2417959869e+01   -2.0222342696e-02    2.9486065925e-04   -2.0570336435e-03    4.6000598890e-04    0.0000000000e+00
  98.0100000    9.8556404263e-01    9.8162293818e-01    7.6279757723e-04    3.2250000000e+01    3.2250000000e+01    3.2250000000e+01    0.0000000000e+00    6.1627795716e-02    3.2417959869e+01   -1.9142550641e-02    3.0321580091e-04   -3.3056257855e-04    4.6149420087e-03    0.0000000000e+00
  98.5100000    9.8632068681e-01    9.8153170059e-01    8.8310644122e-04    3.2250000000e+01    3.2250000000e+01    3.2250000000e+01    0.0000000000e+00    6.1623113630e-02    3.2417959869e+01   -1.6073872284e-02    3.2965505612e-04   -3.4506488264e-04    7.9456527724e-03    0.0000000000e+00
  99.0100000    9.8702767762e-01    9.8165097591e-01    6.7457658132e-04    3.2250000000e+01    3.2250000000e+01    3.2250000000e+01    0.0000000000e+00    6.1620283213e-02    3.2417959869e+01   -1.1521325420e-02    3.6453298807e-04   -3.0408589970e-04    1.0748879757e-02    0.0000000000e+00
  99.5100000    9.8744056766e-01    9.8188491942e-01    3.9231148604e-04    3.2250000000e+01    3.2250000000e+01    3.2250000000e+01    0.0000000000e+00    6.1619436057e-02    3.2417959869e+01   -6.1741795774e-03    3.8259014919e-04   -3.3298691175e-04    1.2403251157e-02    0.0000000000e+00
 100.0100000    9.8751921987e-01    9.8210893645e-01    3.7779020099e-04    3.2250000000e+01    3.2250000000e+01    3.2250000000e+01    0.0000000000e+00    6.1619092063e-02    3.2417959869e+01   -1.1696830611e-03    1.0825358734e-03   -3.8815529592e-04    1.2785168586e-02    0.0000000000e+00
 100.5100000    9.8741759132e-01    9.8222404872e-01    4.1552147054e-04    3.2250000000e+01    3.2250000000e+01    3.2250000000e+01    0.0000000000e+00    6.1617700056e-02    3.2417959869e+01   -3.7073895679e-04    6.8117095816e-03   -4.6336394736e-04    1.2597143891e-02    0.0000000000e+00
 101.0100000    9.8738339766e-01    9.8219655855e-01    4.1825005123e-04    3.2250000000e+01    3.2250000000e+01    3.2250000000e+01    0.0000000000e+00    6.1614417977e-02    3.2417959869e+01   -2.4039091546e-04    1.2088436403e-02   -4.7431947004e-04    1.0664364882e-02    0.0000000000e+00
 101.5100000    9.8761226863e-01    9.8207257459e-01    4.7417339698e-04    3.2250000000e+01    3.2250000000e+01    3.2250000000e+01    0.0000000000e+00    6.1609063919e-02    3.2417959869e+01   -3.1870352117e-04    1.6434845215e-02   -3.6990841464e-04    7.6613886041e-03    0.0000000000e+00
 102.0100000    9.8814435507e-01    9.8194713957e-01    7.3980661621e-04    3.2250000000e+01    3.2250000000e+01    3.2250000000e+01    0.0000000000e+00    6.1602205358e-02    3.2417959869e+01   -3.6491869404e-04    1.8985376089e-02   -4.5468941834e-04    5.3536125640e-03    0.0000000000e+00
 102.5100000    9.8885361827e-01    9.8190600627e-01    8.0951141083e-04    3.2250000000e+01    3.2250000000e+01    3.2250000000e+01    0.0000000000e+00    6.1595574953e-02    3.2417959869e+01   -3.2198973396e-04    1.9615623008e-02   -2.4090103660e-03    2.9824001788e-03    0.0000000000e+00
 103.0100000    9.8950780852e-01    9.8198674851e-01    6.2035501826e-04    3.2250000000e+01    3.2250000000e+01    3.2250000000e+01    0.0000000000e+00    6.1591831198e-02    3.2417959869e+01   -2.4386362836e-04    1.8595765300e-02   -4.7314218012e-03    1.0378662117e-03    0.0000000000e+00
 103.5100000    9.8985672188e-01    9.8217610088e-01    2.2219591353e-04    3.2250000000e+01    3.2250000000e+01    3.2250000000e+01    0.0000000000e+00    6.1593075730e-02    3.2417959869e+01   -2.2829482144e-04    1.6126078805e-02   -7.4986670628e-03    4.1338386438e-04    0.0000000000e+00
 104.0100000    9.8971733535e-01    9.8242305833e-01    3.4395069949e-04    3.2250000000e+01    3.2250000000e+01    3.2250000000e+01    0.0000000000e+00    6.1599249607e-02    3.2417959869e+01   -2.4374388635e-04    1.2174847214e-02   -1.0106851722e-02    3.2958349791e-04    0.0000000000e+00
 104.5100000    9.8904844080e-01    9.8264687281e-01    8.3450585635e-04    3.2250000000e+01    3.2250000000e+01    3.2250000000e+01    0.0000000000e+00    6.1608053967e-02    3.2417959869e+01   -3.4852188000e-04    6.8522836693e-03   -1.2499125442e-02    2.6337725498e-04    0.0000000000e+00
 105.0100000    9.8800730855e-01    9.8274812409e-01    1.0595667478e-03    3.2250000000e+01    3.2250000000e+01    3.2250000000e+01    0.0000000000e+00    6.1616420219e-02    3.2417959869e+01   -2.0533734594e-03    1.5858795041e-03   -1.4531814637e-02    2.8113313431e-04    0.0000000000e+00
 105.5100000    9.8693365575e-01    9.8265047083e-01    8.8631750376e-04    3.2250000000e+01    3.2250000000e+01    3.2250000000e+01    0.0000000000e+00    6.1622050318e-02    3.2417959869e+01   -7.4850152534e-03    2.2768567350e-04   -1.4324271067e-02    2.8598358995e-04    0.0000000000e+00
 106.0100000    9.8620225471e-01    9.8236696486e-01    5.2819340757e-04    3.2250000000e+01    3.2250000000e+01    3.2250000000e+01    0.0000000000e+00    6.1624038094e-02    3.2417959869e+01   -1.3686435295e-02    2.1708430443e-04   -1.1283291021e-02    3.0893548863e-04    0.0000000000e+00
 106.5100000    9.8601271656e-01    9.8202145273e-01    4.2349087644e-04    3.2250000000e+01    3.2250000000e+01    3.2250000000e+01    0.0000000000e+00    6.1622891352e-02    3.2417959869e+01   -1.8070416085e-02    2.3379338777e-04   -7.5720295457e-03    3.0824328807e-04    0.0000000000e+00
 107.0100000    9.8628818382e-01    9.8177577274e-01    5.1712977823e-04    3.2250000000e+01    3.2250000000e+01    3.2250000000e+01    0.0000000000e+00    6.1620380777e-02    3.2417959869e+01   -1.9893013636e-02    2.4622147500e-04   -3.5792418147e-03    3.2833976284e-04    0.0000000000e+00
 107.5100000    9.8675243930e-01    9.8172430695e-01    5.4145418469e-04    3.2250000000e+01    3.2250000000e+01    3.2250000000e+01    0.0000000000e+00    6.1618831569e-02    3.2417959869e+01   -1.9377296309e-02    2.4649253125e-04   -3.6845210286e-04    3.1720441131e-03    0.0000000000e+00
 108.0100000    9.8710210920e-01    9.8185045845e-01    3.0320006171e-04    3.2250000000e+01    3.2250000000e+01    3.2250000000e+01    0.0000000000e+00    6.1619671326e-02    3.2417959869e+01   -1.6934074153e-02    2.4214708532e-04   -2.8491359555e-04    6.9820808363e-03    0.0000000000e+00
 108.5100000    9.8716251311e-01    9.8205705433e-01    1.9991728157e-04    3.2250000000e+01    3.2250000000e+01    3.2250000000e+01    0.0000000000e+00    6.1622327413e-02    3.2417959869e+01   -1.2832601696e-02    2.6570351980e-04   -3.0728686473e-04    1.0580952485e-02    0.0000000000e+00
 109.0100000    9.8696684361e-01    9.8222329095e-01    1.8244063273e-04    3.2250000000e+01    3.2250000000e+01    3.2250000000e+01    0.0000000000e+00    6.1624672967e-02    3.2417959869e+01   -7.3171764570e-03    2.8825892098e-04   -3.0769851719e-04    1.2843956290e-02    0.0000000000e+00
 109.5100000    9.8673398712e-01    9.8225949296e-01    2.8346632597e-04    3.2250000000e+01    3.2250000000e+01    3.2250000000e+01    0.0000000000e+00    6.1624531210e-02    3.2417959869e+01   -1.0227582696e-03    4.5286515898e-04   -3.0248961142e-04    1.3810068158e-02    0.0000000000e+00
 110.0100000    9.8673761177e-01    9.8215295211e-01    4.2957246410e-04    3.2250000000e+01    3.2250000000e+01    3.2250000000e+01    0.0000000000e+00    6.1620769525e-02    3.2417959869e+01   -2.3836663157e-04    6.4877058020e-03   -3.3596683951e-04    1.3082439062e-02    0.0000000000e+00
 110.5100000    9.8713204562e-01    9.8197820292e-01    6.8196727458e-04    3.2250000000e+01    3.2250000000e+01    3.2250000000e+01    0.0000000000e+00    6.1613619415e-02    3.2417959869e+01   -2.3872040587e-04    1.1922119918e-02   -3.6357676066e-04    1.0412226042e-02    0.0000000000e+00
 111.0100000    9.8786311874e-01    9.8185020599e-01    9.2825374640e-04    3.2250000000e+01    3.2250000000e+01    3.2250000000e+01    0.0000000000e+00    6.1604825633e-02    3.2417959869e+01   -2.4022040440e-04    1.6095614739e-02   -3.5562545521e-04    7.2229766341e-03    0.0000000000e+00
 111.5100000    9.8871429643e-01    9.8185169887e-01    9.1117880275e-04    3.1750000000e+01    3.2250000000e+01    3.2250000000e+01    0.0000000000e+00    6.1597401208e-02    3.2417959869e+01   -2.9623790076e-04    1.8603120648e-02   -1.0730263191e-03    4.2876514033e-03    0.0000000000e+00
 112.0100000    9.8942487068e-01    9.8199445772e-01    6.4869151912e-04    3.1750000000e+01    3.1750000000e+01    3.2250000000e+01    0.0000000000e+00    6.1594263452e-02    3.2417959869e+01   -2.9828123474e-04    1.9485929035e-02   -3.5589798447e-03    1.4413341329e-03    0.0000000000e+00
 112.5100000    9.8979460340e-01    9.8223060038e-01    3.0007087158e-04    3.1750000000e+01    3.1750000000e+01    3.1750000000e+01    0.0000000000e+00    6.1596258647e-02    3.2417959869e+01   -2.9443832760e-04    1.8867907655e-02   -5.9093868989e-03    3.3567204491e-04    0.0000000000e+00
 113.0100000    9.8973102033e-01    9.8248724436e-01    2.8490204872e-04    3.2250000000e+01    3.2250000000e+01    3.1750000000e+01    0.0000000000e+00    6.1601686648e-02    3.2417959869e+01   -2.8178847960e-04    1.6683450994e-02   -8.0924857371e-03    3.6804756062e-04    0.0000000000e+00
 113.5100000    9.8926380487e-01    9.8269209941e-01    5.5725757898e-04    3.2250000000e+01    3.2250000000e+01    3.2250000000e+01    0.0000000000e+00    6.1607597774e-02    3.2417959869e+01   -4.2662555240e-04    1.2775394418e-02   -1.0518978475e-02    3.6512122801e-04    0.0000000000e+00
 114.0100000    9.8854972868e-01    9.8278453969e-01    6.8789547307e-04    3.2250000000e+01    3.2250000000e+01    3.2250000000e+01    0.0000000000e+00    6.1611638265e-02    3.2417959869e+01   -1.0363491407e-03    7.1891057854e-03   -1.2752195545e-02    3.6702845187e-04    0.0000000000e+00
 114.5100000    9.8784012243e-01    9.8273181030e-01    5.4567707422e-04    3.2250000000e+01    3.2250000000e+01    3.2250000000e+01    0.0000000000e+00    6.1612826906e-02    3.2417959869e+01   -2.6868202498e-03    1.2066050943e-03   -1.4208411417e-02    3.6509253808e-04    0.0000000000e+00
 115.0100000    9.8737745632e-01    9.8255609382e-01    3.8055373067e-04    3.2250000000e+01    3.2250000000e+01    3.2250000000e+01    0.0000000000e+00    6.1611506519e-02    3.2417959869e+01   -7.2118721755e-03    2.9974496864e-04   -1.3430713173e-02    4.7395773830e-04    0.0000000000e+00
 115.5100000    9.8726265594e-01    9.8234223120e-01    3.6195199508e-04    3.2250000000e+01    3.2250000000e+01    3.2250000000e+01    0.0000000000e+00    6.1609218005e-02    3.2417959869e+01   -1.2505879209e-02    2.9869304160e-04   -1.0864127494e-02    6.1707065553e-04    0.0000000000e+00
 116.0100000    9.8739232000e-01    9.8219884379e-01    3.3155879130e-04    3.2250000000e+01    3.2250000000e+01    3.2250000000e+01    0.0000000000e+00    6.1608225236e-02    3.2417959869e+01   -1.6874372125e-02    2.8779672824e-04   -7.6928723245e-03    5.0568941462e-04    0.0000000000e+00
 116.5100000    9.8752220054e-01    9.8219320613e-01    2.6888257878e-04    3.2250000000e+01    3.2250000000e+01    3.2250000000e+01    0.0000000000e+00    6.1610310289e-02    3.2417959869e+01   -1.9328804191e-02    2.8991314850e-04   -3.8966773987e-03    6.4638886143e-04    0.0000000000e+00
 117.0100000    9.8741629141e-01    9.8230895592e-01    2.0994381382e-04    3.2250000000e+01    3.2250000000e+01    3.2250000000e+01    0.0000000000e+00    6.1615537467e-02    3.2417959869e+01   -1.9797266565e-02    2.9883906736e-04   -3.9389894533e-04    2.0977243001e-03    0.0000000000e+00
 117.5100000    9.8698825022e-01    9.8245378195e-01    4.8957434089e-04    3.2250000000e+01    3.2250000000e+01    3.2250000000e+01    0.0000000000e+00    6.1622083846e-02    3.2417959869e+01   -1.8191048575e-02    2.5453606358e-04   -3.4052704077e-04    5.7198020612e-03    0.0000000000e+00
 118.0100000    9.8636537213e-01    9.8250915917e-01    5.5395314306e-04    3.2250000000e+01    3.2250000000e+01    3.2250000000e+01    0.0000000000e+00    6.1627209259e-02    3.2417959869e+01   -1.4389351781e-02    2.1968722600e-04   -3.8744164664e-04    9.9059250679e-03    0.0000000000e+00
 118.5100000    9.8583947370e-01    9.8240025834e-01    2.8609334619e-04    3.2250000000e+01    3.2250000000e+01    3.2250000000e+01    0.0000000000e+00    6.1628539586e-02    3.2417959869e+01   -8.5814328945e-03    2.8829186272e-04   -3.6566007720e-04    1.3369653472e-02    0.0000000000e+00
 119.0100000    9.8570567134e-01    9.8215133260e-01    2.1496656384e-04    3.2250000000e+01    3.2250000000e+01    3.2250000000e+01    0.0000000000e+00    6.1625047740e-02    3.2417959869e+01   -2.3640061170e-03    3.0882409495e-04   -2.9017743109e-04    1.4557176807e-02    0.0000000000e+00
 119.5100000    9.8608558549e-01    9.8187737557e-01    7.1538018939e-04    3.2250000000e+01    3.2250000000e+01    3.2250000000e+01    0.0000000000e+00    6.1617566685e-02    3.2417959869e+01   -3.1070271681e-04    5.3453460336e-03   -3.2629744416e-04    1.3201832700e-02    0.0000000000e+00
 120.0100000    9.8687071418e-01    9.8170638709e-01    1.0049343111e-03    3.2250000000e+01    3.2250000000e+01    3.2250000000e+01    0.0000000000e+00    6.1608610278e-02    3.2417959869e+01   -2.6128962837e-04    1.1179939213e-02   -4.0779428045e-04    1.0521324624e-02    0.0000000000e+00
 120.5100000    9.8779874928e-01    9.8170334875e-01    9.9245864384e-04    3.2250000000e+01    3.2250000000e+01    3.2250000000e+01    0.0000000000e+00    6.1601292588e-02    3.2417959869e+01   -2.3888807014e-04    1.5477556345e-02   -3.8716689990e-04    8.1172294843e-03    0.0000000000e+00
 121.0100000    9.8857997370e-01    9.8185450291e-01    7.1472319810e-04    3.2250000000e+01    3.2250000000e+01    3.2250000000e+01    0.0000000000e+00    6.1597776303e-02    3.2417959869e+01   -3.2714558951e-04    1.8247981623e-02   -2.9554528569e-04    5.5240772489e-03    0.0000000000e+00
 121.5100000    9.8900880810e-01    9.8209519126e-01    3.8975972354e-04    3.2250000000e+01    3.2250000000e+01    3.2250000000e+01    0.0000000000e+00    6.1598272486e-02    3.2417959869e+01   -3.4403911790e-04    1.9549682115e-02   -1.1403732331e-03    3.0069368746e-03    0.0000000000e+00
 122.0100000    9.8903037172e-01    9.8234062604e-01    3.6046687263e-04    3.2250000000e+01    3.2250000000e+01    3.2250000000e+01    0.0000000000e+00    6.1601241278e-02    3.2417959869e+01   -2.6505900558e-04    1.9242104776e-02   -3.7657421198e-03    1.1957835126e-03    0.0000000000e+00
 122.5100000    9.8874988233e-01    9.8250929043e-01    3.3194471129e-04    3.2250000000e+01    3.2250000000e+01    3.2250000000e+01    0.0000000000e+00    6.1604441821e-02    3.2417959869e+01   -2.5048796296e-04    1.7063503924e-02   -6.9161008951e-03    4.5299373505e-04    0.0000000000e+00
 123.0100000    9.8837739510e-01    9.8255074750e-01    2.6670273899e-04    3.2250000000e+01    3.2250000000e+01    3.2250000000e+01    0.0000000000e+00    6.1606037485e-02    3.2417959869e+01   -2.5698392208e-04    1.3104325237e-02   -1.0154397670e-02    4.1834347393e-04    0.0000000000e+00
 123.5100000    9.8812055592e-01    9.8247362583e-01    2.6701662053e-04    3.2250000000e+01    3.2250000000e+01    3.2250000000e+01    0.0000000000e+00    6.1605364639e-02    3.2417959869e+01   -2.8988048038e-04    8.2234101384e-03   -1.2653085425e-02    2.6331831876e-04    0.0000000000e+00
 124.0100000    9.8807986812e-01    9.8234655340e-01    2.9890423945e-04    3.2250000000e+01    3.2250000000e+01    3.2250000000e+01    0.0000000000e+00    6.1603277544e-02    3.2417959869e+01   -7.1306118604e-04    3.2370444469e-03   -1.3344178307e-02    3.1915035362e-04    0.0000000000e+00
 124.5100000    9.8820829734e-01    9.8225935734e-01    2.8979156941e-04    3.2250000000e+01    3.2250000000e+01    3.2250000000e+01    0.0000000000e+00    6.1601786263e-02    3.2417959869e+01   -5.6722413015e-03    3.7305406034e-04   -1.2799199961e-02    3.1948199792e-04    0.0000000000e+00
 125.0100000    9.8834900030e-01    9.8227094289e-01    2.3076875272e-04    3.2250000000e+01    3.2250000000e+01    3.2250000000e+01    0.0000000000e+00    6.1602882982e-02    3.2417959869e+01   -1.1330234147e-02    2.3351786241e-04   -1.1388766557e-02    3.5289206331e-04    0.0000000000e+00
 125.5100000    9.8831645091e-01    9.8238113954e-01    1.9534575545e-04    3.2250000000e+01    3.2250000000e+01    3.2250000000e+01    0.0000000000e+00    6.1607280653e-02    3.2417959869e+01   -1.5835148614e-02    2.4930873144e-04   -8.8134577100e-03    3.6326629156e-04    0.0000000000e+00
 126.0100000    9.8798229050e-01    9.8253532135e-01    4.2358067090e-04    3.2250000000e+01    3.2250000000e+01    3.2250000000e+01    0.0000000000e+00    6.1614042322e-02    3.2417959869e+01   -1.8884609489e-02    2.6355518239e-04   -5.3523163779e-03    3.4445323507e-04    0.0000000000e+00
 126.5100000    9.8734943636e-01    9.8264633256e-01    6.6545049682e-04    3.2250000000e+01    3.2250000000e+01    3.2250000000e+01    0.0000000000e+00    6.1621177468e-02    3.2417959869e+01   -2.0060009029e-02    2.5632508816e-04   -1.8239811093e-03    9.6967104679e-04    0.0000000000e+00
 127.0100000    9.8659159638e-01    9.8262801694e-01    6.5011098686e-04    3.2250000000e+01    3.2250000000e+01    3.2250000000e+01    0.0000000000e+00    6.1626473018e-02    3.2417959869e+01   -1.8859288844e-02    2.8691252687e-04   -2.6511348580e-04    5.1424085437e-03    0.0000000000e+00
 127.5100000    9.8600274376e-01    9.8244557063e-01    3.2260170920e-04    3.2250000000e+01    3.2250000000e+01    3.2250000000e+01    0.0000000000e+00    6.1628127293e-02    3.2417959869e+01   -1.5080186606e-02    2.3506711436e-04   -2.8798342573e-04    1.0070253846e-02    0.0000000000e+00
 128.0100000    9.8584082678e-01    9.8215636937e-01    1.8646563180e-04    3.2250000000e+01    3.2250000000e+01    3.2250000000e+01    0.0000000000e+00    6.1625374570e-02    3.2417959869e+01   -9.5002210753e-03    2.3129936500e-04   -3.3920522221e-04    1.3244951047e-02    0.0000000000e+00
 128.5100000    9.8617415247e-01    9.8188719331e-01    6.4427110179e-04    3.2250000000e+01    3.2250000000e+01    3.2250000000e+01    0.0000000000e+00    6.1619080669e-02    3.2417959869e+01   -3.2351064623e-03    3.7565713882e-04   -3.2232269187e-04    1.3876275840e-02    0.0000000000e+00
 129.0100000    9.8685621665e-01    9.8175181946e-01    8.6912207991e-04    3.2250000000e+01    3.2250000000e+01    3.2250000000e+01    0.0000000000e+00    6.1611651462e-02    3.2417959869e+01   -2.2518048849e-04    4.1303680531e-03   -2.5584140109e-04    1.2930896643e-02    0.0000000000e+00
 129.5100000    9.8762266397e-01    9.8178621468e-01    8.1160328171e-04    3.2250000000e+01    3.2250000000e+01    3.2250000000e+01    0.0000000000e+00    6.1605850299e-02    3.2417959869e+01   -2.5975875906e-04    9.8300522299e-03   -3.7954983653e-04    1.1048657147e-02    0.0000000000e+00
 130.0100000    9.8822256039e-01    9.8194844610e-01    5.4545486410e-04    3.2250000000e+01    3.2250000000e+01    3.2250000000e+01    0.0000000000e+00    6.1603263447e-02    3.2417959869e+01   -2.2542296684e-04    1.4476770102e-02   -4.9303208243e-04    8.3679569895e-03    0.0000000000e+00
 130.5100000    9.8851614475e-01    9.8215771420e-01    3.3095549519e-04    3.2250000000e+01    3.2250000000e+01    3.2250000000e+01    0.0000000000e+00    6.1603609822e-02    3.2417959869e+01   -2.2140708660e-04    1.7861705086e-02   -4.3671494162e-04    5.4167879530e-03    0.0000000000e+00
 131.0100000    9.8851517083e-01    9.8233222552e-01    2.8722249461e-04    3.2250000000e+01    3.2250000000e+01    3.2250000000e+01    0.0000000000e+00    6.1605215727e-02    3.2417959869e+01   -3.6060337014e-04    1.9648459838e-02   -1.2636861760e-03    1.9591717934e-03    0.0000000000e+00
 131.5100000    9.8836286079e-01    9.8241564522e-01    3.5061370444e-04    3.2250000000e+01    3.2250000000e+01    3.2250000000e+01    0.0000000000e+00    6.1606057037e-02    3.2417959869e+01   -3.8735871030e-04    1.9559691559e-02   -4.1091638184e-03    3.7885047330e-04    0.0000000000e+00
 132.0100000    9.8825419231e-01    9.8239744680e-01    3.8477202090e-04    3.2250000000e+01    3.2250000000e+01    3.2250000000e+01    0.0000000000e+00    6.1604793002e-02    3.2417959869e+01   -2.8287024108e-04    1.7323936696e-02   -7.3085822312e-03    3.4822880510e-04    0.0000000000e+00
 132.5100000    9.8832852325e-01    9.8231839955e-01    3.6017705200e-04    3.2250000000e+01    3.2250000000e+01    3.2250000000e+01    0.0000000000e+00    6.1601504618e-02    3.2417959869e+01   -2.1201928084e-04    1.3261716739e-02   -9.9159795279e-03    4.6709664317e-04    0.0000000000e+00
 133.0100000    9.8859944720e-01    9.8224817273e-01    4.2726220305e-04    3.2250000000e+01    3.2250000000e+01    3.2250000000e+01    0.0000000000e+00    6.1597757411e-02    3.2417959869e+01   -3.5024231557e-04    8.2382477852e-03   -1.1636759585e-02    4.2142249904e-04    0.0000000000e+00
 133.5100000    9.8895756865e-01    9.8224678756e-01    4.2966022360e-04    3.2250000000e+01    3.2250000000e+01    3.2250000000e+01    0.0000000000e+00    6.1595723740e-02    3.2417959869e+01   -1.4522414709e-03    2.8106756699e-03   -1.2192552771e-02    2.4525008504e-04    0.0000000000e+00
 134.0100000    9.8922763744e-01    9.8233688941e-01    2.4677424869e-04    3.2250000000e+01    3.2250000000e+01    3.2250000000e+01    0.0000000000e+00    6.1596863134e-02    3.2417959869e+01   -5.3868991673e-03    3.6506661273e-04   -1.2062491029e-02    2.4479780373e-04    0.0000000000e+00
 134.5100000    9.8924097501e-01    9.8249900129e-01    1.2559689816e-04    3.2250000000e+01    3.2250000000e+01    3.2250000000e+01    0.0000000000e+00    6.1601178787e-02    3.2417959869e+01   -1.0357933886e-02    2.7392149476e-04   -1.0957009697e-02    3.2826781349e-04    0.0000000000e+00
 135.0100000    9.8889735967e-01    9.8268143854e-01    4.5579223308e-04    3.2250000000e+01    3.2250000000e+01    3.2250000000e+01    0.0000000000e+00    6.1607470601e-02    3.2417959869e+01   -1.4867514880e-02    2.0251527726e-04   -9.0083669694e-03    4.3386387978e-04    0.0000000000e+00
 135.5100000    9.8821379647e-01    9.8281311143e-01    7.4103866378e-04    3.2250000000e+01    3.2250000000e+01    3.2250000000e+01    0.0000000000e+00    6.1614018449e-02    3.2417959869e+01   -1.8331943601e-02    2.0544796258e-04   -5.9101160965e-03    8.3495933573e-04    0.0000000000e+00
 136.0100000    9.8735235136e-01    9.8282261697e-01    7.9179391644e-04    3.2250000000e+01    3.2250000000e+01    3.2250000000e+01    0.0000000000e+00    6.1619067472e-02    3.2417959869e+01   -2.0149153168e-02    2.5891100703e-04   -1.6198582725e-03    1.9311435612e-03    0.0000000000e+00
 136.5100000    9.8658463027e-01    9.8267582846e-01    5.4789309767e-04    3.2250000000e+01    3.2250000000e+01    3.2250000000e+01    0.0000000000e+00    6.1621224326e-02    3.2417959869e+01   -1.9433655812e-02    2.5379329490e-04   -2.4355479934e-04    4.5161215881e-03    0.0000000000e+00
 137.0100000    9.8616543968e-01    9.8241596474e-01    3.4683075157e-04    3.2250000000e+01    3.2250000000e+01    3.2250000000e+01    0.0000000000e+00    6.1620092951e-02    3.2417959869e+01   -1.6103201647e-02    2.1211950136e-04   -2.5847396422e-04    9.1430642511e-03    0.0000000000e+00
 137.5100000    9.8618717342e-01    9.8215584189e-01    3.1169888239e-04    3.2250000000e+01    3.2250000000e+01    3.2250000000e+01    0.0000000000e+00    6.1616774794e-02    3.2417959869e+01   -1.1077086031e-02    2.3405430524e-04   -3.0193577292e-04    1.2177591995e-02    0.0000000000e+00
 138.0100000    9.8653522016e-01    9.8200830903e-01    5.2996808742e-04    3.2250000000e+01    3.2250000000e+01    3.2250000000e+01    0.0000000000e+00    6.1613429514e-02    3.2417959869e+01   -5.0710461651e-03    2.5660188280e-04   -2.5978860548e-04    1.3232454557e-02    0.0000000000e+00
 138.5100000    9.8697211007e-01    9.8201576505e-01    4.9099881146e-04    3.2250000000e+01    3.2250000000e+01    3.2250000000e+01    0.0000000000e+00    6.1611898230e-02    3.2417959869e+01   -2.3686079670e-04    1.9977026872e-03   -2.3986054182e-04    1.3263127738e-02    0.0000000000e+00
 139.0100000    9.8727366005e-01    9.8213757895e-01    2.7352444002e-04    3.2250000000e+01    3.2250000000e+01    3.2250000000e+01    0.0000000000e+00    6.1612513985e-02    3.2417959869e+01   -2.5034157686e-04    8.0354104312e-03   -2.8307241129e-04    1.1971990304e-02    0.0000000000e+00
 139.5100000    9.8733400661e-01    9.8228755826e-01    1.8220270474e-04    3.2250000000e+01    3.2250000000e+01    3.2250000000e+01    0.0000000000e+00    6.1614099356e-02    3.2417959869e+01   -2.0258698698e-04    1.3388941403e-02   -3.0196372058e-04    9.7295251846e-03    0.0000000000e+00
 140.0100000    9.8720291537e-01    9.8238215215e-01    1.9221215411e-04    3.2250000000e+01    3.2250000000e+01    3.2250000000e+01    0.0000000000e+00    6.1614916952e-02    3.2417959869e+01   -2.0772466950e-04    1.7441552308e-02   -2.8566512071e-04    6.6893847574e-03    0.0000000000e+00
 140.5100000    9.8704862885e-01    9.8237770473e-01    2.3362669628e-04    3.2250000000e+01    3.2250000000e+01    3.2250000000e+01    0.0000000000e+00    6.1613619735e-02    3.2417959869e+01   -2.6191459483e-04    1.9729778015e-02   -2.7890880705e-04    3.1581613644e-03    0.0000000000e+00
 141.0100000    9.8705971906e-01    9.8228857324e-01    2.7365629074e-04    3.2250000000e+01    3.2250000000e+01    3.2250000000e+01    0.0000000000e+00    6.1609752977e-02    3.2417959869e+01   -2.5680736330e-04    1.9747083242e-02   -2.5226868314e-03    1.0790841708e-03    0.0000000000e+00
 141.5100000    9.8733926971e-01    9.8217541234e-01    5.0508651748e-04    3.2250000000e+01    3.2250000000e+01    3.2250000000e+01    0.0000000000e+00    6.1604008409e-02    3.2417959869e+01   -2.1442958355e-04    1.7579497149e-02   -6.3712795899e-03    3.3894202166e-04    0.0000000000e+00
 142.0100000    9.8785306247e-01    9.8210818107e-01    6.7787984184e-04    3.2250000000e+01    3.2250000000e+01    3.2250000000e+01    0.0000000000e+00    6.1598220611e-02    3.2417959869e+01   -2.4051199276e-04    1.4033841883e-02   -9.1213624834e-03    3.1210582146e-04    0.0000000000e+00
 142.5100000    9.8844672942e-01    9.8213146293e-01    6.5292242309e-04    3.2250000000e+01    3.2250000000e+01    3.2250000000e+01    0.0000000000e+00    6.1594700788e-02    3.2417959869e+01   -2.6947280003e-04    9.4736672117e-03   -1.0869509629e-02    2.9001495467e-04    0.0000000000e+00
 143.0100000    9.8891205866e-01    9.8225064523e-01    4.1932927919e-04    3.2250000000e+01    3.2250000000e+01    3.2250000000e+01    0.0000000000e+00    6.1594992655e-02    3.2417959869e+01   -2.3416648536e-04    4.2929105907e-03   -1.1916073505e-02    2.5513545393e-04    0.0000000000e+00
 143.5100000    9.8907098270e-01    9.8243439720e-01    1.9090419648e-04    3.2250000000e+01    3.2250000000e+01    3.2250000000e+01    0.0000000000e+00    6.1598951236e-02    3.2417959869e+01   -3.7075468873e-03    6.5728618386e-04   -1.2189671659e-02    2.9179286741e-04    0.0000000000e+00
 144.0100000    9.8884546031e-01    9.8262344365e-01    3.3442131986e-04    3.2250000000e+01    3.2250000000e+01    3.2250000000e+01    0.0000000000e+00    6.1604878636e-02    3.2417959869e+01   -9.1215339678e-03    2.5372748678e-04   -1.1665968175e-02    3.0566075679e-04    0.0000000000e+00
 144.5100000    9.8829644522e-01    9.8274405256e-01    5.8066706837e-04    3.2250000000e+01    3.2250000000e+01    3.2250000000e+01    0.0000000000e+00    6.1610488001e-02    3.2417959869e+01   -1.4124002224e-02    1.9913735421e-04   -9.9713469223e-03    2.8364054409e-04    0.0000000000e+00
 145.0100000    9.8761905207e-01    9.8273312593e-01    5.7825743720e-04    3.2250000000e+01    3.2250000000e+01    3.2250000000e+01    0.0000000000e+00    6.1613971202e-02    3.2417959869e+01   -1.8093432681e-02    2.6986315235e-04   -6.4662781617e-03    3.0333624326e-04    0.0000000000e+00
 145.5100000    9.8707239644e-01    9.8257596774e-01    3.8086860892e-04    3.2250000000e+01    3.2250000000e+01    3.2250000000e+01    0.0000000000e+00    6.1614695487e-02    3.2417959869e+01   -2.0100561308e-02    2.6011527835e-04   -3.0617082283e-03    8.3747424883e-04    0.0000000000e+00
 146.0100000    9.8685276094e-01    9.8233204534e-01    3.6370911014e-04    3.2250000000e+01    3.2250000000e+01    3.2250000000e+01    0.0000000000e+00    6.1613347408e-02    3.2417959869e+01   -1.9527198769e-02    2.6520976981e-04   -4.8930722438e-04    3.7494518294e-03    0.0000000000e+00
 146.5100000    9.8698602145e-01    9.8211218832e-01    3.6302150126e-04    3.2250000000e+01    3.2250000000e+01    3.2250000000e+01    0.0000000000e+00    6.1611463925e-02    3.2417959869e+01   -1.6815622458e-02    2.5532225670e-04   -3.1286023279e-04    7.9810518764e-03    0.0000000000e+00
 147.0100000    9.8732200890e-01    9.8201197227e-01    4.5306496256e-04    3.2250000000e+01    3.2250000000e+01    3.2250000000e+01    0.0000000000e+00    6.1610562555e-02    3.2417959869e+01   -1.2462260867e-02    2.3439142144e-04   -2.7688669206e-04    1.0721467676e-02    0.0000000000e+00
 147.5100000    9.8763182352e-01    9.8205560588e-01    3.1638030824e-04    3.2250000000e+01    3.2250000000e+01    3.2250000000e+01    0.0000000000e+00    6.1611384064e-02    3.2417959869e+01   -6.8135752218e-03    2.6531117646e-04   -3.1850787923e-04    1.2689704128e-02    0.0000000000e+00
 148.0100000    9.8773700119e-01    9.8219098386e-01    1.2840245197e-04    3.2250000000e+01    3.2250000000e+01    3.2250000000e+01    0.0000000000e+00    6.1613642644e-02    3.2417959869e+01   -8.5642040717e-04    3.5609618484e-04   -2.6181073342e-04    1.3376852195e-02    0.0000000000e+00
 148.5100000    9.8759884630e-01    9.8232681251e-01    1.4956194302e-04    3.2250000000e+01    3.2250000000e+01    3.2250000000e+01    0.0000000000e+00    6.1616232388e-02    3.2417959869e+01   -2.3629422107e-04    6.4427346656e-03   -2.7332869722e-04    1.2686077762e-02    0.0000000000e+00
 149.0100000    9.8733225392e-01    9.8238303970e-01    1.8174097789e-04    3.2250000000e+01    3.2250000000e+01    3.2250000000e+01    0.0000000000e+00    6.1617633580e-02    3.2417959869e+01   -2.4461860613e-04    1.2269652527e-02   -2.8180461679e-04    1.0932244828e-02    0.0000000000e+00
 149.5100000    9.8713754067e-01    9.8233349561e-01    1.0660759343e-04    3.2250000000e+01    3.2250000000e+01    3.2250000000e+01    0.0000000000e+00    6.1616463175e-02    3.2417959869e+01   -2.1495246356e-04    1.6872194013e-02   -2.3436430987e-04    7.4717920412e-03    0.0000000000e+00
 150.0100000    9.8718233595e-01    9.8221972701e-01    2.8331838738e-04    3.2250000000e+01    3.2250000000e+01    3.2250000000e+01    0.0000000000e+00    6.1612218530e-02    3.2417959869e+01   -2.5280737069e-04    1.9460063735e-02   -2.8232180232e-04    3.0591503056e-03    0.0000000000e+00
 150.5100000    9.8751024230e-01    9.8212121215e-01    5.4250187987e-04    3.2250000000e+01    3.2250000000e+01    3.2250000000e+01    0.0000000000e+00    6.1605886623e-02    3.2417959869e+01   -2.4287177397e-04    1.9777356716e-02   -1.7340546453e-03    4.4755687217e-04    0.0000000000e+00
 151.0100000    9.8803043828e-01    9.8210350057e-01    6.5526003394e-04    3.2250000000e+01    3.2250000000e+01    3.2250000000e+01    0.0000000000e+00    6.1599743160e-02    3.2417959869e+01   -2.0913441138e-04    1.8089862457e-02   -5.5379627837e-03    2.8692874048e-04    0.0000000000e+00
 151.5100000    9.8857046243e-01    9.8218727020e-01    5.7637478210e-04    3.2250000000e+01    3.2250000000e+01    3.2250000000e+01    0.0000000000e+00    6.1596159027e-02    3.2417959869e+01   -2.3500219285e-04    1.4868460782e-02   -8.5878951906e-03    3.4512060405e-04    0.0000000000e+00
 152.0100000    9.8894846889e-01    9.8235157483e-01    3.3270385353e-04    3.2250000000e+01    3.2250000000e+01    3.2250000000e+01    0.0000000000e+00    6.1596241156e-02    3.2417959869e+01   -2.6303280866e-04    1.0487322095e-02   -1.0755816687e-02    2.9770257778e-04    0.0000000000e+00
 152.5100000    9.8903747574e-01    9.8255128833e-01    1.6878572534e-04    3.2250000000e+01    3.2250000000e+01    3.2250000000e+01    0.0000000000e+00    6.1599362421e-02    3.2417959869e+01   -4.0445028120e-04    5.1658114646e-03   -1.2075693473e-02    2.4146737706e-04    0.0000000000e+00
 153.0100000    9.8880982401e-01    9.8273086246e-01    2.8847926376e-04    3.2250000000e+01    3.2250000000e+01    3.2250000000e+01    0.0000000000e+00    6.1603746152e-02    3.2417959869e+01   -3.5994841612e-03    2.8908360948e-04   -1.2695182419e-02    2.9175380783e-04    0.0000000000e+00
 153.5100000    9.8835276999e-01    9.8283572001e-01    4.4093087310e-04    3.2250000000e+01    3.2250000000e+01    3.2250000000e+01    0.0000000000e+00    6.1607443130e-02    3.2417959869e+01   -8.6156851434e-03    2.2049306357e-04   -1.2497905767e-02    2.8059342037e-04    0.0000000000e+00
 154.0100000    9.8784063838e-01    9.8283014215e-01    3.9493200168e-04    3.2250000000e+01    3.2250000000e+01    3.2250000000e+01    0.0000000000e+00    6.1609132220e-02    3.2417959869e+01   -1.3461285537e-02    2.0360600831e-04   -1.0573786124e-02    2.5317494080e-04    0.0000000000e+00
 154.5100000    9.8746029770e-01    9.8271842739e-01    2.3910186492e-04    3.2250000000e+01    3.2250000000e+01    3.2250000000e+01    0.0000000000e+00    6.1608616350e-02    3.2417959869e+01   -1.7350170800e-02    2.3260238438e-04   -6.9841910102e-03    8.9872114192e-04    0.0000000000e+00
 155.0100000    9.8732159047e-01    9.8255110900e-01    2.3968155200e-04    3.2250000000e+01    3.2250000000e+01    3.2250000000e+01    0.0000000000e+00    6.1606911286e-02    3.2417959869e+01   -1.9672326682e-02    2.3891970126e-04   -3.2130611134e-03    2.0584697172e-03    0.0000000000e+00
 155.5100000    9.8740340083e-01    9.8240369439e-01    2.3962264963e-04    3.2250000000e+01    3.2250000000e+01    3.2250000000e+01    0.0000000000e+00    6.1605726879e-02    3.2417959869e+01   -1.9766921043e-02    2.3492682204e-04   -2.3933596725e-04    4.0209099900e-03    0.0000000000e+00
 156.0100000    9.8756588224e-01    9.8233829140e-01    2.2566870349e-04    3.2250000000e+01    3.2250000000e+01    3.2250000000e+01    0.0000000000e+00    6.1606502027e-02    3.2417959869e+01   -1.7767990432e-02    2.3704703362e-04   -2.5934935712e-04    6.4787951968e-03    0.0000000000e+00
 156.5100000    9.8762238216e-01    9.8237183865e-01    1.5804171996e-04    3.2250000000e+01    3.2250000000e+01    3.2250000000e+01    0.0000000000e+00    6.1609630609e-02    3.2417959869e+01   -1.3986469613e-02    3.9275679632e-04   -2.8324833235e-04    9.5035543050e-03    0.0000000000e+00
 157.0100000    9.8743641851e-01    9.8246693120e-01    2.4251141240e-04    3.2250000000e+01    3.2250000000e+01    3.2250000000e+01    0.0000000000e+00    6.1614354002e-02    3.2417959869e+01   -8.7307244652e-03    3.7959093214e-04   -2.7327372578e-04    1.2030337247e-02    0.0000000000e+00
 157.5100000    9.8700305476e-01    9.8254659660e-01    4.3865338785e-04    3.2250000000e+01    3.2250000000e+01    3.2250000000e+01    0.0000000000e+00    6.1619163118e-02    3.2417959869e+01   -2.3382421139e-03    4.0484526765e-04   -3.9983915127e-04    1.3777031365e-02    0.0000000000e+00
 158.0100000    9.8647662367e-01    9.8253027449e-01    4.0920513655e-04    3.2250000000e+01    3.2250000000e+01    3.2250000000e+01    0.0000000000e+00    6.1622316236e-02    3.2417959869e+01   -2.6509995087e-04    4.8782923773e-03   -4.1404536675e-04    1.4046981686e-02    0.0000000000e+00
 158.5100000    9.8610798825e-01    9.8238443122e-01    1.2155245013e-04    3.2250000000e+01    3.2250000000e+01    3.2250000000e+01    0.0000000000e+00    6.1622403216e-02    3.2417959869e+01   -2.4176098182e-04    1.1153542222e-02   -3.4998245396e-04    1.2108542070e-02    0.0000000000e+00
 159.0100000    9.8610179211e-01    9.8215685987e-01    2.9901176456e-04    3.2250000000e+01    3.2250000000e+01    3.2250000000e+01    0.0000000000e+00    6.1619019851e-02    3.2417959869e+01   -2.5083749408e-04    1.6226610607e-02   -2.7510144228e-04    8.2151153239e-03    0.0000000000e+00
 159.5100000    9.8649295005e-01    9.8195341483e-01    6.5297126383e-04    3.2250000000e+01    3.2250000000e+01    3.2250000000e+01    0.0000000000e+00    6.1613212418e-02    3.2417959869e+01   -2.8510289472e-04    1.9131398571e-02   -3.2055211325e-04    3.9345990381e-03    0.0000000000e+00
 160.0100000    9.8713898168e-01    9.8186776769e-01    7.9769456774e-04    3.2250000000e+01    3.2250000000e+01    3.2250000000e+01    0.0000000000e+00    6.1607134553e-02    3.2417959869e+01   -2.7430493100e-04    1.9795563615e-02   -7.2856048148e-04    1.0441343918e-03    0.0000000000e+00
 160.5100000    9.8781239263e-01    9.8192780080e-01    7.0801474966e-04    3.2250000000e+01    3.2250000000e+01    3.2250000000e+01    0.0000000000e+00    6.1602940671e-02    3.2417959869e+01   -2.3045642002e-04    1.8553028497e-02   -4.3146030828e-03    5.1769344475e-04    0.0000000000e+00
 161.0100000    9.8831099651e-01    9.8209560208e-01    4.5585583463e-04    3.2250000000e+01    3.2250000000e+01    3.2250000000e+01    0.0000000000e+00    6.1601696276e-02    3.2417959869e+01   -2.7102388400e-04    1.5758279333e-02   -7.6245206965e-03    3.5026077086e-04    0.0000000000e+00
 161.5100000    9.8852954026e-01    9.8230075779e-01    2.8833516969e-04    3.2250000000e+01    3.2250000000e+01    3.2250000000e+01    0.0000000000e+00    6.1603023995e-02    3.2417959869e+01   -2.5768062507e-04    1.1605848310e-02   -1.0152555126e-02    2.7339199396e-04    0.0000000000e+00
 162.0100000    9.8848163029e-01    9.8247346774e-01    2.5636720076e-04    3.2250000000e+01    3.2250000000e+01    3.2250000000e+01    0.0000000000e+00    6.1605482001e-02    3.2417959869e+01   -2.0159553026e-04    6.2893770924e-03   -1.1897482094e-02    2.7873401763e-04    0.0000000000e+00
 162.5100000    9.8828097953e-01    9.8256587470e-01    2.5482235493e-04    3.2250000000e+01    3.2250000000e+01    3.2250000000e+01    0.0000000000e+00    6.1607274296e-02    3.2417959869e+01   -1.3893611382e-03    1.4608891948e-03   -1.3016496217e-02    2.9157669547e-04    0.0000000000e+00
 163.0100000    9.8808862518e-01    9.8256513786e-01    2.4520681866e-04    3.2250000000e+01    3.2250000000e+01    3.2250000000e+01    0.0000000000e+00    6.1607074700e-02    3.2417959869e+01   -6.6704475747e-03    2.4944218031e-04   -1.2539193690e-02    2.5930203240e-04    0.0000000000e+00
 163.5100000    9.8803885266e-01    9.8249716858e-01    2.1689228841e-04    3.2250000000e+01    3.2250000000e+01    3.2250000000e+01    0.0000000000e+00    6.1604800290e-02    3.2417959869e+01   -1.2070088664e-02    2.3200281081e-04   -1.0404117068e-02    2.3867998009e-04    0.0000000000e+00
 164.0100000    9.8817494719e-01    9.8241474035e-01    3.0341257503e-04    3.2250000000e+01    3.2250000000e+01    3.2250000000e+01    0.0000000000e+00    6.1601834388e-02    3.2417959869e+01   -1.6423587047e-02    2.4546439802e-04   -7.7998788442e-03    2.6934811084e-04    0.0000000000e+00
 164.5100000    9.8842684167e-01    9.8237283657e-01    3.5071301597e-04    3.2250000000e+01    3.2250000000e+01    3.2250000000e+01    0.0000000000e+00    6.1600257776e-02    3.2417959869e+01   -1.9021306959e-02    2.2290866540e-04   -4.8499435226e-03    4.8954530144e-04    0.0000000000e+00
 165.0100000    9.8864033960e-01    9.8240452824e-01    2.1999123897e-04    3.2250000000e+01    3.2250000000e+01    3.2250000000e+01    0.0000000000e+00    6.1601506529e-02    3.2417959869e+01   -1.9770436336e-02    2.1736982841e-04   -1.7406012952e-03    2.0180175718e-03    0.0000000000e+00
 165.5100000    9.8864390578e-01    9.8250741197e-01    1.1225387636e-04    3.2250000000e+01    3.2250000000e+01    3.2250000000e+01    0.0000000000e+00    6.1605531925e-02    3.2417959869e+01   -1.8686784669e-02    2.4542973767e-04   -2.8918440648e-04    4.7065071837e-03    0.0000000000e+00
 166.0100000    9.8832829797e-01    9.8264142699e-01    4.0402576340e-04    3.2250000000e+01    3.2250000000e+01    3.2250000000e+01    0.0000000000e+00    6.1611013797e-02    3.2417959869e+01   -1.5754831593e-02    2.7072337614e-04   -2.7238706098e-04    8.1940699520e-03    0.0000000000e+00
 166.5100000    9.8771317122e-01    9.8273786803e-01    6.4347741642e-04    3.2250000000e+01    3.2250000000e+01    3.2250000000e+01    0.0000000000e+00    6.1616147954e-02    3.2417959869e+01   -1.0979377753e-02    2.5506672840e-04   -2.6196017153e-04    1.1433520713e-02    0.0000000000e+00
 167.0100000    9.8696894254e-01    9.8272538016e-01    6.4495160278e-04    3.2250000000e+01    3.2250000000e+01    3.2250000000e+01    0.0000000000e+00    6.1619311482e-02    3.2417959869e+01   -4.8532677429e-03    2.1529272298e-04   -2.9530357326e-04    1.4050599990e-02    0.0000000000e+00
 167.5100000    9.8635842809e-01    9.8257328088e-01    3.7462062938e-04    3.2250000000e+01    3.2250000000e+01    3.2250000000e+01    0.0000000000e+00    6.1619506476e-02    3.2417959869e+01   -2.6576508081e-04    2.6391743357e-03   -2.9974002477e-04    1.4638255410e-02    0.0000000000e+00
 168.0100000    9.8610368507e-01    9.8232580152e-01    2.6841824444e-04    3.2250000000e+01    3.2250000000e+01    3.2250000000e+01    0.0000000000e+00    6.1616775022e-02    3.2417959869e+01   -2.3425863411e-04    9.4046748138e-03   -2.6744099187e-04    1.2779940205e-02    0.0000000000e+00
 168.5100000    9.8626121014e-01    9.8208752098e-01    4.2907499045e-04    3.2250000000e+01    3.2250000000e+01    3.2250000000e+01    0.0000000000e+00    6.1612373929e-02    3.2417959869e+01   -2.5908514310e-04    1.4857982042e-02   -2.0586403090e-04    9.5336899794e-03    0.0000000000e+00
 169.0100000    9.8669906034e-01    9.8196098814e-01    5.9933043617e-04    3.2250000000e+01    3.2250000000e+01    3.2250000000e+01    0.0000000000e+00    6.1608268996e-02    3.2417959869e+01   -2.3736721616e-04    1.8323862546e-02   -2.2389293572e-04    5.6951850830e-03    0.0000000000e+00
 169.5100000    9.8718332698e-01    9.8198785844e-01    5.2420577830e-04    3.2250000000e+01    3.2250000000e+01    3.2250000000e+01    0.0000000000e+00    6.1606074971e-02    3.2417959869e+01   -2.1328433380e-04    1.9739263590e-02   -2.8949569366e-04    1.6111342980e-03    0.0000000000e+00
 170.0100000    9.8750556887e-01    9.8213471300e-01    2.9310534155e-04    3.2250000000e+01    3.2250000000e+01    3.2250000000e+01    0.0000000000e+00    6.1606211263e-02    3.2417959869e+01   -1.7747140599e-04    1.9259597144e-02   -3.1089459187e-03    2.9150364692e-04    0.0000000000e+00
 170.5100000    9.8757830991e-01    9.8231939286e-01    1.9751878619e-04    3.2250000000e+01    3.2250000000e+01    3.2250000000e+01    0.0000000000e+00    6.1607848793e-02    3.2417959869e+01   -2.0673605023e-04    1.6983956506e-02   -7.0226909355e-03    2.3454370249e-04    0.0000000000e+00
 171.0100000    9.8746213668e-01    9.8245346251e-01    1.8559264845e-04    3.2250000000e+01    3.2250000000e+01    3.2250000000e+01    0.0000000000e+00    6.1609498747e-02    3.2417959869e+01   -2.6024114304e-04    1.2961240106e-02   -1.0116809349e-02    2.2013001082e-04    0.0000000000e+00
 171.5100000    9.8732202052e-01    9.8248313440e-01    2.1325530978e-04    3.2250000000e+01    3.2250000000e+01    3.2250000000e+01    0.0000000000e+00    6.1609764748e-02    3.2417959869e+01   -2.4268273951e-04    7.4304369310e-03   -1.2376924250e-02    2.1594430713e-04    0.0000000000e+00
 172.0100000    9.8733374640e-01    9.8241476453e-01    2.7744481309e-04    3.2250000000e+01    3.2250000000e+01    3.2250000000e+01    0.0000000000e+00    6.1607981654e-02    3.2417959869e+01   -7.1338937462e-04    1.6874431566e-03   -1.3312765237e-02    2.7128169004e-04    0.0000000000e+00
 172.5100000    9.8758833961e-01    9.8230882630e-01    4.6889738309e-04    3.2250000000e+01    3.2250000000e+01    3.2250000000e+01    0.0000000000e+00    6.1604607914e-02    3.2417959869e+01   -5.8032267881e-03    1.8780617268e-04   -1.2402982588e-02    2.8963975921e-04    0.0000000000e+00
 173.0100000    9.8804894284e-01    9.8224184132e-01    6.1746951041e-04    3.2250000000e+01    3.2250000000e+01    3.2250000000e+01    0.0000000000e+00    6.1601128241e-02    3.2417959869e+01   -1.1079970962e-02    2.1264906226e-04   -1.0254300232e-02    2.6334491017e-04    0.0000000000e+00
 173.5100000    9.8857539737e-01    9.8226353232e-01    5.9185202985e-04    3.2250000000e+01    3.2250000000e+01    3.2250000000e+01    0.0000000000e+00    6.1599324584e-02    3.2417959869e+01   -1.5366713872e-02    2.2562275703e-04   -7.7584165711e-03    2.5097514483e-04    0.0000000000e+00
 174.0100000    9.8898961728e-01    9.8237778335e-01    3.9192895140e-04    3.2250000000e+01    3.2250000000e+01    3.2250000000e+01    0.0000000000e+00    6.1600284419e-02    3.2417959869e+01   -1.8249838133e-02    2.5356854531e-04   -4.7612700007e-03    9.1230730145e-04    0.0000000000e+00
 174.5100000    9.8914566733e-01    9.8254970889e-01    2.3682119666e-04    3.2250000000e+01    3.2250000000e+01    3.2250000000e+01    0.0000000000e+00    6.1603838700e-02    3.2417959869e+01   -1.9626538894e-02    2.1554163769e-04   -1.5783400330e-03    2.5876098150e-03    0.0000000000e+00
 175.0100000    9.8898039944e-01    9.8272342725e-01    2.4107144980e-04    3.2250000000e+01    3.2250000000e+01    3.2250000000e+01    0.0000000000e+00    6.1608746978e-02    3.2417959869e+01   -1.9319996469e-02    1.9100026587e-04   -2.7924673868e-04    4.7033000044e-03    0.0000000000e+00
 175.5100000    9.8853582451e-01    9.8283963165e-01    4.6664069888e-04    3.2250000000e+01    3.2250000000e+01    3.2250000000e+01    0.0000000000e+00    6.1613328555e-02    3.2417959869e+01   -1.7093310199e-02    2.4643702043e-04   -2.6833545367e-04    7.3936819185e-03    0.0000000000e+00
 176.0100000    9.8794997268e-01    9.8285308127e-01    5.1556120114e-04    3.2250000000e+01    3.2250000000e+01    3.2250000000e+01    0.0000000000e+00    6.1616118261e-02    3.2417959869e+01   -1.2860937396e-02    2.8381121942e-04   -2.3183404628e-04    1.0504761010e-02    0.0000000000e+00
 176.5100000    9.8741123568e-01    9.8275145979e-01    3.7253515362e-04    3.2250000000e+01    3.2250000000e+01    3.2250000000e+01    0.0000000000e+00    6.1616410575e-02    3.2417959869e+01   -7.0058428520e-03    3.8734777545e-04   -2.6204247874e-04    1.3255025930e-02    0.0000000000e+00
 177.0100000    9.8708120155e-01    9.8256788658e-01    2.6669596896e-04    3.2250000000e+01    3.2250000000e+01    3.2250000000e+01    0.0000000000e+00    6.1614612123e-02    3.2417959869e+01   -9.9461217700e-04    1.2156927799e-03   -3.0290026601e-04    1.4117921346e-02    0.0000000000e+00
 177.5100000    9.8701688160e-01    9.8237317870e-01    2.4427892157e-04    3.2250000000e+01    3.2250000000e+01    3.2250000000e+01    0.0000000000e+00    6.1612118758e-02    3.2417959869e+01   -1.8260304161e-04    6.6692723812e-03   -3.0739567263e-04    1.2974303660e-02    0.0000000000e+00
 178.0100000    9.8713909580e-01    9.8224422755e-01    2.5247223744e-04    3.2250000000e+01    3.2250000000e+01    3.2250000000e+01    0.0000000000e+00    6.1610567659e-02    3.2417959869e+01   -2.0483262385e-04    1.2467263712e-02   -2.7272602041e-04    1.0660682054e-02    0.0000000000e+00
 178.5100000    9.8727424338e-01    9.8222475320e-01    1.6833141701e-04    3.2250000000e+01    3.2250000000e+01    3.2250000000e+01    0.0000000000e+00    6.1610876398e-02    3.2417959869e+01   -2.4949838507e-04    1.6783627872e-02   -2.4482185424e-04    7.3456273815e-03    0.0000000000e+00
 179.0100000    9.8725142809e-01    9.8230184157e-01    1.3990804028e-04    3.2250000000e+01    3.2250000000e+01    3.2250000000e+01    0.0000000000e+00    6.1612749768e-02    3.2417959869e+01   -2.6282744621e-04    1.9338914882e-02   -2.7538097541e-04    3.2544482167e-03    0.0000000000e+00
 179.5100000    9.8700293744e-01    9.8241051577e-01    2.6189269421e-04    3.2250000000e+01    3.2250000000e+01    3.2250000000e+01    0.0000000000e+00    6.1614919271e-02    3.2417959869e+01   -2.2460503659e-04    1.9922852027e-02   -1.2917958321e-03    3.2937357176e-04    0.0000000000e+00
 180.0100000    9.8661337637e-01    9.8246539819e-01    3.1380841726e-04    3.2250000000e+01    3.2250000000e+01    3.2250000000e+01    0.0000000000e+00    6.1615830706e-02    3.2417959869e+01   -2.2412196006e-04    1.8319971630e-02   -5.6610809924e-03    2.7207013377e-04    0.0000000000e+00
 180.5100000    9.8628312202e-01    9.8240910341e-01    1.3758619914e-04    3.2250000000e+01    3.2250000000e+01    3.2250000000e+01    0.0000000000e+00    6.1614383135e-02    3.2417959869e+01   -2.3748187250e-04    1.4501997521e-02   -9.7902162839e-03    2.8229205295e-04    0.0000000000e+00
 181.0100000    9.8621581466e-01    9.8225214366e-01    2.0164591191e-04    3.2250000000e+01    3.2250000000e+01    3.2250000000e+01    0.0000000000e+00    6.1610474328e-02    3.2417959869e+01   -2.1199343741e-04    9.0486108675e-03   -1.2625985393e-02    2.5392459409e-04    0.0000000000e+00
 181.5100000    9.8649908986e-01    9.8207137148e-01    5.4521589223e-04    3.2250000000e+01    3.2250000000e+01    3.2250000000e+01    0.0000000000e+00    6.1605158594e-02    3.2417959869e+01   -2.5552142231e-04    3.5952141092e-03   -1.3416203403e-02    2.5870257095e-04    0.0000000000e+00
 182.0100000    9.8705881103e-01    9.8196234419e-01    7.3915974148e-04    3.2250000000e+01    3.2250000000e+01    3.2250000000e+01    0.0000000000e+00    6.1600259394e-02    3.2417959869e+01   -4.0404978652e-03    3.2831686603e-04   -1.2428578535e-02    2.6271991744e-04    0.0000000000e+00
 182.5100000    9.8770456640e-01    9.8198358424e-01    7.1150205190e-04    3.2250000000e+01    3.2250000000e+01    3.2250000000e+01    0.0000000000e+00    6.1597537060e-02    3.2417959869e+01   -9.7088038656e-03    2.1941066027e-04   -1.0830896672e-02    2.9099118400e-04    0.0000000000e+00
 183.0100000    9.8822504134e-01    9.8213141456e-01    4.9332390321e-04    3.2250000000e+01    3.2250000000e+01    3.2250000000e+01    0.0000000000e+00    6.1597851442e-02    3.2417959869e+01   -1.4292791475e-02    2.1991237131e-04   -8.6637405013e-03    2.8184565368e-04    0.0000000000e+00
 183.5100000    9.8847908039e-01    9.8234992839e-01    2.6731628685e-04    3.2250000000e+01    3.2250000000e+01    3.2250000000e+01    0.0000000000e+00    6.1600800376e-02    3.2417959869e+01   -1.7642319605e-02    2.4552280931e-04   -5.9122953703e-03    2.7835734311e-04    0.0000000000e+00
 184.0100000    9.8844379905e-01    9.8255936957e-01    2.4887369629e-04    3.2250000000e+01    3.2250000000e+01    3.2250000000e+01    0.0000000000e+00    6.1604981397e-02    3.2417959869e+01   -1.9541759816e-02    2.3041764168e-04   -3.0139287065e-03    4.8859051143e-04    0.0000000000e+00
 184.5100000    9.8820853560e-01    9.8268847291e-01    2.3311835148e-04    3.2250000000e+01    3.2250000000e+01    3.2250000000e+01    0.0000000000e+00    6.1608665860e-02    3.2417959869e+01   -1.9657238724e-02    2.5577539873e-04   -7.4622674990e-04    2.7375011278e-03    0.0000000000e+00
 185.0100000    9.8792538694e-01    9.8270258254e-01    2.0390544722e-04    3.2250000000e+01    3.2250000000e+01    3.2250000000e+01    0.0000000000e+00    6.1610567841e-02    3.2417959869e+01   -1.7715268265e-02    2.4583649322e-04   -2.8876573371e-04    6.1565126028e-03    0.0000000000e+00
 185.5100000    9.8773872701e-01    9.8261784734e-01    1.7032086439e-04    3.2250000000e+01    3.2250000000e+01    3.2250000000e+01    0.0000000000e+00    6.1610418750e-02    3.2417959869e+01   -1.3904899193e-02    1.9570783776e-04   -2.5468072396e-04    9.7783817617e-03    0.0000000000e+00
 186.0100000    9.8772377272e-01    9.8249146203e-01    1.6240870180e-04    3.2250000000e+01    3.2250000000e+01    3.2250000000e+01    0.0000000000e+00    6.1609076591e-02    3.2417959869e+01   -8.9409110537e-03    2.5702002806e-04   -2.8311698058e-04    1.2165834479e-02    0.0000000000e+00
 186.5100000    9.8785992600e-01    9.8239102506e-01    2.7397907335e-04    3.2250000000e+01    3.2250000000e+01    3.2250000000e+01    0.0000000000e+00    6.1608046565e-02    3.2417959869e+01   -3.4399075627e-03    2.5163281698e-04   -2.6618542579e-04    1.2972268542e-02    0.0000000000e+00
 187.0100000    9.8804465840e-01    9.8236255047e-01    2.5277834056e-04    3.2250000000e+01    3.2250000000e+01    3.2250000000e+01    0.0000000000e+00    6.1608645560e-02    3.2417959869e+01   -2.5637125302e-04    4.2969851783e-03   -2.3274801898e-04    1.2765111848e-02    0.0000000000e+00
 187.5100000    9.8813718468e-01    9.8241479225e-01    1.1319844597e-04    3.2250000000e+01    3.2250000000e+01    3.2250000000e+01    0.0000000000e+00    6.1611302629e-02    3.2417959869e+01   -2.5261792838e-04    1.0103921205e-02   -2.9370489898e-04    1.1436904745e-02    0.0000000000e+00
 188.0100000    9.8801861616e-01    9.8252005715e-01    1.6108900598e-04    3.2250000000e+01    3.2250000000e+01    3.2250000000e+01    0.0000000000e+00    6.1615352294e-02    3.2417959869e+01   -2.2956080839e-04    1.4966847706e-02   -2.7991611969e-04    8.8573914632e-03    0.0000000000e+00
 188.5100000    9.8765486586e-01    9.8262287779e-01    3.8480086750e-04    3.2250000000e+01    3.2250000000e+01    3.2250000000e+01    0.0000000000e+00    6.1619319658e-02    3.2417959869e+01   -2.2623561319e-04    1.8466349252e-02   -2.3776197352e-04    5.3501004678e-03    0.0000000000e+00
 189.0100000    9.8713709731e-01    9.8265677342e-01    4.5174551109e-04    3.2250000000e+01    3.2250000000e+01    3.2250000000e+01    0.0000000000e+00    6.1621505227e-02    3.2417959869e+01   -2.7754826993e-04    2.0070385447e-02   -2.8585608449e-04    1.5164579994e-03    0.0000000000e+00
 189.5100000    9.8666189644e-01    9.8257570485e-01    2.9248093630e-04    3.2250000000e+01    3.2250000000e+01    3.2250000000e+01    0.0000000000e+00    6.1620702056e-02    3.2417959869e+01   -2.5843625567e-04    1.9324052679e-02   -4.0362495892e-03    2.5598963638e-04    0.0000000000e+00
 190.0100000    9.8643678948e-01    9.8238972838e-01    7.4298963544e-05    3.2250000000e+01    3.2250000000e+01    3.2250000000e+01    0.0000000000e+00    6.1616838457e-02    3.2417959869e+01   -2.0108931266e-04    1.6165036289e-02   -8.5999911759e-03    2.6531306838e-04    0.0000000000e+00
 190.5100000    9.8656268449e-01    9.8217205490e-01    3.9198574545e-04    3.2250000000e+01    3.2250000000e+01    3.2250000000e+01    0.0000000000e+00    6.1611178250e-02    3.2417959869e+01   -2.1722538328e-04    1.1135504726e-02   -1.1635591642e-02    3.1377411744e-04    0.0000000000e+00
 191.0100000    9.8697877249e-01    9.8202026260e-01    6.0572728518e-04    3.2250000000e+01    3.2250000000e+01    3.2250000000e+01    0.0000000000e+00    6.1605786856e-02    3.2417959869e+01   -2.1585886821e-04    5.3773069187e-03   -1.2788967150e-02    2.8712970005e-04    0.0000000000e+00
 191.5100000    9.8750378057e-01    9.8199973649e-01    6.0560014247e-04    3.2250000000e+01    3.2250000000e+01    3.2250000000e+01    0.0000000000e+00    6.1602476163e-02    3.2417959869e+01   -1.2816729909e-03    3.1937436459e-04   -1.2759431514e-02    2.2816065667e-04    0.0000000000e+00
 192.0100000    9.8793389878e-01    9.8211241545e-01    4.2202222358e-04    3.2250000000e+01    3.2250000000e+01    3.2250000000e+01    0.0000000000e+00    6.1601912761e-02    3.2417959869e+01   -7.2773961351e-03    2.9646833356e-04   -1.1669794734e-02    2.3731365168e-04    0.0000000000e+00
 192.5100000    9.8813452157e-01    9.8230451067e-01    2.1757875023e-04    3.2250000000e+01    3.2250000000e+01    3.2250000000e+01    0.0000000000e+00    6.1603440600e-02    3.2417959869e+01   -1.2575044073e-02    2.6542314605e-04   -9.6429075360e-03    2.3510201320e-04    0.0000000000e+00
 193.0100000    9.8808710289e-01    9.8249680759e-01    2.2833514077e-04    3.2250000000e+01    3.2250000000e+01    3.2250000000e+01    0.0000000000e+00    6.1605581830e-02    3.2417959869e+01   -1.6645270065e-02    1.8944106065e-04   -7.0721436221e-03    2.8334484971e-04    0.0000000000e+00
 193.5100000    9.8788487105e-01    9.8261805637e-01    2.4135805004e-04    3.2250000000e+01    3.2250000000e+01    3.2250000000e+01    0.0000000000e+00    6.1606804106e-02    3.2417959869e+01   -1.9197338067e-02    2.1232172583e-04   -3.5911822916e-03    6.9442914082e-04    0.0000000000e+00
 194.0100000    9.8768405152e-01    9.8263291219e-01    2.4383843150e-04    3.2250000000e+01    3.2250000000e+01    3.2250000000e+01    0.0000000000e+00    6.1606217562e-02    3.2417959869e+01   -1.9940917334e-02    1.8724905800e-04   -4.7744240473e-04    2.8303992489e-03    0.0000000000e+00
 194.5100000    9.8762471228e-01    9.8255795064e-01    2.3832135534e-04    3.2250000000e+01    3.2250000000e+01    3.2250000000e+01    0.0000000000e+00    6.1604010605e-02    3.2417959869e+01   -1.8532236913e-02    2.6002511680e-04   -2.2409117185e-04    5.6326512985e-03    0.0000000000e+00
 195.0100000    9.8775686681e-01    9.8245425911e-01    3.0752308654e-04    3.2250000000e+01    3.2250000000e+01    3.2250000000e+01    0.0000000000e+00    6.1601416386e-02    3.2417959869e+01   -1.5190926122e-02    2.8414342616e-04   -2.4326448972e-04    8.5354244827e-03    0.0000000000e+00
 195.5100000    9.8801544329e-01    9.8239438111e-01    3.6922372581e-04    3.2250000000e+01    3.2250000000e+01    3.2250000000e+01    0.0000000000e+00    6.1600102836e-02    3.2417959869e+01   -1.0554972887e-02    3.1386262893e-04   -2.1728693355e-04    1.0794399764e-02    0.0000000000e+00
 196.0100000    9.8825683884e-01    9.8242283294e-01    2.6875643601e-04    3.2250000000e+01    3.2250000000e+01    3.2250000000e+01    0.0000000000e+00    6.1601271071e-02    3.2417959869e+01   -5.0146044684e-03    4.9838412435e-04   -3.0308697844e-04    1.2075464961e-02    0.0000000000e+00
 196.5100000    9.8832921607e-01    9.8253529156e-01    1.4599223320e-04    3.2250000000e+01    3.2250000000e+01    3.2250000000e+01    0.0000000000e+00    6.1605030564e-02    3.2417959869e+01   -2.0992374221e-04    2.9258747904e-03   -3.3398444498e-04    1.2545055575e-02    0.0000000000e+00
 197.0100000    9.8813694641e-01    9.8268437516e-01    2.5168398393e-04    3.2250000000e+01    3.2250000000e+01    3.2250000000e+01    0.0000000000e+00    6.1610395750e-02    3.2417959869e+01   -2.0313736773e-04    8.0778906893e-03   -2.8714008910e-04    1.1944917697e-02    0.0000000000e+00
 197.5100000    9.8767949411e-01    9.8280118421e-01    4.8310556450e-04    3.2250000000e+01    3.2250000000e+01    3.2250000000e+01    0.0000000000e+00    6.1615766572e-02    3.2417959869e+01   -2.6491080979e-04    1.3176836756e-02   -2.6608650413e-04    1.0362428308e-02    0.0000000000e+00
 198.0100000    9.8706372457e-01    9.8282058932e-01    5.5500346302e-04    3.2250000000e+01    3.2250000000e+01    3.2250000000e+01    0.0000000000e+00    6.1619550374e-02    3.2417959869e+01   -2.7609186702e-04    1.7344387336e-02   -2.8213136128e-04    7.3046893906e-03    0.0000000000e+00
 198.5100000    9.8647991014e-01    9.8270829770e-01    4.1236949973e-04    3.2250000000e+01    3.2250000000e+01    3.2250000000e+01    0.0000000000e+00    6.1620726099e-02    3.2417959869e+01   -2.1038225989e-04    1.9873677163e-02   -2.5798953194e-04    2.7317926536e-03    0.0000000000e+00
 199.0100000    9.8612671035e-01    9.8248515190e-01    1.7102410140e-04    3.2250000000e+01    3.2250000000e+01    3.2250000000e+01    0.0000000000e+00    6.1619260664e-02    3.2417959869e+01   -2.4527113365e-04    1.9926591000e-02   -2.5484031468e-03    2.9781657128e-04    0.0000000000e+00
 199.5100000    9.8611083303e-01    9.8222828261e-01    2.4817387698e-04    3.2250000000e+01    3.2250000000e+01    3.2250000000e+01    0.0000000000e+00    6.1616184043e-02    3.2417959869e+01   -2.4979507813e-04    1.7469582468e-02   -7.2425125378e-03    2.8767339884e-04    0.0000000000e+00
 200.0100000    9.8638996366e-01    9.8203480435e-01    4.7826519455e-04    3.2250000000e+01    3.2250000000e+01    3.2250000000e+01    0.0000000000e+00    6.1613124166e-02    3.2417959869e+01   -2.3360159020e-04    1.3133819653e-02   -1.0472455092e-02    2.4250494285e-04    0.0000000000e+00
