# time  Re_m-2(R=8)  Im_m-2(R=8)  Re_m-1(R=8)  Im_m-1(R=8)  Re_m0(R=8)  Im_m0(R=8)  Re_m1(R=8)  Im_m1(R=8)  Re_m2(R=8)  Im_m2(R=8)  Re_m-2(R=16)  Im_m-2(R=16)  Re_m-1(R=16)  Im_m-1(R=16)  Re_m0(R=16)  Im_m0(R=16)  Re_m1(R=16)  Im_m1(R=16)  Re_m2(R=16)  Im_m2(R=16)
0.0000000000000000e+00  1.6503813844394704e-04  -4.8715088851145385e-05  -6.5083054436396065e-05  -7.8608610319343282e-04  -6.4826152543882019e-04  -5.9186034894947636e-06  3.2051112676882482e-05  7.4785810649689866e-04  1.4637855315101065e-03  6.3166302555761502e-05  -1.2886127576313948e-04  4.9662086997113485e-07  -6.9763883529473639e-08  1.4719626845709161e-06  -2.7795207070252151e-04  -3.9711905429553049e-07  -1.1050153996154049e-07  -1.4803134773150286e-06  -1.2890153170158969e-04  -1.4217181822476553e-07
2.6666666666666600e-01  4.3639875045852383e-04  1.4647564358292497e-05  9.5045127893775251e-06  -5.7166862611908345e-04  -6.7248439343166734e-04  2.9638551182724318e-06  -2.4894869340960868e-05  4.6881653914232024e-04  1.3600540990625712e-03  -1.2469102219513899e-05  -9.7768954130586669e-06  -1.5914559506123193e-07  1.5523088674713291e-07  -1.1491185969563602e-06  -2.3523123615548158e-05  -1.2656043432358834e-08  1.2692433233738356e-07  1.1602788650445374e-06  -9.5745663853070597e-06  -6.6629298447402448e-08
5.3333333333333299e-01  4.6415785190193537e-04  -1.4150118569180609e-05  4.1329823521400429e-06  -4.8365397804784655e-04  -7.1733293152669172e-04  3.5742337846772149e-09  1.1416188232044549e-05  4.0805330114689265e-04  1.3292988468543809e-03  1.1668330254800919e-05  6.8646762365404700e-06  -3.0972274826389565e-08  3.6999545401295389e-08  9.7408680038801615e-07  -1.1918785796733767e-05  -7.2926905973904534e-08  -3.3316918553994554e-08  -8.7723325478158088e-07  5.4592562407406948e-06  -1.1882809882334770e-07
8.0000000000000104e-01  4.9952494625587107e-04  -3.0240092272357393e-05  -2.4533372659425322e-05  -4.3674820465599640e-04  -7.6290700362012292e-04  -3.0841609527755343e-06  3.3995699359723496e-05  4.6393016352237629e-04  1.3820506694420713e-03  3.0628444783867762e-05  3.5079667484655697e-05  3.9698431702456310e-07  -7.6988560938718673e-08  2.3897119848713864e-06  -3.3663160648858527e-05  -2.5354974372228168e-08  -6.4753964910386698e-07  -1.5030547440739428e-06  3.0912587820765280e-05  -2.2439679059507545e-07
1.0666666666666700e+00  5.6590412960764883e-04  -1.9483688571464417e-05  -2.0805791997233084e-05  -3.5709607706294955e-04  -8.0039913810582282e-04  -3.3200297460767836e-06  2.2767133268822336e-05  4.7409102071273009e-04  1.4023523357686418e-03  1.8386110374826866e-05  3.5476910116898461e-05  3.6208621276712291e-07  -4.8325385321497515e-07  3.4333353294716016e-06  -2.0192822699731635e-05  1.4767529888722556e-07  -9.4635553421038044e-07  -2.5099695499770102e-06  2.8444898122428195e-05  -3.1426472124601525e-07
1.3333333333333299e+00  5.3668030149461453e-04  -1.0423199587557326e-05  -8.4503318912516120e-06  -2.9407026766424451e-04  -7.4217791985899866e-04  6.2296335299768247e-07  1.2536677445840178e-05  4.3051119890730942e-04  1.2701755605069344e-03  9.8758001924232897e-06  1.1125350419879187e-05  -2.1051294499619053e-07  -5.9389134983325871e-07  2.4882571199285454e-06  -3.5210527720358196e-06  3.0677243849690567e-07  1.6236547984901982e-07  -5.0527097668833842e-06  2.4030114532294740e-06  4.2916343695250733e-07
1.6000000000000001e+00  3.9346570660584953e-04  -1.7811137613282365e-05  -1.8324921917474906e-05  -2.5725736576913969e-04  -5.6619541378492746e-04  2.9091203834986955e-06  1.8771222775426524e-05  3.9458864474633713e-04  1.0551223328250777e-03  1.8475443839213180e-05  -4.9566461674025367e-06  -1.1257447182371060e-06  -7.8594795087902331e-07  2.8425438935375332e-06  7.6306419596274648e-06  2.6657677540176625e-07  1.5332407007506345e-06  -8.8765945934300997e-06  -1.8125394999855734e-05  1.4275632088144618e-06
1.8666666666666600e+00  2.4624772266235878e-04  -3.9423034508764029e-05  -4.3502856245135156e-05  -2.1240586130471563e-04  -4.0808617800691747e-04  4.2656741369656691e-06  4.2286167355117010e-05  3.8845871474545472e-04  8.6582454108920356e-04  4.1805299442605562e-05  -6.2195213599190778e-06  -2.2875861984896346e-06  -2.3387903545085729e-06  7.2379754996680915e-06  1.9137414459802961e-05  8.9042393085216313e-08  2.2936060588114534e-06  -1.4264228032938785e-05  -2.9129996521340698e-05  2.3123195663520323e-06
2.1333333333333302e+00  2.0030174071810781e-04  -6.2957824715773159e-05  -6.8149869457945894e-05  -1.5438395511195810e-04  -3.6053581580300104e-04  5.2280334577887904e-06  6.3833267437404670e-05  3.7044899368763847e-04  7.3762261175966339e-04  6.6558780212031966e-05  -6.1614732258283126e-06  -3.6915984971569843e-06  -5.2254821081739900e-06  1.4061447615101763e-05  3.5815049937362109e-05  9.3942975832070611e-08  2.7228807266097608e-06  -2.3065123039777013e-05  -4.3639992028365684e-05  3.6468242603487301e-06
2.3999999999999999e+00  2.6454243680060685e-04  -7.2996480342952741e-05  -8.1662855963199224e-05  -9.2639164277212214e-05  -3.7425594235195297e-04  5.4322643037274457e-06  6.5206466468876003e-05  2.9399801956272716e-04  6.3628092918423555e-04  7.6603913013138100e-05  -4.8208745631304465e-06  -5.1664059215184629e-06  -8.2834821511007865e-06  2.2057613741266324e-05  4.2091867951932535e-05  3.5962157565632484e-07  2.5237588274827081e-06  -3.6007612154768779e-05  -6.2530975234087143e-05  5.3937065018223897e-06
2.6666666666666701e+00  3.6081910179801529e-04  -6.1559146416001256e-05  -7.2714286066206105e-05  -2.5553574094971991e-05  -3.5625282399968060e-04  4.3984654125047806e-06  5.0086733674282359e-05  1.5146898140430925e-04  4.9573226412801972e-04  6.4833937918728476e-05  1.6612783777126022e-05  -6.0157557821787129e-06  -9.6340539313728000e-06  3.1325342002308583e-05  1.7952800555884666e-05  4.4159321116677356e-07  2.0711285338620487e-06  -4.8837881447355298e-05  -6.3212986973895235e-05  6.3790055754999847e-06
2.9333333333333500e+00  3.9261950077457147e-04  -3.3644659060708736e-05  -4.1801906190181950e-05  5.7864703615719779e-05  -2.5803619962331398e-04  2.7697252938308301e-06  2.9064658824169426e-05  -2.9316855129143658e-05  2.5270478567500636e-04  3.6292581377701431e-05  6.9858592472033207e-05  -6.5007586528854722e-06  -9.2161023992989684e-06  4.1107503772017271e-05  -3.2715951503017234e-05  1.0785898075935500e-08  2.9552674903560180e-06  -5.6443361552293328e-05  -2.7132452793363612e-05  6.5421042596488068e-06
3.2000000000000202e+00  3.1647824512416573e-04  -3.0821637451170549e-06  -5.5641673795424530e-06  1.6035312023407689e-04  -7.4626437181555334e-05  9.9039522351718986e-07  6.2297985224493056e-06  -2.1094596014803688e-04  -1.0463755914884925e-04  3.9844777109080282e-06  1.4196715203651717e-04  -7.3092746768477373e-06  -9.2319443606754474e-06  5.0448819797907858e-05  -8.6432225391530718e-05  5.2318571223059389e-08  5.4117653849059562e-06  -6.0549119699868601e-05  3.2062152615473352e-05  7.3956837376546192e-06
3.4666666666666899e+00  1.6181307352886978e-04  1.8243807446348767e-05  2.1567303263063755e-05  2.6632158152719155e-04  1.5635978705314023e-04  -9.8787691061736482e-07  -1.2525851947178921e-05  -3.6364388653715166e-04  -5.0360771262371784e-04  -1.9650751341536438e-05  2.1045472472200477e-04  -7.8914738963575359e-06  -1.0175388039831638e-05  5.8760506653589064e-05  -1.2461563884539909e-04  1.4512955124506376e-06  7.2766483198298343e-06  -6.6938346778390646e-05  8.6163989170902924e-05  9.1344138023028169e-06
3.7333333333333698e+00  1.6820441414862681e-05  2.7591394966578019e-05  3.5746657664572005e-05  3.6060018098060841e-04  3.4808000665261679e-04  -1.9752743323380788e-06  -2.1299080014778935e-05  -4.7162994782092097e-04  -8.2511674182856893e-04  -3.0136410431985382e-05  2.7062753775378530e-04  -8.7017220662627219e-06  -1.0830226531934544e-05  6.5180383568556633e-05  -1.5531153440909935e-04  2.0084393069196078e-06  7.6787348184823647e-06  -7.5928732042928915e-05  1.3082430396215507e-04  1.0406988318287817e-05
4.0000000000000400e+00  -3.5613791789872775e-05  2.8865486388798096e-05  3.6527998434126931e-05  4.3294522498863911e-04  4.2576092000653278e-04  -1.1894476411146462e-06  -2.4654800313103371e-05  -5.3316834957073866e-04  -9.8820080769512568e-04  -3.0883871820586700e-05  3.3284031176285722e-04  -1.2538536700587812e-05  -1.2133285297166905e-05  6.9651840957623756e-05  -1.9917677241163960e-04  -9.3050904002762809e-07  1.0053794443005491e-05  -8.1409043978101264e-05  1.8249067227716771e-04  1.1808293442764101e-05
4.2666666666667101e+00  1.8811089325266415e-05  2.5125769573676944e-05  2.4502181896177781e-05  4.7643631275846583e-04  3.9107992610812618e-04  -5.1229918560184323e-07  -3.0066407114114271e-05  -5.5427827826200747e-04  -9.9367287255568344e-04  -2.6526824535992604e-05  3.9164483469861352e-04  -2.0622344467065461e-05  -1.6409242237178485e-05  7.4581103323194221e-05  -2.4906035472873218e-04  -6.0441742757434066e-06  1.7480400300968454e-05  -7.9356313103272602e-05  2.3787640818031532e-04  1.5607670590556952e-05
4.5333333333333803e+00  1.5315085207249905e-04  1.7287835617686569e-05  5.7255956279836723e-06  4.9981044465685425e-04  2.8895791683136127e-04  -1.3760825436339454e-06  -3.5360995673170967e-05  -5.5214108326863279e-04  -8.9009208507913025e-04  -1.8963347415526070e-05  4.2005727375275391e-04  -3.0466450811859766e-05  -2.2840876423623499e-05  8.4060686820521576e-05  -2.7117190459029065e-04  -9.5442289465396275e-06  2.8869040567824935e-05  -7.4494709987741933e-05  2.6278909255438785e-04  2.2419442881781948e-05
4.8000000000000602e+00  3.4436907818212426e-04  8.2342087302527470e-06  -9.5528934230256626e-06  5.2062534974861281e-04  1.5010829510728286e-04  -2.1619139365295004e-06  -3.4005369340775138e-05  -5.5026313325295517e-04  -7.2518208246430611e-04  -1.0051345317542599e-05  4.0244253638724986e-04  -3.6999725674926036e-05  -2.6666746765204190e-05  9.8812693993472460e-05  -2.5120720898670444e-04  -8.1373579605905448e-06  4.0258046433300848e-05  -7.5653391386090870e-05  2.3309574780201942e-04  2.9968234441664892e-05
5.0666666666667304e+00  5.7681103118295139e-04  2.4774908878990061e-06  -1.4172452153532327e-05  5.4658051743064788e-04  -1.7290776817679347e-05  -1.2178874710466082e-06  -2.5458771943337071e-05  -5.6156571306772594e-04  -5.2962497297476285e-04  -3.3371062450696434e-06  3.5884261813022339e-04  -3.3995233478182828e-05  -2.4682454547824502e-05  1.0759592718795773e-04  -2.1611326014282697e-04  -6.4023468795596601e-07  4.3782368120129609e-05  -8.4510699093698989e-05  1.7525490078983976e-04  3.3225907659927187e-05
5.3333333333333997e+00  7.9553361260470434e-04  1.5287363038703348e-06  -7.8506883415514718e-06  5.7559530474355345e-04  -1.7451793739730600e-04  5.6924686560521399e-07  -1.3768400990291161e-05  -5.8542004863940881e-04  -3.6143646830563361e-04  -9.8661301522490323e-07  3.3138428868225822e-04  -1.8380198654977485e-05  -1.8109043687582203e-05  8.8288980424619859e-05  -2.0829688337504397e-04  1.0126849664956209e-05  3.0441811281099451e-05  -8.9703102673922971e-05  1.5816267594423322e-04  2.6782101603832016e-05
5.6000000000000796e+00  8.6984192441051991e-04  3.0669099289759050e-06  4.5676254724493147e-06  6.0063095088607799e-04  -2.1589283493149593e-04  1.6799424076793672e-06  -2.2228896688641834e-06  -6.1113404354449662e-04  -3.3780179373417538e-04  -1.7328147065689791e-06  3.4752123361435106e-04  5.5888140149096837e-06  -7.8575300745424697e-06  2.5022356124788640e-05  -2.5188145836523295e-04  1.8265411994847779e-05  8.3668450731712722e-07  -7.1627318869907310e-05  2.4298373892392463e-04  9.6711034214048962e-06
5.8666666666667497e+00  7.7274633021771812e-04  4.3660865110732924e-06  1.6913547005968189e-05  6.0866688423116995e-04  -1.2978552537017235e-04  1.9364331883047450e-06  7.1030339508630488e-06  -6.2181853247631651e-04  -4.5506340994312032e-04  -2.9570436116828527e-06  3.9307285682841638e-04  2.8929747664765288e-05  6.7823559762135641e-06  -7.7548985409381247e-05  -3.3998850365378681e-04  1.9546243902247112e-05  -3.1890732065052805e-05  -1.5842924618192092e-05  4.3339520665746837e-04  -1.2822521202816827e-05
6.1333333333334199e+00  7.2528029995259501e-04  4.0896804947414500e-06  2.4909395115299780e-05  5.9854006257349939e-04  -1.0221712791171067e-04  1.7260016639022829e-06  1.2875137115277260e-05  -6.1570867350575753e-04  -4.8641085431058544e-04  -2.9615254156520747e-06  4.2597332000818120e-04  4.5478407491300753e-05  2.3508726991402007e-05  -1.9847207047243861e-04  -4.4400573530739069e-04  1.4775277558564384e-05  -5.4906949665453215e-05  7.5678267940430805e-05  6.7407196760476155e-04  -3.3685883242893680e-05
6.4000000000000901e+00  8.5177693613961477e-04  1.9208919923523228e-06  2.6600667613416342e-05  5.8844425862177952e-04  -2.1278826385828260e-04  1.1436295402486395e-06  1.4738127525327931e-05  -6.0953167607811262e-04  -3.4015556220236775e-04  -1.2679946614916501e-06  4.1779905174178550e-04  5.5379831966014608e-05  3.8028181555919884e-05  -3.1738053579400614e-04  -5.3524748787288432e-04  7.5789516597011983e-06  -6.6747498782474744e-05  1.8842367317244645e-04  9.0292011156057554e-04  -4.9795612477060754e-05
6.6666666666667700e+00  9.4011635891663595e-04  -9.1620383162859526e-07  2.1589415677706150e-05  5.8178015510536069e-04  -2.7792893096457213e-04  4.5719132835222714e-07  1.1948898430869631e-05  -6.0387214162568815e-04  -2.3335563647941188e-04  1.1344674599859880e-06  3.6990079261161772e-04  5.9734460084511390e-05  4.8675713253866739e-05  -4.2723946501002646e-04  -6.0016777054447531e-04  -2.5954868358226432e-07  -7.0943499148899054e-05  3.1071229908449820e-04  1.0969981319856725e-03  -6.0758950063451315e-05
6.9333333333334402e+00  9.2203318777600639e-04  -1.8831451847719319e-06  1.2383631411289749e-05  5.6201234819605258e-04  -2.7081252583472412e-04  -8.0749144759546405e-08  4.0565783398079421e-06  -5.8356259069245885e-04  -2.0563830836852029e-04  1.8498574927411333e-06  2.9608729947747038e-04  5.5606952436096316e-05  5.4275085486063105e-05  -5.2906360752934852e-04  -6.3920269133558672e-04  -8.5914975343805969e-06  -6.5438587770194989e-05  4.3890900852029181e-04  1.2630102469384568e-03  -6.3590670869690684e-05
7.2000000000001103e+00  1.1243668994855701e-03  -4.6611616991566905e-07  1.9011692584673773e-06  5.3672968390703778e-04  -4.7100504908242777e-04  -1.0129379602624397e-06  -6.8323876023144870e-06  -5.5696798810045748e-04  4.9807819100960825e-05  -1.7479986091912003e-07  2.1616350107929984e-04  4.1246849098014994e-05  5.1322446898165468e-05  -6.1702475819138899e-04  -6.6157347027867813e-04  -1.4926104384615452e-05  -4.7120147988696529e-05  5.6367050539729308e-04  1.4040426545141945e-03  -5.4350221442527997e-05
7.4666666666667796e+00  1.6430149918322456e-03  3.4764244834955916e-07  -1.1977661330142325e-05  5.3560528854573893e-04  -9.1495518664794261e-04  -1.9168278007548826e-06  -1.8496528587821612e-05  -5.4709464793507108e-04  5.7098994084578858e-04  -1.7113891882517788e-06  1.6485014646971640e-04  2.2201049237454618e-05  3.8667872549252504e-05  -6.7684500763526810e-04  -6.8375476869142319e-04  -1.5766450741420098e-05  -2.2048350347006143e-05  6.6079143057845688e-04  1.5141230067262789e-03  -3.5662391092497138e-05
7.7333333333334604e+00  2.0306200290433046e-03  -8.8564621311872085e-07  -2.4937313552108081e-05  5.5959962007335478e-04  -1.2063588979116966e-03  -3.8197601969982650e-07  -2.6496408256117652e-05  -5.5394948191727310e-04  9.1207244926788450e-04  5.8057021317486513e-07  1.7823191042898916e-04  6.3282204235617200e-06  2.1024708071235970e-05  -6.9911464812508705e-04  -7.2184818391562338e-04  -1.1858878269972391e-05  -1.5354997477148949e-06  7.0649087409858035e-04  1.5931306488984362e-03  -1.6368623258892263e-05
8.0000000000001297e+00  1.9124009663984678e-03  -4.5138238021396779e-07  -2.2518475936995039e-05  5.7972682288717791e-04  -1.0773753116299946e-03  3.5741705993154598e-06  -2.4302981624185195e-05  -5.6071366795059697e-04  7.5658042022090210e-04  3.1894504853805956e-06  2.6097569147282880e-04  -3.9422808756168303e-06  4.4668135799005870e-06  -6.8756536668569982e-04  -7.7787277731599454e-04  -7.2952334548073677e-06  9.7321124482159144e-06  6.9810878259372921e-04  1.6474907323549687e-03  -2.5258225090590012e-06
8.2666666666667705e+00  1.4052815357320076e-03  3.8885634339029923e-06  -3.1670948646422226e-06  5.8140872375088458e-04  -6.6475157243271906e-04  5.7868192502255238e-06  -1.3862704020798599e-05  -5.6103208118197015e-04  2.4974295671198086e-04  7.2554023777900914e-07  3.8009724329271294e-04  -1.0188726578862347e-05  -8.0572445493715648e-06  -6.5135461196779018e-04  -8.3707803062008546e-04  -3.9025640635879123e-06  1.4700729255184463e-05  6.5275951312330452e-04  1.6762800327268254e-03  6.1969756581053926e-06
8.5333333333334007e+00  7.8369392431904060e-04  8.0841469948735817e-06  1.7837777059909561e-05  5.6842726277454337e-04  -1.8058617458020150e-04  3.8141460970864074e-06  -2.0867312078751461e-06  -5.5529612702590525e-04  -3.4585330211329404e-04  -4.9220844186067609e-06  4.9780506676053919e-04  -1.2709182391871698e-05  -1.5529522492078066e-05  -5.9286869575160724e-04  -8.8215834226317751e-04  -4.9822523513606473e-07  1.5717426818348845e-05  5.8854042413753469e-04  1.6681514884716018e-03  1.1380938975330163e-05
8.8000000000000398e+00  1.4088458229827804e-04  7.2492031625010507e-06  2.8314515815266355e-05  5.4161546968796946e-04  3.2074091875739457e-04  6.6943929198769040e-07  9.0028068561664741e-06  -5.3748423589770184e-04  -9.4127442397823270e-04  -6.6802581233793514e-06  5.9855425184313115e-04  -1.0704809621474251e-05  -1.7124096582454173e-05  -5.1135646975277219e-04  -9.0627537280515372e-04  3.2091958267949002e-06  1.1891961099707149e-05  5.1456908329583072e-04  1.6170703736096790e-03  1.2453126820244911e-05
9.0666666666666806e+00  -4.9885205941962085e-04  3.0409554054145495e-06  2.8444950009248332e-05  5.0805103091181698e-04  8.2047512619803106e-04  1.0316407552620857e-08  1.7893617728443185e-05  -5.1085713520232631e-04  -1.5196511896182947e-03  -3.0259419856621772e-06  6.7884136850513116e-04  -5.7776952141048216e-06  -1.3510196442626703e-05  -4.1575797249303477e-04  -9.0911095423832624e-04  5.2266709163515418e-06  3.8757333986726630e-06  4.3926855590885029e-04  1.5332490876721454e-03  9.2370112701010377e-06
9.3333333333333197e+00  -1.0460048032522270e-03  1.1334031461634755e-06  2.3308975369796304e-05  4.7958804194764157e-04  1.2407034098387839e-03  4.9595852675020702e-07  1.8919775306279219e-05  -4.8658735668329767e-04  -2.0106908745097843e-03  -5.5237970882650074e-07  7.3178255761957459e-04  -1.9761520244986952e-06  -7.7698425060693512e-06  -3.2183440223193868e-04  -8.8894375446306104e-04  3.8581921943665544e-06  -3.7061016102261854e-06  3.7531586438383342e-04  1.4335687552577748e-03  4.3948115681022609e-06
9.5999999999999499e+00  -1.4717217494934814e-03  2.1218722591073418e-06  1.4097530222509220e-05  4.5297581934540364e-04  1.5530184287982549e-03  -6.0391965108638516e-07  9.9910807507206918e-06  -4.5804579036723295e-04  -2.3801973786555480e-03  -2.3207961825748849e-06  7.5237963670259740e-04  -2.1854299134742019e-06  -3.4459070230507611e-06  -2.4129013846194597e-04  -8.4693418274198672e-04  1.0025116814590864e-07  -5.7311327232613904e-06  3.3060961486207731e-04  1.3309276606832433e-03  1.7308422861721060e-06
9.8666666666665908e+00  -1.8858732558814043e-03  2.7272884572677383e-06  1.1560699333978996e-06  4.1679316456465866e-04  1.8438992232107244e-03  -1.8138358005275873e-06  -3.1490197995007161e-06  -4.1032697412116370e-04  -2.7152327592544546e-03  -4.0073579877067085e-06  7.4016640348123768e-04  -6.2189105110395043e-06  -2.4879002833040372e-06  -1.7969313897863619e-04  -7.8972570062059108e-04  -3.2769864914641431e-06  -4.2023923136385605e-07  3.0393212765270495e-04  1.2307014821036986e-03  3.2796263820141888e-06
1.0133333333333200e+01  -2.4102970483113836e-03  2.9341930651753358e-06  -1.0200325188226950e-05  3.6793944691526306e-04  2.2174111702664874e-03  -7.3463364279600894e-07  -1.4204576490736958e-05  -3.4610404139043840e-04  -3.1342484860691672e-03  -3.4458754537464136e-06  6.8947564233188033e-04  -1.2680499495597128e-05  -5.5963851289974547e-06  -1.3655706571511460e-04  -7.1795365272563159e-04  -4.3729053315375526e-06  1.0734580452536381e-05  2.8927017518429762e-04  1.1221224429777484e-03  8.9657682990828348e-06
1.0399999999999901e+01  -3.0152586231958368e-03  4.0608719838370092e-06  -1.4843982005235114e-05  3.1947559113161848e-04  2.6677496293960861e-03  5.7514595183283852e-07  -2.0390010529918232e-05  -2.8428512613191411e-04  -3.6382544284706748e-03  -3.2990283501596215e-06  5.9283535499828738e-04  -2.1017124631535742e-05  -1.3018554459880870e-05  -1.0411763077296846e-04  -6.2264277615292879e-04  -3.1613697141473981e-06  2.5112139948986671e-05  2.7740019562968131e-04  9.8047212307862176e-04  1.8036022989777130e-05
1.0666666666666501e+01  -3.4502682491291937e-03  3.9690439036341830e-06  -1.4130312921081962e-05  2.9465245094794349e-04  3.0195664722183560e-03  -1.9102104717037111e-07  -1.9851830214671462e-05  -2.4677891609612904e-04  -4.0261131594265002e-03  -3.7390721322352283e-06  4.6866862136695137e-04  -3.0712283786472606e-05  -2.3611286669270504e-05  -7.0105012303505078e-05  -5.0761408860855223e-04  -4.2282578147174042e-07  3.9846545739192888e-05  2.5580122860700003e-04  7.9909938758188938e-04  2.9344308139649087e-05
1.0933333333333101e+01  -3.3781392259517127e-03  9.4369550921159823e-07  -1.0077698048198314e-05  2.8939570114400637e-04  2.9966615147738996e-03  -2.0336750839160103e-07  -1.1748923614682099e-05  -2.4155113989644627e-04  -3.9536436819414380e-03  -1.0460208686159608e-06  3.7182111560393456e-04  -3.9601528452561992e-05  -3.4134373923345075e-05  -2.4495059670289192e-05  -4.0345148298965151e-04  3.0239631626568776e-06  5.1403563742270139e-05  2.1205781252295639e-04  6.1109463655720415e-04  4.0373811612972251e-05
1.1199999999999800e+01  -2.6669882626979800e-03  3.4139585749186857e-07  -8.8469748522411842e-08  2.8961376992647070e-04  2.4476032674692104e-03  3.2611449806079843e-06  -1.4330521335210834e-07  -2.4865718567221382e-04  -3.2339338583104206e-03  2.4355588451026995e-06  3.3945482513046379e-04  -4.4602784511122749e-05  -4.1028118935052739e-05  3.4983109870526048e-05  -3.3025711035592262e-04  5.9343935895150729e-06  5.6104052023770793e-05  1.3984666187662475e-04  4.4559747292034703e-04  4.7443103610721002e-05
1.1466666666666400e+01  -1.5475037115506688e-03  9.1698752611084245e-06  1.4936633496471983e-05  2.7859896756129163e-04  1.5235047947025980e-03  7.3895492077317980e-06  4.0785531115888015e-06  -2.4319354281550004e-04  -2.0716060281247991e-03  -2.9350717392428407e-06  3.3623653676984733e-04  -4.4022734472779131e-05  -4.2638981404207257e-05  1.0379449528085443e-04  -2.6011316321833009e-04  6.9071529538645712e-06  5.2044811932669418e-05  4.1824916701629168e-05  2.7458032787087446e-04  4.7844129653888176e-05
1.1733333333333100e+01  -4.3761473899576808e-04  1.6554452759281548e-05  2.2447397063773717e-05  2.1899786014097997e-04  5.6118666438054090e-04  3.6282988218317469e-06  -9.2308608553452515e-07  -1.9552738288233795e-04  -8.5602203610867390e-04  -1.3755361006915387e-05  3.1582806891085688e-04  -3.8288138661761445e-05  -3.9236556773876964e-05  1.7707146432491117e-04  -1.6516754421302694e-04  5.6611651232827319e-06  4.0227616396609840e-05  -7.4372566934575714e-05  6.5157468271156714e-05  4.1525179315836939e-05
1.1999999999999700e+01  3.9682239465250969e-04  6.6920043187823749e-06  1.3761157932990083e-05  1.3509100265039493e-04  -1.9405792963701741e-04  -5.7978760176815317e-06  9.3069550734414710e-07  -1.0602196854253039e-04  1.3577765302998231e-04  -1.1585903914600835e-05  3.0940219987315813e-04  -2.8632387888407706e-05  -3.1629248177129148e-05  2.5220331779486909e-04  -7.6763087975656555e-05  3.3630143972640442e-06  2.3741742191409881e-05  -1.9999177310298533e-04  -1.3796370328167739e-04  3.0408067170992036e-05
1.2266666666666300e+01  8.3707056638550250e-04  -1.4797841665251953e-06  6.5551381971332558e-06  4.8085832495506326e-05  -6.4663221192550770e-04  -4.2048149604205315e-06  8.0229308624186666e-06  -9.7642199227491571e-06  7.7229198131112441e-04  -2.0619340162512794e-06  3.3927300091494365e-04  -1.5942777772321012e-05  -2.0710780574607999e-05  3.2399179754515138e-04  -1.5283813663549781e-05  1.4437300733711203e-06  6.0360914918631658e-06  -3.2257394479181926e-04  -2.9325889576949955e-04  1.6598011687679425e-05
1.2533333333332999e+01  7.4001402487374650e-04  1.6784926910968892e-05  1.9851512894145703e-05  -8.2107579561771152e-05  -7.0788701352624472e-04  5.7790737597389038e-06  -3.3087885715938503e-06  1.0254694046067479e-04  9.4665208803974333e-04  -1.2216379954031740e-05  2.9995477671040547e-04  -1.1743741402195708e-06  -8.3734192312196815e-06  3.8565930501028504e-04  9.2064158807163754e-05  4.2369103319450401e-07  -1.0793647548849099e-05  -4.2804988052796533e-04  -4.8726963870084766e-04  1.7228182894036531e-06
1.2799999999999599e+01  1.1661372732661635e-04  4.0679285143287936e-05  3.7506991525466525e-05  -2.3896812912027406e-04  -3.4739591561775270e-04  5.7735879056238353e-06  -2.6768690149887202e-05  2.3856455383439336e-04  6.2341645716541111e-04  -3.5677915845227500e-05  1.1341889845894017e-04  1.3255128241571070e-05  2.9728985724984368e-06  4.3867485255336157e-04  2.9405619380283614e-04  -4.0111339890858171e-07  -2.5549287678343250e-05  -5.1164230596702893e-04  -8.0090061516738297e-04  -1.2273000655177251e-05
1.3066666666666199e+01  -6.9421782608004867e-04  4.1471103089723664e-05  3.6484137229373683e-05  -3.4212678920125171e-04  2.3535893311349507e-04  -2.2313732960663160e-06  -3.3754890276273996e-05  3.4673481512277745e-04  1.6645650784427650e-05  -4.2611615376120608e-05  -6.5677280973513853e-05  2.2916796802904373e-05  1.2468651593160045e-05  4.9006539909595261e-04  4.7319328295570130e-04  -2.3207804497112226e-06  -3.4342096202063369e-05  -5.7629517558159939e-04  -1.0956025021798984e-03  -2.2162455829537109e-05
1.3333333333332900e+01  -1.2423320461286279e-03  3.0174613657612246e-05  2.4855090271739999e-05  -3.7547018068040991e-04  6.7755416628474349e-04  -4.8121410877223621e-06  -2.6229185882271254e-05  3.9040911097941309e-04  -4.5186151583096910e-04  -3.3714905713819478e-05  -4.0296444628392774e-05  2.4172045822646026e-05  1.9687846990458391e-05  5.3676298951987889e-04  4.8767694979855321e-04  -5.1465415420921147e-06  -3.1320438058669456e-05  -6.1807739244755327e-04  -1.1675551054114641e-03  -2.4290498851032039e-05
1.3599999999999500e+01  -1.2892022224324040e-03  3.0296901777006711e-05  2.2306960471605528e-05  -4.1391911261611273e-04  7.1217617810924656e-04  -2.1499803818033282e-06  -2.8542331295747372e-05  4.1138250803684009e-04  -4.3068468539587837e-04  -3.2294961064713061e-05  1.1949577512662591e-04  1.8740618568414758e-05  2.2357701908868924e-05  5.6891881479247748e-04  3.9058621355177891e-04  -6.3913646861155568e-06  -1.7483798280650609e-05  -6.3124520117630424e-04  -1.0664176848241105e-03  -1.8265307330037682e-05
1.3866666666666200e+01  -8.8178559966933085e-04  4.4420673131873590e-05  3.3198153617040464e-05  -5.3218633839650367e-04  3.1435013023255729e-04  -1.3088513486086893e-06  -4.8719899778724366e-05  4.7897888825201580e-04  1.5890207077936478e-04  -4.6229515582356066e-05  2.2046796897458003e-04  1.2946464472799033e-05  1.9439276078550911e-05  5.9183633068852831e-04  3.2585159813891627e-04  -4.6360548031583317e-06  -3.7365632851691657e-06  -6.3027412527248857e-04  -1.0013939847475038e-03  -9.2464356598047634e-06
1.4133333333332800e+01  -2.1091330755068394e-04  6.2935749757399916e-05  5.2798185995002730e-05  -7.4568784777913203e-04  -3.7046868499163838e-04  -3.0323548347865644e-06  -7.5072978796288488e-05  6.2226899121033271e-04  1.1673716217278716e-03  -6.6469541446781335e-05  2.7160953461768332e-04  1.1040154403281643e-05  1.4530847303006618e-05  6.1991798706963848e-04  2.9613624476068282e-04  -2.7641201283131689e-06  -2.0838229609553910e-07  -6.4131431181970301e-04  -1.0026869564908095e-03  -4.2964575095007170e-06
1.4399999999999400e+01  5.1575687087805470e-04  7.8442218509516896e-05  7.6035315965087766e-05  -1.0200683251228174e-03  -1.1510247670869285e-03  -4.0635051128741736e-06  -9.2815433490605009e-05  8.2668382064583301e-04  2.3492513434431915e-03  -8.2911577921731771e-05  3.9036367769378831e-04  1.0497411693472659e-05  1.0855942150153646e-05  6.4880893642607672e-04  2.2071285091271602e-04  -4.4314037286355741e-06  -4.4682541627860648e-06  -6.6513595030719868e-04  -9.4539149578157700e-04  -4.2261415431653329e-06
1.4666666666666099e+01  1.0976468056065742e-03  8.5402975933590133e-05  9.4212631993248599e-05  -1.2930133306578249e-03  -1.8295880178720572e-03  -2.9710152845285922e-06  -9.3250527022171838e-05  1.0568176334491497e-03  3.4157518835884046e-03  -8.8719484772359938e-05  5.3318673335422766e-04  7.2107961009094291e-06  5.9726156199775245e-06  6.6504502763957603e-04  1.2482606017539285e-04  -7.2283030793673122e-06  -5.9286765423992798e-06  -6.8060203101281036e-04  -8.3334276783090871e-04  -2.6934643780339091e-06
1.4933333333332699e+01  1.3268662015017616e-03  7.8774844923200634e-05  9.5983469565176461e-05  -1.4911666838448312e-03  -2.1896904328650721e-03  -6.8431154925333297e-07  -7.5481438828459130e-05  1.2668856811802512e-03  4.0426653964775530e-03  -7.9637263298264779e-05  5.7418107162835418e-04  3.6261952580799655e-06  -1.6092507241095692e-06  6.7277864947212036e-04  9.7477953665693495e-05  -5.5312774769801610e-06  -3.2871188896195551e-06  -6.8537358802513311e-04  -7.9713029810607136e-04  1.7482357083142174e-06
1.5199999999999299e+01  1.0783083728601180e-03  5.6820922555008978e-05  7.5013197706657410e-05  -1.5490243757512305e-03  -2.0766204038101172e-03  9.5376852525718180e-07  -4.4675513882260036e-05  1.4053916323353045e-03  3.9891337417908767e-03  -5.5607322555481197e-05  5.2827530600194127e-04  3.9188098733148652e-06  -6.7924357547207982e-06  6.7966319026464979e-04  1.3309590811994026e-04  -3.9809450866708210e-07  -5.1642088020030925e-06  -6.9360047440050992e-04  -8.5357926498998550e-04  2.1768594993182621e-06
1.5466666666666001e+01  4.5521649211773733e-04  2.3356347634558839e-05  3.5022270535359534e-05  -1.4388398175700535e-03  -1.5463824930752395e-03  3.8200940589094189e-07  -9.0794382636102434e-06  1.4363218385415534e-03  3.2955340072117556e-03  -2.1915566026570232e-05  5.2788714821835534e-04  5.1821745237132256e-06  -6.2548952500831976e-06  6.7723961805661722e-04  1.3266723015825419e-04  2.5138985257386447e-06  -1.2006500041028095e-05  -7.0224871503139817e-04  -8.6469940752181005e-04  -2.8954952855387187e-06
1.5733333333332601e+01  -2.8619975245472559e-04  -1.3213534756547000e-05  -1.1761802781616869e-05  -1.1956587086733219e-03  -8.2510257649640560e-04  -2.5317084673528885e-06  2.2752638019790349e-05  1.3656904941168209e-03  2.2555917453125469e-03  1.2733308668812476e-05  6.7426482964966586e-04  2.6165623418348019e-06  -3.9475904369268842e-06  6.6534505215973261e-04  1.4295310712621239e-05  2.7395933009417438e-06  -1.4707946710504607e-05  -6.9668038541688382e-04  -7.1161840506804900e-04  -6.1664001593814886e-06
1.5999999999999201e+01  -9.4906017648958005e-04  -4.3254555165443981e-05  -5.0608092011940114e-05  -8.9432690482152996e-04  -1.1497857623484503e-04  -5.9690995154039367e-06  4.4605155172621914e-05  1.2291055592019177e-03  1.1697535259745429e-03  4.0038794677480326e-05  9.7119759467069000e-04  -1.9579701642047799e-06  -3.4689805127425605e-06  6.5755586589107910e-04  -2.2526826653783037e-04  4.0252652273747134e-06  -1.0503483367320783e-05  -6.8257347464385125e-04  -4.0142036995726479e-04  -4.0664916085644594e-06
1.6266666666666001e+01  -1.4397825948341588e-03  -5.9015115016590581e-05  -7.0424207225281926e-05  -5.9965339994335807e-04  4.7516704331035739e-04  -7.1946666403127475e-06  5.3561890439207629e-05  1.0531264852015833e-03  2.1785780661511789e-04  5.4440420202984998e-05  1.2975404889840464e-03  -5.2444918162609737e-06  -4.5449904887462410e-06  6.3999858744909167e-04  -5.0011173973629904e-04  5.6113474967276694e-06  -3.9931392460196090e-06  -6.6792511216008600e-04  -4.3378149191327116e-05  -1.0177909761652321e-07
1.6533333333332699e+01  -1.7010846729529139e-03  -5.7215789833569540e-05  -6.7886672191835444e-05  -3.4608037107980699e-04  8.8331515270788277e-04  -4.7927629174682781e-06  4.9568652356798474e-05  8.4349763784485302e-04  -5.0437848126159599e-04  5.3899339627865497e-05  1.4615840185608496e-03  -8.2892177514024718e-06  -7.6843287943922147e-06  6.0618534030896197e-04  -6.6461924469503407e-04  4.6251520689592940e-06  3.1503699605241116e-06  -6.3749727739197300e-04  1.8878902159827845e-04  3.6729655617725899e-06
1.6799999999999400e+01  -1.7184559392998428e-03  -4.1444691401456742e-05  -4.8817863686870060e-05  -1.4380925977228271e-04  1.0907103762319624e-03  -3.1738506915236690e-07  3.5879953840701152e-05  6.0123917307401892e-04  -9.7074013245858131e-04  4.0924245798352487e-05  1.3365997475023512e-03  -6.9646044608710013e-06  -9.8673775841273545e-06  5.7317325044120115e-04  -6.0374979496202025e-04  6.4857993169654823e-06  7.0447520759849127e-06  -5.9671863190504239e-04  1.4236855041397341e-04  6.1619785713679146e-06
1.7066666666666102e+01  -1.5510337627387758e-03  -2.1779226788851014e-05  -2.5502366907816196e-05  1.7913416509492738e-05  1.1423856891601605e-03  2.5079419364164982e-06  1.9570816387507866e-05  3.3414512308565695e-04  -1.2409587404513221e-03  2.2809876093214981e-05  8.6170131808962656e-04  4.6452148437920323e-06  -3.8585034537089684e-06  5.1505120015241416e-04  -2.7370459499512602e-04  1.2241004492319157e-05  -8.3388375291119411e-07  -5.5406770510557548e-04  -2.2235860847094453e-04  1.3316885099162440e-06
1.7333333333332799e+01  -1.2920520756985264e-03  -9.8062268906243143e-06  -1.0417181071249905e-05  1.6717662273393283e-04  1.1139063409029814e-03  7.5234459650551008e-07  9.2824540836682328e-06  5.7403286634607467e-05  -1.4170852560963462e-03  8.9896537730196973e-06  3.8754045757694795e-05  1.2561205608714256e-05  3.5956763973198633e-06  4.2287176982364099e-04  3.1702881055268651e-04  7.9317851779637430e-06  -1.2645140277856725e-05  -4.8732777463920106e-04  -8.7319697923387988e-04  -8.2631478832566813e-06
1.7599999999999500e+01  -1.0120891393579001e-03  -1.1791413957566704e-05  -9.8957801735269368e-06  3.3307437991562027e-04  1.0614789533748218e-03  -4.9966452326449710e-06  1.0468185135273399e-05  -2.0690797093255405e-04  -1.5724205100572665e-03  6.3019390800200070e-06  -9.3145426376030805e-04  -2.4194359759966281e-06  -3.6787758043276545e-06  3.6006718133362503e-04  1.0449386077008016e-03  -6.7756054726368624e-06  -6.1285671638710502e-06  -4.0972452213226135e-04  -1.6920446475113282e-03  -4.7342028732464308e-06
1.7866666666666202e+01  -7.5880015229738999e-04  -2.4858798905957893e-05  -2.1437256899567447e-05  5.2637592309972485e-04  1.0192311485558939e-03  -1.0422334192365987e-05  2.1695831141364596e-05  -4.3425765965193340e-04  -1.7386844825592511e-03  1.5280236072846167e-05  -1.7416404058517294e-03  -2.4608161421623578e-05  -1.7147579340831185e-05  3.4718921324790829e-04  1.6833230912574541e-03  -9.1215074318867988e-06  1.5804532079536748e-05  -3.6017740205038142e-04  -2.4338214932307506e-03  1.4173359025001607e-05
1.8133333333332899e+01  -5.7930719524405642e-04  -3.8550456045032374e-05  -3.5615531280139691e-05  7.3314394211849998e-04  1.0198204986563151e-03  -1.0076720334162046e-05  3.4831004371520296e-05  -6.1006960373764069e-04  -1.9354762894987208e-03  2.9683741732519247e-05  -2.3274209737785788e-03  -2.2565388411277789e-05  -1.2133457692592973e-05  3.1009110549966979e-04  2.1341694348202692e-03  5.2991713071648998e-06  2.4257443840338189e-05  -3.2327651760420380e-04  -2.9453555309657976e-03  2.3115013151185576e-05
1.8399999999999601e+01  -5.0724953249822670e-04  -4.0369532512560874e-05  -4.0885549779508024e-05  9.2090762424170184e-04  1.0847074508063559e-03  -1.0443652969648019e-06  3.8909872735790608e-05  -7.3781306238309796e-04  -2.1701822132007896e-03  3.9224349101843674e-05  -2.8650872360346741e-03  -2.7727335551717237e-06  6.9750620600606073e-06  2.1237421618309498e-04  2.5098187492695271e-03  1.2455367062006909e-05  1.3005080376589995e-05  -2.5862635700134377e-04  -3.3278969630535756e-03  1.0800478656699710e-05
1.8666666666666298e+01  -5.4023174375606754e-04  -2.2122207625529165e-05  -2.8831579824636515e-05  1.0479998626728817e-03  1.2007229005903497e-03  1.4710917626859270e-05  2.5488482358386331e-05  -8.2942668505632186e-04  -2.4131830541015789e-03  3.4084659290026219e-05  -3.3492393920176674e-03  3.5321249725312904e-06  1.2880129107005870e-05  1.2352872375497433e-04  2.8507387354544519e-03  3.1307610978323161e-06  6.4006626733203885e-06  -1.8302239507479257e-04  -3.6590040741863315e-03  -1.0083379381020394e-06
1.8933333333333000e+01  -6.5577327813987573e-04  1.5755871688780786e-05  2.0587634634019135e-06  1.0755244776705505e-03  1.3312575285419142e-03  3.0743485568382649e-05  -6.9882759447515948e-06  -8.8683915654921700e-04  -2.6066997347153078e-03  9.4984156615263941e-06  -3.4722369463679355e-03  -9.0625465531298085e-06  -5.4099887219408884e-07  1.0312840389492008e-04  2.9479204218617197e-03  -5.7974620049248912e-06  1.6880169469975557e-05  -1.4390160049527697e-04  -3.7279225256492575e-03  4.6741698159803639e-06
1.9199999999999701e+01  -8.4212397046476797e-04  6.3623228197535572e-05  4.5303402347315888e-05  9.8457843494384749e-04  1.4501997180752383e-03  3.9095168637729138e-05  -5.1672907141227779e-05  -8.9526459647052011e-04  -2.7064566166839039e-03  -3.1382714726372391e-05  -2.9945850101513478e-03  -2.0817214686614695e-05  -1.5706888046652167e-05  1.1974583290065230e-04  2.5762274396299782e-03  -3.1804956943490234e-06  3.0359601296887317e-05  -1.4094046877304121e-04  -3.2579933314141828e-03  1.7766669278464439e-05
1.9466666666666502e+01  -1.0959335063479465e-03  1.0614490643710152e-04  8.8383684198632602e-05  7.9018842027444658e-04  1.5526886385739598e-03  3.4370475775248522e-05  -9.5468247343538895e-05  -8.3457123363070733e-04  -2.7047911051910935e-03  -7.7710465491559049e-05  -1.9977424022379893e-03  -1.9923406891892997e-05  -2.0949824016069746e-05  1.1207828175210290e-04  1.7508712647312965e-03  4.5375556045890503e-06  3.1144573037737811e-05  -1.3248329087260272e-04  -2.2334082279695869e-03  2.2642094365894674e-05
1.9733333333333199e+01  -1.3945052472959230e-03  1.2849539369782134e-04  1.1715764991915924e-04  5.3944317775719407e-04  1.6379723658546284e-03  1.6841450873905401e-05  -1.2402259673470343e-04  -6.9741769699219181e-04  -2.6188844960655386e-03  -1.1450827884622212e-04  -7.8334815610338945e-04  -1.0590766144639994e-05  -1.8263609755621874e-05  4.7648788441903747e-05  6.9980414809049619e-04  8.6409097396838017e-06  1.8070096972159664e-05  -8.4351347670928172e-05  -8.9684153496354352e-04  1.6589825332991474e-05
1.9999999999999901e+01  -1.6845138960616176e-03  1.2257866841427166e-04  1.2128908435014732e-04  2.9318942097689843e-04  1.6953622863162053e-03  -7.1788104054751128e-06  -1.2744181723671347e-04  -5.0044763821312352e-04  -2.4718850330329597e-03  -1.2847275916294979e-04  2.6716417280723322e-04  -1.6176939858910468e-07  -1.1389778848074368e-05  -8.3563358295687999e-05  -2.6477992743578185e-04  7.4374866244406944e-06  -5.8859388848491411e-07  2.0722979678241514e-05  3.9631185094551744e-04  5.1922288219939282e-06
2.0266666666666602e+01  -1.9018006179407040e-03  9.0519354226525301e-05  9.8664304316443792e-05  1.0282409093206117e-04  1.7091885198141220e-03  -2.8126653899852195e-05  -1.0435420958163759e-04  -2.8233262883447277e-04  -2.2873938685462917e-03  -1.1375117196719812e-04  8.0017253996266793e-04  7.5946043378011221e-06  -2.0356094952429213e-06  -2.6628318741353974e-04  -8.4504586605239321e-04  3.2259012946900504e-06  -1.5534383873594781e-05  1.8112436414603091e-04  1.2773042352601694e-03  -5.7971265228861644e-06
2.0533333333333299e+01  -2.0002660743453807e-03  4.3829970693107786e-05  5.6749540429149431e-05  -5.9099813184204311e-06  1.6701708324316947e-03  -3.7800768672993513e-05  -6.2657789867007690e-05  -8.9997790891337446e-05  -2.0891806124702494e-03  -7.5004257110155244e-05  6.7670696169136024e-04  1.1232474804786800e-05  6.4803872117482529e-06  -4.4919073647746156e-04  -8.9527448387657080e-04  -1.1696200545497463e-06  -2.1173678124844847e-05  3.6121364940391463e-04  1.5199093308930307e-03  -1.2327869801112206e-05
2.0800000000000001e+01  -1.9695286491176554e-03  -1.4674943246367690e-06  9.8263712325135581e-06  -3.7641178877520598e-05  1.5806800573991424e-03  -3.3320315235997881e-05  -1.6504885817810789e-05  4.0870838626220578e-05  -1.8962635046079590e-03  -2.5884915980212552e-05  6.8859047724071994e-05  1.1324307504607783e-05  1.0553978142544682e-05  -5.7887249947321325e-04  -5.1446584057215688e-04  -3.4724626818171757e-06  -1.8268884842248607e-05  5.0785661754213451e-04  1.1882489453706793e-03  -1.3188646842204316e-05
2.1066666666666698e+01  -1.8415826302650639e-03  -3.1652509437714284e-05  -2.7043198268343426e-05  -2.0353848167355468e-05  1.4586351233877963e-03  -1.8244410276987158e-05  1.9472245672011603e-05  1.0032889496600019e-04  -1.7232654763732784e-03  1.6851972448678774e-05  -6.8717629420584118e-04  1.0996617680768171e-05  1.0625566963020031e-05  -6.4355068722515472e-04  3.9730985620516491e-05  -3.1558857317758921e-06  -1.3276528993144549e-05  5.9267746309070305e-04  5.7734915437841587e-04  -1.1506266193647426e-05
2.1333333333333400e+01  -1.6807047276519262e-03  -4.0751997577545482e-05  -4.4368147140181298e-05  1.1358504884757542e-05  1.3372840850159754e-03  -3.0095263917543746e-07  3.6190374707812925e-05  1.0343834784609440e-04  -1.5872479989276001e-03  4.0759352998848814e-05  -1.2856666291494608e-03  1.4151544184748628e-05  1.1220148886841445e-05  -6.7027643982394607e-04  5.0557077642602710e-04  -1.8933962733822709e-06  -1.3808000801917046e-05  6.2416867997830015e-04  2.7608636142084197e-05  -1.3025184224705516e-05
2.1600000000000101e+01  -1.5494512035889234e-03  -3.1802613469114027e-05  -4.1464737022642930e-05  3.3544495220138852e-05  1.2487711506048286e-03  1.2818702035504360e-05  3.3221948609120670e-05  7.6661461207298023e-05  -1.5027206562031339e-03  4.2513521838219525e-05  -1.5097816372491688e-03  2.2850330757665844e-05  1.7129688614613077e-05  -6.9841315546569169e-04  6.8083726965146554e-04  -2.0010221479747180e-06  -2.3703656867059904e-05  6.2938284843242485e-04  -1.7725126129025854e-04  -2.1918638709480852e-05
2.1866666666666799e+01  -1.4732041309093249e-03  -1.3710847643409973e-05  -2.5209286643197305e-05  3.9452623738247000e-05  1.2016165711042053e-03  1.7091105250877532e-05  1.7449836227994336e-05  4.3846515065393595e-05  -1.4652728443834719e-03  2.7775371928903051e-05  -1.2518577401843200e-03  3.6555905998473745e-05  3.0156468765613498e-05  -7.6845622880846668e-04  4.4469649899753032e-04  -4.2982024500608186e-06  -4.1381724560703241e-05  6.4423368987134855e-04  1.4999963942411863e-04  -3.8101372805639393e-05
2.2133333333333500e+01  -1.4424774616742053e-03  3.8443819922415923e-06  -5.7117347868277507e-06  3.2980142407254933e-05  1.1825042350955106e-03  1.3319076584051838e-05  -1.3619193103013214e-06  2.0552708906206180e-05  -1.4530517650753452e-03  6.9857257538665312e-06  -5.8945411212332104e-04  5.2675083383016108e-05  4.8044549221513052e-05  -9.1337303501510419e-04  -1.7355593753647834e-04  -7.4823223715047997e-06  -6.1296221368067625e-05  7.1028629342518071e-04  1.0104873111255687e-03  -5.7335146696436620e-05
2.2400000000000201e+01  -1.4516766576697798e-03  1.4542083747358578e-05  8.5352541777801948e-06  2.1024952751249535e-05  1.1873124583366378e-03  5.6277973393300408e-06  -1.5291073647157234e-05  1.3141761678878107e-05  -1.4598383917926261e-03  -1.0084640502376286e-05  1.9512855610374181e-04  6.6528340658257514e-05  6.4908905671917178e-05  -1.1329072891096597e-03  -9.5485350333083543e-04  -9.4411272796442080e-06  -7.5890123112772574e-05  8.5287336123813259e-04  2.1498005292527717e-03  -7.2605408987904579e-05
2.2666666666666998e+01  -1.4950968457016335e-03  1.7020565971728650e-05  1.3906953834082327e-05  1.4347168299391299e-05  1.2192788009265884e-03  -1.3468830444505873e-06  -2.1016304743521057e-05  1.5489993916837593e-05  -1.4957550715090731e-03  -1.8277717757629141e-05  7.5903970194898666e-04  7.1682135905614259e-05  7.3055325257660551e-05  -1.3729997488443437e-03  -1.5896670349138545e-03  -8.9967500856079004e-06  -7.7590945905157472e-05  1.0524352422297261e-03  3.1528082305507794e-03  -7.6280946540608488e-05
2.2933333333333699e+01  -1.5306456011133270e-03  1.3918011065083523e-05  1.1931587904030191e-05  1.9308215776212130e-05  1.2509053859504559e-03  -4.7893131450049278e-06  -1.9764458835898444e-05  1.6187887846397089e-05  -1.5356653948446534e-03  -1.7953906539282646e-05  9.0276705003400251e-04  6.2796419835906030e-05  6.6378800602486697e-05  -1.5459856079406294e-03  -1.8578214365113353e-03  -6.5422488088664934e-06  -6.2397981222020227e-05  1.2474614578529279e-03  3.6707659882384129e-03  -6.3732499854308571e-05
2.3200000000000401e+01  -1.5467598349322336e-03  9.4210191735940988e-06  6.8733598267974136e-06  2.4530969948018456e-05  1.2660310186783826e-03  -4.4708142736526576e-06  -1.5334899042437162e-05  1.7040779041667736e-05  -1.5548182733023943e-03  -1.3139190518166546e-05  6.3810460629280048e-04  3.9158764116580645e-05  4.3642220114559575e-05  -1.5842881045498058e-03  -1.7186508566026937e-03  -3.5993046732657383e-06  -3.3009205222179130e-05  1.3755865539579681e-03  3.5830824200348789e-03  -3.6441482193254820e-05
2.3466666666667098e+01  -1.6236032544867073e-03  6.8564387920246853e-06  2.7818631125563198e-06  1.9855510323154437e-05  1.3222361888197086e-03  -1.9958019541668233e-06  -1.1755006090802327e-05  2.5897068222089913e-05  -1.6164701334525960e-03  -8.5190810503116793e-06  9.2583956495627159e-05  4.9207432790751574e-06  8.9911538524198813e-06  -1.4750553727783402e-03  -1.2554465943001264e-03  -1.8582065659998134e-06  3.0022970693138870e-06  1.4100154631860149e-03  2.9735027786006968e-03  -1.0241799256983306e-06
2.3733333333333800e+01  -1.7951625418427012e-03  7.3108278725341786e-06  1.7491950146942799e-06  1.7626180058059205e-05  1.4566639926817592e-03  6.2776812390499312e-07  -1.1221356372917253e-05  3.3385795365911824e-05  -1.7775833217163275e-03  -6.8527681541877467e-06  -5.9176599205927691e-04  -3.3092720464151901e-05  -3.0048968405097006e-05  -1.2467252410579505e-03  -5.8923579318159378e-04  -1.8433083247268668e-06  3.8043304106729465e-05  1.3549675411322236e-03  2.0136334907404478e-03  3.4655563732746667e-05
2.4000000000000501e+01  -1.9583087073695451e-03  9.7176509957335961e-06  3.5646939078074705e-06  2.5669186745833008e-05  1.5937901437858581e-03  2.1027084451532429e-06  -1.3170746426539851e-05  2.8013287042625330e-05  -1.9544518596210521e-03  -8.0952896198835493e-06  -1.2708450716593551e-03  -6.6439143390228231e-05  -6.4551618056326264e-05  -9.4056196092357554e-04  1.4402563395729355e-04  -2.1483398136607244e-06  6.6067646050338839e-05  1.2204859527469186e-03  8.9803190277883030e-04  6.3610066287707158e-05
2.4266666666667199e+01  -2.0467682343614443e-03  1.2211867654032835e-05  6.4621947903209515e-06  2.8185758934508244e-05  1.6687850595572123e-03  2.1810901862307719e-06  -1.5517969344649559e-05  2.1855095811251494e-05  -2.0521795523651921e-03  -1.0535457824814287e-05  -1.7972409890485528e-03  -8.6207583475117217e-05  -8.5953584246369879e-05  -6.0248109153355545e-04  7.9808877795849544e-04  -6.4848605694196590e-07  8.1455964167212864e-05  1.0151568453001043e-03  -1.7119156382147788e-04  7.9921223160330692e-05
2.4533333333333900e+01  -2.1135025504686695e-03  1.3488472718056443e-05  8.4497530095528238e-06  2.3379176943182336e-05  1.7214336192786770e-03  1.4031526996242368e-06  -1.6788786619504711e-05  2.4352869040856038e-05  -2.1123060411772556e-03  -1.2447708313647845e-05  -2.0700989869053207e-03  -8.7149792187486062e-05  -8.9189865187508214e-05  -2.8179269936218080e-04  1.2608991165351004e-03  3.0507563922879352e-06  8.0721874771577022e-05  7.5461782906540960e-04  -1.0276589064559753e-03  8.0439224800956191e-05
2.4800000000000601e+01  -2.1214918056482136e-03  1.3175688140359111e-05  8.4787619181023090e-06  3.9760850676055075e-05  1.7431620191804527e-03  5.2967273039835934e-07  -1.6790698675801791e-05  1.3210406625065075e-05  -2.1489336745346556e-03  -1.2875742125765239e-05  -2.0796858640291988e-03  -7.2009753676289599e-05  -7.5932117842821781e-05  -1.5862813442239495e-05  1.4999892906060247e-03  6.5527369651441194e-06  6.6318080286946224e-05  4.6198845321366753e-04  -1.5997370494272565e-03  6.7458784588309446e-05
2.5066666666667299e+01  -1.8700310237940445e-03  1.1590325810322280e-05  6.8805907107798668e-06  8.8516644346462258e-05  1.5815214395735234e-03  5.3413490740409929e-09  -1.5776747351819650e-05  -3.0906982527612796e-05  -1.9915025274754011e-03  -1.1744356319550164e-05  -1.8893116524105449e-03  -5.0838830617005315e-05  -5.4518567051905264e-05  1.8599219373169356e-04  1.5546362747668892e-03  6.2231428800926615e-06  4.6770577951914260e-05  1.6039174876307863e-04  -1.9164381461143434e-03  4.8497794659593520e-05
2.5333333333334000e+01  -1.2509259102684925e-03  9.5895738629947901e-06  4.8972862258285380e-06  1.3789433346898813e-04  1.1239350965281062e-03  -1.5437273528112880e-07  -1.4063766777806943e-05  -8.5268913306047663e-05  -1.4762304848921746e-03  -9.8475632501403905e-06  -1.5873879284802638e-03  -3.5296614180732919e-05  -3.5856257839880011e-05  3.3985163479679375e-04  1.4942945076252914e-03  2.7659792057818268e-09  3.2018655632554680e-05  -1.2823973104653618e-04  -2.0593920129823506e-03  3.2556182791206804e-05
2.5600000000000701e+01  -4.3033947507295104e-04  8.2783565863141053e-06  3.6278620191678768e-06  1.4907913513863985e-04  4.7182579308100206e-04  -1.2267421092063540e-07  -1.2517542976025987e-05  -1.0754083959091825e-04  -6.8765340603416732e-04  -8.4483243568391080e-06  -1.2589084612650507e-03  -3.2507135852056701e-05  -2.8079363121470975e-05  4.7190449645496361e-04  1.3891565196544951e-03  -1.0575988282100334e-05  2.8332604407279338e-05  -3.8092796147092835e-04  -2.1171411065688383e-03  2.6036650600977036e-05
2.5866666666667498e+01  2.7476074309157642e-04  8.0843290588319973e-06  3.2265790159162401e-06  1.1070204110573448e-04  -1.2917108981629814e-04  -6.6461248386862130e-08  -1.2047743324407562e-05  -7.7347793759192641e-05  8.8012269100813691e-05  -8.1809456787161212e-06  -9.7374856307161069e-04  -4.1879196063859365e-05  -3.2922395201367766e-05  6.0519122098529727e-04  1.2977861410480339e-03  -2.0390001694432785e-05  3.5937216438664109e-05  -5.7930730388639352e-04  -2.1646204991186747e-03  3.0547310212871833e-05
2.6133333333334200e+01  6.3094247466986017e-04  8.2460502364048276e-06  3.1280071474017580e-06  3.9714928687852964e-05  -4.7711593194591038e-04  -7.1442270796504135e-08  -1.2250019898320689e-05  -7.6940411470217381e-06  5.8642104165795481e-04  -8.3797970137375419e-06  -7.7438593943741007e-04  -5.5530385746532812e-05  -4.5101136149805155e-05  7.4993080286404066e-04  1.2557421191183474e-03  -2.2963479351600846e-05  4.9149507756350129e-05  -7.1923620853847105e-04  -2.2498661521845398e-03  4.2470352889345775e-05
2.6400000000000901e+01  5.7208125953583922e-04  7.8397142512003637e-06  2.8299504031025272e-06  -4.3655650617972693e-05  -5.0176090326634743e-04  -9.2469335996012917e-08  -1.1881580831207909e-05  7.7183525725913252e-05  6.9667830900046026e-04  -8.0362005160339211e-06  -6.7094802500395603e-04  -6.1893025438855272e-05  -5.4779921781603357e-05  8.9543722704727140e-04  1.2684432349426931e-03  -1.4012993062853935e-05  5.8469613015573198e-05  -8.1132845032125364e-04  -2.3821281509886416e-03  5.4077310799859079e-05
2.6666666666667599e+01  8.7657271823068629e-05  6.8136505208935907e-06  2.0864326107310042e-06  -1.2753320163837658e-04  -1.8236871294957576e-04  -3.1629945387441061e-08  -1.0708725969968649e-05  1.6164235251229204e-04  3.8000180814571369e-04  -6.9837809307463919e-06  -6.5384664127647097e-04  -5.1272629119578901e-05  -5.2153339253345841e-05  1.0098873920890788e-03  1.3194341169837404e-03  5.6544691147515582e-06  5.4504351385616925e-05  -8.7057404917072429e-04  -2.5351574962550515e-03  5.6381778331704468e-05
2.6933333333334300e+01  -7.5785609120829168e-04  5.7343176657958428e-06  9.8896082243209919e-07  -1.8116833741969209e-04  4.5559508623416406e-04  1.2324223164991449e-07  -9.6515578473663698e-06  2.1938726149136169e-04  -3.5596724095865407e-04  -5.7969234455024758e-06  -7.1112056058412186e-04  -2.0799826527521103e-05  -3.2046212142163046e-05  1.0535484063679405e-03  1.3871645215066347e-03  2.9724085162871189e-05  3.2397505075624961e-05  -9.0505795361454098e-04  -2.6668412442617073e-03  4.2942389261267218e-05
2.7200000000001001e+01  -1.6732502305325948e-03  5.3773951470681309e-06  5.1781879445942107e-07  -1.7087734607652041e-04  1.2044764556976570e-03  3.0209871634207779e-07  -9.4885443812840303e-06  2.1806621374532178e-04  -1.2843143374517089e-03  -5.3176166624321209e-06  -8.3147324702489934e-04  2.3879779392841227e-05  3.6761146376409565e-06  9.9919490025691471e-04  1.4534659347095798e-03  4.8835039501002203e-05  -5.6464610839878374e-06  -9.1171650474641775e-04  -2.7375829247365579e-03  1.2786128813148517e-05
2.7466666666667699e+01  -2.3201135889263347e-03  6.1117093556791167e-06  1.6908434159888157e-06  -1.1495916770548148e-04  1.7790600253981288e-03  3.9471162325514086e-07  -1.0065488055960940e-05  1.6741332015050194e-04  -2.0373037812482647e-03  -5.9867332755345899e-06  -9.9553258946930164e-04  7.0803708968425409e-05  4.6724673327459606e-05  8.4625860118064369e-04  1.5014718922712984e-03  5.4661945303027422e-05  -5.0968163700174121e-05  -8.7903982556963953e-04  -2.7171697000054921e-03  -2.8806994683375131e-05
2.7733333333334400e+01  -2.6329772776609484e-03  7.2003169703970923e-06  3.8733033817364351e-06  -5.9994464776899078e-05  2.0896331702789234e-03  3.0797758544563140e-07  -1.0577152635880190e-05  1.0976996901815047e-04  -2.4596993385096128e-03  -7.1363590577479123e-06  -1.1754251201591135e-03  1.0617201593004553e-04  8.5267865621618542e-05  6.2164057705179786e-04  1.5170444759443472e-03  4.3640357664901069e-05  -9.1322482394045923e-05  -7.9410411312674214e-04  -2.5913608731147953e-03  -7.1580343504062531e-05
2.8000000000001101e+01  -2.7583767065232499e-03  7.6570727556157966e-06  5.6643735722444196e-06  -2.3892551201199620e-05  2.2310273623585108e-03  5.1233351674539765e-08  -1.0357518791111737e-05  6.8674208968895722e-05  -2.6563673835379546e-03  -7.7745123195395110e-06  -1.3450303281758267e-03  1.1916169983621389e-04  1.0784573592120605e-04  3.7158526001996380e-04  1.4973719266132401e-03  1.8722550311607090e-05  -1.1474597646148013e-04  -6.5325930556051938e-04  -2.3749157261886370e-03  -1.0320786260847788e-04
2.8266666666667799e+01  -2.8175514822941887e-03  7.3290175333221135e-06  6.6019882887120162e-06  -7.7480894946408759e-07  2.2940195999760910e-03  -2.4343005530083555e-07  -9.1597118170773525e-06  4.4948242020779500e-05  -2.7563753549769416e-03  -7.6593244856474740e-06  -1.4765235409848485e-03  1.0578170615825142e-04  1.0729590217355713e-04  1.4957802186385403e-04  1.4471721531257207e-03  -1.1604645653878444e-05  -1.1369786790881287e-04  -4.7249449153974755e-04  -2.1074475497706111e-03  -1.1347273281921719e-04
2.8533333333334500e+01  -2.8410278131061470e-03  6.3953451525455797e-06  6.6625773961530641e-06  1.7414113010131797e-05  2.3119446556083556e-03  -3.6937439892450798e-07  -7.1531293860349577e-06  3.1273488601157564e-05  -2.8097265180857664e-03  -6.8345988174498313e-06  -1.5270638541806962e-03  7.0445637641355373e-05  8.3482864147364205e-05  -2.4465394142257938e-06  1.3596303674875019e-03  -3.6751853238071391e-05  -8.8149675911640391e-05  -2.8577633251331583e-04  -1.8205055193230017e-03  -9.8402286002196478e-05
2.8800000000001202e+01  -2.8109664835804086e-03  4.8851350621045293e-06  5.7378533142648185e-06  3.3816685477590017e-05  2.2890979853726267e-03  -2.5144237419751232e-07  -4.8831473146362388e-06  1.7466726761190411e-05  -2.8121005032816200e-03  -5.2403986564337919e-06  -1.4630398704692114e-03  2.4252934539589887e-05  4.3566832315965792e-05  -7.4022311686005256e-05  1.2211122449233196e-03  -4.8449576322449341e-05  -4.5831081142731784e-05  -1.2691252268792069e-04  -1.5242429820193110e-03  -6.2206906524978788e-05
2.9066666666667999e+01  -2.7268092007070007e-03  2.9709263006965032e-06  4.1335607856448047e-06  4.1154507611407951e-05  2.2292798006134408e-03  -7.7924177707672056e-08  -2.6317459146896568e-06  5.1295744952568504e-06  -2.7501757492536250e-03  -3.1388155211817074e-06  -1.3102373855194652e-03  -1.9278521342657786e-05  -4.8994111314230632e-07  -8.5203059427709760e-05  1.0476828338372842e-03  -4.4061992373017248e-05  6.3853969814178962e-07  -1.3580051781857582e-05  -1.2431949688164543e-03  -1.5902556390769532e-05
2.9333333333334700e+01  -2.6520004010876751e-03  9.9297462057181575e-07  2.2697142189742202e-06  3.3990194652910508e-05  2.1747549063152001e-03  5.0333338664818995e-08  -1.9106648442285127e-07  4.1987146824762034e-06  -2.6691441560666293e-03  -9.7260904276215304e-07  -1.1370537955273641e-03  -4.8948373464614017e-05  -3.6216550856689317e-05  -6.2159281754457262e-05  8.8580261865401017e-04  -2.7249563676959820e-05  3.8279091896191378e-05  4.8990113464987680e-05  -1.0273144827923247e-03  2.6719345868366807e-05
2.9600000000001401e+01  -2.6748353918039773e-03  -6.6364590950312357e-07  1.9303845385367044e-07  2.3284992307359078e-05  2.1970298332541177e-03  2.5407621639600055e-07  2.0621733009042073e-06  8.9499036550093401e-06  -2.6746957297895911e-03  8.8063951779903262e-07  -9.7219990284186386e-04  -5.9396178342993732e-05  -5.5107177794414390e-05  -2.2873189576125119e-05  7.5498482876457465e-04  -5.8614901438182838e-06  5.8278907712726042e-05  6.0535893697498650e-05  -8.8930079652664910e-04  5.4197677048455714e-05
2.9866666666668099e+01  -2.8283891758172186e-03  -1.6806026912704226e-06  -2.0292608168730533e-06  2.1461804707207204e-05  2.3272057214558974e-03  4.1139304803357403e-07  2.9423222566538298e-06  4.5071350977361387e-06  -2.8291290644647119e-03  1.9661090198655964e-06  -7.9338024487463315e-04  -5.2361983330812131e-05  -5.5435493526515730e-05  1.3070477696740246e-05  6.2831720220979229e-04  1.1759577375173249e-05  5.8883914893223503e-05  3.4110277866350938e-05  -7.7359069676137039e-04  6.1548635945269062e-05
3.0133333333334800e+01  -3.0857016437892308e-03  -2.1162043021779823e-06  -4.1903882894498811e-06  2.3980003675550733e-05  2.5360600016954907e-03  2.5848564357090471e-07  1.9617637683666029e-06  -5.3513336440908438e-06  -3.0981672952637429e-03  2.1799139295422223e-06  -6.1180836510089823e-04  -3.5007315879441838e-05  -4.2000776267005534e-05  2.3885605542909258e-05  4.9674099565388753e-04  2.0277838340615301e-05  4.5097287905214486e-05  2.4055181168938452e-07  -6.3768315400692158e-04  5.1420280935115644e-05
3.0400000000001501e+01  -3.4173871033543533e-03  -2.4068361630264664e-06  -6.3736347771723692e-06  2.4184705947143859e-05  2.7961430804984916e-03  -3.4578372165380119e-08  -4.6215936123520989e-08  -7.1767376601343073e-06  -3.4329702137498178e-03  2.1621164019709430e-06  -4.9430122251641116e-04  -1.6053535648190015e-05  -2.3060483477267146e-05  7.4880761094594874e-06  4.0551937892925377e-04  1.9064043351893560e-05  2.5407302688487694e-05  -1.5770441568011966e-05  -5.2088272815472029e-04  3.1771141865052655e-05
3.0666666666668199e+01  -3.7834107597867462e-03  -2.6987849151761701e-06  -8.4779399732149395e-06  3.2328128675927436e-05  3.0930876231646197e-03  -2.6755481228624438e-08  -2.0755312459581226e-06  -7.7580423912024623e-06  -3.8107828669757069e-03  2.4335476688281477e-06  -4.7008286477504701e-04  -2.0860902633775181e-06  -6.4451127628644859e-06  -1.3294367750852389e-05  3.8899182400978032e-04  1.1463363888849100e-05  7.8497331542410819e-06  -1.5889318142074821e-05  -4.7748825112208751e-04  1.1763726090176857e-05
3.0933333333334900e+01  -4.0896590204836918e-03  -2.4329135462251056e-06  -9.4197836803163999e-06  5.8808394522433111e-05  3.3662914935859087e-03  3.5598497571375833e-07  -3.8438507707728520e-06  -2.4591468875374144e-05  -4.1641847186348804e-03  2.4785114914775618e-06  -4.8266534156477268e-04  4.1854626924699633e-06  3.1728848910789664e-06  -1.9446954373322151e-05  4.1154858380596665e-04  2.3965342540904409e-06  -2.6351985463362062e-06  -1.5947538714744063e-05  -4.8497043738922476e-04  -1.8966250204677891e-06
3.1200000000001602e+01  -4.2389052917220131e-03  -1.1554100874773359e-06  -8.1552863334772522e-06  9.4690966622165858e-05  3.5264691556425821e-03  7.5946015041908561e-07  -5.3688129230890940e-06  -5.6289245960569595e-05  -4.3837043791768943e-03  1.5426652686151326e-06  -4.7239692173614692e-04  3.7127018331272305e-06  5.1593304449328431e-06  -1.6083597138820197e-05  4.1619784668754537e-04  -4.1365589235429698e-06  -5.1442968694153591e-06  -1.8794612332429428e-05  -4.8039074292651027e-04  -6.8637291871965626e-06
3.1466666666668299e+01  -4.1989310895026374e-03  6.2963877742484624e-07  -5.2099288390070346e-06  1.2770673663282716e-04  3.5306358247886365e-03  8.8795844015263388e-07  -6.3244356178165473e-06  -8.9315262900880015e-05  -4.4102658481965321e-03  -1.1474372601533548e-07  -4.5183615850029021e-04  -3.0349769717736271e-07  2.1043756271896807e-06  -1.5460217386710871e-05  3.9872515934782297e-04  -6.4193615624489029e-06  -2.1140708410110769e-06  -1.5924291300336160e-05  -4.5608258863843028e-04  -4.8896945997628035e-06
3.1733333333335001e+01  -3.9649793279591785e-03  1.9645140237859641e-06  -2.3276148745782481e-06  1.6047783688634350e-04  3.3727288994804651e-03  7.3796694113857057e-07  -6.4325767520973973e-06  -1.2194028977580780e-04  -4.2401087366155284e-03  -1.5456303925994166e-06  -4.6030225943024210e-04  -4.2256681624854341e-06  -2.1012502257618797e-06  -1.6101151625731655e-05  3.9119929807104989e-04  -4.9801816336122870e-06  2.5276771112018361e-06  -7.7053952215399533e-06  -4.5468560971831720e-04  3.5750957548892083e-08
3.2000000000001698e+01  -3.5110197935821668e-03  2.3400879781693080e-06  -1.2261492540635945e-06  1.9820233752979879e-04  3.0350540660274232e-03  4.7680802594795865e-07  -6.2522971776980522e-06  -1.6037241065540843e-04  -3.8593259637324066e-03  -2.1111421989195309e-06  -4.9645276398176867e-04  -5.5484643518550885e-06  -4.3648428342959714e-06  -1.3157120888503505e-05  4.0276518935241555e-04  -1.6990407960521824e-06  5.3247306241157040e-06  -2.4063398429726077e-06  -4.8874224269098679e-04  3.9531349882526621e-06
3.2266666666668499e+01  -2.8303209805016966e-03  1.8785320334490108e-06  -2.1206631443622447e-06  2.3096578714761401e-04  2.5079613198061975e-03  1.6949941519255677e-07  -6.2484271861914349e-06  -1.9914556607354439e-04  -3.2470682223854339e-03  -1.8829151932333738e-06  -5.4621945510735721e-04  -4.0363247995101710e-06  -3.8224963617441820e-06  -1.4322399880378335e-05  4.2708744623774580e-04  1.2759454935285866e-06  4.9619402385130957e-06  1.2491900149305286e-06  -5.3473220310316406e-04  4.8851507305872810e-06
3.2533333333335200e+01  -1.9858962727670433e-03  8.2162784523628577e-07  -3.9813835089785767e-06  2.3978730901920301e-04  1.8306603323611523e-03  -2.8522350594575238e-07  -5.9766270435869062e-06  -2.1930403767407119e-04  -2.4303104863614873e-03  -1.1912394619870799e-06  -6.2267643725407698e-04  -1.7162906400735770e-06  -1.8738063965646801e-06  -2.3009991513995846e-05  4.7789869433168203e-04  2.5518932362876313e-06  2.9676549429241509e-06  8.5625372383688112e-06  -5.9590019335904927e-04  3.6646975775798142e-06
3.2800000000001901e+01  -1.0970071570712198e-03  -9.0016045070110735e-07  -6.9341034196901007e-06  2.1529205985423895e-04  1.0926550629039784e-03  -6.2913588853288134e-07  -5.5112176922129247e-06  -2.0740819130279957e-04  -1.5061105684998990e-03  2.4596072595694436e-07  -7.0064309261427978e-04  -7.5568512030210843e-07  -4.9315125570460657e-07  -1.6869545201159088e-05  5.4753171331332559e-04  2.1344473639423536e-06  1.8090796871788788e-06  6.5529046828991452e-06  -6.8205750049433491e-04  2.4133906386850779e-06
3.3066666666668603e+01  -2.9746090371864011e-04  -3.0839896643381476e-06  -1.0852632885433985e-05  1.6400557275681013e-04  4.0886615446315854e-04  -5.0093337452285299e-07  -5.0636128935072018e-06  -1.6769668018536181e-04  -6.1733380828471658e-04  2.5308096766444747e-06  -6.5139253449901036e-04  -1.1296491675854492e-06  -2.9171444592104826e-07  2.8576040435549601e-05  5.4528750550017014e-04  1.0413157411286746e-06  1.8345959965165703e-06  -2.7723728843933725e-05  -7.1298975878424933e-04  1.9360324897692929e-06
3.3333333333335297e+01  3.1257822667733455e-04  -5.0386908954818680e-06  -1.3564585177446072e-05  1.0080120593117568e-04  -1.2935005412210196e-04  -2.3734589818262421e-07  -3.8009958939823091e-06  -1.1227128497520744e-04  1.1008112724646948e-04  4.6919066217733005e-06  -3.3665313360032526e-04  -1.3866620247121534e-06  -5.6398216001952040e-07  9.9872586961044095e-05  3.5190566697108384e-04  1.4603099664328463e-07  1.5538880618370230e-06  -9.2025015455176310e-05  -5.3531126466467398e-04  1.5084754446266385e-06
3.3600000000001998e+01  7.0312870985071718e-04  -6.5347044540290225e-06  -1.4125516768211709e-05  3.9363556368083829e-05  -4.9380452188643579e-04  -2.5058715339806405e-07  -1.3220242277551766e-06  -5.0832176652200481e-05  6.2243203314459733e-04  6.1579453216087536e-06  2.3531620464775567e-04  -1.1338108860576014e-06  -7.3886133139857839e-07  1.5418210605803117e-04  -5.6431173059961980e-05  -3.7598649515300095e-07  6.8820702172731372e-07  -1.5280578387583243e-04  -7.9270723936801759e-05  8.6515100397939934e-07
3.3866666666668699e+01  8.8598653253300864e-04  -8.0152547554130713e-06  -1.4409909124767117e-05  -1.3370968820749254e-05  -6.9164735081536232e-04  -3.3724577708323397e-07  1.3830568904102804e-06  8.7908448815877200e-06  9.1696803188699000e-04  7.5514361252562138e-06  9.0304324729790879e-04  -9.7892850490391218e-07  -7.0208915446456693e-07  1.6303328241174881e-04  -5.8049973628882283e-04  -5.8259360968522058e-07  3.8779393794755908e-07  -1.7735546195445768e-04  5.5634702679610993e-04  5.3150166019896793e-07
3.4133333333335401e+01  8.6571178629593322e-04  -9.6720536668643856e-06  -1.5883600483556214e-05  -5.5713542880735341e-05  -7.1961912650188818e-04  -1.9968545233534016e-07  3.3798877250118499e-06  5.9987803560658328e-05  9.9079813897900819e-04  9.3136464734354296e-06  1.4796938915897610e-03  -6.0352695539099620e-07  -6.1887924650046985e-08  1.2691211170155455e-04  -1.0804006663611906e-03  -4.1013138915009587e-07  4.7959671967617040e-07  -1.5562493764741277e-04  1.1928982258411238e-03  2.4243344882011296e-07
3.4400000000002102e+01  6.5577838367870153e-04  -1.1103305178203119e-05  -1.7781777109457904e-05  -8.7241989579268844e-05  -5.8195913190447676e-04  9.8414611092333199e-08  4.7204208648361410e-06  9.8924469390282356e-05  8.5293817451324600e-04  1.0979700881818257e-05  1.8346736452538521e-03  9.0264970026055265e-07  1.5486551479102395e-06  5.4480994459305546e-05  -1.4401424968903565e-03  1.2429973132995046e-08  -5.8100911833164925e-07  -9.1676178177816612e-05  1.6848614881073921e-03  -9.6314290362098826e-07
3.4666666666668803e+01  3.1110768477785744e-04  -1.1992983223881305e-05  -1.9035717429258481e-05  -1.0839565983490461e-04  -3.2306910362100549e-04  3.3800334944696680e-07  5.7010723162748269e-06  1.2508489916368179e-04  5.5695009169436137e-04  1.2047922568551739e-05  1.8817621608065308e-03  2.9264921641526097e-06  3.4064549585864405e-06  -4.7077959822829652e-05  -1.5692433921501783e-03  2.4084768214291632e-07  -2.6580550333180099e-06  6.0766125580497255e-06  1.9307332666123813e-03  -2.7880949059193586e-06
3.4933333333335497e+01  -9.2565660679407903e-05  -1.2578366388119892e-05  -2.0105433699547397e-05  -1.1979609629627342e-04  -4.4079507639074368e-06  4.1300152691783790e-07  6.0534122307024046e-06  1.3946316334401419e-04  1.7925652808164664e-04  1.2674568207878048e-05  1.5789991534758950e-03  3.5475647657817484e-06  4.0256147535389515e-06  -1.5782348219593972e-04  -1.4098135364118878e-03  6.6485211031696344e-08  -3.4551644732268398e-06  1.1823887465781485e-04  1.8508694259018904e-03  -3.4985047538974308e-06
3.5200000000002198e+01  -4.9311391490964207e-04  -1.3380836283972353e-05  -2.1767309134556695e-05  -1.1913286302635398e-04  3.2979218906064862e-04  4.3632503963289745e-07  5.9763610375667981e-06  1.4056060140883362e-04  -2.2145253307774137e-04  1.3482368699179124e-05  9.8032056056761188e-04  2.1489604038335377e-06  2.8801785486060314e-06  -2.4080471764160273e-04  -9.8004960892876481e-04  -1.3364409777487914e-07  -1.7651461193640187e-06  2.1040108522527183e-04  1.4278227921934086e-03  -2.2226609132271165e-06
3.5466666666668999e+01  -8.4772511649746014e-04  -1.4566078624078078e-05  -2.3147027350683689e-05  -1.0219266822793441e-04  6.4213178488626242e-04  5.7089156366047447e-07  7.0060826950445448e-06  1.2320927283540137e-04  -6.1150712482910458e-04  1.4773537170498894e-05  2.5264979941771711e-04  3.8340567165656121e-07  1.1954716233187621e-06  -2.6594872230457841e-04  -3.9715044251950105e-04  6.6853589667988369e-08  7.2381873101796560e-07  2.4995811105204093e-04  7.6464720260305936e-04  -2.9730193550859312e-07
3.5733333333335700e+01  -1.1181702246056261e-03  -1.5786038633187464e-05  -2.4024313993672899e-05  -6.8828593561001184e-05  8.9163514860129858e-04  6.9330630168125662e-07  8.6292498854084959e-06  8.5479728474885651e-05  -9.5511676128577899e-04  1.6094714309397438e-05  -4.0253541296994110e-04  1.4764500552308198e-07  6.8814951812617962e-07  -2.3526468097868021e-04  1.7134862781940607e-04  4.6992747327293304e-07  1.5519515405503068e-06  2.3064993607475521e-04  5.8501198702431063e-05  2.2223221593435308e-07
3.6000000000002402e+01  -1.2607199782441042e-03  -1.6675347865023346e-05  -2.5119569747414328e-05  -2.5064044743380627e-05  1.0443904834796416e-03  6.5846147337248573e-07  9.1202963567123984e-06  3.4258424802440521e-05  -1.1946829596252806e-03  1.6960057237678068e-05  -8.5933162314899808e-04  1.4748374769708728e-06  1.7860025506847402e-06  -1.7719212957144305e-04  5.9745913213008319e-04  4.5933013060343751e-07  2.4591938789751926e-07  1.7621166433345916e-04  -5.1155087112963982e-04  -1.1770191171380055e-06
3.6266666666669103e+01  -1.2394467536518644e-03  -1.7151384742225891e-05  -2.5807029200324835e-05  2.0175582831890354e-05  1.0697651108893800e-03  5.5289241078385660e-07  9.1268048731496629e-06  -1.8902322980564947e-05  -1.2729124642978840e-03  1.7354469874116294e-05  -1.1030124697579231e-03  2.7920597472152875e-06  3.3412869677492738e-06  -1.1742379738467531e-04  8.4326315577074387e-04  -1.5954532574046975e-07  -1.5042477298622971e-06  1.1671919184750811e-04  -8.7444804060372763e-04  -3.0426427867440582e-06
3.6533333333335797e+01  -1.0514350743915264e-03  -1.7373278330857291e-05  -2.5613054229670518e-05  5.8390654452137606e-05  9.5253700161976285e-04  4.6865298822301784e-07  9.5929585644933098e-06  -6.4142036900639699e-05  -1.1687175722153642e-03  1.7510878717428916e-05  -1.1759856408654367e-03  2.8137178723196477e-06  4.0292747465034359e-06  -6.2978712365062276e-05  9.3438912074536031e-04  -8.4010226157959464e-07  -1.8136971752064149e-06  6.5039488224781335e-05  -1.0527983718684574e-03  -3.6023117543193648e-06
3.6800000000002498e+01  -7.3914773859845703e-04  -1.7514586691064778e-05  -2.5205652922550566e-05  8.3260406498443615e-05  7.1923817032785661e-04  3.6191500543759923e-07  1.0075121986513150e-05  -9.5201183740234072e-05  -9.1197818443539635e-04  1.7572538894929163e-05  -1.1199007880558643e-03  1.7290084419146411e-06  3.6838938835979074e-06  -1.4709308744778629e-05  9.0699927555998642e-04  -9.8723362558337017e-07  -3.8660513223953013e-07  2.0196716501999538e-05  -1.0885772053518103e-03  -2.5570576318106632e-06
3.7066666666669200e+01  -3.7119334026919067e-04  -1.7663270605706964e-05  -2.5037848397066532e-05  9.1914954510180424e-05  4.2627821408410931e-04  1.9652561256902476e-07  1.0298217106034162e-05  -1.0903403897065144e-04  -5.6535342518979352e-04  1.7600020324697831e-05  -9.7565045868459540e-04  4.4801113189387570e-07  2.9239345473005376e-06  1.8523208787644378e-05  7.9477080474220829e-04  -7.1326637558997847e-07  1.6362240732104556e-06  -1.4387280817520025e-05  -1.0107013765919910e-03  -9.6437605098866848e-07
3.7333333333335901e+01  -1.0465543104450182e-05  -1.7937602347995786e-05  -2.5062036399083222e-05  8.4884237498053934e-05  1.2554202537006800e-04  3.4903604635681523e-08  1.0697746265791360e-05  -1.0528185708756661e-04  -1.9241289419113944e-04  1.7756374839708024e-05  -8.0138574234153487e-04  -8.1256171096100713e-07  1.8470786212051962e-06  2.8349363890935927e-05  6.4570687086092397e-04  -5.2645394026740762e-07  3.3678979011817888e-06  -2.9609860537658110e-05  -8.6040671875258195e-04  4.7669106073767157e-07
3.7600000000002602e+01  2.9420885865589022e-04  -1.8515802200756365e-05  -2.5339287605806503e-05  6.5709976111319910e-05  -1.4258741031047359e-04  -4.9366100778705511e-08  1.1637752155357024e-05  -8.6738939520641348e-05  1.5107220445833932e-04  1.8270385906385297e-05  -6.5582573139594247e-04  -2.5503706818298170e-06  -6.6466187660011008e-08  2.0847197580901769e-05  5.1698155655683828e-04  -4.8264144692233761e-07  5.0844761388576546e-06  -2.6177290671919555e-05  -7.0368700409299367e-04  2.1992614198549927e-06
3.7866666666669303e+01  5.0839891384765713e-04  -1.9498784415113941e-05  -2.6040744623816723e-05  4.1196711792454977e-05  -3.4402244066171234e-04  -5.6738108738508952e-08  1.3070659418546306e-05  -6.0864454849692218e-05  4.1613071902182040e-04  1.9238403171927014e-05  -5.7395456459583580e-04  -4.8668089350040451e-06  -2.8278143746251579e-06  1.0031578501762240e-05  4.4926546461725446e-04  -2.3061314596274665e-07  7.2249469153284210e-06  -1.7448378718131548e-05  -6.0281866842259546e-04  4.6183241865559397e-06
3.8133333333335997e+01  6.2772907901057699e-04  -2.0828822901458297e-05  -2.7153234481182655e-05  1.8212765046098728e-05  -4.6588323552462134e-04  -3.4207256874801743e-08  1.4752869315654059e-05  -3.6841642965900812e-05  5.8248877346281738e-04  2.0573443142447936e-05  -5.7622571328930477e-04  -7.1166856106389264e-06  -5.5473348161530185e-06  1.6598943834823637e-06  4.6039866888512610e-04  1.9106834214262203e-07  9.2834300368361249e-06  -1.3452544416151813e-05  -5.9339837083220584e-04  7.0901507109266240e-06
3.8400000000002699e+01  6.7330623249477629e-04  -2.2356574084221669e-05  -2.8464917620005917e-05  -1.9559833202855044e-06  -5.2138176039754442e-04  -1.0367681073720571e-08  1.6519584462873873e-05  -1.7894203857645234e-05  6.6712721476625057e-04  2.2117738808331572e-05  -6.8348138811076520e-04  -8.5854446905833830e-06  -7.2262890393219906e-06  -6.8512516215462487e-06  5.5762599292071241e-04  2.7853599057179495e-07  1.0327877359234083e-05  -1.1940488674303892e-05  -6.9106339258615890e-04  8.5184565889976256e-06
3.8666666666669499e+01  6.5082964277361939e-04  -2.3936669427007353e-05  -2.9735626790325221e-05  -2.2505921269440355e-05  -5.1805307326245706e-04  2.4101305908714184e-08  1.8355891779843963e-05  -2.2210767083339872e-07  6.8287308827772299e-04  2.3735834393450650e-05  -8.9819749701094986e-04  -8.9217114486338259e-06  -7.4413703662097083e-06  -1.4192620507682800e-05  7.3577913220469130e-04  -1.1770784635359606e-07  1.0041121572463628e-05  -8.5053683240082600e-06  -8.9583220542191716e-04  8.4653009066644700e-06
3.8933333333336201e+01  5.3232384009964016e-04  -2.5444270799454403e-05  -3.0795820208762622e-05  -4.3455478345964567e-05  -4.3503969945139645e-04  9.0433155094398546e-08  2.0253243223935205e-05  1.8270666606355753e-05  6.0363177904892507e-04  2.5307994974125216e-05  -1.1769715584756875e-03  -7.9664456282889454e-06  -6.3908879598468984e-06  -1.3475353831783421e-05  9.6201155810563964e-04  -4.5341324712614995e-07  8.5064921772568997e-06  -6.5757969372000861e-06  -1.1756333855748177e-03  7.2433972609259660e-06
3.9200000000002902e+01  2.9302943840507325e-04  -2.6746745840887078e-05  -3.1542903084690461e-05  -5.9121243085967186e-05  -2.4867191353524084e-04  1.8882004982794081e-07  2.2070965384612471e-05  3.2655633205884832e-05  3.9387811321934873e-04  2.6692034723858179e-05  -1.4413818122309460e-03  -5.6426923769679161e-06  -4.5829320577066613e-06  -2.7453554057193316e-06  1.1792212364841502e-03  -1.7356931078691057e-07  5.4838067092070458e-06  -1.1984047818652173e-05  -1.4597215631256492e-03  5.2284582250944835e-06
3.9466666666669603e+01  -4.8079317148948811e-05  -2.7726352131829163e-05  -3.1975933618404569e-05  -6.3746091562570130e-05  3.0196621809665464e-05  2.9033136961263667e-07  2.3555084719459747e-05  3.6190587620682084e-05  6.0262268726249505e-05  2.7748534275348158e-05  -1.6215215770768170e-03  -2.2035584311761105e-06  -2.3595682777731618e-06  1.2261217760806408e-05  1.3354397158690692e-03  5.7752123604810187e-07  9.1166620164003566e-07  -2.4165090669856100e-05  -1.6701923457579585e-03  2.5312119414755713e-06
3.9733333333336297e+01  -4.3029331397401665e-04  -2.8374252648361795e-05  -3.2261056809838214e-05  -5.6069662563045920e-05  3.5327530104124397e-04  3.5745108318620037e-07  2.4510498881418754e-05  2.6792448522024389e-05  -3.3960881049701426e-04  2.8443197414304232e-05  -1.6817077224546271e-03  1.4688020860858952e-06  2.4594938659694123e-07  2.9440861482545124e-05  1.4052778421075835e-03  1.0854707647609173e-06  -3.9167092962246543e-06  -4.0000572585201905e-05  -1.7640525908573217e-03  -5.8358617215467503e-07
4.0000000000002998e+01  -7.7729691823967854e-04  -2.8846106883292860e-05  -3.2660071368735685e-05  -3.8259604688786193e-05  6.5682831412761675e-04  3.7291889168779359e-07  2.4988753404730365e-05  6.8411379546270185e-06  -7.2482849005699689e-04  2.8918730686579713e-05  -1.6019751844708206e-03  4.0085518184012306e-06  3.0468807989698701e-06  5.7094955212377125e-05  1.3751474132753768e-03  8.0318732370752626e-07  -6.5071259180038042e-06  -6.3108573307864445e-05  -1.7325041772953567e-03  -3.2318239067705779e-06
4.0266666666669700e+01  -1.0175897031246821e-03  -2.9362471246379908e-05  -3.3321155978822105e-05  -1.3875915953735614e-05  8.7992649281480009e-04  3.5124435860084652e-07  2.5271108365280043e-05  -1.9841288340386956e-05  -1.0165816253417245e-03  2.9408468586926192e-05  -1.3499171433871587e-03  4.3396662558629294e-06  5.1743532976454301e-06  1.0279895353680087e-04  1.2154100639907644e-03  -7.0420110277863752e-08  -5.1835807028729381e-06  -1.0113431001320118e-04  -1.5596432931526277e-03  -4.2028269880071488e-06
4.0533333333336401e+01  -1.1005030667071048e-03  -3.0061069674150403e-05  -3.4175899011355096e-05  1.1971119961248672e-05  9.7670723726880990e-04  3.2227092188508436e-07  2.5682990740253416e-05  -4.8490640585579324e-05  -1.1542871159413938e-03  3.0079061258589368e-05  -8.9179907396710694e-04  2.5452189822567690e-06  5.3406144730043441e-06  1.5875467635050896e-04  8.8743921738495516e-04  -7.3830072586304883e-07  -9.8964669016893096e-07  -1.5294641136719107e-04  -1.2050207474522019e-03  -2.9390754751713844e-06
4.0800000000003102e+01  -1.0140449566407783e-03  -3.0982372913484756e-05  -3.5057489636149808e-05  3.2550954928445365e-05  9.3044317297942655e-04  3.0482638219920840e-07  2.6489873174098140e-05  -7.2645105392878784e-05  -1.1125682281184163e-03  3.0990444883748648e-05  -2.3616543868023608e-04  2.1564347787220359e-08  3.3435671357549320e-06  2.0372355714893956e-04  3.8530273878254953e-04  -6.1342798718172489e-07  3.1203297224018922e-06  -2.0367027117718390e-04  -6.4256170806090748e-04  -3.4601621984885419e-07
4.1066666666669803e+01  -7.9397479444595046e-04  -3.2120181283749037e-05  -3.5835369926023609e-05  4.1576669323361746e-05  7.6331731090378840e-04  2.9652540822745195e-07  2.7870335441401546e-05  -8.5502648939469241e-05  -9.1388608203628611e-04  3.2132322267973351e-05  5.4251503054032681e-04  -1.4438329210118156e-06  1.0752023181822701e-06  2.1802437262905460e-04  -2.3986919100677060e-04  -6.1774307727326079e-11  5.0053362182726210e-06  -2.3327276716502115e-04  9.2502937957544563e-05  1.5666980556005872e-06
4.1333333333336498e+01  -5.1391906577880812e-04  -3.3417888288373788e-05  -3.6439952160657375e-05  3.6233939329457448e-05  5.3203128735834391e-04  2.8873657780380875e-07  2.9822142423169490e-05  -8.3290828679594817e-05  -6.2523063618904519e-04  3.3433753707787226e-05  1.3262787754636934e-03  -1.1612622850577453e-06  5.7951322709706737e-07  1.9432646484070278e-04  -8.9803693343619233e-04  2.2635457130701855e-07  4.5513377568843178e-06  -2.2769656553151734e-04  9.0361972260323076e-04  1.4213349777664759e-06
4.1600000000003199e+01  -2.6127277544512532e-04  -3.4781784446252277e-05  -3.6888640821131541e-05  1.8815573326920263e-05  3.1020068838269330e-04  2.8906519451550602e-07  3.2117904834704319e-05  -6.7764028468723591e-05  -3.3821149947697187e-04  3.4802138582865462e-05  1.9986884757072837e-03  -1.4429482822290166e-07  1.3306498074606398e-06  1.3849338304207186e-04  -1.4932884845000527e-03  -2.6058812673625354e-07  2.8677775480947662e-06  -1.8487471906643809e-04  1.6712866794266769e-03  -1.8439193661652146e-08
4.1866666666670000e+01  -1.1056542919950512e-04  -3.6136131485715620e-05  -3.7281124031862984e-05  -4.4444587495626769e-06  1.6555005757486180e-04  3.0639654417234950e-07  3.4443552093817571e-05  -4.5417649901733120e-05  -1.4045384794085281e-04  3.6171156196303006e-05  2.4808073788649683e-03  1.2982177364944770e-07  1.2413637102742552e-06  6.5348389945703913e-05  -1.9481448861695700e-03  -8.0990867201761583e-07  1.4016357917889004e-06  -1.1586371137561908e-04  2.2923654865235686e-03  -7.4063637768133984e-07
4.2133333333336701e+01  -1.0359209308012085e-04  -3.7408824259815172e-05  -3.7663780158346123e-05  -2.6741599576689682e-05  1.3974221929714857e-04  3.0528274211127190e-07  3.6526135182565001e-05  -2.3722116137933479e-05  -8.8593597253791762e-05  3.7444601336847717e-05  2.7458770995428708e-03  -5.6832187402501105e-07  1.1603531445340596e-07  -8.1613817863439946e-06  -2.2225020200630709e-03  -7.9679828962053441e-07  1.3479544488529016e-06  -3.9346220879641426e-05  2.7060966763498943e-03  -1.6160556242375525e-08
4.2400000000003402e+01  -2.4258349446348097e-04  -3.8473745713916319e-05  -3.7952682693440548e-05  -4.3666371809724188e-05  2.3877714225145554e-04  2.3122100805551833e-07  3.8132197941977710e-05  -7.5949951994663833e-06  -1.9466232283394579e-04  3.8451760966960020e-05  2.8117190639947469e-03  -1.2963551022153907e-06  1.7492235122116886e-09  -7.0675738090844110e-05  -2.3234603338133605e-03  -5.3894280863083806e-07  3.0560260854806096e-06  2.9749324731919766e-05  2.9041607217496776e-03  9.3257974569456848e-07
4.2666666666670103e+01  -4.9787704426297987e-04  -3.9222088186978212e-05  -3.8089391792804045e-05  -5.3598585984300292e-05  4.3888000909860360e-04  1.0787645728058845e-07  3.9140124453183979e-05  1.0614994103237581e-06  -4.3236212526160203e-04  3.9101400663042027e-05  2.7178757839060727e-03  -1.5413801074350305e-06  1.5774004007707950e-06  -1.1956679407148786e-04  -2.2904685852306000e-03  -6.5570440033865013e-07  5.6290600328776963e-06  8.7138612802723745e-05  2.9177178717682355e-03  1.0694641778297362e-06
4.2933333333336797e+01  -8.2370236068133077e-04  -3.9724433416202648e-05  -3.8220714938531143e-05  -5.6423931655371765e-05  7.0208441772116349e-04  3.2286939423678515e-08  3.9669715856058143e-05  1.9113509565484221e-06  -7.5561556711029130e-04  3.9546619453640635e-05  2.5046101361053774e-03  -1.9221471639079319e-06  2.1641578135363960e-06  -1.5705084219292640e-04  -2.1617032473060967e-03  -9.9123844689767287e-07  7.1873740738754258e-06  1.3448168822496128e-04  2.7894504010694322e-03  1.1407995349431400e-06
4.3200000000003499e+01  -1.1729218391863742e-03  -4.0210851151536509e-05  -3.8601814747016264e-05  -5.2957423367402674e-05  9.8971901820481484e-04  4.1396181438926283e-08  4.0000072640970309e-05  -4.2277494352525362e-06  -1.1150099761701904e-03  4.0049704369521445e-05  2.2056255285658314e-03  -3.1660523239522569e-06  -7.0493472981064515e-07  -1.8416908831323599e-04  -1.9540849013643929e-03  -9.0273665107978492e-07  6.7576656879936385e-06  1.7097596772152251e-04  2.5535176434316794e-03  2.4147616552100397e-06
4.3466666666670200e+01  -1.5069669018907713e-03  -4.0844895483675510e-05  -3.9320452733445374e-05  -4.5357960425435951e-05  1.2693767981627030e-03  6.5632392378841025e-08  4.0341823285198416e-05  -1.4743680189882182e-05  -1.4671600807814292e-03  4.0708946430022701e-05  1.8512184323580196e-03  -5.0854083044387674e-06  -5.0637482759684774e-06  -1.9817745422503466e-04  -1.6771851092462762e-03  -3.1799617634557320e-07  6.1501645214575625e-06  1.9170605629739685e-04  2.2338964354855803e-03  4.7774788598869960e-06
4.3733333333336901e+01  -1.8014311218633803e-03  -4.1611508406948646e-05  -4.0228281603586067e-05  -3.6868624956525231e-05  1.5185309145975467e-03  4.1143441856956625e-08  4.0774772168626457e-05  -2.5739023387670756e-05  -1.7808515891169973e-03  4.1445555509459383e-05  1.4768625004000114e-03  -6.9084343006063749e-06  -6.9926793989790854e-06  -1.9396717764502472e-04  -1.3602082086483830e-03  1.9923569748225136e-07  7.8100392733532833e-06  1.9146646258042852e-04  1.8562368544378987e-03  7.0017620722175571e-06
4.4000000000003602e+01  -2.0463165139523233e-03  -4.2445272915938158e-05  -4.1119635941832056e-05  -3.0477274950784654e-05  1.7257186308005375e-03  -2.0337955342403939e-08  4.1380723632288931e-05  -3.3866967286214475e-05  -2.0400304581882733e-03  4.2206063746871743e-05  1.1335085967746068e-03  -8.1942193286432733e-06  -6.4135440745779654e-06  -1.6767858753564721e-04  -1.0564542207630841e-03  3.1350660193008131e-07  1.0840014134795193e-05  1.6768723923599204e-04  1.4643474006425473e-03  8.3719937175780267e-06
4.4266666666670297e+01  -2.2402709386147219e-03  -4.3338120789070434e-05  -4.1831636132852516e-05  -2.7927916091768631e-05  1.8873338763332169e-03  -1.0266848022204153e-07  4.2297147424029580e-05  -3.7501627437565722e-05  -2.2401136172218701e-03  4.3012230521472639e-05  8.8525803863227109e-04  -8.9762562415431005e-06  -6.5330552474434812e-06  -1.2073388192107118e-04  -8.2229973584695734e-04  2.8139916385553208e-07  1.2116866607376143e-05  1.2183666363424844e-04  1.1246869465255246e-03  9.1262762822216053e-06
4.4533333333336998e+01  -2.3834035474993289e-03  -4.4256455731593215e-05  -4.2215171230902302e-05  -2.9816262739190705e-05  2.0022150798161440e-03  -2.3172204148282536e-07  4.3561590474380693e-05  -3.6421837455582985e-05  -2.3805481945121010e-03  4.3818309500860948e-05  7.8436495621525494e-04  -9.2008997014687725e-06  -8.2704223201329055e-06  -6.1615380276579539e-05  -6.9642707263955312e-04  4.3232469355433582e-07  1.0831160755142384e-05  6.0947343901573246e-05  9.0507300251334321e-04  9.4705064844145748e-06
4.4800000000003699e+01  -2.4754938849576428e-03  -4.5069175204345225e-05  -4.2194525353464720e-05  -3.5903911006389458e-05  2.0700919686316537e-03  -4.0688352846847088e-07  4.5005203398652251e-05  -3.1206605292812697e-05  -2.4620420291694800e-03  4.4483731012095645e-05  8.4302518747672811e-04  -8.5466411794452641e-06  -9.2397159882664992e-06  -3.0588837670656397e-06  -6.9256934113889597e-04  7.0347130732425810e-07  8.7703216843113998e-06  -2.9560275415975462e-06  8.4225705047079997e-04  9.0306827677606708e-06
4.5066666666670500e+01  -2.5209131612806152e-03  -4.5656846695733969e-05  -4.1867678245999414e-05  -4.4837369368745569e-05  2.0960622232355014e-03  -5.6760867557572204e-07  4.6380966825331234e-05  -2.3564289638561785e-05  -2.4918129537979286e-03  4.4927437886365214e-05  1.0308957786434442e-03  -6.8850877030018003e-06  -7.7736658333472317e-06  4.3606122264158828e-05  -8.0018540837763067e-04  8.0574952783914427e-07  7.0074577823560636e-06  -5.7227289867173016e-05  9.2938346874548415e-04  7.4602627157164255e-06
4.5333333333337201e+01  -2.5343337246592546e-03  -4.6037897219158866e-05  -4.1456065116652187e-05  -5.4010026512361499e-05  2.0954464522079468e-03  -6.6195304507428437e-07  4.7520692875793889e-05  -1.6498563942709242e-05  -2.4897358696136587e-03  4.5213173461427611e-05  1.2974395370827024e-03  -4.6217519033152996e-06  -4.7177349608232944e-06  7.2323130799675377e-05  -9.8991207999876382e-04  6.0945976474529677e-07  5.2310444067477725e-06  -9.3369230037528136e-05  1.1304147643000490e-03  5.0771028838612356e-06
4.5600000000003902e+01  -2.5391099131504120e-03  -4.6358417192183393e-05  -4.1184349735220823e-05  -6.0796565592815562e-05  2.0905876140039125e-03  -6.8017340519949135e-07  4.8384875202324854e-05  -1.2533247541128769e-05  -2.4843514069715997e-03  4.5505342085908800e-05  1.5941022851170552e-03  -2.4675371532468492e-06  -1.5182705371867349e-06  8.2307475197936742e-05  -1.2240058890253818e-03  2.4388627211308533e-07  3.6374663200978612e-06  -1.0858078841412654e-04  1.4006950341414219e-03  2.6857606820019995e-06
4.5866666666670604e+01  -2.5568580607340519e-03  -4.6770798004342017e-05  -4.1182294145417008e-05  -6.3704625316677018e-05  2.1005611956343455e-03  -6.3681630353540608e-07  4.9039701332561412e-05  -1.3033590415890259e-05  -2.5004627132606777e-03  4.5956465695160513e-05  1.8823028109577209e-03  -9.8791058593343758e-07  1.1365037291877062e-06  7.6021890285237102e-05  -1.4664333942500047e-03  -8.8167846134455359e-08  3.1220580862348042e-06  -1.0462790914218670e-04  1.6974866825373168e-03  9.7374648206144646e-07
4.6133333333337298e+01  -2.5988677615702807e-03  -4.7287631599238543e-05  -4.1365651824104601e-05  -6.1614916126522269e-05  2.1356104355100243e-03  -5.7842982391454202e-07  4.9572518983193096e-05  -2.0214549733108156e-05  -2.5523634569128003e-03  4.6547397509539438e-05  2.1327788620226162e-03  -3.9784833602147825e-07  2.8222144252786459e-06  5.7442674751619768e-05  -1.6874791104338279e-03  -2.9351925694281607e-07  3.8249577820731906e-06  -8.6067379590533012e-05  1.9829749422558573e-03  1.8645294286859905e-07
4.6400000000003999e+01  -2.6674821464821754e-03  -4.7889896136797447e-05  -4.1589861955990339e-05  -5.4166338100604930e-05  2.1984595352380512e-03  -5.2065691571531555e-07  5.0158967531211802e-05  -3.4442145580891919e-05  -2.6424847646226257e-03  4.7228868683921341e-05  2.3242147159079356e-03  -6.4283829349553630e-07  3.0714868884489512e-06  3.1223348877027361e-05  -1.8647114831126061e-03  -3.8869507516448767e-07  4.9237412727775413e-06  -5.8612092479514214e-05  2.2260954829986242e-03  2.3938926720358873e-07
4.6666666666670700e+01  -2.7565511186948628e-03  -4.8828093524228564e-05  -4.2037546848708349e-05  -4.4951779564170246e-05  2.2806252081136388e-03  -4.0521087205334995e-07  5.1232531660796944e-05  -4.7907546630645656e-05  -2.7537718599570399e-03  4.8270230846193828e-05  2.4425833165784556e-03  -1.5289968921551458e-06  1.8124496026315621e-06  2.1682013337422638e-06  -1.9835234259816979e-03  -4.0084244329181911e-07  5.6995202945420057e-06  -2.7828120846598586e-05  2.4037549584420819e-03  9.4639986788152476e-07
4.6933333333337401e+01  -2.8442934805240757e-03  -5.0314419753233406e-05  -4.2835420334823580e-05  -4.0468492989100002e-05  2.3579138326637102e-03  -3.3107625986256801e-07  5.3090231668639332e-05  -5.1122520596208303e-05  -2.8499009209154284e-03  4.9810492465507758e-05  2.4801580004525561e-03  -2.7784560460478910e-06  -4.7776971535649440e-07  -2.5670748546534632e-05  -2.0364098581425356e-03  -3.4407804265946987e-07  6.0261747875743334e-06  1.7739145005601054e-06  2.5007089349655285e-03  2.0940719127998860e-06
4.7200000000004103e+01  -2.9037477448965476e-03  -5.1754901758903117e-05  -4.3190873083082866e-05  -4.0880202529377487e-05  2.4097409679474809e-03  -6.2661221299121860e-07  5.5121080149248407e-05  -5.0548510127202556e-05  -2.9104636201698086e-03  5.1045571553307649e-05  2.4337656668925408e-03  -4.0756506846450792e-06  -3.1005294185358296e-06  -5.0019243393611652e-05  -2.0198182644661513e-03  -2.6977062385880067e-07  6.0469499625475486e-06  2.7422515384635044e-05  2.5085102505508091e-03  3.4216438238182065e-06
4.7466666666670797e+01  -2.9394777487952092e-03  -5.2154403934206154e-05  -4.2079725412697137e-05  -3.6885874586287123e-05  2.4500739346626473e-03  -1.3664544226937636e-06  5.6168639903747200e-05  -6.4175925616959898e-05  -2.9654025681927413e-03  5.0956271976811323e-05  2.3033161322982098e-03  -5.1628432795061461e-06  -5.4275424495526943e-06  -7.0233357263038343e-05  -1.9313631352571520e-03  -2.5780025060558065e-07  5.9267655686334512e-06  4.8150498636744943e-05  2.4238262756702809e-03  4.6777624298858680e-06
4.7733333333337498e+01  -2.9901672541324401e-03  -5.1653432781425438e-05  -4.0044632916464340e-05  -2.5629840261470518e-05  2.5096567224250736e-03  -2.1713106615396213e-06  5.6117267688863268e-05  -8.8254638992021255e-05  -3.0506250090481290e-03  4.9920782012436282e-05  2.0936126839329727e-03  -5.9212130236312247e-06  -7.0005437414030931e-06  -8.5525371077045223e-05  -1.7718190194402181e-03  -3.3618680083748141e-07  5.8792977696629808e-06  6.3527808145015903e-05  2.2481256993024832e-03  5.7239644021836486e-06
4.8000000000004199e+01  -3.0656582104915159e-03  -5.1666551715114827e-05  -3.8955356154230140e-05  -2.3056941702233802e-05  2.5755611226002013e-03  -2.7370506156920841e-06  5.6348508568894506e-05  -8.9938510618729501e-05  -3.1280466937974598e-03  4.9480985373613705e-05  1.8206764535946124e-03  -6.3448758819728276e-06  -7.5255077169647534e-06  -9.3421342503035833e-05  -1.5521945252384853e-03  -4.4887930378928525e-07  6.1502616135487552e-06  7.1916071786001819e-05  1.9920123146768944e-03  6.5168758662955600e-06
4.8266666666671000e+01  -3.1180948288322794e-03  -5.2987713845770722e-05  -3.9549471810052789e-05  -4.3472265841443104e-05  2.5956352305563039e-03  -3.1003055168518486e-06  5.8040195515510066e-05  -5.4161810337412282e-05  -3.1231760638153116e-03  5.0404090517852674e-05  1.5174322486277397e-03  -6.4360591550279566e-06  -6.8270386650418671e-06  -9.0595780016004934e-05  -1.2997547394138225e-03  -5.1204212630422719e-07  6.8940955620870009e-06  7.0411820278267268e-05  1.6823412996064021e-03  6.9758543457173796e-06
4.8533333333337701e+01  -3.1246918434090958e-03  -5.4726001887529118e-05  -4.0447660735675755e-05  -7.1824249063193120e-05  2.5721638103427535e-03  -3.2739919378744220e-06  6.0708844031296930e-05  -1.6100197605467784e-05  -3.0645141607337509e-03  5.1928834349755526e-05  1.2309913251890793e-03  -6.1607056202358993e-06  -4.9400139468322096e-06  -7.5419615036899601e-05  -1.0554162386832372e-03  -4.7313409015203433e-07  8.0437759561664483e-06  5.6913854614817894e-05  1.3636878955434126e-03  6.9445021567602434e-06
4.8800000000004403e+01  -3.1622861072695698e-03  -5.5784207635506411e-05  -4.0284015262499498e-05  -7.7739249304251677e-05  2.5996700226671686e-03  -3.0817674567171485e-06  6.3126797469784820e-05  -1.9043635972679766e-05  -3.1007784027806090e-03  5.3187068025461306e-05  1.0104488447567860e-03  -5.5291875539733226e-06  -2.4110081763427480e-06  -4.9523493251665986e-05  -8.6178568220940713e-04  -3.1801638234161844e-07  9.1838898899847736e-06  3.2159780421592572e-05  1.0888977998176959e-03  6.3369217820568798e-06
4.9066666666671097e+01  -3.3315495624507366e-03  -5.6618624017300803e-05  -3.9859028467293910e-05  -5.6379863810998002e-05  2.7610637684475324e-03  -2.4202182102249304e-06  6.5182439212638888e-05  -5.6278856967106624e-05  -3.3287948960843521e-03  5.4647145034576478e-05  8.9244063251180919e-04  -4.6910140506910929e-06  -4.2325785725971423e-07  -1.7288786521474836e-05  -7.4948748790172235e-04  -6.6473606672944056e-08  9.5348072474927287e-06  -2.8381200530814378e-08  9.0398361788779813e-04  5.2910349176091634e-06
4.9333333333337798e+01  -3.6226188412931369e-03  -5.8652267609171246e-05  -4.1163943759869847e-05  -3.4844251060420616e-05  3.0194346966340708e-03  -1.4137245430387449e-06  6.7982351282076385e-05  -8.3141106645513976e-05  -3.6672799211541853e-03  5.7525716980542451e-05  8.9166274599873771e-04  -3.9045825829561380e-06  -2.5367561399495640e-07  1.5352000377218569e-05  -7.2972182637425181e-04  2.1560633657083796e-07  8.3165938902686312e-06  -3.3710556721592330e-05  8.3645270829450964e-04  4.1367295793655298e-06
4.9600000000004499e+01  -3.9187522205013639e-03  -6.2265093048549484e-05  -4.4681426586941411e-05  -3.5572184336335819e-05  3.2606736067180443e-03  -3.3812095680612929e-07  7.2145746516053571e-05  -7.6424048336091530e-05  -3.9558058345467032e-03  6.1974681465760246e-05  9.9741161686871553e-04  -3.3955854587556513e-06  -2.2474404100640871e-06  4.1722270266501769e-05  -7.9391508349000231e-04  4.2859586821615291e-07  5.4786686618797863e-06  -6.1879443239840672e-05  8.8963942705358413e-04  3.2180700740127172e-06
4.9866666666671200e+01  -4.1303706701429285e-03  -6.6274754794704219e-05  -4.8785404083614579e-05  -5.1331292414405204e-05  3.4224169890093256e-03  5.2668828124410147e-07  7.6825960458939293e-05  -5.5398102352596708e-05  -4.1324394121775385e-03  6.6650537614252358e-05  1.1744907475443702e-03  -3.2393640883523433e-06  -5.2426330307384799e-06  5.5531737929419197e-05  -9.1666583361825634e-04  4.9820185980092452e-07  2.1810901764362881e-06  -7.7808653012591576e-05  1.0404546864378162e-03  2.7406516032533566e-06
5.0133333333337902e+01  -4.2666658978344190e-03  -6.9398238443194756e-05  -5.1765905554279942e-05  -6.2614174829694809e-05  3.5315493316995569e-03  1.1248119030228867e-06  8.0771408066404888e-05  -4.7149203399026834e-05  -4.2520338561503829e-03  7.0263376865301188e-05  1.3692169187593424e-03  -3.3614722259995047e-06  -7.1782325627997604e-06  5.3009447429586159e-05  -1.0603262704213393e-03  4.2426430459768673e-07  3.2812948406056804e-07  -7.7213801404725643e-05  1.2411228354796025e-03  2.7310577144961768e-06
5.0400000000004603e+01  -4.3613702158914270e-03  -7.1235375598106997e-05  -5.3109398319797565e-05  -6.6682278950714859e-05  3.6172343467961465e-03  1.6225530162513987e-06  8.3570582733161571e-05  -5.2204711141270305e-05  -4.3496349056989002e-03  7.2520531762638538e-05  1.5220152058970330e-03  -3.6276033320456356e-06  -6.5631779184169730e-06  3.4957605375365950e-05  -1.1825340477239819e-03  2.6593077590490913e-07  1.2543375976828567e-06  -6.0347081077156379e-05  1.4290294349504267e-03  3.0798175377550377e-06
5.0666666666671297e+01  -4.3787267117684223e-03  -7.1886550553460944e-05  -5.2781495793302282e-05  -7.9711109473363313e-05  3.6339678038234289e-03  1.9843886657349276e-06  8.5604764505317209e-05  -4.8465097121711909e-05  -4.3504038294030220e-03  7.3439531027681340e-05  1.5841048149962556e-03  -3.9278473392729409e-06  -3.6461663131369297e-06  6.9519143576920189e-06  -1.2464222653514514e-03  9.2216886595479800e-08  4.5895731961232660e-06  -3.2399250174526981e-05  1.5445844383803801e-03  3.6129713696221438e-06
5.0933333333337998e+01  -4.2292463197018976e-03  -7.2096157406646063e-05  -5.1177834973384387e-05  -1.1456805013966901e-04  3.4947436555624288e-03  1.8802882402190856e-06  8.7939093037356722e-05  -1.9138347106134829e-05  -4.1363145890202513e-03  7.3494654045687670e-05  1.5313706746805079e-03  -4.1946224378800245e-06  -2.8631655124904348e-07  -2.2773894553045588e-05  -1.2297081654676716e-03  -4.5120366109506405e-08  8.3583272942680768e-06  -1.6386286091475707e-06  1.5493335195394995e-03  4.1525778272731783e-06
5.1200000000004700e+01  -3.8635174570802481e-03  -7.3588294208121896e-05  -4.9885060624997373e-05  -1.6371164205071466e-04  3.1636008364163827e-03  1.2716809838756150e-06  9.2190021474228750e-05  2.7603276595010025e-05  -3.6751611202753441e-03  7.4441650283755122e-05  1.3687602309761699e-03  -4.3749632354859057e-06  1.4173183382529446e-06  -4.6571295125784744e-05  -1.1286017035510515e-03  -1.1137542001271491e-07  1.0348845917778164e-05  2.3816684794610689e-05  1.4350139308211022e-03  4.5512729834378888e-06
5.1466666666671500e+01  -3.3321517597354692e-03  -7.7124458568108618e-05  -5.0111089882199294e-05  -2.0440944453317843e-04  2.7013615455535869e-03  6.5804615769638531e-07  9.8583806161511964e-05  6.4103871907516516e-05  -3.0681051062121083e-03  7.7491068618969374e-05  1.1239749274016826e-03  -4.4240595571300359e-06  5.9233383229492431e-07  -6.0019128500476823e-05  -9.5586243370269607e-04  -8.8432564852981066e-08  9.6322246982936073e-06  3.8984671835652511e-05  1.2206805545075857e-03  4.7219282937305944e-06
5.1733333333338201e+01  -2.7654248685179154e-03  -8.0358900420694825e-05  -5.0274288459430238e-05  -2.1690806898710840e-04  2.2327178939078270e-03  4.9351524785644026e-07  1.0421543605728549e-04  6.6398477295167470e-05  -2.4884197671002587e-03  8.0639283791598875e-05  8.3535467625338951e-04  -4.3402714276112118e-06  -2.0160062413955863e-06  -6.2727158040903400e-05  -7.3521595613081049e-04  1.6337397805768659e-08  6.9921383241364672e-06  4.3111886582337989e-05  9.4208614046102906e-04  4.6697578948355613e-06
5.2000000000004903e+01  -2.3061798016819242e-03  -8.0255573547663149e-05  -4.7905593477592736e-05  -1.9660934621559101e-04  1.8787421608083498e-03  7.6560292038955440e-07  1.0576551929749567e-04  3.2628632750864278e-05  -2.0853620416114156e-03  8.0798987857111495e-05  5.4003758424917242e-04  -4.1722190815954147e-06  -4.8134631476006285e-06  -5.7078715184249223e-05  -4.9414027402148607e-04  1.6177247032278876e-07  4.0755075051759650e-06  3.8231612535682401e-05  6.3876865398702085e-04  4.4714402594365291e-06
5.2266666666671597e+01  -2.0451987414997520e-03  -7.7887800518100750e-05  -4.4207082278702479e-05  -1.5216280611020979e-04  1.7053466633797881e-03  1.2847301342141464e-06  1.0434130744052857e-04  -2.0601675158071650e-05  -1.9252453053349419e-03  7.8891497047241921e-05  2.6537328455132321e-04  -3.9640049169710421e-06  -6.4298271650608644e-06  -4.6098516313504949e-05  -2.5643950565654855e-04  2.8813607264987081e-07  2.1873036755993691e-06  2.6934672381785185e-05  3.4285128452310942e-04  4.1982673096743119e-06
5.2533333333338298e+01  -1.9929718109541802e-03  -7.8073238155610815e-05  -4.3682877471084460e-05  -9.5641636732527734e-05  1.7110083097537556e-03  1.9311512618462210e-06  1.0504517902908478e-04  -7.7816568267331630e-05  -1.9912422752290434e-03  7.9662537396838005e-05  2.5701166426832293e-05  -3.7440731352097990e-06  -6.3418173850286778e-06  -3.2498204892803895e-05  -3.8227706771428219e-05  3.6577563147667411e-07  1.7508274551660417e-06  1.2150491983197358e-05  7.4748310733575450e-05  3.9106727048210271e-06
5.2800000000004999e+01  -2.0993273123086232e-03  -8.3298910804927993e-05  -4.8192668200873819e-05  -3.6031552000108757e-05  1.8494363936969488e-03  2.4767570400382204e-06  1.1078254353045133e-04  -1.3542867972788700e-04  -2.2195090963063749e-03  8.5420876306166010e-05  -1.7286388645804948e-04  -3.6012878172634339e-06  -4.8915880350361385e-06  -1.9356293950466841e-05  1.4901188965594538e-04  4.1998013370051037e-07  2.5630068346175530e-06  -1.6638948154929653e-06  -1.5140414649165773e-04  3.7366161386438812e-06
5.3066666666671701e+01  -2.2978894875233806e-03  -9.0325961198022190e-05  -5.3916697684582176e-05  1.8797969569198064e-05  2.0614194480876886e-03  2.6307529468764102e-06  1.1870346401100985e-04  -1.9131340725010243e-04  -2.5320903977570138e-03  9.2678436995907934e-05  -3.2391026383980992e-04  -3.6599181004831606e-06  -2.8699919505783510e-06  -9.9341210986003841e-06  2.9308746483051992e-04  4.7210356075992196e-07  4.1628358361512692e-06  -1.0112937739065561e-05  -3.2174066962711699e-04  3.8113330776667783e-06
5.3333333333338402e+01  -2.5343445111603753e-03  -9.4337350965391963e-05  -5.5909625677316228e-05  5.7622995487395369e-05  2.2915612758770197e-03  2.4830457308283595e-06  1.2422620505033431e-04  -2.3151470123862836e-04  -2.8486806916860822e-03  9.6669902323661717e-05  -4.2112392171962128e-04  -3.8786382589044864e-06  -9.9673516217749617e-07  -5.0872364138062162e-06  3.8444282522240823e-04  4.7437038793621483e-07  5.8492498339966212e-06  -1.3346605359337006e-05  -4.2932968245863149e-04  4.0551271394694441e-06
5.3600000000005103e+01  -2.7647662913912042e-03  -9.4902126922583656e-05  -5.4058422686794830e-05  6.8701832542165719e-05  2.4914640297917902e-03  2.5524465634963303e-06  1.2697353139073543e-04  -2.3727596220083714e-04  -3.0952797957961779e-03  9.7348384316747036e-05  -4.6966767494155149e-04  -3.9986257420771229e-06  2.5433910621397961e-07  -1.9505510284509970e-06  4.2663581858176441e-04  3.5972273204155279e-07  6.6946014802999510e-06  -1.6326489588562755e-05  -4.8584496855096537e-04  4.1717244328672710e-06
5.3866666666671797e+01  -2.9500138186633659e-03  -9.6004138852534408e-05  -5.2664635436952415e-05  5.0179199354299604e-05  2.6280162946928825e-03  3.1603480505482637e-06  1.3082517668446981e-04  -2.0651013506966181e-04  -3.2302162999088414e-03  9.8917228345984633e-05  -4.8914119183619310e-04  -3.8489621335175808e-06  4.7425404739735344e-07  2.2015583248024217e-06  4.3613710523246989e-04  1.4454596356309345e-07  6.0355451073745939e-06  -2.1672729750388710e-05  -5.1380183678118767e-04  4.0080711637413159e-06
5.4133333333338499e+01  -3.0712198919866118e-03  -1.0078568832651377e-04  -5.4850962168760584e-05  1.6694198576472204e-05  2.7017895106529631e-03  3.9697227174288134e-06  1.3866515756851073e-04  -1.6293483734319933e-04  -3.2746695108010503e-03  1.0424825607732712e-04  -4.9596697492953936e-04  -3.5992897236846301e-06  -5.8479529864989660e-07  5.2218217450864813e-06  4.2601714793703729e-04  -7.5215969633106620e-08  4.1517343412550826e-06  -2.4529986712744478e-05  -5.2141453278765253e-04  3.7739184979422340e-06
5.4400000000005200e+01  -3.1530126018461755e-03  -1.0798712449399707e-04  -5.9178541605871840e-05  -7.6502620517990933e-06  2.7561161223492803e-03  4.3531105303834372e-06  1.4883409548684023e-04  -1.4023785241533356e-04  -3.3119640660498623e-03  1.1163445259933545e-04  -4.8829126354722979e-04  -3.5216382349824442e-06  -2.4251706018563123e-06  2.3729059709328433e-06  3.9665499080089399e-04  -2.1723290149408404e-07  2.3113079313327572e-06  -1.8775993038436490e-05  -4.9825673258469623e-04  3.7368541979420153e-06
5.4666666666672000e+01  -3.2596140086914613e-03  -1.1378808241680010e-04  -6.1871562673601198e-05  -5.8433283853940977e-06  2.8567276345331078e-03  4.0480197876792043e-06  1.5707766676752857e-04  -1.5613768719539189e-04  -3.4405912982822134e-03  1.1710194019523334e-04  -4.6075170588057547e-04  -3.5703037916201224e-06  -3.6363290972530941e-06  -6.2570499743097563e-06  3.5114880691946779e-04  -2.5121746475414282e-07  1.8951743999605689e-06  -7.1376505969612090e-06  -4.4699281549817258e-04  3.8078211557623237e-06
5.4933333333338702e+01  -3.4552367841265818e-03  -1.1590736742047228e-04  -6.0946251943939251e-05  2.0765675228926228e-05  3.0507641315426891e-03  3.2206665911964582e-06  1.6082055433674539e-04  -2.0073019405591959e-04  -3.7122415256919377e-03  1.1849656875471504e-04  -4.3112609529575441e-04  -3.4148556769130472e-06  -2.9113342080183382e-06  -1.4022154223796652e-05  3.1327661100660211e-04  -1.6734480997848027e-07  3.2899649925738228e-06  -3.1413776172539156e-08  -4.0680626951406597e-04  3.6270542618153933e-06
5.5200000000005403e+01  -3.7608742061770819e-03  -1.1519640909221576e-04  -5.7496739198263079e-05  5.6231341518924974e-05  3.3384841374257982e-03  2.0743929786072436e-06  1.6091432645437171e-04  -2.4844502709888159e-04  -4.1052911721785454e-03  1.1677407717871728e-04  -4.3520183022999399e-04  -2.9199542067318383e-06  -4.5859613799595786e-07  -1.5009766675789210e-05  3.1516316000574209e-04  3.0217541105794245e-08  5.5206194351830460e-06  -3.5102274523151766e-06  -4.2496415389094849e-04  3.0567587578972687e-06
5.5466666666672097e+01  -4.1435392873427302e-03  -1.1392332435196679e-04  -5.3788797804583838e-05  8.3320114331568174e-05  3.6786598112304196e-03  7.3533058948958872e-07  1.5999476108020938e-04  -2.7946482014522571e-04  -4.5491924993254921e-03  1.1426926806373415e-04  -4.8883050101167387e-04  -2.4208838158955932e-06  1.8051409643862900e-06  -1.0299224859015580e-05  3.6481170807591652e-04  2.8741838950445481e-07  6.9136436918249630e-06  -1.2814873937402336e-05  -5.0578615383619740e-04  2.4345472836865391e-06
5.5733333333338798e+01  -4.5398205191279706e-03  -1.1351084976454016e-04  -5.1086669674489641e-05  9.2990494225863552e-05  4.0149268745090193e-03  -5.2630167218994933e-07  1.6011785577249636e-04  -2.8902262047490415e-04  -4.9667460732591949e-03  1.1266275607601712e-04  -5.6650992409458783e-04  -2.4183895677034689e-06  1.7069963307456259e-06  -4.6501202632796438e-06  4.3669669904369297e-04  4.8654027482152519e-07  6.2176112714676337e-06  -2.0020940636511825e-05  -6.0379921096874315e-04  2.2650372676540480e-06
5.6000000000005500e+01  -4.8869078590336951e-03  -1.1399782474870270e-04  -4.9265830020120394e-05  8.3947203817934224e-05  4.2972684786393989e-03  -1.2541913419216587e-06  1.6192764242474144e-04  -2.8003513613345546e-04  -5.2972198569288392e-03  1.1244205987598588e-04  -6.2567578221949492e-04  -3.0663586064663043e-06  -1.4175296007960759e-06  8.7735463953039228e-07  4.9856405336680138e-04  5.0012167224791102e-07  3.3754955499214193e-06  -2.4420126916555116e-05  -6.7030003857312666e-04  2.7320462058284127e-06
5.6266666666672201e+01  -5.1392659377803348e-03  -1.1488626663402107e-04  -4.7695844360921862e-05  5.7800398849899813e-05  4.4896799064046873e-03  -1.1058434907262135e-06  1.6520331846800587e-04  -2.5386245252945438e-04  -5.4987762451953566e-03  1.1343417675039667e-04  -6.4495339677408112e-04  -4.0074577232063273e-06  -6.1703344373046069e-06  9.5830716174961873e-06  5.3893749911546659e-04  2.9366675223990094e-07  -4.3946642097572937e-07  -3.1761798178170337e-05  -6.9379796802740087e-04  3.5583156577866580e-06
5.6533333333338902e+01  -5.2714260398893523e-03  -1.1588440133561473e-04  -4.5935661780389995e-05  1.7305556429561868e-05  4.5724091656749143e-03  -1.6766933029116887e-07  1.6949892792355865e-04  -2.1107236206147428e-04  -5.5498670954518192e-03  1.1526445930280733e-04  -6.3222903814262252e-04  -4.6248481095737802e-06  -9.9520782066084753e-06  2.2718502355067651e-05  5.6386033262598536e-04  -3.2360119408659372e-08  -3.4260338612137452e-06  -4.4845718510717952e-05  -6.9149505050493582e-04  4.2238160854067104e-06
5.6800000000005603e+01  -5.2771589102383410e-03  -1.1695954100032534e-04  -4.3773622854547414e-05  -3.2113249685692026e-05  4.5446843380778177e-03  1.0375630188693179e-06  1.7432162229463413e-04  -1.5712483970919922e-04  -5.4552196430261253e-03  1.1742834285300020e-04  -6.0443328686684596e-04  -4.4333050069133922e-06  -1.0437109017534461e-05  3.5446944462570596e-05  5.7629557935675452e-04  -3.5474059012950693e-07  -4.0576903675611598e-06  -5.8346581978003631e-05  -6.7706026539350280e-04  4.2415948920849098e-06
5.7066666666672297e+01  -5.1683006594359154e-03  -1.1811416307218573e-04  -4.1081109777663734e-05  -8.2384203662305054e-05  4.4237654649220328e-03  1.8755223543231105e-06  1.7917541975965266e-04  -1.0223614082497556e-04  -5.2445056987720628e-03  1.1936560916810460e-04  -5.7235804944215677e-04  -3.4329179144709217e-06  -6.9122936824111511e-06  4.0478509838995364e-05  5.6977875359606419e-04  -6.5762848451692266e-07  -1.8172625295964487e-06  -6.3385429356157213e-05  -6.5045413641828245e-04  3.4504648286309037e-06
5.7333333333338999e+01  -4.9697987186686585e-03  -1.1928705517977221e-04  -3.7814063364428478e-05  -1.2629759788556792e-04  4.2364814549283357e-03  2.0090195417735903e-06  1.8373622318065767e-04  -5.4816435718318283e-05  -4.9577231990912633e-03  1.2071276725854114e-04  -5.4425932397249570e-04  -2.2419669152937149e-06  -8.9238727362389908e-07  3.4657947603868715e-05  5.4145796817082906e-04  -9.5805396949829358e-07  2.5960771613490263e-06  -5.5749838574485145e-05  -6.1401259499316491e-04  2.2952578435239631e-06
5.7600000000005700e+01  -4.7105978480818282e-03  -1.2040967768370064e-04  -3.4071964203906407e-05  -1.6123847514717631e-04  4.0079622938453269e-03  1.5634784699241511e-06  1.8802216375656843e-04  -1.6640126764304291e-05  -4.6279642550104208e-03  1.2150118552792316e-04  -5.3270398065584064e-04  -1.6902990950803664e-06  4.6164484464608386e-06  2.1333500838383956e-05  5.0358436534135337e-04  -1.1398173935824997e-06  7.5051068393996940e-06  -3.9450280462707458e-05  -5.8466190688701784e-04  1.6232657980053278e-06
5.7866666666672501e+01  -4.4156412530541693e-03  -1.2153319380554009e-04  -3.0107194547896512e-05  -1.8933202704484202e-04  3.7557199655742076e-03  9.3175686383574372e-07  1.9239311294639918e-04  1.5363359699397636e-05  -4.2751965081086699e-03  1.2212057221614494e-04  -5.5098526697273985e-04  -2.0179206594993652e-06  7.0399554139722882e-06  7.0408033240905709e-06  4.7896584087773493e-04  -1.0230715701736237e-06  1.0728857807093937e-05  -2.3129845522436613e-05  -5.8506220717410200e-04  1.8385807884079133e-06
5.8133333333339202e+01  -4.1037137241741435e-03  -1.2293376791096950e-04  -2.6315955138146317e-05  -2.1409884007059568e-04  3.4915884051443264e-03  4.4896126046133642e-07  1.9740172337726834e-04  4.3959286277522389e-05  -3.9124074282510229e-03  1.2314112628488845e-04  -6.0483605784750747e-04  -2.5886404014851140e-06  5.7937999724871115e-06  -3.2744758790351112e-06  4.8739372576246719e-04  -6.1960041730892741e-07  1.0450724453450822e-05  -1.3276248739289358e-05  -6.2682556928852161e-04  2.3816667485749639e-06
5.8400000000005903e+01  -3.7902882011318943e-03  -1.2507674945312077e-04  -2.3210022514256521e-05  -2.3693772334248603e-04  3.2270207453987112e-03  2.5216153946954533e-07  2.0358456096429572e-04  6.8727785984440870e-05  -3.5545630700951065e-03  1.2514435898627307e-04  -6.9003257828858698e-04  -2.6813323368838827e-06  2.0679146721974739e-06  -8.1436450823986324e-06  5.3665901792537645e-04  -1.6731067528585329e-07  6.4826560126068778e-06  -1.0460766490448536e-05  -7.0514047993706778e-04  2.4600162035176118e-06
5.8666666666672597e+01  -3.4907908234466344e-03  -1.2840914615577353e-04  -2.1301955816136151e-05  -2.5620932281837888e-04  2.9760477607318186e-03  3.5492561532812536e-07  2.1124980536944835e-04  8.7067993003477675e-05  -3.2216002776174982e-03  1.2857264380270803e-04  -7.9541065582281725e-04  -2.4771239292983304e-06  -2.5407025638742851e-06  -8.3109365006344990e-06  6.2143613718124244e-04  1.3930412780580899e-07  9.6398264051722979e-07  -1.1412246950473412e-05  -8.0593381124179271e-04  2.2243467718121640e-06
5.8933333333339299e+01  -3.2209091065553454e-03  -1.3312076446595506e-04  -2.0918123259968481e-05  -2.6889909747039727e-04  2.7540383711506188e-03  7.3000386336148987e-07  2.2032981800279594e-04  9.6679870970331380e-05  -2.9344996782376402e-03  1.3357178218484470e-04  -9.0459238534210313e-04  -2.8857308515793946e-06  -6.7538300238274671e-06  -5.0795476830123096e-06  7.2483051823775077e-04  3.2079455773178084e-07  -2.6821601258867203e-06  -1.3626793151165221e-05  -9.1280224945721280e-04  2.6968779457799012e-06
5.9200000000006000e+01  -2.9940842646704472e-03  -1.3905338364068851e-04  -2.2061637993281365e-05  -2.7291561401905607e-04  2.5741410328264428e-03  1.2857160905017645e-06  2.3038357352805222e-04  9.6888652840108685e-05  -2.7091198190428659e-03  1.3990279074766767e-04  -9.9516479241611600e-04  -4.3060362376340050e-06  -9.2834723814453485e-06  -1.0886522108993189e-07  8.1979984968870358e-04  4.5450205872906265e-07  -2.1498740722562278e-06  -1.7041114741937440e-05  -1.0060435565151513e-03  4.3655729770834174e-06
5.9466666666672701e+01  -2.8183997629587141e-03  -1.4578183208908410e-04  -2.4384690942358194e-05  -2.6827846074926030e-04  2.4440176537476070e-03  1.8092121734742969e-06  2.4074996489504858e-04  8.8291693367372265e-05  -2.5523284500299833e-03  1.4699125023784508e-04  -1.0395944413634920e-03  -5.8905965053678701e-06  -8.8268519665902885e-06  4.0821578123914177e-06  8.7280068116002971e-04  4.8460993711102308e-07  2.0459212684744747e-06  -2.1562299394044744e-05  -1.0584882740638441e-03  6.2858024086284674e-06
5.9733333333339402e+01  -2.6947719806931637e-03  -1.5273064217473674e-04  -2.7199046137529095e-05  -2.5681225847080447e-04  2.3642185568991006e-03  1.9813752148624425e-06  2.5074027797087793e-04  7.1822439467061948e-05  -2.4616822151691821e-03  1.5405006389598451e-04  -1.0102214332339296e-03  -6.3251749243444113e-06  -5.1947169274021557e-06  4.4817403843928951e-06  8.5176898486144764e-04  3.0574469677349812e-07  7.1198168832156550e-06  -2.4500304715015331e-05  -1.0369297087046605e-03  6.9513094768857728e-06
6.0000000000006096e+01  -2.6171068156011631e-03  -1.5923162787313474e-04  -2.9500465417575368e-05  -2.4106939094097380e-04  2.3284237184083593e-03  1.4954081033177635e-06  2.5978237681300074e-04  4.8378112561792959e-05  -2.4273724975387078e-03  1.6020675104391524e-04  -8.8650723396751087e-04  -5.2287020593535020e-06  -2.7649107894674212e-07  -8.4129193784981775e-07  7.3660002692593036e-04  -4.1277456155360923e-08  1.0164151555548677e-05  -2.1801306371833831e-05  -9.1227921899854206e-04  5.8832950511708305e-06
