# time  chi_mean_R8  chi_min_R8  chi_max_R8  lapse_mean_R8  lapse_min_R8  lapse_max_R8  K_mean_R8  K_min_R8  K_max_R8  chi_mean_R16  chi_min_R16  chi_max_R16  lapse_mean_R16  lapse_min_R16  lapse_max_R16  K_mean_R16  K_min_R16  K_max_R16
0.0000000000000000e+00  1.0001774706051920e+00  9.9347516142724857e-01  1.0084227797100589e+00  1.0001025121836757e+00  9.9644421869413391e-01  1.0049804635300847e+00  0.0000000000000000e+00  0.0000000000000000e+00  0.0000000000000000e+00  1.0000775245848974e+00  9.9883425919615421e-01  1.0013516279316501e+00  1.0000489168402378e+00  9.9939609683269492e-01  1.0007165581206432e+00  0.0000000000000000e+00  0.0000000000000000e+00  0.0000000000000000e+00
8.0000000000000004e-01  1.0001787735084884e+00  9.9343929562069377e-01  1.0084179232279664e+00  1.0001041427155766e+00  9.9637431828193590e-01  1.0047659432693270e+00  -1.6023470153054188e-06  -2.0303534323126758e-04  1.4046719528851479e-04  1.0000775819806886e+00  9.9884106199208700e-01  1.0013440726167779e+00  1.0000489554383394e+00  9.9939957676366309e-01  1.0007127121172934e+00  4.6327427118689568e-08  -8.9320378204368680e-06  1.1935624549146109e-05
1.6000000000000001e+00  1.0001794624726856e+00  9.9343321918409588e-01  1.0084105930299661e+00  1.0000990450907099e+00  9.9618638089428402e-01  1.0044784913349136e+00  1.7400253917019379e-06  -1.1418808671928796e-04  1.1780482450155755e-04  1.0000776043370008e+00  9.9883900259563518e-01  1.0013465777921275e+00  1.0000489770161631e+00  9.9939940631206048e-01  1.0007125152644516e+00  4.0885018241259472e-08  -3.4331758628924999e-06  6.9255427448570585e-06
2.3999999999999901e+00  1.0001799757530461e+00  9.9337639447588189e-01  1.0083294245658769e+00  1.0000904112598530e+00  9.9612192041694936e-01  1.0043892810736317e+00  -4.0082626898780510e-07  -1.8636482960455365e-04  1.1278763214762043e-04  1.0000776280759904e+00  9.9883713072432789e-01  1.0013473859175146e+00  1.0000490045615715e+00  9.9940048940573534e-01  1.0007136978389852e+00  5.3558042515261553e-08  -4.0061485071188535e-06  3.5120871346219381e-06
3.1999999999999802e+00  1.0001774001236088e+00  9.9324938590920553e-01  1.0081708856513831e+00  1.0000875540996328e+00  9.9625129923357314e-01  1.0045747178297115e+00  -3.5335886614568004e-06  -3.2179512069797038e-04  1.1623109366561912e-04  1.0000776773107756e+00  9.9883599433119330e-01  1.0013482160153353e+00  1.0000489842317966e+00  9.9940260739760634e-01  1.0007138122281929e+00  5.6015042319209180e-08  -4.8514783526198887e-06  5.4320293107857845e-06
3.9999999999999600e+00  1.0001739931357783e+00  9.9319348578522371e-01  1.0081678557482430e+00  1.0000885374331228e+00  9.9634554070616099e-01  1.0045648540295720e+00  -6.1975645462854803e-06  -2.4015864414891907e-04  1.4347919415063100e-04  1.0000776020707554e+00  9.9883510955070731e-01  1.0013454703720062e+00  1.0000491824712310e+00  9.9940362275381478e-01  1.0007215342531319e+00  -1.5246354948011557e-07  -6.7632149850940557e-06  4.0109164312086378e-06
4.7999999999999403e+00  1.0001705065916395e+00  9.9320059110597203e-01  1.0081996218873706e+00  1.0000915402577897e+00  9.9630517525846740e-01  1.0044283756123029e+00  -5.6567966442186132e-06  -1.4665445868353321e-04  1.0838168512316133e-04  1.0000775833331941e+00  9.9883539384163667e-01  1.0013494024819052e+00  1.0000493779369513e+00  9.9940279449044755e-01  1.0007168265307367e+00  7.1811489486839883e-08  -7.8866671677799406e-06  6.8311708652281225e-06
5.5999999999999304e+00  1.0001663884127434e+00  9.9318741744047823e-01  1.0081375330193156e+00  1.0000964059701731e+00  9.9626832901697049e-01  1.0044355147756634e+00  -8.7550769876274074e-06  -1.1259585990201055e-04  8.3792320154737194e-05  1.0000774184014789e+00  9.9882709482521537e-01  1.0013448381613410e+00  1.0000497911080442e+00  9.9941811921110624e-01  1.0007280903740798e+00  -6.6896791311512558e-07  -1.9035698302928349e-05  5.8088396407168253e-06
6.3999999999999098e+00  1.0001616146109988e+00  9.9316169653333730e-01  1.0081022246763907e+00  1.0001041325237627e+00  9.9624747294895388e-01  1.0044407772307595e+00  -6.6265801150305010e-06  -1.0927517183776265e-04  9.3564460114406225e-05  1.0000768334802088e+00  9.9882765870094636e-01  1.0013586963562582e+00  1.0000512484941073e+00  9.9942427822876001e-01  1.0007056529379310e+00  -4.4834865082042996e-07  -1.9323422282491626e-05  3.9209921507247357e-05
7.1999999999998900e+00  1.0001619312026835e+00  9.9314643735370056e-01  1.0080805067355572e+00  1.0001026580964014e+00  9.9622333540008279e-01  1.0044209982098100e+00  5.4088420020300653e-07  -9.5269763435685653e-05  8.2380855581503439e-05  1.0000778259259091e+00  9.9884710693792667e-01  1.0013795568301713e+00  1.0000499271068735e+00  9.9938597906521631e-01  1.0006584056770749e+00  2.2758924397371532e-06  -1.8709855506080440e-05  5.7427002199923922e-05
7.9999999999998703e+00  1.0001630150878023e+00  9.9311899009218307e-01  1.0080437683065946e+00  1.0000968120111318e+00  9.9622788126203632e-01  1.0044382511424743e+00  -8.8223113650141266e-07  -1.0611824634103298e-04  9.0171528355105856e-05  1.0000795709939445e+00  9.9884401380039611e-01  1.0013704983677487e+00  1.0000460620496270e+00  9.9937819288559504e-01  1.0006604517932591e+00  1.9808930591604199e-06  -2.7650204614482219e-05  5.4479921478297819e-05
8.7999999999998604e+00  1.0001635370168276e+00  9.9308888563203568e-01  1.0080148931329429e+00  1.0000916722744360e+00  9.9624988816644433e-01  1.0044524317644448e+00  2.0527727531312514e-06  -8.0347987355189329e-05  7.0359929446967343e-05  1.0000797920001068e+00  9.9881912613643453e-01  1.0013505959764171e+00  1.0000445382869765e+00  9.9942782853776768e-01  1.0007023093206247e+00  2.4086855569349675e-07  -5.1596847249331367e-05  4.6981672691506126e-05
9.5999999999998398e+00  1.0001660420077081e+00  9.9308118691941583e-01  1.0080097328502962e+00  1.0000819877934903e+00  9.9623007687890164e-01  1.0044181752137111e+00  1.8433597338060511e-06  -3.9456548681952272e-05  4.9621949933413822e-05  1.0000790958522083e+00  9.9881187684606421e-01  1.0013603339687103e+00  1.0000453716958768e+00  9.9945700877510768e-01  1.0006966581462675e+00  -1.1432520558013766e-06  -5.6062562588608640e-05  4.3036963494812829e-05
1.0399999999999800e+01  1.0001637849245020e+00  9.9308220132611291e-01  1.0080010672210737e+00  1.0000803743371107e+00  9.9617937210887708e-01  1.0043751303546793e+00  -5.4549793542019383e-06  -5.8212083047691964e-05  2.8523707440750130e-05  1.0000779811510498e+00  9.9882160556069888e-01  1.0013763267106253e+00  1.0000478362387200e+00  9.9944753844735290e-01  1.0006624729732938e+00  -1.5369780675313902e-06  -5.4215761596701274e-05  4.0449708469220476e-05
1.1199999999999800e+01  1.0001594047638147e+00  9.9306608166335153e-01  1.0079722962424669e+00  1.0000858866989049e+00  9.9615870141828633e-01  1.0043754556029261e+00  -5.6772573986941440e-06  -6.5937497857844701e-05  1.8048971574110109e-05  1.0000770451346797e+00  9.9882425696369881e-01  1.0013711351612486e+00  1.0000504652937590e+00  9.9944038624606235e-01  1.0006648653917189e+00  -1.6113807432427720e-06  -6.2550982641874651e-05  4.5715730348465908e-05
1.1999999999999799e+01  1.0001574562244011e+00  9.9304725341282651e-01  1.0079526114919131e+00  1.0000887011016677e+00  9.9615791106331086e-01  1.0043738955749393e+00  -3.5024861139447156e-06  -5.3944111206982944e-05  2.1664477021160705e-05  1.0000765454565488e+00  9.9882606424058185e-01  1.0013707705597004e+00  1.0000524726556459e+00  9.9943579522315795e-01  1.0006671329197954e+00  -3.2324692090561908e-07  -6.6659475273785741e-05  5.2397181807682387e-05
1.2799999999999800e+01  1.0001562322273672e+00  9.9303302607642374e-01  1.0079400694700216e+00  1.0000897287967574e+00  9.9615313582823362e-01  1.0043599451271208e+00  -2.8275694131868518e-06  -4.8181284678758253e-05  2.1165766210162125e-05  1.0000773707636377e+00  9.9883241800418165e-01  1.0013714889793381e+00  1.0000515731473625e+00  9.9942106992728819e-01  1.0006665076783936e+00  1.1660800420816203e-06  -4.0039450809345861e-05  5.1063803639512442e-05
1.3599999999999801e+01  1.0001553552092504e+00  9.9301658496851652e-01  1.0079243388332508e+00  1.0000897057455131e+00  9.9615030411955896e-01  1.0043498857408883e+00  -1.9248804666688761e-06  -4.5309867295364090e-05  1.8721240270353525e-05  1.0000777663776295e+00  9.9882701346972458e-01  1.0013637413398129e+00  1.0000505729294979e+00  9.9942679317338956e-01  1.0006829965471535e+00  2.8312679019523545e-07  -3.2766484264690168e-05  5.1250517503525844e-05
1.4399999999999700e+01  1.0001547380740796e+00  9.9300228071299579e-01  1.0079065188699936e+00  1.0000887853945504e+00  9.9614349015587678e-01  1.0043455673638637e+00  -1.5424290319609877e-06  -4.0179534118420732e-05  1.7292538576868487e-05  1.0000785772887422e+00  9.9881776837638736e-01  1.0013578892940540e+00  1.0000489308090605e+00  9.9944757353351754e-01  1.0007018613737748e+00  2.4765291778819699e-06  -2.4538335065144275e-05  4.0572792849486067e-05
1.5199999999999701e+01  1.0001540315234418e+00  9.9299036072057645e-01  1.0078911197257405e+00  1.0000878019350103e+00  9.9613536351718968e-01  1.0043410237340513e+00  -1.5034647241455991e-06  -3.9001590275163697e-05  1.7839179930190471e-05  1.0000806656161454e+00  9.9882347324329357e-01  1.0013670969436568e+00  1.0000441407421894e+00  9.9944344640117677e-01  1.0006914284440998e+00  2.6180445647741238e-06  -1.9315399910562897e-05  3.4094048014919964e-05
1.5999999999999700e+01  1.0001532830802609e+00  9.9298105296365657e-01  1.0078797300483997e+00  1.0000869622271202e+00  9.9612626530881121e-01  1.0043314224495188e+00  -1.4670818982736123e-06  -3.6247990036957981e-05  1.6089156348518724e-05  1.0000804512158110e+00  9.9883636153584743e-01  1.0013757736817106e+00  1.0000429719890609e+00  9.9941654878362973e-01  1.0006720964551534e+00  -9.0127842455460915e-07  -1.5028811020611569e-05  2.4131765903157698e-05
1.6799999999999802e+01  1.0001525940237423e+00  9.9297229714417579e-01  1.0078686679917597e+00  1.0000861857876540e+00  9.9611563834351236e-01  1.0043207328596018e+00  -1.3341469342286162e-06  -3.3484747547332873e-05  1.4460186940889542e-05  1.0000790994573470e+00  9.9883701188082763e-01  1.0013718699585434e+00  1.0000453172151960e+00  9.9940684166195093e-01  1.0006755780360985e+00  -1.2609161475976409e-06  -1.0596833020329458e-05  4.7461777935891078e-06
1.7600000000000001e+01  1.0001520270000470e+00  9.9296214378557390e-01  1.0078556014582751e+00  1.0000852893482775e+00  9.9610410362274437e-01  1.0043129581292498e+00  -1.1195313458794588e-06  -3.2089475995566981e-05  1.4978609460358863e-05  1.0000787887975973e+00  9.9883231578993503e-01  1.0013692809476520e+00  1.0000465886781167e+00  9.9941336871368724e-01  1.0006830166144998e+00  -2.8367624745898323e-07  -6.5219673319156805e-06  3.8001473511839283e-06
1.8400000000000102e+01  1.0001515083259305e+00  9.9295029577193827e-01  1.0078420468485225e+00  1.0000842959717116e+00  9.9609473143055693e-01  1.0043070010124884e+00  -1.0195986520432833e-06  -3.3449617011226404e-05  1.6180641208530856e-05  1.0000788742486355e+00  9.9883116314903098e-01  1.0013709902747205e+00  1.0000468758015049e+00  9.9941692703098550e-01  1.0006829869921348e+00  4.3797495089812472e-08  -3.4986889967995194e-06  3.3364661686413291e-06
1.9200000000000198e+01  1.0001509389290688e+00  9.9293899732712587e-01  1.0078306554548415e+00  1.0000834115894497e+00  9.9608864116864926e-01  1.0042990842832933e+00  -1.0255437831549290e-06  -3.3622743055083586e-05  1.6069286619003879e-05  1.0000790942608337e+00  9.9883046772620920e-01  1.0013720916835112e+00  1.0000466354462327e+00  9.9941953455732047e-01  1.0006823273042744e+00  4.0347331312921652e-07  -1.5714198591012279e-06  1.7254199025623462e-06
2.0000000000000298e+01  1.0001503594499723e+00  9.9293044866030533e-01  1.0078210057751800e+00  1.0000826735001858e+00  9.9608192578018862e-01  1.0042892575002864e+00  -9.8077321855427680e-07  -3.1282488415100230e-05  1.4576978901611628e-05  1.0000794280393781e+00  9.9883084637532404e-01  1.0013716139022131e+00  1.0000459489532809e+00  9.9941982462064971e-01  1.0006844934035521e+00  5.4616117500717822e-07  -1.5211352575407169e-06  2.1773970246120168e-06
2.0800000000000502e+01  1.0001498752511271e+00  9.9292252524576852e-01  1.0078107534803002e+00  1.0000819192840005e+00  9.9607337202637114e-01  1.0042806598937912e+00  -8.1001523046863014e-07  -2.9838268685857500e-05  1.3008405932054284e-05  1.0000797160018828e+00  9.9883161972745405e-01  1.0013714110655980e+00  1.0000451991348263e+00  9.9941844519767120e-01  1.0006869878381870e+00  5.3012801291985998e-07  -5.0765409109039127e-07  1.9236528791536130e-06
2.1600000000000598e+01  1.0001495433809495e+00  9.9291218844289664e-01  1.0077993987336531e+00  1.0000809558924415e+00  9.9606582535183463e-01  1.0042738391045347e+00  -5.4594305480588032e-07  -3.0441474750484837e-05  1.3150325093163650e-05  1.0000799889663523e+00  9.9883194685905152e-01  1.0013725957890034e+00  1.0000444410272904e+00  9.9941739124581941e-01  1.0006867193696902e+00  5.5799446230691203e-07  -4.1226399851905063e-07  2.7934971043932720e-06
2.2400000000000698e+01  1.0001493338064957e+00  9.9290015022458544e-01  1.0077882976940602e+00  1.0000797254808846e+00  9.9606092951961012e-01  1.0042667491890618e+00  -3.2812250725509942e-07  -3.1145107288931253e-05  1.4019524787386140e-05  1.0000802830503401e+00  9.9883220389891170e-01  1.0013738582454417e+00  1.0000436243769208e+00  9.9941641280249527e-01  1.0006853922911767e+00  5.8614077312912189e-07  -8.3863013068086343e-07  2.6829985995267665e-06
2.3200000000000799e+01  1.0001491321441311e+00  9.9288964912894784e-01  1.0077783483311753e+00  1.0000784273434058e+00  9.9605667421714572e-01  1.0042584681130646e+00  -3.0027024874212916e-07  -3.0068969883577684e-05  1.4429409260012419e-05  1.0000805663144172e+00  9.9883277096612111e-01  1.0013742635098359e+00  1.0000428018536764e+00  9.9941478482195378e-01  1.0006853379806828e+00  5.5013127543805864e-07  -7.8644904597599512e-07  2.4931657798631149e-06
2.4000000000000998e+01  1.0001488631132638e+00  9.9288190323573811e-01  1.0077692235783284e+00  1.0000773208533238e+00  9.9605014134916314e-01  1.0042496456711600e+00  -3.6983871216947210e-07  -2.7799468201904810e-05  1.5446472136111471e-05  1.0000807814626200e+00  9.9883320907772899e-01  1.0013743541907352e+00  1.0000421034467064e+00  9.9941310855878795e-01  1.0006862712289883e+00  4.3142855659594670e-07  -7.4663144674359224e-07  1.8948322967635889e-06
2.4800000000001098e+01  1.0001485883551278e+00  9.9287447461399780e-01  1.0077598820984182e+00  1.0000763954442844e+00  9.9604157478250033e-01  1.0042412289590017e+00  -3.5398565884213253e-07  -2.6642320091533130e-05  1.5645378671250904e-05  1.0000809076670680e+00  9.9883280116079032e-01  1.0013750306794729e+00  1.0000416145656452e+00  9.9941309165425174e-01  1.0006862846808307e+00  2.9409876979045554e-07  -6.8619887011183367e-07  2.0290417256058780e-06
2.5600000000001199e+01  1.0001483662870885e+00  9.9286477997460998e-01  1.0077497293262025e+00  1.0000755069283240e+00  9.9603375781677506e-01  1.0042336066039970e+00  -2.8606318945169010e-07  -2.7458342241086549e-05  1.5806460368834878e-05  1.0000809744236976e+00  9.9883246293713279e-01  1.0013762020858985e+00  1.0000413086054123e+00  9.9941345129113235e-01  1.0006850137205254e+00  2.1295629898125626e-07  -8.1536947539698611e-07  2.4087751946368571e-06
2.6400000000001299e+01  1.0001481477562739e+00  9.9285338025576508e-01  1.0077394771598114e+00  1.0000746688142859e+00  9.9602834836853960e-01  1.0042259093138788e+00  -2.8559948286131810e-07  -2.8584290058289188e-05  1.6590017424690301e-05  1.0000810558426445e+00  9.9883306707479658e-01  1.0013773836723603e+00  1.0000410340046222e+00  9.9941193395884054e-01  1.0006831612172082e+00  2.4258582265406501e-07  -9.1761937956141979e-07  2.2350093368470738e-06
2.7200000000001499e+01  1.0001478642159998e+00  9.9284312714269662e-01  1.0077301659767581e+00  1.0000740173078475e+00  9.9602355155628974e-01  1.0042169809977723e+00  -3.7951805162835982e-07  -2.7663302424590558e-05  1.8037213295898136e-05  1.0000811554126061e+00  9.9883292130682866e-01  1.0013770936170445e+00  1.0000407246381617e+00  9.9941115230625255e-01  1.0006838813733141e+00  2.1222386538701091e-07  -7.4314936086749540e-07  1.8592493565326137e-06
2.8000000000001599e+01  1.0001474968275534e+00  9.9283529187783581e-01  1.0077219421917913e+00  1.0000736673244208e+00  9.9601638775502177e-01  1.0042063954649643e+00  -5.1939612468632938e-07  -2.5509878133204456e-05  1.9447407984240981e-05  1.0000811782165655e+00  9.9883096793786397e-01  1.0013760860035887e+00  1.0000405553256488e+00  9.9941430472326998e-01  1.0006869812035040e+00  9.6199920472130542e-08  -2.1788389687266320e-06  2.0704496720325052e-06
2.8800000000001699e+01  1.0001470813125048e+00  9.9282759700281542e-01  1.0077135057315083e+00  1.0000736122386229e+00  9.9600741373705526e-01  1.0041956055229320e+00  -6.0382036277764899e-07  -2.4955631280994924e-05  1.9401214041908752e-05  1.0000811769399724e+00  9.9883035596292058e-01  1.0013776833063710e+00  1.0000404782673935e+00  9.9941612843425232e-01  1.0006856327414848e+00  1.0415562222817322e-07  -2.4787228086512445e-06  4.2207036447520070e-06
2.9600000000001799e+01  1.0001466865466271e+00  9.9281767784112063e-01  1.0077037295034981e+00  1.0000736958525325e+00  9.9599954141749802e-01  1.0041865039168740e+00  -5.7688738030563045e-07  -2.6118693136492517e-05  1.8571681628446468e-05  1.0000812115814095e+00  9.9883224712898888e-01  1.0013803169776612e+00  1.0000403484365679e+00  9.9941235358555114e-01  1.0006805273862329e+00  1.2217845851255209e-07  -2.2741003592842000e-06  5.2069305447203752e-06
3.0400000000001999e+01  1.0001463159989128e+00  9.9280625051607541e-01  1.0076933309457650e+00  1.0000738210714268e+00  9.9599377278011736e-01  1.0041792077834353e+00  -5.7267506572705529e-07  -2.7094992124049854e-05  1.8617772489904161e-05  1.0000812350737958e+00  9.9883293581266308e-01  1.0013797989904341e+00  1.0000402251515008e+00  9.9940907896442488e-01  1.0006804751184457e+00  1.1056539146980873e-07  -2.6242279201969520e-06  4.6698265323692986e-06
3.1200000000002099e+01  1.0001458920673936e+00  9.9279589948767877e-01  1.0076835051157393e+00  1.0000741098662536e+00  9.9598808677278616e-01  1.0041721041809908e+00  -6.5430522301579719e-07  -2.5931264785202898e-05  1.9532391570280864e-05  1.0000812721519730e+00  9.9883149508181357e-01  1.0013783171984809e+00  1.0000400717091620e+00  9.9941021481053982e-01  1.0006839420487526e+00  1.4649117288638189e-07  -2.2887192545334050e-06  4.7359306274239324e-06
3.2000000000002203e+01  1.0001454503937546e+00  9.9278793379458441e-01  1.0076739867836548e+00  1.0000745602823615e+00  9.9597942315475008e-01  1.0041645430707546e+00  -6.5280358264068079e-07  -2.3629460330440677e-05  1.9375779966587332e-05  1.0000813036231206e+00  9.9883065732166443e-01  1.0013789461001803e+00  1.0000399052157041e+00  9.9941140539616580e-01  1.0006841147645631e+00  9.6593981740295025e-08  -2.5155832181233322e-06  6.2513844950495711e-06
3.2800000000002001e+01  1.0001450517819601e+00  9.9277974629753962e-01  1.0076630817206973e+00  1.0000750565134169e+00  9.9596949625973119e-01  1.0041592857440551e+00  -6.4879444725340390e-07  -2.4442059351356120e-05  1.7572470126178083e-05  1.0000812480922070e+00  9.9883034244254421e-01  1.0013798672450047e+00  1.0000399012355077e+00  9.9941150861314676e-01  1.0006827236523281e+00  -3.9232179877632401e-08  -4.3597462160530419e-06  5.2466534273891098e-06
3.3600000000001899e+01  1.0001446334423743e+00  9.9276858043576732e-01  1.0076513792678228e+00  1.0000756810372424e+00  9.9596283151886089e-01  1.0041558868947758e+00  -6.8912816758045611e-07  -2.6690725756909987e-05  1.8409001754977497e-05  1.0000811348215444e+00  9.9882975352173464e-01  1.0013806896195216e+00  1.0000400610649438e+00  9.9941196907390062e-01  1.0006811180496979e+00  -8.9718409490943616e-08  -5.2516697778275885e-06  5.7307961179956970e-06
3.4400000000001697e+01  1.0001442471612290e+00  9.9275702831029222e-01  1.0076417700223939e+00  1.0000763314097405e+00  9.9595685968298531e-01  1.0041485091394651e+00  -5.8024587005040283e-07  -2.5182329057878456e-05  2.2185073030087703e-05  1.0000810597882304e+00  9.9883043440823949e-01  1.0013827188838447e+00  1.0000401936480339e+00  9.9940994995570942e-01  1.0006768032922326e+00  -2.4482638936432661e-08  -5.7402902681226281e-06  6.6135176122029019e-06
3.5200000000001602e+01  1.0001439404482335e+00  9.9274805760872042e-01  1.0076330546384225e+00  1.0000768572141263e+00  9.9594687164444351e-01  1.0041378986811145e+00  -5.0396879346015356e-07  -2.2803033779451687e-05  2.1877759743193888e-05  1.0000810394791304e+00  9.9883159657419340e-01  1.0013840754508192e+00  1.0000402054246182e+00  9.9940593642141562e-01  1.0006727062660088e+00  3.5098418073845446e-08  -7.1894956286993597e-06  8.5240638961656531e-06
3.6000000000001400e+01  1.0001436047366634e+00  9.9273939403358924e-01  1.0076217739000579e+00  1.0000774574919811e+00  9.9593633673032533e-01  1.0041317138621222e+00  -5.6150229157876098e-07  -2.4163069185769400e-05  1.8279153778015640e-05  1.0000810198396741e+00  9.9883051150717106e-01  1.0013828959624453e+00  1.0000401725431018e+00  9.9940571010984414e-01  1.0006736981243154e+00  2.3306019243407226e-08  -6.6273533346605508e-06  8.7232898310328522e-06
3.6800000000001198e+01  1.0001432927537677e+00  9.9272896625395668e-01  1.0076102239792459e+00  1.0000781129451690e+00  9.9592881448541482e-01  1.0041290999651269e+00  -4.5643736545523373e-07  -2.5729328705864598e-05  1.8424227943679003e-05  1.0000809551854237e+00  9.9882832954615675e-01  1.0013816708610490e+00  1.0000402055801403e+00  9.9940893492631200e-01  1.0006764045362471e+00  -4.7225539168738635e-08  -7.6008388042016996e-06  1.2028675351880628e-05
3.7600000000001103e+01  1.0001431208973413e+00  9.9271823678475879e-01  1.0076007346182425e+00  1.0000785559003083e+00  9.9592077022845216e-01  1.0041241098637308e+00  -2.9692218063452075e-07  -2.4578030914071139e-05  2.0768425848869502e-05  1.0000808439111619e+00  9.9882810879902040e-01  1.0013822265474293e+00  1.0000403463372716e+00  9.9940930621360335e-01  1.0006759811465242e+00  -9.6086074526132816e-08  -9.0952327131167077e-06  1.0692373079860313e-05
3.8400000000000901e+01  1.0001428988989094e+00  9.9270683659892656e-01  1.0075920352379888e+00  1.0000790508526962e+00  9.9591248421206846e-01  1.0041161785901349e+00  -4.7923290366654169e-07  -2.5666167389993239e-05  2.2322688342817947e-05  1.0000807530538349e+00  9.9882926356985235e-01  1.0013826011132807e+00  1.0000404784005870e+00  9.9940597659748542e-01  1.0006749391178114e+00  -4.5594406892781939e-08  -1.0978621757557704e-05  1.1821982672163065e-05
3.9200000000000799e+01  1.0001424845916445e+00  9.9269443712672956e-01  1.0075834509252120e+00  1.0000799836712644e+00  9.9590702141058973e-01  1.0041068056162092e+00  -6.4931206781586141e-07  -2.7060632843081502e-05  2.2657065316064030e-05  1.0000806886632119e+00  9.9882932464851648e-01  1.0013823682491503e+00  1.0000405439995939e+00  9.9940358953429587e-01  1.0006749271012287e+00  -5.9471237328947207e-08  -9.6733318877125270e-06  1.0460994805596038e-05
4.0000000000000597e+01  1.0001422355806546e+00  9.9268446595330972e-01  1.0075741076696292e+00  1.0000807875474416e+00  9.9589888179935770e-01  1.0040985273338279e+00  -2.4115959354202769e-07  -2.2649757205257822e-05  2.1473451034451191e-05  1.0000805366589884e+00  9.9882781355075101e-01  1.0013826555048546e+00  1.0000407569311214e+00  9.9940453799418394e-01  1.0006740150972555e+00  -2.0549979367845144e-07  -1.1854175308283175e-05  1.2098802855696999e-05
4.0800000000000502e+01  1.0001423705291392e+00  9.9267647663929515e-01  1.0075642224421029e+00  1.0000808345266625e+00  9.9588540421472516e-01  1.0040916527801615e+00  1.8707490229617295e-07  -2.2006806392516962e-05  2.1475904813577182e-05  1.0000803468259054e+00  9.9882655512683793e-01  1.0013824651643233e+00  1.0000410979314589e+00  9.9940606661662057e-01  1.0006736145893116e+00  -1.7391596726323467e-07  -1.0515839716338755e-05  1.0298405016030048e-05
4.1600000000000300e+01  1.0001424907192549e+00  9.9266573837179473e-01  1.0075544043387410e+00  1.0000807132533667e+00  9.9587385373693271e-01  1.0040843518984057e+00  2.3955024903569200e-08  -2.8162609407319338e-05  2.1728982872855050e-05  1.0000802883580251e+00  9.9882716512007441e-01  1.0013807487255131e+00  1.0000412124970997e+00  9.9940389565446519e-01  1.0006763982454265e+00  1.4116778728601325e-08  -1.0382719834853484e-05  9.8479627952012891e-06
4.2400000000000098e+01  1.0001423681080315e+00  9.9265127602643277e-01  1.0075440590997136e+00  1.0000810534159563e+00  9.9586896980106310e-01  1.0040772286647575e+00  -2.1156522306272368e-07  -2.8493618532894618e-05  2.3578967009157790e-05  1.0000802655994501e+00  9.9882793256140956e-01  1.0013787734577846e+00  1.0000411719356235e+00  9.9940041306112892e-01  1.0006814845743481e+00  -2.7539170223785000e-08  -9.3910241079897036e-06  9.4802484468773060e-06
4.3200000000000003e+01  1.0001422327835972e+00  9.9263700735273763e-01  1.0075346036392236e+00  1.0000815737172046e+00  9.9586635386673139e-01  1.0040680797042743e+00  -1.7289023195493650e-07  -2.7156270251312806e-05  2.7194508959448426e-05  1.0000801081048971e+00  9.9882564241349603e-01  1.0013781857850321e+00  1.0000413488167017e+00  9.9939915296679838e-01  1.0006844700997148e+00  -1.9444929554551805e-07  -9.1549775313962534e-06  9.1163878810850769e-06
4.3999999999999801e+01  1.0001421787005960e+00  9.9262695781640375e-01  1.0075258359076487e+00  1.0000820261538963e+00  9.9585716669678925e-01  1.0040567316699840e+00  -1.1124178895361098e-07  -2.6084938719362397e-05  2.3725262861562934e-05  1.0000799267290712e+00  9.9882315648145426e-01  1.0013798875411162e+00  1.0000416385459676e+00  9.9940546332275382e-01  1.0006810279002822e+00  -1.5441528716599086e-07  -9.9251970556987262e-06  1.1392665898892712e-05
4.4799999999999699e+01  1.0001421986839416e+00  9.9261849304857974e-01  1.0075145772629079e+00  1.0000823815735704e+00  9.9584229441650973e-01  1.0040496047573446e+00  2.1541970886952583e-08  -2.7638395707927971e-05  2.0565824645947771e-05  1.0000798222787373e+00  9.9882368320658355e-01  1.0013820502650965e+00  1.0000417980559455e+00  9.9939883247107686e-01  1.0006794229871929e+00  -9.8173201730398432e-08  -6.1011034902476789e-06  5.9226973515126331e-06
4.5599999999999497e+01  1.0001423528353550e+00  9.9260623309558282e-01  1.0075029730776743e+00  1.0000824862022051e+00  9.9583149498241619e-01  1.0040441238607463e+00  1.9682921393584374e-07  -2.6373402116356248e-05  2.5181616661748349e-05  1.0000796843131032e+00  9.9882553334627544e-01  1.0013804906528898e+00  1.0000419842800254e+00  9.9939950616795059e-01  1.0006748774037706e+00  -1.5882772986433070e-07  -1.2273706975545810e-05  1.2606809630536158e-05
4.6399999999999302e+01  1.0001425086635183e+00  9.9259118414747682e-01  1.0074945742378776e+00  1.0000825260947059e+00  9.9582619176024667e-01  1.0040317733395205e+00  1.0809850279220556e-07  -2.8173339342493270e-05  2.8488394537037252e-05  1.0000795825844069e+00  9.9882219092273983e-01  1.0013777022155048e+00  1.0000421188587953e+00  9.9939407252984436e-01  1.0006856532160182e+00  1.3235539251308409e-08  -4.6708114574360362e-06  7.2896295396484793e-06
4.7199999999999200e+01  1.0001424932140659e+00  9.9257772347510476e-01  1.0074855802518343e+00  1.0000829077036886e+00  9.9581966512023234e-01  1.0040178312054717e+00  -1.3381181258462202e-07  -2.7887041762350240e-05  2.4488897953471294e-05  1.0000796780895627e+00  9.9881961937208230e-01  1.0013778688143431e+00  1.0000418312619159e+00  9.9940567690216486e-01  1.0006793401463072e+00  2.6575775635832250e-07  -1.0541281674153177e-05  1.0137325705092172e-05
4.7999999999998998e+01  1.0001423968847907e+00  9.9256710317395913e-01  1.0074734023403571e+00  1.0000835924988207e+00  9.9580797739300964e-01  1.0040098125016779e+00  -2.0781105319747762e-07  -2.4989039605457322e-05  2.1403779529456547e-05  1.0000797228863441e+00  9.9881885940674719e-01  1.0013807364709739e+00  1.0000414843201355e+00  9.9940635433527036e-01  1.0006740779239449e+00  3.7147118253847019e-08  -8.8241813813964295e-06  8.5000844303310990e-06
4.8799999999998903e+01  1.0001423736150368e+00  9.9255641985080878e-01  1.0074615426892242e+00  1.0000842795016964e+00  9.9579446099474123e-01  1.0040028603686895e+00  -1.2699094463580086e-07  -2.4248995270327605e-05  2.2956612556357914e-05  1.0000794635174786e+00  9.9882019971287483e-01  1.0013801784018077e+00  1.0000417224916553e+00  9.9940438634819029e-01  1.0006700500189663e+00  -3.2428039002839353e-07  -9.5724705296097879e-06  1.0256402073360503e-05
4.9599999999998701e+01  1.0001424606931297e+00  9.9254301926559074e-01  1.0074510923463171e+00  1.0000848085597593e+00  9.9578421280771656e-01  1.0039928472695303e+00  8.6360693752770250e-09  -2.6930522026770506e-05  2.4267304389625366e-05  1.0000792294373699e+00  9.9881886216139315e-01  1.0013779816052482e+00  1.0000421069205661e+00  9.9940371421965035e-01  1.0006725758801620e+00  -9.9032690968168345e-08  -9.5956810078934255e-06  1.0226908020803145e-05
5.0399999999998499e+01  1.0001426225104522e+00  9.9252863720518425e-01  1.0074398189482545e+00  1.0000851729628155e+00  9.9577568006209249e-01  1.0039827957289200e+00  7.2145355934775243e-08  -2.7086295435116131e-05  2.3346294996062256e-05  1.0000793286055989e+00  9.9881635909081379e-01  1.0013785182175650e+00  1.0000418656285062e+00  9.9940731943791727e-01  1.0006720025699263e+00  2.8973957473711755e-07  -1.4022007673074060e-05  9.4315257493262665e-06
5.1199999999998397e+01  1.0001427238908738e+00  9.9251615608308841e-01  1.0074277995452505e+00  1.0000856202674573e+00  9.9576391859297553e-01  1.0039737236378758e+00  -5.9694751406665338e-08  -2.4319578170538727e-05  2.3488734923421960e-05  1.0000794011479146e+00  9.9881788081504408e-01  1.0013813401311993e+00  1.0000414616795674e+00  9.9940223959883978e-01  1.0006646464975057e+00  4.9770797722299618e-08  -1.3936291643214422e-05  1.0201671097023604e-05
5.1999999999998202e+01  1.0001427664643749e+00  9.9250446788893931e-01  1.0074162667961750e+00  1.0000862531571495e+00  9.9575010334524894e-01  1.0039637822321037e+00  -4.9980282641492321e-08  -2.5681285755334787e-05  2.3705625365358348e-05  1.0000791149259296e+00  9.9881851461560489e-01  1.0013812489756715e+00  1.0000417210784613e+00  9.9939877240814468e-01  1.0006626217826269e+00  -3.7191185041077259e-07  -1.1787942964516437e-05  1.4157483005031623e-05
5.2799999999998100e+01  1.0001430287152890e+00  9.9249017913828030e-01  1.0074039076059382e+00  1.0000865633444638e+00  9.9574052527551515e-01  1.0039551539590985e+00  3.3055572488185772e-07  -2.9750363554207624e-05  2.2299816654175847e-05  1.0000788264046541e+00  9.9881314467915749e-01  1.0013776692765877e+00  1.0000422010786685e+00  9.9940307954992802e-01  1.0006653128501466e+00  -1.7813351201552400e-07  -1.1918016974777112e-05  1.3028357324122198e-05
5.3599999999997898e+01  1.0001434968477023e+00  9.9247441143512227e-01  1.0073918593288171e+00  1.0000863863716638e+00  9.9573409504001864e-01  1.0039461148146789e+00  4.3095342106258536e-07  -2.8372465017667844e-05  2.5887272842106097e-05  1.0000788724635949e+00  9.9881078576273563e-01  1.0013779859027185e+00  1.0000420781913446e+00  9.9941115425448390e-01  1.0006652734124499e+00  2.2516752881444696e-07  -1.3787380569454341e-05  1.2121530808484816e-05
5.4399999999997704e+01  1.0001436796650083e+00  9.9246236053994241e-01  1.0073823120411760e+00  1.0000866342344221e+00  9.9572007889436753e-01  1.0039309928853213e+00  -1.2898620192435935e-07  -2.1959885069924205e-05  2.7848266874643043e-05  1.0000789554663789e+00  9.9881320519781658e-01  1.0013795013627065e+00  1.0000416823973839e+00  9.9940504513921846e-01  1.0006592236018346e+00  1.1002472196098720e-07  -1.1474784610175620e-05  1.1762618147457292e-05
5.5199999999997601e+01  1.0001435104559633e+00  9.9245152327697794e-01  1.0073704648021806e+00  1.0000877534644275e+00  9.9570064937873570e-01  1.0039177048219206e+00  -4.4712021194862054e-07  -2.7693743963327731e-05  2.2616646643181254e-05  1.0000787602289984e+00  9.9881235006093749e-01  1.0013753166339718e+00  1.0000417507031183e+00  9.9940345479508363e-01  1.0006657230003850e+00  -2.3596270150174548e-07  -1.2365626166308409e-05  1.4207450753773619e-05
5.5999999999997399e+01  1.0001435570465445e+00  9.9243452298410173e-01  1.0073544032509869e+00  1.0000887611190694e+00  9.9569231128760627e-01  1.0039134837416004e+00  -2.8354998140811827e-08  -3.4140247573693746e-05  1.9956880894199795e-05  1.0000784877237168e+00  9.9880968916511559e-01  1.0013723813831579e+00  1.0000421155551420e+00  9.9940668313854542e-01  1.0006703313348180e+00  -2.1531210804053652e-07  -1.0064260994252547e-05  1.0128444181061736e-05
5.6799999999997297e+01  1.0001439658119931e+00  9.9241669270420629e-01  1.0073408643092081e+00  1.0000890526741735e+00  9.9568939984945781e-01  1.0039071634776806e+00  3.0395838709718512e-07  -2.9951039346859631e-05  2.7283015419882208e-05  1.0000783911508737e+00  9.9881124573615465e-01  1.0013763032251717e+00  1.0000422191235323e+00  9.9940129181332871e-01  1.0006640410751959e+00  7.7267013266063233e-09  -1.0974489622088533e-05  1.0418292341099060e-05
5.7599999999997102e+01  1.0001443444329619e+00  9.9240561255118931e-01  1.0073314875696366e+00  1.0000892253468674e+00  9.9567323692618914e-01  1.0038912970881688e+00  1.6700595631495182e-07  -2.1477536589059516e-05  2.8139150714338805e-05  1.0000783731040066e+00  9.9881340025493248e-01  1.0013769329539610e+00  1.0000420866631101e+00  9.9939438671753678e-01  1.0006570461470317e+00  5.3431051739598091e-08  -1.0266071673779018e-05  8.6029135550860937e-06
5.8399999999997000e+01  1.0001445394484116e+00  9.9239395531401153e-01  1.0073185732474308e+00  1.0000897460593507e+00  9.9565248999816403e-01  1.0038785449400807e+00  -6.1195284058130413e-08  -3.0362625178762202e-05  2.1234784575859437e-05  1.0000783079385887e+00  9.9881084716911694e-01  1.0013721097647499e+00  1.0000419756703542e+00  9.9939427301955552e-01  1.0006634172115949e+00  1.8368299179043782e-08  -1.0272491107993623e-05  1.0491674943577138e-05
5.9199999999996798e+01  1.0001446373247997e+00  9.9237504136438104e-01  1.0073005021130434e+00  1.0000905773446644e+00  9.9564475548810427e-01  1.0038766773372698e+00  -1.9049070112712912e-07  -3.4642269871705351e-05  2.2387403218564343e-05  1.0000782250970524e+00  9.9880663658429425e-01  1.0013711257645550e+00  1.0000418941310587e+00  9.9940041717746020e-01  1.0006653143020314e+00  2.6856898424303739e-09  -8.7021858685774557e-06  1.0316643556243966e-05
5.9999999999996597e+01  1.0001448053222095e+00  9.9235731137365457e-01  1.0072862138227117e+00  1.0000914118587065e+00  9.9563957927981150e-01  1.0038706496349810e+00  -1.5256382799058692e-08  -2.8202766122877224e-05  2.6107706169765610e-05  1.0000780868582639e+00  9.9880513691073969e-01  1.0013739587075048e+00  1.0000419175228945e+00  9.9940269880145904e-01  1.0006594388547196e+00  -1.3211633383967703e-07  -8.9511709364804493e-06  1.0854835935472066e-05
6.0799999999996501e+01  1.0001452615521711e+00  9.9234927596006306e-01  1.0072765318592236e+00  1.0000917246743075e+00  9.9561548043658699e-01  1.0038538449614667e+00  3.9498184826698620e-07  -2.3584394023557776e-05  3.1673684220563169e-05  1.0000778297648871e+00  9.9880645997573214e-01  1.0013740458959488e+00  1.0000422116185179e+00  9.9939674274676760e-01  1.0006563311123724e+00  -2.8573344631148357e-07  -8.8642870320258823e-06  9.2551451193249790e-06
6.1599999999996299e+01  1.0001458526616114e+00  9.9234013185385528e-01  1.0072638911433476e+00  1.0000916256226908e+00  9.9558563384580323e-01  1.0038392173716315e+00  4.0343033357404233e-07  -2.4304363144944725e-05  2.3907713695958421e-05  1.0000776030863801e+00  9.9880686189758061e-01  1.0013707576345041e+00  1.0000425432745752e+00  9.9939234688606526e-01  1.0006617630718522e+00  -1.4498032959853055e-07  -1.1841320456707022e-05  1.1776268673407748e-05
6.2399999999996197e+01  1.0001461459591265e+00  9.9231865060331215e-01  1.0072484319751782e+00  1.0000919980715117e+00  9.9557761006238066e-01  1.0038300599739927e+00  -1.3005131978190252e-07  -3.8291619107394443e-05  3.0516296976225604e-05  1.0000775869486089e+00  9.9880357266815623e-01  1.0013678790225902e+00  1.0000424691142804e+00  9.9938886389262360e-01  1.0006676191360082e+00  1.3379941045275285e-07  -1.2566458633143807e-05  9.2652053561725391e-06
6.3199999999996002e+01  1.0001460744302322e+00  9.9229696683641178e-01  1.0072326900415562e+00  1.0000932605646655e+00  9.9557708604299455e-01  1.0038222594656232e+00  -5.8022394339517973e-07  -3.4263904549409375e-05  2.1219662963843021e-05  1.0000775778362669e+00  9.9880172066208306e-01  1.0013707199202069e+00  1.0000422348359264e+00  9.9939713814377962e-01  1.0006586348254678e+00  -5.6156948946571271e-09  -1.1802361614626215e-05  1.2261857292401765e-05
6.3999999999995801e+01  1.0001460437373102e+00  9.9228483281837954e-01  1.0072162674549692e+00  1.0000947714317001e+00  9.9555989800213252e-01  1.0038162450686277e+00  -3.7933966770190509e-07  -2.8839251844444041e-05  2.3567098158616262e-05  1.0000773232344067e+00  9.9880169285136056e-01  1.0013724331649878e+00  1.0000424412786582e+00  9.9939228482896758e-01  1.0006543611439700e+00  -2.6968852753123474e-07  -1.0637971559938483e-05  1.3178375489830067e-05
6.4799999999996203e+01  1.0001465080930556e+00  9.9227376907296450e-01  1.0072017763926560e+00  1.0000954468468564e+00  9.9553517342770848e-01  1.0038071532020094e+00  3.6843512576420195e-07  -2.4251346206712863e-05  2.5851668697322182e-05  1.0000771558298291e+00  9.9880257180134302e-01  1.0013669581501750e+00  1.0000426275981940e+00  9.9939205980539858e-01  1.0006544264738118e+00  4.6447616240689762e-08  -9.9978135245883480e-06  1.0291826529369667e-05
6.5599999999996697e+01  1.0001473455329779e+00  9.9225715640988144e-01  1.0071908910038627e+00  1.0000951416374364e+00  9.9551794884561118e-01  1.0037894044947562e+00  6.4167158739838203e-07  -3.1369973524482515e-05  3.0566549318545104e-05  1.0000772787540853e+00  9.9880482253071468e-01  1.0013641614656037e+00  1.0000422075675022e+00  9.9938124970366038e-01  1.0006617233812729e+00  2.9579050072129476e-07  -1.2661603228175644e-05  1.1685166574076771e-05
6.6399999999997107e+01  1.0001477982527360e+00  9.9223570693594620e-01  1.0071775862118044e+00  1.0000952829907748e+00  9.9551137267230183e-01  1.0037726482388660e+00  -1.2956418076071812e-07  -3.7016202540867398e-05  2.3291568060127039e-05  1.0000772390630788e+00  9.9880398693819794e-01  1.0013652632867605e+00  1.0000419109187202e+00  9.9938017946994628e-01  1.0006585417382738e+00  -5.1494914719934447e-08  -9.8440675040600480e-06  1.2314066483075075e-05
6.7199999999997502e+01  1.0001476891409098e+00  9.9221544955643814e-01  1.0071582728875059e+00  1.0000967132039835e+00  9.9550601432784336e-01  1.0037677818646213e+00  -6.6839350215373750e-07  -3.2595840361117691e-05  1.8193856114178942e-05  1.0000769872793862e+00  9.9879741335026706e-01  1.0013630805336955e+00  1.0000420913915766e+00  9.9938930949649141e-01  1.0006576979774633e+00  -1.5293858098755799e-07  -1.1475699425538744e-05  1.0239611139096311e-05
6.7999999999997897e+01  1.0001478719355592e+00  9.9220346342655674e-01  1.0071425438153372e+00  1.0000980213851676e+00  9.9548490649767618e-01  1.0037595366081882e+00  -1.1855449106054292e-08  -2.1613208084135380e-05  2.6560638394376218e-05  1.0000768898841401e+00  9.9879518049645322e-01  1.0013603238512530e+00  1.0000420978934383e+00  9.9939269611325876e-01  1.0006636717439039e+00  4.3704658811036969e-08  -9.7843595469799962e-06  1.2532563907273654e-05
6.8799999999998306e+01  1.0001486665300718e+00  9.9219274194641804e-01  1.0071316162304129e+00  1.0000981004765721e+00  9.9545527363575625e-01  1.0037399478586095e+00  5.6597184204113487e-07  -2.5877614080020981e-05  2.7823663971957129e-05  1.0000767867180933e+00  9.9879933173473223e-01  1.0013601416514362e+00  1.0000420494493703e+00  9.9938467388157481e-01  1.0006595630954769e+00  -1.1659495818617562e-07  -9.9214217241691500e-06  1.1625195968276684e-05
6.9599999999998701e+01  1.0001493571563485e+00  9.9217179957181401e-01  1.0071142799393897e+00  1.0000980359610572e+00  9.9544239661330203e-01  1.0037293747960709e+00  2.3874770045121007e-07  -3.7894956803957400e-05  2.5345823373342453e-05  1.0000765394347955e+00  9.9880072549231702e-01  1.0013612403363794e+00  1.0000422950360544e+00  9.9937626983397154e-01  1.0006549429572886e+00  -1.9359115024070783e-07  -1.0394246976009555e-05  1.1064079375599371e-05
7.0399999999999096e+01  1.0001497940526773e+00  9.9214923157146084e-01  1.0070957858406395e+00  1.0000984768414964e+00  9.9543769589018716e-01  1.0037238612065742e+00  1.2458273348185201e-07  -3.3522710660477401e-05  2.4654905175052010e-05  1.0000764368966837e+00  9.9879781838974668e-01  1.0013627428126530e+00  1.0000423444846698e+00  9.9937637944213831e-01  1.0006477528785369e+00  6.6894359137125921e-08  -1.0310452915422021e-05  1.0042650421346161e-05
7.1199999999999505e+01  1.0001503858454321e+00  9.9213548556017239e-01  1.0070832058925994e+00  1.0000987577779505e+00  9.9541726324157331e-01  1.0037069444777964e+00  2.7633746819141862e-07  -2.6885312526722740e-05  2.8588768560703555e-05  1.0000764425834630e+00  9.9879177030769595e-01  1.0013590939714974e+00  1.0000421014504748e+00  9.9938507408753730e-01  1.0006495699071469e+00  9.6154675017139581e-08  -1.0767666793080915e-05  9.6577615096836116e-06
7.1999999999999901e+01  1.0001508953057991e+00  9.9212094302295195e-01  1.0070663204796044e+00  1.0000991614929178e+00  9.9539322613675174e-01  1.0036948311469192e+00  -3.4290290536920359e-08  -3.1192871842437771e-05  2.0730255857637506e-05  1.0000763178775656e+00  9.9878649672711228e-01  1.0013535526388790e+00  1.0000420295145398e+00  9.9939317804834282e-01  1.0006586849320613e+00  -7.7673374756793581e-08  -9.1041422737384274e-06  1.0634017520531821e-05
7.2800000000000296e+01  1.0001512550549116e+00  9.9210097135001696e-01  1.0070477821098047e+00  1.0000999750062898e+00  9.9537917261112463e-01  1.0036881652716763e+00  -7.0127073208007949e-08  -3.2742951035532098e-05  2.7085350331343490e-05  1.0000761216269105e+00  9.9878942683633420e-01  1.0013565441987227e+00  1.0000421502691836e+00  9.9939062929229283e-01  1.0006539135645753e+00  -1.2241690609480435e-07  -1.0768776973571049e-05  1.0525679941980976e-05
7.3600000000000705e+01  1.0001518669546696e+00  9.9208397196235787e-01  1.0070363467107084e+00  1.0001004449586770e+00  9.9536107431136356e-01  1.0036680152160329e+00  2.2234641397509060e-07  -2.9625255260920357e-05  3.0830035119661575e-05  1.0000759620451920e+00  9.9879308789795862e-01  1.0013608716071885e+00  1.0000422551172965e+00  9.9937795340531543e-01  1.0006397203939721e+00  -6.9784170639768279e-08  -7.2504459990582976e-06  7.5620910453296419e-06
7.4400000000001199e+01  1.0001523937385510e+00  9.9206486701060648e-01  1.0070203921274070e+00  1.0001009720131213e+00  9.9534427167469530e-01  1.0036516651603453e+00  -2.3528354266794465e-07  -3.6344385901668730e-05  1.9888791166090039e-05  1.0000758826844620e+00  9.9878913054546448e-01  1.0013572829693071e+00  1.0000422057250009e+00  9.9937971926312519e-01  1.0006398511582983e+00  7.3330967475640667e-08  -9.7493211431065679e-06  1.1253884879616679e-05
7.5200000000001594e+01  1.0001524894167502e+00  9.9204011580991636e-01  1.0069970602006806e+00  1.0001024347967606e+00  9.9533967426519687e-01  1.0036514064756255e+00  -6.5608005602059500e-07  -3.8734640123250303e-05  2.4483171241423936e-05  1.0000758788940642e+00  9.9878574196771253e-01  1.0013531717536910e+00  1.0000419505810687e+00  9.9938377074590101e-01  1.0006451713026525e+00  1.2713028004540624e-07  -9.8356392037666126e-06  7.4143894333251427e-06
7.6000000000002004e+01  1.0001528722281381e+00  9.9202333180396707e-01  1.0069808493014458e+00  1.0001036789561732e+00  9.9532337203717491e-01  1.0036418032163064e+00  -2.0988979530550237e-09  -2.6509694701869930e-05  2.8792521519697353e-05  1.0000757466784440e+00  9.9878593354100698e-01  1.0013523656016001e+00  1.0000418710949366e+00  9.9938122585945455e-01  1.0006451967170125e+00  -1.3214651136819720e-07  -9.9701604767794779e-06  1.0473470533185875e-05
7.6800000000002399e+01  1.0001537853269342e+00  9.9201257684324684e-01  1.0069709134590175e+00  1.0001038084207263e+00  9.9529029891664889e-01  1.0036162523230536e+00  4.4755921545265311e-07  -2.3793758009997388e-05  3.1647240862562165e-05  1.0000754477213496e+00  9.9878487518257675e-01  1.0013518523642839e+00  1.0000421881019503e+00  9.9937942572356653e-01  1.0006434500966421e+00  -2.6294556892763869e-07  -9.3253376632068432e-06  1.0184732162754560e-05
7.7600000000002794e+01  1.0001545454380214e+00  9.9199310794191542e-01  1.0069537889023101e+00  1.0001039310168811e+00  9.9526853311365959e-01  1.0035996437630545e+00  1.0770546141722262e-07  -3.5356181971569403e-05  2.5415753902730289e-05  1.0000752617779691e+00  9.9878247582931090e-01  1.0013521524781706e+00  1.0000424081779846e+00  9.9938038602989299e-01  1.0006394493589210e+00  -6.2462637227390126e-08  -7.9530116984523298e-06  8.7321177102801086e-06
7.8400000000003203e+01  1.0001550946550979e+00  9.9196899616513745e-01  1.0069309171448566e+00  1.0001045099494066e+00  9.9525902669991495e-01  1.0035969670320259e+00  1.0909642800948447e-08  -3.6617754664700440e-05  1.8984173493494991e-05  1.0000751673158692e+00  9.9877861311294891e-01  1.0013508564402978e+00  1.0000424065494564e+00  9.9938425702690070e-01  1.0006379890561579e+00  -6.1194443416765069e-08  -9.8406942054612794e-06  1.0589065513588918e-05
7.9200000000003598e+01  1.0001557429805470e+00  9.9195231936474548e-01  1.0069136759834194e+00  1.0001050244866700e+00  9.9523795819920857e-01  1.0035868673015507e+00  2.0788696021464891e-08  -2.7925447392191539e-05  2.7462878207679540e-05  1.0000749575080397e+00  9.9877611965292368e-01  1.0013465735228912e+00  1.0000425770049950e+00  9.9938832601335237e-01  1.0006432431665011e+00  -1.8453878774188585e-07  -6.0987023554489613e-06  7.3860455571373837e-06
8.0000000000003993e+01  1.0001561838840223e+00  9.9193790753655964e-01  1.0068996286840670e+00  1.0001059447308420e+00  9.9520807413590917e-01  1.0035675860809590e+00  -4.8189059588295738e-07  -2.7727752401954878e-05  2.8149902308731981e-05  1.0000748000151618e+00  9.9877825966880462e-01  1.0013464040348881e+00  1.0000427067365689e+00  9.9937975210815444e-01  1.0006418344406154e+00  7.6478117110354013e-09  -8.3959355543954911e-06  8.2733238099242344e-06
8.0800000000004403e+01  1.0001563944007339e+00  9.9191480980336966e-01  1.0068801242644199e+00  1.0001075259923131e+00  9.9519258875618488e-01  1.0035561880481736e+00  -6.2245405925850289e-07  -3.8782529035902165e-05  2.2387905788404383e-05  1.0000747992027681e+00  9.9877927460929072e-01  1.0013499484344233e+00  1.0000424950874911e+00  9.9937432372820501e-01  1.0006323003158637e+00  1.2923067243255720e-07  -7.0770976223630650e-06  7.6163377051873104e-06
8.1600000000004798e+01  1.0001568960884057e+00  9.9189101370338251e-01  1.0068582174342107e+00  1.0001087767017651e+00  9.9518286976353743e-01  1.0035518965978336e+00  -2.2114788264585864e-07  -3.6756917191580482e-05  2.0695456127481777e-05  1.0000746652807044e+00  9.9877450476272012e-01  1.0013481444234966e+00  1.0000424324035904e+00  9.9937679115494071e-01  1.0006284916734449e+00  -1.4346817197968581e-07  -7.2315076673949478e-06  7.2606813214709284e-06
8.2400000000005207e+01  1.0001575479181928e+00  9.9187489428956832e-01  1.0068410689212719e+00  1.0001096459227725e+00  9.9515835186983259e-01  1.0035398891412437e+00  -2.4140056909673543e-07  -2.6081434861911413e-05  2.6363452904789815e-05  1.0000743701940364e+00  9.9877067348116433e-01  1.0013418338392617e+00  1.0000427508851493e+00  9.9938332356197279e-01  1.0006367896300534e+00  -2.3113169187619076e-07  -7.8585674097366936e-06  7.0699114756947721e-06
8.3200000000005701e+01  1.0001580864690918e+00  9.9185725391395640e-01  1.0068254280850544e+00  1.0001106815243395e+00  9.9513152110204617e-01  1.0035219061837450e+00  -2.6941711426310791e-07  -3.0476473375263082e-05  2.7385190493396169e-05  1.0000742200750290e+00  9.9877335466590755e-01  1.0013407966111343e+00  1.0000428983752074e+00  9.9937463225793166e-01  1.0006377585097872e+00  -6.8868595286282451e-09  -8.0380653190155111e-06  8.2182052360044608e-06
8.4000000000006096e+01  1.0001588276431717e+00  9.9183487211319143e-01  1.0068068832978732e+00  1.0001113913331152e+00  9.9511365102764948e-01  1.0035076586783869e+00  7.6180293193700304e-08  -3.3844794261696923e-05  2.3844983133605559e-05  1.0000741285967485e+00  9.9877529451692815e-01  1.0013431085561519e+00  1.0000428640632704e+00  9.9936635823634801e-01  1.0006299056627908e+00  -7.3970560522820207e-08  -7.4200289219809822e-06  8.7773680729276707e-06
8.4800000000006506e+01  1.0001596733475941e+00  9.9181430502530987e-01  1.0067878434071371e+00  1.0001117912297421e+00  9.9509458863244127e-01  1.0034950788471824e+00  5.3611423198457651e-09  -3.1067918563025006e-05  2.3481794298371475e-05  1.0000738539868392e+00  9.9876961270162479e-01  1.0013414873186877e+00  1.0000431470461191e+00  9.9936983769523491e-01  1.0006280773527512e+00  -3.0414130449652170e-07  -9.1480089977822941e-06  7.6444561359936036e-06
8.5600000000006901e+01  1.0001603024069956e+00  9.9179536866970253e-01  1.0067686656692107e+00  1.0001125718616062e+00  9.9507116043004107e-01  1.0034829111132160e+00  -2.7290129098584337e-07  -2.9589348132203303e-05  2.3035225401425479e-05  1.0000735635918376e+00  9.9876436676332958e-01  1.0013361295050440e+00  1.0000435694740437e+00  9.9937905817903572e-01  1.0006340778576885e+00  -2.1278412490231755e-07  -7.8444085573102125e-06  8.2416780009240579e-06
8.6400000000007296e+01  1.0001609067494552e+00  9.9177488452209173e-01  1.0067495781353730e+00  1.0001135530032728e+00  9.9504874882807604e-01  1.0034704694100074e+00  -2.6467373411162612e-07  -3.1187518020403264e-05  2.3948331566082578e-05  1.0000734463196992e+00  9.9876551197717378e-01  1.0013346062687847e+00  1.0000436884712804e+00  9.9937528807286791e-01  1.0006352417444333e+00  -5.7603719214859943e-09  -7.1689703726870098e-06  8.3654757970290481e-06
8.7200000000007705e+01  1.0001615628480003e+00  9.9175331198001049e-01  1.0067307494315694e+00  1.0001145112901715e+00  9.9502827366044022e-01  1.0034568880538974e+00  -3.1007384513574396e-07  -3.2176079430275215e-05  2.3773343692447048e-05  1.0000733394688295e+00  9.9876580208011301e-01  1.0013355707414480e+00  1.0000436869867193e+00  9.9937013358397619e-01  1.0006302955527060e+00  -9.2710434653453097e-08  -8.7004598961225065e-06  5.8793259626961481e-06
8.8000000000008100e+01  1.0001621725757297e+00  9.9173216173130974e-01  1.0067107835112554e+00  1.0001155994781392e+00  9.9500745098379040e-01  1.0034449631521014e+00  -3.9488321360668312e-07  -3.1277680424782604e-05  2.2576481708490264e-05  1.0000730598345924e+00  9.9876265360247318e-01  1.0013347324544040e+00  1.0000439921912210e+00  9.9937108117349993e-01  1.0006270847594565e+00  -3.0875685166779731e-07  -6.6027860377464060e-06  5.2862192847653675e-06
8.8800000000008495e+01  1.0001628000718394e+00  9.9171211529832748e-01  1.0066910184825888e+00  1.0001167319960835e+00  9.9498411072511850e-01  1.0034330312673525e+00  -3.8106124977613584e-07  -2.9078638155902899e-05  2.3987321526977307e-05  1.0000727647582683e+00  9.9876144614914553e-01  1.0013335295313359e+00  1.0000444328763880e+00  9.9936973820577246e-01  1.0006249057955092e+00  -2.1931191295170959e-07  -6.2736420625195682e-06  5.7523981886771257e-06
8.9600000000008905e+01  1.0001634884417188e+00  9.9169204117126819e-01  1.0066726072593133e+00  1.0001177965542163e+00  9.9495927638768522e-01  1.0034181177485126e+00  -3.2347876847523965e-07  -2.9295460182317057e-05  2.5508335058564590e-05  1.0000726491522038e+00  9.9876109171272964e-01  1.0013316630995428e+00  1.0000445584179622e+00  9.9936611874602188e-01  1.0006242237932923e+00  1.7186354862145173e-09  -4.4021835183548921e-06  4.9163901437202656e-06
9.0400000000009300e+01  1.0001642590825177e+00  9.9167039541860036e-01  1.0066536126204177e+00  1.0001187156134248e+00  9.9493631207100486e-01  1.0034030779620096e+00  -2.1697540811523758e-07  -3.1199684162381828e-05  2.4122262041275516e-05  1.0000725581165431e+00  9.9875782947553404e-01  1.0013286628377682e+00  1.0000445326627756e+00  9.9936726882917870e-01  1.0006268964514862e+00  -4.5826441814308340e-08  -3.5065508523867680e-06  5.6833484685448204e-06
9.1200000000009794e+01  1.0001650854280468e+00  9.9164806053968579e-01  1.0066327613468593e+00  1.0001195014983593e+00  9.9491487713600280e-01  1.0033912836132672e+00  -2.0406936564798537e-07  -3.0923342880644222e-05  2.2269750045187522e-05  1.0000723697196849e+00  9.9875446447156824e-01  1.0013265672931775e+00  1.0000446605062607e+00  9.9937055854500179e-01  1.0006273658623888e+00  -1.1604868076991789e-07  -3.4300875463363262e-06  4.5245333300868692e-06
9.2000000000010203e+01  1.0001658375851523e+00  9.9162651857243278e-01  1.0066115541797815e+00  1.0001204167921769e+00  9.9489223299257423e-01  1.0033808979577410e+00  -3.7710069639571526e-07  -2.9608900245241883e-05  2.2652803749068883e-05  1.0000722058942211e+00  9.9875382448293781e-01  1.0013259719006571e+00  1.0000447808459976e+00  9.9936815355534847e-01  1.0006252971020804e+00  -6.7753565425270556e-08  -4.7608678738712313e-06  3.9774118232448836e-06
9.2800000000010598e+01  1.0001664983138987e+00  9.9160590051407171e-01  1.0065917373105695e+00  1.0001215939149821e+00  9.9486724610723098e-01  1.0033680367577962e+00  -4.8485290058702299e-07  -2.9067456965071456e-05  2.4886288161725041e-05  1.0000720296234569e+00  9.9875409856656339e-01  1.0013255656916213e+00  1.0000449155245836e+00  9.9936363388720661e-01  1.0006217833555082e+00  -1.4940155981785197e-07  -4.2457857892646267e-06  4.9345218121022223e-06
9.3600000000010994e+01  1.0001672420661805e+00  9.9158565142420840e-01  1.0065728481766507e+00  1.0001227321128532e+00  9.9484012893289619e-01  1.0033523322031888e+00  -3.5358237282410122e-07  -2.8044045597911502e-05  2.5744088926479173e-05  1.0000717926325504e+00  9.9875288163169462e-01  1.0013244938349442e+00  1.0000451886837314e+00  9.9936020898242717e-01  1.0006192156149565e+00  -1.7987574379597423e-07  -4.0726915194040400e-06  3.7569115160752672e-06
9.4400000000011403e+01  1.0001681071826707e+00  9.9156427437292194e-01  1.0065529370903041e+00  1.0001236493987049e+00  9.9481371221829495e-01  1.0033374160601143e+00  -2.9193676168753131e-07  -2.8518730585561639e-05  2.5336805167914773e-05  1.0000716295342549e+00  9.9874929534894141e-01  1.0013221692778440e+00  1.0000453608391973e+00  9.9936184938694816e-01  1.0006190976669722e+00  -5.5268044099573649e-08  -4.6685607231780552e-06  5.1241597212924075e-06
9.5200000000011798e+01  1.0001689037319905e+00  9.9154108956707043e-01  1.0065316561743942e+00  1.0001246675064621e+00  9.9479073665739004e-01  1.0033251397710563e+00  -4.6367733634339156e-07  -3.0307461343803169e-05  2.3669664064261990e-05  1.0000714959866408e+00  9.9874540350215546e-01  1.0013189040096182e+00  1.0000454338734504e+00  9.9936581404039770e-01  1.0006219562373335e+00  -9.8855635753667981e-08  -4.8905666152134582e-06  6.8459340477703387e-06
9.6000000000012193e+01  1.0001696334457506e+00  9.9151789494302855e-01  1.0065103394862716e+00  1.0001258929028283e+00  9.9476877384033680e-01  1.0033134376026172e+00  -4.9445780744786468e-07  -3.1284799401512536e-05  2.3578915118303784e-05  1.0000712430895866e+00  9.9874440375160489e-01  1.0013170906288120e+00  1.0000457179869460e+00  9.9936484307823026e-01  1.0006220101214154e+00  -2.5938995956993819e-07  -4.5146470984124224e-06  5.3859180555386947e-06
9.6800000000012602e+01  1.0001704985096866e+00  9.9149619681675760e-01  1.0064892377919905e+00  1.0001269489428386e+00  9.9474394222409646e-01  1.0033013148144030e+00  -3.1096770511276658e-07  -2.8199778805733254e-05  2.3606951941275736e-05  1.0000709695670995e+00  9.9874513093025796e-01  1.0013176311473220e+00  1.0000461176217443e+00  9.9935800293722832e-01  1.0006183227872725e+00  -2.1080582756840749e-07  -6.9439873049420222e-06  5.2868398967661513e-06
9.7600000000012997e+01  1.0001714684356040e+00  9.9147536501467282e-01  1.0064685579861550e+00  1.0001277773807691e+00  9.9471604480938103e-01  1.0032882177655138e+00  -2.6552948772275814e-07  -2.5450531103064931e-05  2.6206007782932006e-05  1.0000708189817153e+00  9.9874384268574523e-01  1.0013166592622589e+00  1.0000463096542918e+00  9.9935489474580141e-01  1.0006140055251507e+00  -4.5423695222437207e-08  -5.4106639595237221e-06  4.9958254006793385e-06
9.8400000000013407e+01  1.0001724115956814e+00  9.9145363834479161e-01  1.0064487374816637e+00  1.0001286318690967e+00  9.9468824346751294e-01  1.0032727995699318e+00  -3.1145265842808342e-07  -2.6913397501977262e-05  2.6614258069823730e-05  1.0000707314910349e+00  9.9873936552279063e-01  1.0013137691747358e+00  1.0000463139100053e+00  9.9935745636979234e-01  1.0006158268791756e+00  1.0946823214355331e-08  -6.0893075375061081e-06  8.9551373954241952e-06
9.9200000000013802e+01  1.0001733705880143e+00  9.9143033537729064e-01  1.0064276907350485e+00  1.0001294936629970e+00  9.9466304496917768e-01  1.0032585950222699e+00  -2.9967101852448108e-07  -2.9078334426859359e-05  2.3479227628314672e-05  1.0000706170136826e+00  9.9873432455211530e-01  1.0013108538315199e+00  1.0000463127987960e+00  9.9936424331139495e-01  1.0006166779961270e+00  -2.6321964343790706e-08  -6.5413770016465280e-06  6.1357769936966707e-06
1.0000000000001400e+02  1.0001743062988053e+00  9.9140739721461013e-01  1.0064047809870369e+00  1.0001304239508004e+00  9.9463779801203411e-01  1.0032483217705510e+00  -4.4554470289149970e-07  -2.8007045974893039e-05  2.2628728821565129e-05  1.0000704350913443e+00  9.9873350887304491e-01  1.0013114338376410e+00  1.0000464347659030e+00  9.9936137518563428e-01  1.0006140701483848e+00  -1.4177106811082893e-07  -6.3760478723990377e-06  7.3524350200198973e-06
1.0080000000001500e+02  1.0001751028690831e+00  9.9138613632625927e-01  1.0063837586512454e+00  1.0001316937812537e+00  9.9460892797117151e-01  1.0032354313594125e+00  -6.7883740130609071e-07  -2.6749242853457285e-05  2.6438941489295637e-05  1.0000701659144871e+00  9.9873598610812875e-01  1.0013115885297805e+00  1.0000467687142329e+00  9.9935377338583287e-01  1.0006065062518155e+00  -2.5983109780829207e-07  -6.4320414285289868e-06  8.3434718409356819e-06
1.0160000000001500e+02  1.0001758859814451e+00  9.9136451056397057e-01  1.0063649456464332e+00  1.0001331505584892e+00  9.9457898866757588e-01  1.0032169683856724e+00  -6.6179139600851256e-07  -2.6038070032788881e-05  2.7985816182907295e-05  1.0000698958723051e+00  9.9873376323478824e-01  1.0013082588189901e+00  1.0000471806926705e+00  9.9934921287458722e-01  1.0006086942584242e+00  -2.2417791798065237e-07  -6.5652958141457167e-06  6.1378850037012984e-06
1.0240000000001500e+02  1.0001768240455973e+00  9.9134072226264092e-01  1.0063434863376590e+00  1.0001344043306950e+00  9.9455244508278662e-01  1.0032016870349976e+00  -4.8701142368783299e-07  -2.8211263644108611e-05  2.6299864238122941e-05  1.0000697076809832e+00  9.9872663654575800e-01  1.0013033005471799e+00  1.0000474589240882e+00  9.9935833594512713e-01  1.0006131751264644e+00  -1.2462314893137678e-07  -8.1127712209864764e-06  6.4633217355055730e-06
1.0320000000001600e+02  1.0001778830216268e+00  9.9131600089465444e-01  1.0063187772649569e+00  1.0001354011684158e+00  9.9452860548918942e-01  1.0031936767510528e+00  -3.6411682588284850e-07  -2.7576443260266814e-05  2.1286819980895845e-05  1.0000695485868194e+00  9.9872388795027223e-01  1.0013036132614734e+00  1.0000476410851360e+00  9.9935987638903967e-01  1.0006112499831696e+00  -1.0593857375764583e-07  -6.8436315293360285e-06  7.3164636634408097e-06
1.0400000000001600e+02  1.0001790041418464e+00  9.9129255044035092e-01  1.0062958323541022e+00  1.0001362325964784e+00  9.9450301041918310e-01  1.0031842763718806e+00  -2.9828511444988595e-07  -2.9886368941735122e-05  2.7038860040167055e-05  1.0000693795545643e+00  9.9872628854961976e-01  1.0013041912444189e+00  1.0000478171920848e+00  9.9935184942256905e-01  1.0006046211949202e+00  -9.5499015422719537e-08  -6.9585084199954464e-06  6.6964053468666414e-06
1.0480000000001699e+02  1.0001801031598698e+00  9.9127126182636149e-01  1.0062764284862136e+00  1.0001370782972625e+00  9.9447232538313524e-01  1.0031672196398838e+00  -4.2440231802062653e-07  -2.6194344339476631e-05  2.8832523069443527e-05  1.0000692261215041e+00  9.9872583817247207e-01  1.0013007440371662e+00  1.0000479575532775e+00  9.9934626686844186e-01  1.0006046553877421e+00  -7.0358790899529542e-08  -6.1981737239817678e-06  6.6219058202106279e-06
1.0560000000001700e+02  1.0001810524155499e+00  9.9125079755255829e-01  1.0062568680239143e+00  1.0001382634567719e+00  9.9443782745504272e-01  1.0031478569195624e+00  -6.7808491032670084e-07  -2.2942075973973008e-05  3.0075776562879504e-05  1.0000690638452445e+00  9.9872140833634448e-01  1.0012966405668171e+00  1.0000481016626306e+00  9.9934760429317171e-01  1.0006092722379909e+00  -1.0062347559375428e-07  -8.5575396788482459e-06  7.8911540544385999e-06
1.0640000000001800e+02  1.0001819883072673e+00  9.9122839815701669e-01  1.0062344948517536e+00  1.0001396404094187e+00  9.9440531029353518e-01  1.0031330302384538e+00  -6.1756099989190082e-07  -2.4603378894700210e-05  2.5211858445961508e-05  1.0000688753296600e+00  9.9871748206053168e-01  1.0012957457380713e+00  1.0000483033329806e+00  9.9935092706610318e-01  1.0006070937573306e+00  -1.1972390251093285e-07  -9.5545373650526580e-06  7.6991671448353212e-06
1.0720000000001799e+02  1.0001831552264737e+00  9.9120329447724043e-01  1.0062102591417803e+00  1.0001406616279132e+00  9.9437841533209748e-01  1.0031229690452026e+00  -3.3420013604701354e-07  -2.8405311442348670e-05  2.3744271584723401e-05  1.0000687065606577e+00  9.9871535995448990e-01  1.0012950219035737e+00  1.0000484861307917e+00  9.9935052972531668e-01  1.0006041693953793e+00  -8.3598857346377068e-08  -5.4707055322647598e-06  4.5377912350073493e-06
1.0800000000001801e+02  1.0001843977423968e+00  9.9117780230853492e-01  1.0061862005143780e+00  1.0001414487671882e+00  9.9435387945606291e-01  1.0031139330345635e+00  -4.0732813021791858e-07  -2.9590776419480872e-05  2.3082742378157314e-05  1.0000685467567996e+00  9.9871486779477547e-01  1.0012930059483958e+00  1.0000486435356528e+00  9.9934688654844073e-01  1.0006031460867337e+00  -1.0407546740124306e-07  -7.1631879803030450e-06  7.7977666965930573e-06
1.0880000000001900e+02  1.0001854201634999e+00  9.9115375119170401e-01  1.0061638698534661e+00  1.0001426392739452e+00  9.9432707298638501e-01  1.0031018144230730e+00  -7.7041399009891333e-07  -2.6591648567148192e-05  2.6870683093797244e-05  1.0000683354233333e+00  9.9871435350192050e-01  1.0012920493709350e+00  1.0000488978464486e+00  9.9934128018381718e-01  1.0006006333782458e+00  -1.8377484913110728e-07  -5.3710818616923845e-06  4.9193861975621847e-06
1.0960000000001899e+02  1.0001863123854413e+00  9.9113119232236124e-01  1.0061431655216377e+00  1.0001442636278528e+00  9.9429649811179721e-01  1.0030854557851356e+00  -8.9642949260274658e-07  -2.2956241419628715e-05  2.9097444816288532e-05  1.0000680972836782e+00  9.9871061159930763e-01  1.0012902278248079e+00  1.0000492408818997e+00  9.9934094066189005e-01  1.0005986519962324e+00  -1.9648214698462024e-07  -5.9005811968032039e-06  4.8491003136106850e-06
1.1040000000002000e+02  1.0001873464988584e+00  9.9110969609125887e-01  1.0061225678786228e+00  1.0001457950060220e+00  9.9426230325652487e-01  1.0030674098245995e+00  -6.9473856717279729e-07  -2.2807598945231045e-05  2.8044327547476658e-05  1.0000678955642641e+00  9.9870600163894663e-01  1.0012863695196239e+00  1.0000495430045899e+00  9.9934491720790120e-01  1.0006011741518779e+00  -1.4178842319674103e-07  -6.8155914531276502e-06  6.4094402572710470e-06
1.1120000000002000e+02  1.0001886095748280e+00  9.9108721748512341e-01  1.0061004953528265e+00  1.0001468980593342e+00  9.9422831952110757e-01  1.0030514075687427e+00  -4.2125823314874639e-07  -2.7422604300911394e-05  2.6077280520778916e-05  1.0000677352904468e+00  9.9870471760615764e-01  1.0012848175465301e+00  1.0000497549730325e+00  9.9934355112084172e-01  1.0006010925390019e+00  -8.8447887570860779e-08  -5.2233412958261799e-06  4.3552823350704575e-06
1.1200000000001999e+02  1.0001899883689283e+00  9.9106185367183242e-01  1.0060761295029292e+00  1.0001476770240640e+00  9.9419982249027017e-01  1.0030402590856127e+00  -3.4117797604989803e-07  -2.8585541575486244e-05  2.2748447913504511e-05  1.0000675920807756e+00  9.9870367242391911e-01  1.0012844302912600e+00  1.0000499068628732e+00  9.9933942636076645e-01  1.0005967017072896e+00  -6.9906067956834724e-08  -5.8593845750289090e-06  5.7842193602170458e-06
1.1280000000002100e+02  1.0001912848796986e+00  9.9103621992192859e-01  1.0060513383610985e+00  1.0001485470495959e+00  9.9417363233628842e-01  1.0030314642149898e+00  -5.3022798185145910e-07  -2.5590646786184876e-05  2.4626151470650700e-05  1.0000674289209948e+00  9.9870004280166513e-01  1.0012820998011851e+00  1.0000500778416355e+00  9.9933972803053506e-01  1.0005957101034904e+00  -1.0634456709137970e-07  -4.9486462080695256e-06  6.3623233387059196e-06
1.1360000000002100e+02  1.0001924499642978e+00  9.9101374379614937e-01  1.0060290347404650e+00  1.0001497474406640e+00  9.9414176555920564e-01  1.0030184951991790e+00  -7.0780277079520778e-07  -2.2051956627072184e-05  2.7633310224732819e-05  1.0000672426999206e+00  9.9869699066889928e-01  1.0012798412609538e+00  1.0000503039765178e+00  9.9934034330151056e-01  1.0005956527790556e+00  -1.1715895482059376e-07  -5.2018775698717108e-06  4.7982650025723344e-06
1.1440000000002200e+02  1.0001936260222197e+00  9.9099268833905119e-01  1.0060081847922173e+00  1.0001510735933759e+00  9.9410484585218462e-01  1.0030012152496406e+00  -7.1576860829872633e-07  -2.2636895250568439e-05  2.8212607715353904e-05  1.0000670775142053e+00  9.9869523431267293e-01  1.0012796868767455e+00  1.0000505063852623e+00  9.9933813609945954e-01  1.0005913608798434e+00  -9.5335139106067915e-08  -6.9168170005110152e-06  5.6330241008257816e-06
1.1520000000002200e+02  1.0001948332283779e+00  9.9096943604506627e-01  1.0059857879167240e+00  1.0001524193031062e+00  9.9407028802338127e-01  1.0029855458283869e+00  -7.8375310882118495e-07  -2.6540294799962978e-05  2.5980501171556345e-05  1.0000668762900538e+00  9.9869266240974763e-01  1.0012785325502911e+00  1.0000507681188933e+00  9.9933674158542940e-01  1.0005874809748287e+00  -2.0657125515879602e-07  -5.8417621142772899e-06  5.2371133117750156e-06
1.1600000000002200e+02  1.0001959905644460e+00  9.9094381657311492e-01  1.0059618211071044e+00  1.0001539277306430e+00  9.9404110897985698e-01  1.0029733157201324e+00  -8.8439219647218743e-07  -2.8264206285910275e-05  2.4560368934179575e-05  1.0000665772413879e+00  9.9868996745621696e-01  1.0012746259785397e+00  1.0000512522556173e+00  9.9933578848307891e-01  1.0005893589462416e+00  -3.0847990110475471e-07  -5.3255142520912294e-06  5.5584133442541854e-06
1.1680000000002300e+02  1.0001972214584272e+00  9.9091856742029660e-01  1.0059378343161676e+00  1.0001554056801285e+00  9.9401296839413378e-01  1.0029620079265278e+00  -7.3665502258171965e-07  -2.5302182305123654e-05  2.4851878206261418e-05  1.0000663565893859e+00  9.9868766286488397e-01  1.0012705613552162e+00  1.0000516667973416e+00  9.9933404376843349e-01  1.0005932477697155e+00  -1.0252778336153833e-07  -6.6185099172753913e-06  4.9053004868110321e-06
1.1760000000002300e+02  1.0001986500419389e+00  9.9089561178892482e-01  1.0059146233853049e+00  1.0001565300630613e+00  9.9398037286159935e-01  1.0029494381638993e+00  -5.3083401178654674e-07  -2.2952191520622342e-05  2.6531359657685074e-05  1.0000663343628247e+00  9.9868492394060804e-01  1.0012692875465123e+00  1.0000516630295921e+00  9.9933286891913620e-01  1.0005929563269009e+00  1.2279942277941368e-07  -5.0079722378129917e-06  5.2822464146362886e-06
1.1840000000002399e+02  1.0002001051100100e+00  9.9087335668867338e-01  1.0058923326837286e+00  1.0001575317587135e+00  9.9394455520027036e-01  1.0029346204610388e+00  -6.1587975570609243e-07  -2.4731721091581538e-05  2.7483484629501979e-05  1.0000662758653642e+00  9.9868219537987035e-01  1.0012703587241949e+00  1.0000515916042001e+00  9.9933179321318288e-01  1.0005858850078588e+00  -2.8132245029682746e-08  -4.9979766055030817e-06  6.1500662656963760e-06
1.1920000000002400e+02  1.0002014374149963e+00  9.9084926862635958e-01  1.0058699180170443e+00  1.0001587866291235e+00  9.9391109777554509e-01  1.0029191094870165e+00  -7.9050397924370792e-07  -2.7546623964897847e-05  2.6873919253204337e-05  1.0000660239916499e+00  9.9867929980703052e-01  1.0012692112068700e+00  1.0000518874410180e+00  9.9933076930453590e-01  1.0005812947497543e+00  -2.3825537660253802e-07  -5.6566718018942433e-06  5.7944031562177798e-06
1.2000000000002400e+02  1.0002027688582720e+00  9.9082408655477916e-01  1.0058459411422442e+00  1.0001601694167497e+00  9.9388042146420241e-01  1.0029062364904244e+00  -7.8491158088474526e-07  -2.5647845136560388e-05  2.4737854060639946e-05  1.0000657808755420e+00  9.9867614125061221e-01  1.0012640504922823e+00  1.0000522854534915e+00  9.9933069852938616e-01  1.0005853711040622e+00  -1.4870551572432370e-07  -7.3318671562153123e-06  5.3972450908533667e-06
1.2080000000002499e+02  1.0002041660670276e+00  9.9080020268536839e-01  1.0058213364460526e+00  1.0001615063231057e+00  9.9384794168707513e-01  1.0028954357849080e+00  -7.9648542045697360e-07  -2.4950703157170033e-05  2.6029951369587860e-05  1.0000656568409625e+00  9.9867432255205257e-01  1.0012616399311922e+00  1.0000524760712062e+00  9.9932796303806015e-01  1.0005868403945080e+00  -5.4561545278368550e-08  -6.3217634282942407e-06  5.3595730878669948e-06
1.2160000000002501e+02  1.0002055288822642e+00  9.9077762140723546e-01  1.0057990069667728e+00  1.0001629551940949e+00  9.9381207873939237e-01  1.0028808209774140e+00  -9.0790915773712279e-07  -2.5523784448896421e-05  2.9110886651477608e-05  1.0000654769368791e+00  9.9867236313866281e-01  1.0012632054399273e+00  1.0000527160763171e+00  9.9932438623989850e-01  1.0005795639955517e+00  -1.9635218181739654e-07  -5.4950787382888271e-06  5.5993395759398381e-06
1.2240000000002600e+02  1.0002069142561187e+00  9.9075372162523945e-01  1.0057779451166402e+00  1.0001644604194904e+00  9.9377740156080163e-01  1.0028622322364842e+00  -8.4019932489481905e-07  -2.9245298170372882e-05  2.8744781378172890e-05  1.0000651929951072e+00  9.9866748317887399e-01  1.0012610596406630e+00  1.0000531890108997e+00  9.9932635782623669e-01  1.0005761308532901e+00  -2.7798004671091821e-07  -6.4855672042392185e-06  6.1583187543573006e-06
1.2320000000002599e+02  1.0002084566473455e+00  9.9072783179173274e-01  1.0057533149082087e+00  1.0001657217415580e+00  9.9374707298984533e-01  1.0028493137158665e+00  -6.8400586995133006e-07  -2.4544356376504063e-05  2.3241275921459634e-05  1.0000649790354019e+00  9.9866374657791923e-01  1.0012556612042762e+00  1.0000536014290597e+00  9.9932805408520908e-01  1.0005815125174564e+00  -1.3469728792221966e-07  -6.3280286615559839e-06  6.2875119991520089e-06
1.2400000000002700e+02  1.0002100038916018e+00  9.9070363563480279e-01  1.0057270726169134e+00  1.0001669387913923e+00  9.9371502009125134e-01  1.0028415534292223e+00  -8.3133033935049147e-07  -2.6827449263991839e-05  2.5866378655309909e-05  1.0000648774748406e+00  9.9866433958335732e-01  1.0012539409285244e+00  1.0000537722157110e+00  9.9932072007456252e-01  1.0005817928190501e+00  -2.4783891350556821e-08  -6.7857007245605907e-06  6.4868850155044336e-06
1.2480000000002700e+02  1.0002114027476736e+00  9.9068213993449217e-01  1.0057052172504368e+00  1.0001684992035922e+00  9.9367676112561909e-01  1.0028265197749191e+00  -1.0172641250139047e-06  -2.6128761428686440e-05  3.0158314820316007e-05  1.0000647506453033e+00  9.9866206344665887e-01  1.0012539798517777e+00  1.0000539186925832e+00  9.9931584071774138e-01  1.0005770295955114e+00  -9.6635563120768259e-08  -5.9701968670866097e-06  6.4458260166123190e-06
1.2560000000002699e+02  1.0002129279129250e+00  9.9065843222536876e-01  1.0056839395519055e+00  1.0001699867991780e+00  9.9364045782056809e-01  1.0028077458625495e+00  -7.2889262574183871e-07  -2.9145398475166623e-05  2.8272957267248806e-05  1.0000645340318024e+00  9.9865455677598014e-01  1.0012513482978282e+00  1.0000542366263849e+00  9.9932212177494828e-01  1.0005763170450448e+00  -2.0065719787251397e-07  -6.7350152541950145e-06  5.8008623840594072e-06
1.2640000000002800e+02  1.0002147626505531e+00  9.9063196792317365e-01  1.0056580651351736e+00  1.0001708787275037e+00  9.9361039188100497e-01  1.0027971616067775e+00  -4.4758610450395819e-07  -2.4169082651482519e-05  2.2797706085434355e-05  1.0000643089005490e+00  9.9865138138862353e-01  1.0012486953575179e+00  1.0000546291102586e+00  9.9932187266868600e-01  1.0005776471021091e+00  -1.7339132365342215e-07  -6.0241426544173420e-06  6.7100150872378362e-06
1.2720000000002800e+02  1.0002164715914721e+00  9.9060868883076125e-01  1.0056331280139277e+00  1.0001718644047863e+00  9.9357615906988350e-01  1.0027874278755293e+00  -8.9233246623843114e-07  -2.6113085782008384e-05  2.7044768437628806e-05  1.0000641621557285e+00  9.9865316050011410e-01  1.0012475284192421e+00  1.0000548940725236e+00  9.9931400894602207e-01  1.0005740501255931e+00  -6.8608191268802457e-08  -6.4597555515441693e-06  6.7755141047354034e-06
1.2800000000002899e+02  1.0002177453284313e+00  9.9058796908744096e-01  1.0056123833529853e+00  1.0001738066315999e+00  9.9353523089085460e-01  1.0027693507875670e+00  -1.4521916462239176e-06  -2.8336562715009705e-05  3.0461863725770107e-05  1.0000640399438145e+00  9.9864999499438856e-01  1.0012449718088119e+00  1.0000550702624404e+00  9.9930982185327477e-01  1.0005739746284841e+00  -8.4950124099228113e-08  -6.0892332894761012e-06  5.6552461302694648e-06
1.2880000000002801e+02  1.0002190832692439e+00  9.9056314493288555e-01  1.0055891772862529e+00  1.0001760046117920e+00  9.9350022262306548e-01  1.0027533978456480e+00  -1.1604690330331132e-06  -2.8039379292545966e-05  2.4503570336528716e-05  1.0000638390123622e+00  9.9864247707945730e-01  1.0012419710843841e+00  1.0000553774700516e+00  9.9931633744874437e-01  1.0005739717791471e+00  -1.9941780584649476e-07  -7.0682753429683699e-06  5.9918225463927211e-06
1.2960000000002699e+02  1.0002209444792212e+00  9.9053563547979151e-01  1.0055610858960209e+00  1.0001773058343870e+00  9.9347263281291132e-01  1.0027480065954284e+00  -5.5824070940529455e-07  -2.9169296746991910e-05  2.1500778950933399e-05  1.0000635941801810e+00  9.9863905506931183e-01  1.0012411579085467e+00  1.0000558171403993e+00  9.9931593052911982e-01  1.0005723149647197e+00  -2.3038078017844761e-07  -6.7297613892547222e-06  6.8379065142290969e-06
1.3040000000002601e+02  1.0002228944405240e+00  9.9051167633361747e-01  1.0055356820865415e+00  1.0001781931872529e+00  9.9344039756735958e-01  1.0027408403749634e+00  -7.5299759105963162e-07  -2.7188929354449162e-05  2.6640048754972867e-05  1.0000633741880223e+00  9.9863917896612464e-01  1.0012401207191606e+00  1.0000562506312454e+00  9.9931078114121907e-01  1.0005666925313355e+00  -2.0848481975076986e-07  -7.2073047310219279e-06  7.6811983422264284e-06
1.3120000000002599e+02  1.0002244263815145e+00  9.9049073062005666e-01  1.0055165703044056e+00  1.0001798430610314e+00  9.9340075774680525e-01  1.0027205981413982e+00  -1.3126903336646830e-06  -2.9978217054760311e-05  3.3495473583643286e-05  1.0000631761427410e+00  9.9863634881995833e-01  1.0012373506203200e+00  1.0000566479608579e+00  9.9930669432185326e-01  1.0005659384923498e+00  -1.7052664603014639e-07  -6.4547448050292862e-06  5.1980365158626053e-06
1.3200000000002501e+02  1.0002259508566687e+00  9.9046900863766296e-01  1.0054964877581287e+00  1.0001818248013028e+00  9.9336033955622205e-01  1.0026979747383638e+00  -1.0778486457267918e-06  -2.6231056539916283e-05  2.9147381386516380e-05  1.0000630441512732e+00  9.9863100399483040e-01  1.0012336384439446e+00  1.0000569133022956e+00  9.9930854374512990e-01  1.0005679414489104e+00  -4.1111366732554381e-08  -9.0066610254620083e-06  7.3987173171735672e-06
1.3280000000002400e+02  1.0002279696910852e+00  9.9044469105547150e-01  1.0054699553008797e+00  1.0001829796946071e+00  9.9332462905567620e-01  1.0026872469432806e+00  -5.2592903611509695e-07  -2.9018873535677700e-05  2.2221126103957293e-05  1.0000629767211930e+00  9.9862805408711652e-01  1.0012309272850621e+00  1.0000570030078950e+00  9.9930732857389082e-01  1.0005687454935528e+00  -1.6830864392920886e-09  -5.7463519978478368e-06  6.3725463689396154e-06
1.3360000000002299e+02  1.0002300091094791e+00  9.9041806965831136e-01  1.0054418641871610e+00  1.0001838737612734e+00  9.9329504058852436e-01  1.0026833698859681e+00  -8.5792061177384707e-07  -2.7740550598590564e-05  2.2237525488117413e-05  1.0000627966363977e+00  9.9862611266458445e-01  1.0012295302459140e+00  1.0000572527994078e+00  9.9930288746544138e-01  1.0005671559369222e+00  -2.2807216965389560e-07  -7.5593112719620055e-06  6.8913190181673294e-06
1.3440000000002300e+02  1.0002315656866023e+00  9.9039332534579272e-01  1.0054191441221274e+00  1.0001857186539447e+00  9.9326394897338099e-01  1.0026711579615752e+00  -1.4858687699276115e-06  -2.9449475614609910e-05  2.9676603125053733e-05  1.0000624620967318e+00  9.9862140011513789e-01  1.0012279153121688e+00  1.0000578699562517e+00  9.9930299002333411e-01  1.0005646209336474e+00  -3.6994015540236280e-07  -6.0857860303337434e-06  5.2668335478042476e-06
1.3520000000002199e+02  1.0002331163952309e+00  9.9037274995550251e-01  1.0053996353519232e+00  1.0001879513571097e+00  9.9322396533773216e-01  1.0026498749696457e+00  -1.2982718136493298e-06  -2.7831644288007309e-05  3.1380624866653965e-05  1.0000622335918605e+00  9.9861687090617479e-01  1.0012269975486516e+00  1.0000584063160147e+00  9.9930383462485828e-01  1.0005610663668925e+00  -1.3571578234031240e-07  -6.2201459826264276e-06  6.6167077006774596e-06
1.3600000000002100e+02  1.0002350742025592e+00  9.9035073379078653e-01  1.0053755547451848e+00  1.0001895500037976e+00  9.9318380905804915e-01  1.0026346740392162e+00  -9.1879179073270835e-07  -2.8202605381694371e-05  2.3623815577010712e-05  1.0000621976228752e+00  9.9861574251782881e-01  1.0012250681269950e+00  1.0000585321592701e+00  9.9929788773292227e-01  1.0005585837430457e+00  3.6533439639777463e-08  -6.7295986385310340e-06  6.8581203889710152e-06
1.3680000000002099e+02  1.0002370394674407e+00  9.9032422553743304e-01  1.0053480648070943e+00  1.0001910013202848e+00  9.9315286104845735e-01  1.0026282916663996e+00  -1.1337571710375924e-06  -2.8790953996148280e-05  2.2790290439592871e-05  1.0000620658144195e+00  9.9861374206080611e-01  1.0012200831589777e+00  1.0000587164399826e+00  9.9929283844970063e-01  1.0005620130361126e+00  -1.8598236525270755e-07  -8.2348054491358726e-06  6.7090878393702393e-06
1.3760000000002000e+02  1.0002388117900947e+00  9.9029915524583834e-01  1.0053246229890860e+00  1.0001928748690232e+00  9.9312231303252463e-01  1.0026166241784298e+00  -1.2971428571272893e-06  -2.9733878321417402e-05  2.8282618393150663e-05  1.0000617704285346e+00  9.9860747598145860e-01  1.0012162090902073e+00  1.0000592574217753e+00  9.9929506594253803e-01  1.0005660628721680e+00  -2.9341876412867855e-07  -7.5772784910775368e-06  5.6919290226250223e-06
1.3840000000001899e+02  1.0002407759405332e+00  9.9027793163934408e-01  1.0053034471065676e+00  1.0001945662890799e+00  9.9308417866451681e-01  1.0025987051344105e+00  -9.6236544615646827e-07  -2.8587418253960928e-05  2.8293453950598603e-05  1.0000616079262445e+00  9.9860185568659354e-01  1.0012176305627492e+00  1.0000596501848664e+00  9.9929792644475801e-01  1.0005597384032099e+00  -5.0486889779658651e-08  -7.3664566581565874e-06  7.4313668603586272e-06
1.3920000000001801e+02  1.0002429869726173e+00  9.9025593519953203e-01  1.0052788634411216e+00  1.0001957590761048e+00  9.9304528391223179e-01  1.0025857802169822e+00  -8.3703279344319267e-07  -2.7961915249743702e-05  2.3804028301909699e-05  1.0000615529233952e+00  9.9860056697534083e-01  1.0012188112859717e+00  1.0000597713325479e+00  9.9929242934615581e-01  1.0005500859586940e+00  -5.1989308818714362e-08  -6.9826306182828554e-06  6.6723416716567518e-06
1.4000000000001799e+02  1.0002450161091736e+00  9.9023189375805776e-01  1.0052533406172826e+00  1.0001972172441493e+00  9.9301053037487208e-01  1.0025763601425353e+00  -1.2558425232481475e-06  -2.9000772671201286e-05  2.4590843718204456e-05  1.0000613095885371e+00  9.9859872237754865e-01  1.0012138305106637e+00  1.0000601892921295e+00  9.9928755159513916e-01  1.0005518068293129e+00  -3.2800089144263679e-07  -7.1366921848217094e-06  6.1318449503671457e-06
1.4080000000001701e+02  1.0002468201425889e+00  9.9020794140572255e-01  1.0052304942809926e+00  1.0001992869926022e+00  9.9297714918688662e-01  1.0025626405057055e+00  -1.4665246987660092e-06  -2.9653903217837876e-05  2.8110764270949577e-05  1.0000610110673147e+00  9.9859313561215679e-01  1.0012074993521780e+00  1.0000608274938141e+00  9.9928797963857185e-01  1.0005597699570330e+00  -2.5714631510323169e-07  -6.4114528933438391e-06  5.7879327078165959e-06
1.4160000000001600e+02  1.0002488355985109e+00  9.9018475850684307e-01  1.0052081762895724e+00  1.0002012052804630e+00  9.9294284799188537e-01  1.0025465955155497e+00  -1.1419821089065840e-06  -2.9950924775974198e-05  2.6945849364716225e-05  1.0000609090101977e+00  9.9858788917264052e-01  1.0012073039564748e+00  1.0000611394017618e+00  9.9928848992536523e-01  1.0005576162912238e+00  -3.1058859466090651e-08  -6.4151043955815607e-06  6.7125587753642716e-06
1.4240000000001501e+02  1.0002510992576177e+00  9.9016188670778071e-01  1.0051837696040438e+00  1.0002026451056443e+00  9.9290772115007464e-01  1.0025340620387508e+00  -1.0201900919799118e-06  -3.0512387958112825e-05  2.4161564645093829e-05  1.0000607967383293e+00  9.9858491607516409e-01  1.0012080218666402e+00  1.0000613653891215e+00  9.9928347815837448e-01  1.0005528770197394e+00  -1.6902418258990272e-07  -4.9899573906656124e-06  5.7145554854929212e-06
1.4320000000001500e+02  1.0002532411482892e+00  9.9013877751612045e-01  1.0051584080283722e+00  1.0002042531534459e+00  9.9287317935162478e-01  1.0025246535953549e+00  -1.2920866882866955e-06  -3.0534983581925985e-05  2.3604010253673659e-05  1.0000605213556040e+00  9.9858203256779188e-01  1.0012042332460256e+00  1.0000619041534544e+00  9.9928336432683396e-01  1.0005498035072653e+00  -3.1157232328771839e-07  -4.8767924652054594e-06  5.6644525402947564e-06
1.4400000000001401e+02  1.0002552983552331e+00  9.9011616546650094e-01  1.0051349791207402e+00  1.0002061636975663e+00  9.9283845358245193e-01  1.0025125764217182e+00  -1.3363249925056567e-06  -3.0821236440292043e-05  2.6695011476400076e-05  1.0000603184550323e+00  9.9857811757876658e-01  1.0012014722269467e+00  1.0000624019698123e+00  9.9928078404487375e-01  1.0005509452320676e+00  -1.3682048322630297e-07  -4.8416473672034877e-06  4.2405608714250256e-06
1.4480000000001300e+02  1.0002574935322701e+00  9.9009405929518568e-01  1.0051131249851035e+00  1.0002079544556206e+00  9.9280287601165595e-01  1.0024965491115061e+00  -1.2525069585710839e-06  -3.1214601979942859e-05  2.7333564009539519e-05  1.0000602415124629e+00  9.9857306890277342e-01  1.0011999465100587e+00  1.0000626303795315e+00  9.9928047977224999e-01  1.0005478278834279e+00  -5.1737892980721086e-08  -4.3451237744462764e-06  4.4639700260559468e-06
1.4560000000001301e+02  1.0002596816280922e+00  9.9007082146150560e-01  1.0050895289922124e+00  1.0002097940935499e+00  9.9276937674756582e-01  1.0024827637178750e+00  -1.4088669046263376e-06  -3.1728583051163487e-05  2.4345504022337753e-05  1.0000600925775500e+00  9.9856871852610629e-01  1.0011969065127173e+00  1.0000629241038248e+00  9.9927876494703838e-01  1.0005481079694321e+00  -1.7680074327398921e-07  -4.1975463225387021e-06  4.9712807780187149e-06
1.4640000000001200e+02  1.0002618364835696e+00  9.9004785224492831e-01  1.0050646465268485e+00  1.0002118121394430e+00  9.9273633477088774e-01  1.0024723751841842e+00  -1.4062639001818293e-06  -3.3976598427987314e-05  2.5252975011227729e-05  1.0000598801937477e+00  9.9856626439838070e-01  1.0011943022486132e+00  1.0000633712223175e+00  9.9927532645036210e-01  1.0005476732138985e+00  -2.0356500114995674e-07  -3.8188329149685376e-06  4.1684371700738864e-06
1.4720000000001099e+02  1.0002641785708630e+00  9.9002650036212825e-01  1.0050410739883691e+00  1.0002135877912495e+00  9.9270045408816698e-01  1.0024604220385758e+00  -1.2015409837413963e-06  -3.4555286649848474e-05  2.5165683240035827e-05  1.0000597152573405e+00  9.9856229176224409e-01  1.0011936010078024e+00  1.0000637696181165e+00  9.9927161814741061e-01  1.0005437565907467e+00  -1.4738135008212565e-07  -4.2270904078885149e-06  4.5226159813776818e-06
1.4800000000001000e+02  1.0002665804537405e+00  9.9000375852106870e-01  1.0050174819811906e+00  1.0002152304294096e+00  9.9266687055721536e-01  1.0024480751014324e+00  -1.3042079034525262e-06  -3.1886043512438653e-05  2.4409075288806839e-05  1.0000595634223672e+00  9.9855609018388292e-01  1.0011912874470730e+00  1.0000641304109770e+00  9.9927297486772526e-01  1.0005419763052548e+00  -1.6225170085497064e-07  -3.9513875809050312e-06  3.9226751576067917e-06
1.4880000000000999e+02  1.0002688651535474e+00  9.8998027363911201e-01  1.0049936347654116e+00  1.0002171518884762e+00  9.9263610202787900e-01  1.0024364309303830e+00  -1.4623592356431218e-06  -3.1356189535842075e-05  2.6245667644710635e-05  1.0000593828859439e+00  9.9855173235471162e-01  1.0011880559867647e+00  1.0000645437757270e+00  9.9927307019190581e-01  1.0005423498003299e+00  -1.9446007542607609e-07  -5.2784505110039193e-06  5.0567896680982319e-06
1.4960000000000900e+02  1.0002712380176457e+00  9.8995989315935806e-01  1.0049720107435163e+00  1.0002190663360531e+00  9.9260009167570840e-01  1.0024205773507588e+00  -1.3358409540844131e-06  -3.6003496435437105e-05  2.7948564927844444e-05  1.0000591988258662e+00  9.9854904443369552e-01  1.0011854901971855e+00  1.0000649832932915e+00  9.9926825132907271e-01  1.0005420549259141e+00  -1.9327947394008255e-07  -4.2992536297589685e-06  4.6066140831835720e-06
1.5040000000000799e+02  1.0002737114249114e+00  9.8993973254359213e-01  1.0049497351429173e+00  1.0002208412306997e+00  9.9256199246787147e-01  1.0024044708456226e+00  -1.3969003227375502e-06  -3.6312431708949866e-05  2.4505344564851372e-05  1.0000590285809374e+00  9.9854489190838136e-01  1.0011829447916076e+00  1.0000654073194510e+00  9.9926403175459200e-01  1.0005419551698831e+00  -1.7724398379143528e-07  -5.8838868285512954e-06  5.1680562532355210e-06
1.5120000000000701e+02  1.0002760484008979e+00  9.8991584767642471e-01  1.0049234898533104e+00  1.0002229314009774e+00  9.9253136145472587e-01  1.0023964023829133e+00  -1.6608711994226871e-06  -3.7809490652624592e-05  2.1475724623191949e-05  1.0000588648599895e+00  9.9853944651212523e-01  1.0011807760184821e+00  1.0000658169891663e+00  9.9926422882589661e-01  1.0005408043804074e+00  -1.8153669973619309e-07  -4.4012414502475468e-06  4.4668913913584544e-06
1.5200000000000699e+02  1.0002784021682150e+00  9.8989195094336502e-01  1.0048982714388057e+00  1.0002251864298723e+00  9.9250392530852338e-01  1.0023891626858707e+00  -1.5686046453283031e-06  -3.7136371376543204e-05  2.3685013164523238e-05  1.0000586783632865e+00  9.9853416344893742e-01  1.0011795564519668e+00  1.0000662699691862e+00  9.9926451888197942e-01  1.0005373735708896e+00  -2.2302260298182647e-07  -5.7209723913169990e-06  5.2136057694432087e-06
1.5280000000000601e+02  1.0002809949621558e+00  9.8987206905551473e-01  1.0048776946829598e+00  1.0002270948176326e+00  9.9246981922276756e-01  1.0023729502475278e+00  -1.3527250933305261e-06  -3.7120892974102103e-05  2.8458857534927234e-05  1.0000584860607944e+00  9.9853018553952944e-01  1.0011782496706594e+00  1.0000667560671497e+00  9.9926128599050568e-01  1.0005335618241913e+00  -1.9987904607667808e-07  -5.2043812517477992e-06  5.3621147390418604e-06
1.5360000000000500e+02  1.0002836381337836e+00  9.8985301643279733e-01  1.0048561821052178e+00  1.0002288766861929e+00  9.9243216125974931e-01  1.0023557190071988e+00  -1.4326334911185375e-06  -3.6151199910321139e-05  2.5546288829840005e-05  1.0000583590286187e+00  9.9852762781746218e-01  1.0011754671422086e+00  1.0000671279496043e+00  9.9925434965227933e-01  1.0005328097137698e+00  -1.0044459791746839e-07  -5.5394335691081153e-06  4.6042835606283576e-06
1.5440000000000501e+02  1.0002862292492789e+00  9.8983099347122105e-01  1.0048302547202552e+00  1.0002308171769441e+00  9.9239990578699466e-01  1.0023471475264167e+00  -1.4999630340379348e-06  -4.1000208951213903e-05  2.1249186015461090e-05  1.0000582562260267e+00  9.9852307874372659e-01  1.0011706708999761e+00  1.0000674131231855e+00  9.9925207383452552e-01  1.0005359946789529e+00  -1.1936612193126921e-07  -6.0470002959327008e-06  5.5980610458068123e-06
1.5520000000000400e+02  1.0002888884808983e+00  9.8980848137517563e-01  1.0048055298379750e+00  1.0002327471091910e+00  9.9237103487982203e-01  1.0023391130261827e+00  -1.4872877686352481e-06  -4.1645583553734433e-05  2.4036601122587422e-05  1.0000580702307031e+00  9.9851533138432147e-01  1.0011672696076153e+00  1.0000678390789979e+00  9.9925538495724930e-01  1.0005387008727393e+00  -2.4031997990625855e-07  -5.7757370172451647e-06  5.0592754239034516e-06
1.5600000000000301e+02  1.0002915365718885e+00  9.8978826342219994e-01  1.0047846865361774e+00  1.0002347739844442e+00  9.9233911291635490e-01  1.0023234951669526e+00  -1.6427099615079834e-06  -4.0623977025023535e-05  2.6836483728492990e-05  1.0000578512710436e+00  9.9851002777552056e-01  1.0011682209745201e+00  1.0000683820639922e+00  9.9925470493207769e-01  1.0005327112316238e+00  -2.3984277378612001e-07  -5.7219155932643195e-06  6.7906486085693510e-06
1.5680000000000200e+02  1.0002941526336029e+00  9.8976826967082343e-01  1.0047624637158754e+00  1.0002369976370042e+00  9.9230639534144582e-01  1.0023083853761912e+00  -1.6839754030436056e-06  -4.2885633742845115e-05  2.4699650793161509e-05  1.0000576932309782e+00  9.9850857916197699e-01  1.0011681823602576e+00  1.0000688426405469e+00  9.9924595963667573e-01  1.0005251360197736e+00  -1.7058579574055203e-07  -4.8661633988223797e-06  5.7227646131506515e-06
1.5760000000000201e+02  1.0002969033397604e+00  9.8974739712495896e-01  1.0047378443198565e+00  1.0002391024053838e+00  9.9227598864747724e-01  1.0022984656838008e+00  -1.5751961323135027e-06  -4.4811332595935753e-05  2.1654927048722100e-05  1.0000575459107275e+00  9.9850447191262048e-01  1.0011625835450426e+00  1.0000692598964025e+00  9.9924244733746770e-01  1.0005282264351680e+00  -1.9075022520209640e-07  -5.0655448067707883e-06  5.5503527549384826e-06
1.5840000000000100e+02  1.0002996895358018e+00  9.8972722498910093e-01  1.0047144456610668e+00  1.0002411792028723e+00  9.9224534158822331e-01  1.0022877012697418e+00  -1.6907579813113142e-06  -4.5193695752231943e-05  2.3203760098194341e-05  1.0000573685201488e+00  9.9849687589481673e-01  1.0011574968378274e+00  1.0000697315103928e+00  9.9924437609458849e-01  1.0005338462095990e+00  -2.1062361760652716e-07  -5.8487884571766146e-06  5.4455946164010938e-06
1.5919999999999999e+02  1.0003024336860000e+00  9.8970713970748925e-01  1.0046915501539766e+00  1.0002434368251087e+00  9.9221487051647739e-01  1.0022757732524727e+00  -1.7246009435487993e-06  -4.7291734345315471e-05  2.2536565244734261e-05  1.0000572153331402e+00  9.9849126820714051e-01  1.0011580854218398e+00  1.0000701751922274e+00  9.9924191078035574e-01  1.0005303778732166e+00  -1.6123050385025145e-07  -6.3392797507094825e-06  6.1823231031262610e-06
1.5999999999999901e+02  1.0003053604809722e+00  9.8968665755256413e-01  1.0046680342972876e+00  1.0002454795729139e+00  9.9218625497337742e-01  1.0022650966836104e+00  -1.5003656920891650e-06  -4.8791633668253992e-05  2.2302228093886143e-05  1.0000570932226753e+00  9.9848777077577033e-01  1.0011581351245078e+00  1.0000705490694075e+00  9.9923877701110175e-01  1.0005220045398031e+00  -1.4023902205290636e-07  -5.5615785943337609e-06  7.3126614342691260e-06
1.6079999999999899e+02  1.0003083787818832e+00  9.8966759357719114e-01  1.0046458289027178e+00  1.0002473429013023e+00  9.9215638069104994e-01  1.0022523800547209e+00  -1.6055019154586946e-06  -4.7926703171659946e-05  2.4511366471807127e-05  1.0000569468548275e+00  9.9848295982492274e-01  1.0011541133986732e+00  1.0000709516722071e+00  9.9923605895042111e-01  1.0005228817539673e+00  -1.9152723174914626e-07  -5.3335590250177894e-06  5.7841063431033406e-06
1.6159999999999800e+02  1.0003112040496243e+00  9.8964978920665236e-01  1.0046247829448005e+00  1.0002496294647032e+00  9.9212407525576940e-01  1.0022367316226488e+00  -1.9341761934606944e-06  -4.8290496583565860e-05  2.5165347255855476e-05  1.0000567602973440e+00  9.9847734969283519e-01  1.0011498267154053e+00  1.0000714471120107e+00  9.9923386887283805e-01  1.0005255009633545e+00  -2.3511454966954712e-07  -5.7039976846806414e-06  5.8617838539616697e-06
1.6239999999999699e+02  1.0003140379463884e+00  9.8963093199093921e-01  1.0046022281418912e+00  1.0002521376569269e+00  9.9209344042940062e-01  1.0022232028787188e+00  -1.8486334717941228e-06  -5.1776859714525481e-05  2.1843684215941575e-05  1.0000565935093770e+00  9.9847235835539483e-01  1.0011476584917884e+00  1.0000719393677899e+00  9.9922852368658799e-01  1.0005260205146225e+00  -1.8137250564856150e-07  -6.6713237120934985e-06  3.8397605666139688e-06
1.6319999999999700e+02  1.0003171305624512e+00  9.8961022447590841e-01  1.0045773462312033e+00  1.0002542891765929e+00  9.9206781931511834e-01  1.0022151012471208e+00  -1.6285387768562192e-06  -5.5567160930588834e-05  2.0573141545343210e-05  1.0000564864384882e+00  9.9846697408534701e-01  1.0011461943374402e+00  1.0000723148672646e+00  9.9922729684237410e-01  1.0005222672408800e+00  -1.1959918426614230e-07  -4.8249817485922834e-06  5.4756629422454434e-06
1.6399999999999599e+02  1.0003202430411076e+00  9.8959010293870309e-01  1.0045528820270828e+00  1.0002563794035750e+00  9.9204389616492139e-01  1.0022081952121886e+00  -1.8181557160041188e-06  -5.5099737550583781e-05  2.0508105134239433e-05  1.0000563570542003e+00  9.9846070001134668e-01  1.0011449133355319e+00  1.0000726973171061e+00  9.9922775524969465e-01  1.0005185141635302e+00  -1.9448546518303760e-07  -4.9339529346648932e-06  5.6106887846526968e-06
1.6479999999999501e+02  1.0003231747258685e+00  9.8957314523710505e-01  1.0045315019949177e+00  1.0002589135365183e+00  9.9201512784148016e-01  1.0021957951210125e+00  -2.0891296005522043e-06  -5.2170904404789581e-05  2.4442908082933068e-05  1.0000561541801083e+00  9.9845488106249447e-01  1.0011424616231186e+00  1.0000732344443666e+00  9.9922645462807314e-01  1.0005165621302787e+00  -2.6940914253500278e-07  -5.0526365249637851e-06  5.1037250070308503e-06
1.6559999999999400e+02  1.0003261693118335e+00  9.8955707024392037e-01  1.0045111713588744e+00  1.0002615666334185e+00  9.9198345794815224e-01  1.0021796552338560e+00  -1.9630152404172128e-06  -5.3826364857408523e-05  2.4244514562177430e-05  1.0000559779865168e+00  9.9845037194391761e-01  1.0011386715068642e+00  1.0000737736171246e+00  9.9922086304279079e-01  1.0005180806408807e+00  -2.0105268754821258e-07  -5.7394780381360970e-06  5.4392313685996221e-06
1.6639999999999401e+02  1.0003294191400891e+00  9.8953845168377907e-01  1.0044886957796599e+00  1.0002638479203847e+00  9.9195665890146767e-01  1.0021667225569086e+00  -1.7412798541958909e-06  -5.8588106250068065e-05  2.1176902732951561e-05  1.0000558587559580e+00  9.9844587116280747e-01  1.0011356723016420e+00  1.0000742002331262e+00  9.9921498647122309e-01  1.0005191712619887e+00  -1.6562459998708733e-07  -3.5564448635168834e-06  4.2050507763519997e-06
1.6719999999999300e+02  1.0003327286302910e+00  9.8951919798524179e-01  1.0044651403745970e+00  1.0002659953108715e+00  9.9193381595311780e-01  1.0021570490911578e+00  -1.8277082619799069e-06  -5.9558388286936730e-05  2.0375900290722971e-05  1.0000557103926579e+00  9.9843961885553756e-01  1.0011345076218290e+00  1.0000746558329170e+00  9.9921375254854405e-01  1.0005158079469390e+00  -2.1017294572653761e-07  -3.9104434957695741e-06  5.1150361664768781e-06
1.6799999999999201e+02  1.0003359546127182e+00  9.8950211762800644e-01  1.0044422924387599e+00  1.0002683726084660e+00  9.9190890817387567e-01  1.0021470714313481e+00  -1.9728327151081625e-06  -5.8215194653304073e-05  2.0836666350084440e-05  1.0000555720490354e+00  9.9843256850880713e-01  1.0011334961459886e+00  1.0000751099195619e+00  9.9921423343710369e-01  1.0005113197279993e+00  -1.4433488359913401e-07  -4.3563222487839853e-06  3.6255903484140913e-06
1.6879999999999100e+02  1.0003392257568262e+00  9.8948615454294042e-01  1.0044199525571413e+00  1.0002708285756097e+00  9.9188202722512864e-01  1.0021362734546349e+00  -1.9543944812079962e-06  -5.8533522308268857e-05  2.1325527914235120e-05  1.0000554960172550e+00  9.9842689506560689e-01  1.0011301465155829e+00  1.0000754348722884e+00  9.9921053876570221e-01  1.0005110791181402e+00  -1.0408922273170087e-07  -4.3363046924412846e-06  5.6216984374358112e-06
1.6959999999999101e+02  1.0003425642599137e+00  9.8947008310452067e-01  1.0043983764031996e+00  1.0002732698579195e+00  9.9185563021114442e-01  1.0021239306484095e+00  -2.0168165501318746e-06  -5.9791390962147473e-05  2.2772176508107607e-05  1.0000553299675430e+00  9.9842203288191922e-01  1.0011254219897261e+00  1.0000758928628510e+00  9.9920590189191294e-01  1.0005147249239457e+00  -3.0459198412888321e-07  -4.1359671895596306e-06  4.0176462890084262e-06
1.7039999999999000e+02  1.0003458579641360e+00  9.8945365340827851e-01  1.0043769630079971e+00  1.0002759073022913e+00  9.9183093867149530e-01  1.0021107997381196e+00  -2.1746230920833373e-06  -6.1877576551359380e-05  2.1713171489535900e-05  1.0000550338740626e+00  9.9841581516383560e-01  1.0011233068929577e+00  1.0000766650727801e+00  9.9920418238769704e-01  1.0005144350421882e+00  -4.0877359246828087e-07  -5.0253536498845591e-06  4.3361707594949396e-06
1.7119999999998899e+02  1.0003491823490993e+00  9.8943665767861133e-01  1.0043544346039728e+00  1.0002786621055835e+00  9.9180893881830878e-01  1.0020997977739081e+00  -2.1500020030232361e-06  -6.3741164745904349e-05  2.0484349739586049e-05  1.0000548576744950e+00  9.9840949396599787e-01  1.0011236288367114e+00  1.0000773108421246e+00  9.9920150615896264e-01  1.0005081663702340e+00  -1.6847949770928542e-07  -4.5763392880803740e-06  5.7834158241893248e-06
1.7199999999998900e+02  1.0003526641327825e+00  9.8942048629529933e-01  1.0043319111139850e+00  1.0002812463477522e+00  9.9178726855443022e-01  1.0020896579401111e+00  -2.0249211821581045e-06  -6.3198210274445832e-05  2.0526133000935900e-05  1.0000548499628057e+00  9.9840356901264427e-01  1.0011218325863218e+00  1.0000775785810405e+00  9.9919606586401488e-01  1.0005048797791607e+00  -3.1143177597920567e-08  -4.7799142351179610e-06  5.2961207542854871e-06
1.7279999999998799e+02  1.0003562338638690e+00  9.8940593628645090e-01  1.0043101368865672e+00  1.0002837083100595e+00  9.9176349465231950e-01  1.0020783869938763e+00  -2.0239552849521718e-06  -6.2621167327347489e-05  2.1265579599525347e-05  1.0000547493157645e+00  9.9839744134118524e-01  1.0011169419817239e+00  1.0000779127734636e+00  9.9919392779975624e-01  1.0005070230821136e+00  -2.1866715849487445e-07  -5.5512634963269092e-06  4.0298532418058200e-06
1.7359999999998701e+02  1.0003598236582232e+00  9.8939157998049332e-01  1.0042880012883897e+00  1.0002862034877142e+00  9.9173975809683634e-01  1.0020677028922134e+00  -2.0518479145900643e-06  -6.3967957582485344e-05  1.9933076948658264e-05  1.0000545152365352e+00  9.9839006079552695e-01  1.0011134323665400e+00  1.0000785401257231e+00  9.9919391985266948e-01  1.0005091001290476e+00  -3.2372670716633162e-07  -4.2079861163036251e-06  4.1857055591437101e-06
1.7439999999998599e+02  1.0003634663757477e+00  9.8937675284745785e-01  1.0042660302933168e+00  1.0002887063360708e+00  9.9171799331500354e-01  1.0020571407184629e+00  -2.0681787343915640e-06  -6.5545458793377079e-05  2.0707023078081113e-05  1.0000543404123035e+00  9.9838436425906829e-01  1.0011130817633862e+00  1.0000791423347630e+00  9.9919013468198326e-01  1.0005049026164763e+00  -2.1614501640326917e-07  -3.8250166577245981e-06  4.6498764168215899e-06
1.7519999999998601e+02  1.0003671076697911e+00  9.8936195126848669e-01  1.0042451522423490e+00  1.0002913144278107e+00  9.9169772470977569e-01  1.0020445567174716e+00  -2.2062622875638203e-06  -6.6463382253902214e-05  2.1703240461921254e-05  1.0000542435543593e+00  9.9837837728657830e-01  1.0011118292981374e+00  1.0000795845169144e+00  9.9918475722383204e-01  1.0005003859617740e+00  -1.6235354260379823e-07  -4.5854055397983650e-06  4.0523359865463769e-06
1.7599999999998499e+02  1.0003707041603052e+00  9.8934795752643434e-01  1.0042241665354257e+00  1.0002941582864482e+00  9.9167754173242406e-01  1.0020316775730862e+00  -2.3298267889870927e-06  -6.6194653934113995e-05  2.0806777463668552e-05  1.0000541159594725e+00  9.9837182937626090e-01  1.0011077325560218e+00  1.0000800445843723e+00  9.9918184409422994e-01  1.0005014663101930e+00  -2.2296661771231048e-07  -4.4337106805611367e-06  3.7538938401211120e-06
1.7679999999998401e+02  1.0003743764209281e+00  9.8933524365598369e-01  1.0042020131459297e+00  1.0002970422398798e+00  9.9165623925993385e-01  1.0020211920021564e+00  -2.2713511139694652e-06  -6.6146178848636787e-05  1.8859874121220746e-05  1.0000539376266486e+00  9.9836521410461021e-01  1.0011040605605785e+00  1.0000806133855102e+00  9.9917863221730585e-01  1.0005034599597522e+00  -2.7972613811037315e-07  -3.6210865583379108e-06  3.7497398911658823e-06
1.7759999999998300e+02  1.0003781832178165e+00  9.8932212355299387e-01  1.0041791371767961e+00  1.0002997833095750e+00  9.9163667000117028e-01  1.0020130666537059e+00  -2.2041590944518744e-06  -6.8915551363422204e-05  1.8203781293770723e-05  1.0000537596210952e+00  9.9835857032417696e-01  1.0011023790642175e+00  1.0000812195150317e+00  9.9917493471222085e-01  1.0005019271591140e+00  -2.6217335878321444e-07  -3.8397778778031128e-06  4.4747782492600689e-06
1.7839999999998301e+02  1.0003820436406465e+00  9.8930778834402822e-01  1.0041569156583037e+00  1.0003024883837248e+00  9.9162131640823681e-01  1.0020047073903777e+00  -2.2295946184233602e-06  -7.0763749169365365e-05  1.9348647448715858e-05  1.0000536383015683e+00  9.9835057693681106e-01  1.0011009909546871e+00  1.0000817325171178e+00  9.9917371351304907e-01  1.0004984035463775e+00  -1.7192110422441511e-07  -4.8200373088950384e-06  4.3985923808427652e-06
1.7919999999998200e+02  1.0003859286869718e+00  9.8929535856800210e-01  1.0041368700811628e+00  1.0003052434572330e+00  9.9160470827142388e-01  1.0019922534497194e+00  -2.2734523152763880e-06  -6.7860532876923499e-05  2.2214418175082030e-05  1.0000535677882285e+00  9.9834366600966762e-01  1.0010990032332112e+00  1.0000821174248857e+00  9.9917105190591138e-01  1.0004956686622193e+00  -1.2888132384996139e-07  -5.3218830928980734e-06  3.3165169652653851e-06
1.7999999999998099e+02  1.0003898235741437e+00  9.8928581166568408e-01  1.0041175502264184e+00  1.0003080992443283e+00  9.9158316027024163e-01  1.0019786806299456e+00  -2.3722489041797348e-06  -6.6407465512380545e-05  2.1501392698495717e-05  1.0000534518149871e+00  9.9833861090916032e-01  1.0010959829102151e+00  1.0000825502464572e+00  9.9916384384675538e-01  1.0004950111874946e+00  -2.2992588941661804e-07  -4.7396610279261000e-06  5.0158562418541723e-06
1.8079999999998100e+02  1.0003937263687366e+00  9.8927490539102991e-01  1.0040955240730220e+00  1.0003110921534435e+00  9.9156422826996549e-01  1.0019681370210058e+00  -2.4137565298076093e-06  -7.1254245818827810e-05  1.8970351752646490e-05  1.0000532490398439e+00  9.9833145733381046e-01  1.0010918752685676e+00  1.0000831747410937e+00  9.9915903498963810e-01  1.0004976884405561e+00  -3.2622465452854095e-07  -3.4282450678388639e-06  3.8808058634482481e-06
1.8159999999998001e+02  1.0003977675008198e+00  9.8926138899874572e-01  1.0040722057669020e+00  1.0003139786803454e+00  9.9155294267524596e-01  1.0019604174894776e+00  -2.2632016724869105e-06  -7.4477418381096070e-05  1.7914222741705026e-05  1.0000530734324569e+00  9.9832180199006704e-01  1.0010893714472029e+00  1.0000838143702304e+00  9.9915990749470507e-01  1.0004974055827680e+00  -2.4253397041054304e-07  -4.5888007443230026e-06  5.4885745020865417e-06
1.8239999999997900e+02  1.0004019413824459e+00  9.8924998528517727e-01  1.0040516859408548e+00  1.0003166727799693e+00  9.9154112429177210e-01  1.0019524551446357e+00  -2.2611351576810138e-06  -7.0949660188570534e-05  2.0789147393872366e-05  1.0000529964574021e+00  9.9831439572020131e-01  1.0010895935154294e+00  1.0000842652680058e+00  9.9915796214277464e-01  1.0004913845728587e+00  -1.4059356383765875e-07  -4.7250799411530138e-06  5.1377539306951224e-06
1.8319999999997799e+02  1.0004060045611736e+00  9.8924226795780723e-01  1.0040325837829172e+00  1.0003196353257600e+00  9.9152282194883523e-01  1.0019431414012456e+00  -2.5651913205128821e-06  -6.8623418298510437e-05  2.1141738970715142e-05  1.0000528991759428e+00  9.9830941705625864e-01  1.0010875667680801e+00  1.0000846974538984e+00  9.9914991624041583e-01  1.0004878739400782e+00  -2.2196855781700052e-07  -4.4445303027942327e-06  4.8060050469591751e-06
1.8399999999997800e+02  1.0004099779055768e+00  9.8923384276356041e-01  1.0040116349551107e+00  1.0003229918539107e+00  9.9150535261351080e-01  1.0019302624251474e+00  -2.6675711736435109e-06  -7.2626036949406932e-05  1.9599304387660900e-05  1.0000527190356092e+00  9.9830193321183758e-01  1.0010816812161154e+00  1.0000852958070354e+00  9.9914464868860642e-01  1.0004931404296544e+00  -2.9576120150692790e-07  -3.7634984827084353e-06  4.5533629940012525e-06
1.8479999999997699e+02  1.0004141530490782e+00  9.8922277212185816e-01  1.0039896448037788e+00  1.0003261977332059e+00  9.9149527449764596e-01  1.0019208036937794e+00  -2.4416238555384930e-06  -7.6155364979735486e-05  1.7834108515322832e-05  1.0000525760389323e+00  9.9829204884512346e-01  1.0010789465311782e+00  1.0000858765368519e+00  9.9914492942294586e-01  1.0004939272048707e+00  -2.1229313375154882e-07  -3.8177495221467592e-06  5.8404088970968010e-06
1.8559999999997601e+02  1.0004185045931164e+00  9.8921251082399764e-01  1.0039682880878056e+00  1.0003291224024466e+00  9.9148757153206957e-01  1.0019160049057143e+00  -2.4002575451904826e-06  -7.4769492688246295e-05  1.8133587450549869e-05  1.0000524887994509e+00  9.9828422075841816e-01  1.0010802587070675e+00  1.0000863391217725e+00  9.9914261305994811e-01  1.0004863904825658e+00  -1.8840770462125884e-07  -3.9805371623742507e-06  5.8609043088600722e-06
1.8639999999997499e+02  1.0004227953065004e+00  9.8920574900096703e-01  1.0039482543075240e+00  1.0003322047112622e+00  9.9147492623764322e-01  1.0019081961120029e+00  -2.5855800967937369e-06  -7.1699347837295770e-05  1.9894075731728769e-05  1.0000523563717154e+00  9.9827796627933174e-01  1.0010775984954621e+00  1.0000868610657978e+00  9.9913601914489980e-01  1.0004832083542829e+00  -2.5709086499831689e-07  -4.0545508330533427e-06  4.8735915110538311e-06
1.8719999999997501e+02  1.0004270767906485e+00  9.8920002838322274e-01  1.0039291694039492e+00  1.0003354816335721e+00  9.9145987269044977e-01  1.0018956596593529e+00  -2.6046247640616530e-06  -7.3521081667006995e-05  2.0262090969100393e-05  1.0000522101662601e+00  9.9827010921956694e-01  1.0010716511284024e+00  1.0000874353467422e+00  9.9913109650861343e-01  1.0004888856753618e+00  -2.4077309639344946e-07  -4.0529169895688024e-06  4.6820155470669122e-06
1.8799999999997399e+02  1.0004314994883226e+00  9.8919174798175047e-01  1.0039085232796461e+00  1.0003386596448571e+00  9.9145086482028344e-01  1.0018849488412334e+00  -2.5205693283669450e-06  -7.8492934391598580e-05  1.8702775967568007e-05  1.0000520947892579e+00  9.9826130755107811e-01  1.0010699096879911e+00  1.0000879621338972e+00  9.9912831506169730e-01  1.0004876919033894e+00  -2.2834880496794844e-07  -4.5285262134300641e-06  5.1518499478347395e-06
1.8879999999997301e+02  1.0004359792534310e+00  9.8918300265129999e-01  1.0038861771091956e+00  1.0003418182705088e+00  9.9144672640993980e-01  1.0018775961241737e+00  -2.6027135037860034e-06  -7.8321434800800017e-05  1.7685952074854970e-05  1.0000519545895075e+00  9.9825283111720264e-01  1.0010701380396911e+00  1.0000885286349832e+00  9.9912519749829221e-01  1.0004813400680954e+00  -2.7214226005664998e-07  -4.9515180073738487e-06  4.8126800992083705e-06
1.8959999999997299e+02  1.0004404215760125e+00  9.8917799956908259e-01  1.0038658137769465e+00  1.0003451757886985e+00  9.9143820795799731e-01  1.0018690324930080e+00  -2.7224298878382218e-06  -7.4084838201740117e-05  1.9255422413077394e-05  1.0000518153743949e+00  9.9824448468826987e-01  1.0010664594124905e+00  1.0000891137870334e+00  9.9912157602233898e-01  1.0004807711118255e+00  -2.4270512928699906e-07  -2.9132284464479046e-06  4.5727046631481621e-06
1.9039999999997201e+02  1.0004449355446856e+00  9.8917470638583405e-01  1.0038476753995960e+00  1.0003485824801208e+00  9.9142607647801551e-01  1.0018593449738404e+00  -2.6529950598804956e-06  -7.4689139615605267e-05  2.0686546054765019e-05  1.0000517010325010e+00  9.9823700494815371e-01  1.0010621044410295e+00  1.0000896521835534e+00  9.9911586884212900e-01  1.0004839004897557e+00  -2.4761264358876449e-07  -5.2940321643922566e-06  5.4650840322254125e-06
1.9119999999997100e+02  1.0004496176443565e+00  9.8916902109586891e-01  1.0038279845437075e+00  1.0003517960169170e+00  9.9141920092477931e-01  1.0018516153267383e+00  -2.5361400561215405e-06  -7.9735666239760905e-05  1.7885758733687585e-05  1.0000515357048214e+00  9.9822925620846481e-01  1.0010611213514402e+00  1.0000902812689889e+00  9.9910953713441508e-01  1.0004815202152171e+00  -3.2864649347403511e-07  -3.7338050682670762e-06  4.1189329506491381e-06
1.9199999999996999e+02  1.0004543409146749e+00  9.8916259887622404e-01  1.0038062217857766e+00  1.0003549893737291e+00  9.9141746243352835e-01  1.0018431577698312e+00  -2.6556686400248189e-06  -8.1381710815608778e-05  1.8286313977018647e-05  1.0000513745475414e+00  9.9821875190905951e-01  1.0010599130710387e+00  1.0000909427680633e+00  9.9910822218937212e-01  1.0004765063965797e+00  -2.6275061089345944e-07  -5.0032302780257334e-06  5.1459464589964537e-06
1.9279999999997000e+02  1.0004589601802181e+00  9.8915908552059861e-01  1.0037854535955886e+00  1.0003585105563697e+00  9.9141344282807942e-01  1.0018314504023333e+00  -2.8807497992714272e-06  -7.8347310534308012e-05  1.8711917713606345e-05  1.0000513056795477e+00  9.9820843066720788e-01  1.0010560421630226e+00  1.0000914292593506e+00  9.9910813113859287e-01  1.0004779402707471e+00  -1.6646814689860471e-07  -3.5666618480624697e-06  3.7711541077161656e-06
1.9359999999996899e+02  1.0004636187886649e+00  9.8915779125939995e-01  1.0037666041432078e+00  1.0003621921052746e+00  9.9140599831245657e-01  1.0018216247106659e+00  -2.8109216084801865e-06  -7.6914722299571583e-05  1.9129921615013850e-05  1.0000512056179789e+00  9.9820191951526782e-01  1.0010523988456832e+00  1.0000919203844758e+00  9.9910048684744679e-01  1.0004790161878732e+00  -2.6931222058657193e-07  -4.7886357336792697e-06  5.5518852915513882e-06
1.9439999999996800e+02  1.0004685223984635e+00  9.8915530620535341e-01  1.0037473467219091e+00  1.0003655650406613e+00  9.9140154592807883e-01  1.0018163526208583e+00  -2.5778352109984733e-06  -8.0725566417166693e-05  1.8817554923846633e-05  1.0000510214171441e+00  9.9819489296237751e-01  1.0010512785553300e+00  1.0000925904720042e+00  9.9909096159942601e-01  1.0004774281869149e+00  -3.3037590682272008e-07  -4.3625198061873817e-06  4.6911144092003266e-06
1.9519999999996699e+02  1.0004735052561373e+00  9.8915124729821058e-01  1.0037268352959801e+00  1.0003688030924152e+00  9.9140304584485306e-01  1.0018093145752944e+00  -2.6964716225084160e-06  -8.4156109203282646e-05  1.7287192851042999e-05  1.0000508964623869e+00  9.9818367870758895e-01  1.0010501783027257e+00  1.0000932020739923e+00  9.9908899258288275e-01  1.0004722430457631e+00  -2.2274515249151903e-07  -4.5717326159701086e-06  5.1888499632171118e-06
1.9599999999996700e+02  1.0004783239520902e+00  9.8914940031587162e-01  1.0037086292393642e+00  1.0003724578267010e+00  9.9140398751729530e-01  1.0017972844528102e+00  -2.9925237397786672e-06  -8.1737304908967764e-05  1.9111394342679395e-05  1.0000508225187437e+00  9.9817276640622166e-01  1.0010469253246228e+00  1.0000936909107419e+00  9.9908858923140975e-01  1.0004707758801934e+00  -2.1777499104234950e-07  -4.1901209000334603e-06  5.2974161381712660e-06
1.9679999999996599e+02  1.0004831803990610e+00  9.8915079938372541e-01  1.0036919742426849e+00  1.0003763077053529e+00  9.9140012069006644e-01  1.0017858492992533e+00  -2.8870084145612647e-06  -7.9729890926952244e-05  1.7994302353763639e-05  1.0000506864392218e+00  9.9816472316464577e-01  1.0010422296722734e+00  1.0000942724904223e+00  9.9908255632173193e-01  1.0004740764084028e+00  -2.9743641661780843e-07  -4.0590278751118439e-06  5.1873394380659656e-06
1.9759999999996501e+02  1.0004883139209633e+00  9.8915105341944976e-01  1.0036732610203707e+00  1.0003797895049407e+00  9.9139892413871467e-01  1.0017787853222386e+00  -2.6498355258399789e-06  -8.3502421484772541e-05  1.6368550937339166e-05  1.0000505504636172e+00  9.9815613676429704e-01  1.0010395642061611e+00  1.0000948892812462e+00  9.9907558072892022e-01  1.0004748283479963e+00  -2.5233559624996933e-07  -5.4997867707415497e-06  4.4417543673548040e-06
1.9839999999996499e+02  1.0004934764695941e+00  9.8914931430248076e-01  1.0036546865568647e+00  1.0003832186649295e+00  9.9140463882442986e-01  1.0017729286197374e+00  -2.8452838277906485e-06  -8.5766851287007038e-05  1.7721138210045007e-05  1.0000504641658952e+00  9.9814596191110816e-01  1.0010399526132225e+00  1.0000954144169005e+00  9.9907122894787737e-01  1.0004687087600712e+00  -2.2727429845001238e-07  -4.8949531776416965e-06  5.5299576223415027e-06
1.9919999999996401e+02  1.0004984703404265e+00  9.8915033316440626e-01  1.0036376415230799e+00  1.0003871079569451e+00  9.9140894664904899e-01  1.0017645858985413e+00  -3.0951476571098295e-06  -8.3385630256495527e-05  2.0099629018123204e-05  1.0000503295128584e+00  9.9813603398291739e-01  1.0010383319882166e+00  1.0000960099001013e+00  9.9906677909972252e-01  1.0004640808401679e+00  -3.2112095973702072e-07  -4.6859480880998807e-06  5.0497916126615852e-06
1.9999999999996299e+02  1.0005035660336761e+00  9.8915425018568226e-01  1.0036213602996655e+00  1.0003910764319208e+00  9.9140886153909280e-01  1.0017540960387905e+00  -2.9376652350426244e-06  -8.3941631884866671e-05  1.9260903722909656e-05  1.0000501650848026e+00  9.9812617635397582e-01  1.0010327496338338e+00  1.0000966974679644e+00  9.9906179557700370e-01  1.0004678950642014e+00  -3.0558501985876976e-07  -4.0222483453643874e-06  3.9585695861651427e-06
2.0000999999996299e+02  1.0005036314989475e+00  9.8915429588031323e-01  1.0036211554365913e+00  1.0003911239313124e+00  9.9140886783474258e-01  1.0017539624072962e+00  -2.9343691204719668e-06  -8.3979384936005668e-05  1.9212253054698976e-05  1.0000501634526464e+00  9.9812604884014899e-01  1.0010326782091807e+00  1.0000967055676027e+00  9.9906173804019394e-01  1.0004679666140133e+00  -3.0423158941228949e-07  -4.0476336337974412e-06  3.9705948906488387e-06
