# downsampled to dt=0.5 from the every-step stream
# time L2_Ham L2_Mom min_rho_req max_rho_req integral_neg_rho L2_Ham_rel L2_Mom_rel pump_force_L2 governor pump_fi_L2 L2_Ham_amr L2_Mom_amr L2_Ham_amr_rel L2_Mom_amr_rel Linf_Ham_amr L2_Ham_amr_ref
   0.0050000    5.6265261542e-04    7.8953065384e-07   -2.1232759447e-04    2.1078879824e-04    2.1649378882e-01    8.9522710241e-01    4.4389086514e-01    0.0000000000e+00    9.9999999989e-01    0.0000000000e+00    9.8976767838e-07    8.2803130280e-07    3.3696605093e-03    4.4388729198e-01    3.8152004905e-05    0.0000000000e+00
   0.5050000    1.8033512884e-04    6.7542093290e-06   -1.3036012399e-04    1.3258917673e-04    9.6907199296e-02    5.4134974237e-01    4.9864816525e-01    0.0000000000e+00    9.9999999992e-01    0.0000000000e+00    2.8086524189e-05    5.7730818113e-06    9.5179980723e-02    4.3657403322e-01    6.8154871784e-04    0.0000000000e+00
   1.0050000    1.0526266939e-04    6.9946580241e-06   -1.3019310410e-04    1.3261199179e-04    6.8579622667e-02    3.5177738352e-01    5.3281566583e-01    0.0000000000e+00    9.9999999992e-01    0.0000000000e+00    2.3212830951e-05    5.8791405036e-06    7.8772194051e-02    4.7368849445e-01    3.1534473737e-04    0.0000000000e+00
   1.5050000    4.8556439537e-05    4.2080807901e-06   -1.2986451010e-04    1.3272037629e-04    4.2884764319e-02    1.7079166089e-01    4.2572052493e-01    0.0000000000e+00    9.9999999992e-01    0.0000000000e+00    1.2358261452e-05    3.6543871461e-06    4.2028050494e-02    3.6971567011e-01    1.5442146196e-04    0.0000000000e+00
   2.0050000    3.0493970730e-05    2.7467834317e-06   -1.2919375533e-04    1.3259262351e-04    3.2776792958e-02    1.0821298189e-01    3.3039467088e-01    0.0000000000e+00    9.9999999992e-01    0.0000000000e+00    9.6826728877e-06    2.4396098824e-06    3.2938234315e-02    2.8716407978e-01    1.6265766436e-04    0.0000000000e+00
   2.5050000    2.3624818105e-05    1.9891478241e-06   -1.2901020944e-04    1.3290380677e-04    2.9442157201e-02    8.4032483804e-02    2.6535939028e-01    0.0000000000e+00    9.9999999993e-01    0.0000000000e+00    7.6702114400e-06    1.7355376611e-06    2.6097235904e-02    2.2480260845e-01    9.9856474876e-05    0.0000000000e+00
   3.0050000    1.5826632668e-05    1.3315753218e-06   -1.3070975472e-04    1.3470928106e-04    2.5331279758e-02    5.6405146658e-02    1.8689586979e-01    0.0000000000e+00    9.9999999993e-01    0.0000000000e+00    5.4715646769e-06    1.1335227514e-06    1.8619841831e-02    1.5318547780e-01    8.6321314823e-05    0.0000000000e+00
   3.5050000    1.0023885482e-05    8.8703470852e-07   -1.2987775227e-04    1.3392315512e-04    2.2062626989e-02    3.5760133377e-02    1.1656340165e-01    0.0000000000e+00    9.9999999993e-01    0.0000000000e+00    3.9993122608e-06    7.4910921500e-07    1.3611423592e-02    9.4225823990e-02    4.7412981300e-05    0.0000000000e+00
   4.0050000    7.1114728648e-06    6.1851522203e-07   -1.2646168810e-04    1.3010188934e-04    2.0269441591e-02    2.5379207149e-02    8.4381370407e-02    0.0000000000e+00    9.9999999993e-01    0.0000000000e+00    3.2791765351e-06    5.3305007138e-07    1.1161272775e-02    6.9475451402e-02    2.1214336048e-04    0.0000000000e+00
   4.5050000    6.0359661684e-06    4.8751584851e-07   -1.3051428786e-04    1.3326577228e-04    1.9439068644e-02    2.1543447291e-02    7.5258596861e-02    0.0000000000e+00    9.9999999993e-01    0.0000000000e+00    2.9238253187e-06    4.4535824393e-07    9.9521449962e-03    6.5637715403e-02    5.6293582908e-05    0.0000000000e+00
   5.0050000    5.5801440678e-06    3.9905721222e-07   -1.2979997465e-04    1.3152430686e-04    1.9049425084e-02    1.9917322000e-02    6.2489363126e-02    0.0000000000e+00    9.9999999993e-01    0.0000000000e+00    2.7072434779e-06    3.7867905633e-07    9.2150594494e-03    5.6583670778e-02    4.4915336800e-05    0.0000000000e+00
   5.5050000    5.2577283734e-06    3.4340557205e-07   -1.3012076987e-04    1.3140609169e-04    1.8813922682e-02    1.8767264082e-02    5.5170891205e-02    0.0000000000e+00    9.9999999993e-01    0.0000000000e+00    2.5466079094e-06    3.3374348717e-07    8.6684740565e-03    5.1150836365e-02    3.5775129861e-05    0.0000000000e+00
   6.0050000    4.9763446061e-06    2.9506944923e-07   -1.2980446355e-04    1.3114726856e-04    1.8606032686e-02    1.7762897233e-02    4.7834626275e-02    0.0000000000e+00    9.9999999993e-01    0.0000000000e+00    2.3993050476e-06    2.8949799326e-07    8.1669601828e-03    4.4764079788e-02    3.6479032462e-05    0.0000000000e+00
   6.5050000    4.7470135021e-06    2.6463738368e-07   -1.2955074408e-04    1.3135666714e-04    1.8421995654e-02    1.6944223450e-02    4.3579254409e-02    0.0000000000e+00    9.9999999993e-01    0.0000000000e+00    2.2823103608e-06    2.6186404231e-07    7.7685993826e-03    4.1127065268e-02    3.2772336087e-05    0.0000000000e+00
   7.0050000    4.5645361676e-06    2.3680620877e-07   -1.2911945424e-04    1.3171521098e-04    1.8265804550e-02    1.6292226930e-02    3.9353229919e-02    0.0000000000e+00    9.9999999993e-01    0.0000000000e+00    2.1840988437e-06    2.3526410070e-07    7.4339443569e-03    3.7285371300e-02    3.3930748053e-05    0.0000000000e+00
   7.5050000    4.4211578449e-06    2.1565092007e-07   -1.2880145365e-04    1.3199698500e-04    1.8137106845e-02    1.5779582147e-02    3.6353506253e-02    0.0000000000e+00    9.9999999993e-01    0.0000000000e+00    2.1050346744e-06    2.1497282780e-07    7.1643902585e-03    3.4558691359e-02    3.5696610572e-05    0.0000000000e+00
   8.0050000    4.3063954430e-06    1.9815824345e-07   -1.2873931612e-04    1.3205175374e-04    1.8033893382e-02    1.5368935674e-02    3.3619505666e-02    0.0000000000e+00    9.9999999993e-01    0.0000000000e+00    2.0411575240e-06    1.9806553449e-07    6.9464801637e-03    3.2044598019e-02    3.6614779720e-05    0.0000000000e+00
   8.5050000    4.2124534558e-06    1.8383315064e-07   -1.2889934633e-04    1.3184018835e-04    1.7951650205e-02    1.5032372082e-02    3.1427480824e-02    0.0000000000e+00    9.9999999993e-01    0.0000000000e+00    1.9889114514e-06    1.8418634880e-07    6.7680654662e-03    3.0026279559e-02    3.8217163232e-05    0.0000000000e+00
   9.0050000    4.1343985622e-06    1.7168428433e-07   -1.2915324584e-04    1.3149666480e-04    1.7886387232e-02    1.4752305592e-02    2.9515841606e-02    0.0000000000e+00    9.9999999993e-01    0.0000000000e+00    1.9461193289e-06    1.7232809671e-07    6.6217432883e-03    2.8250935809e-02    3.9716613462e-05    0.0000000000e+00
   9.5050000    4.0688526352e-06    1.6140063004e-07   -1.2932726644e-04    1.3120049153e-04    1.7833379948e-02    1.4516706283e-02    2.7928662602e-02    0.0000000000e+00    9.9999999993e-01    0.0000000000e+00    1.9111562256e-06    1.6221430422e-07    6.5019926861e-03    2.6765891274e-02    4.0953053484e-05    0.0000000000e+00
  10.0050000    4.0132503994e-06    1.5298973730e-07   -1.2927936292e-04    1.3110001018e-04    1.7786919041e-02    1.4316419747e-02    2.6603052583e-02    0.0000000000e+00    9.9999999993e-01    0.0000000000e+00    1.8823914187e-06    1.5391340760e-07    6.4032621253e-03    2.5520538358e-02    4.2654617330e-05    0.0000000000e+00
  10.5050000    3.9658822719e-06    1.4548462846e-07   -1.2906387323e-04    1.3126625701e-04    1.7746965612e-02    1.4145468602e-02    2.5401970073e-02    0.0000000000e+00    9.9999999993e-01    0.0000000000e+00    1.8589427386e-06    1.4642790017e-07    6.3226025227e-03    2.4378982854e-02    4.3353165266e-05    0.0000000000e+00
  11.0050000    3.9253843448e-06    1.3914172649e-07   -1.2874119648e-04    1.3155340203e-04    1.7712472545e-02    1.3999142123e-02    2.4362919961e-02    0.0000000000e+00    9.9999999993e-01    0.0000000000e+00    1.8400039666e-06    1.4008761797e-07    6.2573381692e-03    2.3388960054e-02    4.4872842182e-05    0.0000000000e+00
  11.5050000    3.8906456365e-06    1.3366486631e-07   -1.2853511654e-04    1.3179258115e-04    1.7682377329e-02    1.3873515315e-02    2.3543047063e-02    0.0000000000e+00    9.9999999993e-01    0.0000000000e+00    1.8249063917e-06    1.3459952525e-07    6.2052094441e-03    2.2606140625e-02    4.5630613409e-05    0.0000000000e+00
  12.0050000    3.8607384403e-06    1.2880738732e-07   -1.2851067119e-04    1.3182975711e-04    1.7656305098e-02    1.3765228047e-02    2.2740792603e-02    0.0000000000e+00    9.9999999993e-01    0.0000000000e+00    1.8130458401e-06    1.2971442110e-07    6.1641370666e-03    2.1836799500e-02    4.6576266108e-05    0.0000000000e+00
  12.5050000    3.8349940736e-06    1.2455459991e-07   -1.2867824511e-04    1.3160802203e-04    1.7633603393e-02    1.3671810909e-02    2.2056460574e-02    0.0000000000e+00    9.9999999993e-01    0.0000000000e+00    1.8041059098e-06    1.2543766144e-07    6.1330057683e-03    2.1180617576e-02    4.7628555478e-05    0.0000000000e+00
  13.0050000    3.8127530552e-06    1.2091189443e-07   -1.2891594116e-04    1.3125713909e-04    1.7614147880e-02    1.3590821790e-02    2.1467597339e-02    0.0000000000e+00    9.9999999993e-01    0.0000000000e+00    1.7975323382e-06    1.2179814879e-07    6.1098891663e-03    2.0620004413e-02    4.8634843006e-05    0.0000000000e+00
  13.5050000    3.7935738742e-06    1.1748593132e-07   -1.2906892144e-04    1.3094913929e-04    1.7597007456e-02    1.3520672254e-02    2.0898276391e-02    0.0000000000e+00    9.9999999993e-01    0.0000000000e+00    1.7931283154e-06    1.1834888543e-07    6.0941103918e-03    2.0073466226e-02    4.9652119472e-05    0.0000000000e+00
  14.0050000    3.7771523999e-06    1.1456802422e-07   -1.2903625427e-04    1.3084393451e-04    1.7582084083e-02    1.3460324294e-02    2.0442012357e-02    0.0000000000e+00    9.9999999993e-01    0.0000000000e+00    1.7905530647e-06    1.1542196899e-07    6.0845307725e-03    1.9637816410e-02    5.0577340936e-05    0.0000000000e+00
  14.5050000    3.7628522030e-06    1.1215316464e-07   -1.2882719238e-04    1.3097398973e-04    1.7568349076e-02    1.3407580204e-02    2.0057355806e-02    0.0000000000e+00    9.9999999993e-01    0.0000000000e+00    1.7898085119e-06    1.1276988221e-07    6.0811874938e-03    1.9236366958e-02    5.1417184394e-05    0.0000000000e+00
  15.0050000    3.7515175247e-06    1.1308278557e-07   -1.2855385808e-04    1.3123952634e-04    1.7556143216e-02    1.3365496338e-02    2.0255155182e-02    0.0000000000e+00    9.9999999993e-01    0.0000000000e+00    1.7898545198e-06    1.1188601031e-07    6.0805684649e-03    1.9123268573e-02    5.2178413308e-05    0.0000000000e+00
  15.5050000    3.7415293156e-06    1.1811157474e-07   -1.2836119083e-04    1.3146556155e-04    1.7547236407e-02    1.3328298323e-02    2.1258170498e-02    0.0000000000e+00    9.9999999993e-01    0.0000000000e+00    1.7930442757e-06    1.1281980693e-07    6.0906642882e-03    1.9388527988e-02    5.2913163869e-05    0.0000000000e+00
  16.0050000    3.7250635539e-06    1.2809718293e-07   -1.2834201738e-04    1.3150618046e-04    1.7534598096e-02    1.3268065405e-02    2.3140792536e-02    0.0000000000e+00    9.9999999993e-01    0.0000000000e+00    1.7978569836e-06    1.1559870515e-07    6.1062807084e-03    1.9945870050e-02    5.3665557990e-05    0.0000000000e+00
  16.5050000    3.7173833155e-06    1.3797138149e-07   -1.2848587146e-04    1.3132779929e-04    1.7520266785e-02    1.3239070298e-02    2.5037289433e-02    0.0000000000e+00    9.9999999993e-01    0.0000000000e+00    1.8019033588e-06    1.1840362231e-07    6.1192633358e-03    2.0525886203e-02    5.4441194526e-05    0.0000000000e+00
  17.0050000    3.7252644406e-06    1.4580970317e-07   -1.2868879405e-04    1.3102614889e-04    1.7510456016e-02    1.3265361370e-02    2.6585444346e-02    0.0000000000e+00    9.9999999993e-01    0.0000000000e+00    1.8064324471e-06    1.2080700500e-07    6.1338241608e-03    2.1045049248e-02    5.5233162916e-05    0.0000000000e+00
  17.5050000    3.7332575148e-06    1.5298497001e-07   -1.2881768715e-04    1.3076309391e-04    1.7502258381e-02    1.3291919181e-02    2.8036241539e-02    0.0000000000e+00    9.9999999993e-01    0.0000000000e+00    1.8124050639e-06    1.2222662716e-07    6.1532240708e-03    2.1405392039e-02    5.5996443497e-05    0.0000000000e+00
  18.0050000    3.7365277490e-06    1.6018524390e-07   -1.2878842214e-04    1.3067488979e-04    1.7492498266e-02    1.3301599393e-02    2.9523744796e-02    0.0000000000e+00    9.9999999993e-01    0.0000000000e+00    1.8190869069e-06    1.2437029885e-07    6.1749979405e-03    2.1929035657e-02    5.6693701341e-05    0.0000000000e+00
  18.5050000    3.7400990415e-06    1.7209051089e-07   -1.2861285614e-04    1.3078782432e-04    1.7486422605e-02    1.3312376017e-02    3.1929926473e-02    0.0000000000e+00    9.9999999993e-01    0.0000000000e+00    1.8263637763e-06    1.2907038089e-07    6.1987978442e-03    2.2936238296e-02    5.7328482243e-05    0.0000000000e+00
  19.0050000    3.7448896116e-06    1.8979263122e-07   -1.2838881898e-04    1.3101093781e-04    1.7491491883e-02    1.3327573078e-02    3.5440517684e-02    0.0000000000e+00    9.9999999993e-01    0.0000000000e+00    1.8366453704e-06    1.3936743508e-07    6.2328269883e-03    2.4993855396e-02    5.8397095512e-05    0.0000000000e+00
  19.5050000    3.7438858437e-06    2.1763448484e-07   -1.2823707911e-04    1.3120190773e-04    1.7488296211e-02    1.3322233923e-02    4.0998543995e-02    0.0000000000e+00    9.9999999993e-01    0.0000000000e+00    1.8472878577e-06    1.5388976848e-07    6.2681101159e-03    2.7874529982e-02    5.9246394377e-05    0.0000000000e+00
  20.0050000    3.7508853597e-06    2.4008191901e-07   -1.2823182940e-04    1.3122881133e-04    1.7490023195e-02    1.3345394460e-02    4.5682184437e-02    0.0000000000e+00    9.9999999993e-01    0.0000000000e+00    1.8588576604e-06    1.6548636563e-07    6.3065431813e-03    3.0294809383e-02    6.0216932826e-05    0.0000000000e+00
  20.5050000    3.7718124037e-06    2.5917395284e-07   -1.2835895352e-04    1.3107169221e-04    1.7493522044e-02    1.3418034272e-02    4.9784455310e-02    0.0000000000e+00    9.9999999993e-01    0.0000000000e+00    1.8688210094e-06    1.7429669874e-07    6.3394921135e-03    3.2232230663e-02    6.1082660844e-05    0.0000000000e+00
  21.0050000    3.7940415664e-06    2.7513239445e-07   -1.2852795585e-04    1.3081462374e-04    1.7499482864e-02    1.3495173154e-02    5.3367721142e-02    0.0000000000e+00    9.9999999993e-01    0.0000000000e+00    1.8786688166e-06    1.8154018962e-07    6.3719874275e-03    3.3921595180e-02    6.1805981676e-05    0.0000000000e+00
  21.5050000    3.8117682346e-06    2.8957693174e-07   -1.2862963438e-04    1.3059290037e-04    1.7502428275e-02    1.3556169049e-02    5.6768726708e-02    0.0000000000e+00    9.9999999993e-01    0.0000000000e+00    1.8891652661e-06    1.8810385787e-07    6.4066206708e-03    3.5553167289e-02    6.2562577857e-05    0.0000000000e+00
  22.0050000    3.8260230395e-06    3.0378647242e-07   -1.2859832806e-04    1.3051903222e-04    1.7503648044e-02    1.3604751286e-02    6.0171390695e-02    0.0000000000e+00    9.9999999993e-01    0.0000000000e+00    1.9009494956e-06    1.9500527657e-07    6.4455851692e-03    3.7284529631e-02    6.3283024066e-05    0.0000000000e+00
  22.5050000    3.8423388642e-06    3.1917980204e-07   -1.2844860777e-04    1.3061181721e-04    1.7503928535e-02    1.3660671477e-02    6.3994203764e-02    0.0000000000e+00    9.9999999993e-01    0.0000000000e+00    1.9127288855e-06    2.0305873979e-07    6.4845339569e-03    3.9376977106e-02    6.4101807204e-05    0.0000000000e+00
  23.0050000    3.8639182370e-06    3.3721237571e-07   -1.2826500010e-04    1.3079751754e-04    1.7509511897e-02    1.3735357593e-02    6.8399647524e-02    0.0000000000e+00    9.9999999993e-01    0.0000000000e+00    1.9258221516e-06    2.1363456432e-07    6.5279603944e-03    4.2006123214e-02    6.4893749525e-05    0.0000000000e+00
  23.5050000    3.8753083072e-06    3.5654088001e-07   -1.2814523325e-04    1.3095087243e-04    1.7516725038e-02    1.3773883576e-02    7.3373521526e-02    0.0000000000e+00    9.9999999993e-01    0.0000000000e+00    1.9409255800e-06    2.2445312225e-07    6.5782202419e-03    4.4860870516e-02    6.5673804434e-05    0.0000000000e+00
  24.0050000    3.8820084233e-06    3.7513326763e-07   -1.2814508267e-04    1.3097209537e-04    1.7517776448e-02    1.3795749580e-02    7.8406219839e-02    0.0000000000e+00    9.9999999993e-01    0.0000000000e+00    1.9551540105e-06    2.3484687172e-07    6.6255078832e-03    4.7732350092e-02    6.6439761992e-05    0.0000000000e+00
  24.5050000    3.8988014072e-06    3.9024974064e-07   -1.2825106318e-04    1.3084380251e-04    1.7520922436e-02    1.3853403021e-02    8.2830192640e-02    0.0000000000e+00    9.9999999993e-01    0.0000000000e+00    1.9692637569e-06    2.4309319059e-07    6.6723501122e-03    5.0203375965e-02    6.7110394526e-05    0.0000000000e+00
  25.0050000    3.9181066548e-06    3.9989496944e-07   -1.2838521488e-04    1.3063377321e-04    1.7526989404e-02    1.3919849686e-02    8.6215915336e-02    0.0000000000e+00    9.9999999993e-01    0.0000000000e+00    1.9839802648e-06    2.4751242841e-07    6.7211793159e-03    5.1919286405e-02    6.7736032216e-05    0.0000000000e+00
  25.5050000    3.9304257206e-06    4.0475817434e-07   -1.2846086133e-04    1.3045392744e-04    1.7530206497e-02    1.3961354355e-02    8.8586325304e-02    0.0000000000e+00    9.9999999993e-01    0.0000000000e+00    1.9927108188e-06    2.4952794000e-07    6.7496654322e-03    5.3200314126e-02    6.8336909907e-05    0.0000000000e+00
  26.0050000    3.9420246182e-06    4.0914531450e-07   -1.2843134946e-04    1.3039230322e-04    1.7541490352e-02    1.4000234325e-02    9.1224605212e-02    0.0000000000e+00    9.9999999993e-01    0.0000000000e+00    2.0035391838e-06    2.5186253694e-07    6.7852203377e-03    5.4776452810e-02    6.8959608752e-05    0.0000000000e+00
  26.5050000    3.9565608949e-06    4.1825803721e-07   -1.2830496263e-04    1.3046562586e-04    1.7563139902e-02    1.4049551183e-02    9.4817768348e-02    0.0000000000e+00    9.9999999993e-01    0.0000000000e+00    2.0211697936e-06    2.5799333772e-07    6.8438056009e-03    5.7241282742e-02    6.9602557319e-05    0.0000000000e+00
  27.0050000    3.9666165707e-06    4.3413102365e-07   -1.2815666616e-04    1.3061316741e-04    1.7579730557e-02    1.4083015190e-02    1.0037268105e-01    0.0000000000e+00    9.9999999993e-01    0.0000000000e+00    2.0387923509e-06    2.6981180572e-07    6.9023777000e-03    6.1196891682e-02    7.0268132157e-05    0.0000000000e+00
  27.5050000    3.9813929573e-06    4.4700938325e-07   -1.2806279247e-04    1.3073606540e-04    1.7590739027e-02    1.4133288075e-02    1.0550924851e-01    0.0000000000e+00    9.9999999993e-01    0.0000000000e+00    2.0554785519e-06    2.7830705689e-07    6.9577938477e-03    6.4561049126e-02    7.0931437512e-05    0.0000000000e+00
  28.0050000    4.0034381757e-06    4.5884866938e-07   -1.2806304160e-04    1.3075534753e-04    1.7601414079e-02    1.4209356532e-02    1.1096125646e-01    0.0000000000e+00    9.9999999993e-01    0.0000000000e+00    2.0678236588e-06    2.8345810739e-07    6.9985097223e-03    6.7513256583e-02    7.1554069896e-05    0.0000000000e+00
  28.5050000    4.0227479151e-06    4.6620316642e-07   -1.2814594644e-04    1.3065517843e-04    1.7608117354e-02    1.4275644367e-02    1.1541119459e-01    0.0000000000e+00    9.9999999993e-01    0.0000000000e+00    2.0776522724e-06    2.9061800830e-07    7.0306724048e-03    7.0995857094e-02    7.2123025607e-05    0.0000000000e+00
  29.0050000    4.0374186068e-06    4.7870367309e-07   -1.2824981605e-04    1.3048818205e-04    1.7620532555e-02    1.4325356135e-02    1.2088550522e-01    0.0000000000e+00    9.9999999993e-01    0.0000000000e+00    2.0923472303e-06    2.9567315280e-07    7.0792404393e-03    7.3869608550e-02    7.2655272773e-05    0.0000000000e+00
  29.5050000    4.0487975433e-06    4.8786657170e-07   -1.2830566079e-04    1.3034186222e-04    1.7628262387e-02    1.4363280264e-02    1.2688060569e-01    0.0000000000e+00    9.9999999993e-01    0.0000000000e+00    2.1081042335e-06    3.0405518562e-07    7.1313374436e-03    7.8424555025e-02    7.3170655550e-05    0.0000000000e+00
  30.0050000    4.0635491328e-06    4.9744079030e-07   -1.2827606448e-04    1.3028709143e-04    1.7634928200e-02    1.4413104018e-02    1.3216083345e-01    0.0000000000e+00    9.9999999993e-01    0.0000000000e+00    2.1226639872e-06    3.0950133917e-07    7.1793438220e-03    8.1772613587e-02    7.3688106893e-05    0.0000000000e+00
  30.5050000    4.0877497193e-06    5.0331499133e-07   -1.2817429138e-04    1.3033901798e-04    1.7642788672e-02    1.4496430498e-02    1.3698324519e-01    0.0000000000e+00    9.9999999993e-01    0.0000000000e+00    2.1367024577e-06    3.1402479017e-07    7.2255798256e-03    8.5124556386e-02    7.4237911719e-05    0.0000000000e+00
  31.0050000    4.1025775923e-06    5.0623552877e-07   -1.2805393651e-04    1.3045301058e-04    1.7654699106e-02    1.4546564276e-02    1.4122668684e-01    0.0000000000e+00    9.9999999993e-01    0.0000000000e+00    2.1510823033e-06    3.1636140877e-07    7.2729850442e-03    8.8038878436e-02    7.4800998981e-05    0.0000000000e+00
  31.5050000    4.0962616872e-06    5.1177104059e-07   -1.2797606626e-04    1.3055229677e-04    1.7653188706e-02    1.4521801192e-02    1.4670111891e-01    0.0000000000e+00    9.9999999993e-01    0.0000000000e+00    2.1654736304e-06    3.1846837723e-07    7.3204440661e-03    9.1219194547e-02    7.5360947271e-05    0.0000000000e+00
  32.0050000    4.0897130592e-06    5.1629999451e-07   -1.2797387840e-04    1.3057293643e-04    1.7651863899e-02    1.4496241939e-02    1.5080081256e-01    0.0000000000e+00    9.9999999993e-01    0.0000000000e+00    2.1790645545e-06    3.2263287908e-07    7.3651927445e-03    9.4247216580e-02    7.5890197700e-05    0.0000000000e+00
  32.5050000    4.0941597048e-06    5.1663698535e-07   -1.2803533830e-04    1.3049816774e-04    1.7660461210e-02    1.4509611957e-02    1.5478843002e-01    0.0000000000e+00    9.9999999993e-01    0.0000000000e+00    2.1925773430e-06    3.2414130140e-07    7.4096434753e-03    9.7206266768e-02    7.6394081532e-05    0.0000000000e+00
  33.0050000    4.0951188101e-06    5.1739275461e-07   -1.2811432999e-04    1.3036628288e-04    1.7670615356e-02    1.4510541568e-02    1.5872495436e-01    0.0000000000e+00    9.9999999993e-01    0.0000000000e+00    2.2017921054e-06    3.2264581146e-07    7.4395164194e-03    9.9163043198e-02    7.6841482964e-05    0.0000000000e+00
  33.5050000    4.0979747904e-06    5.1345882521e-07   -1.2815569264e-04    1.3024398704e-04    1.7680360044e-02    1.4518107913e-02    1.6115343193e-01    0.0000000000e+00    9.9999999993e-01    0.0000000000e+00    2.2131868742e-06    3.2320628158e-07    7.4767013237e-03    1.0162141093e-01    7.7291433080e-05    0.0000000000e+00
  34.0050000    4.1075583024e-06    5.1518208644e-07   -1.2813005729e-04    1.3018966073e-04    1.7695226796e-02    1.4549454713e-02    1.6397088337e-01    0.0000000000e+00    9.9999999993e-01    0.0000000000e+00    2.2275064422e-06    3.2347867482e-07    7.5237300080e-03    1.0314805155e-01    7.7755310878e-05    0.0000000000e+00
  34.5050000    4.1161177087e-06    5.1410508098e-07   -1.2804773473e-04    1.3022143978e-04    1.7702203781e-02    1.4577179738e-02    1.6909679059e-01    0.0000000000e+00    9.9999999993e-01    0.0000000000e+00    2.2423397087e-06    3.2508099727e-07    7.5724846078e-03    1.0718509503e-01    7.8204304112e-05    0.0000000000e+00
  35.0050000    4.1176497204e-06    5.0765236220e-07   -1.2794861866e-04    1.3030725097e-04    1.7700661869e-02    1.4580074919e-02    1.6935882834e-01    0.0000000000e+00    9.9999999993e-01    0.0000000000e+00    2.2543152886e-06    3.2479711188e-07    7.6116037350e-03    1.0849535125e-01    7.8699025411e-05    0.0000000000e+00
  35.5050000    4.1147215894e-06    5.0451433937e-07   -1.2788207574e-04    1.3038848105e-04    1.7695244803e-02    1.4567244352e-02    1.7081433373e-01    0.0000000000e+00    9.9999999993e-01    0.0000000000e+00    2.2627111556e-06    3.1939428251e-07    7.6386578046e-03    1.0824126455e-01    7.9184394343e-05    0.0000000000e+00
  36.0050000    4.1158005048e-06    4.9779005863e-07   -1.2787491272e-04    1.3041124381e-04    1.7695145766e-02    1.4568627602e-02    1.7254797500e-01    0.0000000000e+00    9.9999999993e-01    0.0000000000e+00    2.2718493320e-06    3.1799509902e-07    7.6682232700e-03    1.1012464793e-01    7.9644048681e-05    0.0000000000e+00
  36.5050000    4.1212497628e-06    4.8914915748e-07   -1.2791930464e-04    1.3035639036e-04    1.7702368659e-02    1.4585451103e-02    1.7343398417e-01    0.0000000000e+00    9.9999999993e-01    0.0000000000e+00    2.2857946483e-06    3.1376087856e-07    7.7139886103e-03    1.1098986140e-01    8.0080706093e-05    0.0000000000e+00
  37.0050000    4.1208476063e-06    4.8402658735e-07   -1.2797919588e-04    1.3024893303e-04    1.7698787393e-02    1.4581502958e-02    1.7251848890e-01    0.0000000000e+00    9.9999999993e-01    0.0000000000e+00    2.2933407004e-06    3.1412019805e-07    7.7381128687e-03    1.1158412592e-01    8.0489421387e-05    0.0000000000e+00
  37.5050000    4.1247432871e-06    4.8180275613e-07   -1.2801145459e-04    1.3014174884e-04    1.7705031276e-02    1.4592685994e-02    1.7443303269e-01    0.0000000000e+00    9.9999999993e-01    0.0000000000e+00    2.3059024434e-06    3.1142781141e-07    7.7791101405e-03    1.1221083769e-01    8.0878247287e-05    0.0000000000e+00
  38.0050000    4.1255202366e-06    4.6839891369e-07   -1.2799063356e-04    1.3008486563e-04    1.7703026064e-02    1.4592795591e-02    1.7163016067e-01    0.0000000000e+00    9.9999999993e-01    0.0000000000e+00    2.3146544524e-06    3.0678708295e-07    7.8072219606e-03    1.1147453141e-01    8.1273035045e-05    0.0000000000e+00
  38.5050000    4.1211769697e-06    4.5928309218e-07   -1.2792260449e-04    1.3009829483e-04    1.7694242305e-02    1.4574811041e-02    1.6739794306e-01    0.0000000000e+00    9.9999999993e-01    0.0000000000e+00    2.3189395258e-06    3.0253943800e-07    7.8202658499e-03    1.0905843772e-01    8.1685792307e-05    0.0000000000e+00
  39.0050000    4.1158794603e-06    4.5664298835e-07   -1.2783944129e-04    1.3016265684e-04    1.7686487821e-02    1.4553511568e-02    1.7036211557e-01    0.0000000000e+00    9.9999999993e-01    0.0000000000e+00    2.3350183143e-06    2.9186576725e-07    7.8730960520e-03    1.0767767842e-01    8.2093163857e-05    0.0000000000e+00
  39.5050000    4.1103680105e-06    4.3998550225e-07   -1.2777949010e-04    1.3022964262e-04    1.7683775933e-02    1.4531525365e-02    1.6623693374e-01    0.0000000000e+00    9.9999999993e-01    0.0000000000e+00    2.3431164180e-06    2.9222050930e-07    7.8990388024e-03    1.0861950836e-01    8.2540721209e-05    0.0000000000e+00
  40.0050000    4.1137032284e-06    4.2910041911e-07   -1.2776837835e-04    1.3025347490e-04    1.7687212800e-02    1.4540843972e-02    1.6314119179e-01    0.0000000000e+00    9.9999999993e-01    0.0000000000e+00    2.3502358636e-06    2.8924436040e-07    7.9216923092e-03    1.0799445391e-01    8.2930906020e-05    0.0000000000e+00
  40.5050000    4.1164258735e-06    4.1954317493e-07   -1.2779950420e-04    1.3021169562e-04    1.7683798656e-02    1.4547981735e-02    1.6033266619e-01    0.0000000000e+00    9.9999999993e-01    0.0000000000e+00    2.3591450615e-06    2.8313810967e-07    7.9503620065e-03    1.0608395859e-01    8.3309107556e-05    0.0000000000e+00
  41.0050000    4.1150024401e-06    4.1202069335e-07   -1.2784507840e-04    1.3011903940e-04    1.7673962238e-02    1.4540414913e-02    1.5663262777e-01    0.0000000000e+00    9.9999999993e-01    0.0000000000e+00    2.3650831479e-06    2.7889717148e-07    7.9689814112e-03    1.0384320171e-01    8.3727587698e-05    0.0000000000e+00
  41.5050000    4.1161524765e-06    4.0903435382e-07   -1.2787252276e-04    1.3002232537e-04    1.7674803617e-02    1.4541872784e-02    1.5644124772e-01    0.0000000000e+00    9.9999999993e-01    0.0000000000e+00    2.3761656887e-06    2.7338543227e-07    8.0048867101e-03    1.0225409593e-01    8.3995950028e-05    0.0000000000e+00
  42.0050000    4.1150834414e-06    3.9617871561e-07   -1.2785391530e-04    1.2996135715e-04    1.7670442957e-02    1.4535452127e-02    1.5265506855e-01    0.0000000000e+00    9.9999999993e-01    0.0000000000e+00    2.3836685541e-06    2.6827502206e-07    8.0286999113e-03    1.0087742385e-01    8.4388977216e-05    0.0000000000e+00
  42.5050000    4.1168811373e-06    3.8365174391e-07   -1.2779593976e-04    1.2996134911e-04    1.7672937414e-02    1.4539160139e-02    1.4900411138e-01    0.0000000000e+00    9.9999999993e-01    0.0000000000e+00    2.3930965535e-06    2.6281053628e-07    8.0589894982e-03    9.9356550912e-02    8.4755753196e-05    0.0000000000e+00
  43.0050000    4.1163528300e-06    3.7191719448e-07   -1.2772372348e-04    1.3000972234e-04    1.7670248986e-02    1.4534701055e-02    1.4381143277e-01    0.0000000000e+00    9.9999999993e-01    0.0000000000e+00    2.3985221243e-06    2.5694191345e-07    8.0758181177e-03    9.6586959864e-02    8.5097202141e-05    0.0000000000e+00
  43.5050000    4.1176890219e-06    3.6574735067e-07   -1.2766852540e-04    1.3006569952e-04    1.7668042322e-02    1.4536883947e-02    1.4138915845e-01    0.0000000000e+00    9.9999999993e-01    0.0000000000e+00    2.4062135211e-06    2.5249511951e-07    8.1003010343e-03    9.4929907401e-02    8.5486738018e-05    0.0000000000e+00
  44.0050000    4.1206009888e-06    3.5856594885e-07   -1.2765310674e-04    1.3008739617e-04    1.7670189853e-02    1.4544661681e-02    1.3966666209e-01    0.0000000000e+00    9.9999999993e-01    0.0000000000e+00    2.4138922384e-06    2.4871745257e-07    8.1247521215e-03    9.4322031004e-02    8.5856756715e-05    0.0000000000e+00
  44.5050000    4.1206187254e-06    3.5336176861e-07   -1.2767516703e-04    1.3005245372e-04    1.7668976875e-02    1.4542214006e-02    1.3603912246e-01    0.0000000000e+00    9.9999999993e-01    0.0000000000e+00    2.4240222460e-06    2.4211471150e-07    8.1574374094e-03    9.2385924990e-02    8.6196038491e-05    0.0000000000e+00
  45.0050000    4.1272017042e-06    3.5776507503e-07   -1.2771130264e-04    1.2997081848e-04    1.7668663723e-02    1.4562876282e-02    1.4495299891e-01    0.0000000000e+00    9.9999999993e-01    0.0000000000e+00    2.4352456874e-06    2.4917325409e-07    8.1937611434e-03    9.8898921588e-02    8.6520940823e-05    0.0000000000e+00
  45.5050000    4.1544715497e-06    3.4973449005e-07   -1.2773102487e-04    1.2987887376e-04    1.7704985770e-02    1.4656429560e-02    1.3853807125e-01    0.0000000000e+00    9.9999999993e-01    0.0000000000e+00    2.4542641584e-06    2.4692566680e-07    8.2562554638e-03    9.7194469343e-02    8.6835129190e-05    0.0000000000e+00
  46.0050000    4.1592323411e-06    3.6199007453e-07   -1.2771451832e-04    1.2981788257e-04    1.7690438462e-02    1.4670525519e-02    1.4560363843e-01    0.0000000000e+00    9.9999999993e-01    0.0000000000e+00    2.4577874898e-06    2.5667830020e-07    8.2665879985e-03    1.0103420869e-01    8.7134501096e-05    0.0000000000e+00
  46.5050000    4.1500006222e-06    3.5916841764e-07   -1.2766215732e-04    1.2980941663e-04    1.7727182413e-02    1.4635281841e-02    1.4577551732e-01    0.0000000000e+00    9.9999999993e-01    0.0000000000e+00    2.4819944136e-06    2.4912396228e-07    8.3464671760e-03    9.8315698059e-02    8.7458513843e-05    0.0000000000e+00
  47.0050000    4.1230728570e-06    3.3724129908e-07   -1.2759594312e-04    1.2984491147e-04    1.7701957720e-02    1.4537709236e-02    1.3773472543e-01    0.0000000000e+00    9.9999999993e-01    0.0000000000e+00    2.4824077918e-06    2.3681498773e-07    8.3463470441e-03    9.3702084598e-02    8.7801119737e-05    0.0000000000e+00
  47.5050000    4.1362734952e-06    3.2332983413e-07   -1.2754544299e-04    1.2989184180e-04    1.7695507656e-02    1.4581658783e-02    1.3171103709e-01    0.0000000000e+00    9.9999999993e-01    0.0000000000e+00    2.4764940569e-06    2.2700452927e-07    8.3249890981e-03    8.9467782346e-02    8.8094647717e-05    0.0000000000e+00
  48.0050000    4.1500921239e-06    3.1239419827e-07   -1.2752592855e-04    1.2990858034e-04    1.7701353004e-02    1.4627803814e-02    1.2710312792e-01    0.0000000000e+00    9.9999999993e-01    0.0000000000e+00    2.4809305106e-06    2.1749041068e-07    8.3384423978e-03    8.5500869835e-02    8.8466476248e-05    0.0000000000e+00
  48.5050000    4.1380291630e-06    3.0176688230e-07   -1.2754066616e-04    1.2987600271e-04    1.7690413647e-02    1.4582732323e-02    1.2256117847e-01    0.0000000000e+00    9.9999999993e-01    0.0000000000e+00    2.4882917891e-06    2.1167684815e-07    8.3617125988e-03    8.2974447801e-02    8.8784707653e-05    0.0000000000e+00
  49.0050000    4.1205704942e-06    2.9388145375e-07   -1.2756892336e-04    1.2980258946e-04    1.7673864261e-02    1.4518617735e-02    1.1905841355e-01    0.0000000000e+00    9.9999999993e-01    0.0000000000e+00    2.4954197691e-06    2.0706929628e-07    8.3841611959e-03    8.0896427284e-02    8.9008717929e-05    0.0000000000e+00
  49.5050000    4.1157463349e-06    2.8755316057e-07   -1.2758027037e-04    1.2971580657e-04    1.7667677801e-02    1.4498962107e-02    1.1629006872e-01    0.0000000000e+00    9.9999999993e-01    0.0000000000e+00    2.5029793155e-06    2.0260456524e-07    8.4080144700e-03    7.8965861044e-02    8.9352777719e-05    0.0000000000e+00
  50.0050000    4.1219303760e-06    2.8106853203e-07   -1.2756198515e-04    1.2965648717e-04    1.7669772582e-02    1.4518033538e-02    1.1320798120e-01    0.0000000000e+00    9.9999999993e-01    0.0000000000e+00    2.5096642055e-06    1.9932329803e-07    8.4288956824e-03    7.7322726113e-02    8.9614036833e-05    0.0000000000e+00
  50.5050000    4.1312607150e-06    2.7598838881e-07   -1.2751279580e-04    1.2964357579e-04    1.7675588393e-02    1.4548173893e-02    1.1112774118e-01    0.0000000000e+00    9.9999999993e-01    0.0000000000e+00    2.5175873945e-06    1.9497789699e-07    8.4539262160e-03    7.5581304057e-02    8.9874325829e-05    0.0000000000e+00
  51.0050000    4.1393098075e-06    2.7091668289e-07   -1.2745063436e-04    1.2966890961e-04    1.7680777293e-02    1.4573830728e-02    1.0858195104e-01    0.0000000000e+00    9.9999999993e-01    0.0000000000e+00    2.5250292244e-06    1.9219004265e-07    8.4773534548e-03    7.4118792031e-02    9.0195179984e-05    0.0000000000e+00
  51.5050000    4.1460338645e-06    2.6687730385e-07   -1.2740175513e-04    1.2970466238e-04    1.7684707284e-02    1.4594863568e-02    1.0694152746e-01    0.0000000000e+00    9.9999999993e-01    0.0000000000e+00    2.5333248675e-06    1.8880719701e-07    8.5036663238e-03    7.2774385766e-02    9.0487963908e-05    0.0000000000e+00
  52.0050000    4.1524592931e-06    2.6229645455e-07   -1.2738136312e-04    1.2971576076e-04    1.7685938800e-02    1.4614867018e-02    1.0450134528e-01    0.0000000000e+00    9.9999999993e-01    0.0000000000e+00    2.5405565046e-06    1.8699116546e-07    8.5264159506e-03    7.1622006966e-02    9.0787390424e-05    0.0000000000e+00
  52.5050000    4.1599679192e-06    2.5862490659e-07   -1.2738915144e-04    1.2968388993e-04    1.7688731062e-02    1.4638663782e-02    1.0307445417e-01    0.0000000000e+00    9.9999999993e-01    0.0000000000e+00    2.5491176096e-06    1.8304701842e-07    8.5536120846e-03    7.0123236783e-02    9.1050201897e-05    0.0000000000e+00
  53.0050000    4.1675497749e-06    2.5265021439e-07   -1.2740584135e-04    1.2961409487e-04    1.7689548086e-02    1.4662661574e-02    9.9880965428e-02    0.0000000000e+00    9.9999999993e-01    0.0000000000e+00    2.5561504498e-06    1.8129647026e-07    8.5756435453e-03    6.8848586623e-02    9.1348577925e-05    0.0000000000e+00
  53.5050000    4.1761366284e-06    2.4944367004e-07   -1.2741149591e-04    1.2953627672e-04    1.7691869778e-02    1.4690124363e-02    9.8763310234e-02    0.0000000000e+00    9.9999999993e-01    0.0000000000e+00    2.5641664546e-06    1.7699438260e-07    8.6009289939e-03    6.7316912152e-02    9.1558079349e-05    0.0000000000e+00
  54.0050000    4.1849155468e-06    2.4379624916e-07   -1.2738790653e-04    1.2947924568e-04    1.7694748042e-02    1.4718213284e-02    9.5826437404e-02    0.0000000000e+00    9.9999999993e-01    0.0000000000e+00    2.5715248956e-06    1.7498426384e-07    8.6239771006e-03    6.6030899057e-02    9.1855197343e-05    0.0000000000e+00
  54.5050000    4.1940838733e-06    2.4076493271e-07   -1.2733859311e-04    1.2946122572e-04    1.7698928191e-02    1.4747660671e-02    9.4575435790e-02    0.0000000000e+00    9.9999999993e-01    0.0000000000e+00    2.5794617266e-06    1.7156948971e-07    8.6489557621e-03    6.4694566796e-02    9.2116865488e-05    0.0000000000e+00
  55.0050000    4.2030644156e-06    2.3649345199e-07   -1.2728141737e-04    1.2947842854e-04    1.7702155061e-02    1.4776472196e-02    9.2424965400e-02    0.0000000000e+00    9.9999999993e-01    0.0000000000e+00    2.5870885061e-06    1.6990256800e-07    8.6729063806e-03    6.3709561576e-02    9.2341858050e-05    0.0000000000e+00
  55.5050000    4.2118238463e-06    2.3444007945e-07   -1.2723306425e-04    1.2950100565e-04    1.7707875109e-02    1.4804543557e-02    9.1378603235e-02    0.0000000000e+00    9.9999999993e-01    0.0000000000e+00    2.5951698065e-06    1.6711083365e-07    8.6983993763e-03    6.2491070427e-02    9.2688237569e-05    0.0000000000e+00
  56.0050000    4.2211451990e-06    2.3014057561e-07   -1.2721133282e-04    1.2950464640e-04    1.7711189529e-02    1.4834605790e-02    8.9153680463e-02    0.0000000000e+00    9.9999999993e-01    0.0000000000e+00    2.6029859501e-06    1.6610763308e-07    8.7230102803e-03    6.1706314977e-02    9.2926813946e-05    0.0000000000e+00
  56.5050000    4.2297609423e-06    2.2835894061e-07   -1.2721101061e-04    1.2947143465e-04    1.7713822959e-02    1.4862168244e-02    8.8385200339e-02    0.0000000000e+00    9.9999999993e-01    0.0000000000e+00    2.6106219982e-06    1.6330466415e-07    8.7470029365e-03    6.0614150984e-02    9.3191678455e-05    0.0000000000e+00
  57.0050000    4.2392634028e-06    2.2427471260e-07   -1.2721803717e-04    1.2940682622e-04    1.7720550335e-02    1.4892794062e-02    8.6334864714e-02    0.0000000000e+00    9.9999999993e-01    0.0000000000e+00    2.6189211109e-06    1.6132974047e-07    8.7731837463e-03    5.9534032944e-02    9.3457196457e-05    0.0000000000e+00
  57.5050000    4.2477884495e-06    2.2055359044e-07   -1.2721292142e-04    1.2933458323e-04    1.7724068438e-02    1.4919924016e-02    8.4482917652e-02    0.0000000000e+00    9.9999999993e-01    0.0000000000e+00    2.6258983230e-06    1.5932304048e-07    8.7948969876e-03    5.8493164590e-02    9.3687607535e-05    0.0000000000e+00
  58.0050000    4.2570202748e-06    2.1766474045e-07   -1.2718691986e-04    1.2928120145e-04    1.7728567536e-02    1.4949492009e-02    8.3227932972e-02    0.0000000000e+00    9.9999999993e-01    0.0000000000e+00    2.6340608851e-06    1.5687553677e-07    8.8205514847e-03    5.7482574693e-02    9.3915831510e-05    0.0000000000e+00
  58.5050000    4.2648717663e-06    2.1406189496e-07   -1.2716217349e-04    1.2926757347e-04    1.7731622093e-02    1.4974207529e-02    8.1352193980e-02    0.0000000000e+00    9.9999999993e-01    0.0000000000e+00    2.6412483945e-06    1.5523215261e-07    8.8429344189e-03    5.6521566866e-02    9.4178305312e-05    0.0000000000e+00
  59.0050000    4.2735685633e-06    2.1195130534e-07   -1.2713136816e-04    1.2929816635e-04    1.7735699585e-02    1.5001913740e-02    8.0026229145e-02    0.0000000000e+00    9.9999999993e-01    0.0000000000e+00    2.6493675855e-06    1.5299397129e-07    8.8684470367e-03    5.5337341287e-02    9.4441293775e-05    0.0000000000e+00
  59.5050000    4.2815468021e-06    2.0919899121e-07   -1.2711366583e-04    1.2933804577e-04    1.7741586392e-02    1.5027129873e-02    7.9087349183e-02    0.0000000000e+00    9.9999999993e-01    0.0000000000e+00    2.6566937740e-06    1.5219012643e-07    8.8913209773e-03    5.5111681998e-02    9.4638740362e-05    0.0000000000e+00
  60.0050000    4.2881674805e-06    2.0758396813e-07   -1.2711280676e-04    1.2935965600e-04    1.7747881380e-02    1.5047600691e-02    7.8008967505e-02    0.0000000000e+00    9.9999999993e-01    0.0000000000e+00    2.6650553038e-06    1.4978194427e-07    8.9176664253e-03    5.3913660925e-02    9.4955498309e-05    0.0000000000e+00
  60.5050000    4.2946754829e-06    2.0454568605e-07   -1.2713134698e-04    1.2935304751e-04    1.7749702613e-02    1.5067661773e-02    7.6433232115e-02    0.0000000000e+00    9.9999999993e-01    0.0000000000e+00    2.6722941111e-06    1.4951520905e-07    8.9402422443e-03    5.3500409495e-02    9.5192723177e-05    0.0000000000e+00
  61.0050000    4.3048175277e-06    2.0327075060e-07   -1.2715464745e-04    1.2932175149e-04    1.7754037012e-02    1.5100426037e-02    7.6085787633e-02    0.0000000000e+00    9.9999999993e-01    0.0000000000e+00    2.6801974779e-06    1.4719168380e-07    8.9650122560e-03    5.2763464062e-02    9.5351666845e-05    0.0000000000e+00
  61.5050000    4.3147258905e-06    2.0042989717e-07   -1.2716566161e-04    1.2927932753e-04    1.7759591320e-02    1.5132319062e-02    7.4399062052e-02    0.0000000000e+00    9.9999999993e-01    0.0000000000e+00    2.6877834101e-06    1.4646843337e-07    8.9886879843e-03    5.2056244727e-02    9.5665871840e-05    0.0000000000e+00
  62.0050000    4.3212634983e-06    1.9859170254e-07   -1.2715827831e-04    1.2925321556e-04    1.7765369538e-02    1.5152356647e-02    7.3238297736e-02    0.0000000000e+00    9.9999999993e-01    0.0000000000e+00    2.6953647581e-06    1.4492553744e-07    9.0123236003e-03    5.1172825957e-02    9.5840271304e-05    0.0000000000e+00
  62.5050000    4.3268851580e-06    1.9633001838e-07   -1.2713632008e-04    1.2925210073e-04    1.7769458609e-02    1.5169181132e-02    7.2376542470e-02    0.0000000000e+00    9.9999999993e-01    0.0000000000e+00    2.7031112065e-06    1.4362143109e-07    9.0365050273e-03    5.0691596549e-02    9.6046632310e-05    0.0000000000e+00
  63.0050000    4.3326017309e-06    1.9495285328e-07   -1.2710653596e-04    1.2927155413e-04    1.7772828287e-02    1.5186362980e-02    7.1747851395e-02    0.0000000000e+00    9.9999999993e-01    0.0000000000e+00    2.7103530171e-06    1.4266365258e-07    9.0590092949e-03    5.0278139314e-02    9.6330270033e-05    0.0000000000e+00
  63.5050000    4.3402129933e-06    1.9341313850e-07   -1.2708897000e-04    1.2929893222e-04    1.7778351915e-02    1.5210211596e-02    7.0363407789e-02    0.0000000000e+00    9.9999999993e-01    0.0000000000e+00    2.7177404677e-06    1.4146914039e-07    9.0820125704e-03    4.9284636409e-02    9.6528195731e-05    0.0000000000e+00
  64.0050000    4.3473972449e-06    1.9240710260e-07   -1.2708542384e-04    1.2931349881e-04    1.7782520030e-02    1.5232578187e-02    7.0268886415e-02    0.0000000000e+00    9.9999999993e-01    0.0000000000e+00    2.7248631835e-06    1.4103982594e-07    9.1041364103e-03    4.9334846471e-02    9.6744309497e-05    0.0000000000e+00
  64.5050000    4.3521707294e-06    1.9055124211e-07   -1.2709691422e-04    1.2930328168e-04    1.7786451643e-02    1.5246489567e-02    6.8922205751e-02    0.0000000000e+00    9.9999999993e-01    0.0000000000e+00    2.7325774991e-06    1.4020292566e-07    9.1282260599e-03    4.8566416970e-02    9.7031073537e-05    0.0000000000e+00
  65.0050000    4.3556216271e-06    1.9012623069e-07   -1.2711094115e-04    1.2927506141e-04    1.7786053840e-02    1.5255733893e-02    6.8310008983e-02    0.0000000000e+00    9.9999999993e-01    0.0000000000e+00    2.7397022225e-06    1.4010730309e-07    9.1503194571e-03    4.8204538452e-02    9.7173381365e-05    0.0000000000e+00
  65.5050000    4.3632960247e-06    1.8872533329e-07   -1.2711759747e-04    1.2923811199e-04    1.7793185872e-02    1.5279725265e-02    6.7823696236e-02    0.0000000000e+00    9.9999999993e-01    0.0000000000e+00    2.7476507122e-06    1.3870474412e-07    9.1751333764e-03    4.7730552079e-02    9.7390121399e-05    0.0000000000e+00
  66.0050000    4.3704075978e-06    1.8749847868e-07   -1.2710718643e-04    1.2920971044e-04    1.7799849912e-02    1.5301715450e-02    6.6961425792e-02    0.0000000000e+00    9.9999999993e-01    0.0000000000e+00    2.7548769852e-06    1.3869605269e-07    9.1975136782e-03    4.7424816766e-02    9.7645954495e-05    0.0000000000e+00
  66.5050000    4.3753783335e-06    1.8669685124e-07   -1.2708421542e-04    1.2920247169e-04    1.7806767766e-02    1.5316204747e-02    6.6426174911e-02    0.0000000000e+00    9.9999999993e-01    0.0000000000e+00    2.7625530700e-06    1.3694461051e-07    9.2213866990e-03    4.6647011379e-02    9.7816347645e-05    0.0000000000e+00
  67.0050000    4.3809332651e-06    1.8393883165e-07   -1.2705930216e-04    1.2921294478e-04    1.7811213299e-02    1.5332755860e-02    6.5052740244e-02    0.0000000000e+00    9.9999999993e-01    0.0000000000e+00    2.7698359098e-06    1.3705379344e-07    9.2439523331e-03    4.6400061962e-02    9.7990226651e-05    0.0000000000e+00
  67.5050000    4.3844922785e-06    1.8383928513e-07   -1.2703764291e-04    1.2922666180e-04    1.7816908270e-02    1.5342349572e-02    6.4969767507e-02    0.0000000000e+00    9.9999999993e-01    0.0000000000e+00    2.7769777679e-06    1.3604365568e-07    9.2660580184e-03    4.6028830998e-02    9.8309352510e-05    0.0000000000e+00
  68.0050000    4.3883979009e-06    1.8359305552e-07   -1.2703224932e-04    1.2923622609e-04    1.7821822436e-02    1.5353171743e-02    6.4509290644e-02    0.0000000000e+00    9.9999999993e-01    0.0000000000e+00    2.7841549512e-06    1.3588739717e-07    9.2882852014e-03    4.5709786125e-02    9.8406327688e-05    0.0000000000e+00
  68.5050000    4.3955386271e-06    1.8287151263e-07   -1.2703577105e-04    1.2922418140e-04    1.7827012296e-02    1.5375304820e-02    6.4324212459e-02    0.0000000000e+00    9.9999999993e-01    0.0000000000e+00    2.7916107814e-06    1.3527867174e-07    9.3114343460e-03    4.5557144864e-02    9.8680414723e-05    0.0000000000e+00
  69.0050000    4.4049367689e-06    1.8169456122e-07   -1.2704038850e-04    1.2919631227e-04    1.7834569589e-02    1.5405300362e-02    6.3232877250e-02    0.0000000000e+00    9.9999999993e-01    0.0000000000e+00    2.7986535218e-06    1.3574729886e-07    9.3331839245e-03    4.5227913861e-02    9.8872562884e-05    0.0000000000e+00
  69.5050000    4.4103228925e-06    1.8240577676e-07   -1.2704260553e-04    1.2916161471e-04    1.7840289850e-02    1.5421227573e-02    6.3413330660e-02    0.0000000000e+00    9.9999999993e-01    0.0000000000e+00    2.8057104345e-06    1.3503768593e-07    9.3549532709e-03    4.4952356799e-02    9.9008770512e-05    0.0000000000e+00
  70.0050000    4.4147895741e-06    1.8064474505e-07   -1.2702628107e-04    1.2912914710e-04    1.7848691558e-02    1.5433915527e-02    6.2461821594e-02    0.0000000000e+00    9.9999999993e-01    0.0000000000e+00    2.8134167981e-06    1.3447399086e-07    9.3788672797e-03    4.4519043225e-02    9.9292020459e-05    0.0000000000e+00
  70.5050000    4.4189577369e-06    1.8110977133e-07   -1.2700414395e-04    1.2911539895e-04    1.7852387452e-02    1.5445552828e-02    6.2363486695e-02    0.0000000000e+00    9.9999999993e-01    0.0000000000e+00    2.8197952097e-06    1.3540585291e-07    9.3983449201e-03    4.4658781342e-02    9.9379348840e-05    0.0000000000e+00
  71.0050000    4.4260767931e-06    1.8211932277e-07   -1.2697616809e-04    1.2911338287e-04    1.7862167848e-02    1.5467509991e-02    6.2626084032e-02    0.0000000000e+00    9.9999999993e-01    0.0000000000e+00    2.8271687972e-06    1.3479318607e-07    9.4211399606e-03    4.4403233734e-02    9.9654606429e-05    0.0000000000e+00
  71.5050000    4.4329322972e-06    1.8221269571e-07   -1.2695266929e-04    1.2912129890e-04    1.7869904862e-02    1.5488563107e-02    6.2342920676e-02    0.0000000000e+00    9.9999999993e-01    0.0000000000e+00    2.8344427854e-06    1.3590207609e-07    9.4436097483e-03    4.4550104243e-02    9.9773481909e-05    0.0000000000e+00
  72.0050000    4.4368317145e-06    1.8352467939e-07   -1.2694040290e-04    1.2911882765e-04    1.7876889873e-02    1.5499298430e-02    6.2557111544e-02    0.0000000000e+00    9.9999999993e-01    0.0000000000e+00    2.8415087543e-06    1.3656091999e-07    9.4653869055e-03    4.4603395685e-02    1.0012443851e-04    0.0000000000e+00
  72.5050000    4.4394614981e-06    1.8451574757e-07   -1.2693802194e-04    1.2910956182e-04    1.7882300598e-02    1.5505592372e-02    6.2613684327e-02    0.0000000000e+00    9.9999999993e-01    0.0000000000e+00    2.8487444617e-06    1.3703223268e-07    9.4877187384e-03    4.4556105819e-02    1.0007730428e-04    0.0000000000e+00
  73.0050000    4.4450099971e-06    1.8574855094e-07   -1.2693534210e-04    1.2907704688e-04    1.7890494307e-02    1.5522052712e-02    6.2937595369e-02    0.0000000000e+00    9.9999999993e-01    0.0000000000e+00    2.8560266933e-06    1.3729774569e-07    9.5101842567e-03    4.4576209685e-02    1.0042894249e-04    0.0000000000e+00
  73.5050000    4.4509552846e-06    1.8565228200e-07   -1.2692972387e-04    1.2903963541e-04    1.7899631671e-02    1.5539859718e-02    6.2641032627e-02    0.0000000000e+00    9.9999999993e-01    0.0000000000e+00    2.8628942320e-06    1.3845520267e-07    9.5312411250e-03    4.4766910953e-02    1.0061425874e-04    0.0000000000e+00
  74.0050000    4.4543959164e-06    1.8723701768e-07   -1.2691592776e-04    1.2900741765e-04    1.7905850674e-02    1.5548893816e-02    6.2899356823e-02    0.0000000000e+00    9.9999999993e-01    0.0000000000e+00    2.8698287254e-06    1.3783659650e-07    9.5524973061e-03    4.4367136347e-02    1.0065661516e-04    0.0000000000e+00
  74.5050000    4.4593244477e-06    1.8636421917e-07   -1.2688978368e-04    1.2898099511e-04    1.7914982259e-02    1.5563110669e-02    6.2078126777e-02    0.0000000000e+00    9.9999999993e-01    0.0000000000e+00    2.8768959712e-06    1.3825719616e-07    9.5741838204e-03    4.4127823837e-02    1.0096375065e-04    0.0000000000e+00
  75.0050000    4.4640020441e-06    1.8819031937e-07   -1.2686140452e-04    1.2897210745e-04    1.7920803198e-02    1.5576457351e-02    6.2638204477e-02    0.0000000000e+00    9.9999999993e-01    0.0000000000e+00    2.8834231861e-06    1.3897830892e-07    9.5940718952e-03    4.4329170799e-02    1.0108626047e-04    0.0000000000e+00
  75.5050000    4.4665807517e-06    1.8805129841e-07   -1.2683163087e-04    1.2897202659e-04    1.7928655211e-02    1.5582502008e-02    6.2303833829e-02    0.0000000000e+00    9.9999999993e-01    0.0000000000e+00    2.8903786421e-06    1.3910876323e-07    9.6153914553e-03    4.4164748779e-02    1.0121135156e-04    0.0000000000e+00
  76.0050000    4.4696857060e-06    1.8945464167e-07   -1.2681100221e-04    1.2896616604e-04    1.7933700798e-02    1.5590401532e-02    6.2612211815e-02    0.0000000000e+00    9.9999999993e-01    0.0000000000e+00    2.8971211999e-06    1.3939926515e-07    9.6360085066e-03    4.4146185350e-02    1.0153764267e-04    0.0000000000e+00
  76.5050000    4.4763600195e-06    1.8940855761e-07   -1.2679587878e-04    1.2895438383e-04    1.7940386068e-02    1.5610747601e-02    6.2573514155e-02    0.0000000000e+00    9.9999999993e-01    0.0000000000e+00    2.9038440115e-06    1.4072167858e-07    9.6565551431e-03    4.4555294230e-02    1.0155226944e-04    0.0000000000e+00
  77.0050000    4.4816297305e-06    1.9170569417e-07   -1.2678853286e-04    1.2892124282e-04    1.7947314128e-02    1.5626176628e-02    6.2513212414e-02    0.0000000000e+00    9.9999999993e-01    0.0000000000e+00    2.9105771583e-06    1.4030581589e-07    9.6771202856e-03    4.3846150464e-02    1.0183539164e-04    0.0000000000e+00
  77.5050000    4.4854431146e-06    1.9182793233e-07   -1.2677458416e-04    1.2888006523e-04    1.7956070965e-02    1.5636496994e-02    6.2470729743e-02    0.0000000000e+00    9.9999999993e-01    0.0000000000e+00    2.9175126402e-06    1.4167825491e-07    9.6983333094e-03    4.4215428922e-02    1.0198747470e-04    0.0000000000e+00
  78.0050000    4.4890941964e-06    1.9367304171e-07   -1.2675446598e-04    1.2883945401e-04    1.7964508261e-02    1.5646221637e-02    6.2991131915e-02    0.0000000000e+00    9.9999999993e-01    0.0000000000e+00    2.9241862584e-06    1.4223508167e-07    9.7186517163e-03    4.4341112624e-02    1.0206464297e-04    0.0000000000e+00
  78.5050000    4.4936496642e-06    1.9502002098e-07   -1.2672482958e-04    1.2880477012e-04    1.7973634288e-02    1.5659081817e-02    6.3297655886e-02    0.0000000000e+00    9.9999999993e-01    0.0000000000e+00    2.9310877549e-06    1.4254192175e-07    9.7397123206e-03    4.4343416620e-02    1.0234986221e-04    0.0000000000e+00
  79.0050000    4.4990780982e-06    1.9582358356e-07   -1.2669143264e-04    1.2878870637e-04    1.7980047769e-02    1.5674987750e-02    6.3453225228e-02    0.0000000000e+00    9.9999999993e-01    0.0000000000e+00    2.9377429618e-06    1.4377156518e-07    9.7599528785e-03    4.4656383157e-02    1.0242106367e-04    0.0000000000e+00
  79.5050000    4.5044939030e-06    1.9779322512e-07   -1.2665717307e-04    1.2877377687e-04    1.7988223101e-02    1.5690861898e-02    6.3638376768e-02    0.0000000000e+00    9.9999999993e-01    0.0000000000e+00    2.9445649416e-06    1.4390913906e-07    9.7807509798e-03    4.4387350826e-02    1.0273483518e-04    0.0000000000e+00
  80.0050000    4.5088681334e-06    1.9898344008e-07   -1.2663423139e-04    1.2876753693e-04    1.7994745217e-02    1.5703118694e-02    6.3720409757e-02    0.0000000000e+00    9.9999999993e-01    0.0000000000e+00    2.9511951379e-06    1.4495899045e-07    9.8009138565e-03    4.4498273728e-02    1.0273197168e-04    0.0000000000e+00
  80.5050000    4.5133408085e-06    2.0005685312e-07   -1.2661092087e-04    1.2874084578e-04    1.8002736391e-02    1.5715717154e-02    6.3764106261e-02    0.0000000000e+00    9.9999999993e-01    0.0000000000e+00    2.9577897230e-06    1.4585100276e-07    9.8209531043e-03    4.4567076084e-02    1.0303726397e-04    0.0000000000e+00
  81.0050000    4.5176908593e-06    2.0160284251e-07   -1.2659541039e-04    1.2870783106e-04    1.8012506537e-02    1.5727869182e-02    6.4381960061e-02    0.0000000000e+00    9.9999999993e-01    0.0000000000e+00    2.9645312894e-06    1.4601037746e-07    9.8414633499e-03    4.4709290338e-02    1.0319898957e-04    0.0000000000e+00
  81.5050000    4.5226408016e-06    2.0394140451e-07   -1.2657529462e-04    1.2866403557e-04    1.8018043387e-02    1.5742079849e-02    6.4828990041e-02    0.0000000000e+00    9.9999999993e-01    0.0000000000e+00    2.9709238958e-06    1.4732957435e-07    9.8607924506e-03    4.4910402063e-02    1.0329791393e-04    0.0000000000e+00
  82.0050000    4.5274955566e-06    2.0494112533e-07   -1.2655120951e-04    1.2861631912e-04    1.8027545915e-02    1.5755934133e-02    6.4869822333e-02    0.0000000000e+00    9.9999999993e-01    0.0000000000e+00    2.9774640124e-06    1.4863790895e-07    9.8805912020e-03    4.5117656774e-02    1.0350997577e-04    0.0000000000e+00
  82.5050000    4.5317393682e-06    2.0732939673e-07   -1.2655084667e-04    1.2859431999e-04    1.8038238330e-02    1.5767650559e-02    6.5374751660e-02    0.0000000000e+00    9.9999999993e-01    0.0000000000e+00    2.9842185013e-06    1.4896964682e-07    9.9010888812e-03    4.5053341583e-02    1.0366927554e-04    0.0000000000e+00
  83.0050000    4.5363234786e-06    2.0969002365e-07   -1.2654279121e-04    1.2860447968e-04    1.8048819997e-02    1.5780558760e-02    6.5952820939e-02    0.0000000000e+00    9.9999999993e-01    0.0000000000e+00    2.9908270138e-06    1.5019794414e-07    9.9211024933e-03    4.5317499166e-02    1.0381914142e-04    0.0000000000e+00
  83.5050000    4.5412407115e-06    2.1174957399e-07   -1.2653778615e-04    1.2862200678e-04    1.8055009429e-02    1.5794644933e-02    6.6449173308e-02    0.0000000000e+00    9.9999999993e-01    0.0000000000e+00    2.9970414274e-06    1.5226027839e-07    9.9398169735e-03    4.5837280960e-02    1.0401221663e-04    0.0000000000e+00
  84.0050000    4.5465811912e-06    2.1491468821e-07   -1.2653395254e-04    1.2864085558e-04    1.8064971825e-02    1.5810221136e-02    6.7183079238e-02    0.0000000000e+00    9.9999999993e-01    0.0000000000e+00    3.0039136092e-06    1.5347361960e-07    9.9607203015e-03    4.6040155150e-02    1.0411820354e-04    0.0000000000e+00
  84.5050000    4.5512305650e-06    2.1834119942e-07   -1.2654261184e-04    1.2864713282e-04    1.8074786479e-02    1.5823399624e-02    6.8096577784e-02    0.0000000000e+00    9.9999999993e-01    0.0000000000e+00    3.0103765044e-06    1.5456968416e-07    9.9802654821e-03    4.6267406949e-02    1.0437823174e-04    0.0000000000e+00
  85.0050000    4.5571041585e-06    2.2048274024e-07   -1.2655143023e-04    1.2864327512e-04    1.8083812316e-02    1.5840817771e-02    6.8597611183e-02    0.0000000000e+00    9.9999999993e-01    0.0000000000e+00    3.0168665772e-06    1.5663852068e-07    9.9998871844e-03    4.6781648310e-02    1.0446718719e-04    0.0000000000e+00
  85.5050000    4.5629117676e-06    2.2398219183e-07   -1.2655883898e-04    1.2862826920e-04    1.8093896725e-02    1.5857977167e-02    6.9450591142e-02    0.0000000000e+00    9.9999999993e-01    0.0000000000e+00    3.0233279188e-06    1.5833807370e-07    1.0019391785e-02    4.7139608893e-02    1.0461517898e-04    0.0000000000e+00
  86.0050000    4.5687187189e-06    2.2698267593e-07   -1.2655936670e-04    1.2861039384e-04    1.8103666453e-02    1.5875104413e-02    7.0194539926e-02    0.0000000000e+00    9.9999999993e-01    0.0000000000e+00    3.0298551570e-06    1.6002411890e-07    1.0039092515e-02    4.7526844147e-02    1.0485340391e-04    0.0000000000e+00
  86.5050000    4.5747515514e-06    2.3091173770e-07   -1.2654994327e-04    1.2860402936e-04    1.8111042911e-02    1.5893001226e-02    7.1345135283e-02    0.0000000000e+00    9.9999999993e-01    0.0000000000e+00    3.0363450649e-06    1.6149886534e-07    1.0058656716e-02    4.7934535638e-02    1.0489691273e-04    0.0000000000e+00
  87.0050000    4.5812770222e-06    2.3403629473e-07   -1.2653727750e-04    1.2860498070e-04    1.8120673498e-02    1.5912612588e-02    7.1994805288e-02    0.0000000000e+00    9.9999999993e-01    0.0000000000e+00    3.0428566883e-06    1.6371688959e-07    1.0078292103e-02    4.8387740902e-02    1.0511598957e-04    0.0000000000e+00
  87.5050000    4.5873949010e-06    2.3633964397e-07   -1.2652573422e-04    1.2861435298e-04    1.8130941651e-02    1.5930823815e-02    7.2600755219e-02    0.0000000000e+00    9.9999999993e-01    0.0000000000e+00    3.0493136391e-06    1.6528078027e-07    1.0097753186e-02    4.8793380892e-02    1.0525106015e-04    0.0000000000e+00
  88.0050000    4.5953439395e-06    2.4086660743e-07   -1.2652141281e-04    1.2862150594e-04    1.8141666027e-02    1.5955404306e-02    7.3827669510e-02    0.0000000000e+00    9.9999999993e-01    0.0000000000e+00    3.0555596636e-06    1.6789355874e-07    1.0116521196e-02    4.9473002848e-02    1.0541496760e-04    0.0000000000e+00
  88.5050000    4.6023943985e-06    2.4396892912e-07   -1.2652283352e-04    1.2861990127e-04    1.8160148701e-02    1.5976860635e-02    7.4584892740e-02    0.0000000000e+00    9.9999999993e-01    0.0000000000e+00    3.0630241284e-06    1.6826988291e-07    1.0139317358e-02    4.9532417067e-02    1.0557149376e-04    0.0000000000e+00
  89.0050000    4.6007154581e-06    2.4818809172e-07   -1.2652458699e-04    1.2860769120e-04    1.8160078456e-02    1.5968004211e-02    7.5974331805e-02    0.0000000000e+00    9.9999999993e-01    0.0000000000e+00    3.0689511289e-06    1.7158493284e-07    1.0157007702e-02    5.0546784457e-02    1.0571032493e-04    0.0000000000e+00
  89.5050000    4.6093365955e-06    2.5197331760e-07   -1.2652134738e-04    1.2858839089e-04    1.8164745419e-02    1.5994861268e-02    7.6899829040e-02    0.0000000000e+00    9.9999999993e-01    0.0000000000e+00    3.0756057047e-06    1.7475279027e-07    1.0177083890e-02    5.1415885239e-02    1.0584249984e-04    0.0000000000e+00
  90.0050000    4.6349070414e-06    2.5773958697e-07   -1.2651160043e-04    1.2856801639e-04    1.8189144145e-02    1.6080478830e-02    7.8594828820e-02    0.0000000000e+00    9.9999999993e-01    0.0000000000e+00    3.0818510372e-06    1.7881254607e-07    1.0195786853e-02    5.2529743659e-02    1.0601689714e-04    0.0000000000e+00
  90.5050000    4.6513624589e-06    2.6509561323e-07   -1.2649596669e-04    1.2855417855e-04    1.8234792133e-02    1.6134449626e-02    8.0665216193e-02    0.0000000000e+00    9.9999999993e-01    0.0000000000e+00    3.0921353958e-06    1.8187082432e-07    1.0227838601e-02    5.3319079284e-02    1.0615199452e-04    0.0000000000e+00
  91.0050000    4.6317701665e-06    2.6327907917e-07   -1.2647745281e-04    1.2854815744e-04    1.8233486799e-02    1.6063427715e-02    7.9982438288e-02    0.0000000000e+00    9.9999999993e-01    0.0000000000e+00    3.0983856668e-06    1.8206373994e-07    1.0246546354e-02    5.3250340652e-02    1.0626557871e-04    0.0000000000e+00
  91.5050000    4.6148129709e-06    2.6731111347e-07   -1.2646097269e-04    1.2854509945e-04    1.8214748247e-02    1.6001587429e-02    8.1220114499e-02    0.0000000000e+00    9.9999999993e-01    0.0000000000e+00    3.1017540797e-06    1.8187606463e-07    1.0255732074e-02    5.3207486598e-02    1.0643516266e-04    0.0000000000e+00
  92.0050000    4.6262509260e-06    2.6505283557e-07   -1.2645006171e-04    1.2854052532e-04    1.8214443034e-02    1.6038201069e-02    8.0332510477e-02    0.0000000000e+00    9.9999999993e-01    0.0000000000e+00    3.1064166161e-06    1.8271013651e-07    1.0269202185e-02    5.3299795892e-02    1.0658644859e-04    0.0000000000e+00
  92.5050000    4.6446755060e-06    2.6726620882e-07   -1.2644256550e-04    1.2852974083e-04    1.8234584372e-02    1.6099015994e-02    8.0821015533e-02    0.0000000000e+00    9.9999999993e-01    0.0000000000e+00    3.1131167139e-06    1.8184232913e-07    1.0289404162e-02    5.2937230763e-02    1.0670110745e-04    0.0000000000e+00
  93.0050000    4.6558169166e-06    2.6732244676e-07   -1.2643461472e-04    1.2850949703e-04    1.8253155746e-02    1.6134566480e-02    8.0640312883e-02    0.0000000000e+00    9.9999999993e-01    0.0000000000e+00    3.1193087949e-06    1.8445331352e-07    1.0307914607e-02    5.3552209811e-02    1.0686250846e-04    0.0000000000e+00
  93.5050000    4.6617828802e-06    2.7094921214e-07   -1.2642394280e-04    1.2848350261e-04    1.8263366908e-02    1.6152159826e-02    8.1666262155e-02    0.0000000000e+00    9.9999999993e-01    0.0000000000e+00    3.1254272773e-06    1.8363429307e-07    1.0326164421e-02    5.3286176043e-02    1.0700417161e-04    0.0000000000e+00
  94.0050000    4.6703399924e-06    2.6910320646e-07   -1.2640720681e-04    1.2845716976e-04    1.8271526401e-02    1.6178706565e-02    8.1006021613e-02    0.0000000000e+00    9.9999999993e-01    0.0000000000e+00    3.1311233815e-06    1.8539110300e-07    1.0343003458e-02    5.3707555697e-02    1.0710140052e-04    0.0000000000e+00
  94.5050000    4.6787251104e-06    2.7297590448e-07   -1.2638398442e-04    1.2843351421e-04    1.8280633161e-02    1.6204643999e-02    8.1635195561e-02    0.0000000000e+00    9.9999999993e-01    0.0000000000e+00    3.1364209288e-06    1.8616619866e-07    1.0358517604e-02    5.3598436011e-02    1.0724909645e-04    0.0000000000e+00
  95.0050000    4.6852883979e-06    2.7264832860e-07   -1.2635736420e-04    1.2841560258e-04    1.8292652652e-02    1.6224272691e-02    8.1720770152e-02    0.0000000000e+00    9.9999999993e-01    0.0000000000e+00    3.1430907002e-06    1.8568928066e-07    1.0378561684e-02    5.3561952407e-02    1.0739886086e-04    0.0000000000e+00
  95.5050000    4.6914599911e-06    2.7212091226e-07   -1.2633188301e-04    1.2840208838e-04    1.8303042507e-02    1.6242553064e-02    8.1285512376e-02    0.0000000000e+00    9.9999999993e-01    0.0000000000e+00    3.1487402675e-06    1.8762027063e-07    1.0395239932e-02    5.3936564645e-02    1.0751668056e-04    0.0000000000e+00
  96.0050000    4.6978598117e-06    2.7430642990e-07   -1.2631117961e-04    1.2838701983e-04    1.8316150779e-02    1.6261627568e-02    8.1865916943e-02    0.0000000000e+00    9.9999999993e-01    0.0000000000e+00    3.1550592866e-06    1.8708376119e-07    1.0414128535e-02    5.3736219198e-02    1.0765027151e-04    0.0000000000e+00
  96.5050000    4.7025871015e-06    2.7535088290e-07   -1.2629359425e-04    1.2836578738e-04    1.8325065232e-02    1.6274908202e-02    8.1863132839e-02    0.0000000000e+00    9.9999999993e-01    0.0000000000e+00    3.1603102640e-06    1.8840565652e-07    1.0429485795e-02    5.3907146742e-02    1.0778187380e-04    0.0000000000e+00
  97.0050000    4.7084732303e-06    2.7482768012e-07   -1.2627661443e-04    1.2833682755e-04    1.8338224608e-02    1.6292179577e-02    8.1966435582e-02    0.0000000000e+00    9.9999999993e-01    0.0000000000e+00    3.1671143518e-06    1.8734810072e-07    1.0449952885e-02    5.3757943791e-02    1.0790625983e-04    0.0000000000e+00
  97.5050000    4.7141686972e-06    2.7298001346e-07   -1.2625692494e-04    1.2830261125e-04    1.8345639725e-02    1.6308763349e-02    8.0781562464e-02    0.0000000000e+00    9.9999999993e-01    0.0000000000e+00    3.1720154382e-06    1.8954331912e-07    1.0464121217e-02    5.3960097897e-02    1.0803243723e-04    0.0000000000e+00
  98.0050000    4.7208554620e-06    2.7679066199e-07   -1.2623066749e-04    1.2826792090e-04    1.8354754252e-02    1.6328748858e-02    8.1819433277e-02    0.0000000000e+00    9.9999999993e-01    0.0000000000e+00    3.1778565025e-06    1.8896164446e-07    1.0481371390e-02    5.3747342099e-02    1.0817841942e-04    0.0000000000e+00
  98.5050000    4.7258735986e-06    2.7537806421e-07   -1.2619837656e-04    1.2823739543e-04    1.8365499583e-02    1.6342949361e-02    8.1354123144e-02    0.0000000000e+00    9.9999999993e-01    0.0000000000e+00    3.1838229526e-06    1.8820411459e-07    1.0499022943e-02    5.3481042141e-02    1.0830077755e-04    0.0000000000e+00
  99.0050000    4.7308202479e-06    2.7336053145e-07   -1.2616387205e-04    1.2821120194e-04    1.8375038837e-02    1.6356903606e-02    8.0607762014e-02    0.0000000000e+00    9.9999999993e-01    0.0000000000e+00    3.1892590754e-06    1.8883859057e-07    1.0514923465e-02    5.3549639212e-02    1.0843578627e-04    0.0000000000e+00
  99.5050000    4.7357332077e-06    2.7384190340e-07   -1.2613081013e-04    1.2818681465e-04    1.8383305172e-02    1.6370752040e-02    8.0459747476e-02    0.0000000000e+00    9.9999999993e-01    0.0000000000e+00    3.1946901845e-06    1.8933021305e-07    1.0530811627e-02    5.3498376161e-02    1.0860101135e-04    0.0000000000e+00
 100.0050000    4.7400817491e-06    2.7574760367e-07   -1.2610001891e-04    1.2816122533e-04    1.8392568956e-02    1.6382659769e-02    8.0936132844e-02    0.0000000000e+00    9.9999999993e-01    0.0000000000e+00    3.2008540066e-06    1.8815985964e-07    1.0549117790e-02    5.3111616216e-02    1.0871792939e-04    0.0000000000e+00
 100.5050000    4.7447851600e-06    2.7164189233e-07   -1.2609066362e-04    1.2812918159e-04    1.8403745531e-02    1.6395793402e-02    7.9674729188e-02    0.0000000000e+00    9.9999999993e-01    0.0000000000e+00    3.2061944373e-06    1.8898396639e-07    1.0564707030e-02    5.3282358592e-02    1.0886205838e-04    0.0000000000e+00
 101.0050000    4.7494104047e-06    2.7333572801e-07   -1.2610347725e-04    1.2812480923e-04    1.8409132973e-02    1.6408644256e-02    7.9889470610e-02    0.0000000000e+00    9.9999999993e-01    0.0000000000e+00    3.2112150153e-06    1.8883087827e-07    1.0579231682e-02    5.3062381781e-02    1.0900576265e-04    0.0000000000e+00
 101.5050000    4.7557081681e-06    2.7296702586e-07   -1.2611306045e-04    1.2812485838e-04    1.8417710942e-02    1.6427250635e-02    7.9668345064e-02    0.0000000000e+00    9.9999999993e-01    0.0000000000e+00    3.2172192302e-06    1.8797153849e-07    1.0596980521e-02    5.2733488120e-02    1.0912722822e-04    0.0000000000e+00
 102.0050000    4.7611399128e-06    2.7010274574e-07   -1.2611758859e-04    1.2812389006e-04    1.8427864768e-02    1.6442845055e-02    7.8551925250e-02    0.0000000000e+00    9.9999999993e-01    0.0000000000e+00    3.2226743250e-06    1.8785764997e-07    1.0612904851e-02    5.2496761535e-02    1.0926134091e-04    0.0000000000e+00
 102.5050000    4.7640026972e-06    2.7040266320e-07   -1.2611729625e-04    1.2812557969e-04    1.8436321310e-02    1.6449558735e-02    7.8413788132e-02    0.0000000000e+00    9.9999999993e-01    0.0000000000e+00    3.2276813186e-06    1.8835292598e-07    1.0627343418e-02    5.2484787610e-02    1.0939118950e-04    0.0000000000e+00
 103.0050000    4.7690467262e-06    2.7049392253e-07   -1.2611535002e-04    1.2813029009e-04    1.8445413136e-02    1.6463800787e-02    7.8205586435e-02    0.0000000000e+00    9.9999999993e-01    0.0000000000e+00    3.2336465079e-06    1.8715793588e-07    1.0644932220e-02    5.1992736073e-02    1.0952937043e-04    0.0000000000e+00
 103.5050000    4.7741842268e-06    2.6913038854e-07   -1.2611425271e-04    1.2813682791e-04    1.8453629456e-02    1.6478368617e-02    7.7736333328e-02    0.0000000000e+00    9.9999999993e-01    0.0000000000e+00    3.2387609525e-06    1.8760273928e-07    1.0659720160e-02    5.2054646884e-02    1.0964102676e-04    0.0000000000e+00
 104.0050000    4.7789879185e-06    2.6752617884e-07   -1.2611459357e-04    1.2814118376e-04    1.8463096926e-02    1.6491787086e-02    7.7241544358e-02    0.0000000000e+00    9.9999999993e-01    0.0000000000e+00    3.2444072242e-06    1.8645305360e-07    1.0676257374e-02    5.1710720094e-02    1.0978796554e-04    0.0000000000e+00
 104.5050000    4.7827218503e-06    2.6814303966e-07   -1.2611761632e-04    1.2814230850e-04    1.8471411374e-02    1.6501510314e-02    7.7092633628e-02    0.0000000000e+00    9.9999999993e-01    0.0000000000e+00    3.2493257690e-06    1.8747831215e-07    1.0690394161e-02    5.1771080830e-02    1.0991991839e-04    0.0000000000e+00
 105.0050000    4.7883929823e-06    2.6717369122e-07   -1.2611980694e-04    1.2814011071e-04    1.8481159284e-02    1.6517902841e-02    7.6605026992e-02    0.0000000000e+00    9.9999999993e-01    0.0000000000e+00    3.2550309803e-06    1.8572998649e-07    1.0707107928e-02    5.1141564429e-02    1.1001189724e-04    0.0000000000e+00
 105.5050000    4.7942383056e-06    2.6539916498e-07   -1.2611801099e-04    1.2813288187e-04    1.8489993869e-02    1.6534879746e-02    7.5882779648e-02    0.0000000000e+00    9.9999999993e-01    0.0000000000e+00    3.2603231257e-06    1.8647044769e-07    1.0722450512e-02    5.1189560535e-02    1.1018094973e-04    0.0000000000e+00
 106.0050000    4.7983883215e-06    2.6617755753e-07   -1.2611210803e-04    1.2812478337e-04    1.8497843034e-02    1.6545998730e-02    7.5877367262e-02    0.0000000000e+00    9.9999999993e-01    0.0000000000e+00    3.2653022544e-06    1.8588095387e-07    1.0736753427e-02    5.0876158816e-02    1.1028018038e-04    0.0000000000e+00
 106.5050000    4.8032875361e-06    2.6449929026e-07   -1.2610271257e-04    1.2811572769e-04    1.8507604619e-02    1.6559695979e-02    7.5283801091e-02    0.0000000000e+00    9.9999999993e-01    0.0000000000e+00    3.2710542044e-06    1.8514130578e-07    1.0753591402e-02    5.0584452518e-02    1.1038510400e-04    0.0000000000e+00
 107.0050000    4.8077013411e-06    2.6269859119e-07   -1.2609280402e-04    1.2810572931e-04    1.8515570109e-02    1.6571721092e-02    7.4525101259e-02    0.0000000000e+00    9.9999999993e-01    0.0000000000e+00    3.2757373488e-06    1.8534085161e-07    1.0766914070e-02    5.0465095429e-02    1.1055172317e-04    0.0000000000e+00
 107.5050000    4.8121708657e-06    2.6302863907e-07   -1.2608269715e-04    1.2809832237e-04    1.8523257636e-02    1.6583941679e-02    7.4517541074e-02    0.0000000000e+00    9.9999999993e-01    0.0000000000e+00    3.2809619990e-06    1.8446785324e-07    1.0782016206e-02    5.0156269738e-02    1.1062490937e-04    0.0000000000e+00
 108.0050000    4.8157236704e-06    2.6159131563e-07   -1.2607218942e-04    1.2808996096e-04    1.8532327476e-02    1.6593009654e-02    7.3925517913e-02    0.0000000000e+00    9.9999999993e-01    0.0000000000e+00    3.2863114536e-06    1.8361578384e-07    1.0797528965e-02    4.9794361481e-02    1.1076205588e-04    0.0000000000e+00
 108.5050000    4.8207808841e-06    2.6002759836e-07   -1.2606080985e-04    1.2808074811e-04    1.8541221324e-02    1.6607262246e-02    7.3302061106e-02    0.0000000000e+00    9.9999999993e-01    0.0000000000e+00    3.2914837003e-06    1.8363233541e-07    1.0812458242e-02    4.9661852452e-02    1.1090131404e-04    0.0000000000e+00
 109.0050000    4.8255309429e-06    2.5895596157e-07   -1.2604699086e-04    1.2807051176e-04    1.8550355311e-02    1.6620452673e-02    7.2783276510e-02    0.0000000000e+00    9.9999999993e-01    0.0000000000e+00    3.2963202162e-06    1.8329097350e-07    1.0826279884e-02    4.9418697612e-02    1.1097813231e-04    0.0000000000e+00
 109.5050000    4.8306765338e-06    2.5824170158e-07   -1.2603169086e-04    1.2805526930e-04    1.8559559080e-02    1.6634995755e-02    7.2257296506e-02    0.0000000000e+00    9.9999999993e-01    0.0000000000e+00    3.3017922691e-06    1.8209026447e-07    1.0842180333e-02    4.8866949324e-02    1.1111847093e-04    0.0000000000e+00
 110.0050000    4.8350321003e-06    2.5565388434e-07   -1.2601550310e-04    1.2803590962e-04    1.8568426811e-02    1.6646806262e-02    7.1326647855e-02    0.0000000000e+00    9.9999999993e-01    0.0000000000e+00    3.3064767976e-06    1.8256450147e-07    1.0855484438e-02    4.8840202898e-02    1.1123967330e-04    0.0000000000e+00
 110.5050000    4.8395064833e-06    2.5658347942e-07   -1.2599792998e-04    1.2801354236e-04    1.8577491103e-02    1.6659012434e-02    7.1283800701e-02    0.0000000000e+00    9.9999999993e-01    0.0000000000e+00    3.3118860213e-06    1.8070662403e-07    1.0871156278e-02    4.8140228811e-02    1.1133473526e-04    0.0000000000e+00
 111.0050000    4.8442063071e-06    2.5209320287e-07   -1.2597760288e-04    1.2799008104e-04    1.8587585574e-02    1.6671984811e-02    6.9944497493e-02    0.0000000000e+00    9.9999999993e-01    0.0000000000e+00    3.3168986363e-06    1.8108135636e-07    1.0885517530e-02    4.8155645811e-02    1.1144288165e-04    0.0000000000e+00
 111.5050000    4.8464946698e-06    2.5227905017e-07   -1.2595414332e-04    1.2796817617e-04    1.8592217967e-02    1.6676658538e-02    6.9670921578e-02    0.0000000000e+00    9.9999999993e-01    0.0000000000e+00    3.3210362948e-06    1.8085745659e-07    1.0897003868e-02    4.7875841155e-02    1.1157279537e-04    0.0000000000e+00
 112.0050000    4.8499987764e-06    2.5292835653e-07   -1.2593011239e-04    1.2794935401e-04    1.8601173514e-02    1.6685519237e-02    6.9843368291e-02    0.0000000000e+00    9.9999999993e-01    0.0000000000e+00    3.3271408033e-06    1.7779566679e-07    1.0914942262e-02    4.7059406507e-02    1.1167396609e-04    0.0000000000e+00
 112.5050000    4.8537567661e-06    2.4852319712e-07   -1.2590611162e-04    1.2793047909e-04    1.8609191464e-02    1.6695259113e-02    6.8351074579e-02    0.0000000000e+00    9.9999999993e-01    0.0000000000e+00    3.3313964985e-06    1.7970717476e-07    1.0926816740e-02    4.7351184869e-02    1.1176099046e-04    0.0000000000e+00
 113.0050000    4.8590046669e-06    2.4731234130e-07   -1.2588250011e-04    1.2790599356e-04    1.8620869732e-02    1.6710121881e-02    6.7786424067e-02    0.0000000000e+00    9.9999999993e-01    0.0000000000e+00    3.3367641006e-06    1.7757871701e-07    1.0942335327e-02    4.6627148653e-02    1.1190665049e-04    0.0000000000e+00
 113.5050000    4.8625792198e-06    2.4523679061e-07   -1.2585907191e-04    1.2787624257e-04    1.8627098150e-02    1.6719220156e-02    6.6845919885e-02    0.0000000000e+00    9.9999999993e-01    0.0000000000e+00    3.3409514632e-06    1.7787938861e-07    1.0953974297e-02    4.6443405280e-02    1.1199393157e-04    0.0000000000e+00
 114.0050000    4.8666130081e-06    2.4624279759e-07   -1.2583287855e-04    1.2784143784e-04    1.8635761548e-02    1.6729878478e-02    6.7024440854e-02    0.0000000000e+00    9.9999999993e-01    0.0000000000e+00    3.3463674551e-06    1.7611411419e-07    1.0969626204e-02    4.5915434219e-02    1.1208705006e-04    0.0000000000e+00
 114.5050000    4.8701154608e-06    2.4308344536e-07   -1.2580207118e-04    1.2780454618e-04    1.8640916162e-02    1.6738692981e-02    6.5863680815e-02    0.0000000000e+00    9.9999999993e-01    0.0000000000e+00    3.3507351952e-06    1.7644012589e-07    1.0981827730e-02    4.5779729992e-02    1.1222898178e-04    0.0000000000e+00
 115.0050000    4.8735069367e-06    2.4330784965e-07   -1.2576670094e-04    1.2777082226e-04    1.8649949312e-02    1.6747120009e-02    6.5779328402e-02    0.0000000000e+00    9.9999999993e-01    0.0000000000e+00    3.3558801240e-06    1.7412204639e-07    1.0996569087e-02    4.5080948295e-02    1.1231686237e-04    0.0000000000e+00
 115.5050000    4.8770059165e-06    2.3746986289e-07   -1.2573029567e-04    1.2773791261e-04    1.8658179510e-02    1.6755926150e-02    6.4083281477e-02    0.0000000000e+00    9.9999999993e-01    0.0000000000e+00    3.3612988449e-06    1.7333485293e-07    1.1012210260e-02    4.4771940855e-02    1.1246576953e-04    0.0000000000e+00
 116.0050000    4.8805382994e-06    2.3523989618e-07   -1.2572626536e-04    1.2771062891e-04    1.8662632035e-02    1.6764865070e-02    6.3000108498e-02    0.0000000000e+00    9.9999999993e-01    0.0000000000e+00    3.3645309735e-06    1.7523712272e-07    1.1020698111e-02    4.4919327661e-02    1.1259418128e-04    0.0000000000e+00
 116.5050000    4.8852714895e-06    2.3899186678e-07   -1.2573804520e-04    1.2772588650e-04    1.8674444234e-02    1.6777941580e-02    6.3994427614e-02    0.0000000000e+00    9.9999999993e-01    0.0000000000e+00    3.3703003539e-06    1.7179190492e-07    1.1037502955e-02    4.4037902531e-02    1.1267740658e-04    0.0000000000e+00
 117.0050000    4.8894333902e-06    2.3440349727e-07   -1.2574981196e-04    1.2773417732e-04    1.8682077709e-02    1.6789058158e-02    6.2393828478e-02    0.0000000000e+00    9.9999999993e-01    0.0000000000e+00    3.3748027097e-06    1.7196145623e-07    1.1050157338e-02    4.3806181095e-02    1.1283328723e-04    0.0000000000e+00
 117.5050000    4.8936334508e-06    2.3384936054e-07   -1.2575844959e-04    1.2773704578e-04    1.8689044017e-02    1.6800293943e-02    6.2139429456e-02    0.0000000000e+00    9.9999999993e-01    0.0000000000e+00    3.3795152790e-06    1.7046738368e-07    1.1063490048e-02    4.3352857368e-02    1.1294350248e-04    0.0000000000e+00
 118.0050000    4.8984535145e-06    2.3228221831e-07   -1.2576231174e-04    1.2773579072e-04    1.8699136097e-02    1.6813639002e-02    6.1539185357e-02    0.0000000000e+00    9.9999999993e-01    0.0000000000e+00    3.3846145279e-06    1.6985019555e-07    1.1078073959e-02    4.3058918965e-02    1.1304259618e-04    0.0000000000e+00
 118.5050000    4.9022131555e-06    2.2873646762e-07   -1.2576283453e-04    1.2773347568e-04    1.8708777761e-02    1.6823330398e-02    6.0437875666e-02    0.0000000000e+00    9.9999999993e-01    0.0000000000e+00    3.3891236345e-06    1.6946064224e-07    1.1090714445e-02    4.2836831538e-02    1.1316875898e-04    0.0000000000e+00
 119.0050000    4.9065616530e-06    2.2646571051e-07   -1.2576098899e-04    1.2773405991e-04    1.8715738705e-02    1.6835037738e-02    5.9387337915e-02    0.0000000000e+00    9.9999999993e-01    0.0000000000e+00    3.3932739596e-06    1.6972892892e-07    1.1102176233e-02    4.2578267982e-02    1.1327883483e-04    0.0000000000e+00
 119.5050000    4.9096000234e-06    2.2987988380e-07   -1.2575881395e-04    1.2773738985e-04    1.8720664271e-02    1.6842256185e-02    6.0241357100e-02    0.0000000000e+00    9.9999999993e-01    0.0000000000e+00    3.3982114972e-06    1.6703342397e-07    1.1116214167e-02    4.1884563004e-02    1.1339158182e-04    0.0000000000e+00
 120.0050000    4.9143638685e-06    2.2631021799e-07   -1.2575774368e-04    1.2774102855e-04    1.8731183907e-02    1.6855396200e-02    5.9066951490e-02    0.0000000000e+00    9.9999999993e-01    0.0000000000e+00    3.4033673367e-06    1.6691212172e-07    1.1130965874e-02    4.1671611811e-02    1.1350255581e-04    0.0000000000e+00
 120.5050000    4.9189196494e-06    2.2438243534e-07   -1.2575660287e-04    1.2774179570e-04    1.8737875677e-02    1.6867818673e-02    5.8311421493e-02    0.0000000000e+00    9.9999999993e-01    0.0000000000e+00    3.4073399159e-06    1.6707175499e-07    1.1141843739e-02    4.1529447646e-02    1.1360702763e-04    0.0000000000e+00
 121.0050000    4.9242396211e-06    2.2388773404e-07   -1.2575293820e-04    1.2773699920e-04    1.8749834456e-02    1.6882848231e-02    5.8058768692e-02    0.0000000000e+00    9.9999999993e-01    0.0000000000e+00    3.4126156076e-06    1.6457481496e-07    1.1156972300e-02    4.0821772276e-02    1.1373389524e-04    0.0000000000e+00
 121.5050000    4.9286332210e-06    2.2111394125e-07   -1.2574767489e-04    1.2772740424e-04    1.8758082444e-02    1.6894683058e-02    5.7074893838e-02    0.0000000000e+00    9.9999999993e-01    0.0000000000e+00    3.4166807365e-06    1.6559802249e-07    1.1168129075e-02    4.0879285861e-02    1.1383909784e-04    0.0000000000e+00
 122.0050000    4.9332531810e-06    2.2085690308e-07   -1.2573903401e-04    1.2771479215e-04    1.8766981289e-02    1.6907275011e-02    5.6777134450e-02    0.0000000000e+00    9.9999999993e-01    0.0000000000e+00    3.4213736002e-06    1.6414912869e-07    1.1181323619e-02    4.0359237633e-02    1.1391595657e-04    0.0000000000e+00
 122.5050000    4.9375802473e-06    2.2036189650e-07   -1.2572556726e-04    1.2770002488e-04    1.8773070821e-02    1.6918851409e-02    5.6452829499e-02    0.0000000000e+00    9.9999999993e-01    0.0000000000e+00    3.4259848724e-06    1.6356443423e-07    1.1194241645e-02    4.0074622178e-02    1.1404446167e-04    0.0000000000e+00
 123.0050000    4.9423213376e-06    2.1891187968e-07   -1.2571118261e-04    1.2768617344e-04    1.8784099734e-02    1.6931838647e-02    5.5889947245e-02    0.0000000000e+00    9.9999999993e-01    0.0000000000e+00    3.4308526666e-06    1.6276339721e-07    1.1207990823e-02    3.9739365647e-02    1.1417192031e-04    0.0000000000e+00
 123.5050000    4.9461546682e-06    2.1797383503e-07   -1.2569559173e-04    1.2767536197e-04    1.8791901179e-02    1.6941716051e-02    5.5442501274e-02    0.0000000000e+00    9.9999999993e-01    0.0000000000e+00    3.4351245628e-06    1.6271756871e-07    1.1219790993e-02    3.9577805164e-02    1.1421204557e-04    0.0000000000e+00
 124.0050000    4.9507848259e-06    2.1776346903e-07   -1.2567912285e-04    1.2766209279e-04    1.8802008774e-02    1.6954324679e-02    5.5251437554e-02    0.0000000000e+00    9.9999999993e-01    0.0000000000e+00    3.4398159338e-06    1.6179300990e-07    1.1232960927e-02    3.9255546312e-02    1.1435749413e-04    0.0000000000e+00
 124.5050000    4.9562039494e-06    2.1616216801e-07   -1.2566499482e-04    1.2764618010e-04    1.8812224302e-02    1.6969630772e-02    5.4600663509e-02    0.0000000000e+00    9.9999999993e-01    0.0000000000e+00    3.4443590806e-06    1.6130670727e-07    1.1245643075e-02    3.8959983553e-02    1.1448057497e-04    0.0000000000e+00
 125.0050000    4.9612443987e-06    2.1570388997e-07   -1.2564920711e-04    1.2762710538e-04    1.8821176284e-02    1.6983632688e-02    5.4328141834e-02    0.0000000000e+00    9.9999999993e-01    0.0000000000e+00    3.4487797153e-06    1.6061027487e-07    1.1257918917e-02    3.8679619245e-02    1.1451491782e-04    0.0000000000e+00
 125.5050000    4.9659870998e-06    2.1402370042e-07   -1.2563002698e-04    1.2760107582e-04    1.8831098853e-02    1.6996604605e-02    5.3677410833e-02    0.0000000000e+00    9.9999999993e-01    0.0000000000e+00    3.4534860874e-06    1.5982590637e-07    1.1271118616e-02    3.8325842226e-02    1.1466406996e-04    0.0000000000e+00
 126.0050000    4.9700283018e-06    2.1289508425e-07   -1.2560763589e-04    1.2757375906e-04    1.8840085250e-02    1.7007164349e-02    5.3151048324e-02    0.0000000000e+00    9.9999999993e-01    0.0000000000e+00    3.4578347751e-06    1.5962845776e-07    1.1283141343e-02    3.8101826942e-02    1.1474816957e-04    0.0000000000e+00
 126.5050000    4.9747137178e-06    2.1269842355e-07   -1.2557779852e-04    1.2754619418e-04    1.8848805820e-02    1.7019922916e-02    5.2977568625e-02    0.0000000000e+00    9.9999999993e-01    0.0000000000e+00    3.4624732673e-06    1.5861360260e-07    1.1296104452e-02    3.7771620929e-02    1.1483407085e-04    0.0000000000e+00
 127.0050000    4.9794815064e-06    2.1195578926e-07   -1.2554653322e-04    1.2751891940e-04    1.8857171609e-02    1.7032962419e-02    5.2647912289e-02    0.0000000000e+00    9.9999999993e-01    0.0000000000e+00    3.4671230097e-06    1.5807862243e-07    1.1309102030e-02    3.7538801195e-02    1.1493538557e-04    0.0000000000e+00
 127.5050000    4.9844394632e-06    2.0963732624e-07   -1.2551692299e-04    1.2749161494e-04    1.8865719189e-02    1.7046654540e-02    5.1813493475e-02    0.0000000000e+00    9.9999999993e-01    0.0000000000e+00    3.4713315463e-06    1.5835909712e-07    1.1320660892e-02    3.7414182213e-02    1.1500421436e-04    0.0000000000e+00
 128.0050000    4.9889142670e-06    2.1103732776e-07   -1.2548511117e-04    1.2745985940e-04    1.8876070409e-02    1.7058698676e-02    5.2080641336e-02    0.0000000000e+00    9.9999999993e-01    0.0000000000e+00    3.4759413171e-06    1.5700338234e-07    1.1333529280e-02    3.7042214901e-02    1.1515778404e-04    0.0000000000e+00
 128.5050000    4.9935299533e-06    2.0916630486e-07   -1.2545542072e-04    1.2742650243e-04    1.8885683884e-02    1.7071220474e-02    5.1330393096e-02    0.0000000000e+00    9.9999999993e-01    0.0000000000e+00    3.4805724392e-06    1.5687107555e-07    1.1346462864e-02    3.6797869154e-02    1.1519553382e-04    0.0000000000e+00
 129.0050000    4.9984729218e-06    2.0708569506e-07   -1.2542327499e-04    1.2738880131e-04    1.8895096093e-02    1.7084852500e-02    5.0657916690e-02    0.0000000000e+00    9.9999999993e-01    0.0000000000e+00    3.4847991290e-06    1.5644497296e-07    1.1358071298e-02    3.6580319534e-02    1.1528405030e-04    0.0000000000e+00
 129.5050000    5.0036011293e-06    2.0809893140e-07   -1.2541600808e-04    1.2735530666e-04    1.8901384323e-02    1.7099107722e-02    5.0725611441e-02    0.0000000000e+00    9.9999999993e-01    0.0000000000e+00    3.4891756584e-06    1.5600027884e-07    1.1370160566e-02    3.6348581500e-02    1.1546460749e-04    0.0000000000e+00
 130.0050000    5.0090320981e-06    2.0666411020e-07   -1.2542745466e-04    1.2736806162e-04    1.8910460114e-02    1.7114384362e-02    5.0224813266e-02    0.0000000000e+00    9.9999999993e-01    0.0000000000e+00    3.4939990457e-06    1.5525749472e-07    1.1383696081e-02    3.6063645921e-02    1.1553359120e-04    0.0000000000e+00
 130.5050000    5.0128874425e-06    2.0479546179e-07   -1.2543448196e-04    1.2737800110e-04    1.8920741460e-02    1.7124269652e-02    4.9616532680e-02    0.0000000000e+00    9.9999999993e-01    0.0000000000e+00    3.4982251084e-06    1.5536861452e-07    1.1395277808e-02    3.5975417175e-02    1.1563645572e-04    0.0000000000e+00
 131.0050000    5.0165824534e-06    2.0639687617e-07   -1.2543979648e-04    1.2738587041e-04    1.8928527137e-02    1.7133600355e-02    4.9768476473e-02    0.0000000000e+00    9.9999999993e-01    0.0000000000e+00    3.5024782312e-06    1.5530298769e-07    1.1406940977e-02    3.5793046585e-02    1.1574781529e-04    0.0000000000e+00
 131.5050000    5.0218353077e-06    2.0549949571e-07   -1.2544560006e-04    1.2739179632e-04    1.8943342733e-02    1.7148242227e-02    4.9503053373e-02    0.0000000000e+00    9.9999999993e-01    0.0000000000e+00    3.5076396100e-06    1.5332730925e-07    1.1421554534e-02    3.5298728111e-02    1.1589516159e-04    0.0000000000e+00
 132.0050000    5.0268366299e-06    2.0252289644e-07   -1.2544885097e-04    1.2739850632e-04    1.8949702192e-02    1.7162022182e-02    4.8472153897e-02    0.0000000000e+00    9.9999999993e-01    0.0000000000e+00    3.5112309816e-06    1.5557688096e-07    1.1431053350e-02    3.5583935475e-02    1.1596200876e-04    0.0000000000e+00
 132.5050000    5.0321038551e-06    2.0467247760e-07   -1.2545142890e-04    1.2740358094e-04    1.8959876671e-02    1.7176711597e-02    4.8944731539e-02    0.0000000000e+00    9.9999999993e-01    0.0000000000e+00    3.5161341029e-06    1.5303128446e-07    1.1444822552e-02    3.4976504883e-02    1.1604473208e-04    0.0000000000e+00
 133.0050000    5.0357810727e-06    2.0263953493e-07   -1.2545308930e-04    1.2740439706e-04    1.8969390158e-02    1.7185979088e-02    4.8121082442e-02    0.0000000000e+00    9.9999999993e-01    0.0000000000e+00    3.5206086397e-06    1.5342538751e-07    1.1457197536e-02    3.4819093623e-02    1.1621268165e-04    0.0000000000e+00
 133.5050000    5.0407705306e-06    2.0134103409e-07   -1.2545302889e-04    1.2740322814e-04    1.8978238477e-02    1.7199725418e-02    4.7829367185e-02    0.0000000000e+00    9.9999999993e-01    0.0000000000e+00    3.5247841362e-06    1.5360160501e-07    1.1468599053e-02    3.4873072471e-02    1.1628951989e-04    0.0000000000e+00
 134.0050000    5.0461817048e-06    2.0163128891e-07   -1.2544884234e-04    1.2739774953e-04    1.8988925666e-02    1.7214904730e-02    4.7641496315e-02    0.0000000000e+00    9.9999999993e-01    0.0000000000e+00    3.5291974389e-06    1.5279179376e-07    1.1480769711e-02    3.4504526817e-02    1.1636679319e-04    0.0000000000e+00
 134.5050000    5.0498701917e-06    2.0236301933e-07   -1.2544190274e-04    1.2738799856e-04    1.9000067046e-02    1.7224199836e-02    4.7695823122e-02    0.0000000000e+00    9.9999999993e-01    0.0000000000e+00    3.5339405470e-06    1.5359280027e-07    1.1494005344e-02    3.4597482889e-02    1.1647125666e-04    0.0000000000e+00
 135.0050000    5.0519360305e-06    1.9986325098e-07   -1.2542996546e-04    1.2737538896e-04    1.9010149320e-02    1.7227961468e-02    4.6932705351e-02    0.0000000000e+00    9.9999999993e-01    0.0000000000e+00    3.5386603771e-06    1.5232426220e-07    1.1507161532e-02    3.4179833391e-02    1.1660790058e-04    0.0000000000e+00
 135.5050000    5.0563388315e-06    2.0051406415e-07   -1.2541479283e-04    1.2736314102e-04    1.9017328640e-02    1.7239696386e-02    4.6905346637e-02    0.0000000000e+00    9.9999999993e-01    0.0000000000e+00    3.5423348288e-06    1.5310119986e-07    1.1516920522e-02    3.4221361408e-02    1.1669842724e-04    0.0000000000e+00
 136.0050000    5.0633158672e-06    2.0009641084e-07   -1.2540343985e-04    1.2735223511e-04    1.9029966371e-02    1.7260211238e-02    4.6581791033e-02    0.0000000000e+00    9.9999999993e-01    0.0000000000e+00    3.5468701406e-06    1.5171525915e-07    1.1529481609e-02    3.3745537240e-02    1.1672263463e-04    0.0000000000e+00
 136.5050000    5.0667657158e-06    1.9865550048e-07   -1.2538835090e-04    1.2733749127e-04    1.9038731419e-02    1.7268712090e-02    4.6171010521e-02    0.0000000000e+00    9.9999999993e-01    0.0000000000e+00    3.5511483003e-06    1.5195125499e-07    1.1541210102e-02    3.3741366771e-02    1.1688131451e-04    0.0000000000e+00
 137.0050000    5.0690087337e-06    1.9796937576e-07   -1.2537251288e-04    1.2731980035e-04    1.9047241959e-02    1.7273096201e-02    4.5875186968e-02    0.0000000000e+00    9.9999999993e-01    0.0000000000e+00    3.5556571410e-06    1.5154051865e-07    1.1553682047e-02    3.3547965432e-02    1.1701778551e-04    0.0000000000e+00
 137.5050000    5.0736527278e-06    1.9701738736e-07   -1.2535613700e-04    1.2730030577e-04    1.9054626052e-02    1.7285640692e-02    4.5447212254e-02    0.0000000000e+00    9.9999999993e-01    0.0000000000e+00    3.5598322732e-06    1.5087160548e-07    1.1565054903e-02    3.3246895258e-02    1.1700387653e-04    0.0000000000e+00
 138.0050000    5.0806265788e-06    1.9665829446e-07   -1.2533108318e-04    1.2727354319e-04    1.9066625683e-02    1.7306099165e-02    4.5265998716e-02    0.0000000000e+00    9.9999999993e-01    0.0000000000e+00    3.5639662484e-06    1.5107777858e-07    1.1576279703e-02    3.3219502211e-02    1.1715113165e-04    0.0000000000e+00
 138.5050000    5.0863196584e-06    1.9587642342e-07   -1.2530564469e-04    1.2724588459e-04    1.9077952681e-02    1.7322178105e-02    4.4855930649e-02    0.0000000000e+00    9.9999999993e-01    0.0000000000e+00    3.5683553293e-06    1.5039297788e-07    1.1588321093e-02    3.2898404887e-02    1.1725335278e-04    0.0000000000e+00
 139.0050000    5.0902766584e-06    1.9557522338e-07   -1.2527880985e-04    1.2721898734e-04    1.9088522475e-02    1.7332342367e-02    4.4635022101e-02    0.0000000000e+00    9.9999999993e-01    0.0000000000e+00    3.5727361290e-06    1.5030535323e-07    1.1600331687e-02    3.2767803274e-02    1.1731289213e-04    0.0000000000e+00
 139.5050000    5.0939566225e-06    1.9567018777e-07   -1.2524874727e-04    1.2719081535e-04    1.9097610650e-02    1.7341570377e-02    4.4495288842e-02    0.0000000000e+00    9.9999999993e-01    0.0000000000e+00    3.5769307582e-06    1.5061926651e-07    1.1611740425e-02    3.2716838000e-02    1.1741340239e-04    0.0000000000e+00
 140.0050000    5.0983727389e-06    1.9511456854e-07   -1.2522064490e-04    1.2716105795e-04    1.9108657631e-02    1.7353304512e-02    4.4268267497e-02    0.0000000000e+00    9.9999999993e-01    0.0000000000e+00    3.5815071148e-06    1.4949921923e-07    1.1624386800e-02    3.2399345092e-02    1.1747150230e-04    0.0000000000e+00
 140.5050000    5.1029095400e-06    1.9440839404e-07   -1.2518880943e-04    1.2712575727e-04    1.9118102329e-02    1.7365443039e-02    4.3878183655e-02    0.0000000000e+00    9.9999999993e-01    0.0000000000e+00    3.5854207115e-06    1.5077148685e-07    1.1634876816e-02    3.2503557933e-02    1.1759484088e-04    0.0000000000e+00
 141.0050000    5.1073882031e-06    1.9562358572e-07   -1.2515376680e-04    1.2708666480e-04    1.9128888077e-02    1.7377371306e-02    4.4075549597e-02    0.0000000000e+00    9.9999999993e-01    0.0000000000e+00    3.5899226000e-06    1.4985960118e-07    1.1647265969e-02    3.2252307432e-02    1.1768350228e-04    0.0000000000e+00
 141.5050000    5.1117255581e-06    1.9504430951e-07   -1.2512911336e-04    1.2704587035e-04    1.9139970357e-02    1.7388804826e-02    4.3742045455e-02    0.0000000000e+00    9.9999999993e-01    0.0000000000e+00    3.5940838196e-06    1.5048047878e-07    1.1658539012e-02    3.2235209991e-02    1.1770469613e-04    0.0000000000e+00
 142.0050000    5.1161110240e-06    1.9612389405e-07   -1.2514030564e-04    1.2705114137e-04    1.9148388818e-02    1.7400396457e-02    4.3874824031e-02    0.0000000000e+00    9.9999999993e-01    0.0000000000e+00    3.5985184498e-06    1.5019664213e-07    1.1670693615e-02    3.2094986422e-02    1.1783480616e-04    0.0000000000e+00
 142.5050000    5.1207413214e-06    1.9549835485e-07   -1.2514983265e-04    1.2706410216e-04    1.9159687286e-02    1.7412820069e-02    4.3536082174e-02    0.0000000000e+00    9.9999999993e-01    0.0000000000e+00    3.6029361064e-06    1.5041466153e-07    1.1682791311e-02    3.1994575806e-02    1.1798926421e-04    0.0000000000e+00
 143.0050000    5.1248482838e-06    1.9580663817e-07   -1.2515822288e-04    1.2707848737e-04    1.9168778011e-02    1.7423465037e-02    4.3450787727e-02    0.0000000000e+00    9.9999999993e-01    0.0000000000e+00    3.6069029328e-06    1.5125817137e-07    1.1693426236e-02    3.2060630902e-02    1.1801340807e-04    0.0000000000e+00
 143.5050000    5.1294166675e-06    1.9661545365e-07   -1.2516371004e-04    1.2708759436e-04    1.9182726311e-02    1.7435676032e-02    4.3474364407e-02    0.0000000000e+00    9.9999999993e-01    0.0000000000e+00    3.6116024595e-06    1.5005066921e-07    1.1706433139e-02    3.1691634767e-02    1.1815591810e-04    0.0000000000e+00
 144.0050000    5.1333716218e-06    1.9675730679e-07   -1.2516861783e-04    1.2709332737e-04    1.9190800096e-02    1.7445793862e-02    4.3339798905e-02    0.0000000000e+00    9.9999999993e-01    0.0000000000e+00    3.6153957268e-06    1.5209316727e-07    1.1716495598e-02    3.2000036488e-02    1.1826166321e-04    0.0000000000e+00
 144.5050000    5.1381499909e-06    1.9789384600e-07   -1.2517216371e-04    1.2709542521e-04    1.9204045461e-02    1.7458698797e-02    4.3533168044e-02    0.0000000000e+00    9.9999999993e-01    0.0000000000e+00    3.6201672240e-06    1.5039394251e-07    1.1729719300e-02    3.1602898003e-02    1.1835473213e-04    0.0000000000e+00
 145.0050000    5.1420107986e-06    1.9835364871e-07   -1.2517273905e-04    1.2709441426e-04    1.9213116451e-02    1.7468479963e-02    4.3404536875e-02    0.0000000000e+00    9.9999999993e-01    0.0000000000e+00    3.6241429678e-06    1.5204287011e-07    1.1740358701e-02    3.1780796032e-02    1.1847042010e-04    0.0000000000e+00
 145.5050000    5.1466866472e-06    1.9728632089e-07   -1.2517044249e-04    1.2709329298e-04    1.9226805778e-02    1.7481028476e-02    4.3057434206e-02    0.0000000000e+00    9.9999999993e-01    0.0000000000e+00    3.6286846716e-06    1.5186078425e-07    1.1752829271e-02    3.1657730773e-02    1.1851687612e-04    0.0000000000e+00
 146.0050000    5.1505085118e-06    2.0035226812e-07   -1.2516450449e-04    1.2708849193e-04    1.9234778957e-02    1.7490680561e-02    4.3554592902e-02    0.0000000000e+00    9.9999999993e-01    0.0000000000e+00    3.6325147863e-06    1.5288828643e-07    1.1762996164e-02    3.1751279510e-02    1.1867298394e-04    0.0000000000e+00
 146.5050000    5.1555037651e-06    2.0041369838e-07   -1.2515755206e-04    1.2708268278e-04    1.9248200258e-02    1.7504316666e-02    4.3470678399e-02    0.0000000000e+00    9.9999999993e-01    0.0000000000e+00    3.6374028801e-06    1.5222016310e-07    1.1776587391e-02    3.1539518557e-02    1.1873612971e-04    0.0000000000e+00
 147.0050000    5.1592135446e-06    2.0039885351e-07   -1.2514707399e-04    1.2707163039e-04    1.9258112317e-02    1.7513585174e-02    4.3285408442e-02    0.0000000000e+00    9.9999999993e-01    0.0000000000e+00    3.6411511159e-06    1.5353043193e-07    1.1786484187e-02    3.1679190981e-02    1.1884162399e-04    0.0000000000e+00
 147.5050000    5.1638539843e-06    2.0248287559e-07   -1.2513521632e-04    1.2705653098e-04    1.9268758481e-02    1.7526005920e-02    4.3592618835e-02    0.0000000000e+00    9.9999999993e-01    0.0000000000e+00    3.6456791362e-06    1.5344197290e-07    1.1798899286e-02    3.1558431047e-02    1.1891628574e-04    0.0000000000e+00
 148.0050000    5.1678828437e-06    2.0132651475e-07   -1.2512028061e-04    1.2703759453e-04    1.9281069285e-02    1.7536346463e-02    4.3211093024e-02    0.0000000000e+00    9.9999999993e-01    0.0000000000e+00    3.6498409377e-06    1.5320536830e-07    1.1810124270e-02    3.1413188719e-02    1.1902299430e-04    0.0000000000e+00
 148.5050000    5.1719311168e-06    2.0299696717e-07   -1.2510388881e-04    1.2701771375e-04    1.9290631211e-02    1.7546753224e-02    4.3424009982e-02    0.0000000000e+00    9.9999999993e-01    0.0000000000e+00    3.6539469043e-06    1.5473465276e-07    1.1821167278e-02    3.1621240459e-02    1.1912002838e-04    0.0000000000e+00
 149.0050000    5.1764681253e-06    2.0447692900e-07   -1.2508402133e-04    1.2699855149e-04    1.9303072602e-02    1.7558822629e-02    4.3591921493e-02    0.0000000000e+00    9.9999999993e-01    0.0000000000e+00    3.6583193892e-06    1.5458783628e-07    1.1833074310e-02    3.1486144265e-02    1.1916595563e-04    0.0000000000e+00
 149.5050000    5.1811511564e-06    2.0569822198e-07   -1.2505992568e-04    1.2697597870e-04    1.9314922378e-02    1.7571387153e-02    4.3785961874e-02    0.0000000000e+00    9.9999999993e-01    0.0000000000e+00    3.6626661150e-06    1.5494720034e-07    1.1844896658e-02    3.1511875951e-02    1.1930336882e-04    0.0000000000e+00
 150.0050000    5.1854208437e-06    2.0587270067e-07   -1.2503706977e-04    1.2695146964e-04    1.9326443408e-02    1.7582542365e-02    4.3597871772e-02    0.0000000000e+00    9.9999999993e-01    0.0000000000e+00    3.6669284557e-06    1.5607446288e-07    1.1856439410e-02    3.1577500452e-02    1.1933565970e-04    0.0000000000e+00
 150.5050000    5.1892857035e-06    2.0736690360e-07   -1.2500748867e-04    1.2691926492e-04    1.9337485197e-02    1.7592311685e-02    4.3772884666e-02    0.0000000000e+00    9.9999999993e-01    0.0000000000e+00    3.6708580898e-06    1.5660212379e-07    1.1866895865e-02    3.1584666752e-02    1.1947595202e-04    0.0000000000e+00
 151.0050000    5.1936662339e-06    2.0845975062e-07   -1.2497763116e-04    1.2688415357e-04    1.9347465398e-02    1.7603811403e-02    4.3901147562e-02    0.0000000000e+00    9.9999999993e-01    0.0000000000e+00    3.6753320925e-06    1.5599527931e-07    1.1879098657e-02    3.1389448939e-02    1.1952433025e-04    0.0000000000e+00
 151.5050000    5.1986291307e-06    2.0840181860e-07   -1.2494410080e-04    1.2684701659e-04    1.9357569297e-02    1.7617273194e-02    4.3741667139e-02    0.0000000000e+00    9.9999999993e-01    0.0000000000e+00    3.6793476082e-06    1.5740054959e-07    1.1889811039e-02    3.1565531041e-02    1.1956111273e-04    0.0000000000e+00
 152.0050000    5.2036969126e-06    2.0896850813e-07   -1.2490804942e-04    1.2680690517e-04    1.9369936081e-02    1.7631086800e-02    4.3712276422e-02    0.0000000000e+00    9.9999999993e-01    0.0000000000e+00    3.6835997382e-06    1.5688577899e-07    1.1901284846e-02    3.1356883257e-02    1.1973493229e-04    0.0000000000e+00
 152.5050000    5.2073637279e-06    2.1108992065e-07   -1.2487103342e-04    1.2676990811e-04    1.9380111381e-02    1.7640152825e-02    4.4022361882e-02    0.0000000000e+00    9.9999999993e-01    0.0000000000e+00    3.6877722866e-06    1.5781739027e-07    1.1912498624e-02    3.1449019450e-02    1.1973486119e-04    0.0000000000e+00
 153.0050000    5.2118678706e-06    2.1040212585e-07   -1.2487803919e-04    1.2676722506e-04    1.9394376195e-02    1.7652050643e-02    4.3724868211e-02    0.0000000000e+00    9.9999999993e-01    0.0000000000e+00    3.6922220560e-06    1.5792248431e-07    1.1924603462e-02    3.1357661766e-02    1.1982075427e-04    0.0000000000e+00
 153.5050000    5.2158352575e-06    2.1222442487e-07   -1.2489242279e-04    1.2678363726e-04    1.9402621250e-02    1.7662120505e-02    4.3895718683e-02    0.0000000000e+00    9.9999999993e-01    0.0000000000e+00    3.6960001474e-06    1.5925464795e-07    1.1934530799e-02    3.1475281349e-02    1.1991728532e-04    0.0000000000e+00
 154.0050000    5.2212237162e-06    2.1319888411e-07   -1.2490362792e-04    1.2679496311e-04    1.9417845532e-02    1.7676985025e-02    4.4152371315e-02    0.0000000000e+00    9.9999999993e-01    0.0000000000e+00    3.7007358510e-06    1.5832043005e-07    1.1947537929e-02    3.1330315193e-02    1.1999121366e-04    0.0000000000e+00
 154.5050000    5.2250467293e-06    2.1300966199e-07   -1.2491215242e-04    1.2680005935e-04    1.9426458768e-02    1.7686538065e-02    4.3852272085e-02    0.0000000000e+00    9.9999999993e-01    0.0000000000e+00    3.7043205848e-06    1.6057417173e-07    1.1956819770e-02    3.1587010982e-02    1.2016045408e-04    0.0000000000e+00
 155.0050000    5.2302180276e-06    2.1545448614e-07   -1.2491780850e-04    1.2680704616e-04    1.9440673267e-02    1.7700647808e-02    4.4231552044e-02    0.0000000000e+00    9.9999999993e-01    0.0000000000e+00    3.7090990898e-06    1.5860560387e-07    1.1969949203e-02    3.1115358799e-02    1.2014284448e-04    0.0000000000e+00
 155.5050000    5.2346971187e-06    2.1331238205e-07   -1.2492023548e-04    1.2680922522e-04    1.9450541241e-02    1.7712414640e-02    4.3686837567e-02    0.0000000000e+00    9.9999999993e-01    0.0000000000e+00    3.7127967963e-06    1.6137296408e-07    1.1979589513e-02    3.1578492779e-02    1.2034720903e-04    0.0000000000e+00
 156.0050000    5.2389726611e-06    2.1755218449e-07   -1.2491989827e-04    1.2681337396e-04    1.9461550952e-02    1.7723494136e-02    4.4384092772e-02    0.0000000000e+00    9.9999999993e-01    0.0000000000e+00    3.7171180041e-06    1.6028704463e-07    1.1991240991e-02    3.1250639723e-02    1.2040067573e-04    0.0000000000e+00
 156.5050000    5.2436246335e-06    2.1577004868e-07   -1.2491552396e-04    1.2681397128e-04    1.9475667311e-02    1.7735847924e-02    4.3941483139e-02    0.0000000000e+00    9.9999999993e-01    0.0000000000e+00    3.7215801826e-06    1.6075602546e-07    1.2003346491e-02    3.1281591171e-02    1.2048056203e-04    0.0000000000e+00
 157.0050000    5.2478058786e-06    2.1660715843e-07   -1.2491081453e-04    1.2680865290e-04    1.9485144642e-02    1.7746608108e-02    4.3964486890e-02    0.0000000000e+00    9.9999999993e-01    0.0000000000e+00    3.7251007112e-06    1.6240513993e-07    1.2012412930e-02    3.1498189462e-02    1.2062109818e-04    0.0000000000e+00
 157.5050000    5.2532406226e-06    2.1878614098e-07   -1.2490450849e-04    1.2680090014e-04    1.9498265952e-02    1.7761603091e-02    4.4264359782e-02    0.0000000000e+00    9.9999999993e-01    0.0000000000e+00    3.7299327131e-06    1.6072504238e-07    1.2025705032e-02    3.1072785284e-02    1.2064086860e-04    0.0000000000e+00
 158.0050000    5.2576282075e-06    2.1665950606e-07   -1.2489244170e-04    1.2678648000e-04    1.9510220089e-02    1.7773057072e-02    4.3642004901e-02    0.0000000000e+00    9.9999999993e-01    0.0000000000e+00    3.7334483370e-06    1.6314830657e-07    1.2034751683e-02    3.1400721476e-02    1.2080912518e-04    0.0000000000e+00
 158.5050000    5.2616422184e-06    2.1863228147e-07   -1.2488012757e-04    1.2677195155e-04    1.9521079057e-02    1.7783246408e-02    4.3989242088e-02    0.0000000000e+00    9.9999999993e-01    0.0000000000e+00    3.7379369553e-06    1.6117814983e-07    1.2046931584e-02    3.0986907755e-02    1.2085777140e-04    0.0000000000e+00
 159.0050000    5.2669882142e-06    2.1665712797e-07   -1.2486131792e-04    1.2675489464e-04    1.9531447745e-02    1.7797934435e-02    4.3405335901e-02    0.0000000000e+00    9.9999999993e-01    0.0000000000e+00    3.7417320836e-06    1.6341206013e-07    1.2056874611e-02    3.1280140587e-02    1.2092738712e-04    0.0000000000e+00
 159.5050000    5.2717372448e-06    2.1951305860e-07   -1.2483986425e-04    1.2673420982e-04    1.9544422439e-02    1.7810605491e-02    4.3943632299e-02    0.0000000000e+00    9.9999999993e-01    0.0000000000e+00    3.7460150811e-06    1.6166437457e-07    1.2068388652e-02    3.0923851754e-02    1.2104813740e-04    0.0000000000e+00
 160.0050000    5.2760235777e-06    2.1735286134e-07   -1.2481627446e-04    1.2671155713e-04    1.9555734724e-02    1.7821715737e-02    4.3328707390e-02    0.0000000000e+00    9.9999999993e-01    0.0000000000e+00    3.7500724985e-06    1.6303824164e-07    1.2079176189e-02    3.1052119216e-02    1.2110409801e-04    0.0000000000e+00
 160.5050000    5.2804356971e-06    2.1804096475e-07   -1.2479115204e-04    1.2668405602e-04    1.9569103205e-02    1.7833256075e-02    4.3293567575e-02    0.0000000000e+00    9.9999999993e-01    0.0000000000e+00    3.7542196906e-06    1.6254025576e-07    1.2090255243e-02    3.0835783101e-02    1.2122243085e-04    0.0000000000e+00
 161.0050000    5.2848485114e-06    2.1888635199e-07   -1.2476462948e-04    1.2665472711e-04    1.9579590020e-02    1.7844802974e-02    4.3362196530e-02    0.0000000000e+00    9.9999999993e-01    0.0000000000e+00    3.7580601037e-06    1.6353829582e-07    1.2100348297e-02    3.0953196273e-02    1.2124686661e-04    0.0000000000e+00
 161.5050000    5.2896588940e-06    2.1936907632e-07   -1.2473370399e-04    1.2661956473e-04    1.9593349123e-02    1.7857690254e-02    4.3335018799e-02    0.0000000000e+00    9.9999999993e-01    0.0000000000e+00    3.7625824692e-06    1.6246612664e-07    1.2112634619e-02    3.0663115546e-02    1.2137617095e-04    0.0000000000e+00
 162.0050000    5.2941836514e-06    2.1753542790e-07   -1.2470089279e-04    1.2658177036e-04    1.9603372297e-02    1.7869605146e-02    4.2849274739e-02    0.0000000000e+00    9.9999999993e-01    0.0000000000e+00    3.7662596079e-06    1.6430142743e-07    1.2122193694e-02    3.0917416862e-02    1.2144679715e-04    0.0000000000e+00
 162.5050000    5.2988421864e-06    2.2005754159e-07   -1.2466170205e-04    1.2654157976e-04    1.9615295514e-02    1.7881959921e-02    4.3217435288e-02    0.0000000000e+00    9.9999999993e-01    0.0000000000e+00    3.7705245358e-06    1.6277463555e-07    1.2133635700e-02    3.0541743882e-02    1.2145364369e-04    0.0000000000e+00
 163.0050000    5.3037712572e-06    2.1730140342e-07   -1.2462274756e-04    1.2649466150e-04    1.9628355995e-02    1.7895217046e-02    4.2565122618e-02    0.0000000000e+00    9.9999999993e-01    0.0000000000e+00    3.7744961168e-06    1.6384685949e-07    1.2144125982e-02    3.0658271560e-02    1.2163609832e-04    0.0000000000e+00
 163.5050000    5.3080001364e-06    2.1805155751e-07   -1.2463847311e-04    1.2651295487e-04    1.9640369075e-02    1.7906106659e-02    4.2564167718e-02    0.0000000000e+00    9.9999999993e-01    0.0000000000e+00    3.7784336953e-06    1.6327236946e-07    1.2154502111e-02    3.0446417508e-02    1.2163443853e-04    0.0000000000e+00
 164.0050000    5.3120527039e-06    2.1746040212e-07   -1.2465315355e-04    1.2652889438e-04    1.9651570457e-02    1.7916401823e-02    4.2304893355e-02    0.0000000000e+00    9.9999999993e-01    0.0000000000e+00    3.7825276588e-06    1.6368505066e-07    1.2165380022e-02    3.0417704529e-02    1.2169240546e-04    0.0000000000e+00
 164.5050000    5.3163483542e-06    2.1733480279e-07   -1.2466575075e-04    1.2654021903e-04    1.9662985083e-02    1.7927516060e-02    4.2171036967e-02    0.0000000000e+00    9.9999999993e-01    0.0000000000e+00    3.7864350458e-06    1.6331541760e-07    1.2175656352e-02    3.0270203548e-02    1.2182883679e-04    0.0000000000e+00
 165.0050000    5.3216125176e-06    2.1719342559e-07   -1.2467532156e-04    1.2655045731e-04    1.9675121819e-02    1.7941886607e-02    4.1993177685e-02    0.0000000000e+00    9.9999999993e-01    0.0000000000e+00    3.7905438905e-06    1.6350163983e-07    1.2186573814e-02    3.0195103127e-02    1.2188294318e-04    0.0000000000e+00
 165.5050000    5.3261445557e-06    2.1641516112e-07   -1.2468133919e-04    1.2655564598e-04    1.9688918035e-02    1.7953774625e-02    4.1687051949e-02    0.0000000000e+00    9.9999999993e-01    0.0000000000e+00    3.7944927459e-06    1.6372162902e-07    1.2196966178e-02    3.0122360204e-02    1.2197829974e-04    0.0000000000e+00
 166.0050000    5.3302369393e-06    2.1771982987e-07   -1.2468216994e-04    1.2655588655e-04    1.9698939742e-02    1.7964165359e-02    4.1891308154e-02    0.0000000000e+00    9.9999999993e-01    0.0000000000e+00    3.7985892267e-06    1.6376709786e-07    1.2207821147e-02    3.0097643092e-02    1.2210682616e-04    0.0000000000e+00
 166.5050000    5.3349756699e-06    2.1620345816e-07   -1.2467896189e-04    1.2655392143e-04    1.9711846192e-02    1.7976721846e-02    4.1464473191e-02    0.0000000000e+00    9.9999999993e-01    0.0000000000e+00    3.8026318093e-06    1.6368385365e-07    1.2218493723e-02    2.9982029365e-02    1.2217117329e-04    0.0000000000e+00
 167.0050000    5.3391837872e-06    2.1605258990e-07   -1.2467396902e-04    1.2654905944e-04    1.9723789844e-02    1.7987487133e-02    4.1292707841e-02    0.0000000000e+00    9.9999999993e-01    0.0000000000e+00    3.8064452367e-06    1.6385862923e-07    1.2228426594e-02    2.9911650710e-02    1.2225601133e-04    0.0000000000e+00
 167.5050000    5.3434817317e-06    2.1697433592e-07   -1.2466703957e-04    1.2654109463e-04    1.9734343356e-02    1.7998556419e-02    4.1335857166e-02    0.0000000000e+00    9.9999999993e-01    0.0000000000e+00    3.8104607215e-06    1.6374485136e-07    1.2239008417e-02    2.9794184889e-02    1.2238522080e-04    0.0000000000e+00
 168.0050000    5.3482427450e-06    2.1541699842e-07   -1.2465762962e-04    1.2653156735e-04    1.9747312849e-02    1.8011185055e-02    4.0915151791e-02    0.0000000000e+00    9.9999999993e-01    0.0000000000e+00    3.8145242998e-06    1.6294220568e-07    1.2249743772e-02    2.9557326246e-02    1.2244123181e-04    0.0000000000e+00
 168.5050000    5.3526552869e-06    2.1425209729e-07   -1.2464497993e-04    1.2651709918e-04    1.9758573271e-02    1.8022636171e-02    4.0539005525e-02    0.0000000000e+00    9.9999999993e-01    0.0000000000e+00    3.8181710555e-06    1.6412202062e-07    1.2259137095e-02    2.9656414646e-02    1.2252983317e-04    0.0000000000e+00
 169.0050000    5.3570952023e-06    2.1696477214e-07   -1.2462887509e-04    1.2649714109e-04    1.9769946885e-02    1.8034170428e-02    4.0957138151e-02    0.0000000000e+00    9.9999999993e-01    0.0000000000e+00    3.8222293066e-06    1.6309641363e-07    1.2269844458e-02    2.9405433745e-02    1.2264848112e-04    0.0000000000e+00
 169.5050000    5.3623215691e-06    2.1404597556e-07   -1.2460897789e-04    1.2647448638e-04    1.9784812158e-02    1.8048340443e-02    4.0312491787e-02    0.0000000000e+00    9.9999999993e-01    0.0000000000e+00    3.8265736901e-06    1.6282092528e-07    1.2281461876e-02    2.9283685462e-02    1.2268977135e-04    0.0000000000e+00
 170.0050000    5.3662721275e-06    2.1546138886e-07   -1.2458440581e-04    1.2644800850e-04    1.9794223342e-02    1.8058211756e-02    4.0393011301e-02    0.0000000000e+00    9.9999999993e-01    0.0000000000e+00    3.8298179982e-06    1.6440619725e-07    1.2289544383e-02    2.9435628611e-02    1.2277300688e-04    0.0000000000e+00
 170.5050000    5.3711908980e-06    2.1623755875e-07   -1.2455693566e-04    1.2641846073e-04    1.9809751483e-02    1.8071339679e-02    4.0510430415e-02    0.0000000000e+00    9.9999999993e-01    0.0000000000e+00    3.8347747931e-06    1.6202182009e-07    1.2303119809e-02    2.8987127213e-02    1.2289420705e-04    0.0000000000e+00
 171.0050000    5.3754509022e-06    2.1261014715e-07   -1.2452765042e-04    1.2638752036e-04    1.9819060907e-02    1.8082253208e-02    3.9646412586e-02    0.0000000000e+00    9.9999999993e-01    0.0000000000e+00    3.8376071877e-06    1.6495325834e-07    1.2309880681e-02    2.9373336627e-02    1.2294418602e-04    0.0000000000e+00
 171.5050000    5.3805577371e-06    2.1632194955e-07   -1.2449515074e-04    1.2635253133e-04    1.9833304279e-02    1.8096014551e-02    4.0260511961e-02    0.0000000000e+00    9.9999999993e-01    0.0000000000e+00    3.8424169181e-06    1.6170479000e-07    1.2322982796e-02    2.8741762681e-02    1.2299443304e-04    0.0000000000e+00
 172.0050000    5.3844012788e-06    2.1374742873e-07   -1.2445949378e-04    1.2631131964e-04    1.9841760537e-02    1.8105524616e-02    3.9607666106e-02    0.0000000000e+00    9.9999999993e-01    0.0000000000e+00    3.8456315821e-06    1.6450578850e-07    1.2330966500e-02    2.9108861918e-02    1.2310776419e-04    0.0000000000e+00
 172.5050000    5.3894048707e-06    2.1477372363e-07   -1.2442083527e-04    1.2626601853e-04    1.9857964185e-02    1.8118925533e-02    3.9728367007e-02    0.0000000000e+00    9.9999999993e-01    0.0000000000e+00    3.8501509184e-06    1.6147228956e-07    1.2343126241e-02    2.8523718268e-02    1.2318020859e-04    0.0000000000e+00
 173.0050000    5.3938131590e-06    2.1272110117e-07   -1.2441499925e-04    1.2626361354e-04    1.9867243791e-02    1.8130316680e-02    3.9174884935e-02    0.0000000000e+00    9.9999999993e-01    0.0000000000e+00    3.8535642876e-06    1.6438684089e-07    1.2351734031e-02    2.8907491628e-02    1.2320651597e-04    0.0000000000e+00
 173.5050000    5.3987500690e-06    2.1579121528e-07   -1.2443033400e-04    1.2627877619e-04    1.9881025117e-02    1.8143477745e-02    3.9684942520e-02    0.0000000000e+00    9.9999999993e-01    0.0000000000e+00    3.8578868561e-06    1.6207974125e-07    1.2363250635e-02    2.8465686211e-02    1.2331802647e-04    0.0000000000e+00
 174.0050000    5.4033333422e-06    2.1345334919e-07   -1.2444206771e-04    1.2629339109e-04    1.9892206040e-02    1.8155445638e-02    3.9122056661e-02    0.0000000000e+00    9.9999999993e-01    0.0000000000e+00    3.8616905238e-06    1.6385364597e-07    1.2373100310e-02    2.8675935948e-02    1.2337233546e-04    0.0000000000e+00
 174.5050000    5.4075250944e-06    2.1527297290e-07   -1.2445117993e-04    1.2630583392e-04    1.9904822677e-02    1.8166095491e-02    3.9356330250e-02    0.0000000000e+00    9.9999999993e-01    0.0000000000e+00    3.8655766930e-06    1.6258416084e-07    1.2383211421e-02    2.8385322141e-02    1.2339593883e-04    0.0000000000e+00
 175.0050000    5.4123702350e-06    2.1320530064e-07   -1.2445756905e-04    1.2631263656e-04    1.9917239721e-02    1.8178935642e-02    3.8841253325e-02    0.0000000000e+00    9.9999999993e-01    0.0000000000e+00    3.8696781508e-06    1.6331379959e-07    1.2394008458e-02    2.8409406386e-02    1.2354949798e-04    0.0000000000e+00
 175.5050000    5.4161959503e-06    2.1452654417e-07   -1.2446154763e-04    1.2631617846e-04    1.9927769015e-02    1.8188345108e-02    3.8984556664e-02    0.0000000000e+00    9.9999999993e-01    0.0000000000e+00    3.8730861306e-06    1.6311622794e-07    1.2402578622e-02    2.8306536251e-02    1.2361140889e-04    0.0000000000e+00
 176.0050000    5.4214019419e-06    2.1412379912e-07   -1.2446253987e-04    1.2631415467e-04    1.9940912081e-02    1.8202379851e-02    3.8775370667e-02    0.0000000000e+00    9.9999999993e-01    0.0000000000e+00    3.8774844389e-06    1.6241407805e-07    1.2414313065e-02    2.8084768516e-02    1.2369305570e-04    0.0000000000e+00
 176.5050000    5.4261824943e-06    2.1422566805e-07   -1.2445889540e-04    1.2630696142e-04    1.9953431988e-02    1.8214977419e-02    3.8675362692e-02    0.0000000000e+00    9.9999999993e-01    0.0000000000e+00    3.8808839961e-06    1.6365044611e-07    1.2422843665e-02    2.8212914039e-02    1.2383017476e-04    0.0000000000e+00
 177.0050000    5.4308598225e-06    2.1517447043e-07   -1.2445184959e-04    1.2629879554e-04    1.9967000899e-02    1.8227220489e-02    3.8768106075e-02    0.0000000000e+00    9.9999999993e-01    0.0000000000e+00    3.8854571607e-06    1.6201258845e-07    1.2435124184e-02    2.7874271225e-02    1.2387413342e-04    0.0000000000e+00
 177.5050000    5.4339036521e-06    2.1354153168e-07   -1.2443926405e-04    1.2628706911e-04    1.9976725717e-02    1.8233982291e-02    3.8344824366e-02    0.0000000000e+00    9.9999999993e-01    0.0000000000e+00    3.8889163333e-06    1.6369904175e-07    1.2443838012e-02    2.8068680854e-02    1.2397471991e-04    0.0000000000e+00
 178.0050000    5.4396910449e-06    2.1441652157e-07   -1.2442350061e-04    1.2627198936e-04    1.9989277320e-02    1.8249947519e-02    3.8404317608e-02    0.0000000000e+00    9.9999999993e-01    0.0000000000e+00    3.8928823910e-06    1.6305379267e-07    1.2454173000e-02    2.7887896105e-02    1.2409208367e-04    0.0000000000e+00
 178.5050000    5.4468101896e-06    2.1513300082e-07   -1.2440685104e-04    1.2625444082e-04    2.0004207335e-02    1.8270376389e-02    3.8391773638e-02    0.0000000000e+00    9.9999999993e-01    0.0000000000e+00    3.8965729321e-06    1.6413004552e-07    1.2463625708e-02    2.7970025424e-02    1.2413194645e-04    0.0000000000e+00
 179.0050000    5.4504866519e-06    2.1702500355e-07   -1.2438505847e-04    1.2623072849e-04    2.0020740971e-02    1.8279259440e-02    3.8663186996e-02    0.0000000000e+00    9.9999999993e-01    0.0000000000e+00    3.9014103117e-06    1.6201156734e-07    1.2476744433e-02    2.7562905787e-02    1.2423921983e-04    0.0000000000e+00
 179.5050000    5.4504566285e-06    2.1294730462e-07   -1.2436196625e-04    1.2620240249e-04    2.0026444918e-02    1.8275713015e-02    3.7805153556e-02    0.0000000000e+00    9.9999999993e-01    0.0000000000e+00    3.9045872519e-06    1.6422010606e-07    1.2484548431e-02    2.7837918434e-02    1.2432541169e-04    0.0000000000e+00
 180.0050000    5.4543803565e-06    2.1535033800e-07   -1.2433439118e-04    1.2617028002e-04    2.0034616075e-02    1.8285414941e-02    3.8159624030e-02    0.0000000000e+00    9.9999999993e-01    0.0000000000e+00    3.9082338524e-06    1.6253367181e-07    1.2493848455e-02    2.7502667012e-02    1.2437546143e-04    0.0000000000e+00
 180.5050000    5.4632370823e-06    2.1481763238e-07   -1.2429983146e-04    1.2613350438e-04    2.0049240047e-02    1.8311643231e-02    3.7888738643e-02    0.0000000000e+00    9.9999999993e-01    0.0000000000e+00    3.9123030016e-06    1.6380278660e-07    1.2504496110e-02    2.7587196277e-02    1.2448012407e-04    0.0000000000e+00
 181.0050000    5.4700852843e-06    2.1545932508e-07   -1.2426389172e-04    1.2609446513e-04    2.0067025950e-02    1.8331136068e-02    3.7951524688e-02    0.0000000000e+00    9.9999999993e-01    0.0000000000e+00    3.9162855123e-06    1.6338602301e-07    1.2514865042e-02    2.7481665851e-02    1.2455276455e-04    0.0000000000e+00
 181.5050000    5.4734458567e-06    2.1614846364e-07   -1.2422319230e-04    1.2605300722e-04    2.0078917553e-02    1.8338948472e-02    3.7952036022e-02    0.0000000000e+00    9.9999999993e-01    0.0000000000e+00    3.9203084353e-06    1.6367871969e-07    1.2525364901e-02    2.7442629354e-02    1.2458643355e-04    0.0000000000e+00
 182.0050000    5.4761971243e-06    2.1629277055e-07   -1.2419279780e-04    1.2603744351e-04    2.0088220482e-02    1.8344728201e-02    3.7872818571e-02    0.0000000000e+00    9.9999999993e-01    0.0000000000e+00    3.9240360523e-06    1.6313406868e-07    1.2534924938e-02    2.7275996727e-02    1.2469655340e-04    0.0000000000e+00
 182.5050000    5.4806672341e-06    2.1461720195e-07   -1.2421328162e-04    1.2605691608e-04    2.0099815013e-02    1.8356263718e-02    3.7505006617e-02    0.0000000000e+00    9.9999999993e-01    0.0000000000e+00    3.9278980542e-06    1.6344760252e-07    1.2544912586e-02    2.7272314380e-02    1.2477228431e-04    0.0000000000e+00
 183.0050000    5.4854457340e-06    2.1402756925e-07   -1.2422958046e-04    1.2607280187e-04    2.0112765891e-02    1.8368825045e-02    3.7247715174e-02    0.0000000000e+00    9.9999999993e-01    0.0000000000e+00    3.9315266530e-06    1.6380341876e-07    1.2554149798e-02    2.7219249807e-02    1.2478006979e-04    0.0000000000e+00
 183.5050000    5.4904225243e-06    2.1521574209e-07   -1.2424054091e-04    1.2608054095e-04    2.0125287903e-02    1.8382041568e-02    3.7348702161e-02    0.0000000000e+00    9.9999999993e-01    0.0000000000e+00    3.9355383929e-06    1.6278141288e-07    1.2564604011e-02    2.6973763491e-02    1.2489540460e-04    0.0000000000e+00
 184.0050000    5.4947215882e-06    2.1591632163e-07   -1.2424713689e-04    1.2608625722e-04    2.0136372421e-02    1.8392979672e-02    3.7368808085e-02    0.0000000000e+00    9.9999999993e-01    0.0000000000e+00    3.9393624660e-06    1.6355368893e-07    1.2574451527e-02    2.7027645966e-02    1.2494880077e-04    0.0000000000e+00
 184.5050000    5.4995545375e-06    2.1421226072e-07   -1.2425038301e-04    1.2609066039e-04    2.0150769703e-02    1.8405701303e-02    3.7024041084e-02    0.0000000000e+00    9.9999999993e-01    0.0000000000e+00    3.9434050433e-06    1.6281875990e-07    1.2584993566e-02    2.6868665311e-02    1.2496956729e-04    0.0000000000e+00
 185.0050000    5.5039083897e-06    2.1312473065e-07   -1.2424815287e-04    1.2608913754e-04    2.0163390481e-02    1.8416824040e-02    3.6679607000e-02    0.0000000000e+00    9.9999999993e-01    0.0000000000e+00    3.9468604915e-06    1.6393592492e-07    1.2593664321e-02    2.6937816510e-02    1.2515422271e-04    0.0000000000e+00
 185.5050000    5.5081887309e-06    2.1630989679e-07   -1.2424509244e-04    1.2608629752e-04    2.0174857323e-02    1.8427700292e-02    3.7158497043e-02    0.0000000000e+00    9.9999999993e-01    0.0000000000e+00    3.9510694946e-06    1.6272555117e-07    1.2604737860e-02    2.6690450139e-02    1.2521561865e-04    0.0000000000e+00
 186.0050000    5.5128867578e-06    2.1248599380e-07   -1.2423988392e-04    1.2607875271e-04    2.0189324966e-02    1.8439969494e-02    3.6396568648e-02    0.0000000000e+00    9.9999999993e-01    0.0000000000e+00    3.9548148453e-06    1.6379900088e-07    1.2614328884e-02    2.6785789115e-02    1.2525560095e-04    0.0000000000e+00
 186.5050000    5.5171191757e-06    2.1412360664e-07   -1.2422796994e-04    1.2606273493e-04    2.0200730902e-02    1.8450673875e-02    3.6534362022e-02    0.0000000000e+00    9.9999999993e-01    0.0000000000e+00    3.9582959266e-06    1.6312302299e-07    1.2623071204e-02    2.6573421745e-02    1.2542743717e-04    0.0000000000e+00
 187.0050000    5.5226814535e-06    2.1322742209e-07   -1.2421534945e-04    1.2604368235e-04    2.0215135820e-02    1.8465806627e-02    3.6332977955e-02    0.0000000000e+00    9.9999999993e-01    0.0000000000e+00    3.9626861508e-06    1.6211195009e-07    1.2634699851e-02    2.6371690988e-02    1.2548477889e-04    0.0000000000e+00
 187.5050000    5.5267054389e-06    2.1147314170e-07   -1.2419643375e-04    1.2602103774e-04    2.0224367599e-02    1.8475784582e-02    3.5909370031e-02    0.0000000000e+00    9.9999999993e-01    0.0000000000e+00    3.9658638721e-06    1.6338590991e-07    1.2642453794e-02    2.6485894904e-02    1.2552130295e-04    0.0000000000e+00
 188.0050000    5.5314897646e-06    2.1265973448e-07   -1.2417086079e-04    1.2599319630e-04    2.0239451992e-02    1.8488298367e-02    3.6027912426e-02    0.0000000000e+00    9.9999999993e-01    0.0000000000e+00    3.9701764539e-06    1.6140340304e-07    1.2653820685e-02    2.6104950923e-02    1.2566928065e-04    0.0000000000e+00
 188.5050000    5.5360728291e-06    2.0964755883e-07   -1.2414610587e-04    1.2596411009e-04    2.0251333234e-02    1.8500135359e-02    3.5410136506e-02    0.0000000000e+00    9.9999999993e-01    0.0000000000e+00    3.9738827064e-06    1.6216327715e-07    1.2663251640e-02    2.6146031136e-02    1.2572772050e-04    0.0000000000e+00
 189.0050000    5.5408028132e-06    2.0947348217e-07   -1.2411631021e-04    1.2593129758e-04    2.0263737155e-02    1.8512464216e-02    3.5288736375e-02    0.0000000000e+00    9.9999999993e-01    0.0000000000e+00    3.9772956914e-06    1.6299990180e-07    1.2671748685e-02    2.6212712569e-02    1.2576724085e-04    0.0000000000e+00
 189.5050000    5.5454880636e-06    2.1163411182e-07   -1.2408313165e-04    1.2589130003e-04    2.0276573069e-02    1.8524642622e-02    3.5544082776e-02    0.0000000000e+00    9.9999999993e-01    0.0000000000e+00    3.9813559443e-06    1.6180242120e-07    1.2682306470e-02    2.5941756901e-02    1.2590632024e-04    0.0000000000e+00
 190.0050000    5.5504738346e-06    2.1103016761e-07   -1.2404830875e-04    1.2584797095e-04    2.0290161499e-02    1.8537814174e-02    3.5334228187e-02    0.0000000000e+00    9.9999999993e-01    0.0000000000e+00    3.9854263067e-06    1.6177583222e-07    1.2692888628e-02    2.5857122287e-02    1.2593911834e-04    0.0000000000e+00
 190.5050000    5.5550094596e-06    2.0893840717e-07   -1.2400647423e-04    1.2581296348e-04    2.0303109300e-02    1.8549473696e-02    3.4900242121e-02    0.0000000000e+00    9.9999999993e-01    0.0000000000e+00    3.9890486638e-06    1.6261684681e-07    1.2702037441e-02    2.5927444997e-02    1.2598698190e-04    0.0000000000e+00
 191.0050000    5.5590569873e-06    2.1030707390e-07   -1.2400923109e-04    1.2583119403e-04    2.0315171106e-02    1.8559497636e-02    3.5016856952e-02    0.0000000000e+00    9.9999999993e-01    0.0000000000e+00    3.9927824441e-06    1.6207841453e-07    1.2711535986e-02    2.5760330981e-02    1.2612952576e-04    0.0000000000e+00
 191.5050000    5.5640386631e-06    2.0856587877e-07   -1.2402615525e-04    1.2584877586e-04    2.0329780431e-02    1.8572633448e-02    3.4663881768e-02    0.0000000000e+00    9.9999999993e-01    0.0000000000e+00    3.9969428749e-06    1.6116024949e-07    1.2722387789e-02    2.5565941576e-02    1.2612056927e-04    0.0000000000e+00
 192.0050000    5.5688192959e-06    2.0541761682e-07   -1.2403907041e-04    1.2586240174e-04    2.0339743078e-02    1.8585099531e-02    3.4000881453e-02    0.0000000000e+00    9.9999999993e-01    0.0000000000e+00    4.0000204857e-06    1.6275714060e-07    1.2729794135e-02    2.5712387182e-02    1.2618895494e-04    0.0000000000e+00
 192.5050000    5.5731345065e-06    2.0987722462e-07   -1.2404782490e-04    1.2586920069e-04    2.0351180544e-02    1.8596014577e-02    3.4671766138e-02    0.0000000000e+00    9.9999999993e-01    0.0000000000e+00    4.0041226120e-06    1.6017767713e-07    1.2740461187e-02    2.5258817020e-02    1.2631288512e-04    0.0000000000e+00
 193.0050000    5.5779278209e-06    2.0557567324e-07   -1.2405492635e-04    1.2587497921e-04    2.0365469836e-02    1.8608518411e-02    3.3865845754e-02    0.0000000000e+00    9.9999999993e-01    0.0000000000e+00    4.0082285538e-06    1.6027882625e-07    1.2751135303e-02    2.5199795142e-02    1.2630465287e-04    0.0000000000e+00
 193.5050000    5.5822009501e-06    2.0373192259e-07   -1.2405638939e-04    1.2587492296e-04    2.0378025525e-02    1.8619280105e-02    3.3464405517e-02    0.0000000000e+00    9.9999999993e-01    0.0000000000e+00    4.0114638800e-06    1.6070487290e-07    1.2759034703e-02    2.5193491208e-02    1.2636184552e-04    0.0000000000e+00
 194.0050000    5.5874755722e-06    2.0439549488e-07   -1.2405221314e-04    1.2586785149e-04    2.0393545816e-02    1.8633371399e-02    3.3470082873e-02    0.0000000000e+00    9.9999999993e-01    0.0000000000e+00    4.0155837319e-06    1.5968266922e-07    1.2769740069e-02    2.4955986788e-02    1.2653874378e-04    0.0000000000e+00
 194.5050000    5.5918625793e-06    2.0428832274e-07   -1.2404599548e-04    1.2585887755e-04    2.0403971118e-02    1.8644492059e-02    3.3374284138e-02    0.0000000000e+00    9.9999999993e-01    0.0000000000e+00    4.0190737732e-06    1.6093724460e-07    1.2778434588e-02    2.5092900470e-02    1.2658586760e-04    0.0000000000e+00
 195.0050000    5.5968072344e-06    2.0461436806e-07   -1.2403442884e-04    1.2584545261e-04    2.0418182981e-02    1.8657466608e-02    3.3319892445e-02    0.0000000000e+00    9.9999999993e-01    0.0000000000e+00    4.0232494878e-06    1.5982752808e-07    1.2789304962e-02    2.4839543174e-02    1.2665132967e-04    0.0000000000e+00
 195.5050000    5.6011476038e-06    2.0340525758e-07   -1.2401910743e-04    1.2582658997e-04    2.0430047162e-02    1.8668424543e-02    3.3043914714e-02    0.0000000000e+00    9.9999999993e-01    0.0000000000e+00    4.0265716035e-06    1.6049431254e-07    1.2797459856e-02    2.4883302015e-02    1.2678676661e-04    0.0000000000e+00
 196.0050000    5.6062951266e-06    2.0464900673e-07   -1.2400173493e-04    1.2580472494e-04    2.0443075664e-02    1.8682066049e-02    3.3153136058e-02    0.0000000000e+00    9.9999999993e-01    0.0000000000e+00    4.0308524323e-06    1.5859885144e-07    1.2808656907e-02    2.4520935406e-02    1.2684995169e-04    0.0000000000e+00
 196.5050000    5.6111644944e-06    2.0013931623e-07   -1.2397833193e-04    1.2577774822e-04    2.0455204122e-02    1.8694776693e-02    3.2338480781e-02    0.0000000000e+00    9.9999999993e-01    0.0000000000e+00    4.0342638636e-06    1.6017812368e-07    1.2817088543e-02    2.4698177935e-02    1.2691880376e-04    0.0000000000e+00
 197.0050000    5.6160697003e-06    2.0130796098e-07   -1.2395006924e-04    1.2574464256e-04    2.0468560953e-02    1.8707601493e-02    3.2401107807e-02    0.0000000000e+00    9.9999999993e-01    0.0000000000e+00    4.0379004127e-06    1.5872257669e-07    1.2826231695e-02    2.4380468275e-02    1.2703509644e-04    0.0000000000e+00
 197.5050000    5.6211270942e-06    2.0082906818e-07   -1.2391917355e-04    1.2570802568e-04    2.0482018129e-02    1.8720927032e-02    3.2251112359e-02    0.0000000000e+00    9.9999999993e-01    0.0000000000e+00    4.0420392855e-06    1.5795339991e-07    1.2836965696e-02    2.4206540908e-02    1.2708105907e-04    0.0000000000e+00
 198.0050000    5.6255727444e-06    1.9873556751e-07   -1.2388327362e-04    1.2566645890e-04    2.0493648291e-02    1.8732215685e-02    3.1838436138e-02    0.0000000000e+00    9.9999999993e-01    0.0000000000e+00    4.0452755884e-06    1.5919029527e-07    1.2844833263e-02    2.4337155140e-02    1.2714729795e-04    0.0000000000e+00
 198.5050000    5.6299928067e-06    2.0254908957e-07   -1.2384246376e-04    1.2561915521e-04    2.0507555663e-02    1.8743419242e-02    3.2351077647e-02    0.0000000000e+00    9.9999999993e-01    0.0000000000e+00    4.0495722458e-06    1.5778071722e-07    1.2856066550e-02    2.4050102480e-02    1.2727770840e-04    0.0000000000e+00
 199.0050000    5.6352157016e-06    1.9805742963e-07   -1.2380588269e-04    1.2562237137e-04    2.0520951157e-02    1.8757292330e-02    3.1550273001e-02    0.0000000000e+00    9.9999999993e-01    0.0000000000e+00    4.0532837229e-06    1.5860594276e-07    1.2865440157e-02    2.4109527568e-02    1.2727716433e-04    0.0000000000e+00
 199.5050000    5.6401319753e-06    1.9908611607e-07   -1.2382635623e-04    1.2564253180e-04    2.0533298901e-02    1.8770144267e-02    3.1628907984e-02    0.0000000000e+00    9.9999999993e-01    0.0000000000e+00    4.0567472739e-06    1.5836737700e-07    1.2874026416e-02    2.4009994418e-02    1.2736018288e-04    0.0000000000e+00
 200.0050000    5.6449253732e-06    1.9951329753e-07   -1.2384258601e-04    1.2565664372e-04    2.0546517177e-02    1.8782582596e-02    3.1599444560e-02    0.0000000000e+00    9.9999999993e-01    0.0000000000e+00    4.0609103353e-06    1.5749779770e-07    1.2884828504e-02    2.3804312425e-02    1.2748592893e-04    0.0000000000e+00
