# time  Re_m-2(R=8)  Im_m-2(R=8)  Re_m-1(R=8)  Im_m-1(R=8)  Re_m0(R=8)  Im_m0(R=8)  Re_m1(R=8)  Im_m1(R=8)  Re_m2(R=8)  Im_m2(R=8)  Re_m-2(R=16)  Im_m-2(R=16)  Re_m-1(R=16)  Im_m-1(R=16)  Re_m0(R=16)  Im_m0(R=16)  Re_m1(R=16)  Im_m1(R=16)  Re_m2(R=16)  Im_m2(R=16)
0.0000000000000000e+00  2.7395846827802076e-05  4.4114774024379901e-05  5.1869527241551566e-05  -2.9332936566966272e-06  -2.6211252527858738e-05  1.2087012231624955e-06  -1.4407154149736757e-05  2.1766239014859083e-06  2.8449639271933347e-05  -4.4047644352702190e-05  2.2119283588558607e-07  9.9809911792354956e-07  -1.1523414314684067e-06  -7.1357178716344636e-08  5.9084233476036534e-07  1.7624113416460225e-09  -1.7966808369261683e-07  7.7261471618022986e-08  2.1335441457886442e-07  -9.6436707071996595e-07
8.0000000000000004e-01  2.5999655253731760e-05  3.8554807489705368e-05  3.8727916981654939e-05  -3.2366175422870539e-07  -2.1842336410415785e-05  -4.4719185833965432e-07  -3.1133279302423476e-05  6.8558497043670282e-07  2.6304716848713674e-05  -3.8376601641747523e-05  5.4261987761971807e-08  6.2351509537415214e-08  2.0842134809456141e-07  -7.4196689121727038e-10  -3.1972587683915851e-08  -2.1614983239334126e-09  1.8386985656441614e-07  9.8813762007578563e-09  5.3023435089528035e-08  -6.3728101672816318e-08
1.6000000000000001e+00  2.3740460522747391e-05  3.7532805473753579e-05  3.9659642920651254e-05  -3.1976264695855565e-07  -2.0237157581176501e-05  -1.6475108166643408e-07  -3.0042389882207392e-05  4.5145981241834740e-07  2.3750949671767801e-05  -3.7390646790723247e-05  2.3524229528421484e-08  8.9281121366010354e-08  1.2713112587852410e-07  2.4934877753332272e-08  -2.3828538730532267e-08  7.7091874426616316e-10  3.1713197515451273e-08  -7.3165661303161712e-09  3.6051593850665716e-08  -8.9012464755448376e-08
2.3999999999999901e+00  2.3029931717232947e-05  3.6367907852720388e-05  3.9097844946674187e-05  3.0057283581299849e-07  -1.9153777251695972e-05  -2.3881902120804782e-08  -2.8783925793123341e-05  -4.3988429007483519e-07  2.2105288671798636e-05  -3.6196839702384255e-05  1.0117202841997739e-07  1.7149260218600331e-08  4.0791948803868686e-08  1.6827276731021539e-08  -7.2665120828593537e-08  1.4858109095586826e-08  5.3387704565146801e-08  -3.2879914295604857e-08  8.1040324416631936e-08  -3.9892845367360819e-09
3.1999999999999802e+00  1.9349777358783644e-05  3.5662132111448814e-05  3.8680717049435428e-05  -3.8646959464819292e-07  -1.6558500543391139e-05  -3.1404953621763367e-07  -2.8550248240819952e-05  4.9437924159456393e-07  1.9734605103017810e-05  -3.5777678661210379e-05  -2.4483504294391009e-08  1.2945558713906606e-07  2.1067739004587434e-07  -1.5886183723746683e-08  -5.0430679190511344e-10  -2.1967100017175968e-08  2.7146309871825052e-08  1.3005238968201066e-08  4.2058175496047453e-08  -1.4558339302014499e-07
3.9999999999999600e+00  1.9140938332036145e-05  3.4460813186435092e-05  3.7930262452044131e-05  1.8945198268712989e-08  -1.6129440037209559e-05  -2.2912001894899966e-07  -2.6882559673108603e-05  -3.8435413963396938e-07  1.8510341375162202e-05  -3.4498781061397905e-05  1.4758856672631961e-07  1.8550801454782426e-08  7.0379095602189893e-08  1.5104992807242515e-07  -2.6967482309618965e-08  -1.2920985887765808e-08  9.3345531394079233e-08  -1.2759019121015229e-07  -8.1903994479495433e-08  -2.4663130419200109e-08
4.7999999999999403e+00  1.6675111160899081e-05  3.3885225073972533e-05  3.6700054849951998e-05  -1.3987799630618435e-07  -1.4096339030240126e-05  -1.5162484868413611e-07  -2.6947503952661216e-05  1.7483646258792057e-07  1.6716926249577001e-05  -3.3855251756613292e-05  -3.5914674749241865e-08  1.4029232448367318e-07  1.7877564127016702e-07  -7.9769851260470606e-08  -7.2464216739134577e-08  4.0734475857607348e-08  -6.0355343839083318e-09  1.1804367853510985e-07  2.0692006240194290e-07  -1.0247950543748052e-07
5.5999999999999304e+00  1.4889403605778990e-05  3.3393025006213128e-05  3.6515942703084145e-05  -1.1350380567211125e-07  -1.2407484366914417e-05  -1.5902115685827282e-07  -2.6084702877391709e-05  6.5147912249083743e-08  1.4812740030230857e-05  -3.3397548277618421e-05  -1.4739008757226514e-07  1.4923221336457664e-07  2.5474472880029188e-07  -4.2960489012256774e-08  9.0883108177494763e-08  -6.4728658513810001e-09  -3.3518435157851193e-08  8.1324546277005340e-09  -8.2140703878911273e-08  -1.6956409932863477e-07
6.3999999999999098e+00  1.4552219449572784e-05  3.2375708857284917e-05  3.5441310269566429e-05  8.7489654778124025e-08  -1.2016771315111305e-05  -2.2603761218571419e-07  -2.5282441764094496e-05  -3.9321722563325312e-07  1.3822492843417526e-05  -3.2445988866273254e-05  1.3891095287211317e-07  1.5535032606041255e-07  1.6687494964190414e-07  2.5777883656096042e-07  4.1405236280309197e-08  -5.5698538705416317e-08  -8.3866300820309370e-08  -1.7082209984651865e-07  -2.2128120279169628e-07  -1.8899742063417936e-07
7.1999999999998900e+00  1.2908468470631437e-05  3.1969112796362418e-05  3.4946392805422656e-05  2.3433625546155602e-07  -1.0690706043574323e-05  -1.5288645923551111e-07  -2.4877582258201288e-05  -2.1067736298044717e-07  1.2375343149086116e-05  -3.1988719272069286e-05  -8.6951467218793132e-08  -3.2971499013355779e-08  8.1245399775087877e-08  -2.0969784695349077e-07  -8.6202208512400280e-08  2.4538731964936713e-08  1.8753281034109563e-07  1.2776126036886516e-07  2.6242621289075872e-07  4.3592165329758437e-08
7.9999999999998703e+00  1.2887219160869620e-05  3.0823202641548201e-05  3.3720027398265970e-05  1.5823652139438026e-07  -1.0439547008741125e-05  -1.4918443768251243e-07  -2.3750622407970603e-05  -3.5787286092469741e-07  1.2052626708607304e-05  -3.0828317761505717e-05  -8.7511585165112953e-10  1.8343654542863591e-07  2.4812338093965844e-07  1.4893772159312280e-07  6.0152037911395020e-08  3.5800771356392653e-08  -6.3829615958613963e-08  -6.2882789067741444e-08  -1.6704175806967859e-07  -1.4736485165287361e-07
8.7999999999998604e+00  1.2681537013482344e-05  3.0229858872996545e-05  3.3169504384584141e-05  3.8724071207152940e-07  -1.0153909084616619e-05  -1.9605258961082297e-07  -2.3157111358412938e-05  -4.9054748210984268e-07  1.1664631276601367e-05  -3.0296064634224150e-05  -7.3314997783337618e-07  3.3467777830797426e-07  3.7262037254280183e-07  -7.6617937996720651e-08  4.4179736537628520e-07  -6.1818124565440634e-09  -2.3626061255236842e-07  2.7803577471887304e-07  -3.3710194916288634e-07  -3.4018228220093558e-07
9.5999999999998398e+00  1.1465714400386383e-05  2.9525478568355720e-05  3.2264193237330300e-05  1.9196430156933012e-07  -9.3108008368367092e-06  -4.3583200029054856e-08  -2.2528964772268055e-05  -2.2543840752753268e-07  1.0843553959356034e-05  -2.9474483833800653e-05  -2.2239641087676638e-07  1.2475761022388272e-07  1.9175088427237163e-07  1.7418309754715644e-07  2.7585058127440846e-07  -3.3522721078859570e-08  -5.4197417494644897e-08  -9.2312346742620437e-08  -4.4326202790388078e-07  -1.6350582634037393e-07
1.0399999999999800e+01  1.1377192950076970e-05  2.8972635608163419e-05  3.1754880315238560e-05  3.7579891969102066e-07  -9.0489888717371728e-06  -1.5197779742337948e-07  -2.1997780907671833e-05  -4.8407494783484215e-07  1.0292062557235937e-05  -2.9008827071507514e-05  -5.4093873110126785e-07  2.9276147949333608e-07  3.4324802225105070e-07  1.7169546787853712e-07  4.5956365439981754e-07  3.8124010292947868e-09  -1.9456698045412642e-07  8.0961366893090453e-08  -6.1394902244848077e-07  -2.7976304009467179e-07
1.1199999999999800e+01  1.0981389409521656e-05  2.8167585852687621e-05  3.0913073857373322e-05  4.2609415385322190e-07  -8.6572796160274573e-06  -1.3183347194716720e-07  -2.1171433061506229e-05  -3.9298523921903591e-07  1.0050383785163914e-05  -2.8199209504523609e-05  -8.5984293870415947e-07  2.1028446221810374e-07  3.1801807549968145e-07  -4.6913549105421129e-08  6.5382956011831321e-07  -1.5364678137989306e-08  -5.2692798638421295e-08  8.3034521157602257e-08  -6.8629688358774581e-07  -2.2374899826430958e-07
1.1999999999999799e+01  9.5977391585220988e-06  2.7606911639911123e-05  3.0268884012389863e-05  2.9604571623938817e-07  -7.5690042330503005e-06  2.7639239575689430e-09  -2.0580318043373643e-05  -2.8988154684555206e-07  8.8141139552464476e-06  -2.7530870101128750e-05  -1.1029506893903564e-06  9.9212992700668698e-08  1.7336641258550859e-07  2.9392505134744683e-08  8.8771160650608879e-07  5.7072430523815439e-09  2.6029933697870760e-08  -5.5705416233366453e-08  -1.1129427612391477e-06  -1.0094206921912507e-07
1.2799999999999800e+01  9.2866239723904825e-06  2.7016127408287812e-05  2.9708588774237705e-05  6.0589705346913459e-07  -7.1250582376178366e-06  -1.4129885386548958e-07  -2.0065073750638075e-05  -5.0584653566928438e-07  7.9777385291191989e-06  -2.7058175885933121e-05  -1.7688349678238550e-06  4.6228203793249212e-07  4.8497966312817645e-07  -1.1692692649109920e-07  1.3059845131317347e-06  6.8894936601882569e-08  -4.1088427037900708e-07  1.7635651435436902e-07  -1.4817748531714135e-06  -4.0413712901047629e-07
1.3599999999999801e+01  9.0644209208118977e-06  2.6137804651914127e-05  2.8760913624745833e-05  5.7980447975811777e-07  -6.8510414796000512e-06  -1.5713367918571413e-07  -1.9250955143287793e-05  -6.6352191933695413e-07  7.6712546967903357e-06  -2.6201451974419671e-05  -1.7031622495872446e-06  3.3682026520323150e-07  3.6965654138012196e-07  2.0396338244067450e-08  1.3997608436157774e-06  -2.8564557926764396e-08  -2.3541476950034067e-07  4.8751545095862136e-08  -1.6485227364824404e-06  -3.6020089954035867e-07
1.4399999999999700e+01  8.1641428163504580e-06  2.5530755307325281e-05  2.8114588825396924e-05  4.3413238844994598e-07  -6.1385285790314692e-06  -4.4410318358820839e-08  -1.8578099195367033e-05  -5.7448659875899271e-07  6.9943960203883797e-06  -2.5509844564029578e-05  -1.2091852951596173e-06  2.4216857142007589e-07  3.6574018963009398e-07  1.6762873665352069e-07  1.1021574949306177e-06  -1.0958148331201454e-07  -1.4686738203978839e-07  -2.0293567657288674e-07  -1.5059088036625749e-06  -3.3247984343307528e-07
1.5199999999999701e+01  7.2634420943026265e-06  2.5122588657425048e-05  2.7697844871662271e-05  4.4161962139251735e-07  -5.4098533573962689e-06  -5.3468993030592357e-09  -1.8152358341119376e-05  -5.6863644645800968e-07  6.0828793280253121e-06  -2.5069598702174507e-05  -1.5988730723640480e-06  3.2918416239605572e-07  3.7876583893008584e-07  -6.4917468363535902e-08  1.2142968129482310e-06  1.1782002384158327e-07  -1.4406941721236677e-07  4.7669422810510320e-08  -1.3961292381211162e-06  -2.3305811659698662e-07
1.5999999999999700e+01  6.8353787421262824e-06  2.4567949333157350e-05  2.7127046894631515e-05  6.1721675698978426e-07  -4.9529073750600731e-06  -8.6759922386170208e-08  -1.7669249247181538e-05  -6.2179257674654740e-07  5.4328364165202915e-06  -2.4585709457596592e-05  -1.1219487675353818e-06  4.8722004402605605e-07  5.6608432266854538e-07  1.5815613390223854e-07  1.0106423536361903e-06  -2.9904590597175219e-08  -4.0215614139620832e-07  -1.0257851923827047e-07  -1.4107443106503270e-06  -5.1287168167965402e-07
1.6799999999999802e+01  6.5009949341866256e-06  2.3895969218917828e-05  2.6447917990769147e-05  6.7033072806985273e-07  -4.5928022955209573e-06  -1.0858756648734560e-07  -1.7002225919273887e-05  -6.7305226554475454e-07  5.0021007574683059e-06  -2.3936548828850011e-05  -1.8720224856997211e-07  1.9349241590618580e-07  2.8846726810355246e-07  1.2302699329050992e-07  2.4319288542471040e-07  -5.0283125662633806e-08  -1.0821361957672148e-07  -1.1173482310339862e-07  -4.0122525118273648e-07  -2.3607666925675498e-07
1.7600000000000001e+01  5.9417637153149686e-06  2.3340831771376337e-05  2.5855242314400562e-05  6.0526141547932520e-07  -4.1298202996041453e-06  -4.0924372392407285e-08  -1.6421864735575406e-05  -6.8078802736986137e-07  4.4916108719050874e-06  -2.3329239645206236e-05  -3.8841319286826104e-08  2.6578903103860329e-07  2.8027258137719229e-07  6.0192426333231944e-08  2.6570703744071303e-08  1.6794984745981474e-08  -1.6356715340019106e-07  -3.7909310737487485e-08  -6.0287144928347629e-08  -2.4743174979403084e-07
1.8400000000000102e+01  5.3141287012932042e-06  2.2873471213658665e-05  2.5366358925360191e-05  6.4238605288940968e-07  -3.5861158045222644e-06  -3.8003495102115720e-08  -1.5970526377519993e-05  -6.6879719875012312e-07  3.8408809617050463e-06  -2.2862145089857947e-05  2.8885297363498019e-07  3.1842351145279517e-07  3.8344704915523774e-07  6.3873605034988618e-08  -2.3320514956182482e-07  -1.6214782028191109e-08  -2.0908300967506485e-07  1.0391908073573892e-09  2.9182979610499094e-07  -3.3857411412701628e-07
1.9200000000000198e+01  4.8128372679070551e-06  2.2354469133698329e-05  2.4850002752781273e-05  6.9133862294747536e-07  -3.1229447035715904e-06  -6.5823824592560418e-08  -1.5465758889393182e-05  -7.0891978993209263e-07  3.2528491503936969e-06  -2.2368973307380465e-05  1.1969287959649352e-07  3.9534207530630003e-07  4.6209882716361741e-07  -4.4879357910314268e-08  -1.7797499526643335e-07  3.8728629925157257e-08  -2.6729112811558947e-07  1.1043843099977122e-07  2.8098735143628327e-07  -3.6359489393786485e-07
2.0000000000000298e+01  4.3342191831515543e-06  2.1842584973314307e-05  2.4323367038640642e-05  6.9230983563915118e-07  -2.7028763027060335e-06  -5.0172919989183796e-08  -1.4951091689380589e-05  -7.3639557231840210e-07  2.7456397423645795e-06  -2.1847489413989576e-05  -3.1873014761715681e-08  4.2932167262284076e-07  5.0891541428699649e-07  4.9886550236572819e-08  -8.5920280254572286e-09  2.3100455795745537e-08  -2.8466861400991354e-07  8.3153245155383157e-08  2.9294183594146483e-08  -4.0863636362241381e-07
2.0800000000000502e+01  3.8464139828590848e-06  2.1367303181063334e-05  2.3835562965110907e-05  7.1574343073686305e-07  -2.2659547651359167e-06  -4.0392816887454052e-08  -1.4477263171189611e-05  -7.5031782798671187e-07  2.2190006063102886e-06  -2.1366637505302019e-05  1.1522774601870676e-07  3.8466116817749491e-07  4.5139793626954087e-07  1.2148776216625562e-07  -5.6299257436621846e-08  -2.9833872398681137e-08  -2.9453623477263152e-07  -2.2931881164108903e-08  1.4938098075523776e-08  -4.0958742967097974e-07
2.1600000000000598e+01  3.3579663099265896e-06  2.0905709461219885e-05  2.3367502529867161e-05  7.4206396667084840e-07  -1.8220446029158369e-06  -4.3182266376963657e-08  -1.4020097861610801e-05  -7.6579236627562398e-07  1.6854096159243535e-06  -2.0909819044566509e-05  2.9344938116157715e-07  2.3351844346455332e-07  2.9319459032205555e-07  1.0031715543782940e-07  -1.6994525382143473e-07  -7.1570011615297252e-08  -1.7156347197756785e-07  -1.1026070773266598e-07  1.1186673256965370e-07  -2.9130357598551062e-07
2.2400000000000698e+01  2.8718149593827656e-06  2.0448060069709116e-05  2.2900783546135297e-05  7.5847822685312504e-07  -1.3909671714802333e-06  -4.1357064149327923e-08  -1.3565694173905285e-05  -7.7535354263927361e-07  1.1729213798117845e-06  -2.0453029343498543e-05  2.6252573552461388e-09  2.4654354737356375e-07  3.1186175066845795e-07  -7.3406517087190208e-08  -3.2406351368739642e-08  3.2976686781599802e-08  -1.0329476965932230e-07  -4.3139171107179564e-08  8.3700998505938320e-08  -2.2295809568349339e-07
2.3200000000000799e+01  2.3968898287744175e-06  1.9999251278869477e-05  2.2441518791479825e-05  7.7667411480889341e-07  -9.7581046260629018e-07  -3.6976357725036828e-08  -1.3120719252685361e-05  -7.8561975194969632e-07  6.6990501021870539e-07  -2.0002742648455887e-05  -3.7311553184084456e-07  4.4972759747417175e-07  5.1194010861628543e-07  -8.6496068179430196e-08  2.3358383685352270e-07  6.3107525929808536e-08  -3.0114389367793409e-07  2.2516668297651503e-08  -2.2050279286128953e-07  -3.9814111597085928e-07
2.4000000000000998e+01  1.9365298022534131e-06  1.9566978677703594e-05  2.2002163320163434e-05  7.9872425273970716e-07  -5.6912500502510960e-07  -3.4403849961664381e-08  -1.2690282124017875e-05  -8.0174973481360466e-07  1.6938418784720288e-07  -1.9570479236173292e-05  -3.1236720342042396e-07  4.7891887426294142e-07  5.4654717540822277e-07  5.2773059578476586e-08  2.5577720969532751e-07  -2.8514203591528008e-08  -3.8681472007608249e-07  -8.0419095957250738e-09  -3.3847745319821060e-07  -5.0082124906750211e-07
2.4800000000001098e+01  1.4813325423101199e-06  1.9144531023495827e-05  2.1575318597510159e-05  8.2067456392300840e-07  -1.5889811179011985e-07  -3.2490095833972833e-08  -1.2267255783975079e-05  -8.1592433006133223e-07  -3.2556407739480685e-07  -1.9148396818343206e-05  -1.8062361827076690e-07  3.7748118109810316e-07  4.5804040327480864e-07  7.1110574094098462e-08  1.7246875224286503e-07  -4.5245403822701792e-08  -2.7905088394765562e-07  -2.9735277879659581e-08  -2.4232897646027852e-07  -4.1535104415788292e-07
2.5600000000001199e+01  1.0170541373430002e-06  1.8729851533281973e-05  2.1155960026571419e-05  8.3780375150549730e-07  2.5613661996460698e-07  -2.9843216926586044e-08  -1.1852789354902264e-05  -8.2061506692317374e-07  -8.1486719223325511e-07  -1.8733285389397612e-05  -2.8344993136826057e-07  4.0191580511443369e-07  4.6139134151763642e-07  5.0634427019866075e-09  2.1927124906899328e-07  1.3672823389162835e-08  -2.8296853535288449e-07  -5.5576534567677258e-09  -2.5784931383291645e-07  -3.9216528828851478e-07
2.6400000000001299e+01  5.5102416295799339e-07  1.8326303370378667e-05  2.0747364718708139e-05  8.5007478235162214e-07  6.6383043838967410e-07  -2.7782705576102067e-08  -1.1450993792548451e-05  -8.2271048357029012e-07  -1.2967212793509501e-06  -1.8329719489882498e-05  -4.4274841179648194e-07  4.7745046723827500e-07  5.3593957645476756e-07  1.6386224999059090e-08  3.4099133300088653e-07  1.1972706365232173e-08  -3.6360064907893958e-07  1.5172736692464242e-08  -4.0648800102580558e-07  -4.6764072828347108e-07
2.7200000000001499e+01  1.0620604815411950e-07  1.7931760913036682e-05  2.0348463369609259e-05  8.6279914957732644e-07  1.0515099538144103e-06  -2.6816143037051454e-08  -1.1058116373023836e-05  -8.3141709046713935e-07  -1.7643057290906475e-06  -1.7935973855318127e-05  -5.3941457658417746e-07  4.9010452542345790e-07  5.6371888080019804e-07  3.7283509994382253e-08  4.3416754610600884e-07  -1.5244095295899685e-08  -3.7884092030879589e-07  6.7596936731853769e-09  -5.3228257197448743e-07  -5.0252458982302793e-07
2.8000000000001599e+01  -3.1646946737030136e-07  1.7546103948297880e-05  1.9959906989671468e-05  8.7896152016456022e-07  1.4252443294607272e-06  -2.5571505730228894e-08  -1.0672175400405797e-05  -8.4342448486365695e-07  -2.2186229798809577e-06  -1.7550773934427595e-05  -6.1814002615106842e-07  5.0111730082643557e-07  5.7117945521612241e-07  2.9383384931225503e-08  4.9898392796981147e-07  -5.3043196849314593e-09  -3.8743891443751222e-07  2.8426353405983336e-09  -6.0682244535973220e-07  -5.0629844205280879e-07
2.8800000000001699e+01  -7.3789860510453962e-07  1.7171909759620498e-05  1.9583748099958031e-05  8.9383563454776711e-07  1.8017220751551330e-06  -2.3572284019394003e-08  -1.0296418522208695e-05  -8.4995706456164024e-07  -2.6663646831972243e-06  -1.7176315016797461e-05  -6.8113739326996543e-07  5.3127135817413046e-07  5.9852889883961704e-07  4.0959184785685245e-08  5.5256593151388874e-07  1.2295774700042185e-09  -4.1642769874022320e-07  2.2049737818884376e-09  -6.7974293722186295e-07  -5.3033024041575313e-07
2.9600000000001799e+01  -1.1714176153077671e-06  1.6809099854666857e-05  1.9218925414659038e-05  9.0169490420978351e-07  2.1857714101234107e-06  -2.2110751748599992e-08  -9.9332136473403803e-06  -8.5132705508049333e-07  -3.1128487393856926e-06  -1.6813597943711051e-05  -7.3431511594205584e-07  5.5587914023865776e-07  6.2346168964673283e-07  5.4662847419272599e-08  6.0190742936036420e-07  -3.1562767990930238e-09  -4.4257059172850291e-07  -6.7076967210380850e-10  -7.5016741017089417e-07  -5.5889156559793216e-07
3.0400000000001999e+01  -1.6117064254407592e-06  1.6455959152932047e-05  1.8863593987274093e-05  9.0528099160033101e-07  2.5707826690461850e-06  -2.1850710491134990e-08  -9.5808321621917482e-06  -8.5521121697198842e-07  -3.5629233428458772e-06  -1.6461449919562033e-05  -8.0267526785649221e-07  5.7385576484242717e-07  6.4254350374452177e-07  5.6320388187356986e-08  6.6114834932002690e-07  -3.5507289375459938e-09  -4.6193462660594091e-07  3.4426220808731706e-09  -8.1753845875394653e-07  -5.7752512960202144e-07
3.1200000000002099e+01  -2.0450654938954419e-06  1.6112484789353542e-05  1.8517781902560452e-05  9.1236504242794410e-07  2.9497870584527073e-06  -2.1572072725461113e-08  -9.2383160523579048e-06  -8.6433944543336574e-07  -4.0153262908919610e-06  -1.6118912665426761e-05  -8.8209485611099495e-07  5.8755984894203207e-07  6.5524965195433921e-07  5.9062529585006921e-08  7.2406279863876843e-07  -2.2676023142522341e-09  -4.7199537232999518e-07  8.7038235236781308e-09  -8.9331552690239076e-07  -5.8911295904139672e-07
3.2000000000002203e+01  -2.4730082851134814e-06  1.5780740900658707e-05  1.8184394534999913e-05  9.2305423649946411e-07  3.3275108153378949e-06  -2.0162522860597789e-08  -8.9056461200080251e-06  -8.7307818648137159e-07  -4.4674499255073731e-06  -1.5787070513628624e-05  -9.5130027649807512e-07  5.9910468414774738e-07  6.6636570628297422e-07  6.7165461478793299e-08  7.8300914506029518e-07  -1.4248456379475409e-09  -4.8364722617271332e-07  5.9521836569242304e-09  -9.7424334557180159e-07  -6.0102804817761724e-07
3.2800000000002001e+01  -2.9147024162000689e-06  1.5460300174559296e-05  1.7862366833450307e-05  9.2972339855700858e-07  3.7171395928325961e-06  -1.8434313641755322e-08  -8.5841771540520729e-06  -8.7737996641870747e-07  -4.9256884813012212e-06  -1.5466273727458472e-05  -1.0009902820393164e-06  6.0951791739531031e-07  6.8192841663848999e-07  7.7891312813159556e-08  8.3474637353294869e-07  -1.2119168446606736e-09  -4.9741699748716616e-07  -3.3710676413199878e-09  -1.0443208089257439e-06  -6.1095003540066911e-07
3.3600000000001899e+01  -3.3793498513685564e-06  1.5150542139065973e-05  1.7552712089803299e-05  9.2971141854836711e-07  4.1243566335842693e-06  -1.7791058328554368e-08  -8.2745839690967211e-06  -8.8024147553973496e-07  -5.3970432487357831e-06  -1.5156990925993621e-05  -1.0415647980152137e-06  6.1972083807544074e-07  6.8508557866618676e-07  8.3473491324526754e-08  8.7187995652771709e-07  -1.1726485627774420e-09  -5.0287275900718184e-07  -6.7169529275997395e-09  -1.0944476779690956e-06  -6.1996779204259871e-07
3.4400000000001697e+01  -3.8553290898329164e-06  1.4851296274230756e-05  1.7252902467679570e-05  9.2982891740591910e-07  4.5394356796667713e-06  -1.7873922711921372e-08  -7.9744203185074859e-06  -8.8561527869161424e-07  -5.8815501867269881e-06  -1.4858595818613098e-05  -1.0822525870370743e-06  6.2520868737670120e-07  6.8748252630885375e-07  7.9019869757784318e-08  9.0120439181181955e-07  -1.0168778212805109e-09  -5.0805751483512969e-07  4.4287204400500145e-10  -1.1274491905431007e-06  -6.2750334643250083e-07
3.5200000000001602e+01  -4.3336504374259892e-06  1.4561044895860340e-05  1.6961380567699766e-05  9.3602572973038430e-07  4.9554786410584785e-06  -1.6959118137643427e-08  -7.6838368305372391e-06  -8.9330327875929242e-07  -6.3777384205881941e-06  -1.4568672427595027e-05  -1.1281821420932186e-06  6.2533582802960499e-07  6.9898058728071814e-07  7.8724602644400561e-08  9.3575985787759577e-07  -1.6273995250451482e-09  -5.1516112989322894e-07  4.3623386980485933e-10  -1.1673336261253380e-06  -6.2707297926579155e-07
3.6000000000001400e+01  -4.8235122299827046e-06  1.4282447502491209e-05  1.6683797877911394e-05  9.4361022875903406e-07  5.3842446080634835e-06  -1.4952747814628508e-08  -7.4037484838732526e-06  -8.9930205548594889e-07  -6.8867766001624598e-06  -1.4289117067573918e-05  -1.1538736770157762e-06  6.2587188213176156e-07  6.9486924689571992e-07  8.4326525677231159e-08  9.6547094178972762e-07  -2.2912106453459632e-09  -5.1094284031292280e-07  -1.0063672503931966e-08  -1.2093261504171991e-06  -6.2651922667603259e-07
3.6800000000001198e+01  -5.3268400721253830e-06  1.4013176481583236e-05  1.6412269319252139e-05  9.4582504143647269e-07  5.8240273370763270e-06  -1.3558497673365647e-08  -7.1322772498624712e-06  -9.0253118141911462e-07  -7.4010427231734597e-06  -1.4019469024548709e-05  -1.1493626766712311e-06  6.2865843781660447e-07  6.9262223295661965e-07  8.9645292747133359e-08  9.6348020671601871e-07  -1.8520197349567225e-09  -5.0954558871373679e-07  -1.9178670473836702e-08  -1.2186438137563929e-06  -6.3128740516707782e-07
3.7600000000001103e+01  -5.8464185267474686e-06  1.3749063791824787e-05  1.6149794480714667e-05  9.4447322943527414e-07  6.2745382473708761e-06  -1.3372783787596861e-08  -6.8691708187295546e-06  -9.0489334672724620e-07  -7.9251278170135679e-06  -1.3756293445036401e-05  -1.1544769873893128e-06  6.3194536048667437e-07  7.0248104315423919e-07  8.8247306557746044e-08  9.6403537383171318e-07  -2.1937665719248462e-09  -5.2098882582147900e-07  -1.8642615753958482e-08  -1.2192981171351904e-06  -6.3413959215442039e-07
3.8400000000000901e+01  -6.3810909691417937e-06  1.3495375454921085e-05  1.5898449843280846e-05  9.4675822303522148e-07  6.7387413435473867e-06  -1.2857217318004584e-08  -6.6153256554792711e-06  -9.0779943578363442e-07  -8.4692382608062903e-06  -1.3502506653009159e-05  -1.1740984982571554e-06  6.3524216352718285e-07  7.0123089143686284e-07  7.8317376423019040e-08  9.9126787226111153e-07  -3.9121927693665778e-09  -5.2116428692333243e-07  -1.3136468554165699e-08  -1.2316761731252358e-06  -6.3773955560742815e-07
3.9200000000000799e+01  -6.9184971412696000e-06  1.3251347372189990e-05  1.5651658323883921e-05  9.5571070523069937e-07  7.2068850891263883e-06  -1.1093848813302306e-08  -6.3656719867019715e-06  -9.1315217299308148e-07  -9.0252691423974464e-06  -1.3257816540871846e-05  -1.1964197042415823e-06  6.3886393395582360e-07  7.0458657331197864e-07  7.8231211644358760e-08  1.0069819982654264e-06  -4.4222720320341397e-09  -5.1678542156581231e-07  -1.7877457018670630e-08  -1.2503021708874465e-06  -6.4376246095341898e-07
4.0000000000000597e+01  -7.4636836870714684e-06  1.3009431893814729e-05  1.5408913086993397e-05  9.6340063622544580e-07  7.6807079648040948e-06  -9.3015337123424394e-09  -6.1263873304653784e-06  -9.1789925730380222e-07  -9.5874026873437887e-06  -1.3015495130335461e-05  -1.2257645848843382e-06  6.4066079297058873e-07  7.1922220827036351e-07  8.1565625723766261e-08  1.0192651719157435e-06  -3.7772416254173633e-09  -5.3089083081519155e-07  -2.4524833837641674e-08  -1.2908407593800676e-06  -6.4423935742283657e-07
4.0800000000000502e+01  -8.0235101507159225e-06  1.2773025554384080e-05  1.5178688175982206e-05  9.6398650936093840e-07  8.1639655804180457e-06  -8.4891942299461317e-09  -5.8881014788732733e-06  -9.1805162114530458e-07  -1.0154786929821187e-05  -1.2778649318533378e-05  -1.2474421688914213e-06  6.4569806849803928e-07  7.1974652482726983e-07  8.2016800639055020e-08  1.0395423616772479e-06  -4.4081601546759853e-09  -5.4518081402065612e-07  -2.7985969569044023e-08  -1.3267360097618026e-06  -6.4806257635192585e-07
4.1600000000000300e+01  -8.5881013476513860e-06  1.2548554904572493e-05  1.4955376855289333e-05  9.6652301975886375e-07  8.6554001713873203e-06  -8.0463829935582923e-09  -5.6568939489860586e-06  -9.1889274935019948e-07  -1.0726941855366440e-05  -1.2554369985135113e-05  -1.2662625793507499e-06  6.6208448177339255e-07  7.1912540812121664e-07  8.0160706057659721e-08  1.0679546597658539e-06  -5.5368607671357707e-09  -5.4471149175200212e-07  -2.5636145267477691e-08  -1.3353467400244851e-06  -6.6615172626118990e-07
4.2400000000000098e+01  -9.1523702635842647e-06  1.2328564743119315e-05  1.4728003874536988e-05  9.7457316534190709e-07  9.1481695586880210e-06  -6.8773185111301518e-09  -5.4443878477026956e-06  -9.2156981430346287e-07  -1.1305078424852805e-05  -1.2334354313845942e-05  -1.3187192147695754e-06  6.7895632161000458e-07  7.3958071796915299e-07  7.4792706618459564e-08  1.1172056643193135e-06  -5.2914086546809617e-09  -5.4770226287313915e-07  -2.0311702006659321e-08  -1.3732635514423893e-06  -6.8440320166444571e-07
4.3200000000000003e+01  -9.7250821587844509e-06  1.2107171996082183e-05  1.4515192151206072e-05  9.8164572376731741e-07  9.6455080004495759e-06  -5.2611368958697174e-09  -5.2177780333748287e-06  -9.2272099753403215e-07  -1.1892385177233327e-05  -1.2112089569526789e-05  -1.3935427330820811e-06  6.8468267298638863e-07  7.5432866381285265e-07  7.9334822450206606e-08  1.1706261976970974e-06  -4.7520945338091022e-09  -5.7938370578526687e-07  -2.7835414422735427e-08  -1.4578736119794629e-06  -6.9011396921758426e-07
4.3999999999999801e+01  -1.0302124154198106e-05  1.1891742100385476e-05  1.4303532204567378e-05  9.8745850730619607e-07  1.0143753610950161e-05  -3.6850716415230763e-09  -4.9991189319766234e-06  -9.2547587866967317e-07  -1.2483378528685348e-05  -1.1895784650674190e-05  -1.4524095277921264e-06  6.9141087136298105e-07  7.6283740373155861e-07  9.0857774581353353e-08  1.2164501143785422e-06  -4.9278754709900426e-09  -6.0083612736202242e-07  -3.6482311296795486e-08  -1.5315787811113163e-06  -6.9460232288897266e-07
4.4799999999999699e+01  -1.0880709117833486e-05  1.1685215289022154e-05  1.4087500143518264e-05  9.9087632130690024e-07  1.0644142301720139e-05  -2.6993751337591552e-09  -4.8014385614448337e-06  -9.2699165359279969e-07  -1.3071691454982031e-05  -1.1689045085744446e-05  -1.5163644949688674e-06  7.0670718138840235e-07  7.7925480793418201e-07  8.5718052542898691e-08  1.2741304760429689e-06  -5.1845380044480824e-09  -5.8463215252826908e-07  -2.4753861471365514e-08  -1.5941299136441447e-06  -7.0883857379590958e-07
4.5599999999999497e+01  -1.1471657294997435e-05  1.1486934930666436e-05  1.3895873522893818e-05  9.9118691658918649e-07  1.1161064031634152e-05  -2.6449529252583386e-09  -4.5944272828033134e-06  -9.2333414506546463e-07  -1.3665297176544610e-05  -1.1491284180570673e-05  -1.6136034331007471e-06  7.2659846286037519e-07  7.8894400234744141e-07  6.7695308781469160e-08  1.3524908839258433e-06  -5.0724300854696036e-09  -6.0255237029889228e-07  -5.8167812838226036e-09  -1.6833847880123550e-06  -7.3192210144742943e-07
4.6399999999999302e+01  -1.2072918085805793e-05  1.1293872538360643e-05  1.3707592931085398e-05  9.9640328802415565e-07  1.1683469731262548e-05  -1.1899303430972435e-09  -4.3955658762162748e-06  -9.2383938924583564e-07  -1.4276371484159643e-05  -1.1297496696289088e-05  -1.7094522822462755e-06  7.4664038964618148e-07  8.1779410464991295e-07  8.2819431600113827e-08  1.4342479844492235e-06  -4.0768654407747971e-09  -6.4253316153855170e-07  -2.2338342831452330e-08  -1.7845548380984446e-06  -7.5370054123530494e-07
4.7199999999999200e+01  -1.2682147015711504e-05  1.1096458360453973e-05  1.3507122308256708e-05  1.0050923154209168e-06  1.2206226625408799e-05  9.9982823983513615e-10  -4.2030185921850427e-06  -9.3053238936925670e-07  -1.4903895093328659e-05  -1.1098714819071989e-05  -1.7793333070888348e-06  7.5603523644446578e-07  8.4396025309093705e-07  1.2032592360820378e-07  1.4874980570678478e-06  -3.5607097029379533e-09  -6.4462642723076140e-07  -5.3595583355640741e-08  -1.8655615185551144e-06  -7.5897633386116026e-07
4.7999999999998998e+01  -1.3301862706074655e-05  1.0903275251610115e-05  1.3324023550022687e-05  1.0066435316579753e-06  1.2736354415153353e-05  1.4144580905476457e-09  -4.0031547385778357e-06  -9.3196476552342879e-07  -1.5532929949853654e-05  -1.0905441440872708e-05  -1.8705847407211715e-06  7.6257488531754245e-07  8.1533029455289191e-07  1.1819481392373163e-07  1.5535126585809119e-06  -5.5850313454913223e-09  -6.5408682344114870e-07  -3.8141222090753884e-08  -1.9508066658888454e-06  -7.6168812908231676e-07
4.8799999999998903e+01  -1.3951320368297348e-05  1.0727771358706200e-05  1.3153878619090936e-05  1.0044890487247040e-06  1.3295317036892846e-05  2.2601412900364726e-09  -3.8208331050729660e-06  -9.2814007467761953e-07  -1.6184033150350859e-05  -1.0729798814323768e-05  -2.0036157627401302e-06  7.7958490865686930e-07  8.1475652634002472e-07  7.9765036491728353e-08  1.6919063655917761e-06  -7.2563352783931903e-09  -6.6704276905482437e-07  2.9877650119214936e-09  -2.0833872960084025e-06  -7.8139796349879437e-07
4.9599999999998701e+01  -1.4649333954094269e-05  1.0563405682042767e-05  1.2976745384745184e-05  1.0054548583255053e-06  1.3903078464864826e-05  3.9567810636182226e-09  -3.6709538083120870e-06  -9.2704559935802399e-07  -1.6885028437995257e-05  -1.0565280689456041e-05  -2.1164416426681500e-06  7.8983242639463957e-07  8.8537752377881621e-07  7.1823669175857657e-08  1.8119120813543334e-06  -3.1142938741696840e-09  -6.3245271565872480e-07  -1.9384990195210166e-09  -2.2220493591353386e-06  -7.9651319973970089e-07
5.0399999999998499e+01  -1.5292001313912885e-05  1.0410421684417870e-05  1.2822980856040927e-05  1.0085604860989783e-06  1.4468639150379150e-05  3.2102758904704167e-09  -3.5328757426848507e-06  -9.3132403316295360e-07  -1.7536194047801369e-05  -1.0413274266946861e-05  -2.1856347630432960e-06  7.8654748475677904e-07  9.1234567915547029e-07  1.1721554288570812e-07  1.8215832322650021e-06  3.0407740205769429e-09  -6.2965045909089516e-07  -4.9287516858869348e-08  -2.3004669607897170e-06  -7.9313687286730806e-07
5.1199999999998397e+01  -1.5680751951687886e-05  1.0257791700908614e-05  1.2694289742045810e-05  1.0110662249341031e-06  1.4818475127249697e-05  3.3269139777620430e-09  -3.3558420406594729e-06  -9.3815569096011668e-07  -1.7940469035224672e-05  -1.0259905102328953e-05  -2.2541856142840920e-06  7.9244830567826748e-07  8.3424600430842672e-07  1.5154431190116914e-07  1.8262369868646666e-06  -4.6742600658248191e-10  -7.5146010163560201e-07  -6.4539480472255835e-08  -2.3546340633833788e-06  -7.9453884705207809e-07
5.1999999999998202e+01  -1.5836708764040299e-05  1.0065211300122374e-05  1.2513165016078513e-05  1.0092835653591032e-06  1.4966872080973881e-05  6.3782970999926609e-09  -3.1281762146860733e-06  -9.4000491976734160e-07  -1.8106724531358082e-05  -1.0065195861067151e-05  -2.3318895778085089e-06  8.0578199416484065e-07  7.7193393809816291e-07  1.2598909013186557e-07  1.9509846100453945e-06  -1.1614997096012625e-08  -8.3147698985697019e-07  -2.8850970712215158e-08  -2.4365591910183946e-06  -8.0672678046442466e-07
5.2799999999998100e+01  -1.6107306874160696e-05  9.8340013202693361e-06  1.2255996991234169e-05  1.0017569205725243e-06  1.5205576285974090e-05  8.4633244083761287e-09  -2.9130106016903197e-06  -9.3217021413053572e-07  -1.8368499749092174e-05  -9.8341603058954698e-06  -2.4184333111648108e-06  8.0752243425706313e-07  8.7281522100099312e-07  8.4305575158466452e-08  2.1092720536928056e-06  -1.4022673434303581e-08  -6.5733096562455300e-07  -4.3345750197064190e-10  -2.5325134479736581e-06  -8.1231698420844573e-07
5.3599999999997898e+01  -1.6774939925689891e-05  9.6275216177326984e-06  1.2026268918600221e-05  9.9788566376747028e-07  1.5780257573996076e-05  7.8005394203850988e-09  -2.7479584979684334e-06  -9.2560087037972281e-07  -1.9027916766820386e-05  -9.6295919938640441e-06  -2.5272030810747856e-06  8.0354408380139253e-07  1.0174543706652583e-06  9.4656856440597666e-08  2.1422767777176594e-06  -1.7179407945063695e-09  -4.5599823945559491e-07  -2.2735085072619200e-08  -2.6387017324310137e-06  -8.0709093671298333e-07
5.4399999999997704e+01  -1.7724405950258487e-05  9.4983832213545057e-06  1.1922406445791315e-05  1.0053665802919253e-06  1.6603581912622977e-05  7.0335969390774755e-09  -2.6167772464220527e-06  -9.3267514039604763e-07  -1.9996635274644047e-05  -9.5002388151900615e-06  -2.6204963645774695e-06  8.0426266415449410e-07  9.4095544666324747e-07  1.3810564970874212e-07  2.1077542840936735e-06  9.8771719779903898e-09  -6.0469160189750407e-07  -6.1094898626711928e-08  -2.7424093187489901e-06  -8.0219722372028453e-07
5.5199999999997601e+01  -1.8638509693711306e-05  9.4330771170433412e-06  1.1904416090383882e-05  1.0160633737526552e-06  1.7400774451887673e-05  9.5114280642347724e-09  -2.5175242835046073e-06  -9.4743042299760073e-07  -2.0942670093222901e-05  -9.4310977258105863e-06  -2.6698066528892286e-06  8.0864966656590984e-07  7.3534023860798080e-07  1.4127329382141020e-07  2.1944919604963833e-06  3.6885113776524425e-09  -9.2648849841455649e-07  -5.8356869086031693e-08  -2.8070069375813281e-06  -8.0961951174374511e-07
5.5999999999997399e+01  -1.9384365449790559e-05  9.3567376240400425e-06  1.1832746135559754e-05  1.0163193234410846e-06  1.8040250579699057e-05  1.7363306734396749e-08  -2.4292453690573747e-06  -9.5197929459979124e-07  -2.1697910928585410e-05  -9.3482333008396924e-06  -2.7249108407419122e-06  8.1251281927251620e-07  7.5391890630232413e-07  1.1225471307217036e-07  2.3738570949140894e-06  -1.3019829737515149e-08  -9.0556923983699240e-07  -3.5163186377423920e-08  -2.8614359268881550e-06  -8.2116074826305189e-07
5.6799999999997297e+01  -2.0068898513892194e-05  9.1884111629513887e-06  1.1622522183425845e-05  1.0084744789758981e-06  1.8614884001508440e-05  2.4156343661992507e-08  -2.2702349728204608e-06  -9.4383049066088944e-07  -2.2370668332594644e-05  -9.1768073601249911e-06  -2.8318203905869098e-06  8.0396666716612566e-07  9.5840780900434259e-07  1.0968872980646214e-07  2.4513651595408558e-06  -1.5594227038022187e-08  -5.5732328314389270e-07  -3.8371317126127737e-08  -2.9617189932807399e-06  -8.1126326077731694e-07
5.7599999999997102e+01  -2.0805747884760715e-05  8.9545647113193265e-06  1.1366403370527422e-05  1.0017922006172820e-06  1.9238246870830650e-05  1.4743082267962944e-08  -2.0443134926786033e-06  -9.3395460632418254e-07  -2.3093383193695237e-05  -8.9530817735728650e-06  -2.9747659915525106e-06  7.9976128550983137e-07  9.9509737358653613e-07  1.2655009804585999e-07  2.4476603153303679e-06  -2.5662620206637381e-09  -4.4472767742004584e-07  -5.2164171545169928e-08  -3.0985837330956690e-06  -8.0117311472811846e-07
5.8399999999997000e+01  -2.1559816688538341e-05  8.8270114060034851e-06  1.1270888583508253e-05  9.9184301989148297e-07  1.9886855967525655e-05  -1.0023842458863787e-08  -1.9294412290019177e-06  -9.2288917057730206e-07  -2.3830962817357008e-05  -8.8453660553585281e-06  -3.0351980179988078e-06  8.3688806786596403e-07  8.6174491259648994e-07  1.2467554919977976e-07  2.4877863126810404e-06  3.4347674640062888e-09  -7.4149548060400408e-07  -4.8967193146710146e-08  -3.1588197293824562e-06  -8.3893454186347255e-07
5.9199999999996798e+01  -2.2191766088733620e-05  8.8914262482111421e-06  1.1373931895437459e-05  9.9439059255189102e-07  2.0450043792727422e-05  -1.7487005669022642e-08  -1.9990803162187965e-06  -9.2551001355077987e-07  -2.4478042512884318e-05  -8.9139978402403781e-06  -2.8355164728977607e-06  8.7060188127726768e-07  8.3086050202286146e-07  1.1420994458750082e-07  2.4291049627879416e-06  -4.2082689674255812e-09  -9.5728215709826228e-07  -4.6380411186950320e-08  -2.9774150372940834e-06  -8.7764599061518525e-07
5.9999999999996597e+01  -2.2738554758021345e-05  8.9608166335458767e-06  1.1439715244996581e-05  1.0293411286167748e-06  2.0955355384344530e-05  1.4273188980703804e-08  -2.0455054305469687e-06  -9.5792744658832791e-07  -2.5095977697198327e-05  -8.9579843235235490e-06  -2.4246922004129814e-06  8.1801778745495631e-07  9.0776439244022380e-07  1.1793261330187937e-07  2.1203279313790744e-06  -9.9879628587649137e-09  -7.6906820980474330e-07  -5.7122715981090079e-08  -2.5800398638203617e-06  -8.2396753085453334e-07
6.0799999999996501e+01  -2.3421407593181789e-05  8.7762735201051606e-06  1.1228733620009286e-05  1.0433556857500114e-06  2.1546259747957965e-05  5.1877734402279026e-08  -1.8421142949079025e-06  -9.6673071124489386e-07  -2.5799125279440235e-05  -8.7452401661723364e-06  -2.1747774937138445e-06  7.1811767693832384e-07  8.9378540433064504e-07  1.2444053522201409e-07  1.8284411767449689e-06  -6.8784768668091251e-09  -4.8863355821760175e-07  -6.0697502386018138e-08  -2.3116794751939642e-06  -7.1746550313297435e-07
6.1599999999996299e+01  -2.4225527419768300e-05  8.3929048246825072e-06  1.0839980177979887e-05  1.0257569889933137e-06  2.2226128409031696e-05  4.7849904229496342e-08  -1.4702781933186666e-06  -9.4644696067852680e-07  -2.6570512258850452e-05  -8.3658096234417297e-06  -2.3562659951293951e-06  6.9320975618292546e-07  7.7057920488084929e-07  1.2185581768226312e-07  1.9218627850674875e-06  -3.0868810037775567e-09  -4.8423621232827865e-07  -4.9849885424418920e-08  -2.4713733194182586e-06  -6.9251908965914837e-07
6.2399999999996197e+01  -2.5019438019728949e-05  8.1783207845794706e-06  1.0649468539768154e-05  1.0268194226465856e-06  2.2924465698079823e-05  1.3305167080285749e-08  -1.2664157077115379e-06  -9.4758018327333229e-07  -2.7377704221412503e-05  -8.1779265510174052e-06  -2.7786489327853639e-06  7.6976916650452605e-07  7.1697504075021471e-07  1.2200129021603803e-07  2.3169363520923896e-06  -3.9868978653874612e-09  -6.7244958092148585e-07  -4.6110291009091367e-08  -2.9080808462445900e-06  -7.7900336287460302e-07
6.3199999999996002e+01  -2.5772219455956062e-05  8.2130942767281724e-06  1.0708778870637182e-05  1.0170940456316222e-06  2.3567185408193416e-05  -3.8855039081951942e-09  -1.2972242373334927e-06  -9.3543293919114498e-07  -2.8117276097768595e-05  -8.2267721587463993e-06  -3.0981237374568528e-06  8.6021028762964584e-07  8.5367126445765521e-07  1.3176416238015669e-07  2.6404470190301702e-06  -4.0943242399946964e-09  -8.0855452446240796e-07  -5.8407166630784173e-08  -3.2601130578418671e-06  -8.7357236382652882e-07
6.3999999999995801e+01  -2.6442749021033655e-05  8.1989134833077799e-06  1.0690480872539726e-05  1.0084409393311394e-06  2.4129031460545871e-05  6.8042216257917996e-09  -1.2850749091468231e-06  -9.2228569979071113e-07  -2.8765216127156201e-05  -8.2058097401035367e-06  -3.2700267111337889e-06  8.7744507894626836e-07  1.0512422191969514e-06  1.3611293148372552e-07  2.7795933684569295e-06  1.5660644843631213e-09  -8.1623828629392306e-07  -6.4844781326790998e-08  -3.4357546166398791e-06  -8.7468260214762054e-07
6.4799999999996203e+01  -2.7144179208880018e-05  8.0673547551644747e-06  1.0534731768574397e-05  1.0482560610485819e-06  2.4760302747571905e-05  2.6445219365352518e-08  -1.1556704869747228e-06  -9.5846575810805334e-07  -2.9541125519054196e-05  -8.0584330107825304e-06  -3.3955319366777786e-06  8.1120802622722650e-07  1.0189969693178477e-06  1.2826488903869348e-07  2.8646170574072975e-06  2.6983155686009288e-09  -7.1400680689727193e-07  -5.4819854530229387e-08  -3.5508883547641809e-06  -7.9207254803645000e-07
6.5599999999996697e+01  -2.8015786246627234e-05  7.9371870774143173e-06  1.0408858472298890e-05  1.0457173486258263e-06  2.5519320606634364e-05  3.8454046014773621e-08  -1.0164743944751783e-06  -9.5624415014982796e-07  -3.0423246024850323e-05  -7.9178006699840240e-06  -3.4979473367882304e-06  7.7150963133780123e-07  7.7020661588596239e-07  1.2063304440184108e-07  2.9427592521093354e-06  -1.0047974731820661e-08  -5.9800395751848146e-07  -4.4947380411371154e-08  -3.6492401387597486e-06  -7.7091716728620557e-07
6.6399999999997107e+01  -2.8813464837953228e-05  7.8118953989966843e-06  1.0318330243357473e-05  1.0161255802459796e-06  2.6210491947234466e-05  3.3751040003472261e-08  -8.8358081906674988e-07  -9.2860793582984408e-07  -3.1171404829395690e-05  -7.7976125030569967e-06  -3.5885935402073580e-06  8.4968895171101887e-07  7.2510162985404716e-07  1.1064510414415781e-07  2.9593540383515707e-06  -2.5387166974627722e-08  -6.4873462743646566e-07  -3.0531837628073166e-08  -3.6823495054263153e-06  -8.9011011745581990e-07
6.7199999999997502e+01  -2.9489712295500664e-05  7.7551726817482115e-06  1.0256185078962780e-05  1.0543930757273137e-06  2.6825962748829556e-05  2.4541417966713765e-08  -8.2216724507516996e-07  -9.6486186438871910e-07  -3.1902340328098230e-05  -7.7499545162215492e-06  -3.6029118516771149e-06  9.7298695439087261e-07  1.0578465845610093e-06  1.2479899199915461e-07  2.9425424837132054e-06  -2.8775949466291372e-08  -9.0477147452382113e-07  -3.9193111488454312e-08  -3.6848273510710831e-06  -1.0178721950136024e-06
6.7999999999997897e+01  -3.0300985616328127e-05  7.7156723625124185e-06  1.0179361725812279e-05  1.0539239622260584e-06  2.7479489155679506e-05  2.3989967970258696e-08  -7.7907228490200933e-07  -9.6235210156656010e-07  -3.2708216147008372e-05  -7.7098500109077400e-06  -3.5514975486242059e-06  1.0782845041557150e-06  1.3607726171778319e-06  1.6647917030910464e-07  3.0362316112678414e-06  -7.7715143395621767e-09  -1.1087988230637485e-06  -8.2385059057235930e-08  -3.7636281108954811e-06  -1.0672738275607080e-06
6.8799999999998306e+01  -3.1079683934305564e-05  7.5471468919478562e-06  1.0035424750937582e-05  1.0208452069857709e-06  2.8123070290689727e-05  2.6474089827241607e-08  -6.3926039661180330e-07  -9.2977954919681299e-07  -3.3462316349662550e-05  -7.5369883442764386e-06  -3.5992842187299418e-06  1.0841267469521497e-06  1.1739062385293878e-06  1.5715927604649992e-07  3.1579534516945059e-06  2.6722555659126411e-08  -9.4875674196062495e-07  -7.4760246936456209e-08  -3.8482077435032177e-06  -1.0302016451020008e-06
6.9599999999998701e+01  -3.1818027742306139e-05  7.4038640448952359e-06  9.9754740691565828e-06  1.0473273086074790e-06  2.8838048977307487e-05  3.3497499306529904e-08  -5.2696285948936592e-07  -9.5647297104972927e-07  -3.4283549513619677e-05  -7.3900357526191079e-06  -3.7586660018041891e-06  8.7416696911489310e-07  7.3519515748411774e-07  1.2502840422513822e-07  3.1252583853074515e-06  2.4377977553491311e-08  -5.9229324918601500e-07  -3.8180443576736668e-08  -3.9022637221966482e-06  -8.6537540703828721e-07
7.0399999999999096e+01  -3.2728404357615339e-05  7.3812866342340034e-06  9.9768434815804535e-06  1.0358673794717390e-06  2.9623639801513924e-05  4.1241532880699982e-08  -4.5447485439809119e-07  -9.4627592352695546e-07  -3.5145025106479704e-05  -7.3665906018812726e-06  -3.8896785944901054e-06  6.7315290283705988e-07  7.0705485201926036e-07  1.5137058923016398e-07  3.1444304093074857e-06  -1.2597050485118334e-08  -5.7261964840571560e-07  -6.2866602583884257e-08  -4.0342670012827317e-06  -7.2027919399438378e-07
7.1199999999999505e+01  -3.3486645722502999e-05  7.3172327268543745e-06  9.8043018059261737e-06  1.0199870284140152e-06  3.0269956970775204e-05  3.8280080238917787e-08  -3.3035697623532020e-07  -9.2841303118325242e-07  -3.5812475183976432e-05  -7.3056671482267601e-06  -3.9306784426561886e-06  7.7367061884859629e-07  1.0161002853857028e-06  1.5269276074926357e-07  3.3446100440831025e-06  -2.8702488355297179e-08  -8.3306479564863411e-07  -6.7826790948509051e-08  -4.1115771748099432e-06  -7.9263939916765823e-07
7.1999999999999901e+01  -3.4155800255036188e-05  7.2934724181942003e-06  9.6648501248687156e-06  1.1248706606393980e-06  3.0954557095875679e-05  3.5713711998015096e-08  -3.7171676515716941e-07  -1.0317423266695628e-06  -3.6693387834965819e-05  -7.2832710165263032e-06  -3.9598974652835964e-06  9.5994903920641687e-07  1.0475637314448318e-06  1.2421825024232134e-07  3.4244368263631164e-06  -2.2993704554124956e-08  -8.2872819017123045e-07  -3.9369365794838248e-08  -4.1068833954330113e-06  -9.4335144772257733e-07
7.2800000000000296e+01  -3.5205546262300868e-05  7.3347399750743611e-06  9.8311227190889272e-06  1.0419631920386948e-06  3.1657587683059841e-05  3.1154693981676552e-08  -5.0432327824761689e-07  -9.5426829271623929e-07  -3.7702048888796175e-05  -7.3267755259062074e-06  -4.1500377330625505e-06  9.5234121232285939e-07  8.7142583895654219e-07  1.5183685383414665e-07  3.4280655871697209e-06  -1.1255278954917131e-08  -6.6467052251101177e-07  -6.5143636731608145e-08  -4.3034716288729254e-06  -9.6106736749714068e-07
7.3600000000000705e+01  -3.5688583633403929e-05  6.8386828533589647e-06  9.6046712678588420e-06  6.4367369830857999e-07  3.1640818737717653e-05  1.1373424495613544e-08  5.9484169728351438e-08  -5.5263087119797646e-07  -3.7449863100002560e-05  -6.8312166344319156e-06  -4.3035587032216037e-06  8.5972345489376974e-07  9.0156827156925248e-07  1.5307989342715416e-07  3.5689208983085657e-06  1.3693561723772679e-08  -7.6076278643004444e-07  -7.2769645549441373e-08  -4.4787491356071329e-06  -8.7650149962139007e-07
7.4400000000001199e+01  -3.5141824198279098e-05  5.9505806853228190e-06  8.6227809445891472e-06  9.1040960014403614e-07  3.1717654859263273e-05  3.0893887774141049e-08  1.0987736803322518e-06  -8.0430343755902411e-07  -3.7248243793742945e-05  -5.9174213438048968e-06  -4.1505292671583459e-06  8.6185983977879901e-07  1.0367287579732948e-06  1.3765775624824311e-07  3.5744589793784770e-06  2.0146118221136167e-08  -9.2169552448353073e-07  -6.3223938314045166e-08  -4.3739243713312434e-06  -8.4512548458573755e-07
7.5200000000001594e+01  -3.6954978313474894e-05  6.6314171838858930e-06  8.8702279909125411e-06  2.1060867561879908e-06  3.4563446487536031e-05  1.2239217851425539e-07  4.2986787293205412e-07  -2.0154486406986460e-06  -4.1338806544324847e-05  -6.5527727057632730e-06  -4.2297502376914672e-06  9.1699983325299328e-07  1.0341992532758684e-06  1.6337187963439149e-07  3.4976535427401601e-06  -1.5258283112068439e-08  -8.2071453849386811e-07  -8.2693858526282693e-08  -4.4610792329283748e-06  -9.1281827086551803e-07
7.6000000000002004e+01  -4.2590093657685134e-05  9.2720473599701363e-06  1.1559964324114771e-05  2.0213559498973772e-06  3.8873090384541802e-05  9.2309280105561209e-08  -2.4113582125257914e-06  -1.9709723451340589e-06  -4.7081547035951048e-05  -9.2503550769337823e-06  -4.6195509534163362e-06  8.7588038769639487e-07  9.0989366293019851e-07  1.4958885229398716e-07  3.7419475805277980e-06  -4.2788841145599146e-08  -6.3160487832520488e-07  -6.2112097952817411e-08  -4.7416496456239423e-06  -9.2180226815495364e-07
7.6800000000002399e+01  -4.4676244165522440e-05  9.9234368987607198e-06  1.2851131307439913e-05  -2.4589983153892256e-07  3.8225745536880712e-05  -1.4479681677382745e-07  -3.2687264329056196e-06  3.3981898037097114e-07  -4.4785544913106457e-05  -1.0085857546699706e-05  -4.5284911549480584e-06  8.2014571041368517e-07  8.4637102611964572e-07  1.3162294438688314e-07  4.0194337632863486e-06  -1.2673482793838496e-08  -6.7966461026628914e-07  -5.3229287966411457e-08  -4.6819530590174356e-06  -8.3772774182940882e-07
7.7600000000002794e+01  -3.8272715078457360e-05  5.9549126284134063e-06  8.9768169036614728e-06  -1.1951436327785746e-06  3.2352242116136972e-05  -1.2533901935279862e-07  8.5132059709477946e-07  1.3943503763528876e-06  -3.6100088731944355e-05  -6.0757808604641444e-06  -4.3566143208430089e-06  9.2154088422545260e-07  9.5215153538534072e-07  1.5851459418274513e-07  3.9059047420667646e-06  3.5526861006870095e-08  -8.6853331922270410e-07  -9.8365282048230769e-08  -4.6291542097287743e-06  -8.6120197450800650e-07
7.8400000000003203e+01  -3.3423432641855990e-05  1.9940678929144933e-06  4.2418188581921251e-06  1.3909862627933224e-06  3.1085565409593119e-05  3.4278517456142628e-07  5.2518801872534669e-06  -1.2408217289855428e-06  -3.6232820085027306e-05  -1.7101715904942046e-06  -4.7424082257509517e-06  9.9317300942871821e-07  1.0074908096755021e-06  1.4088654584899462e-07  3.6576363739688783e-06  1.7926438590151444e-08  -8.5155771185955468e-07  -7.7619967990976564e-08  -4.8661530436753539e-06  -9.6867211396193095e-07
7.9200000000003598e+01  -4.0008951828322723e-05  3.9239025365361021e-06  5.8873431446611975e-06  3.7854746282270661e-06  3.8584292932515249e-05  4.3004217630076606e-07  3.3652576421156963e-06  -3.8134905331084362e-06  -4.8091796099706276e-05  -3.5494357580245582e-06  -4.8435381230518687e-06  8.2915201506209264e-07  8.9203991638338199e-07  1.2980355311675021e-07  3.7005880252855961e-06  -4.1139519640999057e-08  -6.8996646347066334e-07  -4.2509486950753379e-08  -4.9087067907106407e-06  -9.0986381392360746e-07
8.0000000000003993e+01  -4.9739386075129493e-05  9.4864248654113398e-06  1.2251419082303760e-05  2.3521805656527823e-06  4.5078726924403915e-05  -2.4612938382182073e-07  -2.7651271596592177e-06  -2.3449157224261849e-06  -5.5223701251663640e-05  -9.6935771756206877e-06  -4.6578140995157619e-06  7.5485436636407649e-07  9.9829473053928087e-07  1.9432024213787035e-07  4.1590454887761881e-06  -3.7628164709650977e-08  -7.7434426759285626e-07  -1.0776735474277577e-07  -5.0629137063697864e-06  -8.0621701949085381e-07
8.0800000000004403e+01  -4.9593515341247131e-05  1.0950395147491727e-05  1.4210175211835344e-05  -6.8591128622926401e-07  4.2330763513222450e-05  -5.5182252177208262e-07  -4.5336279106857730e-06  9.4289600817987065e-07  -4.8502819881296187e-05  -1.1472125587414249e-05  -5.0824480408451276e-06  9.8657104228827622e-07  1.2556349701982268e-06  9.2589597994091358e-08  4.5033179902717239e-06  1.5579027870211874e-08  -9.5956372080773294e-07  -3.1074552673731192e-08  -5.2927109846871455e-06  -9.2461225031477859e-07
8.1600000000004798e+01  -4.1607967107108443e-05  6.1652585819524458e-06  8.7664429100922593e-06  -1.2151211218209218e-06  3.5483353311184975e-05  1.5667118396532903e-07  7.5095986879685026e-07  1.4943578589274052e-06  -3.9110371167364228e-05  -6.1009998302690618e-06  -4.7799122861722074e-06  8.5673757782318381e-07  7.1373410355065292e-07  -1.4478700507277726e-07  3.7516217877131735e-06  6.7991451731227911e-09  -5.6123082625068409e-07  2.1754136418922838e-07  -4.1756124909247013e-06  -8.2112638713879129e-07
8.2400000000005207e+01  -3.7644782268073114e-05  2.0038466217247216e-06  4.0199392944618886e-06  1.1181590207885980e-06  3.4287552724070511e-05  6.9097573061898339e-07  5.3792336397989857e-06  -1.1130962021053798e-06  -4.0235957904777970e-05  -1.4297086801993015e-06  -3.2336724563164914e-06  1.5838456079560417e-07  -2.7370880578565110e-07  2.0121100136021589e-07  2.7944505710400143e-06  -1.9291660642478774e-08  1.3441733377756017e-07  -8.9675366998211075e-08  -3.3502246785224263e-06  -2.1302059211619917e-07
8.3200000000005701e+01  -4.3862510525640542e-05  4.6574439011685820e-06  7.1366662515985493e-06  3.1849865730389215e-06  4.1184731757592547e-05  1.7832716408751747e-07  2.4239550870418843e-06  -3.2694741652740062e-06  -5.0977041755771106e-05  -4.4862542719987276e-06  -4.6444127407959018e-06  6.0563689542566124e-07  6.8811437580675439e-07  1.0751051098429550e-06  4.6657369334945369e-06  4.7906719216838535e-08  -6.2242087732464697e-07  -9.8959870158301899e-07  -6.9576984698865739e-06  -5.9185409189416484e-07
8.4000000000006096e+01  -5.4419005937863545e-05  1.0045954382666576e-05  1.3085043167635401e-05  2.4038679608220232e-06  4.9300856415581741e-05  -4.0201294722487431e-07  -3.3958398879998099e-06  -2.2428918679182430e-06  -5.9684368280534317e-05  -1.0401118774475833e-05  -9.8781205138231446e-06  2.9258461616099324e-06  3.6542815475289386e-06  7.7068826166064384e-07  8.4093283135534698e-06  2.3820094666797982e-08  -3.0478884227225189e-06  -7.4645010968601023e-07  -1.1498194643903765e-05  -2.8736801161327732e-06
8.4800000000006506e+01  -5.7338949701608424e-05  9.8573879215943532e-06  1.2644252578313783e-05  1.6218209267587274e-08  4.9710360410872679e-05  -1.5725925370242500e-07  -3.0609768125831188e-06  2.8406828308899923e-07  -5.7475345537807644e-05  -1.0043126883652487e-05  -1.0474007325056411e-05  3.7100020767961372e-06  4.1059307453471590e-06  -1.1204677106403875e-06  7.4663349020948471e-06  -1.9482962757370714e-07  -3.6265099158226778e-06  1.1964497913945653e-06  -7.7889426456991678e-06  -3.8571412391412530e-06
8.5600000000006901e+01  -4.9999255459333388e-05  4.8634348787831739e-06  7.2576317418671132e-06  -5.5551749608307780e-07  4.3071774023995222e-05  2.6238813178071117e-07  2.2271253178783525e-06  7.0498263840287422e-07  -4.9126293062240366e-05  -4.6917822466099754e-06  -2.6099301619897934e-06  1.9178942423036604e-07  -2.7374829937323956e-07  -1.7216091747856571e-06  1.0471672086733024e-06  -1.3572774236377363e-07  9.1141393977271441e-08  1.9089376045236918e-06  1.2132823814773313e-06  -3.4550174076322081e-07
8.6400000000007296e+01  -4.4054317346046951e-05  2.9417787061940722e-06  5.4719609802755277e-06  1.1229953931505370e-06  3.9615912233293847e-05  2.2925068043965171e-07  4.0544537814624375e-06  -1.0870432408839882e-06  -4.6779674017454955e-05  -2.7663763886828659e-06  2.5202490798622125e-06  -3.6337765224975705e-06  -4.1675276198169038e-06  6.1928432752731893e-07  -1.2858622884041525e-06  3.2288885760297701e-07  3.9418555485562241e-06  -4.9361384891067696e-07  1.1615743100759473e-06  3.8834129018381849e-06
8.7200000000007705e+01  -4.7765999299556251e-05  5.6535881478161483e-06  8.4374987016585558e-06  2.1838043681494834e-06  4.3838039285009757e-05  4.2313717871036481e-08  1.1007807971595389e-06  -2.1075984272864986e-06  -5.2655728780625064e-05  -5.6071126384879041e-06  -3.9968000339995565e-06  -1.8766643513606392e-06  -1.6390649995442982e-06  2.6889955214158751e-06  5.1914189945174457e-06  3.2543187511958982e-07  2.0127626723285816e-06  -2.7339116844190910e-06  -9.5454063744641806e-06  2.1975490946151892e-06
8.8000000000008100e+01  -5.4731537178443466e-05  7.7462521145880564e-06  1.0529437948705709e-05  1.5419539361158042e-06  4.9080909413628066e-05  -7.7656049072138232e-08  -9.7791509724720616e-07  -1.3810282232877909e-06  -5.8221770938073746e-05  -7.8267532254910422e-06  -1.2926186038961551e-05  3.7505402880243178e-06  4.4275069658258606e-06  1.2895690601219809e-06  1.1321136518650019e-05  -3.5812024908032491e-07  -3.8712999457411629e-06  -1.2883261646668769e-06  -1.5314622937457774e-05  -4.0066188229570420e-06
8.8800000000008495e+01  -5.6905100653353922e-05  7.1070245092499787e-06  9.6842246539407791e-06  7.4180480707796049e-07  4.9926918824727020e-05  9.0559889456948552e-08  3.5269861199937200e-08  -4.4272107770566582e-07  -5.8484931026095402e-05  -7.1202648370931377e-06  -1.1467709541332768e-05  5.4551495707761597e-06  5.7053202065492967e-06  -1.5951721977506091e-06  8.2326332495931793e-06  -5.7192848643839649e-07  -5.5917676982741582e-06  1.8247633296298742e-06  -7.8963056556822020e-06  -5.9719457300138168e-06
8.9600000000008905e+01  -5.4975804590822015e-05  5.3029633974299056e-06  7.6722487152999731e-06  5.4164943830512415e-07  4.8355734523967319e-05  4.3174164206987630e-07  2.1039176172025088e-06  -4.0360488198413800e-07  -5.6256397729948671e-05  -5.0039451955378433e-06  -2.2102510961598041e-06  6.7586961355208364e-07  3.5303583399778333e-07  -2.0309439712513281e-06  3.5678977394598072e-07  1.5945338638221050e-07  -4.5357167822625113e-07  2.2604679364054598e-06  2.0689567033872209e-06  -5.9638242044727711e-07
9.0400000000009300e+01  -5.3433467663963085e-05  4.2413550267870722e-06  6.9720020448199073e-06  1.0428413293873294e-06  4.8028444224533875e-05  -2.4971945321269364e-07  2.4980333445780774e-06  -1.3401323047688327e-06  -5.6434505345924309e-05  -4.3677541502490894e-06  2.3194047606300791e-06  -3.5450067309774116e-06  -3.8078228076182379e-06  3.2934175803509356e-07  -1.7636361973762256e-06  6.2643426743699769e-07  4.0307879002296045e-06  -3.5987798468362378e-07  1.6023918803962139e-06  4.0959946328885709e-06
9.1200000000009794e+01  -5.6045618870368075e-05  6.7325710804916466e-06  1.0059712099261373e-05  2.0676820118750399e-06  5.0675434604388033e-05  -1.0856584481200196e-06  -7.9541119998863198e-07  -1.9195327211670142e-06  -6.0826906805474124e-05  -7.5813811568223307e-06  -3.9376508882105293e-06  -7.6368535020596548e-07  -5.5423463533206750e-07  2.2511723309135826e-06  4.8896386138087538e-06  8.2537977082872185e-08  9.4771781499875421e-07  -2.3512553365533942e-06  -8.5214780784774868e-06  8.7557130183668062e-07
9.2000000000010203e+01  -6.1519409852290932e-05  1.0457835544970030e-05  1.3220748809918598e-05  1.5891210112361441e-06  5.4043534491137077e-05  6.4518360273527690e-07  -3.5613233275221608e-06  -5.5096078604362998e-07  -6.4148175014529382e-05  -1.0082062970752608e-05  -1.3758099199504975e-05  4.7049266793706882e-06  5.0294084599771948e-06  1.3035363266159879e-06  1.2425194532189701e-05  -4.8037420212119305e-07  -4.9394519108598682e-06  -1.1838973766803862e-06  -1.6206762118035157e-05  -5.1319077685968950e-06
9.2800000000010598e+01  -6.1728987586560588e-05  7.2360036793172352e-06  8.9971246375553581e-06  -4.8996170709636109e-07  5.3135811223804337e-05  2.4656037188338907e-06  1.1433094163210416e-06  7.2738968335344056e-07  -6.0724518301034087e-05  -5.3545260303354512e-06  -1.4818897504888964e-05  4.4398079465955464e-06  4.4727075654812805e-06  -9.6821151546429185e-07  1.1456832103453673e-05  -2.2278686240691142e-07  -4.5291290267223501e-06  1.2007339821845183e-06  -1.2600277565886960e-05  -4.6390878270055076e-06
9.3600000000010994e+01  -5.5628603499874535e-05  -3.7659303480587769e-07  1.9964823093453611e-06  -1.1761099342873410e-07  4.9609208892931739e-05  -2.4078420234311734e-08  7.8213208150936528e-06  -9.9978951004663891e-07  -5.6930147926182051e-05  4.1264982614969008e-07  -6.0095194284651528e-06  -6.0152837125949996e-07  -6.4968466096824902e-07  -1.3349088516197132e-06  3.6653177142141892e-06  2.2109698177065701e-07  9.3550332426023348e-07  1.4566972155642088e-06  -3.1555292632805649e-06  8.2955483416412589e-07
9.4400000000011403e+01  -5.5230435900290464e-05  8.4285872099423540e-07  4.4567085412074896e-06  2.8881915444460683e-06  5.1234596856924159e-05  -2.9415848756361203e-06  4.6247436002274018e-06  -3.0872094672139923e-06  -6.1981680153484615e-05  -3.1520111032315045e-06  3.7464533797351059e-07  -2.5004764856189060e-06  -2.4160752201631182e-06  2.6840825033160092e-07  -2.3801802504701461e-07  1.9014181754379863e-07  2.8634645315571842e-06  -2.5487856254887072e-07  -1.0617186093434524e-07  2.6450273851910227e-06
9.5200000000011798e+01  -6.4331545782423641e-05  1.0417207413104194e-05  1.3865354073619305e-05  3.1568733708017734e-06  5.7594760669539460e-05  -1.0168003131589533e-06  -4.6167902358980513e-06  -1.8214382049934588e-06  -7.0089136339240840e-05  -1.1257910749497127e-05  -2.9735850076581706e-06  3.7603908161284075e-07  4.3509291983352162e-07  1.1803375768657938e-06  3.5869440544083116e-06  -9.0655517321889947e-08  -4.0048769996193146e-07  -1.2115892152550060e-06  -5.3628192329868629e-06  -5.2741988957482670e-07
9.6000000000012193e+01  -7.0338260405294689e-05  1.3546017544611553e-05  1.6073197843225818e-05  1.7487484524896578e-07  6.0383369689166189e-05  2.0390702454299921e-06  -5.8944784284195703e-06  5.7705772362026910e-07  -7.0328916356651700e-05  -1.2010830293037168e-05  -9.1109820820419719e-06  2.8452132726811341e-06  2.9195297325439040e-06  6.0027279544848530e-07  8.0699012854116545e-06  -2.2023014884223460e-07  -3.0634356507274358e-06  -5.3593157340379469e-07  -1.0207190566725874e-05  -3.0046118254988914e-06
9.6800000000012602e+01  -6.6498753348633244e-05  6.0172868268754512e-06  7.9772556680339393e-06  -1.0024679465615114e-06  5.7661716863679477e-05  1.8341193132709260e-06  2.2751530806758356e-06  6.0512344948613738e-07  -6.5063669303602718e-05  -4.6872626824679560e-06  -1.0180428924256312e-05  2.2316160291153011e-06  2.3579467478702228e-06  -2.0241541082677749e-07  7.9436300924040982e-06  1.4449938199436110e-07  -1.9577271784325222e-06  4.8106678705327503e-07  -9.4184329852809270e-06  -2.0134048085916997e-06
9.7600000000012997e+01  -6.0930106459503472e-05  -1.0392563651861880e-06  9.8446755935640120e-07  7.8327318929162225e-07  5.4791568046335458e-05  1.8854254291170405e-07  8.3331609977122759e-06  -1.1205018630290763e-06  -6.3372363395068312e-05  1.2118279485156308e-06  -7.1412671583013017e-06  -1.9937305360482353e-07  -2.4636994084104495e-07  -5.0259637838768831e-07  5.3837344078645926e-06  4.6171149663684844e-07  8.8509644254332655e-07  6.0367390067340169e-07  -6.0446867669848371e-06  5.4688424411510386e-07
9.8400000000013407e+01  -6.1606116466241930e-05  1.3668036590113534e-06  4.4905450161374788e-06  2.4782505215267910e-06  5.5783891173681831e-05  -1.0343694586968021e-06  4.5605114271846971e-06  -2.4310245663481082e-06  -6.7417020088175516e-05  -2.0298445741460197e-06  -4.8372830784155705e-06  -1.3431276479348266e-06  -1.2860750353130257e-06  1.4993748645917541e-07  4.3319888194758508e-06  -5.1873462104395203e-07  1.2355661769966052e-06  -4.3462625444610212e-07  -5.4583976099740492e-06  8.1939809847797659e-07
9.9200000000013802e+01  -6.7919446334600814e-05  9.2000681138633875e-06  1.3255553351747067e-05  2.4237885502390435e-06  6.0458977177927743e-05  -1.4222651682748922e-06  -3.3820591518269531e-06  -2.0987710829632485e-06  -7.3064429932828383e-05  -1.0383781156347173e-05  -6.7847461003665200e-06  2.1352116347039530e-06  2.5786540307855687e-06  1.2716187601852549e-06  6.4986623919392458e-06  -1.2401513311435244e-06  -3.0140862001926826e-06  -1.1195856967623003e-06  -9.1047713460921382e-06  -3.0710146364989507e-06
1.0000000000001400e+02  -7.3641586530430556e-05  1.1607316883984274e-05  1.4679870841555605e-05  1.0494280649882602e-06  6.4575698484887467e-05  -2.5412259782719750e-08  -4.3762245059529180e-06  -4.1166235286918077e-07  -7.5362136910646707e-05  -1.1866840818966806e-05  -1.1018216829314147e-05  6.0806174208100946e-06  6.1544794902634578e-06  5.3529905605898859e-07  9.0093457969725276e-06  8.4659363240520432e-07  -5.8229484740848431e-06  2.1197465088211884e-07  -1.1260481969260437e-05  -5.2884406542295564e-06
1.0080000000001500e+02  -7.3144350091033816e-05  6.1137392258180829e-06  7.8230343763606544e-06  -5.9408377551759819e-08  6.3837181338447749e-05  1.5800041092384970e-06  1.9152742069420217e-06  4.3139285947786660e-07  -7.3094484815723810e-05  -4.8959876112115654e-06  -9.8373420778280720e-06  1.6599569386018511e-06  1.0153887103665037e-06  -1.5801085804460879e-06  6.8380609731890802e-06  2.4452914920508154e-06  -1.0737638267129320e-07  1.5436576035533226e-06  -6.6966157235294870e-06  1.8305645902311015e-07
1.0160000000001500e+02  -6.9065720915289003e-05  1.7693661708322311e-06  4.0045471909735464e-06  5.5080184759251004e-07  6.0917190620099078e-05  8.4008119872324077e-07  5.2914786352850933e-06  -7.4573770219732488e-07  -7.1070798222009807e-05  -9.6907590316654288e-07  -3.0528495482722512e-06  -6.2989082801745696e-06  -6.5456343852356718e-06  -9.3464726762616112e-07  2.4129229428412314e-06  -4.2152221677437300e-07  6.6694251738542672e-06  3.8153879568252060e-08  -2.0858513260030739e-06  5.8439873146896312e-06
1.0240000000001500e+02  -6.9097362703029970e-05  4.0184880244690931e-06  7.4283646136185104e-06  1.8381340517361777e-06  6.1700299217368068e-05  -7.4046643203638318e-07  2.1925442981882083e-06  -1.9052199655860861e-06  -7.3448611395191587e-05  -4.6179841464400984e-06  -2.2957528025283260e-06  -3.7003668904788910e-06  -2.9202831267945235e-06  2.0356156385880033e-06  3.6354901823001660e-06  -3.1407439912107362e-06  2.2558431770732242e-06  -2.0295039976648944e-06  -6.3829807503721875e-06  1.3727236516345741e-06
1.0320000000001600e+02  -7.3567847754702262e-05  7.4044708949519309e-06  1.0704907791805619e-05  1.8067525129905321e-06  6.5369010878633515e-05  -5.8281493390969138e-07  -7.0389179796165931e-07  -1.3993138709126543e-06  -7.7239176708361360e-05  -7.9943810380932745e-06  -1.0576281672766139e-05  6.6979723671784608e-06  7.5958402315669548e-06  2.0881430121364838e-06  9.5677793687168006e-06  -9.0073307972497459e-07  -7.5493548158905960e-06  -1.0752324263918148e-06  -1.3647596400228921e-05  -7.2990665198865931e-06
1.0400000000001600e+02  -7.6359964668438492e-05  7.0386976646315995e-06  9.6734359740831700e-06  9.3595271847543771e-07  6.7144236587724692e-05  3.8555720513118364e-07  2.1474493180553963e-07  -5.4219785928867607e-07  -7.8364495531299137e-05  -6.7783079259093566e-06  -1.5220062813006920e-05  8.7300645516673962e-06  8.7011650247258962e-06  -9.0135424648971951e-07  1.1408193006209983e-05  2.1247895374140509e-06  -7.7003900732929267e-06  1.3338141609454037e-06  -1.2751662401323729e-05  -7.2972916627741729e-06
1.0480000000001699e+02  -7.6201712554154662e-05  5.3687748821398429e-06  7.9896654362902387e-06  8.1012625366951890e-07  6.6968236982838301e-05  4.2760837216786734e-07  1.6653766223546462e-06  -6.6376082920248704e-07  -7.8259218398039708e-05  -5.0172369597109553e-06  -9.7826955295042088e-06  5.3237835151545947e-10  -1.0195190808006819e-06  -2.0128766916209752e-06  7.0539344153446640e-06  1.7723573478960570e-06  1.5082679792957361e-06  1.6739205226671614e-06  -6.0705679411699186e-06  1.2620648267053136e-06
1.0560000000001700e+02  -7.6547520011774361e-05  5.2597025741569002e-06  8.1859217030819575e-06  1.2764732316877962e-06  6.7643773039745297e-05  -4.0203190202686495e-10  1.5086612852626324e-06  -1.1357892464089665e-06  -7.9503946932150355e-05  -5.2884607542804594e-06  -3.0483699203471408e-06  -6.4429023509482060e-06  -7.2617722628555482e-06  -9.2836950136175651e-08  2.8585602403855688e-06  7.5235357339979513e-09  6.7845092369372420e-06  -1.9710493842616578e-07  -3.4010457868581621e-06  6.7597437486658743e-06
1.0640000000001800e+02  -7.8209289857929416e-05  5.8082046505705557e-06  8.7796277965490588e-06  1.4050633166085218e-06  6.9203902630287200e-05  -2.6650684344208709e-08  1.0723632883368243e-06  -1.1745482478471343e-06  -8.1321302015195394e-05  -5.8813376292143797e-06  -3.4359199381830935e-06  -2.7068139074473475e-06  -1.9286934399039098e-06  1.7276902715405446e-06  3.7871650328930515e-06  -1.2641154383069730e-06  1.7387746715603795e-06  -1.8184965779549333e-06  -7.0320374223029983e-06  1.9216501333720152e-06
1.0720000000001799e+02  -7.9667119350361335e-05  5.8348699834560399e-06  8.7071089056336125e-06  1.1890949136002684e-06  7.0277559218624104e-05  1.2710955639620766e-07  1.1529791379636658e-06  -9.5021535862672459e-07  -8.2368633232097422e-05  -5.7679662655601382e-06  -9.4351754778244186e-06  5.1069905457618870e-06  6.6961591365795344e-06  1.4331350515589232e-06  8.4320509535392461e-06  -1.5492182644887699e-06  -6.0340287404618903e-06  -1.2375939625013399e-06  -1.1838760065022965e-05  -6.6059301904492089e-06
1.0800000000001801e+02  -8.0735203347422470e-05  5.7012497689779163e-06  8.5530157550555287e-06  1.0681188203706685e-06  7.1039788761618624e-05  1.1825272623171606e-07  1.2135647384041155e-06  -8.2921513354210467e-07  -8.3193221752452543e-05  -5.6325650563788299e-06  -1.3784616351286986e-05  6.5849855739423213e-06  6.6909739598423565e-06  -2.4192862810567434e-07  1.1195768016912527e-05  -2.2460362106251171e-08  -6.1419094178998973e-06  7.7547440862171514e-07  -1.2618167947601473e-05  -6.8623392147727004e-06
1.0880000000001900e+02  -8.1941029035253796e-05  5.7637355297790348e-06  8.6707317313544467e-06  1.1853044930239003e-06  7.2178315722364050e-05  6.7271983069377596e-08  1.1085903319004321e-06  -9.4103244344620258e-07  -8.4611100752345886e-05  -5.7443632594486397e-06  -1.1497391054288344e-05  8.5964053272763334e-07  -4.5883211141421168e-07  -1.1671685839093899e-06  8.8029472664910023e-06  1.5890612860258730e-06  3.2083320123048530e-07  1.4042754332530924e-06  -9.0343830136452701e-06  5.5970123716472944e-07
1.0960000000001899e+02  -8.3141950743002320e-05  5.8452298328624720e-06  8.8079354627283561e-06  1.3926626317739703e-06  7.3445771074869779e-05  7.7190626609240901e-08  1.0807745605999678e-06  -1.1712207820080224e-06  -8.6258132266111827e-05  -5.8243254227048580e-06  -6.3075845090837165e-06  -3.0786057824592414e-06  -3.5292130025589185e-06  -2.4720203360052350e-07  5.0820237299940624e-06  7.5711442502896307e-07  3.3849932064286155e-06  -5.7967221291942313e-08  -6.1779472410566236e-06  3.8990637776715183e-06
1.1040000000002000e+02  -8.4276575441411864e-05  5.7962146946184626e-06  8.7521807807671196e-06  1.3907941565017746e-06  7.4413855198391331e-05  8.9120138062528519e-08  1.1410388235445529e-06  -1.1678832244986182e-06  -8.7396408796931027e-05  -5.7614689404527165e-06  -5.7246478508589362e-06  -6.0666358291921570e-07  2.6332926662069532e-07  9.6238832258466436e-07  5.3243424040252942e-06  -9.0885819225025192e-07  8.0322547746940383e-08  -1.1139026939265329e-06  -7.6997381874637301e-06  -1.7699837724178966e-07
1.1120000000002000e+02  -8.5660795117419215e-05  5.6732162867199231e-06  8.5867052289657626e-06  1.1168264500442491e-06  7.5319810394547829e-05  1.0551864941877931e-07  1.2095276600012316e-06  -8.5235796897664390e-07  -8.8179688127952756e-05  -5.6213133270989076e-06  -9.3713356084173949e-06  2.7717619432761056e-06  3.3231669069227787e-06  7.1997762337871491e-07  8.1094809802906179e-06  -7.3460752156967327e-07  -2.9351257956992822e-06  -4.3133091163550294e-07  -1.0436996235421472e-05  -3.4888039133338886e-06
1.1200000000001999e+02  -8.7096298270093866e-05  5.7014359986380958e-06  8.6356962637907102e-06  9.7838338796085957e-07  7.6455403570301525e-05  1.3777651495043144e-07  1.1817247416658246e-06  -7.0395048164879230e-07  -8.9327585458572905e-05  -5.6311982662518727e-06  -1.1036805073883255e-05  2.3370123595463522e-06  2.0798073747625874e-06  -1.5333576019085266e-07  8.9195142375429089e-06  3.1965905999087557e-07  -1.9895945839152275e-06  3.9513459193167885e-07  -1.0479261698959382e-05  -2.0605463062296917e-06
1.1280000000002100e+02  -8.8066130070070092e-05  5.9417074540501430e-06  8.9476422344907482e-06  1.2254618058568346e-06  7.7556945393225809e-05  1.0930948378180458e-07  9.9856728809528950e-07  -9.8067047969371485e-07  -9.0839820291424279e-05  -5.8968312788310005e-06  -9.7019045086003423e-06  5.8096765837425444e-07  4.3108725974120681e-07  -1.9484678992213960e-07  7.8386489515606833e-06  3.7876017782432309e-07  -3.4080871838756146e-07  1.9184956310157658e-07  -9.2932296980468081e-06  -2.1579634420676496e-07
1.1360000000002100e+02  -8.8974084983456814e-05  5.9849080151291615e-06  9.0065674490661307e-06  1.4690205739560188e-06  7.8525326913332814e-05  2.2374463506625650e-08  9.3190374745083971e-07  -1.2247497511421322e-06  -9.2233398424010726e-05  -5.9955224319969461e-06  -8.9207119640572770e-06  5.0826710306395010e-07  7.1050377651616446e-07  2.7797822800742142e-07  7.5552752523118647e-06  -1.0705125660254705e-07  -4.3201997275724521e-07  -2.7269036219459029e-07  -9.4200547933374880e-06  -6.0896090423394210e-07
1.1440000000002200e+02  -9.0721785032072078e-05  5.5881697447773345e-06  8.5672611541690513e-06  1.3633681541071088e-06  7.9881752386344135e-05  2.4994157024237906e-08  1.2525224257489091e-06  -1.0849525268063048e-06  -9.3709808651805965e-05  -5.5981504739186083e-06  -9.4928932552319616e-06  1.1576611079446954e-06  1.2536322636677847e-06  3.7164125743419932e-07  8.1353704683986434e-06  -1.5114425203579266e-07  -1.0274545281158615e-06  -2.7202055149282024e-07  -1.0109261921675754e-05  -1.3075825233925854e-06
1.1520000000002200e+02  -9.2903187901755192e-05  5.3480735726377531e-06  8.3128283790455187e-06  1.1845001674721960e-06  8.1616860493492364e-05  1.4615739593522105e-07  1.5501080112740077e-06  -8.8702298833019557e-07  -9.5514648349137609e-05  -5.2854254752864890e-06  -9.9180795457895370e-06  1.1560688331821690e-06  1.1229658610699173e-06  1.3597093110517185e-07  8.2739180725968796e-06  3.2219668645858804e-08  -1.0549531770413462e-06  -4.4627957478869068e-08  -1.0094801030105692e-05  -1.1186657991161347e-06
1.1600000000002200e+02  -9.4095439545634739e-05  5.8237447402843540e-06  8.8424542851641276e-06  1.2118297907552602e-06  8.2685412754445408e-05  1.6333048418394065e-07  1.1856638813498061e-06  -9.1863534137693068e-07  -9.6792653506051686e-05  -5.7428497429473620e-06  -9.9645129175195059e-06  9.5566731557806582e-07  1.0334051583628168e-06  1.4082430626192060e-08  8.1010885065015433e-06  2.5509607109382796e-08  -9.1614456944887050e-07  5.5393418425389428e-08  -9.8965933108220047e-06  -9.1571643699272472e-07
1.1680000000002300e+02  -9.4209423494337301e-05  6.4023394775964718e-06  9.4955810829410044e-06  1.2502233539648864e-06  8.2780405494398127e-05  1.4687730299911079e-08  5.1909125415222418e-07  -9.6926923170947317e-07  -9.6998804714897239e-05  -6.4115459181454079e-06  -1.0026540877387380e-05  1.0650177900708625e-06  1.1985123405632946e-06  1.4386951363023885e-07  8.2509587490629020e-06  -4.2703771437985768e-08  -9.3459395948862887e-07  -6.0323090850159279e-08  -1.0169867972881015e-05  -1.0948475368143141e-06
1.1760000000002300e+02  -9.4921854364030594e-05  6.2751709763851563e-06  9.3469787232874208e-06  1.2022401412060034e-06  8.3367845639116121e-05  5.6436200267286356e-08  5.1739661888319842e-07  -9.3602533535925644e-07  -9.7615758634242753e-05  -6.2624936560449245e-06  -1.0032432664559255e-05  1.1979202732752329e-06  1.2798205184381728e-06  3.5828827661256095e-07  8.5561359562167732e-06  -2.1715030207494514e-08  -1.0184254626856068e-06  -2.8086456033998601e-07  -1.0606820932812378e-05  -1.2254389270199280e-06
1.1840000000002399e+02  -9.7216084919984035e-05  5.8400626071272716e-06  8.8010123122191010e-06  1.3016190248481611e-06  8.5492722848551930e-05  3.3547276846764425e-07  1.0720481272541546e-06  -1.0242415753483220e-06  -1.0009602485500985e-04  -5.6301075487687234e-06  -1.0107386493371419e-05  1.1021553382782634e-06  1.1836804585224688e-06  3.2949243548649169e-07  8.6600357767587021e-06  5.2497572799923417e-09  -1.0316935101209421e-06  -2.7989710655625871e-07  -1.0676830789631665e-05  -1.1209856002858287e-06
1.1920000000002400e+02  -9.9728385839909032e-05  5.6337583749153099e-06  8.6377222491759449e-06  1.4784901298029444e-06  8.7759438159547745e-05  2.1033336019251261e-07  1.3615142374427105e-06  -1.1405422901413683e-06  -1.0288584982406118e-04  -5.5000808818406316e-06  -1.0436705046497618e-05  9.4428453686420201e-07  1.0141592651555943e-06  1.4214346679894482e-08  8.6009907362653955e-06  3.1068074130150557e-09  -8.9098355988064808e-07  4.4764607305922117e-08  -1.0407067987565512e-05  -9.5106295370329660e-07
1.2000000000002400e+02  -1.0065070507032245e-04  5.3026732012618108e-06  8.5549246834227134e-06  1.3788113276765459e-06  8.8389098316903145e-05  -3.6157135513287784e-07  1.4678937405875102e-06  -9.9504542687634032e-07  -1.0354244768948976e-04  -5.6095958683650834e-06  -1.0684298751792044e-05  1.0183401281362064e-06  1.0171372966202040e-06  -1.1776386909657676e-07  8.5718831117639766e-06  1.4206492002573392e-08  -8.3647968991439564e-07  2.2359402007355208e-07  -1.0365977860610659e-05  -9.7806927504999616e-07
1.2080000000002499e+02  -1.0060429761090585e-04  5.0919623094749077e-06  8.4019968182953903e-06  1.1396612735446370e-06  8.8223226625170560e-05  -3.3701473814916060e-07  1.6165165306466437e-06  -8.0785092221102469e-07  -1.0311292702521065e-04  -5.4225423509609003e-06  -1.0541422887469872e-05  1.2883510423678754e-06  1.2918960719235074e-06  1.8137993341817505e-07  8.6841802077120918e-06  -3.9187439752476538e-09  -1.1030258374135832e-06  -6.8395041966959274e-08  -1.0754012211794785e-05  -1.2567188084912065e-06
1.2160000000002501e+02  -1.0176861593585772e-04  5.9157971106332656e-06  8.9179612006406160e-06  1.2057270320507694e-06  8.9340249047863151e-05  4.7094532275573538e-07  1.1507683898975547e-06  -9.5261918671060890e-07  -1.0454782104168043e-04  -5.6132554812636889e-06  -1.0402108052572326e-05  1.2977182078813545e-06  1.3931414419525802e-06  4.4013212901422836e-07  8.9543036312467061e-06  -6.9093431219712112e-08  -1.2316913345534764e-06  -3.7780264876538281e-07  -1.1095310838480899e-05  -1.3629859365359232e-06
1.2240000000002600e+02  -1.0439689596639554e-04  7.0457900157192642e-06  9.8440391271291448e-06  1.4520327489624713e-06  9.1665777750442619e-05  7.8512226578702796e-07  1.7174726918282087e-07  -1.1643971165431433e-06  -1.0758460792611664e-04  -6.4361293293059416e-06  -1.0919989850964294e-05  8.6076065536313455e-07  1.0091816482904128e-06  2.7693684069512644e-07  9.3388202158820294e-06  -5.8748673828944662e-08  -8.0727853981878869e-07  -2.3990299788536748e-07  -1.1363025324499321e-05  -9.5359230704639698e-07
1.2320000000002599e+02  -1.0655091943199483e-04  6.9438416028715497e-06  1.0000652857724315e-05  1.4574728865677545e-06  9.3448802307198817e-05  1.4589847257785638e-07  -8.2896765422841917e-08  -1.0783453300954803e-06  -1.0955499677733641e-04  -6.8360373628398392e-06  -1.1858657016481421e-05  5.9464654758948397e-07  7.3433112913744005e-07  3.0933998369585142e-08  9.6894667667394429e-06  4.6962901953283840e-08  -5.0756560905968712e-07  4.2893837270881538e-08  -1.1908164039732676e-05  -5.7488532986236491e-07
1.2400000000002700e+02  -1.0716119810330234e-04  6.2107215794063320e-06  9.6444119629134940e-06  1.3299979555037892e-06  9.4033768839955472e-05  -4.2432382470285431e-07  3.8353689195104934e-07  -9.5090699813667877e-07  -1.0992639904538910e-04  -6.6178281843840551e-06  -1.1976640885492913e-05  1.0782189897984298e-06  1.1669155896217835e-06  6.0082243392967254e-08  9.6764287058702913e-06  3.9663110910381924e-08  -1.0102104745195333e-06  5.3108154713010502e-08  -1.2015433214708494e-05  -1.0060443313493684e-06
1.2480000000002700e+02  -1.0726842861641287e-04  6.1913939390695641e-06  9.6371927184234435e-06  1.3256774885056096e-06  9.4207898408876713e-05  -3.3964229455920628e-07  5.5819698138300454e-07  -9.7763290674868597e-07  -1.1016833252135258e-04  -6.5324609613076829e-06  -1.0921978595958946e-05  1.7435927975748035e-06  1.7351850588406079e-06  1.7013510884858887e-07  9.1778587329508644e-06  -9.5363585616515058e-08  -1.5965034565439948e-06  -6.4307986774946683e-08  -1.1044421609415939e-05  -1.7825123739824256e-06
1.2560000000002699e+02  -1.0847598954068795e-04  6.0737863079775791e-06  9.2000935089966952e-06  1.2799168332827258e-06  9.5066624373837383e-05  9.6023061266166679e-08  9.1337053148386879e-07  -9.0450149211655204e-07  -1.1128508505100469e-04  -6.0114459696082848e-06  -1.0362818726645169e-05  1.6639846571682940e-06  1.6002307431692022e-06  1.6627027059751286e-07  8.8716239105411596e-06  -2.4726515001576005e-08  -1.3813139233135449e-06  -1.1175773808475832e-07  -1.0558214640342449e-05  -1.7131055410895852e-06
1.2640000000002800e+02  -1.1108622854436495e-04  4.9927691093124708e-06  7.9019434164029866e-06  1.1946413662319336e-06  9.7171667972405072e-05  5.4198455593095066e-07  2.0686386607792178e-06  -8.5443262685832750e-07  -1.1366627415485564e-04  -4.5843690906987497e-06  -1.1558190666006648e-05  1.0632285914715406e-06  1.0849079150232684e-06  2.0713895964743810e-07  9.5590075052797935e-06  2.1633930469741316e-07  -8.5056482908361841e-07  -1.8687657796166587e-07  -1.1997256641830768e-05  -9.3116187716490859e-07
1.2720000000002800e+02  -1.1355335781433570e-04  4.7591407143115421e-06  7.8492263596837222e-06  1.4017671373725526e-06  9.9537306310629143e-05  4.9515540711050779e-07  2.2105147746112781e-06  -1.1394188184233216e-06  -1.1655132571785501e-04  -4.4387384114346101e-06  -1.2971531736566569e-05  6.7291773047897235e-07  8.5636416152949372e-07  2.9881616642635286e-07  1.0614675970434948e-05  5.5928721403633505e-08  -6.9466053924996408e-07  -2.1915780792275541e-07  -1.3462467764464784e-05  -5.9843069922736369e-07
1.2800000000002899e+02  -1.1445176278212355e-04  6.6190376753369658e-06  1.0044579098352293e-05  1.6692780457700302e-06  1.0050297224880990e-04  -2.1051549700474998e-07  1.4701277670529575e-07  -1.2846094807369627e-06  -1.1790538343139868e-04  -6.8438689025706578e-06  -1.2576352921094604e-05  4.8191423392723633e-07  7.3465554059602491e-07  1.8998675392910215e-07  1.0543513706059365e-05  -4.4096001335468985e-07  -6.0465474799538205e-07  -3.3771210665561762e-08  -1.2641448191482078e-05  -7.8826366265601891e-07
1.2880000000002801e+02  -1.1474093409658781e-04  7.9273855674810126e-06  1.1358223861815473e-05  1.4339523083924926e-06  1.0049293675898187e-04  -5.1941148746949756e-07  -1.2116935610389623e-06  -8.5760952978064865e-07  -1.1762552461926162e-04  -8.3561875573698453e-06  -1.1253186772267974e-05  5.3416029792753515e-07  6.7004084273321720e-07  -1.2052592328905469e-08  9.5072338813870447e-06  -3.6433255468106042e-07  -4.8679091998273602e-07  1.0918006895637231e-07  -1.1110302296658460e-05  -8.5314759956898042e-07
1.2960000000002699e+02  -1.1608215077432790e-04  6.4214791004803526e-06  9.5744578968925086e-06  1.0349226898963494e-06  1.0141769201242273e-04  2.1408887654590096e-07  5.3485352659933842e-07  -5.8310715234253004e-07  -1.1830748509407892e-04  -6.2869234013519087e-06  -1.1291751889682120e-05  1.2897512370076057e-06  1.2198869356041773e-06  8.6658619895613585e-08  9.3205379110477785e-06  3.6438465080268724e-07  -9.7157262674611803e-07  -9.1714234392043613e-08  -1.1629061000148888e-05  -1.0493551711104880e-06
1.3040000000002601e+02  -1.1797084942461411e-04  4.7535247980018980e-06  7.8533648244608642e-06  1.2436069463180370e-06  1.0327333645287992e-04  7.3510120313623358e-07  2.3431621999369409e-06  -1.0455537738595493e-06  -1.2078151748429582e-04  -4.2385336979547898e-06  -1.2720831689155598e-05  2.1749518235591813e-06  2.0313919190625489e-06  3.5607102702069540e-07  1.0480229092415719e-05  6.3437071612680008e-07  -1.8177211261988022e-06  -3.1643014352992025e-07  -1.3373793449030019e-05  -1.6579130493500940e-06
1.3120000000002599e+02  -1.1929073957145367e-04  5.8843609673373075e-06  9.2198856034504987e-06  1.7423617544104599e-06  1.0466226717454756e-04  1.1898641711851199e-07  9.8256737429683523e-07  -1.4531510642545023e-06  -1.2293611630051358e-04  -5.8436772754764580e-06  -1.3610140263492636e-05  2.0774611716166428e-06  2.0825320193278299e-06  3.1053600290167661e-07  1.1395744762351405e-05  3.9578626693354681e-08  -1.9671982012724178e-06  -1.9306330704128903e-07  -1.3844030391157708e-05  -2.0109157260259999e-06
1.3200000000002501e+02  -1.2080233099908761e-04  7.7138535858996020e-06  1.1144501322876373e-05  1.6512772207663291e-06  1.0581901947860452e-04  -4.8503858664949672e-07  -1.0535848751795564e-06  -1.1004544268038279e-06  -1.2403725699948039e-04  -8.1282970087849563e-06  -1.3010851017065056e-05  1.4291883192196965e-06  1.6621143646069937e-06  5.8100090089349436e-08  1.0905230783535377e-05  -5.5007150724603228e-07  -1.5128219123141103e-06  7.8460789391159847e-09  -1.2961200644918672e-05  -1.8599096653776498e-06
1.3280000000002400e+02  -1.2313799742739740e-04  7.2540197772310837e-06  1.0557812551305497e-05  1.1859216299124175e-06  1.0758269830196671e-04  -1.0194935589628667e-07  -4.4037393650021568e-07  -6.6117473180623777e-07  -1.2554254351130803e-04  -7.3707868438681940e-06  -1.1879909841200288e-05  1.2268583125031766e-06  1.5407430331037362e-06  5.1225179342056890e-08  9.8146527768626489e-06  -4.8187622286585437e-07  -1.2694871963644614e-06  -1.0626133878686328e-08  -1.2129784684907099e-05  -1.6060075971506968e-06
1.3360000000002299e+02  -1.2483358332595902e-04  5.8098190573819067e-06  9.0865106932648315e-06  1.1931802675832436e-06  1.0904990596950886e-04  4.1976804712226245e-07  1.2135210109558852e-06  -8.5300780504238253e-07  -1.2744035864554242e-04  -5.5297201815766761e-06  -1.1803068078463406e-05  9.1873813712941906e-07  1.0346120924768309e-06  1.8368933314772465e-07  9.7433182636875835e-06  6.2258355817153269e-08  -8.1565569159608670e-07  -6.5978266953076399e-08  -1.2108866378451726e-05  -8.6528967694000723e-07
1.3440000000002300e+02  -1.2502264004986562e-04  5.7125021712801996e-06  9.0904848155989718e-06  1.5870263120320373e-06  1.0940211781468405e-04  2.5695867984031721e-07  1.2468792423893393e-06  -1.2301206724330565e-06  -1.2835229476836969e-04  -5.5645744090152727e-06  -1.3196639957653853e-05  1.9699644031576306e-08  -1.5981434915103021e-07  1.6100520387554783e-07  1.1034879838487321e-05  5.3356368483835620e-07  2.4188671872236712e-07  -8.5640626586644708e-08  -1.3221899807555091e-05  3.7728062754816288e-07
1.3520000000002199e+02  -1.2557089230033977e-04  6.3961973740236304e-06  9.7653547305226918e-06  1.6412729851278973e-06  1.0996610092184022e-04  -8.0711400317529976e-08  4.1490565562990358e-07  -1.1561130667401598e-06  -1.2885874031235377e-04  -6.5044171657630160e-06  -1.4487762825277599e-05  6.8233923559126329e-08  -7.7044594705751288e-08  1.5841784877091506e-07  1.2105820271494642e-05  3.2594889654097786e-07  2.2681629792342794e-07  -2.0076288976599816e-07  -1.4719788174806844e-05  1.6149023814268621e-07
1.3600000000002100e+02  -1.2827041290014505e-04  6.7764815374716005e-06  1.0082277224977094e-05  1.2980907086503300e-06  1.1208860076640710e-04  -4.4549724768939385e-08  5.3298017616004592e-08  -8.1543894915182176e-07  -1.3086978318021882e-04  -6.8475000622642180e-06  -1.4110446855318470e-05  1.8230985088723982e-06  2.0454880937830820e-06  2.7264179060271050e-07  1.1650993300041284e-05  -4.2228687575360616e-07  -1.7578308761219237e-06  -2.0501299395757049e-07  -1.4706736912311301e-05  -2.1393932342336261e-06
1.3680000000002099e+02  -1.3152335808651338e-04  7.1661560993708422e-06  1.0557867513810341e-05  1.2008614257975992e-06  1.1465614367365494e-04  1.0407380945285045e-07  -2.7108598666991711e-07  -7.8264691747026737e-07  -1.3399941702831031e-04  -7.1276147416489714e-06  -1.3024808093950012e-05  2.7934443503751979e-06  3.1405985187143897e-06  1.8997027481624445e-07  1.0743139483692803e-05  -5.6320769325563298e-07  -2.9133301909690965e-06  5.2250040822863968e-08  -1.3221289368297415e-05  -3.1976483209507056e-06
1.3760000000002000e+02  -1.3225477011041901e-04  7.2392177525788345e-06  1.0750367244029990e-05  1.6153043621779006e-06  1.1552228416758910e-04  9.2449006132127880e-08  -3.8155957987062185e-07  -1.1688907698740675e-06  -1.3556031836281919e-04  -7.2206620777350303e-06  -1.3063167259234053e-05  1.2639298063178817e-06  1.2954933391692637e-06  -2.5447877909015954e-08  1.0902504893101479e-05  2.2923680961954708e-07  -1.1730085023157037e-06  1.2871233070585749e-07  -1.2754554200592354e-05  -1.0793125062023185e-06
1.3840000000001899e+02  -1.3113165146431949e-04  6.2794816129312072e-06  9.7392141436861645e-06  1.9105584547766702e-06  1.1497782665597473e-04  6.2408209135459258e-08  5.4818223318083849e-07  -1.4069292718057350e-06  -1.3495327389990687e-04  -6.2849943536156906e-06  -1.3768585175507390e-05  -1.2852510219216331e-07  -3.1220405065455681e-07  1.0641649385598900e-07  1.1513227930934424e-05  6.2030002645699916e-07  4.9099217219337171e-07  -2.1989839941710387e-07  -1.3971323280838824e-05  5.8245314537507466e-07
1.3920000000001801e+02  -1.3237022291461681e-04  5.5971673378039181e-06  8.9464063273275707e-06  1.4951041261018068e-06  1.1581808533476624e-04  9.1665218223073476e-08  1.2936713695814049e-06  -1.0156070205844313e-06  -1.3533884297645785e-04  -5.5746490478284835e-06  -1.3866706077847827e-05  1.0410388834405509e-06  1.0598198072897200e-06  4.2346540269137213e-07  1.1534394068324813e-05  -5.5985525027951432e-08  -8.1928537940106284e-07  -4.2080050871248351e-07  -1.4768240603839188e-05  -1.1006744858166825e-06
1.4000000000001799e+02  -1.3680476610194241e-04  6.7230606987183343e-06  1.0108508185863689e-05  9.1498399748290449e-07  1.1895369387366212e-04  5.2317744906104711e-08  2.1206015020139280e-07  -4.7662159110785937e-07  -1.3869100960573133e-04  -6.7177377858584029e-06  -1.4062516726463111e-05  2.5727688961996982e-06  2.8483386283217301e-06  3.1560083112505985e-07  1.1691423544609746e-05  -5.8362498577040178e-07  -2.6654302163811490e-06  -1.0573699286307531e-07  -1.4516436368198306e-05  -3.0034094153220905e-06
1.4080000000001701e+02  -1.3985773289042002e-04  8.1437217306123416e-06  1.1660067219186469e-05  1.1559025289224740e-06  1.2157762846784419e-04  -2.0105488808801722e-08  -1.2644669295457892e-06  -6.7879278349887693e-07  -1.4221240272113738e-04  -8.1839365877560450e-06  -1.5069179683184302e-05  1.9312650076180315e-06  2.1532655190959677e-06  -3.9490731629449555e-08  1.2530484354104794e-05  -1.4568869765064647e-07  -2.0123413854901711e-06  1.7106868643464726e-07  -1.4737471910425835e-05  -2.0222946164141818e-06
1.4160000000001600e+02  -1.3894111566632142e-04  7.5332047239764871e-06  1.1098681621960393e-05  1.9536955124253108e-06  1.2155806929596944e-04  3.0417964609616286e-08  -7.4201974622060984e-07  -1.4058672563805653e-06  -1.4272682062635753e-04  -7.5589294806801945e-06  -1.5429387202686195e-05  6.2277472127112051e-07  5.8320437490567703e-07  -1.8086968259982296e-09  1.2808522039229841e-05  3.5403404402342084e-07  -4.1218620853043405e-07  -2.7975707066830801e-08  -1.5372973033559052e-05  -3.6599183101525007e-07
1.4240000000001501e+02  -1.3793431349881104e-04  6.0060000862410303e-06  9.5254599863585745e-06  2.0258467437826720e-06  1.2094742373031703e-04  8.2020237198621023e-08  7.6671625276280133e-07  -1.4644188803707791e-06  -1.4183211025342837e-04  -6.0290945298739910e-06  -1.4286517223135141e-05  6.6704292297500838e-07  5.3061433120744435e-07  3.2265218583913646e-07  1.1887431974962685e-05  1.5812265330440424e-07  -3.0782273112658592e-07  -3.0237219531052556e-07  -1.4956566144771953e-05  -5.7337573000473072e-07
1.4320000000001500e+02  -1.4072797935069399e-04  6.4148568553353616e-06  9.8869314860946850e-06  1.3103526849874237e-06  1.2270103894410675e-04  2.7409925569842101e-08  4.5759926307363855e-07  -8.1417876604978354e-07  -1.4338424687136288e-04  -6.4620699019124200e-06  -1.3569859393034070e-05  1.2336554063835871e-06  1.3424117006645792e-06  3.3958242810344506e-07  1.1290011674124007e-05  -1.7843619642390009e-07  -1.0577664037068114e-06  -2.0620656626898892e-07  -1.4113808977606058e-05  -1.3635603306399110e-06
1.4400000000001401e+02  -1.4458296206159053e-04  7.9861689549756792e-06  1.1434519771614447e-05  1.1705090607689072e-06  1.2572628192477437e-04  1.3081260612226272e-07  -9.7784413892587478e-07  -7.6650712097156096e-07  -1.4705278339680294e-04  -7.8918265590798471e-06  -1.4996857012317014e-05  1.4267034034148966e-06  1.7579092963425388e-06  1.0000564914092908e-08  1.2329036123982891e-05  -1.1891954761592827e-07  -1.5176552296839452e-06  8.9222551296536008e-08  -1.4830239616496900e-05  -1.4828156331749134e-06
1.4480000000001300e+02  -1.4541648823159832e-04  7.3378302771269100e-06  1.0837206003591875e-05  1.6688942901517227e-06  1.2684036429518831e-04  2.6099434522020638e-07  -3.7217833180313025e-07  -1.2200875473691736e-06  -1.4869055917799936e-04  -7.1284581856327978e-06  -1.6833693907798974e-05  1.8275095899647958e-06  1.9454923393156342e-06  -8.3666896347722163e-08  1.3823226419261049e-05  3.6274345328430387e-08  -1.8857372791376503e-06  9.7194119733643901e-08  -1.6596809930341089e-05  -1.7861594562416528e-06
1.4560000000001301e+02  -1.4575072798536724e-04  5.4146819408372236e-06  9.0978543687310744e-06  1.4478639490281458e-06  1.2696094993329131e-04  -1.5553556246903695e-07  1.2839510126436159e-06  -7.7642231382242647e-07  -1.4834352894255328e-04  -5.5884947062179280e-06  -1.6123376919944947e-05  1.9817987996977212e-06  1.7788437825763877e-06  3.2473614516975427e-07  1.3595815117138608e-05  9.6375905337439598e-09  -1.7350257830205858e-06  -2.9135173522123528e-07  -1.6710168830759978e-05  -2.0047866049421564e-06
1.4640000000001200e+02  -1.4922496588621635e-04  6.6406397534382431e-06  1.0399776179601786e-05  9.6638811322466887e-07  1.2946855271138343e-04  -6.0134506741461243e-07  -6.4260264271266774e-08  -2.3204859522607378e-07  -1.5091590243306198e-04  -7.2168795108694208e-06  -1.3759180560168235e-05  9.5334458506463930e-07  8.9019414555710522e-07  6.0819762758851407e-07  1.1901989773993385e-05  -2.0852364581064424e-08  -5.9326350506768552e-07  -4.9799631867707284e-07  -1.4843244932487602e-05  -1.0052630962595325e-06
1.4720000000001099e+02  -1.5194569736404144e-04  9.7767932775488225e-06  1.3255204039222741e-05  1.8322593901240197e-06  1.3256264325630743e-04  7.2880586119266748e-08  -2.8522608112892787e-06  -1.3648321877467714e-06  -1.5564379352752018e-04  -9.8059113293218042e-06  -1.3840240509344550e-05  1.5348655405859766e-07  4.7684393803537905e-07  1.7103043376732773e-07  1.1455367188060098e-05  2.3515547282225741e-08  -5.3992516171557408e-08  -6.8427062225271557e-08  -1.4077627013530309e-05  -1.2673837949033338e-07
1.4800000000001000e+02  -1.4974340142157608e-04  9.0613186496508044e-06  1.2326167661166041e-05  2.8433382722975553e-06  1.3164557609320109e-04  1.0697105632094086e-06  -1.7568748313766399e-06  -2.5320409804642779e-06  -1.5549297169460891e-04  -8.2395101334068967e-06  -1.6882765241294050e-05  1.2455050935647138e-06  1.5749921419587315e-06  -4.1069015955630586e-07  1.3282006136561500e-05  -1.2307503569795779e-08  -1.3809463482026947e-06  4.2405110950746119e-07  -1.5985957104024863e-05  -1.2157253501729111e-06
1.4880000000000999e+02  -1.4808935096732872e-04  5.5842870743896465e-06  9.2357887678353779e-06  1.7061608541914993e-06  1.2921244280492499e-04  4.2398778131294323e-07  1.3886363881269364e-06  -1.1816478244506805e-06  -1.5132717483281775e-04  -5.2414284399907260e-06  -1.8358806704194665e-05  2.6453964918787702e-06  2.5982616840677644e-06  -1.7174577036209247e-07  1.4897147859585198e-05  -8.3534252584448961e-08  -2.6413767664510040e-06  1.6688914239549537e-07  -1.7937337315958370e-05  -2.6898556696553192e-06
1.4960000000000900e+02  -1.5351005434314621e-04  5.8550458757180014e-06  9.9664613520660938e-06  -3.0148301838015136e-08  1.3223507001687784e-04  -1.1704818471197857e-06  4.4472434770274731e-07  7.5161873629210262e-07  -1.5319391247478397e-04  -6.8174046897540089e-06  -1.6083221824682177e-05  2.0281658456305686e-06  1.7963818272563940e-06  5.9303974294055379e-07  1.4036344754878270e-05  -3.1399871284122669e-08  -1.7183309609209787e-06  -4.8736223031939874e-07  -1.7198684570264056e-05  -2.0619312633214301e-06
1.5040000000000799e+02  -1.6115337080935269e-04  9.2750530392163364e-06  1.3055071444850947e-05  7.4761601101587679e-07  1.3940735835054640e-04  -9.0238743142010364e-07  -2.7867331596326782e-06  -8.0663073348875202e-08  -1.6245944061415375e-04  -1.0076030274356396e-05  -1.3979558682659456e-05  5.5404025352320073e-07  5.9578803675710228e-07  6.8888302155885096e-07  1.2234848007047854e-05  9.7796763669250260e-09  -2.1848673725530437e-07  -5.1291188888985853e-07  -1.5178095991190756e-05  -5.7800490365652456e-07
1.5120000000000701e+02  -1.6158465171105214e-04  9.3841762752033289e-06  1.2538455346767244e-05  2.8716352144114045e-06  1.4161006864359173e-04  1.0278116573816044e-06  -2.0146818696021749e-06  -2.3272973077091074e-06  -1.6713256136357429e-04  -8.6398131995180673e-06  -1.5452843969750989e-05  8.6496739858088067e-07  1.2183321937286110e-06  4.4964123530439164e-08  1.2463352763598134e-05  -4.0128526901640264e-08  -8.1650091590907956e-07  6.1831404785374854e-10  -1.5306937263005735e-05  -9.3014706276230343e-07
1.5200000000000699e+02  -1.5599468735865514e-04  5.8778886286061325e-06  9.2855128884390117e-06  2.8216881547833170e-06  1.3681625170343148e-04  1.1826137472689850e-06  1.4980891664846663e-06  -2.3365569523512505e-06  -1.6147964274273172e-04  -4.9711641677673933e-06  -1.7724197473395195e-05  2.1139273764773920e-06  2.3363962057958259e-06  -1.7343393985261427e-07  1.4171608852804125e-05  8.1789994861297059e-08  -2.2050068937478780e-06  4.6311586395123908e-08  -1.7432312196143806e-05  -2.0272488525716181e-06
1.5280000000000601e+02  -1.5493704728714654e-04  4.7632567697682453e-06  8.9535573907778142e-06  9.3526178123368742e-07  1.3431785413114256e-04  -8.1281097753556960e-07  1.6597629161745899e-06  -3.6380679799134343e-07  -1.5665860324026807e-04  -5.4411028636945325e-06  -1.7266180445126764e-05  1.4246434160829790e-06  1.2933421924146554e-06  1.7013489135055457e-07  1.4451462119654225e-05  2.0684236698829499e-07  -1.3033286114690847e-06  -1.9378414998624027e-07  -1.7816886292768675e-05  -1.1953361067538743e-06
1.5360000000000500e+02  -1.6202149277145871e-04  8.2685352960199458e-06  1.2370657314634002e-05  4.7665550850661124e-07  1.3988855246595462e-04  -1.2116931842065268e-06  -2.0184344770059746e-06  2.6854513328083651e-07  -1.6264954245586336e-04  -9.2783195762628322e-06  -1.6478407881589974e-05  -5.4688476654006976e-08  -1.4944365216309466e-07  3.1792264057814713e-08  1.3824561595722801e-05  -2.0824119683197854e-07  2.9912182198376321e-07  2.3700896743590826e-07  -1.6295724810352246e-05  -1.1088737270237416e-07
1.5440000000000501e+02  -1.6833720852696508e-04  1.1451773983295197e-05  1.4744143609468819e-05  1.8313823052230852e-06  1.4638808622450221e-04  7.0543614878719981e-07  -4.2984839477150914e-06  -1.1458181568092827e-06  -1.7166168367289272e-04  -1.0934075393907235e-05  -1.8416847396273900e-05  1.3013556631881236e-06  1.5835284534420182e-06  -2.5355457169091853e-07  1.4996719332745796e-05  -6.2198098590298147e-07  -1.2409266110438284e-06  5.1613924702675839e-07  -1.7361580003237345e-05  -1.8652544441074500e-06
1.5520000000000400e+02  -1.6725415007328180e-04  9.5359263682412574e-06  1.2807015397080164e-05  2.4140169851995154e-06  1.4608166558379687e-04  1.1677196519586978e-06  -2.1130401517606987e-06  -1.9524354491077929e-06  -1.7196762973583282e-04  -8.6515174343136669e-06  -1.9470937961797294e-05  3.8250676638791568e-06  4.1037205967612911e-06  5.3818117485665195e-07  1.6278459453056671e-05  5.4277011202154780e-08  -3.7529991880300539e-06  -6.2668086876474510e-07  -2.0504393578088701e-05  -3.7975121372849461e-06
1.5600000000000301e+02  -1.6464244865032181e-04  5.6218068797269493e-06  9.7157534500015921e-06  1.5144846603135363e-06  1.4307632013591215e-04  -6.1828606084699897e-07  1.0140479861549809e-06  -9.8235268779507098e-07  -1.6749906069137515e-04  -6.1726270023239523e-06  -1.5963852539193141e-05  2.6876453412840834e-06  2.5336060713499096e-06  1.3315759417395887e-06  1.4053226471869235e-05  1.0065659683815149e-06  -2.3203701413119892e-06  -1.5456978261319415e-06  -1.9025137817154029e-05  -1.8329426362566467e-06
1.5680000000000200e+02  -1.6719535613655455e-04  6.1216962322749055e-06  1.0415005750052182e-05  1.0247414247098026e-06  1.4461252571531957e-04  -1.1562037899129145e-06  1.8296182627462417e-07  -2.4320354930269878e-07  -1.6879327429125478e-04  -7.0993532559100900e-06  -1.3141426357538692e-05  -3.8028645011079796e-07  -5.3437009114274406e-07  2.1334125399854128e-07  1.1058302908470279e-05  3.4655081678390283e-07  5.9894354310862814e-07  -1.4618101332535046e-07  -1.3583119118011999e-05  6.7875295977641825e-07
1.5760000000000201e+02  -1.7142316205741130e-04  9.6998986902404330e-06  1.3331908997095773e-05  1.6899009157299778e-06  1.4875477188450349e-04  2.9573791026419780e-07  -2.7947624787993377e-06  -9.3370187066518202e-07  -1.7437325911829501e-04  -9.4986260534546267e-06  -1.7332710476641196e-05  2.7390969577764771e-07  6.2983434875387708e-07  -1.3712081015169647e-06  1.3301147547514419e-05  -1.1946684294744078e-06  -5.8014010940552748e-07  1.6256870951394049e-06  -1.4138686725216849e-05  -1.2496776248342229e-06
1.5840000000000100e+02  -1.7230032379807872e-04  9.9917347752124215e-06  1.3345019336238260e-05  2.1409299372875217e-06  1.5007656949597576e-04  8.7878007904662134e-07  -2.7420186257931230e-06  -1.5513242540361979e-06  -1.7634140449283468e-04  -9.3172290995948460e-06  -2.3631341365647150e-05  3.2970046376366136e-06  3.6397457461990534e-06  -6.2580479309526476e-07  1.8949496403084983e-05  -8.8316339159386596e-07  -3.4232762150163085e-06  7.3490528113760743e-07  -2.2110975122652899e-05  -4.0100827578637483e-06
1.5919999999999999e+02  -1.7219427903141264e-04  7.4355253139084386e-06  1.1240989115578648e-05  1.6871239478162789e-06  1.4962464006916892e-04  -4.6567418976025348e-08  -5.5598103685384191e-07  -1.0798248509587553e-06  -1.7530001413494721e-04  -7.5222241881217100e-06  -2.2335490819727731e-05  2.8569506585933274e-06  2.6173136402326637e-06  1.3968230563792229e-06  1.9457348749198798e-05  1.0062887399841925e-06  -2.2230072981329322e-06  -1.4509669027464056e-06  -2.5234959262280563e-05  -2.0458140389498465e-06
1.5999999999999901e+02  -1.7441760140594521e-04  7.1764438372635205e-06  1.1284147994278503e-05  1.2851945644547501e-06  1.5104389929439311e-04  -5.3590745179696277e-07  -5.7756405222761874e-07  -5.9549701046565595e-07  -1.7659888207563568e-04  -7.6664327812501553e-06  -1.4959601114161374e-05  -5.2743676350439729e-07  -7.1613516113953574e-07  1.4250660838396454e-06  1.3401438474459663e-05  1.1158852926133899e-06  1.0691257522164261e-06  -1.4402537878661145e-06  -1.7884409142536098e-05  1.4095092066978954e-06
1.6079999999999899e+02  -1.7723242235152299e-04  9.0175546514869573e-06  1.2930313628969718e-05  1.5391819470368640e-06  1.5359471941010251e-04  -1.3615837080709517e-07  -2.2446983386766679e-06  -8.5609845797343987e-07  -1.7990399266351866e-04  -9.1627544406915055e-06  -1.2743789701683484e-05  -1.1164678871019134e-06  -6.4156547402413010e-07  -3.9163648127740485e-07  1.0051828968082977e-05  -8.2670750274146190e-07  7.5953652246033807e-07  5.1257561541934921e-07  -1.1759592295618898e-05  4.4641165905586798e-07
1.6159999999999800e+02  -1.7854185098371971e-04  9.4747964856885312e-06  1.3208837319993790e-05  1.8800985898468405e-06  1.5498669397148723e-04  9.2760987337848010e-08  -2.5504005582517499e-06  -1.1913894872800518e-06  -1.8190524101289589e-04  -9.4274950695130993e-06  -1.8946018527387945e-05  2.4527164332493610e-06  2.8542371535657656e-06  -1.0204172260875961e-06  1.4745770309128604e-05  -1.1703154200048718e-06  -2.8661415967923274e-06  1.1666138007870110e-06  -1.6654911376251339e-05  -3.3680261931686805e-06
1.6239999999999699e+02  -1.7938916227032477e-04  8.6545289469446862e-06  1.2485297476071404e-05  1.8332987899520977e-06  1.5567921951202364e-04  -3.4693205983404492e-08  -1.8193629243014688e-06  -1.1178947516056701e-06  -1.8264746712839974e-04  -8.7401193896873921e-06  -2.3850524693973007e-05  5.0834443067959449e-06  4.7368709122776437e-06  2.0200250738369007e-07  1.9986468402584014e-05  6.9459195187306482e-07  -4.5888416478994914e-06  -2.0450285887404165e-07  -2.4242715611096797e-05  -4.5078177684690940e-06
1.6319999999999700e+02  -1.8103358547882833e-04  8.4657237989156979e-06  1.2408249188103359e-05  1.6023592097550577e-06  1.5692188947319553e-04  -9.0315105992906270e-09  -1.6617223834433973e-06  -9.0856482545092208e-07  -1.8381345857923980e-04  -8.5330064016922403e-06  -2.0993365287056134e-05  2.8030726137773225e-06  2.4819614078752302e-06  9.6254375257978028e-07  1.8193679783526561e-05  1.1061850377271328e-06  -2.0888026132466969e-06  -1.0441831541745226e-06  -2.3006525009673569e-05  -1.9323251679854699e-06
1.6399999999999599e+02  -1.8313759141810692e-04  8.9068643788207889e-06  1.2822518220493407e-05  1.5313461006349164e-06  1.5858611795277748e-04  7.9863873745957348e-08  -2.0152409164516782e-06  -8.1263465439757121e-07  -1.8572252919163751e-04  -8.8631846087043945e-06  -1.6824270646677531e-05  -8.6178607104749751e-07  -4.0382990011141775e-07  2.3949469498192100e-07  1.3874402569040403e-05  -6.3295347823876199e-07  7.9476019310246506e-07  -1.7019731114557766e-07  -1.7168410009740256e-05  3.4208347841548530e-07
1.6479999999999501e+02  -1.8494771025924403e-04  9.0975893869765995e-06  1.2980611961630839e-05  1.7018526607068341e-06  1.6016980872086224e-04  -1.1976185144610335e-07  -2.2635032582576193e-06  -9.3012277944523222e-07  -1.8786218033716196e-04  -9.2102189382152457e-06  -1.8054265696227149e-05  -1.5795464684103820e-07  4.0419013810522340e-07  -3.9151542438054366e-07  1.4321164001810793e-05  -1.1187807301619963e-06  -2.6668260562907933e-07  5.6428059996983321e-07  -1.7015087939962497e-05  -7.2654446895845304e-07
1.6559999999999400e+02  -1.8623905239547833e-04  8.8785663452028400e-06  1.2775661332124126e-05  1.8270527069571930e-06  1.6146727089964402e-04  -2.7470600706769569e-07  -2.1433881679582760e-06  -1.1392899753169165e-06  -1.8949379898233117e-04  -9.1541240509469684e-06  -2.0965128922986405e-05  3.1404101987522889e-06  3.0400758447609799e-06  8.3199002042847780e-08  1.7375002356669725e-05  3.3153910352272838e-07  -3.0413753548134383e-06  -2.3506932083323867e-08  -2.1060626836489898e-05  -2.8809460205931046e-06
1.6639999999999401e+02  -1.8758304343599255e-04  8.8203816598694377e-06  1.2724072665310057e-05  1.6778131709028698e-06  1.6255719812681906e-04  1.3237487049668709e-08  -1.9400002981637544e-06  -1.0259868365076397e-06  -1.9048156043530103e-04  -8.8757715533588144e-06  -2.0459177883024552e-05  3.1992089975983772e-06  2.8797778640388476e-06  6.0036981378335140e-07  1.7512707666919108e-05  8.9907381958186769e-07  -2.6874052295774140e-06  -6.2103311021361779e-07  -2.1693491568226022e-05  -2.4959221511385417e-06
1.6719999999999300e+02  -1.8957386930904576e-04  9.3843122336804867e-06  1.3376220942402125e-05  1.5849710479114733e-06  1.6393082857555098e-04  1.7371661925419497e-07  -2.4200496699179933e-06  -7.2349845149776688e-07  -1.9203106581493226e-04  -9.2858688790891220e-06  -1.8918184834365316e-05  7.7407000961255970e-07  8.5389763518550486e-07  2.8063857303429463e-07  1.5821505877260214e-05  -5.2255421415231518e-08  -4.4827136731809688e-07  -2.4820768210057683e-07  -1.9380013761462050e-05  -7.8737199895627758e-07
1.6799999999999201e+02  -1.9160131879561264e-04  9.9361922093588310e-06  1.4052866010864549e-05  1.7765895400028763e-06  1.6565425531405090e-04  -2.1279352726854187e-07  -3.2357093906408801e-06  -8.5095124043682773e-07  -1.9447708143747699e-04  -1.0128426532856198e-05  -1.9728189947365079e-05  5.7277873448336537e-07  8.6228694444819590e-07  -1.5978078779759324e-07  1.5993066217432898e-05  -5.5412512603697828e-07  -5.7469175780749624e-07  2.1571669771332407e-07  -1.9243906406852680e-05  -9.8022659567852312e-07
1.6879999999999100e+02  -1.9284852206636032e-04  9.6263981178601701e-06  1.3609886838220222e-05  1.8367874913370907e-06  1.6704732934827996e-04  -3.6717067767310309e-07  -3.0105907613625583e-06  -1.1719305465887432e-06  -1.9617860768993925e-04  -9.9414384384270894e-06  -2.1177257907633605e-05  2.1980653040442804e-06  2.3668064286543075e-06  -7.8122586355140504e-09  1.7374595313070812e-05  -1.0836004506180429e-07  -2.2972162856810783e-06  4.2646294474461672e-08  -2.1112046550210352e-05  -2.3186180841902136e-06
1.6959999999999101e+02  -1.9392429579008494e-04  8.9569595831897095e-06  1.2723852585016089e-05  1.6563166794216528e-06  1.6799883065389591e-04  2.3489254890242428e-08  -2.0019100323701087e-06  -1.0356040120118386e-06  -1.9681951769765210e-04  -8.9787736274894534e-06  -2.1078212359700365e-05  2.5091948921794242e-06  2.6035884760662558e-06  3.2719956816643640e-07  1.7683505455716324e-05  1.5648106812294876e-07  -2.4562899743087841e-06  -2.9623610079887367e-07  -2.1752422318036927e-05  -2.4325211969130018e-06
1.7039999999999000e+02  -1.9570837660067437e-04  9.0192469314921415e-06  1.2983724953183118e-05  1.6782912603074541e-06  1.6919045262735571e-04  1.4430977772406477e-07  -1.9708910246929218e-06  -7.7935450610660295e-07  -1.9823041438333489e-04  -8.9699986762151688e-06  -2.0457515351590867e-05  1.7171383852108221e-06  1.7836973328216953e-06  3.3886237245288827e-07  1.7168058732859233e-05  -6.0816644163068599e-09  -1.4247554749468248e-06  -3.1649124914635673e-07  -2.1047092429711349e-05  -1.6872187372286606e-06
1.7119999999998899e+02  -1.9787921053265005e-04  9.9148914264317926e-06  1.4182120796829361e-05  1.8187747533205245e-06  1.7085039535111727e-04  -8.7505413635602146e-08  -3.1803493000611858e-06  -8.7804048511042102e-07  -2.0071367294294479e-04  -1.0030835227560085e-05  -2.0661610420087772e-05  1.4928322914784614e-06  1.4813502106014784e-06  1.3968918479529428e-07  1.7058300254288119e-05  -5.6379479140324132e-09  -1.1816831245861665e-06  -9.5134199320271698e-08  -2.0737619272965557e-05  -1.4410031805269281e-06
1.7199999999998900e+02  -1.9975251126114608e-04  1.0642285346792602e-05  1.4713768783340339e-05  1.7040996154858914e-06  1.7256072467418922e-04  -1.1468703862901485e-07  -3.9785458996356303e-06  -9.5102153581797438e-07  -2.0268544511503012e-04  -1.0729791969881292e-05  -2.1398376593085815e-05  1.8252936307614569e-06  1.8594221432068970e-06  1.6862566571638552e-08  1.7564292335748785e-05  1.1650970849869502e-07  -1.7768964585398594e-06  7.2087493281093406e-08  -2.1318395035236888e-05  -1.7645680793737390e-06
1.7279999999998799e+02  -2.0106813548704746e-04  1.0234789862392071e-05  1.4030177428580047e-05  1.6256869820639399e-06  1.7388035344684537e-04  -1.6060815942145209e-07  -3.3609028165728792e-06  -8.3930221080420095e-07  -2.0375430599264548e-04  -1.0375334274967964e-05  -2.1877340977906477e-05  1.9619731700919834e-06  2.1761803841121739e-06  9.5356023566175511e-08  1.8164819801253217e-05  -5.6494529645159707e-08  -2.0527941520109403e-06  -7.8372563064082131e-08  -2.2149301720654829e-05  -2.0606724701562411e-06
1.7359999999998701e+02  -2.0200903318696824e-04  9.2990268872625769e-06  1.3320987215063184e-05  1.8433540214530093e-06  1.7474015579186010e-04  -3.0673638161360454e-07  -2.4191901570008007e-06  -9.1933679592016873e-07  -2.0484543554330568e-04  -9.6219441692342730e-06  -2.1752810209659604e-05  1.6575127252191805e-06  1.8420898505336400e-06  2.4162167559786010e-07  1.8229710540086185e-05  -2.3527560253809103e-07  -1.4946659923116985e-06  -3.3065285213162477e-07  -2.2298232073558171e-05  -1.8065602704329845e-06
1.7439999999998599e+02  -2.0347027135096636e-04  9.4353890611017510e-06  1.3713285105500700e-05  1.9337051557429639e-06  1.7579958209862798e-04  -2.2900050031522115e-08  -2.6484336790608218e-06  -1.0736502041744928e-06  -2.0655401269631282e-04  -9.5221739656365228e-06  -2.1558140345657519e-05  1.4628726893438443e-06  1.3965541560418286e-06  2.0685192188991318e-07  1.7891090301814127e-05  1.8510617391151993e-08  -1.0487704800055994e-06  -1.6879803611178609e-07  -2.1757634477508532e-05  -1.3946917786524364e-06
1.7519999999998601e+02  -2.0597114176517490e-04  1.0497073140484225e-05  1.4583142367534949e-05  1.7237854693086461e-06  1.7768257981046803e-04  2.9445839856707539e-07  -3.6367580047509034e-06  -9.5498720110971259e-07  -2.0881326499467951e-04  -1.0260965948818506e-05  -2.2084010108891176e-05  2.0306025110997381e-06  2.0146033200224747e-06  9.4413883388461128e-08  1.8074572644550976e-05  2.1413528729867778e-07  -1.8567125550980122e-06  1.4211083560703564e-07  -2.1941404470809417e-05  -1.9027380462003662e-06
1.7599999999998499e+02  -2.0822051175487308e-04  1.0864684552487463e-05  1.4781798137266977e-05  1.5949372052894819e-06  1.7957985086047374e-04  -1.3134121066245314e-07  -4.0095826188923077e-06  -7.3090793493976722e-07  -2.1070907597157664e-04  -1.0965719855819331e-05  -2.2813329834758135e-05  2.6512786852660763e-06  2.9677374711298328e-06  1.6047902387082284e-07  1.8820260531678858e-05  -9.9195856017070722e-08  -2.8688180619179996e-06  -7.4332186885013633e-08  -2.3104135653976673e-05  -2.7810532587790641e-06
1.7679999999998401e+02  -2.0899001196247083e-04  1.0560183611810578e-05  1.4682321612701524e-05  1.6744428700275306e-06  1.8038533244725007e-04  -6.0651754758751587e-07  -3.8706755552653487e-06  -6.7002975899996739e-07  -2.1144959717022007e-04  -1.1095613630202235e-05  -2.2698807108467373e-05  2.1431929617075142e-06  2.3844800292356404e-06  2.3851398379612090e-07  1.9058718427913425e-05  -2.8685695402215677e-07  -2.1968740498991884e-06  -4.3531562473815958e-07  -2.3397807874135803e-05  -2.3228165174912784e-06
1.7759999999998300e+02  -2.0955004863509776e-04  1.0737225564053313e-05  1.4989387735041504e-05  1.8456166501352887e-06  1.8095873319697649e-04  -1.5233717425003266e-07  -4.0002972262438230e-06  -8.3978113769109721e-07  -2.1233071703825825e-04  -1.0916627442286463e-05  -2.2240017142969607e-05  1.1621553913446758e-06  1.0253688828243375e-06  1.4709367994308136e-07  1.8630781976128615e-05  2.2185478004536732e-08  -7.2234674725238544e-07  -2.1095738481059562e-07  -2.2505968130760596e-05  -1.0892755282576056e-06
1.7839999999998301e+02  -2.1164204830358878e-04  1.0845353247515359e-05  1.4882093689133191e-05  2.0306286709164292e-06  1.8273324572369744e-04  5.0482850745885563e-07  -3.8429403986091847e-06  -1.1361741905704309e-06  -2.1486975522338428e-04  -1.0458725975221443e-05  -2.2549115059775425e-05  1.3004715493838617e-06  1.2558341792177496e-06  1.1086006039423389e-07  1.8561097566645549e-05  2.0077381041092096e-07  -8.6472263731863708e-07  1.2922427092392220e-07  -2.2447292909259371e-05  -1.1869858545914848e-06
1.7919999999998200e+02  -2.1436711037794385e-04  9.9309155674855772e-06  1.3853224111674427e-05  1.9115475956819786e-06  1.8486057413057014e-04  1.8062948025092061e-07  -2.9197151078031228e-06  -1.0816834760038802e-06  -2.1740139777821877e-04  -9.7920160826860460e-06  -2.3412664255465281e-05  2.4402372238152268e-06  2.7495501922504791e-06  1.7775785950016770e-07  1.9185081953997211e-05  4.4110145103651090e-08  -2.4603511066052682e-06  -5.0236353444802634e-08  -2.3614739848789737e-05  -2.4628563732867818e-06
1.7999999999998099e+02  -2.1572107500435564e-04  9.4161708665458345e-06  1.3606286220639629e-05  1.4750262378347049e-06  1.8571165981633397e-04  -6.4500488051758381e-07  -2.7183044719027106e-06  -5.5436061275521796e-07  -2.1785832185867575e-04  -9.9674003510694395e-06  -2.3916990712453839e-05  2.9522914468793076e-06  3.1438030609473360e-06  1.2916138082010281e-07  1.9777457519666393e-05  -6.4921237692559194e-08  -3.1052200087440127e-06  -2.6551614288597284e-07  -2.4256941425513774e-05  -2.9586372249114602e-06
1.8079999999998100e+02  -2.1611396721228654e-04  1.0997975896402358e-05  1.5402464041340183e-05  1.4940432080197118e-06  1.8611868513142212e-04  -6.3583905278300161e-07  -4.4469543623667943e-06  -4.2360527586765929e-07  -2.1817599354022880e-04  -1.1561367891323376e-05  -2.3697398648471642e-05  2.1315668656932707e-06  2.0288346790572485e-06  8.6455608443917366e-08  1.9795194525969906e-05  -1.5438879693712133e-07  -1.9622472272712605e-06  -1.1529968635755019e-07  -2.3845117719013634e-05  -2.1876093645196713e-06
1.8159999999998001e+02  -2.1775728598288360e-04  1.3078265117799610e-05  1.7291337153411317e-05  2.0884810702827283e-06  1.8793613070752297e-04  1.4735725757874979e-07  -6.3050581770822259e-06  -9.9807838076192281e-07  -2.2087483397370138e-04  -1.2993823175542620e-05  -2.3176196335361431e-05  1.2034250091635478e-06  1.2490858812139245e-06  2.3032820322796131e-07  1.9421142042648500e-05  -1.9003287589468878e-07  -8.5208995262483147e-07  -6.6656528744890350e-08  -2.3490285731256174e-05  -1.3903546736530548e-06
1.8239999999997900e+02  -2.2079383868317683e-04  1.2727819649063887e-05  1.6699583133268002e-05  2.1844655401716266e-06  1.9048463968751874e-04  4.2531190337906912e-07  -5.7271829078231863e-06  -1.1912548721167649e-06  -2.2410478439872838e-04  -1.2387619375104849e-05  -2.3343224647739454e-05  1.5070545687432584e-06  1.7975249434008038e-06  3.0224335197887862e-07  1.9347138262630341e-05  1.1814119661354908e-07  -1.3443969494577621e-06  -2.6755370313266227e-07  -2.3889506146917006e-05  -1.4833134195523078e-06
1.8319999999997799e+02  -2.2278544918380035e-04  1.0363323316227526e-05  1.4407848864196517e-05  1.6238660663746827e-06  1.9165765548705604e-04  -6.2570502168430151e-08  -3.4001543668750781e-06  -6.6128391885883236e-07  -2.2509392422674575e-04  -1.0415815785666619e-05  -2.4452026308134950e-05  2.4561646641909822e-06  2.5893553316797821e-06  1.3041974004435682e-07  2.0037244660768107e-05  3.2105733861455684e-07  -2.4532665336138400e-06  -2.5675124107352476e-07  -2.4705313886279519e-05  -2.1777751774029461e-06
1.8399999999997800e+02  -2.2291960598073781e-04  9.2484523880903929e-06  1.3459485535572503e-05  1.5328507296480773e-06  1.9168218055735540e-04  -3.4490229807902896e-07  -2.4355255949752434e-06  -4.9685883672636255e-07  -2.2507757535256647e-04  -9.5606701359259243e-06  -2.5141326745849089e-05  2.6574324443438887e-06  2.5960129180824890e-06  -2.6535642338100948e-08  2.0744156393719261e-05  -1.1867013596259090e-07  -2.5606441209543059e-06  1.5325862288086536e-08  -2.5024125753900755e-05  -2.6823543939581344e-06
1.8479999999997699e+02  -2.2364123302094397e-04  1.0710581593327254e-05  1.4960795775686699e-05  1.9787042036402590e-06  1.9267071390306561e-04  -1.9112375139463946e-07  -4.0001366955678584e-06  -8.8787403594117255e-07  -2.2656604160281650e-04  -1.0912957946618783e-05  -2.4513423270711016e-05  2.2871625884010202e-06  2.3900834343073459e-06  2.8264251450525315e-08  2.0432925512833341e-05  -4.8763799894919421e-07  -2.0955564921681429e-06  1.1463742694517564e-07  -2.4482173363439846e-05  -2.6733974974000806e-06
1.8559999999997601e+02  -2.2639637634490800e-04  1.2726715917790121e-05  1.7015752887194753e-05  2.0030968139266715e-06  1.9502697840686868e-04  -1.8506211526279635e-07  -6.0627074764873167e-06  -8.9658959507645031e-07  -2.2922950130415548e-04  -1.2899140981152481e-05  -2.3905229177705268e-05  2.2975252163951184e-06  2.5385343581055046e-06  2.3969809966647702e-07  1.9860299578163386e-05  -1.2774624773489702e-08  -2.1313960598725717e-06  -1.4829278410578367e-07  -2.4290370868527176e-05  -2.3542201855292733e-06
1.8639999999997499e+02  -2.2917593827649792e-04  1.3168401816522450e-05  1.7458485060018933e-05  1.7316768108816862e-06  1.9709233313192775e-04  -1.8587442156038477e-07  -6.4077096220290744e-06  -5.9061989867041967e-07  -2.3143714135144783e-04  -1.3319085901578584e-05  -2.4628880125303962e-05  2.2392543538806985e-06  2.2774069486464647e-06  4.0703783573017523e-07  2.0444261211577555e-05  5.5235822385602427e-07  -2.0493729342611077e-06  -4.5498725205565876e-07  -2.5361116288101900e-05  -1.8145233860882300e-06
1.8719999999997501e+02  -2.3021620972735635e-04  1.2129058375143890e-05  1.6232026775121782e-05  1.8453315326786195e-06  1.9797963758160983e-04  1.4733787611999071e-07  -5.1438821890392283e-06  -6.9852633078258112e-07  -2.3278271314109087e-04  -1.2023898386318977e-05  -2.5679487347866150e-05  1.3839350168065123e-06  1.3137391145681669e-06  2.2074681943536627e-07  2.1391034195989057e-05  1.8657683000719487e-07  -1.1719058618100012e-06  -3.1417035168940066e-07  -2.6125094775784851e-05  -1.2158477228128556e-06
1.8799999999997399e+02  -2.3069170121434933e-04  1.1072585521949026e-05  1.5075439354141881e-05  2.0199012646331134e-06  1.9850414152620835e-04  2.3182851327632103e-07  -4.0637475664247300e-06  -9.2022006674854233e-07  -2.3366595765660078e-04  -1.0918156606508363e-05  -2.5591234537658306e-05  9.5948928647968617e-07  1.1499580790647286e-06  -1.8014364862587965e-07  2.1079831464280726e-05  -5.6645638172856550e-07  -8.8502923095285398e-07  1.6212947704454519e-07  -2.5257022806693121e-05  -1.3929311833560266e-06
1.8879999999997301e+02  -2.3219176924659611e-04  1.1206379837336959e-05  1.5463784090250312e-05  1.8378906900130889e-06  1.9962008872075176e-04  -2.5325539899378581e-07  -4.4951443722962396e-06  -7.2358685798930761e-07  -2.3472174123529040e-04  -1.1433433467815319e-05  -2.4960366021725531e-05  2.4076719778954885e-06  2.7553623439494826e-06  -1.0017945065502477e-07  2.0407495111813947e-05  -4.9552590524029288e-07  -2.4264248188784284e-06  1.8865626521418827e-07  -2.4663579705924127e-05  -2.7979154884952155e-06
1.8959999999997299e+02  -2.3446627294250921e-04  1.2442058161967173e-05  1.6928549728747073e-05  1.7296441553267892e-06  2.0142138448788998e-04  -5.0119682108261311e-07  -5.9088052898757966e-06  -5.2034375397081635e-07  -2.3664561283302498e-04  -1.2854928066666000e-05  -2.5391996501714351e-05  4.2398884266123955e-06  4.3648259434465785e-06  4.2386740812356386e-07  2.1178220827790752e-05  2.3980036450299089e-07  -4.1201305322305522e-06  -3.2596496519147609e-07  -2.6080938995849416e-05  -4.0555108135216670e-06
1.9039999999997201e+02  -2.3647542402358143e-04  1.3303025278879841e-05  1.7597563712881551e-05  1.9478376361930549e-06  2.0327991550303108e-04  -7.4889069885710551e-08  -6.5172836646933976e-06  -6.8291149959125034e-07  -2.3905071140990750e-04  -1.3382449906712473e-05  -2.6763075928720984e-05  3.7322842691241109e-06  3.6559963006487467e-06  4.4930239836999855e-07  2.2517232097642268e-05  4.6131781040097380e-07  -3.4717967795581572e-06  -4.5387009589823879e-07  -2.7596609896026574e-05  -3.3732740571350431e-06
1.9119999999997100e+02  -2.3774902032915686e-04  1.2672470983164631e-05  1.6687779833449211e-05  2.0854244386498889e-06  2.0441625879094708e-04  3.0394358690569664e-07  -5.5990904317009308e-06  -8.1361639812870635e-07  -2.4060568521077949e-04  -1.2450683740654573e-05  -2.7213496888415059e-05  1.3110310981874844e-06  1.3004625110520338e-06  -4.2041727083953925e-08  2.2437190291282943e-05  1.1745266030233904e-08  -1.0602254783106103e-06  -3.3268223539168492e-08  -2.7138324445368341e-05  -1.2975996570244024e-06
1.9199999999996999e+02  -2.3871182919324186e-04  1.1711409410042848e-05  1.5825875954386437e-05  1.9149918058197154e-06  2.0498524109694344e-04  7.9196004074888649e-08  -4.7788987152181989e-06  -6.4944536417228385e-07  -2.4123221897689626e-04  -1.1652762866222347e-05  -2.6197535195580335e-05  1.5726215471430002e-07  2.7514823701081458e-07  -7.8021970387891544e-08  2.1422108917411110e-05  -2.3965663978600650e-07  4.5489485315189116e-08  5.0971420769347005e-08  -2.6022392251994099e-05  -3.3726054642883776e-07
1.9279999999997000e+02  -2.4024912063274703e-04  1.2362848925098357e-05  1.6766399797412741e-05  1.7060848119950178e-06  2.0613068878163400e-04  -3.1088441992827736e-07  -5.7591480681714225e-06  -4.9419932736330266e-07  -2.4240002547282300e-04  -1.2622070141468101e-05  -2.5694308648764951e-05  1.5911812121109869e-06  1.8033488248758120e-06  2.9679881571547835e-07  2.1390264761366033e-05  -1.3658085643129563e-07  -1.5083433883167690e-06  -2.4551727393944599e-07  -2.6227854699890864e-05  -1.7008409974158384e-06
1.9359999999996899e+02  -2.4229496976306721e-04  1.3898705630453455e-05  1.8332650515270313e-05  1.7828738940131238e-06  2.0801279803279353e-04  -2.8878314292827477e-07  -7.2982486000340151e-06  -5.5750547522316080e-07  -2.4454905684058464e-04  -1.4162504490209215e-05  -2.6990760768642731e-05  3.5972541818575001e-06  3.8606815119903709e-06  2.5887287099634593e-07  2.2537879526830315e-05  -1.4027617735599253e-07  -3.6633262241322062e-06  -2.0057925493212160e-07  -2.7430710197309283e-05  -3.7173510263061209e-06
1.9439999999996800e+02  -2.4375668293076733e-04  1.3699764674116215e-05  1.7921594199131474e-05  2.0710745021936372e-06  2.0934337846699301e-04  9.2690338220660844e-09  -6.8288722662759556e-06  -6.5318291708112513e-07  -2.4636255980131270e-04  -1.3709222998749465e-05  -2.8403141782282796e-05  3.9391792618284858e-06  4.0689923767233888e-06  1.2498176008220230e-08  2.3456755341110192e-05  -7.6653119550751225e-08  -3.8545026557677686e-06  -5.5729624764270360e-09  -2.8345086261748931e-05  -3.9971218738508068e-06
1.9519999999996699e+02  -2.4473764500679480e-04  1.1976053636343307e-05  1.6077085825062310e-05  2.1043000577434468e-06  2.0997209743139645e-04  1.5051336074808759e-07  -4.9822386048705629e-06  -5.8159788075726228e-07  -2.4734829567830458e-04  -1.1845050883372220e-05  -2.8152658618898031e-05  2.6476369984513525e-06  2.5705468790359960e-06  1.6064539916887527e-07  2.3315604436362062e-05  2.5583332621497562e-07  -2.2351239505075826e-06  -1.9637980621868930e-07  -2.8414331888024719e-05  -2.4316350796063939e-06
1.9599999999996700e+02  -2.4641282304770724e-04  1.1862472852559175e-05  1.6043947738547020e-05  1.8064568828569928e-06  2.1123883002330618e-04  1.0975182844470897e-07  -4.9889992872503733e-06  -4.5337330596983474e-07  -2.4862758220053742e-04  -1.1784337579731468e-05  -2.7199900505326643e-05  1.3947302440775209e-06  1.3771607288361545e-06  3.3268673267738485e-07  2.2649740015132505e-05  2.6725188280678862e-07  -1.0616062935196064e-06  -3.6442965974202778e-07  -2.7846230303115517e-05  -1.1787382032836919e-06
1.9679999999996599e+02  -2.4827204872729939e-04  1.3826442813899992e-05  1.8153843577281109e-05  1.7568880213169433e-06  2.1298016954079491e-04  2.1467364516973338e-09  -7.1216067356221272e-06  -4.9631587052405080e-07  -2.5040971686410513e-04  -1.3857778537422681e-05  -2.7298888169523068e-05  1.5852171174724972e-06  1.8139655998912830e-06  1.1713556359263195e-07  2.2550704614787801e-05  -2.3274480399848968e-07  -1.6291238688553288e-06  -1.1895017514905338e-07  -2.7540605862450027e-05  -1.7779420020316359e-06
1.9759999999996501e+02  -2.4922047686586979e-04  1.4737250101972372e-05  1.9153703947511500e-05  2.0466544183532736e-06  2.1388012703257907e-04  -2.3837986604871491e-07  -8.1091192019273949e-06  -5.9141356159138181e-07  -2.5171377570260657e-04  -1.4935158915460754e-05  -2.8347131426020371e-05  2.9043951705845406e-06  3.1832388672912717e-06  -2.8560631950796176e-08  2.3389205587536577e-05  -4.3074038067888410e-07  -2.9551212270048373e-06  3.3971290143718939e-08  -2.8283278856022576e-05  -3.2503412857011918e-06
1.9839999999996499e+02  -2.5046065351373237e-04  1.3553027899278405e-05  1.7935061739485496e-05  2.0314746106053363e-06  2.1459797237973307e-04  -3.8192120510650047e-07  -6.8385139120239705e-06  -4.3434902477617883e-07  -2.5285682724102598e-04  -1.3850646852172470e-05  -2.9088352131641391e-05  3.5575343798533028e-06  3.6703589977953435e-06  1.9687263284083712e-07  2.4240761872179231e-05  1.2456493971542692e-08  -3.3115807607860613e-06  -2.0212999918480466e-07  -2.9394627996318732e-05  -3.5415678917515255e-06
1.9919999999996401e+02  -2.5282263981847352e-04  1.2823164838653533e-05  1.7052444697741425e-05  1.7413492467976982e-06  2.1631275216283990e-04  -2.5938267786378446e-08  -5.9297943283344486e-06  -2.2168885043223999e-07  -2.5470256643417836e-04  -1.2868776028230948e-05  -2.8950307854687169e-05  2.6309475151959905e-06  2.6250000362741219e-06  3.5104910544919305e-07  2.4110790130056873e-05  3.5336011263407724e-07  -2.3321371913552194e-06  -3.4252531516546850e-07  -2.9510362120766553e-05  -2.3423160459111860e-06
1.9999999999996299e+02  -2.5432931533318396e-04  1.3880558869700734e-05  1.7989802955687990e-05  1.8957940254815784e-06  2.1792351984520038e-04  4.8939674993243461e-07  -6.9437578865523758e-06  -4.2132935175043980e-07  -2.5645359669796016e-04  -1.3516475451204271e-05  -2.8533596543540497e-05  1.6733625271865921e-06  1.7081378054688882e-06  1.4563529003836380e-07  2.3540511236964022e-05  9.7882070265671373e-08  -1.5083833983410052e-06  -1.4131732333286269e-07  -2.8805137611891632e-05  -1.5898585097939862e-06
2.0000999999996299e+02  -2.5433649434757804e-04  1.3899402526116245e-05  1.8008217429035464e-05  1.9013152148982872e-06  2.1793678291783794e-04  4.9305818474405187e-07  -6.9634699496640032e-06  -4.2644045441651940e-07  -2.5647051623189747e-04  -1.3531954359042256e-05  -2.8531273861964544e-05  1.6709950091637914e-06  1.7071502270006839e-06  1.4187757215960968e-07  2.3536720183776475e-05  9.2283953631699989e-08  -1.5072499626313609e-06  -1.3810538363985217e-07  -2.8797729686982348e-05  -1.5919726331222723e-06
