# time  core_x_canon  core_y_canon  core_z_canon  peak_canon  core_x_phantom  core_y_phantom  core_z_phantom  peak_phantom  coord_sep  proper_sep  px_canon  px_phantom  px_total  shift_x_canon  shift_x_phantom  max_abs_shift
0.0000000000000000e+00  3.7999659980597976e+01  3.1999528218142487e+01  3.1999528218142487e+01  2.4519737126508765e-02  2.6000619057514776e+01  3.2000463202611023e+01  3.2000463202611023e+01  2.4427765829845842e-02  1.1999040923083200e+01  1.1500189558680994e+01  0.0000000000000000e+00  0.0000000000000000e+00  0.0000000000000000e+00  0.0000000000000000e+00  0.0000000000000000e+00  0.0000000000000000e+00
8.0000000000000004e-01  3.7999652287112660e+01  3.1999456030918846e+01  3.1999456030938077e+01  2.4588383529153039e-02  2.6000770505381130e+01  3.2000535914358416e+01  3.2000535914349506e+01  2.4497779482470346e-02  1.1998881781731530e+01  1.1500299083510427e+01  -7.5716080559138479e-07  2.9910699255415405e-06  -3.7482307311329255e-06  -2.8330537103565492e-05  3.8410960013070761e-05  7.5422703350131078e-05
1.6000000000000001e+00  3.7999559555858632e+01  3.1999196722485962e+01  3.1999196722594633e+01  2.4526023937268531e-02  2.6001233850449744e+01  3.2000797755916217e+01  3.2000797755873286e+01  2.4411847987211389e-02  1.1998325705408888e+01  1.2002988068378983e+01  -1.0327960150896461e-06  5.5105736418409095e-06  -6.5433696569305554e-06  -1.6652654967014061e-04  1.0747962210622745e-04  3.0797571611084011e-04
2.3999999999999901e+00  3.7999426084469533e+01  3.1998849772652097e+01  3.1998849772852243e+01  2.4453641278620972e-02  2.6001843791639306e+01  3.2001148085992348e+01  3.2001148085949410e+01  2.4305938310498716e-02  1.1997582292830227e+01  1.2002490290795512e+01  -8.3940911587663039e-07  7.6010845766415520e-06  -8.4404936925181820e-06  -5.1193530913380292e-05  4.5475822699975792e-05  1.1583775656980035e-04
3.1999999999999802e+00  3.7999396529935382e+01  3.1998563859775100e+01  3.1998563860065097e+01  2.4551586388370624e-02  2.6002447093668078e+01  3.2001437828719752e+01  3.2001437828736826e+01  2.4383672155500614e-02  1.1996949436267304e+01  1.1499728300426687e+01  -6.1792932464262538e-07  9.7094710277631970e-06  -1.0327400352405822e-05  5.0864563397372422e-05  -5.2525707856374592e-05  1.3963897780342667e-04
3.9999999999999600e+00  3.7999337771054030e+01  3.1998174752641273e+01  3.1998174753034931e+01  2.4578887016377431e-02  2.6003238955204424e+01  3.2001826873647452e+01  3.2001826873776800e+01  2.4425543190976885e-02  1.1996098815849606e+01  1.1499666401397384e+01  -6.3139898764038680e-07  1.2066655228994073e-05  -1.2698054216634460e-05  2.9753856585913384e-05  4.8553942001189474e-06  1.1498426622075046e-04
4.7999999999999403e+00  3.7999237639624084e+01  3.1997700417590639e+01  3.1997700418033286e+01  2.4520325447676902e-02  2.6004156619006622e+01  3.2002291167903209e+01  3.2002291168236638e+01  2.4420229399582230e-02  1.1995081020617462e+01  1.1499588659274201e+01  -6.6799128762161381e-07  1.4409013618564679e-05  -1.5077004906186293e-05  1.2431841528415045e-05  -8.9874684115785784e-06  8.7600263195570754e-05
5.5999999999999304e+00  3.7999210699597533e+01  3.1997311703584995e+01  3.1997311704022401e+01  2.4483610599527032e-02  2.6004969282933519e+01  3.2002665396598992e+01  3.2002665397176258e+01  2.4432213834576510e-02  1.1994241416664014e+01  1.1499516635414086e+01  -5.8893496389580073e-07  1.6585202551357571e-05  -1.7174137515253371e-05  1.6533613237856534e-05  2.8175985962336481e-07  6.7769795309797682e-05
6.3999999999999098e+00  3.7999257647584251e+01  3.1996989600785373e+01  3.1996989601186851e+01  2.4499927971614446e-02  2.6005731254047276e+01  3.2002981312323186e+01  3.2002981313124387e+01  2.4435331336898004e-02  1.1993526393536975e+01  1.1499466972740906e+01  -4.0598700012540362e-07  1.8623156621894803e-05  -1.9029143622020208e-05  1.6664830563334090e-05  4.5184097401888553e-06  5.3112677476013652e-05
7.1999999999998900e+00  3.7999310161226099e+01  3.1996594226984456e+01  3.1996594227354141e+01  2.4531500224565302e-02  2.6006653866020020e+01  3.2003380221378144e+01  3.2003380222381658e+01  2.4416338399833325e-02  1.1992656295206078e+01  1.1499423057453381e+01  -1.1963002415648246e-07  2.0544135029535173e-05  -2.0663765053691655e-05  6.6041620200431852e-06  1.8081673892669290e-05  4.3881617751059794e-05
7.9999999999998703e+00  3.7999311910326924e+01  3.1996042255533407e+01  3.1996042255909479e+01  2.4543369542499135e-02  2.6007849737648378e+01  3.2003931872200930e+01  3.2003931873412597e+01  2.4403019075923019e-02  1.1991462172678546e+01  1.1499330955019341e+01  2.2788706351220294e-07  2.2403037405778337e-05  -2.2175150342266133e-05  -4.3745023780651734e-06  3.1568637582476141e-05  3.8583567065074808e-05
8.7999999999998604e+00  3.7999295421335503e+01  3.1995415567047651e+01  3.1995415567463731e+01  2.4521463664987888e-02  2.6009178359639751e+01  3.2004543199342088e+01  3.2004543200783964e+01  2.4406618760940409e-02  1.1990117061695752e+01  1.1499214840341835e+01  5.7754502176617235e-07  2.4246222443863491e-05  -2.3668677422097317e-05  8.6903891820801257e-06  1.5741346715056317e-05  3.7176571452464671e-05
9.5999999999998398e+00  3.7999343155353380e+01  3.1994839083239906e+01  3.1994839083708335e+01  2.4496354873558304e-02  2.6010451336982428e+01  3.2005098232473983e+01  3.2005098234164343e+01  2.4417914352631683e-02  1.1988891818370952e+01  1.1499169473101565e+01  9.0675485175838445e-07  2.6100408479781657e-05  -2.5193653628023272e-05  2.4082825981067916e-05  5.8837095969345846e-06  4.0919673655344716e-05
1.0399999999999800e+01  3.7999457631305120e+01  3.1994301424812420e+01  3.1994301425322906e+01  2.4505314367104084e-02  2.6011727328546076e+01  3.2005624972948993e+01  3.2005624974909786e+01  2.4422734681431954e-02  1.1987730302759044e+01  1.2001848127959612e+01  1.2513575097180840e-06  2.7953447327442613e-05  -2.6702089817724529e-05  8.6954007364887642e-06  1.9238308944756287e-05  3.4576064002425439e-05
1.1199999999999800e+01  3.7999565252716636e+01  3.1993681952041879e+01  3.1993681952609808e+01  2.4540000992084313e-02  2.6013208384816608e+01  3.2006244204256326e+01  3.2006244206505890e+01  2.4418520586667301e-02  1.1986356867900028e+01  1.1499138666443228e+01  1.6806819049938941e-06  2.9751866375874776e-05  -2.8071184470880882e-05  2.3930852447539511e-06  3.0011631075786864e-05  3.4876488081854321e-05
1.1999999999999799e+01  3.7999640680795878e+01  3.1992933388815974e+01  3.1992933389455256e+01  2.4556830177440751e-02  2.6014926182634053e+01  3.2006985737264209e+01  3.2006985739806773e+01  2.4414654987939630e-02  1.1984714498161825e+01  1.1499093158374432e+01  2.2173396673107844e-06  3.1470053954777815e-05  -2.9252714287467031e-05  -4.5106947099705467e-07  2.8600222142275509e-05  3.4581400788352498e-05
1.2799999999999800e+01  3.7999738234665401e+01  3.1992149631090143e+01  3.1992149631789690e+01  2.4535356049587769e-02  2.6016859658849693e+01  3.2007828661977086e+01  3.2007828664826697e+01  2.4419016052666071e-02  1.1982878575815707e+01  1.1499048274080305e+01  2.8189309197392737e-06  3.3140111628000047e-05  -3.0321180708260774e-05  9.8906253374826310e-07  2.9036870777663335e-05  3.8525433264631171e-05
1.3599999999999801e+01  3.7999913515020616e+01  3.1991423459202277e+01  3.1991423459956479e+01  2.4507222330061924e-02  2.6018749634038596e+01  3.2008573053370583e+01  3.2008573056553097e+01  2.4428059796207418e-02  1.1981163880982020e+01  1.2001699380812207e+01  3.4423350277383042e-06  3.4804609280654623e-05  -3.1362274252916318e-05  -9.3820335481308067e-06  3.2283815630881698e-05  3.9370148384456182e-05
1.4399999999999700e+01  3.8000149242383614e+01  3.1990712301144629e+01  3.1990712301948058e+01  2.4512135523706215e-02  2.6020637204833335e+01  3.2009293647488349e+01  3.2009293651020727e+01  2.4432127731451401e-02  1.1979512037550279e+01  1.2001664179507507e+01  4.0751891064175784e-06  3.6474236458597260e-05  -3.2399047352179685e-05  -8.4469602594683412e-06  3.3826386519421285e-05  4.0196992009983469e-05
1.5199999999999701e+01  3.8000385419274785e+01  3.1989910343619773e+01  3.1989910344463404e+01  2.4542660770238953e-02  2.6022739585536659e+01  3.2010158125123716e+01  3.2010158129011941e+01  2.4428155307514791e-02  1.1977645833738126e+01  1.2001632809434927e+01  4.7254002777512807e-06  3.8128831639135044e-05  -3.3403431361383765e-05  -7.4060060265130855e-06  3.7368623348475822e-05  4.5204627641911910e-05
1.5999999999999700e+01  3.8000612867795304e+01  3.1989011723157454e+01  3.1989011724038889e+01  2.4557872934005926e-02  2.6024928998117883e+01  3.2011044700131663e+01  3.2011044704384972e+01  2.4423483366945466e-02  1.1975683869677422e+01  1.2001601130044293e+01  5.4031027859890764e-06  3.9746623494863630e-05  -3.4343520708874557e-05  -7.7948607459954822e-06  4.1350456991315370e-05  5.0643519614233114e-05
1.6799999999999802e+01  3.8000887182254516e+01  3.1988117975389500e+01  3.1988117976306860e+01  2.4539226972756414e-02  2.6027248669600574e+01  3.2011938395858067e+01  3.2011938400495765e+01  2.4426194116362064e-02  1.1973638512653942e+01  1.2001569414480640e+01  6.1096507073774075e-06  4.1335439407962798e-05  -3.5225788700585394e-05  -1.0301081231944995e-05  4.3193586854154429e-05  5.2556957887627110e-05
1.7600000000000001e+01  3.8001244718450664e+01  3.1987284059651607e+01  3.1987284060593733e+01  2.4514882621707552e-02  2.6029425103793606e+01  3.2012748103506482e+01  3.2012748108543541e+01  2.4434755364434551e-02  1.1971819614657058e+01  1.2001540880904944e+01  6.8422742772486036e-06  4.2923435096471136e-05  -3.6081160819222531e-05  -1.3768477195802346e-05  4.3964917276870428e-05  5.2245295028833570e-05
1.8400000000000102e+01  3.8001651715592686e+01  3.1986441168287463e+01  3.1986441169237626e+01  2.4519379749034675e-02  2.6031751569140976e+01  3.2013584524861102e+01  3.2013584530308655e+01  2.4440293975232487e-02  1.1969900146451710e+01  1.2001515262465787e+01  7.6010737102798670e-06  4.4517037749296365e-05  -3.6915964039016498e-05  -1.5488209228904182e-05  4.6689272144649243e-05  5.4395807518428207e-05
1.9200000000000198e+01  3.8002060711843058e+01  3.1985507856274666e+01  3.1985507857220561e+01  2.4546614715587906e-02  2.6034202359775399e+01  3.2014592329668595e+01  3.2014592335529407e+01  2.4438302680649601e-02  1.1967858352067658e+01  1.2001488518467525e+01  8.3861916764317803e-06  4.6092722613537670e-05  -3.7706530937105893e-05  -1.4706219493096642e-05  5.0942068543534985e-05  5.9589404486758759e-05
2.0000000000000298e+01  3.8002484984978118e+01  3.1984515126816010e+01  3.1984515127751369e+01  2.4560173103688850e-02  2.6036882582921372e+01  3.2015498537761133e+01  3.2015498544042551e+01  2.4434435637209227e-02  1.1965602402056746e+01  1.2001459088571409e+01  9.1919562515346371e-06  4.7636338482794828e-05  -3.8444382231260193e-05  -1.4436413138468095e-05  5.3920036742176961e-05  6.3925041074056396e-05
2.0800000000000502e+01  3.8002977759137728e+01  3.1983557028260620e+01  3.1983557029176257e+01  2.4544065410956873e-02  2.6039433329299808e+01  3.2016467578249689e+01  3.2016467584965056e+01  2.4436788679281840e-02  1.1963544429837921e+01  1.2001429459149016e+01  1.0009029891811376e-05  4.9166798002624223e-05  -3.9157768110812847e-05  -1.6936964950788370e-05  5.5192555479620752e-05  6.5310009865786163e-05
2.1600000000000598e+01  3.8003551402969542e+01  3.1982648268915160e+01  3.1982648269793856e+01  2.4523120239680327e-02  2.6042010116718799e+01  3.2017355575742819e+01  3.2017355582902951e+01  2.4445006234584895e-02  1.1961541286250743e+01  1.2001402401005848e+01  1.0833327275338255e-05  5.0707382178350274e-05  -3.9874054903012019e-05  -1.9872006941376536e-05  5.6701295695718628e-05  6.5793721737608885e-05
2.2400000000000698e+01  3.8004161823200569e+01  3.1981707870865428e+01  3.1981707871688243e+01  2.4527018601644749e-02  2.6044724463421520e+01  3.2018293022626921e+01  3.2018293030235057e+01  2.4450829699038786e-02  1.1959437359779049e+01  1.2001378330138598e+01  1.1669359207648475e-05  5.2251284916402766e-05  -4.0581925708754290e-05  -2.0446659876974738e-05  5.9764794671386731e-05  6.8373711145616736e-05
2.3200000000000799e+01  3.8004778208232359e+01  3.1980686769538902e+01  3.1980686770293090e+01  2.4550270551053976e-02  2.6047612798503948e+01  3.2019307960926163e+01  3.2019307968983739e+01  2.4449335766552005e-02  1.1957165409728411e+01  1.2001355264938116e+01  1.2522855742723551e-05  5.3774320595319650e-05  -4.1251464852596102e-05  -1.9630750016412444e-05  6.3354983385155062e-05  7.2877072351235057e-05
2.4000000000000998e+01  3.8005429993768452e+01  3.1979641485528809e+01  3.1979641486205566e+01  2.4562038033613752e-02  2.6050528671479519e+01  3.2020374185681334e+01  3.2020374194197338e+01  2.4445610496601093e-02  1.1954901322288933e+01  1.2001331554077083e+01  1.3393367384289350e-05  5.5273526383763208e-05  -4.1880158999473857e-05  -2.0335517632524857e-05  6.5724963590471679e-05  7.6428156048417929e-05
2.4800000000001098e+01  3.8006160874064669e+01  3.1978645131472668e+01  3.1978645132058602e+01  2.4549060088277268e-02  2.6053446527946672e+01  3.2021338364453264e+01  3.2021338373435476e+01  2.4447710546810632e-02  1.1952714346117997e+01  1.2001307927695603e+01  1.4275821360439418e-05  5.6772584490181472e-05  -4.2496763129742051e-05  -2.3286504310752210e-05  6.7170272262414744e-05  7.7846588819030670e-05
2.5600000000001199e+01  3.8006962803106383e+01  3.1977677320471518e+01  3.1977677320947151e+01  2.4532008762859651e-02  2.6056408299965319e+01  3.2022290460888740e+01  3.2022290470342448e+01  2.4455601751115153e-02  1.1950554503141063e+01  1.2001285658652883e+01  1.5167842053255383e-05  5.8287544103260304e-05  -4.3119702050004921e-05  -2.6198546032018221e-05  6.9247828320970540e-05  7.8710096155658804e-05
2.6400000000001299e+01  3.8007791157067565e+01  3.1976660477833438e+01  3.1976660478180943e+01  2.4535367515929028e-02  2.6059527219420399e+01  3.2023305263941893e+01  3.2023305273866711e+01  2.4461301633162940e-02  1.1948263937647166e+01  1.2001265120578513e+01  1.6072194141778467e-05  5.9805481320070362e-05  -4.3733287178291899e-05  -2.6823999316924184e-05  7.1921775110645229e-05  8.0768149893826094e-05
2.7200000000001499e+01  3.8008658728145093e+01  3.1975536403174754e+01  3.1975536403382744e+01  2.4554780698119956e-02  2.6062884573290635e+01  3.2024429285853614e+01  3.2024429296250098e+01  2.4459962026970636e-02  1.1945774154854458e+01  1.2001246786202298e+01  1.6990710750690871e-05  6.1306629483435618e-05  -4.4315918732744746e-05  -2.6162554020637412e-05  7.4277749239400143e-05  8.4289276968226300e-05
2.8000000000001599e+01  3.8009555112233691e+01  3.1974459665697520e+01  3.1974459665755930e+01  2.4565204711163465e-02  2.6066403161003528e+01  3.2025521286115200e+01  3.2025521296989744e+01  2.4456495348901656e-02  1.1943151951230163e+01  1.2001230521779224e+01  1.7919885196568717e-05  6.2793406500518474e-05  -4.4873521303949757e-05  -2.7048663147242667e-05  7.6362910916020617e-05  8.7773241397891668e-05
2.8800000000001699e+01  3.8010649093620806e+01  3.1973286830933347e+01  3.1973286830826666e+01  2.4555540710144121e-02  2.6069671531194810e+01  3.2026521882489433e+01  3.2026521893849008e+01  2.4458593308466954e-02  1.1940977562425996e+01  1.2001215450699320e+01  1.8855390732618486e-05  6.4281679141202412e-05  -4.5426288408583929e-05  -2.9824064629878273e-05  7.8666450373301284e-05  8.9876361939808858e-05
2.9600000000001799e+01  3.8011661094077077e+01  3.1972217394312374e+01  3.1972217394021573e+01  2.4541980527315297e-02  2.6073345607710483e+01  3.2027631868087184e+01  3.2027631879937402e+01  2.4466031815214853e-02  1.1938315486366594e+01  1.2001201331687234e+01  1.9798536051670343e-05  6.5772015396953494e-05  -4.5973479345283154e-05  -3.2246766772232868e-05  8.1663180815325759e-05  9.1662967991091055e-05
3.0400000000001999e+01  3.8012688862358893e+01  3.1971056729409867e+01  3.1971056728919820e+01  2.4544412096268602e-02  2.6076898320474928e+01  3.2028745042450979e+01  3.2028745054786675e+01  2.4471172494823803e-02  1.1935790541883964e+01  1.2001187915374802e+01  2.0754974457571053e-05  6.7247774274547026e-05  -4.6492799816975970e-05  -3.2872723193773407e-05  8.5034883241748781e-05  9.4603402293984829e-05
3.1200000000002099e+01  3.8013773268638332e+01  3.1969930398033046e+01  3.1969930397334082e+01  2.4560229802968604e-02  2.6080891411289244e+01  3.2029933928297552e+01  3.2029933941122323e+01  2.4469735856683026e-02  1.1932881857349088e+01  1.2001174633437282e+01  2.1727087759495841e-05  6.8702564229246543e-05  -4.6975476469750702e-05  -3.2931399721673614e-05  8.7555397594358056e-05  9.7986401176253045e-05
3.2000000000002203e+01  3.8015021414984332e+01  3.1968660765087389e+01  3.1968660764168622e+01  2.4569758909805530e-02  2.6084616615900899e+01  3.2030975092979531e+01  3.2030975106297134e+01  2.4466629208936518e-02  1.1930404799083433e+01  1.2001160860985557e+01  2.2710046002294772e-05  7.0154116434366143e-05  -4.7444070432071371e-05  -3.4555447611194519e-05  8.9240772817447778e-05  1.0046324184479784e-04
3.2800000000002001e+01  3.8016311517686603e+01  3.1967581286403863e+01  3.1967581285249150e+01  2.4563205348716421e-02  2.6088456136675340e+01  3.2032147488603911e+01  3.2032147502423157e+01  2.4468839379909634e-02  1.1927855381011263e+01  1.2001145840297383e+01  2.3698134739497238e-05  7.1620524174454800e-05  -4.7922389434957561e-05  -3.7239792257103434e-05  9.1240525612639473e-05  1.0231270216894370e-04
3.3600000000001899e+01  3.8017614232421238e+01  3.1966449688372208e+01  3.1966449686964122e+01  2.4552390837385734e-02  2.6092306232585774e+01  3.2033245337321198e+01  3.2033245351636715e+01  2.4475687445153434e-02  1.1925307999835464e+01  1.2001131546883627e+01  2.4693852147090327e-05  7.3093025921463800e-05  -4.8399173774373474e-05  -3.8644859241861491e-05  9.3449602832529994e-05  1.0411771055465940e-04
3.4400000000001697e+01  3.8018955242269584e+01  3.1965275044211271e+01  3.1965275042538217e+01  2.4553592832136564e-02  2.6096508826779022e+01  3.2034474986606867e+01  3.2034475001425690e+01  2.4480077788918829e-02  1.1922446415490562e+01  1.2001120909773800e+01  2.5705057851597626e-05  7.4548913751330045e-05  -4.8843855899732415e-05  -3.9251248253538915e-05  9.6046835569280807e-05  1.0627411392043692e-04
3.5200000000001602e+01  3.8020294533528485e+01  3.1964115913279336e+01  3.1964115911332655e+01  2.4566295976200254e-02  2.6100449708905899e+01  3.2035609058328774e+01  3.2035609073647692e+01  2.4478588583242009e-02  1.1919844824622587e+01  1.2001109922143829e+01  2.6733690468412866e-05  7.5985325927523792e-05  -4.9251635459110929e-05  -4.1057919860346500e-05  9.9561673885637333e-05  1.0977376923724669e-04
3.6000000000001400e+01  3.8021705840684881e+01  3.1962905636917490e+01  3.1962905634684851e+01  2.4575305459713752e-02  2.6104516558269037e+01  3.2036688306759807e+01  3.2036688322584673e+01  2.4476029727158601e-02  1.1917189282415844e+01  1.2001092860028258e+01  2.7772752173212893e-05  7.7422395394891380e-05  -4.9649643221678488e-05  -4.3153745258524935e-05  1.0219168141280434e-04  1.1349574020341502e-04
3.6800000000001198e+01  3.8023227163175662e+01  3.1961684422345883e+01  3.1961684419811260e+01  2.4571352624403499e-02  2.6108511353971547e+01  3.2037778842305592e+01  3.2037778858638767e+01  2.4478387666630234e-02  1.1914715809204115e+01  1.2001073005403532e+01  2.8814715056845789e-05  7.8874055793893910e-05  -5.0059340737048118e-05  -4.4393545231855195e-05  1.0329126229231352e-04  1.1516157710145445e-04
3.7600000000001103e+01  3.8024873826895323e+01  3.1960546569341808e+01  3.1960546566491406e+01  2.4562454939188492e-02  2.6112639710723915e+01  3.2038996413725513e+01  3.2038996430566861e+01  2.4484517609875613e-02  1.1912234116171408e+01  1.2001055822790288e+01  2.9859723728632525e-05  8.0330924501515136e-05  -5.0471200772882611e-05  -4.5549332455996205e-05  1.0530065323667567e-04  1.1601820277534202e-04
3.8400000000000901e+01  3.8026426756380225e+01  3.1959362736413919e+01  3.1959362733237015e+01  2.4562351492869342e-02  2.6117091706723436e+01  3.2040147035036391e+01  3.2040147052383546e+01  2.4488129908042892e-02  1.1909335049656789e+01  1.2001040175968809e+01  3.0913074669957744e-05  8.1777615866574806e-05  -5.0864541196617062e-05  -4.6958067957113874e-05  1.0850810129603583e-04  1.1864809550528714e-04
3.9200000000000799e+01  3.8028033525916499e+01  3.1958180223464623e+01  3.1958180219952940e+01  2.4572559758657162e-02  2.6121365563908288e+01  3.2041303032604532e+01  3.2041303050462780e+01  2.4486738271346765e-02  1.1906667962008211e+01  1.2001023101098925e+01  3.1975922771527224e-05  8.3217311059777423e-05  -5.1241388288250199e-05  -4.8387117789761847e-05  1.1087279163991565e-04  1.2201899104255754e-04
4.0000000000000597e+01  3.8029821045285942e+01  3.1956981614113751e+01  3.1956981610256680e+01  2.4581275457936019e-02  2.6125795032557839e+01  3.2042490832226889e+01  3.2042490850609461e+01  2.4484825000577057e-02  1.1904026012728103e+01  1.2001004423725755e+01  3.3044941095642649e-05  8.4665325165862081e-05  -5.1620384070219432e-05  -4.9680730149615315e-05  1.1243510216721555e-04  1.2418339894896920e-04
4.0800000000000502e+01  3.8031564933325910e+01  3.1955835819153641e+01  3.1955835814932744e+01  2.4579294169029799e-02  2.6130449965321812e+01  3.2043711443544851e+01  3.2043711462443049e+01  2.4487238356824578e-02  1.1901114968004098e+01  1.2000986417588786e+01  3.4120952501288778e-05  8.6122104035732692e-05  -5.2001151534443914e-05  -5.0943758666119866e-05  1.1438057530306723e-04  1.2600496208475668e-04
4.1600000000000300e+01  3.8033346255136330e+01  3.1954650951997198e+01  3.1954650947396779e+01  2.4571675466193571e-02  2.6135134470411330e+01  3.2044931783385465e+01  3.2044931802798232e+01  2.4492550478345344e-02  1.1898211784725000e+01  1.2000970176993349e+01  3.5208370391330155e-05  8.7572735902992564e-05  -5.2364365511662409e-05  -5.3216977190871230e-05  1.1757182357495495e-04  1.2848914273565001e-04
4.2400000000000098e+01  3.8035165630024295e+01  3.1953438106124402e+01  3.1953438101141682e+01  2.4570480492554812e-02  2.6139719167059457e+01  3.2046131062761162e+01  3.2046131082692270e+01  2.4495461100050499e-02  1.1895446462964838e+01  1.2000951142181915e+01  3.6305285118936279e-05  8.9013206109079561e-05  -5.2707920990143282e-05  -5.6182074894729272e-05  1.2130312498553913e-04  1.3140914053069253e-04
4.3200000000000003e+01  3.8037047418709932e+01  3.1952242115950195e+01  3.1952242110578815e+01  2.4578859339376959e-02  2.6144668625229535e+01  3.2047310347275378e+01  3.2047310367735435e+01  2.4494292118997719e-02  1.1892378793480397e+01  1.2000927680152552e+01  3.7403324004577983e-05  9.0457750002728154e-05  -5.3054425998150171e-05  -5.6716112743534422e-05  1.2259033165441788e-04  1.3400821738378764e-04
4.3999999999999801e+01  3.8039121105391182e+01  3.1951011187278723e+01  3.1951011181497222e+01  2.4587371128782263e-02  2.6149332933880370e+01  3.2048632547033748e+01  3.2048632568018448e+01  2.4492971918475232e-02  1.1889788171510812e+01  1.2000907984836665e+01  3.8498548359267597e-05  9.1917102895466637e-05  -5.3418554536199040e-05  -5.5516732927688574e-05  1.2246924704825750e-04  1.3557947511413690e-04
4.4799999999999699e+01  3.8041162694815490e+01  3.1949761945798443e+01  3.1949761939591767e+01  2.4586770478116464e-02  2.6154076806332554e+01  3.2049813864138905e+01  3.2049813885645854e+01  2.4495254137369832e-02  1.1887085888482936e+01  1.2000894863171487e+01  3.9597332659686507e-05  9.3381718762333132e-05  -5.3784386102646625e-05  -5.7472746841458639e-05  1.2542366812907867e-04  1.3713483658972937e-04
4.5599999999999497e+01  3.8043294624031212e+01  3.1948567564521692e+01  3.1948567557883027e+01  2.4580078281193844e-02  2.6158933242948656e+01  3.2051027337987961e+01  3.2051027360019717e+01  2.4499671929115036e-02  1.1884361381082556e+01  1.2000879833337102e+01  4.0709329887300127e-05  9.4833996140628160e-05  -5.4124666253328033e-05  -6.1743677227550319e-05  1.3021989077256231e-04  1.4032312024832934e-04
4.6399999999999302e+01  3.8045500191682443e+01  3.1947183033359408e+01  3.1947183026284641e+01  2.4578195922485571e-02  2.6163962857890418e+01  3.2052200751646161e+01  3.2052200774203762e+01  2.4501970581822675e-02  1.1881537333792025e+01  1.2000859579082366e+01  4.1834977349691710e-05  9.6272677534031770e-05  -5.4437700184340060e-05  -6.3624434099965148e-05  1.3264716407349037e-04  1.4361436777429482e-04
4.7199999999999200e+01  3.8047768188925083e+01  3.1945919954687827e+01  3.1945919947159517e+01  2.4585310413576277e-02  2.6169015710406356e+01  3.2053408899744433e+01  3.2053408922832915e+01  2.4501055445226846e-02  1.1878752478518727e+01  1.2000839209384960e+01  4.2964978441035655e-05  9.7713269221895473e-05  -5.4748290780859818e-05  -6.3508707107855385e-05  1.3345562694636721e-04  1.4550403517594066e-04
4.7999999999998998e+01  3.8050003736884200e+01  3.1944726946283616e+01  3.1944726938286099e+01  2.4593580326606072e-02  2.6174111795549525e+01  3.2054578602596479e+01  3.2054578626222892e+01  2.4500146432297216e-02  1.1875891941334675e+01  1.2000820813642381e+01  4.4093474004659856e-05  9.9164157151513172e-05  -5.5070683146853315e-05  -6.4348356274289192e-05  1.3551873314354690e-04  1.4738420572075629e-04
4.8799999999998903e+01  3.8052411980327193e+01  3.1943494937350803e+01  3.1943494928878170e+01  2.4593881235027117e-02  2.6179516896406959e+01  3.2055871787138479e+01  3.2055871811304769e+01  2.4502069493637701e-02  1.1872895083920234e+01  1.2000802101515582e+01  4.5223711809070573e-05  1.0061694531776225e-04  -5.5393233508691675e-05  -6.6533528084844864e-05  1.3884386348744009e-04  1.5039783149906074e-04
4.9599999999998701e+01  3.8054788574709612e+01  3.1942109758667502e+01  3.1942109749710205e+01  2.4587985911037495e-02  2.6184900833224120e+01  3.2057118318015654e+01  3.2057118342705827e+01  2.4505557699524155e-02  1.1869887741485492e+01  1.2000781320613669e+01  4.6360517995637435e-05  1.0206313798325286e-04  -5.5702619987615429e-05  -6.8797550144167769e-05  1.4165062266113590e-04  1.5289464400394351e-04
5.0399999999998499e+01  3.8057287769370788e+01  3.1940842832330940e+01  3.1940842822879066e+01  2.4585862561413940e-02  2.6190514068496832e+01  3.2058537835790531e+01  3.2058537861012837e+01  2.4507332227554680e-02  1.1866773700873956e+01  1.2000759753058798e+01  4.7504998492156596e-05  1.0350707423674186e-04  -5.6002075744585263e-05  -6.9984106705018464e-05  1.4314637285049275e-04  1.5427112277283914e-04
5.1199999999998397e+01  3.8059737085705656e+01  3.1939623514679123e+01  3.1939623504722874e+01  2.4592095992662072e-02  2.6195947691308849e+01  3.2059863593559925e+01  3.2059863619316509e+01  2.4506609641870881e-02  1.1863789394396807e+01  1.2000740665505397e+01  4.8655801263470789e-05  1.0495664706395290e-04  -5.6300845800482115e-05  -7.0852309961419628e-05  1.4455537942333033e-04  1.5635922713682661e-04
5.1999999999998202e+01  3.8062399973204222e+01  3.1938257185458770e+01  3.1938257174985164e+01  2.4599959359901995e-02  2.6201415931369553e+01  3.2061070739978867e+01  3.2061070766279201e+01  2.4505870651588272e-02  1.1860984041834669e+01  1.2000722909572552e+01  4.9811241083566780e-05  1.0640958074666218e-04  -5.6598339663095396e-05  -7.3071453560652176e-05  1.4764708852159160e-04  1.5987097182477004e-04
5.2799999999998100e+01  3.8065082192495446e+01  3.1937006584849410e+01  3.1937006573849715e+01  2.4600802299611060e-02  2.6206948986019242e+01  3.2062333897617769e+01  3.2062333924454428e+01  2.4507261588157827e-02  1.1858133206476204e+01  1.2000702023743751e+01  5.0972144786793217e-05  1.0785509691589362e-04  -5.6882952129100404e-05  -7.5244540834833718e-05  1.5116482267540457e-04  1.6281816576680771e-04
5.3599999999997898e+01  3.8067861016086745e+01  3.1935688208519114e+01  3.1935688196989339e+01  2.4595688486068471e-02  2.6212490093471434e+01  3.2063620703375143e+01  3.2063620730748916e+01  2.4509839702888846e-02  1.1855370922615311e+01  1.2000679289664248e+01  5.2141222949989892e-05  1.0928985981392380e-04  -5.7148636863933906e-05  -7.5853180274259733e-05  1.5304940718034491e-04  1.6407702100610692e-04
5.4399999999997704e+01  3.8070531529678455e+01  3.1934439253702362e+01  3.1934439241633250e+01  2.4593592479076144e-02  2.6218038997282282e+01  3.2064851950202261e+01  3.2064851978118234e+01  2.4511140363967825e-02  1.1852492532396173e+01  1.2000656845996037e+01  5.3317079205909299e-05  1.1072642348491909e-04  -5.7409344279009786e-05  -7.7612980196437880e-05  1.5521468076911435e-04  1.6647317567811853e-04
5.5199999999997601e+01  3.8073298742287307e+01  3.1933148843090674e+01  3.1933148830474817e+01  2.4599063240340419e-02  2.6223764569472824e+01  3.2066216148596894e+01  3.2066216177057321e+01  2.4510498443518176e-02  1.1849534172814483e+01  1.2000632116046638e+01  5.4494531746627752e-05  1.1217694615774019e-04  -5.7682414411112435e-05  -8.0823688538331448e-05  1.5782116243294992e-04  1.7027585095869975e-04
5.5999999999997399e+01  3.8076088106121446e+01  3.1931911202045917e+01  3.1931911188869428e+01  2.4606344534867396e-02  2.6229645806744749e+01  3.2067439353207405e+01  3.2067439382199822e+01  2.4509719746239091e-02  1.1846442299376697e+01  1.2000607255441468e+01  5.5671838502750234e-05  1.1363661757242777e-04  -5.7964779069677540e-05  -8.1382352749237685e-05  1.5879427173076386e-04  1.7144851164598848e-04
5.6799999999997297e+01  3.8079083123501782e+01  3.1930619914331828e+01  3.1930619900581814e+01  2.4607546748773280e-02  2.6235737664057048e+01  3.2068784427056634e+01  3.2068784456578285e+01  2.4510524280791007e-02  1.1843345459444734e+01  1.2000586325776359e+01  5.6853377634470433e-05  1.1509225272934505e-04  -5.8238875094874616e-05  -8.0783151230830324e-05  1.6069109937743350e-04  1.7179701119585862e-04
5.7599999999997102e+01  3.8081969706275679e+01  3.1929350269487959e+01  3.1929350255164657e+01  2.4603282497878517e-02  2.6241755522162141e+01  3.2070123881603443e+01  3.2070123911668304e+01  2.4512316787167390e-02  1.1840214184113538e+01  1.2000565755961382e+01  5.8046042320601911e-05  1.1653916446474044e-04  -5.8493122144138530e-05  -8.3501236919936942e-05  1.6454420224200613e-04  1.7569529982608436e-04
5.8399999999997000e+01  3.8084920917478762e+01  3.1928091519225330e+01  3.1928091504320946e+01  2.4601356709328594e-02  2.6247705200913362e+01  3.2071321575808156e+01  3.2071321606424206e+01  2.4513176171992786e-02  1.1837215716565400e+01  1.2000541308808849e+01  5.9249279623368874e-05  1.1798832595498979e-04  -5.8739046331620914e-05  -8.7911744544822746e-05  1.6761420931335092e-04  1.8018733828021433e-04
5.9199999999996798e+01  3.8087932277128665e+01  3.1926766874098170e+01  3.1926766858604850e+01  2.4605941729464568e-02  2.6253644293008843e+01  3.2072564444601731e+01  3.2072564475764075e+01  2.4512459350174709e-02  1.1834287984119822e+01  1.2000512785969381e+01  6.0452859859246220e-05  1.1945417276303628e-04  -5.9001312903790063e-05  -8.9778323073279819e-05  1.6920884310413337e-04  1.8152239894436584e-04
5.9999999999996597e+01  3.8091007156966199e+01  3.1925507699494450e+01  3.1925507683403037e+01  2.4612321956830083e-02  2.6259815028709802e+01  3.2073878613000126e+01  3.2073878644715215e+01  2.4511479538051838e-02  1.1831192128256397e+01  1.2000486420162240e+01  6.1654919896581776e-05  1.2093082808627254e-04  -5.9275908189690760e-05  -8.7633562326703843e-05  1.6887274431579062e-04  1.8095034860969968e-04
6.0799999999996501e+01  3.8094203051945712e+01  3.1924171211997745e+01  3.1924171195302929e+01  2.4613706171320363e-02  2.6266083997833199e+01  3.2075067519582667e+01  3.2075067551858552e+01  2.4511670748612220e-02  1.1828119054112513e+01  1.2000470341059145e+01  6.2867432526497291e-05  1.2239798606208021e-04  -5.9530553535582924e-05  -8.7630924540672034e-05  1.7029559170271601e-04  1.8252275559777593e-04
6.1599999999996299e+01  3.8097610711998080e+01  3.1922909908740912e+01  3.1922909891433974e+01  2.4610273410026605e-02  2.6272408699033768e+01  3.2076403207678311e+01  3.2076403240508959e+01  2.4512788862859548e-02  1.1825202012964311e+01  1.2000453741235068e+01  6.4096860485926766e-05  1.2385035479401416e-04  -5.9753494308087391e-05  -9.4683258580828937e-05  1.7722081339510828e-04  1.8859847919333638e-04
6.2399999999996197e+01  3.8101072959038696e+01  3.1921564693137356e+01  3.1921564675212597e+01  2.4608514759677732e-02  2.6278779582536544e+01  3.2077610787659594e+01  3.2077610821057249e+01  2.4513314087627563e-02  1.1822293376502152e+01  1.2000421879191304e+01  6.5336198348088956e-05  1.2530072505825593e-04  -5.9964526710166974e-05  -9.8979859960268105e-05  1.8139395668705400e-04  1.9332604642841486e-04
6.3199999999996002e+01  3.8104577300747721e+01  3.1920276358970593e+01  3.1920276340419196e+01  2.4612301257388312e-02  2.6285167601387059e+01  3.2078914231928515e+01  3.2078914265881785e+01  2.4512454727031032e-02  1.1819409699360662e+01  1.2000387639779632e+01  6.6573373942877627e-05  1.2676322036514476e-04  -6.0189846422267131e-05  -9.5585767178630235e-05  1.7933958274607957e-04  1.9266212850309946e-04
6.3999999999995801e+01  3.8107983956721888e+01  3.1918981702863363e+01  3.1918981683673223e+01  2.4617909664143754e-02  2.6291754618789124e+01  3.2080420141317845e+01  3.2080420175832266e+01  2.4511149035676683e-02  1.1816229337932764e+01  1.2000364248911080e+01  6.7804314658701618e-05  1.2824046355456716e-04  -6.0436148895865542e-05  -9.5012821353918951e-05  1.8020682829888153e-04  1.9226922829769028e-04
6.4799999999996203e+01  3.8111616564455694e+01  3.1917652885067341e+01  3.1917652865236768e+01  2.4619416677376233e-02  2.6298511145428108e+01  3.2081728178626669e+01  3.2081728213695619e+01  2.4510751955905984e-02  1.1813105419027586e+01  1.2000341879918059e+01  6.9042355359774573e-05  1.2971833478126810e-04  -6.0675979421493531e-05  -9.9213060235112430e-05  1.8407515267518859e-04  1.9525788387147810e-04
6.5599999999996697e+01  3.8115195774151260e+01  3.1916240996234794e+01  3.1916240975757336e+01  2.4616642110083922e-02  2.6305111888528863e+01  3.2082976362076359e+01  3.2082976397709530e+01  2.4511264897984438e-02  1.1810083885622397e+01  1.2000314800574273e+01  7.0300285918100110e-05  1.3118452333618340e-04  -6.0884237418083289e-05  -1.0248867680884515e-04  1.8676571454418069e-04  1.9970567051451400e-04
6.6399999999997107e+01  3.8118867435239864e+01  3.1914886291318339e+01  3.1914886270190401e+01  2.4614923983257531e-02  2.6312032194237208e+01  3.2084201219297029e+01  3.2084201255502670e+01  2.4511415938636188e-02  1.1806835241002656e+01  1.2000284566052935e+01  7.1569301996338641e-05  1.3264755127259231e-04  -6.1078249276253665e-05  -1.0524342021036337e-04  1.9077654201525807e-04  2.0389020306952555e-04
6.7199999999997502e+01  3.8122528911769713e+01  3.1913544772932795e+01  3.1913544751141163e+01  2.4617754206750723e-02  2.6318978796650210e+01  3.2085495456561709e+01  3.2085495493341988e+01  2.4510349863379528e-02  1.1803550115119503e+01  1.2000249552967357e+01  7.2835008872089901e-05  1.3412105916169129e-04  -6.1286050289601391e-05  -1.0615901857714768e-04  1.9315205425142240e-04  2.0446149052650184e-04
6.7999999999997897e+01  3.8126303590479182e+01  3.1912242722779464e+01  3.1912242700325571e+01  2.4622486966594161e-02  2.6325799812982108e+01  3.2086846012779588e+01  3.2086846050126589e+01  2.4508731480860770e-02  1.1800503777497074e+01  1.2000216078114805e+01  7.4096721038754206e-05  1.3560685368055596e-04  -6.1510132641801757e-05  -1.0491405262422637e-04  1.9218253398576188e-04  2.0394962256581014e-04
6.8799999999998306e+01  3.8130112864115397e+01  3.1910881134232707e+01  3.1910881111110694e+01  2.4624206063956589e-02  2.6332744256674324e+01  3.2088231183472189e+01  3.2088231221391524e+01  2.4507774369327173e-02  1.1797368607441072e+01  1.2000190020082176e+01  7.5361630907124462e-05  1.3709861939799052e-04  -6.1736988490866058e-05  -1.0714311599045787e-04  1.9405476961687555e-04  2.0778339031099263e-04
6.9599999999998701e+01  3.8133899468821603e+01  3.1909581480220609e+01  3.1909581456425784e+01  2.4622116952722827e-02  2.6339792548219588e+01  3.2089529507623439e+01  3.2089529546131125e+01  2.4507588685963776e-02  1.1794106920602015e+01  1.2000164914919692e+01  7.6637563754405197e-05  1.3858639547515347e-04  -6.1948831720748274e-05  -1.1143802284764640e-04  1.9811628915043081e-04  2.1118482111141587e-04
7.0399999999999096e+01  3.8137748707339213e+01  3.1908289030431401e+01  3.1908289005956490e+01  2.4620284846852986e-02  2.6346885416758624e+01  3.2090822040394769e+01  3.2090822079485150e+01  2.4507183315005371e-02  1.1790863290580589e+01  1.2000134364633661e+01  7.7927419203900055e-05  1.4006583803246106e-04  -6.2138418828561006e-05  -1.1268300333822930e-04  2.0100218790171091e-04  2.1267740138153552e-04
7.1199999999999505e+01  3.8141921171909317e+01  3.1906881780121694e+01  3.1906881754965180e+01  2.4622167091666723e-02  2.6353886567051049e+01  3.2092190859503837e+01  3.2092190899170014e+01  2.4505806659191547e-02  1.1788034604858268e+01  1.2000097179564463e+01  7.9223452962163163e-05  1.4154475289933273e-04  -6.2321299937169572e-05  -1.1410664382506823e-04  2.0415507412878628e-04  2.1677437503881764e-04
7.1999999999999901e+01  3.8145989563735348e+01  3.1905397858321187e+01  3.1905397832476378e+01  2.4626276735099557e-02  2.6361126442028763e+01  3.2093508377905209e+01  3.2093508418143330e+01  2.4503847001086269e-02  1.1784863121706586e+01  1.2000057054006275e+01  8.0518538934883175e-05  1.4302893321252780e-04  -6.2510394277644627e-05  -1.1655364253715023e-04  2.0571754613662072e-04  2.1901631977949885e-04
7.2800000000000296e+01  3.8150120740610227e+01  3.1904099033675724e+01  3.1904099007135585e+01  2.4628364042167637e-02  2.6368409940180083e+01  3.2094800035520720e+01  3.2094800076346182e+01  2.4502401607293993e-02  1.1781710800430144e+01  1.2000026140541200e+01  8.1815652446238788e-05  1.4451381313144337e-04  -6.2698160685204578e-05  -1.1653212787586542e-04  2.0536922406764720e-04  2.1805860206853352e-04
7.3600000000000705e+01  3.8154474174555460e+01  3.1902633743175119e+01  3.1902633715928030e+01  2.4626920137867183e-02  2.6375684605463810e+01  3.2096077894432703e+01  3.2096077935834558e+01  2.4501766280876604e-02  1.1778789569091650e+01  1.2000003961713912e+01  8.3115176913719818e-05  1.4599783501854856e-04  -6.2882658104828742e-05  -1.1828805050162667e-04  2.0927672534757895e-04  2.2183496456071073e-04
7.4400000000001199e+01  3.8158722931152546e+01  3.1901299964102250e+01  3.1901299936152160e+01  2.4625037960570334e-02  2.6383029979847155e+01  3.2097351653309858e+01  3.2097351695287614e+01  2.4500871413143225e-02  1.1775692951305391e+01  1.1999968859003651e+01  8.4411679555764174e-05  1.4748757891639165e-04  -6.3075899360627477e-05  -1.2261307419264651e-04  2.1513290276416476e-04  2.2825764639826536e-04
7.5200000000001594e+01  3.8163059835734032e+01  3.1899917878301100e+01  3.1899917849651807e+01  2.4626289478094945e-02  2.6390491433109126e+01  3.2098722303980963e+01  3.2098722346538068e+01  2.4498864591787371e-02  1.1772568402624906e+01  1.1999919926396595e+01  8.5706991266453411e-05  1.4898646744102541e-04  -6.3279476174571997e-05  -1.2231159400571801e-04  2.1458001609442730e-04  2.2770529925715834e-04
7.6000000000002004e+01  3.8167378007644452e+01  3.1898593176434318e+01  3.1898593147068830e+01  2.4629853620688993e-02  2.6398015719017863e+01  3.2100141691810869e+01  3.2100141734955699e+01  2.4496344342637106e-02  1.1769362288626589e+01  1.1999882032241814e+01  8.7008395334439777e-05  1.5049002000313094e-04  -6.3481624668691161e-05  -1.2107804665078310e-04  2.1268595665964836e-04  2.2520901636772240e-04
7.6800000000002399e+01  3.8171789671661543e+01  3.1897258638684747e+01  3.1897258608589784e+01  2.4631700672457298e-02  2.6405451513205037e+01  3.2101443372595405e+01  3.2101443416332785e+01  2.4494346535728781e-02  1.1766338158456506e+01  1.1999856773996097e+01  8.8319857405633491e-05  1.5199086906774571e-04  -6.3671011662112215e-05  -1.2587038149887715e-04  2.1780315946048169e-04  2.3074100208773999e-04
7.7600000000002794e+01  3.8176170990110798e+01  3.1895944295807521e+01  3.1895944264988319e+01  2.4630253532063207e-02  2.6413212466239873e+01  3.2102731615600803e+01  3.2102731659943387e+01  2.4492970443877715e-02  1.1762958523870925e+01  1.1999824472927596e+01  8.9640882974339006e-05  1.5348570305412945e-04  -6.3844820079790446e-05  -1.3045417136614500e-04  2.2403683818822984e-04  2.3796659822510109e-04
7.8400000000003203e+01  3.8180690593352239e+01  3.1894574930546579e+01  3.1894574898990811e+01  2.4628320170053272e-02  2.6420941759418341e+01  3.2104015421919492e+01  3.2104015466863324e+01  2.4491431484010992e-02  1.1759748833933898e+01  1.1999783239981376e+01  9.0966524762861131e-05  1.5497960567583386e-04  -6.4013080912972732e-05  -1.3000761759550617e-04  2.2460206363997286e-04  2.3787548916714559e-04
7.9200000000003598e+01  3.8185406569019726e+01  3.1893229166016692e+01  3.1893229133724045e+01  2.4629097027223403e-02  2.6428732157679221e+01  3.2105340272148204e+01  3.2105340317670517e+01  2.4489016223594239e-02  1.1756674411340505e+01  1.1999745261589737e+01  9.2294704378169569e-05  1.5647805886029607e-04  -6.4183354482126505e-05  -1.2926799670803530e-04  2.2376976856815759e-04  2.3624862724282622e-04
8.0000000000003993e+01  3.8190035879817167e+01  3.1891858173476468e+01  3.1891858140453383e+01  2.4632179701810291e-02  2.6436576827489596e+01  3.2106676447077199e+01  3.2106676493195899e+01  2.4485937514794928e-02  1.1753459052327571e+01  1.1999713795451687e+01  9.3630813892647772e-05  1.5797833004005998e-04  -6.4347516147412204e-05  -1.3251244060495754e-04  2.2686773798345934e-04  2.4070060383885527e-04
8.0800000000004403e+01  3.8194939660681101e+01  3.1890493959869325e+01  3.1890493926103176e+01  2.4634262175249163e-02  2.6444445742783277e+01  3.2108002788652627e+01  3.2108002835358619e+01  2.4483171286497813e-02  1.1750493917897824e+01  1.1999679589244963e+01  9.4977185830381677e-05  1.5947668738994195e-04  -6.4499501559560276e-05  -1.3737972701367441e-04  2.3200494292541847e-04  2.4641900391578062e-04
8.1600000000004798e+01  3.8199713887437937e+01  3.1889142098809270e+01  3.1889142064305894e+01  2.4633314760370419e-02  2.6452525174643842e+01  3.2109185365925370e+01  3.2109185413216672e+01  2.4481134539777204e-02  1.1747188712794095e+01  1.1999636819578450e+01  9.6328598505872239e-05  1.6097662885572632e-04  -6.4648030349854081e-05  -1.3815716278996464e-04  2.3375183142724683e-04  2.4681675655447821e-04
8.2400000000005207e+01  3.8204561254199589e+01  3.1887842481074113e+01  3.1887842445811209e+01  2.4631240502187093e-02  2.6460854447808849e+01  3.2110604628477482e+01  3.2110604676377910e+01  2.4479020938679322e-02  1.1743706806390740e+01  1.1999593552780155e+01  9.7679995462491827e-05  1.6248480947880691e-04  -6.4804814016315086e-05  -1.3715878903491636e-04  2.3366054103982450e-04  2.4674511713013419e-04
8.3200000000005701e+01  3.8209477335469174e+01  3.1886481021687363e+01  3.1886480985672506e+01  2.4631392013040578e-02  2.6468961406720705e+01  3.2111908182652996e+01  3.2111908231160093e+01  2.4475987849285431e-02  1.1740515928748469e+01  1.1999554832359362e+01  9.9032421667549900e-05  1.6400134763665350e-04  -6.4968925969103604e-05  -1.3983916836986325e-04  2.3605940591659274e-04  2.4989295045604171e-04
8.4000000000006096e+01  3.8214419292619056e+01  3.1885038672015263e+01  3.1885038635234388e+01  2.4633953961997378e-02  2.6477286591858771e+01  3.2113312176075567e+01  3.2113312225212965e+01  2.4472377809843779e-02  1.1737132700760284e+01  1.1999516226511277e+01  1.0039151123895032e-04  1.6551949692822056e-04  -6.5127985689270238e-05  -1.4339112430413907e-04  2.3907485043051893e-04  2.5300310161098196e-04
8.4800000000006506e+01  3.8219354253147365e+01  3.1883701361130928e+01  3.1883701323591335e+01  2.4635669350464524e-02  2.6485480253973513e+01  3.2114649232563870e+01  3.2114649282314083e+01  2.4469090700295869e-02  1.1733873999173852e+01  1.1999476141543987e+01  1.0175917140923591e-04  1.6703578055876216e-04  -6.5276609149526247e-05  -1.4465592634013092e-04  2.4133727730457833e-04  2.5542246605728082e-04
8.5600000000006901e+01  3.8224567284608014e+01  3.1882339666929575e+01  3.1882339628629339e+01  2.4634413102772205e-02  2.6493933979045210e+01  3.2116042307319859e+01  3.2116042357697985e+01  2.4466224505727701e-02  1.1730633305562804e+01  1.1999434984503043e+01  1.0313126263838887e-04  1.6855160603618203e-04  -6.5420343397793159e-05  -1.4574149060878752e-04  2.4350370684247708e-04  2.5761677639866677e-04
8.6400000000007296e+01  3.8229718331135828e+01  3.1881042157354830e+01  3.1881042118287787e+01  2.4632110227211960e-02  2.6502344680966530e+01  3.2117365597657830e+01  3.2117365648650832e+01  2.4465430378398184e-02  1.1727373650169298e+01  1.1502041124223414e+01  1.0450520096155830e-04  1.7006822355301120e-04  -6.5563022591452901e-05  -1.4801644528457503e-04  2.5355456187260217e-04  2.5985749497815721e-04
8.7200000000007705e+01  3.8234786776340805e+01  3.1879644444331092e+01  3.1879644404494019e+01  2.4631933068059515e-02  2.6510642778074050e+01  3.2118691063343299e+01  3.2118691114950352e+01  2.4468504347289390e-02  1.1724143998266754e+01  1.1501998581139112e+01  1.0588285292146616e-04  1.7158726693007376e-04  -6.5704414008607595e-05  -1.5008879888735738e-04  2.5640253032966953e-04  2.6265821199607210e-04
8.8000000000008100e+01  3.8239984939151981e+01  3.1878350106971904e+01  3.1878350066357829e+01  2.4633967768014419e-02  2.6519319476517470e+01  3.2120065016918595e+01  3.2120065069132430e+01  2.4471155201336709e-02  1.1720665462634511e+01  1.1501958389768163e+01  1.0726654458089799e-04  1.7311024159733060e-04  -6.5843697016432608e-05  -1.5132999913116023e-04  2.5870821048257404e-04  2.6486373113209719e-04
8.8800000000008495e+01  3.8245226994302179e+01  3.1877010559633355e+01  3.1877010518249122e+01  2.4635401648907828e-02  2.6528023643078527e+01  3.2121419541421325e+01  3.2121419594250199e+01  2.4473941553325867e-02  1.1717203351223652e+01  1.1501917779836271e+01  1.0865653372888300e-04  1.7463643472490775e-04  -6.5979900996024750e-05  -1.5319448405865898e-04  2.6018685983856312e-04  2.6636664356579444e-04
8.9600000000008905e+01  3.8251033916865332e+01  3.1875454346997223e+01  3.1875454304817783e+01  2.4634401816694903e-02  2.6536616932620916e+01  3.2122714372364491e+01  3.2122714425805853e+01  2.4477178353715615e-02  1.1714416984244416e+01  1.1501871682857285e+01  1.1005183743945278e-04  1.7616432051067275e-04  -6.6112483071219968e-05  -1.5589370660528434e-04  2.6271396032240263e-04  2.6892845741425907e-04
9.0400000000009300e+01  3.8256644022832489e+01  3.1874120715535845e+01  3.1874120672589740e+01  2.4632280826838365e-02  2.6545436449119215e+01  3.2124109115954454e+01  3.2124109170028596e+01  2.4480451144861529e-02  1.1711207573713274e+01  1.1501821373446083e+01  1.1145166741647637e-04  1.7769327808924058e-04  -6.6241610672764206e-05  -1.5769018916917299e-04  2.6621320899693104e-04  2.7232027406425474e-04
9.1200000000009794e+01  3.8262093571026334e+01  3.1872687120587173e+01  3.1872687076859766e+01  2.4631614179035199e-02  2.6554316841749085e+01  3.2125332207334822e+01  3.2125332262015327e+01  2.4482991662815222e-02  1.1707776729277249e+01  1.1501774710462435e+01  1.1285531097138551e-04  1.7922425154994531e-04  -6.6368940578559793e-05  -1.5866852606869684e-04  2.6837890076884411e-04  2.7443614737585330e-04
9.2000000000010203e+01  3.8267781628204688e+01  3.1871226674586342e+01  3.1871226630083260e+01  2.4632860010729611e-02  2.6563093822289002e+01  3.2126757810156079e+01  3.2126757865458210e+01  2.4484875618280638e-02  1.1704687805915686e+01  1.1501733519297520e+01  1.1426243606632466e-04  1.8075940419270991e-04  -6.6496968126385247e-05  -1.6052552239374828e-04  2.6956247885772750e-04  2.7582517316584554e-04
9.2800000000010598e+01  3.8273397197306899e+01  3.1869826327285995e+01  3.1869826281988480e+01  2.4633787680011718e-02  2.6572078214985968e+01  3.2128005023479744e+01  3.2128005079415033e+01  2.4486980161907108e-02  1.1701318982320931e+01  1.1501690045115987e+01  1.1567428563606092e-04  1.8229915068658880e-04  -6.6624865050527877e-05  -1.6313951935408659e-04  2.7207179073813218e-04  2.7823554778354335e-04
9.3600000000010994e+01  3.8279081253543602e+01  3.1868469803207486e+01  3.1868469757122480e+01  2.4632568425006090e-02  2.6581217419403501e+01  3.2129586762753682e+01  3.2129586819334996e+01  2.4489579706968495e-02  1.1697863834140101e+01  1.1501640678307796e+01  1.1709321952544990e-04  1.8383972720704552e-04  -6.6746507681595616e-05  -1.6500653710664942e-04  2.7521880546672536e-04  2.8121832724702360e-04
9.4400000000011403e+01  3.8284851214882870e+01  3.1867073074387612e+01  3.1867073027515282e+01  2.4630225439726799e-02  2.6590297822588678e+01  3.2130921215763003e+01  3.2130921272996453e+01  2.4492008377003365e-02  1.1694553392294193e+01  1.1501591845055101e+01  1.1852051225862987e-04  1.8537728285387256e-04  -6.6856770595242698e-05  -1.6631128499646120e-04  2.7735231568540736e-04  2.8359106559316672e-04
9.5200000000011798e+01  3.8290592751827120e+01  3.1865711387362680e+01  3.1865711339697071e+01  2.4629145157360699e-02  2.6599408126347384e+01  3.2132322751978307e+01  3.2132322809847892e+01  2.4493713476944571e-02  1.1691184625479735e+01  1.1501546057502393e+01  1.1995406105775930e-04  1.8691453377493020e-04  -6.6960472717170905e-05  -1.6870251545144494e-04  2.7972935416980594e-04  2.8587008677107614e-04
9.6000000000012193e+01  3.8296597588858866e+01  3.1864384148091798e+01  3.1864384099626957e+01  2.4629891205855781e-02  2.6608565813455442e+01  3.2133679770737245e+01  3.2133679829242936e+01  2.4494942198842729e-02  1.1688031775403424e+01  1.1501496053233359e+01  1.2138998998450098e-04  1.8845819721597816e-04  -6.7068207231477179e-05  -1.7134127710358778e-04  2.8275744937086768e-04  2.8863455150455721e-04
9.6800000000012602e+01  3.8302636757948520e+01  3.1863024065195685e+01  3.1863024015918139e+01  2.4630465694571377e-02  2.6617868422922307e+01  3.2134933810850413e+01  3.2134933869992004e+01  2.4496352873188177e-02  1.1684768335026213e+01  1.1501441235950576e+01  1.2282733092333205e-04  1.9000972783404869e-04  -6.7182396910716636e-05  -1.7207950504995778e-04  2.8421732362500323e-04  2.9069420802038215e-04
9.7600000000012997e+01  3.8308698571472078e+01  3.1861764776271976e+01  3.1861764726197141e+01  2.4629023561668014e-02  2.6627093228006423e+01  3.2136296715602860e+01  3.2136296775381517e+01  2.4498159889734292e-02  1.1681605343465655e+01  1.1501390882996363e+01  1.2426763243280736e-04  1.9156461790897355e-04  -6.7296985476166194e-05  -1.7298234677693892e-04  2.8516317473158023e-04  2.9259640018399635e-04
9.8400000000013407e+01  3.8315007775594715e+01  3.1860369379763796e+01  3.1860369328882172e+01  2.4626515949489149e-02  2.6636426705597721e+01  3.2137716654384946e+01  3.2137716714810644e+01  2.4499916184066241e-02  1.1678581069996994e+01  1.1501344049206637e+01  1.2571193292077107e-04  1.9311943271048605e-04  -6.7407499789714972e-05  -1.7633561539101382e-04  2.8875158035760964e-04  2.9522216592048117e-04
9.9200000000013802e+01  3.8321220407285630e+01  3.1858884454650575e+01  3.1858884402972006e+01  2.4625231955888737e-02  2.6645900199864506e+01  3.2139092550422077e+01  3.2139092611492714e+01  2.4501184377246882e-02  1.1675320207421123e+01  1.1501291451268679e+01  1.2716173817680832e-04  1.9467385577402860e-04  -6.7512117597220278e-05  -1.7891480470906294e-04  2.9256723210497861e-04  2.9833624581373646e-04
1.0000000000001400e+02  3.8327663894760676e+01  3.1857481765244092e+01  3.1857481712762464e+01  2.4625408039906996e-02  2.6655511780131647e+01  3.2140681648814677e+01  3.2140681710540257e+01  2.4502029320309503e-02  1.1672152114629029e+01  1.1501236235649976e+01  1.2861858962606002e-04  1.9622910261754868e-04  -6.7610512991488655e-05  -1.7925195542016080e-04  2.9341998929667437e-04  3.0039427483784215e-04
1.0080000000001500e+02  3.8333869267251337e+01  3.1856117599107634e+01  3.1856117545820084e+01  2.4625294582709834e-02  2.6665110687876822e+01  3.2142062170520056e+01  3.2142062232901765e+01  2.4502799656363396e-02  1.1668758579374515e+01  1.1501185486276469e+01  1.3008188613013606e-04  1.9778750390066156e-04  -6.7705617770525507e-05  -1.8113395839867858e-04  2.9485406609655699e-04  3.0229757178083387e-04
1.0160000000001500e+02  3.8340301645191332e+01  3.1854752851910465e+01  3.1854752797797254e+01  2.4623834352182260e-02  2.6674806812621533e+01  3.2143419922968583e+01  3.2143419985982000e+01  2.4503696008042575e-02  1.1665494832569799e+01  1.1501133669762604e+01  1.3155053055225862e-04  1.9934948677512282e-04  -6.7798956222864200e-05  -1.8467623453826773e-04  2.9882387038836997e-04  3.0530279200452444e-04
1.0240000000001500e+02  3.8346882944060461e+01  3.1853455305774641e+01  3.1853455250835584e+01  2.4621583264188417e-02  2.6684626426308789e+01  3.2144822804473812e+01  3.2144822868135776e+01  2.4504540721227739e-02  1.1662256517751672e+01  1.1501076476835600e+01  1.3302290187799554e-04  2.0091309073456032e-04  -6.7890188856564775e-05  -1.8635910405371913e-04  3.0136752306196519e-04  3.0794235849545605e-04
1.0320000000001600e+02  3.8353469101631781e+01  3.1852075541216557e+01  3.1852075485463889e+01  2.4619690529110935e-02  2.6694349072429180e+01  3.2146192101709431e+01  3.2146192166009278e+01  2.4504999341813546e-02  1.1659120029202601e+01  1.1501019907598790e+01  1.3449510646714014e-04  2.0247998869647138e-04  -6.7984882229331248e-05  -1.8698898959379986e-04  3.0244348105372643e-04  3.0992255208474475e-04
1.0400000000001600e+02  3.8360012104009570e+01  3.1850570719600832e+01  3.1850570663064726e+01  2.4618730649306371e-02  2.6704204638803528e+01  3.2147553208196285e+01  3.2147553273155467e+01  2.4505077940171118e-02  1.1655807465206042e+01  1.1500966117236036e+01  1.3596694619148563e-04  2.0405350794787256e-04  -6.8086561756386930e-05  -1.8868968408804434e-04  3.0500207421013030e-04  3.1261492918981191e-04
1.0480000000001699e+02  3.8366663119439522e+01  3.1849123238385339e+01  3.1849123181035889e+01  2.4618126507563530e-02  2.6714231288961596e+01  3.2148897526000297e+01  3.2148897591610400e+01  2.4505094021334276e-02  1.1652431830477926e+01  1.1500912563194367e+01  1.3744696791375126e-04  2.0562983011463819e-04  -6.8182862200886932e-05  -1.9051016473131349e-04  3.0748741671036305e-04  3.1522655162407914e-04
1.0560000000001700e+02  3.8373252567331093e+01  3.1847747414464063e+01  3.1847747356302229e+01  2.4616766716510353e-02  2.6724267510205202e+01  3.2150325462059982e+01  3.2150325528347878e+01  2.4505190263690465e-02  1.1648985057125891e+01  1.1500859469870068e+01  1.3894277631104176e-04  2.0720269807844520e-04  -6.8259921767403438e-05  -1.9297582173761959e-04  3.0936441073544036e-04  3.1720467827776844e-04
1.0640000000001800e+02  3.8380209758378008e+01  3.1846440123565319e+01  3.1846440064577813e+01  2.4614363920512725e-02  2.6734557809773296e+01  3.2151619504941237e+01  3.2151619571913102e+01  2.4505215539010711e-02  1.1645651948604712e+01  1.1500803210087541e+01  1.4045056169567063e-04  2.0877331044579975e-04  -6.8322748750129119e-05  -1.9691401142659320e-04  3.1287766730991916e-04  3.1989816077125400e-04
1.0720000000001799e+02  3.8387125421883397e+01  3.1845088381572300e+01  3.1845088321746420e+01  2.4611852560338637e-02  2.6744803043411274e+01  3.2152999069252836e+01  3.2152999136889960e+01  2.4504867963114001e-02  1.1642322378472123e+01  1.1500739877718477e+01  1.4196062680746729e-04  2.1034715306345186e-04  -6.8386526255984569e-05  -1.9886035752531819e-04  3.1595160003366801e-04  3.2290508474406285e-04
1.0800000000001801e+02  3.8394004675780224e+01  3.1843557932412772e+01  3.1843557871758037e+01  2.4610267358707048e-02  2.6754777536097730e+01  3.2154371446159864e+01  3.2154371514471329e+01  2.4504022371270778e-02  1.1639227139682493e+01  1.1500676751784805e+01  1.4346724725198496e-04  2.1192815366589791e-04  -6.8460906413912953e-05  -1.9807010791206360e-04  3.1662052457597238e-04  3.2503929984009823e-04
1.0880000000001900e+02  3.8401141805213250e+01  3.1842221131225465e+01  3.1842221069747168e+01  2.4609379437110775e-02  2.6765254685954584e+01  3.2155629044406680e+01  3.2155629113432219e+01  2.4503086949110655e-02  1.1635887119258665e+01  1.1500619780912173e+01  1.4497123014999331e-04  2.1351720403322720e-04  -6.8545973883233892e-05  -1.9951009853342691e-04  3.1817087094224080e-04  3.2705807031205162e-04
1.0960000000001899e+02  3.8408299975374781e+01  3.1840853312593783e+01  3.1840853250279000e+01  2.4607776725827521e-02  2.6775506876205988e+01  3.2156979500158229e+01  3.2156979569884918e+01  2.4502435167132120e-02  1.1632793099168794e+01  1.1500562880911628e+01  1.4647914602995224e-04  2.1510952148322648e-04  -6.8630375453274236e-05  -2.0340186561994996e-04  3.2144084563148203e-04  3.2945672943553861e-04
1.1040000000002000e+02  3.8415276177148577e+01  3.1839465181396545e+01  3.1839465118260186e+01  2.4604745719262907e-02  2.6786332402723183e+01  3.2158427620208229e+01  3.2158427690623213e+01  2.4501757720219220e-02  1.1628943774425395e+01  1.1500502612512713e+01  1.4799791758459194e-04  2.1669861140949758e-04  -6.8700693824905640e-05  -2.0529301181364699e-04  3.2388133189778609e-04  3.3200708238773134e-04
1.1120000000002000e+02  3.8422591800064730e+01  3.1837991341899304e+01  3.1837991277940322e+01  2.4601470616974479e-02  2.6796778244728401e+01  3.2159685385772377e+01  3.2159685456876268e+01  2.4500623466470882e-02  1.1625813555336329e+01  1.1500442075465017e+01  1.4952750061213895e-04  2.1828546048748961e-04  -6.8757959875350664e-05  -2.0614377213065344e-04  3.2616620059970473e-04  3.3497110989490805e-04
1.1200000000001999e+02  3.8429986956764651e+01  3.1836413675530693e+01  3.1836413610751649e+01  2.4599376311001526e-02  2.6807165471082552e+01  3.2161030249017266e+01  3.2161030320787091e+01  2.4499058936872809e-02  1.1622821485682099e+01  1.1500379793743347e+01  1.5106249566150358e-04  2.1987611580314657e-04  -6.8813620141642987e-05  -2.0900263576564137e-04  3.2906536660679160e-04  3.3757939773109953e-04
1.1280000000002100e+02  3.8437333576995208e+01  3.1835015853813911e+01  3.1835015788221209e+01  2.4598056866038463e-02  2.6817772300006496e+01  3.2162260743896326e+01  3.2162260816340542e+01  2.4497352360825692e-02  1.1619561276988712e+01  1.1500314212668663e+01  1.5259889943007219e-04  2.2147260517766065e-04  -6.8873705747588465e-05  -2.1171359501533552e-04  3.3084604446564914e-04  3.3921220303663327e-04
1.1360000000002100e+02  3.8444693029458897e+01  3.1833611336781868e+01  3.1833611270363065e+01  2.4595924099829105e-02  2.6828658768561127e+01  3.2163645463622217e+01  3.2163645536745420e+01  2.4495755125805607e-02  1.1616034260897770e+01  1.1500250252608478e+01  1.5413658865931167e-04  2.2307239857263363e-04  -6.8935809913321959e-05  -2.1218650386136748e-04  3.3223043603907099e-04  3.4149290242019959e-04
1.1440000000002200e+02  3.8452208177797175e+01  3.1832210165007137e+01  3.1832210097748220e+01  2.4592409380714879e-02  2.6839151744202564e+01  3.2164970286286355e+01  3.2164970360093221e+01  2.4494222937217220e-02  1.1613056433594611e+01  1.1500189891955392e+01  1.5567812024093691e-04  2.2467259900439142e-04  -6.8994478763454510e-05  -2.1317952802019067e-04  3.3512306343345158e-04  3.4483709969672209e-04
1.1520000000002200e+02  3.8459987629751701e+01  3.1830762352714579e+01  3.1830762284622597e+01  2.4588630898931024e-02  2.6849963690444682e+01  3.2166364004061201e+01  3.2166364078561244e+01  2.4492381430330414e-02  1.1610023939307020e+01  1.1500127414917063e+01  1.5722667894041677e-04  2.2627238686769228e-04  -6.9045707927275503e-05  -2.1657491361959632e-04  3.3835760959820054e-04  3.4744655466334141e-04
1.1600000000002200e+02  3.8467763163097267e+01  3.1829305784367872e+01  3.1829305715442889e+01  2.4585854156187154e-02  2.6860705532211071e+01  3.2167791216012375e+01  3.2167791291203613e+01  2.4490046646671457e-02  1.1607057630886196e+01  1.1500059473612925e+01  1.5878379675551295e-04  2.2787408928563467e-04  -6.9090292530121712e-05  -2.1960540585720407e-04  3.4049043831534142e-04  3.4939657741122151e-04
1.1680000000002300e+02  3.8475388170913455e+01  3.1827843509544152e+01  3.1827843439793629e+01  2.4583865433402172e-02  2.6871716078613993e+01  3.2169104991442374e+01  3.2169105067345463e+01  2.4487518389531820e-02  1.1603672092299462e+01  1.1499990797055577e+01  1.6034753158070085e-04  2.2948080063027522e-04  -6.9133269049574371e-05  -2.2050969953394891e-04  3.4215719609783469e-04  3.5185977069221512e-04
1.1760000000002300e+02  3.8483063988458461e+01  3.1826394726348870e+01  3.1826394655770823e+01  2.4581222068041576e-02  2.6882780285892007e+01  3.2170566686101772e+01  3.2170566762756764e+01  2.4485059877198609e-02  1.1600283702566454e+01  1.1499925366208222e+01  1.6191447137333724e-04  2.3109243817037226e-04  -6.9177966797035026e-05  -2.2167294315692538e-04  3.4409088562559605e-04  3.5420929905969538e-04
1.1840000000002399e+02  3.8490862823336805e+01  3.1824988905475429e+01  3.1824988834079754e+01  2.4577191120442828e-02  2.6893964272362890e+01  3.2171948426612566e+01  3.2171948503985405e+01  2.4482515294115520e-02  1.1596898550973915e+01  1.1499860087434467e+01  1.6348436518744279e-04  2.3270664311551961e-04  -6.9222277928076816e-05  -2.2418918205489887e-04  3.4645715752080190e-04  3.5627979052008432e-04
1.1920000000002400e+02  3.8498593106929000e+01  3.1823582666488242e+01  3.1823582594263925e+01  2.4572925766844729e-02  2.6905050600237587e+01  3.2173304830525773e+01  3.2173304908614519e+01  2.4479629365202222e-02  1.1593542506691414e+01  1.1499791653264728e+01  1.6505898640390752e-04  2.3432253168439266e-04  -6.9263545280485143e-05  -2.2652283175656000e-04  3.4918029678137594e-04  3.5896696332464830e-04
1.2000000000002400e+02  3.8506390627470495e+01  3.1822175793347064e+01  3.1822175720292904e+01  2.4574789400022948e-02  2.6916286337669504e+01  3.2174771547123022e+01  3.2174771625901400e+01  2.4476384306764229e-02  1.1590104289800991e+01  1.2002566684703897e+01  1.6663814867121722e-04  2.3594060885982971e-04  -6.9302460188612485e-05  -2.4139965708656989e-04  3.5155058468222381e-04  3.6169247162137541e-04
1.2080000000002499e+02  3.8514402488767523e+01  3.1820726133523006e+01  3.1820726059627308e+01  2.4578180416518994e-02  2.6927446847373631e+01  3.2176155426650773e+01  3.2176155506132616e+01  2.4472966300518786e-02  1.1586955641393892e+01  1.2002497614451869e+01  1.6822139197155230e-04  2.3756038937221128e-04  -6.9338997400658978e-05  -2.4331937537658055e-04  3.5324144020965688e-04  3.6384872338492325e-04
1.2160000000002501e+02  3.8522375399172255e+01  3.1819210562774533e+01  3.1819210488049173e+01  2.4580712971912156e-02  2.6938648119937476e+01  3.2177530041875393e+01  3.2177530122065399e+01  2.4469533762781128e-02  1.1583727279234779e+01  1.2002430528462412e+01  1.6980967663497156e-04  2.3918104064607704e-04  -6.9371364011105476e-05  -2.4519427432423901e-04  3.5540114668806646e-04  3.6628961884858886e-04
1.2240000000002600e+02  3.8530681989213129e+01  3.1817511511001932e+01  3.1817511435439162e+01  2.4582325538360015e-02  2.6950083016765372e+01  3.2178717132137571e+01  3.2178717213064935e+01  2.4466012302846663e-02  1.1580598972447756e+01  1.2002363205436852e+01  1.7140413462148003e-04  2.4080371182708888e-04  -6.9399577205608848e-05  -2.4739775497599226e-04  3.5856226134688206e-04  3.6917865264480323e-04
1.2320000000002599e+02  3.8538880283449160e+01  3.1816144708886828e+01  3.1816144632498311e+01  2.4583877210898698e-02  2.6961602316959972e+01  3.2179975469577066e+01  3.2179975551270459e+01  2.4462190091274573e-02  1.1577277966489188e+01  1.2002292106293329e+01  1.7300617465401802e-04  2.4243047849492903e-04  -6.9424303840911013e-05  -2.4962422200451524e-04  3.6097951752663557e-04  3.7163092457201153e-04
1.2400000000002700e+02  3.8547236881799478e+01  3.1814782722197013e+01  3.1814782644978870e+01  2.4585833929929166e-02  2.6972976485442004e+01  3.2181318545740403e+01  3.2181318628148290e+01  2.4457983834887946e-02  1.1574260396357474e+01  1.2002220344941918e+01  1.7461552609847848e-04  2.4406093546954749e-04  -6.9445409371069009e-05  -2.5205319055469189e-04  3.6200545404538461e-04  3.7335546747815874e-04
1.2480000000002700e+02  3.8555510584769515e+01  3.1813341803620194e+01  3.1813341725567188e+01  2.4588131162882297e-02  2.6984629308350826e+01  3.2182698001335375e+01  3.2182698084461386e+01  2.4453508552594205e-02  1.1570881276418689e+01  1.2002150014740318e+01  1.7622851697013704e-04  2.4569253111539200e-04  -6.9464014145254966e-05  -2.5451339856657693e-04  3.6399759536638468e-04  3.7546903878485978e-04
1.2560000000002699e+02  3.8564282601097815e+01  3.1811745519638865e+01  3.1811745440770416e+01  2.4590334638852338e-02  2.6996450477241662e+01  3.2183878385225427e+01  3.2183878469080057e+01  2.4448974874455711e-02  1.1567832123856153e+01  1.2002076979314360e+01  1.7784259414610132e-04  2.4732409628552290e-04  -6.9481502139421577e-05  -2.5576555957505814e-04  3.6762263788079648e-04  3.7899524153868394e-04
1.2640000000002800e+02  3.8572681269468390e+01  3.1810261852987573e+01  3.1810261773293796e+01  2.4591883344138102e-02  2.7008102867181215e+01  3.2185385939227388e+01  3.2185386023819184e+01  2.4450392001294209e-02  1.1564578402287175e+01  1.1504658107085030e+01  1.7946074531598283e-04  2.4895717842797352e-04  -6.9496433111990689e-05  -2.5695949217117514e-04  3.7714103964354805e-04  3.8233314927458960e-04
1.2720000000002800e+02  3.8581266600943245e+01  3.1808873517522187e+01  3.1808873437003633e+01  2.4592825279257491e-02  2.7019939744334401e+01  3.2186713433093374e+01  3.2186713518437003e+01  2.4453731275209428e-02  1.1561326856608844e+01  1.1504585160287956e+01  1.8108903544881616e-04  2.5059465496812762e-04  -6.9505619519311454e-05  -2.5991392315205026e-04  3.7883005990808709e-04  3.8387884274770169e-04
1.2800000000002899e+02  3.8590108228421578e+01  3.1807341146414647e+01  3.1807341065037594e+01  2.4593941830128793e-02  2.7031823713704984e+01  3.2188218956285084e+01  3.2188219042370378e+01  2.4456606070156657e-02  1.1558284514716593e+01  1.1504513202024059e+01  1.8272825393032959e-04  2.5223834812077836e-04  -6.9510094190448766e-05  -2.6342030147975305e-04  3.8038373141640203e-04  3.8521672163791806e-04
1.2880000000002801e+02  3.8598638613380274e+01  3.1805906146272427e+01  3.1805906064067599e+01  2.4595718618203147e-02  2.7043688701879582e+01  3.2189570692810101e+01  3.2189570779626955e+01  2.4459142501985810e-02  1.1554949911500692e+01  1.1504437501982386e+01  1.8437000082343163e-04  2.5388746596683370e-04  -6.9517465143402072e-05  -2.6565022707167503e-04  3.8305173490097376e-04  3.8780646108512216e-04
1.2960000000002699e+02  3.8607344079715595e+01  3.1804463226411396e+01  3.1804463143380161e+01  2.4597520797204977e-02  2.7055530551786148e+01  3.2190931070528201e+01  3.2190931158049004e+01  2.4461681801122653e-02  1.1551813527929447e+01  1.1504357946256508e+01  1.8600694769480930e-04  2.5553987284136640e-04  -6.9532925146557098e-05  -2.6610219744876632e-04  3.8604128970852442e-04  3.9100222646436744e-04
1.3040000000002601e+02  3.8616347911200435e+01  3.1803016280699111e+01  3.1803016196835308e+01  2.4598399643380855e-02  2.7067661727125888e+01  3.2192366199514204e+01  3.2192366287753131e+01  2.4464295822652096e-02  1.1548686184074548e+01  1.1504281502768503e+01  1.8764321531295982e-04  2.5719412649767771e-04  -6.9550911184717884e-05  -2.6663312585266922e-04  3.8848946663773691e-04  3.9368837331638210e-04
1.3120000000002599e+02  3.8625382270678074e+01  3.1801607926700985e+01  3.1801607842008892e+01  2.4598514904308935e-02  2.7079868609234499e+01  3.2193649736321163e+01  3.2193649825305251e+01  2.4466638751437706e-02  1.1545513661443575e+01  1.1504210124476977e+01  1.8928911093173912e-04  2.5884964563096505e-04  -6.9560534699225927e-05  -2.7001877472548387e-04  3.9039181399164776e-04  3.9540315536456513e-04
1.3200000000002501e+02  3.8634484518273212e+01  3.1800221832506374e+01  3.1800221746961508e+01  2.4598933908465456e-02  2.7091775678489341e+01  3.2194968732787196e+01  3.2194968822512770e+01  2.4468477366028571e-02  1.1542708839783870e+01  1.1504135869411762e+01  1.9095046322409857e-04  2.6050678980398629e-04  -6.9556326579887722e-05  -2.7417097587066641e-04  3.9276103605199249e-04  3.9748179545135511e-04
1.3280000000002400e+02  3.8643380651742618e+01  3.1798653524473291e+01  3.1798653438107355e+01  2.4600171634869727e-02  2.7103831717764489e+01  3.2196331374147093e+01  3.2196331464621281e+01  2.4470099290862111e-02  1.1539548933978129e+01  1.1504055336032890e+01  1.9262332754359663e-04  2.6216670168609951e-04  -6.9543374142502876e-05  -2.7587561747817007e-04  3.9579416027519783e-04  4.0054315462604873e-04
1.3360000000002299e+02  3.8652461517625525e+01  3.1797252658138532e+01  3.1797252570948444e+01  2.4601474631923862e-02  2.7116063493188275e+01  3.2197619285654817e+01  3.2197619376863805e+01  2.4471756663466519e-02  1.1536398024437251e+01  1.1503973842598906e+01  1.9429703091185615e-04  2.6382925230021461e-04  -6.9532221388358463e-05  -2.7729089756519954e-04  3.9792164567677331e-04  4.0272979717793369e-04
1.3440000000002300e+02  3.8661719919594155e+01  3.1795817054920192e+01  3.1795816966902226e+01  2.4601781918893416e-02  2.7128263518963831e+01  3.2199003712481833e+01  3.2199003804507036e+01  2.4473186276727545e-02  1.1533456400630325e+01  1.1503894942479457e+01  1.9596743012028928e-04  2.6549326647339327e-04  -6.9525836353103983e-05  -2.7929928626181552e-04  3.9966195997439500e-04  4.0446431817907222e-04
1.3520000000002199e+02  3.8670860103487406e+01  3.1794403394152269e+01  3.1794403305284270e+01  2.4601377552164932e-02  2.7140868312440556e+01  3.2200200018985107e+01  3.2200200111750235e+01  2.4474163981983550e-02  1.1529991791046850e+01  1.1503818094244513e+01  1.9764260757563378e-04  2.6715893161356638e-04  -6.9516324037932598e-05  -2.8029832878036053e-04  4.0290443291807182e-04  4.0777898922012901e-04
1.3600000000002100e+02  3.8680093048534587e+01  3.1792993640229664e+01  3.1792993550537279e+01  2.4601550339314774e-02  2.7153492998240090e+01  3.2201518998648289e+01  3.2201519092238101e+01  2.4474883817044626e-02  1.1526600050294498e+01  1.1503739787857814e+01  1.9932980605267078e-04  2.6882673568616699e-04  -6.9496929633496214e-05  -2.8289465876147788e-04  4.0593612533584226e-04  4.1073739279862955e-04
1.3680000000002099e+02  3.8689409934414044e+01  3.1791570066729051e+01  3.1791569976187070e+01  2.4602393285789677e-02  2.7166165249942299e+01  3.2202933515750047e+01  3.2202933610095805e+01  2.4475491913188291e-02  1.1523244684471745e+01  1.1503656228722173e+01  2.0102695173016550e-04  2.7049688340926670e-04  -6.9469931679101200e-05  -2.8747546904689305e-04  4.0723253679660391e-04  4.1187453983142561e-04
1.3760000000002000e+02  3.8698958713076500e+01  3.1789958489901633e+01  3.1789958398531738e+01  2.4602681379637982e-02  2.7178779640896117e+01  3.2204314712919732e+01  3.2204314808051144e+01  2.4475901604241811e-02  1.1520179072180383e+01  1.1503569884774645e+01  2.0272824577367900e-04  2.7217102843167946e-04  -6.9442782658000465e-05  -2.8925168383512408e-04  4.0930104102604681e-04  4.1400787398755614e-04
1.3840000000001899e+02  3.8708645232384583e+01  3.1788563987391449e+01  3.1788563895164419e+01  2.4602043349229993e-02  2.7191944951760856e+01  3.2205790245876145e+01  3.2205790341830394e+01  2.4476077391167410e-02  1.1516700280623727e+01  1.1503485169494549e+01  2.0442869276113615e-04  2.7384979502030870e-04  -6.9421102259172550e-05  -2.8893094909533901e-04  4.1270326820408128e-04  4.1751169236984079e-04
1.3920000000001801e+02  3.8718105384567863e+01  3.1787105797268588e+01  3.1787105704225084e+01  2.4601341340648387e-02  2.7204625665784150e+01  3.2207083655167771e+01  3.2207083751884696e+01  2.4476046636536290e-02  1.1513479718783714e+01  1.1503401610082893e+01  2.0612801886248867e-04  2.7553098562023323e-04  -6.9402966757744561e-05  -2.9098050948079732e-04  4.1505228995685666e-04  4.1973873644503404e-04
1.4000000000001799e+02  3.8727889364340534e+01  3.1785753959996370e+01  3.1785753866070678e+01  2.4600985283535950e-02  2.7217565013164137e+01  3.2208466071779846e+01  3.2208466169263097e+01  2.4475789156188626e-02  1.1510324351176397e+01  1.1503318532251779e+01  2.0783362567224032e-04  2.7721328016282166e-04  -6.9379654490581334e-05  -2.9435382898736353e-04  4.1669787236449645e-04  4.2123046879439949e-04
1.4080000000001701e+02  3.8737861441993765e+01  3.1784184058729014e+01  3.1784183963942741e+01  2.4600545536294531e-02  2.7230592016678518e+01  3.2210011180500182e+01  3.2210011278731336e+01  2.4475273790044463e-02  1.1507269425315247e+01  1.1503236455258564e+01  2.0955218703536192e-04  2.7889699454126558e-04  -6.9344807505903661e-05  -2.9663528807202143e-04  4.1929754016690264e-04  4.2385449251894749e-04
1.4160000000001600e+02  3.8747916004096020e+01  3.1782629262151985e+01  3.1782629166518390e+01  2.4599834858289954e-02  2.7243596071030332e+01  3.2211375588493489e+01  3.2211375687488214e+01  2.4474520551154337e-02  1.1504319933065688e+01  1.1503152084372521e+01  2.1128109395422210e-04  2.8058225843359194e-04  -6.9301164479369841e-05  -2.9881032445954131e-04  4.2232860302734326e-04  4.2703255593652152e-04
1.4240000000001501e+02  3.8757858332553411e+01  3.1781144260950445e+01  3.1781144164517166e+01  2.4599040038492594e-02  2.7256420289495772e+01  3.2212704001483743e+01  3.2212704101298328e+01  2.4473660257299631e-02  1.1501438043057640e+01  1.1503061750317114e+01  2.1301373401581638e-04  2.8227053228819268e-04  -6.9256798272376304e-05  -3.0122344569998109e-04  4.2487647100292782e-04  4.2965505976380087e-04
1.4320000000001500e+02  3.8768012672273436e+01  3.1779677346624528e+01  3.1779677249364681e+01  2.4598005882668878e-02  2.7269576211302105e+01  3.2214001090966057e+01  3.2214001191554495e+01  2.4472764474412899e-02  1.1498436460971330e+01  1.1502968671177397e+01  2.1474706375000969e-04  2.8396390078695634e-04  -6.9216837036946655e-05  -3.0299349431729911e-04  4.2675516358003820e-04  4.3142699099710035e-04
1.4400000000001401e+02  3.8778166525272177e+01  3.1778107047128746e+01  3.1778106949116616e+01  2.4596482928226904e-02  2.7282672698621500e+01  3.2215266012249600e+01  3.2215266113658139e+01  2.4471590498152132e-02  1.1495493826650677e+01  1.1502879046504965e+01  2.1648200960582410e-04  2.8566152498941060e-04  -6.9179515383586499e-05  -3.0458455747324568e-04  4.2834527406619580e-04  4.3322943220019321e-04
1.4480000000001300e+02  3.8788274686770855e+01  3.1776601362107048e+01  3.1776601263272731e+01  2.4594876736735209e-02  2.7296137240176495e+01  3.2216596150000555e+01  3.2216596252215567e+01  2.4469920332549935e-02  1.1492137446594359e+01  1.1502793056715420e+01  2.1822197844352265e-04  2.8736068721676501e-04  -6.9138708773242355e-05  -3.0658410368725268e-04  4.3091053253997800e-04  4.3606888314666790e-04
1.4560000000001301e+02  3.8798517544968220e+01  3.1775037480694671e+01  3.1775037381048485e+01  2.4593730173672085e-02  2.7309399738733415e+01  3.2217935436434416e+01  3.2217935539458061e+01  2.4468010371004326e-02  1.1489117806234805e+01  1.1502705982213072e+01  2.1997040167108596e-04  2.8906009123516455e-04  -6.9089689564078596e-05  -3.0906486495696793e-04  4.3422995178214833e-04  4.3984422493284665e-04
1.4640000000001200e+02  3.8809058635577081e+01  3.1773412394887682e+01  3.1773412294426318e+01  2.4592623557812544e-02  2.7323223254038727e+01  3.2219169558217089e+01  3.2219169662018246e+01  2.4466136452543932e-02  1.1485835381538354e+01  1.1502615440827929e+01  2.2172717057892619e-04  2.9076078747968816e-04  -6.9033616900761975e-05  -3.1184527844641452e-04  4.3643421042154074e-04  4.4245430887041460e-04
1.4720000000001099e+02  3.8819272427488890e+01  3.1771814980507461e+01  3.1771814879220209e+01  2.4590679497635402e-02  2.7336656990698497e+01  3.2220530958340419e+01  3.2220531062928792e+01  2.4464045425142716e-02  1.1482615436790393e+01  1.1502522027130215e+01  2.2348869463069044e-04  2.9246506082791318e-04  -6.8976366197222744e-05  -3.1409150501467592e-04  4.3792609257502490e-04  4.4384536791328730e-04
1.4800000000001000e+02  3.8829647996345912e+01  3.1770298715971421e+01  3.1770298613863620e+01  2.4588105425088408e-02  2.7350277626344937e+01  3.2221784194700497e+01  3.2221784300091898e+01  2.4461436857360779e-02  1.1479370370000975e+01  1.1502427039660226e+01  2.2525211165893910e-04  2.9417325408005100e-04  -6.8921142421111904e-05  -3.1548789228960324e-04  4.4017392036547348e-04  4.4615336866221439e-04
1.4880000000000999e+02  3.8840179155378820e+01  3.1768766102255093e+01  3.1768765999316866e+01  2.4586004730069593e-02  2.7363882465116696e+01  3.2223184348545708e+01  3.2223184454712865e+01  2.4458505503247161e-02  1.1476296690262124e+01  1.1502333984658414e+01  2.2701901110373438e-04  2.9588306718320256e-04  -6.8864056079468187e-05  -3.1693569821363124e-04  4.4293759683899730e-04  4.4975528362212414e-04
1.4960000000000900e+02  3.8850714437071154e+01  3.1767247866780288e+01  3.1767247762980656e+01  2.4584527483148533e-02  2.7377460381207257e+01  3.2224500213288792e+01  3.2224500320249170e+01  2.4455525682124252e-02  1.1473254055863897e+01  1.1502244053049376e+01  2.2879378519663032e-04  2.9759330195959781e-04  -6.8799516762967490e-05  -3.1949422689085477e-04  4.4554615603361420e-04  4.5281205050958591e-04
1.5040000000000799e+02  3.8861300007658649e+01  3.1765581202836401e+01  3.1765581098203526e+01  2.4582551261112508e-02  2.7391145492195463e+01  3.2225922957077422e+01  3.2225923064807844e+01  2.4452396549513072e-02  1.1470154515463186e+01  1.1502151353481631e+01  2.3057778776275063e-04  2.9930523780014934e-04  -6.8727450037398712e-05  -3.2273118975512138e-04  4.4766732694557349e-04  4.5462203225093371e-04
1.5120000000000701e+02  3.8872226584424624e+01  3.1764120999423540e+01  3.1764120893974447e+01  2.4579535635222898e-02  2.7404832285513805e+01  3.2227132969855781e+01  3.2227133078427514e+01  2.4448930699650789e-02  1.1467394298910818e+01  1.1502053041249908e+01  2.3236759851563666e-04  3.0102028395576883e-04  -6.8652685440132163e-05  -3.2494044844584081e-04  4.4977301226070953e-04  4.5695227292747901e-04
1.5200000000000699e+02  3.8883031900640155e+01  3.1762692089517927e+01  3.1762691983269349e+01  2.4576327269268627e-02  2.7418523959036452e+01  3.2228389067909340e+01  3.2228389177263885e+01  2.4445156177215766e-02  1.1464507941603703e+01  1.1501955110368179e+01  2.3416023716874186e-04  3.0273849273274386e-04  -6.8578255564002001e-05  -3.2593137827123438e-04  4.5223369959347670e-04  4.6016988705673413e-04
1.5280000000000601e+02  3.8893754670557712e+01  3.1761148352991921e+01  3.1761148245897861e+01  2.4573641113632805e-02  2.7432404214335712e+01  3.2229730765279974e+01  3.2229730875507272e+01  2.4441135857933366e-02  1.1461350456222000e+01  1.1501860943914629e+01  2.3595732887054605e-04  3.0445965901214686e-04  -6.8502330141600814e-05  -3.2748300303183238e-04  4.5455204485214185e-04  4.6277513907228636e-04
1.5360000000000500e+02  3.8904672330217558e+01  3.1759570850105721e+01  3.1759570742174187e+01  2.4571035785736824e-02  2.7446257748531821e+01  3.2231123902221263e+01  3.2231124013279135e+01  2.4436846658800540e-02  1.1458414581685737e+01  1.1501765738406656e+01  2.3776173688967655e-04  3.0618456737893326e-04  -6.8422830489256714e-05  -3.3046376895334053e-04  4.5676994700454400e-04  4.6482458948346152e-04
1.5440000000000501e+02  3.8915623267305385e+01  3.1758004323923991e+01  3.1758004215181348e+01  2.4567888307143067e-02  2.7460142621230833e+01  3.2232415002447873e+01  3.2232415114360492e+01  2.4432332451113904e-02  1.1455480646074552e+01  1.1501665388574224e+01  2.3957250915779567e-04  3.0791371211453909e-04  -6.8341202956743427e-05  -3.3357183207072212e-04  4.5893258529271631e-04  4.6710058445691111e-04
1.5520000000000400e+02  3.8926726998202234e+01  3.1756360154003811e+01  3.1756360044459360e+01  2.4564253204434630e-02  2.7474092558998013e+01  3.2233637448377188e+01  3.2233637561102732e+01  2.4427656760113794e-02  1.1452634439204221e+01  1.1501562836664309e+01  2.4138686581989403e-04  3.0964641471769422e-04  -6.8259548897800189e-05  -3.3509153494033675e-04  4.6100049018980534e-04  4.6997219362995217e-04
1.5600000000000301e+02  3.8937677481784874e+01  3.1754820057965404e+01  3.1754819947608215e+01  2.4560432226813922e-02  2.7488183244576636e+01  3.2234915193524216e+01  3.2234915307170866e+01  2.4422690475534730e-02  1.1449494237208238e+01  1.1501463607705665e+01  2.4320504966033436e-04  3.1138158152233756e-04  -6.8176531862003203e-05  -3.3584386017622729e-04  4.6321038532858900e-04  4.7288306342098852e-04
1.5680000000000200e+02  3.8948762772977112e+01  3.1753338820851390e+01  3.1753338709682630e+01  2.4556599699962153e-02  2.7502478502582736e+01  3.2236140242371611e+01  3.2236140356849198e+01  2.4419126469184708e-02  1.1446284270394376e+01  1.1004021293255981e+01  2.4503041753528670e-04  3.1311802213903581e-04  -6.8087604603749106e-05  -3.3830012857649958e-04  4.7067987271202699e-04  4.7487239341309468e-04
1.5760000000000201e+02  3.8960103539195906e+01  3.1751794028441974e+01  3.1751793916470223e+01  2.4552865942029278e-02  2.7517034037319686e+01  3.2237639729922918e+01  3.2237639845243599e+01  2.4422360435960511e-02  1.1443069501876220e+01  1.1003922164087919e+01  2.4686590956704850e-04  3.1485576601269507e-04  -6.7989856445646569e-05  -3.4168121989951335e-04  4.7319589728117372e-04  4.7720534414374380e-04
1.5840000000000100e+02  3.8971742168839583e+01  3.1750223636760513e+01  3.1750223523943905e+01  2.4549038377943429e-02  2.7531190267479296e+01  3.2238981335190957e+01  3.2238981451321209e+01  2.4425511139606299e-02  1.1440551901360287e+01  1.1003819051608200e+01  2.4870947267988341e-04  3.1659686723168912e-04  -6.7887394551805706e-05  -3.4393913050284765e-04  4.7650083993331895e-04  4.8055152836019551e-04
1.5919999999999999e+02  3.8982974707715655e+01  3.1748651029433351e+01  3.1748650915832197e+01  2.4544636857798958e-02  2.7545453934541001e+01  3.2240325623142574e+01  3.2240325740096502e+01  2.4428386993963446e-02  1.1437520773174654e+01  1.1003714167587876e+01  2.5055452087244202e-04  3.1834339327947324e-04  -6.7788872407031214e-05  -3.4572616720568081e-04  4.7877778239823154e-04  4.8297783577667041e-04
1.5999999999999901e+02  3.8994424717118932e+01  3.1747017811268268e+01  3.1747017696899476e+01  2.4539653016189163e-02  2.7559817499417086e+01  3.2241698250436230e+01  3.2241698368238708e+01  2.4430819907274703e-02  1.1434607217701846e+01  1.1003610644105159e+01  2.5239919563271765e-04  3.2009501938513060e-04  -6.7695823752412956e-05  -3.4707352859287270e-04  4.8039553467083457e-04  4.8449690868207479e-04
1.6079999999999899e+02  3.9006195629690396e+01  3.1745394612574444e+01  3.1745394497387259e+01  2.4538582358678840e-02  2.7574074040664634e+01  3.2243041720972215e+01  3.2243041839602284e+01  2.4432929446051639e-02  1.1432121589025762e+01  1.1506450791786706e+01  2.5425032130302019e-04  3.2184805880046641e-04  -6.7597737497446220e-05  -3.6247486663737395e-04  4.8305272622178928e-04  4.8695944503095233e-04
1.6159999999999800e+02  3.9017658643308536e+01  3.1743886546636123e+01  3.1743886430620037e+01  2.4541615170457793e-02  2.7588504351412062e+01  3.2244347697251904e+01  3.2244347816679834e+01  2.4434879822261391e-02  1.1429154291896474e+01  1.1506350939393450e+01  2.5611424647341893e-04  3.2359861684625558e-04  -6.7484370372836654e-05  -3.6566255045196460e-04  4.8638446708522062e-04  4.9031580320552494e-04
1.6239999999999699e+02  3.9029231269271563e+01  3.1742487427244622e+01  3.1742487310432836e+01  2.4544452700117118e-02  2.7603514805410953e+01  3.2245720776723417e+01  3.2245720897048166e+01  2.4436628394234512e-02  1.1425716463860610e+01  1.1506246168686928e+01  2.5798940358962182e-04  3.2534828821792976e-04  -6.7358884628307945e-05  -3.6957589835872305e-04  4.8939146052792714e-04  4.9346853422370417e-04
1.6319999999999700e+02  3.9041366936649936e+01  3.1740887075426272e+01  3.1740886957795912e+01  2.4546493767347972e-02  2.7618398839748519e+01  3.2246987115243243e+01  3.2246987236388925e+01  2.4438055338981537e-02  1.1422968096901418e+01  1.1506137603150801e+01  2.5986901757729289e-04  3.2710308995208222e-04  -6.7234072374789322e-05  -3.7168461902760858e-04  4.9176875616254378e-04  4.9582588448870838e-04
1.6399999999999599e+02  3.9053431277243618e+01  3.1739336388635564e+01  3.1739336270206014e+01  2.4548142324200516e-02  2.7633224584338969e+01  3.2248342766375295e+01  3.2248342888400337e+01  2.4439165034888546e-02  1.1420206692904650e+01  1.1506030202831194e+01  2.6174821413040976e-04  3.2886607594241439e-04  -6.7117861812004628e-05  -3.7249117701161806e-04  4.9351654628942932e-04  4.9740964558399564e-04
1.6479999999999501e+02  3.9065276866850851e+01  3.1737811138062526e+01  3.1737811018810191e+01  2.4550088624747508e-02  2.7647921023655986e+01  3.2249612089980197e+01  3.2249612212781976e+01  2.4440037537333606e-02  1.1417355843194866e+01  1.1505925998861835e+01  2.6362918147293231e-04  3.3063444655504441e-04  -6.7005265082112104e-05  -3.7420160716927412e-04  4.9544145465992885e-04  4.9926853478919587e-04
1.6559999999999400e+02  3.9077123574517309e+01  3.1736201649263979e+01  3.1736201529205719e+01  2.4552182530453933e-02  2.7662873829664004e+01  3.2250947923572291e+01  3.2250948047228540e+01  2.4440673566506591e-02  1.1414249744853304e+01  1.1505821973247539e+01  2.6551857336597738e-04  3.3240347020214582e-04  -6.6884896836168445e-05  -3.7748275323064339e-04  4.9837531125583102e-04  5.0229420960013794e-04
1.6639999999999401e+02  3.9089047675236493e+01  3.1734641560176435e+01  3.1734641439270519e+01  2.4553815150715613e-02  2.7677697233337870e+01  3.2252139892692810e+01  3.2252140017214252e+01  2.4441019369686550e-02  1.1411350441898623e+01  1.1505714221212507e+01  2.6741948931212540e-04  3.3417143363663828e-04  -6.6751944324512885e-05  -3.8093073136167275e-04  5.0169485818517929e-04  5.0567553123928295e-04
1.6719999999999300e+02  3.9101141604603050e+01  3.1732960804484758e+01  3.1732960682787969e+01  2.4554911304730535e-02  2.7692847415287439e+01  3.2253581768598245e+01  3.2253581893959890e+01  2.4441090072925158e-02  1.1408294189315612e+01  1.1505602730847762e+01  2.6932882224214264e-04  3.3594098058282887e-04  -6.6612158340686230e-05  -3.8298129363015763e-04  5.0424140302877702e-04  5.0811797470254956e-04
1.6799999999999201e+02  3.9113205523778738e+01  3.1731386726497266e+01  3.1731386604029712e+01  2.4555850694928529e-02  2.7707970983408053e+01  3.2254811222146728e+01  3.2254811348351247e+01  2.4440905644549846e-02  1.1405234540370685e+01  1.1505491086293667e+01  2.7124183889413187e-04  3.3771533929672476e-04  -6.6473500402592896e-05  -3.8436418469513575e-04  5.0594812487683911e-04  5.0970371415212331e-04
1.6879999999999100e+02  3.9125482427319959e+01  3.1729693026549910e+01  3.1729692903266681e+01  2.4556777932123516e-02  2.7723462493253457e+01  3.2256200491182476e+01  3.2256200618267492e+01  2.4440395506859305e-02  1.1402019934066502e+01  1.1505381720849101e+01  2.7315685513351048e-04  3.3949409846849125e-04  -6.6337243334980772e-05  -3.8680728923420589e-04  5.0784723947994723e-04  5.1163130941186464e-04
1.6959999999999101e+02  3.9137908312535295e+01  3.1728091433841282e+01  3.1728091309733063e+01  2.4557546966851088e-02  2.7738468990307766e+01  3.2257564999720685e+01  3.2257565127629334e+01  2.4439540062992104e-02  1.1399439322227529e+01  1.1505273105469044e+01  2.7507641973950359e-04  3.4127450590527739e-04  -6.6198086165773795e-05  -3.8968352154191002e-04  5.1075266479216625e-04  5.1459536894407837e-04
1.7039999999999000e+02  3.9150729411283642e+01  3.1726456551185390e+01  3.1726456426271593e+01  2.4558091582736901e-02  2.7754347381679739e+01  3.2259059901732627e+01  3.2259060030546294e+01  2.4438442666113926e-02  1.1396382029603902e+01  1.1505162255420858e+01  2.7700433162132444e-04  3.4305534357550701e-04  -6.6051011954182566e-05  -3.9166889018505649e-04  5.1392911187521817e-04  5.1771072110205513e-04
1.7119999999998899e+02  3.9163174473762872e+01  3.1724844689229009e+01  3.1724844563529267e+01  2.4558440534385155e-02  2.7769899174648664e+01  3.2260064399292943e+01  3.2260064529015906e+01  2.4437137988754302e-02  1.1393275299114208e+01  1.1505048376629585e+01  2.7894090894174585e-04  3.4483754349402986e-04  -6.5896634552284003e-05  -3.9386948839444693e-04  5.1605896656870714e-04  5.1977389929826125e-04
1.7199999999998900e+02  3.9176192604855530e+01  3.1723369666354809e+01  3.1723369539803596e+01  2.4558555421684558e-02  2.7785385838988656e+01  3.2261312400466501e+01  3.2261312531061478e+01  2.4435539511429235e-02  1.1390806765866873e+01  1.1504933346498124e+01  2.8088338863253490e-04  3.4662266868388755e-04  -6.5739280051352648e-05  -3.9691699510602165e-04  5.1773462532586146e-04  5.2146146390059597e-04
1.7279999999998799e+02  3.9188987795688689e+01  3.1721570446032089e+01  3.1721570318728610e+01  2.4558416211752521e-02  2.7801091422443491e+01  3.2262657490914918e+01  3.2262657622400738e+01  2.4433603133221574e-02  1.1387896373245198e+01  1.1504819221948031e+01  2.8283015521040223e-04  3.4841166330403921e-04  -6.5581508093636982e-05  -3.9916951293214814e-04  5.2041671600170454e-04  5.2412677919807778e-04
1.7359999999998701e+02  3.9201895843239662e+01  3.1720063906897543e+01  3.1720063778795943e+01  2.4558132485109376e-02  2.7816710292937913e+01  3.2263965255544321e+01  3.2263965387977009e+01  2.4431354123786032e-02  1.1385185550301749e+01  1.1504705242133406e+01  2.8478104959327790e-04  3.5020378940830109e-04  -6.5422739815023192e-05  -4.0076313388325892e-04  5.2330695579159330e-04  5.2697169933069025e-04
1.7439999999998599e+02  3.9214859140904672e+01  3.1718656012249891e+01  3.1718655883356423e+01  2.4557819029419909e-02  2.7832275834984955e+01  3.2265213134692381e+01  3.2265213267953598e+01  2.4428821313335222e-02  1.1382583305919717e+01  1.1504588981668771e+01  2.8673658566682943e-04  3.5199739445248684e-04  -6.5260808785657406e-05  -4.0321689566229311e-04  5.2516497608992802e-04  5.2883339064173677e-04
1.7519999999998601e+02  3.9227919122153381e+01  3.1716961970732449e+01  3.1716961841055788e+01  2.4557368724654381e-02  2.7847751299228825e+01  3.2266480062992450e+01  3.2266480197160639e+01  2.4426052815018012e-02  1.1380167822924555e+01  1.1504470999423907e+01  2.8869908467659105e-04  3.5379207560293951e-04  -6.5092990926348456e-05  -4.0582618442466768e-04  5.2718646676467435e-04  5.3084328246527418e-04
1.7599999999998499e+02  3.9240933224745490e+01  3.1715370810916969e+01  3.1715370680447830e+01  2.4556462893021446e-02  2.7863600453921784e+01  3.2267806659419250e+01  3.2267806794529690e+01  2.4423052360787813e-02  1.1377332770823706e+01  1.1504353722928180e+01  2.9066998374988311e-04  3.5558862422431254e-04  -6.4918640474429423e-05  -4.0808347037640092e-04  5.3020589737392437e-04  5.3400544342944859e-04
1.7679999999998401e+02  3.9253917900779705e+01  3.1713737297362620e+01  3.1713737166146263e+01  2.4555015819026180e-02  2.7879430780429484e+01  3.2268882255302316e+01  3.2268882391293680e+01  2.4419690680734928e-02  1.1374487120350221e+01  1.1504235988116760e+01  2.9264702641366519e-04  3.5738790851199098e-04  -6.4740882098325786e-05  -4.1083968370900735e-04  5.3287434907403803e-04  5.3718169791399490e-04
1.7759999999998300e+02  3.9267073559522302e+01  3.1712027379169399e+01  3.1712027247135687e+01  2.4553442445127995e-02  2.7895420524894117e+01  3.2270177246246632e+01  3.2270177383120441e+01  2.4415899581136227e-02  1.1371653034628185e+01  1.1504115135098164e+01  2.9462792447870984e-04  3.5919119531746427e-04  -6.4563270838754430e-05  -4.1332277976589458e-04  5.3462528124635970e-04  5.3902251956772815e-04
1.7839999999998301e+02  3.9280524125687265e+01  3.1710381308652906e+01  3.1710381175817407e+01  2.4552062080910042e-02  2.7911325758124764e+01  3.2271433343088439e+01  3.2271433480899553e+01  2.4411865090250943e-02  1.1369198367562500e+01  1.1503992630718903e+01  2.9661339029024336e-04  3.6099941514717773e-04  -6.4386024856934372e-05  -4.1479665387398804e-04  5.3644849646500715e-04  5.4141960143724919e-04
1.7919999999998200e+02  3.9293886477542173e+01  3.1708643596456387e+01  3.1708643462833514e+01  2.4550521737747421e-02  2.7927395821008272e+01  3.2272710297533123e+01  3.2272710436202317e+01  2.4407723271361141e-02  1.1366490656533902e+01  1.1503871732181910e+01  2.9860520286424099e-04  3.6281116858971559e-04  -6.4205965725474591e-05  -4.1671905719666111e-04  5.3889787574976924e-04  5.4481117035961105e-04
1.7999999999998099e+02  3.9307452932019508e+01  3.1706830626028690e+01  3.1706830491651935e+01  2.4548363228994972e-02  2.7943630894363181e+01  3.2273937975551299e+01  3.2273938115141256e+01  2.4403266814815725e-02  1.1363822037656327e+01  1.1503751847947150e+01  3.0060418579495938e-04  3.6462384461450817e-04  -6.4019658819548786e-05  -4.1991258754321307e-04  5.4159551871460466e-04  5.4743850619880100e-04
1.8079999999998100e+02  3.9321050029561519e+01  3.1705319983517629e+01  3.1705319848359181e+01  2.4545786255738642e-02  2.7959817967884629e+01  3.2275208859574214e+01  3.2275209000039567e+01  2.4398324445203554e-02  1.1361232061676890e+01  1.1503629265241134e+01  3.0260999402624989e-04  3.6643736654453756e-04  -6.3827372518287671e-05  -4.2292276001911156e-04  5.4400397002564416e-04  5.4973248869206310e-04
1.8159999999998001e+02  3.9334794630938141e+01  3.1703625789295199e+01  3.1703625653307963e+01  2.4543280751455648e-02  2.7976047927946162e+01  3.2276303389167872e+01  3.2276303530537398e+01  2.4393093589452710e-02  1.1358746702991979e+01  1.1503503287498569e+01  3.0462235233617965e-04  3.6825413557945358e-04  -6.3631783243273923e-05  -4.2436162815772717e-04  5.4606722782060072e-04  5.5292917191540093e-04
1.8239999999997900e+02  3.9348474762416480e+01  3.1701986413808772e+01  3.1701986277055184e+01  2.4540856881761650e-02  2.7992086636458620e+01  3.2277570848498435e+01  3.2277570990793954e+01  2.4387727330769739e-02  1.1356388125957860e+01  1.1503377916277696e+01  3.0664147173902877e-04  3.7007469019167656e-04  -6.3433218452647790e-05  -4.2560257995768807e-04  5.4798695992469765e-04  5.5569912612187997e-04
1.8319999999997799e+02  3.9362081267156299e+01  3.1700294649688356e+01  3.1700294512131897e+01  2.4538106648360525e-02  2.8008080541064626e+01  3.2278789386389633e+01  3.2278789529580514e+01  2.4387008926513666e-02  1.1354000726091673e+01  1.1005905170576098e+01  3.0866644336182883e-04  3.7189729697631598e-04  -6.3230853614487149e-05  -4.2874033368054353e-04  5.5423320967727186e-04  5.5762037478256944e-04
1.8399999999997800e+02  3.9376010079170484e+01  3.1698637852167803e+01  3.1698637713817469e+01  2.4534779303106970e-02  2.8024305207342778e+01  3.2279970525414242e+01  3.2279970669498880e+01  2.4390266777528573e-02  1.1351704871827707e+01  1.1005781097077492e+01  3.1069610236811985e-04  3.7372192255847258e-04  -6.3025820190352729e-05  -4.3213072058600414e-04  5.5721917832337871e-04  5.6059000563451393e-04
1.8479999999997699e+02  3.9389825775211904e+01  3.1697013220079942e+01  3.1697013080950178e+01  2.4531020885838840e-02  2.8040757985013880e+01  3.2281405874432558e+01  3.2281406019415073e+01  2.4393118833721205e-02  1.1349067790198024e+01  1.1005652886127802e+01  3.1273124398082151e-04  3.7554996110672614e-04  -6.2818717125904633e-05  -4.3339745267790858e-04  5.6064621614471458e-04  5.6401336323695336e-04
1.8559999999997601e+02  3.9403723020641621e+01  3.1695342166085382e+01  3.1695342026153472e+01  2.4527183990911985e-02  2.8057373981979445e+01  3.2282659922866685e+01  3.2282660068808532e+01  2.4395691307357078e-02  1.1346349038662176e+01  1.1005525151389037e+01  3.1477328116029949e-04  3.7738151028273803e-04  -6.2608229122438545e-05  -4.3441658850576563e-04  5.6267179047608243e-04  5.6599240224686014e-04
1.8639999999997499e+02  3.9417681158074814e+01  3.1693675167780899e+01  3.1693675027181001e+01  2.4523430151546847e-02  2.8073966529700535e+01  3.2283982547282235e+01  3.2283982694137570e+01  2.4397961904710316e-02  1.1343714628374279e+01  1.1005400350642244e+01  3.1682256250038630e-04  3.7921624930807677e-04  -6.2393686807690469e-05  -4.3733449555943723e-04  5.6465669279954014e-04  5.6794005033966425e-04
1.8719999999997501e+02  3.9431920681742596e+01  3.1692024399640218e+01  3.1692024258191786e+01  2.4519473788406486e-02  2.8090934887846256e+01  3.2285184815142884e+01  3.2285184962953693e+01  2.4399853614065221e-02  1.1340985793896341e+01  1.1005273747225145e+01  3.1887846408024757e-04  3.8105390463405176e-04  -6.2175440553804192e-05  -4.4077491818872910e-04  5.6786867514273622e-04  5.7120483256158864e-04
1.8799999999997399e+02  3.9446032379970205e+01  3.1690316660822624e+01  3.1690316518638891e+01  2.4514958497195843e-02  2.8107456004727204e+01  3.2286425604260771e+01  3.2286425753004693e+01  2.4401387225948999e-02  1.1338576375243001e+01  1.1005142128713947e+01  3.2093967056156451e-04  3.8289361011358892e-04  -6.1953939552024406e-05  -4.4281504158811896e-04  5.7086906489157562e-04  5.7421496944190173e-04
1.8879999999997301e+02  3.9460198606059627e+01  3.1688691777596016e+01  3.1688691634658202e+01  2.4510038683417674e-02  2.8124499015577570e+01  3.2287785281571480e+01  3.2287785431287283e+01  2.4402608165520506e-02  1.1335699590482058e+01  1.1005009786575885e+01  3.2300594264509497e-04  3.8473560785948051e-04  -6.1729665214385534e-05  -4.4358088756721591e-04  5.7308841385585304e-04  5.7628697281698741e-04
1.8959999999997299e+02  3.9474422241036542e+01  3.1687064033246628e+01  3.1687063889505989e+01  2.4505117168654458e-02  2.8141267095240821e+01  3.2289006811141917e+01  3.2289006961786754e+01  2.4403494983818542e-02  1.1333155145795722e+01  1.1004881653265379e+01  3.2507897784144195e-04  3.8658104480098800e-04  -6.1502066959546044e-05  -4.4523498423247387e-04  5.7535815681035332e-04  5.7847318478923809e-04
1.9039999999997201e+02  3.9488948996531953e+01  3.1685360430883151e+01  3.1685360286362350e+01  2.4500155395303303e-02  2.8158343591849647e+01  3.2290273549151273e+01  3.2290273700757169e+01  2.4404028784181804e-02  1.1330605404682306e+01  1.1004754351997747e+01  3.2716003258238086e-04  3.8842944563373996e-04  -6.1269413051359093e-05  -4.4899564946762990e-04  5.7796649835918374e-04  5.8121602750058662e-04
1.9119999999997100e+02  3.9503156360743816e+01  3.1683708978619897e+01  3.1683708833347488e+01  2.4496514715318184e-02  2.8175157994964145e+01  3.2291399098500307e+01  3.2291399251001422e+01  2.4404258956481260e-02  1.1327998365779671e+01  1.1507635770889104e+01  3.2924852164853131e-04  3.9027936372061401e-04  -6.1030842072082694e-05  -4.6644301464908563e-04  5.8083313557675794e-04  5.8416716329846895e-04
1.9199999999996999e+02  3.9517679567507244e+01  3.1682045332723238e+01  3.1682045186726977e+01  2.4499191364033206e-02  2.8192286356388109e+01  3.2292688328106543e+01  3.2292688481543259e+01  2.4404234482736979e-02  1.1325393211119135e+01  1.1507500393356715e+01  3.3134249442535264e-04  3.9213046261726760e-04  -6.0787968191914959e-05  -4.6827837227235192e-04  5.8346625874385754e-04  5.8664257451973394e-04
1.9279999999997000e+02  3.9532425556342311e+01  3.1680375305445512e+01  3.1680375158657785e+01  2.4501703046419424e-02  2.8209348309271569e+01  3.2293926304502378e+01  3.2293926458910228e+01  2.4403917048425053e-02  1.1323077247070742e+01  1.1507366888157536e+01  3.3343993996945377e-04  3.9398367705671705e-04  -6.0543737087263275e-05  -4.7027996639258281e-04  5.8563674180386579e-04  5.8868809429707912e-04
1.9359999999996899e+02  3.9547000075846910e+01  3.1678595191253066e+01  3.1678595043735637e+01  2.4504164372229062e-02  2.8226505395418954e+01  3.2295054632250654e+01  3.2295054787572660e+01  2.4403226642476378e-02  1.1320494680427956e+01  1.1507235816791706e+01  3.3554240305795922e-04  3.9584013241728710e-04  -6.0297729359327880e-05  -4.7316080347260207e-04  5.8807999746276996e-04  5.9120620150725624e-04
1.9439999999996800e+02  3.9561977850812866e+01  3.1676835278015524e+01  3.1676835129752238e+01  2.4506332977218267e-02  2.8244067670146887e+01  3.2296313518994573e+01  3.2296313675278476e+01  2.4402176788453571e-02  1.1317910180665979e+01  1.1507102665421055e+01  3.3765527077742654e-04  3.9769972371535940e-04  -6.0044452937932857e-05  -4.7602559187222564e-04  5.9083974143126492e-04  5.9402562632674641e-04
1.9519999999996699e+02  3.9576696108279286e+01  3.1675088139015610e+01  3.1675087989971487e+01  2.4508144241075228e-02  2.8261565139624224e+01  3.2297482482889279e+01  3.2297482640115966e+01  2.4400878684577781e-02  1.1315130968655062e+01  1.1506965784939288e+01  3.3978046000626548e-04  3.9956148755698349e-04  -5.9781027550718016e-05  -4.7891693247917804e-04  5.9322806404020836e-04  5.9634790636092512e-04
1.9599999999996700e+02  3.9591831131064694e+01  3.1673319617232018e+01  3.1673319467460960e+01  2.4509708369035172e-02  2.8279340553494119e+01  3.2298705140541408e+01  3.2298705298670576e+01  2.4399352258648900e-02  1.1312490577570575e+01  1.1506827517828782e+01  3.4191253712362362e-04  4.0142536701248785e-04  -5.9512829888864235e-05  -4.8195354417072869e-04  5.9542481702935151e-04  5.9848118180300211e-04
1.9679999999996599e+02  3.9606712290076914e+01  3.1671612538934429e+01  3.1671612388337259e+01  2.4511011749108989e-02  2.8296561207339256e+01  3.2299816578064060e+01  3.2299816737140951e+01  2.4397451784004782e-02  1.1310151082737658e+01  1.1506689167866782e+01  3.4404573275452710e-04  4.0329177591603358e-04  -5.9246043161506482e-05  -4.8386411571036656e-04  5.9794144811491621e-04  6.0097176365812182e-04
1.9759999999996501e+02  3.9621950808237372e+01  3.1669831801285028e+01  3.1669831649938196e+01  2.4511995895161096e-02  2.8314190141481767e+01  3.2301054014979549e+01  3.2301054175029108e+01  2.4395096855862140e-02  1.1307760666755605e+01  1.1506549917304190e+01  3.4618125896184148e-04  4.0516025537422204e-04  -5.8978996412380560e-05  -4.8516852318560873e-04  6.0060775688229107e-04  6.0363133759012597e-04
1.9839999999996499e+02  3.9637160339752398e+01  3.1668062000889595e+01  3.1668061848782994e+01  2.4512713342189081e-02  2.8331612377267227e+01  3.2302236765529742e+01  3.2302236926455798e+01  2.4392424954776188e-02  1.1305547962485171e+01  1.1506410274136559e+01  3.4832525474972741e-04  4.0703047001814047e-04  -5.8705215268413055e-05  -4.8809272289677849e-04  6.0295739016798797e-04  6.0599937125781428e-04
1.9919999999996401e+02  3.9652402682990065e+01  3.1666395167353695e+01  3.1666395014411492e+01  2.4513208810845476e-02  2.8349126509874171e+01  3.2303399325012435e+01  3.2303399486910834e+01  2.4389544501697946e-02  1.1303276173115893e+01  1.1506271607842132e+01  3.5048114386857280e-04  4.0890352019542792e-04  -5.8422376326855126e-05  -4.9199155803613206e-04  6.0513611068047069e-04  6.0815199135195530e-04
1.9999999999996299e+02  3.9668027425850440e+01  3.1664739632032425e+01  3.1664739478292859e+01  2.4513416621944582e-02  2.8366727540536136e+01  3.2304597481668218e+01  3.2304597644512313e+01  2.4386317779793412e-02  1.1301299885314304e+01  1.1506131687932015e+01  3.5264550893010488e-04  4.1078043353109982e-04  -5.8134924600994938e-05  -4.9448582330048033e-04  6.0752733569963526e-04  6.1047260580342113e-04
2.0000999999996299e+02  3.9668216198310091e+01  3.1664718401018995e+01  3.1664718247270152e+01  2.4513416961079417e-02  2.8366944415043431e+01  3.2304612001877814e+01  3.2304612164733761e+01  2.4386274390394397e-02  1.1301271783266660e+01  1.1506129912889195e+01  3.5267259028803633e-04  4.1080391704959089e-04  -5.8131326761554558e-05  -4.9450601691051728e-04  6.0755773221335939e-04  6.1050233597913597e-04
