# time  chi_mean_R8  chi_min_R8  chi_max_R8  lapse_mean_R8  lapse_min_R8  lapse_max_R8  K_mean_R8  K_min_R8  K_max_R8  chi_mean_R16  chi_min_R16  chi_max_R16  lapse_mean_R16  lapse_min_R16  lapse_max_R16  K_mean_R16  K_min_R16  K_max_R16
0.0000000000000000e+00  9.9994492265774793e-01  9.8868206196411068e-01  1.0110751109436393e+00  9.9996409516029860e-01  9.9125478174964832e-01  1.0083774845457234e+00  0.0000000000000000e+00  0.0000000000000000e+00  0.0000000000000000e+00  1.0000030564712621e+00  9.9766223021102118e-01  1.0024517232520744e+00  9.9999861416184799e-01  9.9878055085151218e-01  1.0012668260019404e+00  0.0000000000000000e+00  0.0000000000000000e+00  0.0000000000000000e+00
8.0000000000000004e-01  9.9994776122783002e-01  9.8865574525451949e-01  1.0110551624562651e+00  9.9996739803970036e-01  9.9133492937256995e-01  1.0084462875692877e+00  1.3037833121193238e-06  -5.9736607035002702e-04  4.9099385193131890e-04  1.0000029428615369e+00  9.9764655293751825e-01  1.0024376483635453e+00  9.9999855238049751e-01  9.9877430558956792e-01  1.0012580484656239e+00  -2.6969347790947133e-07  -1.9043939718219791e-05  1.7620280206936739e-05
1.6000000000000001e+00  9.9994826824172434e-01  9.8865199637327095e-01  1.0110462253886714e+00  9.9996999031776546e-01  9.9121748815593436e-01  1.0087837787576910e+00  7.4404441768336211e-07  -1.8850649220656778e-04  2.9198603824737358e-04  1.0000028368062281e+00  9.9764687242274253e-01  1.0024337817263771e+00  9.9999857197355557e-01  9.9877350596170000e-01  1.0012634960358602e+00  -2.2399752775869522e-07  -2.3118732098084976e-05  9.4796988887032104e-06
2.3999999999999901e+00  9.9994943865670038e-01  9.8875662140935217e-01  1.0110919673343273e+00  9.9997038396564397e-01  9.9134694755088237e-01  1.0084360198138496e+00  1.8666027273167176e-06  -4.2843415496355929e-04  5.0928011851138699e-04  1.0000026813483047e+00  9.9764682882136391e-01  1.0024279137145067e+00  9.9999883758386621e-01  9.9876632159773249e-01  1.0012829685300511e+00  -2.5766071547964066e-07  -1.2239833738762453e-05  7.8813609846231896e-06
3.1999999999999802e+00  9.9995058673797566e-01  9.8867035907575074e-01  1.0111320316695267e+00  9.9996964731752391e-01  9.9144349667348530e-01  1.0083155750535728e+00  1.9015965313519555e-06  -3.0470974078768132e-04  3.3926992195125775e-04  1.0000026217189557e+00  9.9763402529452883e-01  1.0024318650174173e+00  9.9999904741605294e-01  9.9878943905192985e-01  1.0012834265472352e+00  -2.3814461035068525e-07  -1.9178942427179012e-05  8.6005233647800323e-06
3.9999999999999600e+00  9.9995135262197521e-01  9.8863392675851580e-01  1.0111633683123531e+00  9.9996919650385152e-01  9.9156811978683823e-01  1.0081979760703677e+00  1.4257938647369307e-06  -1.7532327202897504e-04  2.2975271107573961e-04  1.0000023188351159e+00  9.9763156264717745e-01  1.0024388594230704e+00  9.9999972290916639e-01  9.9880534723105330e-01  1.0012754490637767e+00  -5.6101339563342288e-07  -3.0958865204144078e-05  2.9467295638686235e-05
4.7999999999999403e+00  9.9995176430813637e-01  9.8873860434387928e-01  1.0110550291457414e+00  9.9996966367223328e-01  9.9140401380672905e-01  1.0084047627664763e+00  1.1976307446506085e-06  -1.1236172156155344e-04  1.4446601435862534e-04  1.0000024419105111e+00  9.9765418227460401e-01  1.0024699888071908e+00  9.9999982101756246e-01  9.9876781855882546e-01  1.0012128401849683e+00  7.2837607188371339e-07  -2.6938028743971943e-05  7.2741993495306246e-05
5.5999999999999304e+00  9.9995273014733743e-01  9.8872065192246339e-01  1.0110852084092001e+00  9.9996939878713864e-01  9.9147285699836274e-01  1.0083893857998918e+00  1.6597134588342964e-06  -1.0183607553685252e-04  1.2011441181651853e-04  1.0000035586002101e+00  9.9766739298469753e-01  1.0024740840204569e+00  9.9999770366309182e-01  9.9872474678231149e-01  1.0011862811811743e+00  1.5997679754159375e-06  -2.4416845048908610e-05  7.2052928577984870e-05
6.3999999999999098e+00  9.9995263446072502e-01  9.8873436635135736e-01  1.0110938746804177e+00  9.9997077929530642e-01  9.9147969357676646e-01  1.0084068727894466e+00  -1.2491882088661025e-06  -1.0152197879998642e-04  1.0477609566313036e-04  1.0000040925729805e+00  9.9763562308034714e-01  1.0024440216856079e+00  9.9999601016550976e-01  9.9877535979935950e-01  1.0012366213319523e+00  3.3775379034721511e-07  -6.1763684000748197e-05  6.3369551769790078e-05
7.1999999999998900e+00  9.9995034229826874e-01  9.8873903139026076e-01  1.0111088622712960e+00  9.9997712222130564e-01  9.9148208780484182e-01  1.0083886701871529e+00  -3.0840163522255806e-06  -9.0880744741619716e-05  1.0006870247640461e-04  1.0000033354153648e+00  9.9761199040378257e-01  1.0024440920258104e+00  9.9999694106386861e-01  9.9883807808221792e-01  1.0012537714224985e+00  -1.1327816361923187e-06  -7.2820498684910245e-05  5.5608154138725926e-05
7.9999999999998703e+00  9.9995005021301009e-01  9.8874224800252497e-01  1.0111135116774164e+00  9.9998117000335007e-01  9.9147667423832797e-01  1.0083642340624628e+00  1.2704096065854686e-06  -7.9981141382184787e-05  8.9662029373359644e-05  1.0000027002706509e+00  9.9762120364474660e-01  1.0024632920741237e+00  9.9999849448945266e-01  9.9883747444449544e-01  1.0012226455632078e+00  -3.7644749646825547e-07  -7.2458336323520239e-05  4.6776799040165482e-05
8.7999999999998604e+00  9.9995308440608544e-01  9.8874691622798005e-01  1.0111099308945835e+00  9.9997775861501559e-01  9.9147877767956660e-01  1.0083584119139510e+00  4.2729541954128188e-06  -7.0307373234169282e-05  7.9713983574586294e-05  1.0000028967449430e+00  9.9762730954526602e-01  1.0024685018916961e+00  9.9999855451866992e-01  9.9882799674744793e-01  1.0012067951209660e+00  1.9745485538854481e-07  -6.3394712131125441e-05  3.9352307565526865e-05
9.5999999999998398e+00  9.9995455329720639e-01  9.8875433157803927e-01  1.0111080336260652e+00  9.9997505286285193e-01  9.9149449773538501e-01  1.0083623562734414e+00  1.0103062351078935e-06  -7.4880867579061423e-05  7.1545664304424478e-05  1.0000029806045672e+00  9.9763187991320934e-01  1.0024619862313675e+00  9.9999849144510389e-01  9.9881713056801902e-01  1.0012185213542857e+00  9.8778488193912559e-08  -5.4230606783938078e-05  3.9183968112268114e-05
1.0399999999999800e+01  9.9995435853348813e-01  9.8875697672164431e-01  1.0110945385480368e+00  9.9997604036081600e-01  9.9151598681229036e-01  1.0084004587543594e+00  1.0934676211185407e-06  -8.3312888397956482e-05  5.3799446398991344e-05  1.0000030916645963e+00  9.9762959856082700e-01  1.0024626328757893e+00  9.9999831455399590e-01  9.9881856255076518e-01  1.0012229240358743e+00  1.7350217703446627e-07  -4.4615179276765686e-05  3.9147416333633099e-05
1.1199999999999800e+01  9.9995640440435218e-01  9.8876021142277071e-01  1.0110941176719788e+00  9.9997337644483408e-01  9.9151461548433040e-01  1.0084217731527332e+00  3.9248884654389946e-06  -6.6893556153362673e-05  7.3569177507261968e-05  1.0000027585636215e+00  9.9762847468920890e-01  1.0024653781264075e+00  9.9999888811396587e-01  9.9882147350020001e-01  1.0012210954405900e+00  -8.7613634616255821e-07  -4.1099704011396354e-05  4.2609142659101009e-05
1.1999999999999799e+01  9.9995816548409244e-01  9.8877465956572763e-01  1.0111124723707554e+00  9.9996990311987988e-01  9.9147060194597381e-01  1.0083931909436512e+00  1.5758714315773582e-06  -3.3267353110962255e-05  8.8492762734793774e-05  1.0000018597339073e+00  9.9763065648762028e-01  1.0024667943774235e+00  1.0000009096009694e+00  9.9881766860134946e-01  1.0012207059213900e+00  -1.1455833334714552e-06  -4.7638465581028056e-05  4.2776037849318093e-05
1.2799999999999800e+01  9.9995719993370069e-01  9.8878003961315197e-01  1.0111176180905344e+00  9.9997180232497440e-01  9.9144699583182039e-01  1.0083755834127321e+00  -1.4656267447664626e-06  -6.4685398789885590e-05  6.6104649194355895e-05  1.0000018323380213e+00  9.9763000361558674e-01  1.0024717094202162e+00  1.0000016944771497e+00  9.9881791906728190e-01  1.0012132620762419e+00  4.7212005785136914e-07  -5.6086246154227946e-05  4.9217746513199611e-05
1.3599999999999801e+01  9.9995614779423714e-01  9.8877743996066059e-01  1.0111087289254299e+00  9.9997554494108032e-01  9.9146756593226715e-01  1.0083949696178678e+00  -9.1925895720363203e-07  -7.7637849091888843e-05  5.2344340428935664e-05  1.0000027718519409e+00  9.9762907811648749e-01  1.0024741748841315e+00  1.0000001193102157e+00  9.9882002503749023e-01  1.0012079571235664e+00  1.2437222727173793e-06  -3.6141787566590867e-05  4.3397185059349563e-05
1.4399999999999700e+01  9.9995636624341455e-01  9.8878210598890603e-01  1.0111080139307573e+00  9.9997732128662209e-01  9.9148265145005132e-01  1.0084119941782157e+00  3.5861492764523834e-07  -6.3811199977126129e-05  6.1914341573169519e-05  1.0000030902678239e+00  9.9763110367204422e-01  1.0024745953290048e+00  9.9999901070423425e-01  9.9881640094849955e-01  1.0012079412335371e+00  1.1355110676043468e-07  -2.9261717184509493e-05  4.4446322047831681e-05
1.5199999999999701e+01  9.9995699847196740e-01  9.8878669168262168e-01  1.0111146840492260e+00  9.9997771069906649e-01  9.9147377525707237e-01  1.0084099470822152e+00  7.4397271302586532e-07  -5.4533842007919146e-05  6.7277879975404623e-05  1.0000025900476106e+00  9.9763243780646138e-01  1.0024749988573989e+00  9.9999966889291780e-01  9.9881181630641913e-01  1.0012078164745692e+00  -5.8992434431604140e-07  -2.4079668055255837e-05  3.8065580829962152e-05
1.5999999999999700e+01  9.9995751762884755e-01  9.8878583937274134e-01  1.0111169921395200e+00  9.9997785165878206e-01  9.9145737390224065e-01  1.0084059957216271e+00  6.9945769908550248e-07  -5.6680134946508448e-05  6.4831378870621226e-05  1.0000024476390017e+00  9.9762651044617057e-01  1.0024666030724971e+00  1.0000001823346854e+00  9.9882113720396148e-01  1.0012258101831841e+00  2.9474112283198678e-07  -1.9100173752724888e-05  3.2219496300608247e-05
1.6799999999999802e+01  9.9995794176001973e-01  9.8878247012541143e-01  1.0111162985722331e+00  9.9997808045619463e-01  9.9145836343599469e-01  1.0084072980960770e+00  6.3229314176242681e-07  -6.8499596033847314e-05  6.2038750705181237e-05  1.0000033555517056e+00  9.9762156204521679e-01  1.0024643559359150e+00  9.9999857491499267e-01  9.9883407866888985e-01  1.0012380488967170e+00  1.6510389632019745e-06  -1.6241559668778904e-05  2.8544198159191739e-05
1.7600000000000001e+01  9.9995843724468847e-01  9.8878515588081151e-01  1.0111161755491669e+00  9.9997821117056118e-01  9.9147170028279785e-01  1.0084141055429230e+00  7.8100082952568639e-07  -6.7915563567811507e-05  5.8700940216882490e-05  1.0000042497201893e+00  9.9763014500807168e-01  1.0024744581243181e+00  9.9999623573799223e-01  9.9882064563098805e-01  1.0012227834081695e+00  9.0227266141259521e-07  -1.3663282369006774e-05  2.2256104497904191e-05
1.8400000000000102e+01  9.9995908298490288e-01  9.8879411759622271e-01  1.0111184248608336e+00  9.9997798264138260e-01  9.9147249066827847e-01  1.0084211997108814e+00  9.8002703407875644e-07  -5.7101093486302644e-05  5.9041663260065474e-05  1.0000038351568485e+00  9.9763768459253888e-01  1.0024782196664723e+00  9.9999628327023915e-01  9.9880020037542294e-01  1.0012113487357319e+00  -7.2527521699934139e-07  -1.0774387071969043e-05  1.3555855230397876e-05
1.9200000000000198e+01  9.9995975943532778e-01  9.8879955549881138e-01  1.0111218489869724e+00  9.9997752389737848e-01  9.9145565446689565e-01  1.0084233179927085e+00  1.0175228351946811e-06  -5.1074358238454850e-05  6.1254010984471911e-05  1.0000031739229804e+00  9.9763474188832035e-01  1.0024725602313129e+00  9.9999757252071064e-01  9.9879856287682589e-01  1.0012198030467201e+00  -5.8380112380403075e-07  -8.4980736806985619e-06  3.7783043350511037e-06
2.0000000000000298e+01  9.9996038382686181e-01  9.8879710884644323e-01  1.0111239059377359e+00  9.9997707014207449e-01  9.9143936419206846e-01  1.0084225512493596e+00  9.4526926021132049e-07  -5.7894908345693494e-05  6.2656178666706610e-05  1.0000031412470136e+00  9.9763085350818714e-01  1.0024703667662740e+00  9.9999797458207240e-01  9.9880392591735978e-01  1.0012269843944681e+00  3.6895411097162252e-08  -4.2890109796098790e-06  3.5232285740902028e-06
2.0800000000000502e+01  9.9996095810631025e-01  9.8879202901162400e-01  1.0111247060479820e+00  9.9997674218752675e-01  9.9144181580756519e-01  1.0084236251242527e+00  8.4013476949553866e-07  -6.9751133233721680e-05  6.1018674636265083e-05  1.0000033055152615e+00  9.9762922319334568e-01  1.0024723469199286e+00  9.9999776325538292e-01  9.9880719541037222e-01  1.0012252828522388e+00  1.7911126993993197e-07  -2.5637858999987489e-06  3.4584335437597195e-06
2.1600000000000598e+01  9.9996154948209415e-01  9.8879178057001726e-01  1.0111259100316710e+00  9.9997646375840366e-01  9.9145701542275877e-01  1.0084286011855363e+00  8.8438215494708343e-07  -7.1360896291136519e-05  5.7923877351431374e-05  1.0000034206939437e+00  9.9762879779392699e-01  1.0024727399985185e+00  9.9999746115501154e-01  9.9880781362904569e-01  1.0012243777709056e+00  2.0224698445810694e-07  -1.8291690554382225e-06  2.5273447981469530e-06
2.2400000000000698e+01  9.9996228170560930e-01  9.8879663486604163e-01  1.0111287108814242e+00  9.9997591834950184e-01  9.9146291259921648e-01  1.0084351614872749e+00  1.1130051831560180e-06  -6.1398959104293379e-05  5.7492033060058818e-05  1.0000035544699379e+00  9.9762796673088761e-01  1.0024726408678690e+00  9.9999706440808545e-01  9.9880821682590215e-01  1.0012243072352787e+00  2.7912131711007843e-07  -1.8055402650701118e-06  2.4318698523841399e-06
2.3200000000000799e+01  9.9996311128779936e-01  9.8880028873111414e-01  1.0111317587159219e+00  9.9997505016722599e-01  9.9145073481673662e-01  1.0084426159113435e+00  1.2001808872996847e-06  -5.3631468113263052e-05  5.9603703216481619e-05  1.0000037167977789e+00  9.9762692644219308e-01  1.0024721129529353e+00  9.9999656021328065e-01  9.9880890623704688e-01  1.0012249710771064e+00  3.0020471421322938e-07  -1.5537013737087443e-06  2.8533272590925432e-06
2.4000000000000998e+01  9.9996383787061216e-01  9.8879829441660472e-01  1.0111335958657584e+00  9.9997426577167847e-01  9.9143620077886097e-01  1.0084462676435415e+00  9.9623952084735957e-07  -5.8686450098352327e-05  6.1273031522945340e-05  1.0000038292562348e+00  9.9762734196463176e-01  1.0024715995857041e+00  9.9999610671640982e-01  9.9880656821385783e-01  1.0012258537106096e+00  2.0662430513538819e-07  -1.4663150477059686e-06  2.7378407200812357e-06
2.4800000000001098e+01  9.9996439320573172e-01  9.8879365624974269e-01  1.0111348921323327e+00  9.9997387753375433e-01  9.9143740108211686e-01  1.0084491516781184e+00  7.2675400456328388e-07  -6.8982037178146261e-05  6.0073920122853004e-05  1.0000038397282198e+00  9.9762739553142021e-01  1.0024712886369558e+00  9.9999585690961168e-01  9.9880388300245448e-01  1.0012260670546733e+00  3.7437359320314706e-08  -2.0538720070783913e-06  2.3513053229983629e-06
2.5600000000001199e+01  9.9996486408723628e-01  9.8879293261850743e-01  1.0111368087357850e+00  9.9997382023412185e-01  9.9144912989526379e-01  1.0084553253804356e+00  5.6984396204225736e-07  -7.0594407477052502e-05  5.7463350496285771e-05  1.0000037292743325e+00  9.9762495940946849e-01  1.0024696300414957e+00  9.9999590231265190e-01  9.9880606686061679e-01  1.0012288356818078e+00  -1.5300392466005347e-07  -4.0654832189120311e-06  2.2918261833765900e-06
2.6400000000001299e+01  9.9996530991775634e-01  9.8879639576093348e-01  1.0111394031080334e+00  9.9997392424404308e-01  9.9145301652445472e-01  1.0084644660533102e+00  4.9157707224647698e-07  -6.2996958054210581e-05  5.6794356069627083e-05  1.0000035767490343e+00  9.9762232296405806e-01  1.0024694530461602e+00  9.9999613131267528e-01  9.9881024724511491e-01  1.0012295045255029e+00  -1.7205415645688989e-07  -4.6710270535218727e-06  2.2193184105044595e-06
2.7200000000001499e+01  9.9996571940115575e-01  9.8879837260041803e-01  1.0111424965298117e+00  9.9997413463502915e-01  9.9144314928139399e-01  1.0084713337320954e+00  4.0586114917322967e-07  -5.6767119193237793e-05  6.0237916125007371e-05  1.0000035099575069e+00  9.9762245389740400e-01  1.0024715810902589e+00  9.9999624608079896e-01  9.9880936296023670e-01  1.0012245460393860e+00  -6.9517449656296467e-08  -4.3926287795237971e-06  3.6045643284112522e-06
2.8000000000001599e+01  9.9996604861583827e-01  9.8879573795874165e-01  1.0111465532379109e+00  9.9997453590362406e-01  9.9143170233766664e-01  1.0084713033081387e+00  2.1891114612577885e-07  -6.0219099264205790e-05  6.3941035251176086e-05  1.0000034572064451e+00  9.9762285201903178e-01  1.0024716741917343e+00  9.9999628994568324e-01  9.9880622725088364e-01  1.0012216963679879e+00  -1.1006122590936767e-07  -3.5801314037954426e-06  3.5539022154332168e-06
2.8800000000001699e+01  9.9996623178938804e-01  9.8879126663459049e-01  1.0111502658241729e+00  9.9997532490271612e-01  9.9143218146066259e-01  1.0084695443483558e+00  -7.2264970895132814e-08  -6.8651849032201197e-05  6.1947150060807173e-05  1.0000033427913133e+00  9.9762123985348372e-01  1.0024693328021610e+00  9.9999643522570825e-01  9.9880653025054567e-01  1.0012243478213099e+00  -1.6643462718580442e-07  -3.5326980643033880e-06  3.5050038430794733e-06
2.9600000000001799e+01  9.9996631231178124e-01  9.8879001337811945e-01  1.0111528281733346e+00  9.9997649387380716e-01  9.9144074021575967e-01  1.0084735346544140e+00  -2.2572539998005559e-07  -7.0160120658291754e-05  5.7893276278543476e-05  1.0000032196130615e+00  9.9761939853300163e-01  1.0024683265259431e+00  9.9999661722359845e-01  9.9880830985138425e-01  1.0012259572855111e+00  -1.8768299943463865e-07  -3.6883405754938395e-06  3.8259186301265316e-06
3.0400000000001999e+01  9.9996641877391679e-01  9.8879225546778304e-01  1.0111549012158545e+00  9.9997774460284616e-01  9.9144293202293488e-01  1.0084823963029050e+00  -2.2824454927534333e-07  -6.4218974219539026e-05  5.6147012232712405e-05  1.0000030693360364e+00  9.9761830497961068e-01  1.0024688659620267e+00  9.9999686071770255e-01  9.9880898395197659e-01  1.0012240472171225e+00  -2.3285718336948830e-07  -3.2251885592822870e-06  4.9090276843468235e-06
3.1200000000002099e+01  9.9996649402069315e-01  9.8879267976166063e-01  1.0111562540225065e+00  9.9997906996744934e-01  9.9143561238904399e-01  1.0084918693525966e+00  -3.4983134986350755e-07  -6.0202555881895409e-05  5.7327339153312268e-05  1.0000029556884380e+00  9.9761763809075821e-01  1.0024684948030618e+00  9.9999705779176229e-01  9.9880843029294086e-01  1.0012228324393508e+00  -1.2013115746802866e-07  -3.1568941374913554e-06  6.6105637411192169e-06
3.2000000000002203e+01  9.9996649707171614e-01  9.8878951144675564e-01  1.0111583681782295e+00  9.9998058273532398e-01  9.9142717482770215e-01  1.0084970822977801e+00  -4.1086855948681158e-07  -6.1328861593641532e-05  6.0853001562837812e-05  1.0000029323521729e+00  9.9761697219413137e-01  1.0024673010432297e+00  9.9999704450724369e-01  9.9880742811554735e-01  1.0012233778932618e+00  -5.2022491499406723e-08  -4.7379346662483494e-06  4.9032557249643877e-06
3.2800000000002001e+01  9.9996659878971861e-01  9.8878688004779969e-01  1.0111618657023664e+00  9.9998199964683732e-01  9.9142359622020548e-01  1.0084986368049587e+00  -2.6956319474962927e-07  -6.5329738751477578e-05  6.0764786259493578e-05  1.0000028023814158e+00  9.9761611126081817e-01  1.0024665692642523e+00  9.9999716322489740e-01  9.9880673050934088e-01  1.0012234531738169e+00  -2.7667852989203694e-07  -5.7568496619396324e-06  4.9376823861218800e-06
3.3600000000001899e+01  9.9996680473808830e-01  9.8878663475802964e-01  1.0111641220209131e+00  9.9998321779017885e-01  9.9142519783450822e-01  1.0085046001431728e+00  -2.0811562429415135e-07  -6.8614578592403986e-05  5.6377691825610965e-05  1.0000025257906207e+00  9.9761541960487643e-01  1.0024668842199771e+00  9.9999762128905756e-01  9.9880580622776483e-01  1.0012213338140055e+00  -3.9600968708552236e-07  -6.0736109411692028e-06  5.9669348184953020e-06
3.4400000000001697e+01  9.9996701109994213e-01  9.8878712066023000e-01  1.0111657089691661e+00  9.9998439508446635e-01  9.9142639963567103e-01  1.0085157574493799e+00  -1.9022421018738067e-07  -6.6332083355571036e-05  5.5623616748858506e-05  1.0000023285480362e+00  9.9761468969737821e-01  1.0024680330193578e+00  9.9999802377800839e-01  9.9880478509846993e-01  1.0012167441970170e+00  -2.5708223091323361e-07  -8.1624496117532499e-06  8.4538118976605304e-06
3.5200000000001602e+01  9.9996723960389700e-01  9.8878679064586839e-01  1.0111706551548612e+00  9.9998550080579895e-01  9.9142071504443985e-01  1.0085239015913419e+00  -1.5063338707385743e-07  -6.1323827687344019e-05  5.9306802681988732e-05  1.0000022035963003e+00  9.9761347189053162e-01  1.0024681734511489e+00  9.9999825726481240e-01  9.9880463015745480e-01  1.0012131954421422e+00  -2.3865523601862199e-07  -7.8230313242950927e-06  9.1876142015656860e-06
3.6000000000001400e+01  9.9996743193300541e-01  9.8878444008842703e-01  1.0111758129768960e+00  9.9998664978017593e-01  9.9141186406932191e-01  1.0085274074957224e+00  -2.6243432785805076e-07  -6.1892400193188222e-05  6.0391660100137465e-05  1.0000020243076873e+00  9.9761244140797090e-01  1.0024671567093146e+00  9.9999855293837558e-01  9.9880441039912859e-01  1.0012122875540792e+00  -2.8678563925764783e-07  -8.3184774854391243e-06  8.9553046888956328e-06
3.6800000000001198e+01  9.9996757154081717e-01  9.8878090969312515e-01  1.0111791077633536e+00  9.9998796418519387e-01  9.9140863240950206e-01  1.0085328088845884e+00  -2.8561662834818320e-07  -6.7726458258940203e-05  5.7535138143626181e-05  1.0000018635321988e+00  9.9761246265864711e-01  1.0024669075288206e+00  9.9999882525564932e-01  9.9880211578455536e-01  1.0012105304576611e+00  -2.2785538432064116e-07  -8.8785672195597640e-06  1.1924735142091539e-05
3.7600000000001103e+01  9.9996789855208212e-01  9.8877897083065147e-01  1.0111817831444228e+00  9.9998901149858943e-01  9.9141108518569676e-01  1.0085427826604443e+00  5.1430746315560832e-08  -7.0066563020057947e-05  5.5713167375444295e-05  1.0000017068290048e+00  9.9761237020773608e-01  1.0024659926183990e+00  9.9999906661309279e-01  9.9879932711687958e-01  1.0012096690904138e+00  -2.8782275279961644e-07  -9.0741747593698238e-06  1.1456751424531239e-05
3.8400000000000901e+01  9.9996846717965449e-01  9.8877900802959273e-01  1.0111862561197786e+00  9.9998950255411190e-01  9.9141197260345859e-01  1.0085525110889579e+00  2.9520558614247881e-07  -6.6564935527846863e-05  5.8025556587750580e-05  1.0000014668482879e+00  9.9761056597662401e-01  1.0024633921741448e+00  9.9999946936326944e-01  9.9879974607235400e-01  1.0012126295507910e+00  -3.7165491918647486e-07  -1.0895343743035091e-05  1.0104432977681161e-05
3.9200000000000799e+01  9.9996897926957873e-01  9.8877848460003126e-01  1.0111924867619400e+00  9.9998992472906467e-01  9.9140727345688207e-01  1.0085571395059301e+00  1.6219241292137741e-07  -6.3405877985495254e-05  6.1062126752952839e-05  1.0000012866854724e+00  9.9760820230545311e-01  1.0024622779300822e+00  9.9999980900572749e-01  9.9880227666296206e-01  1.0012138341446413e+00  -2.0890155548727556e-07  -1.0676792211782986e-05  9.0137729008914373e-06
4.0000000000000597e+01  9.9996936740171860e-01  9.8877609999541483e-01  1.0111973868890844e+00  9.9999057979011130e-01  9.9139969844520481e-01  1.0085602112849474e+00  6.9164101286634446e-08  -6.3019912849573764e-05  5.9811901233163171e-05  1.0000012377678515e+00  9.9760717616806194e-01  1.0024626763735296e+00  9.9999985510358713e-01  9.9880281653772329e-01  1.0012113051720335e+00  -8.4892053804368662e-08  -9.7489266870036362e-06  8.9659062397778137e-06
4.0800000000000502e+01  9.9996979547083376e-01  9.8877318202653097e-01  1.0112004494856903e+00  9.9999124942110273e-01  9.9139472006088236e-01  1.0085665643832811e+00  1.0585895371715160e-07  -6.6831436223408250e-05  5.8270321489975832e-05  1.0000011282665477e+00  9.9760710860344537e-01  1.0024615918221407e+00  9.9999992229765744e-01  9.9880089483359991e-01  1.0012105501814237e+00  -2.2416047003586192e-07  -8.8537379381428714e-06  9.5497449205822205e-06
4.1600000000000300e+01  9.9997029332316423e-01  9.8877141715813233e-01  1.0112050773613683e+00  9.9999183515938350e-01  9.9139432367521818e-01  1.0085730479084922e+00  1.9259407152345662e-07  -7.2879739269729056e-05  5.9313758677134435e-05  1.0000008947599304e+00  9.9760680272972546e-01  1.0024586457341202e+00  1.0000002417510219e+00  9.9879873187282098e-01  1.0012139323246534e+00  -3.4415759757853308e-07  -1.1404671109476125e-05  8.0952314252708515e-06
4.2400000000000098e+01  9.9997095937346581e-01  9.8877003353348547e-01  1.0112107006987594e+00  9.9999210147702278e-01  9.9139619639020304e-01  1.0085787645069177e+00  5.0219678091763071e-07  -6.9586522108151317e-05  5.9638439460688767e-05  1.0000006821438960e+00  9.9760607531388679e-01  1.0024554954533398e+00  1.0000005957241549e+00  9.9879721293811552e-01  1.0012190588185297e+00  -2.7454064835415034e-07  -8.3610739537836556e-06  7.7583207089533187e-06
4.3200000000000003e+01  9.9997179180483919e-01  9.8876737747467647e-01  1.0112156837515351e+00  9.9999192152238681e-01  9.9139674162270264e-01  1.0085844184124415e+00  6.2761728202748235e-07  -6.6354318191429472e-05  6.5171511416965393e-05  1.0000005589563692e+00  9.9760443976054658e-01  1.0024544349517315e+00  1.0000007818093066e+00  9.9879751656038607e-01  1.0012206843436169e+00  -1.7402472973186012e-07  -9.0645202584934668e-06  6.2822631773617641e-06
4.3999999999999801e+01  9.9997242669763331e-01  9.8876545157416196e-01  1.0112217273586497e+00  9.9999198706563064e-01  9.9139070941443252e-01  1.0085860190711153e+00  2.2755030274738945e-07  -6.3605148435054990e-05  6.3070623258382977e-05  1.0000004461751022e+00  9.9760188269844086e-01  1.0024548384956491e+00  1.0000008925839228e+00  9.9880030790647834e-01  1.0012184918120970e+00  -1.8358943836650469e-07  -9.2315037979954989e-06  8.8882711346064271e-06
4.4799999999999699e+01  9.9997280746681039e-01  9.8876481660807247e-01  1.0112272016295247e+00  9.9999267929518065e-01  9.9138092155192914e-01  1.0085874442206477e+00  -1.9938643619416076e-08  -7.3467811699658530e-05  6.0140223514720638e-05  1.0000003155628863e+00  9.9760070866021211e-01  1.0024548093050352e+00  1.0000010175306278e+00  9.9880070840659119e-01  1.0012164241302102e+00  -1.4945129777234963e-07  -5.5700441387869646e-06  6.4825418229301087e-06
4.5599999999999497e+01  9.9997331154477576e-01  9.8876159270024966e-01  1.0112302854741655e+00  9.9999336490040447e-01  9.9138045499760863e-01  1.0085955218545744e+00  1.7728229137055257e-07  -7.3201752100917047e-05  5.8273535673479399e-05  1.0000002823665004e+00  9.9760173514560424e-01  1.0024545232726978e+00  1.0000009518902147e+00  9.9879739196874362e-01  1.0012126189139678e+00  2.8110804198101786e-08  -1.0187372619072200e-05  1.0864353316184897e-05
4.6399999999999302e+01  9.9997398939406557e-01  9.8875682028584644e-01  1.0112350629940690e+00  9.9999373162702054e-01  9.9138870093918441e-01  1.0086032429759502e+00  3.0421249908203870e-07  -7.3051989262962552e-05  6.4912180260988243e-05  1.0000002954274845e+00  9.9760146456546173e-01  1.0024528898872653e+00  1.0000007157599335e+00  9.9879424923365689e-01  1.0012124495723689e+00  -3.7133189436285485e-09  -7.8352633311751065e-06  7.1819797834314405e-06
4.7199999999999200e+01  9.9997468405972523e-01  9.8875538291706988e-01  1.0112424486648135e+00  9.9999399491551078e-01  9.9138930726756824e-01  1.0086044750102237e+00  3.5438581587590666e-07  -6.5634412539727763e-05  6.3301472409463039e-05  1.0000001488714065e+00  9.9759760389321095e-01  1.0024506879039345e+00  1.0000007410341230e+00  9.9879810717220929e-01  1.0012143960366269e+00  -2.1377937748359466e-07  -9.9687397996162986e-06  8.8609645280141967e-06
4.7999999999998998e+01  9.9997543218105522e-01  9.8875591860646517e-01  1.0112480797540793e+00  9.9999412565759149e-01  9.9137854125774816e-01  1.0086059436860091e+00  4.2200231283786293e-07  -6.5374447284879519e-05  6.0846981495099245e-05  1.0000000218837493e+00  9.9759316730574044e-01  1.0024506461601563e+00  1.0000008252546762e+00  9.9880616304204872e-01  1.0012126771651391e+00  -1.7543110968633655e-08  -9.3428717473519541e-06  7.1409004167145980e-06
4.8799999999998903e+01  9.9997607810601374e-01  9.8875367707870199e-01  1.0112514881618768e+00  9.9999442030482311e-01  9.9137007117175779e-01  1.0086120636466400e+00  8.9861995117840318e-08  -6.8500958331296004e-05  5.8501019038557583e-05  1.0000001445960478e+00  9.9759181741249692e-01  1.0024521869788949e+00  1.0000004148622181e+00  9.9880908953007741e-01  1.0012074205523946e+00  2.5185968352823584e-07  -1.1362999467892630e-05  1.0479921269592979e-05
4.9599999999998701e+01  9.9997640141328048e-01  9.8874933596602665e-01  1.0112553067216075e+00  9.9999545522324984e-01  9.9137155671285837e-01  1.0086200151041549e+00  -3.6043659113293815e-07  -7.2338379285993195e-05  5.9385736891166957e-05  1.0000001652515778e+00  9.9759394445906380e-01  1.0024537080133138e+00  1.0000000318286228e+00  9.9880374944515526e-01  1.0011998546809959e+00  -6.8884240003893407e-08  -1.0068885478968163e-05  1.0036491252603492e-05
5.0399999999998499e+01  9.9997677632354209e-01  9.8874727999778933e-01  1.0112608104223852e+00  9.9999668195576696e-01  9.9137435617003067e-01  1.0086259124367907e+00  -6.6510189752404414e-08  -7.0304599810968075e-05  6.0683436372340662e-05  9.9999987419428749e-01  9.9759552023008091e-01  1.0024527639254228e+00  1.0000002904154457e+00  9.9879652888483306e-01  1.0011959355439717e+00  -3.7864866466551716e-07  -1.0843916182841804e-05  8.5341866524133129e-06
5.1199999999998397e+01  9.9997767812000660e-01  9.8874669827781614e-01  1.0112665012597932e+00  9.9999694641871195e-01  9.9137124952704359e-01  1.0086300661046386e+00  6.6431257357773419e-07  -6.8575289363589554e-05  6.0632846848282706e-05  9.9999967516077826e-01  9.9759184793825195e-01  1.0024488434337377e+00  1.0000005736442503e+00  9.9879891708856661e-01  1.0011999299583267e+00  -1.1181338607458736e-07  -1.2964868237739144e-05  8.7942527119938355e-06
5.1999999999998202e+01  9.9997879858433791e-01  9.8874334754677551e-01  1.0112711374100782e+00  9.9999647159221672e-01  9.9136709781554699e-01  1.0086349840922701e+00  7.0380892916999637e-07  -6.8300774176014873e-05  6.2572668398264752e-05  9.9999974768158917e-01  9.9758679152665919e-01  1.0024471067459819e+00  1.0000003177606109e+00  9.9880734401779092e-01  1.0012020968391682e+00  1.6305211959489295e-07  -1.0716938236438508e-05  8.4245506588325641e-06
5.2799999999998100e+01  9.9997947131497311e-01  9.8873981790742949e-01  1.0112775827614482e+00  9.9999665842815333e-01  9.9136327487908404e-01  1.0086366295932139e+00  -5.2213323585431731e-08  -6.6996534885362287e-05  6.4154813512504915e-05  9.9999978020144320e-01  9.9758636199642803e-01  1.0024491764365249e+00  9.9999996966930160e-01  9.9880847546899953e-01  1.0011967384076770e+00  1.0683024646805183e-09  -1.1265797896307356e-05  1.1236278975935911e-05
5.3599999999997898e+01  9.9997969556332333e-01  9.8874005449423308e-01  1.0112846214587836e+00  9.9999798040260579e-01  9.9135629497281685e-01  1.0086364677327173e+00  -5.2852523987980494e-07  -6.9603995563677725e-05  6.1657786889759593e-05  9.9999958252904420e-01  9.9758724954754918e-01  1.0024495650805403e+00  1.0000000454823688e+00  9.9880470188496306e-01  1.0011905469394167e+00  -2.7712892281022010e-07  -1.3327224297069668e-05  1.0714110926297396e-05
5.4399999999997704e+01  9.9998006981772480e-01  9.8873835009779576e-01  1.0112870044370872e+00  9.9999940730126369e-01  9.9135464865797196e-01  1.0086454857756824e+00  -2.2403911234038384e-07  -7.6276749403167383e-05  5.5101184528557731e-05  9.9999933736294888e-01  9.9758621380018331e-01  1.0024466546187081e+00  1.0000003500812276e+00  9.9880341442547482e-01  1.0011919267411091e+00  -2.4797595644159927e-07  -1.1704771928224151e-05  1.0798998004993021e-05
5.5199999999997601e+01  9.9998083073249844e-01  9.8873222137687833e-01  1.0112888162758780e+00  1.0000001332364290e+00  9.9136128622236486e-01  1.0086584543649473e+00  2.1221586335021012e-07  -7.4536143591430974e-05  6.0886821202323427e-05  9.9999925273980250e-01  9.9758575312038666e-01  1.0024445261944899e+00  1.0000004101698976e+00  9.9880150696904191e-01  1.0011937529592034e+00  -3.7830699676643048e-08  -1.2523778140458297e-05  1.3254540251161884e-05
5.5999999999997399e+01  9.9998172929360774e-01  9.8872921574429407e-01  1.0112956543698324e+00  1.0000003963095827e+00  9.9135998131251601e-01  1.0086618581474092e+00  3.3925095689077050e-07  -6.5925111656633988e-05  6.4207489762874533e-05  9.9999923789034995e-01  9.9758465183042921e-01  1.0024427872695862e+00  1.0000002543084292e+00  9.9880033103096100e-01  1.0011947725797905e+00  -7.6225976151913446e-09  -1.2746367305629733e-05  1.2214825482000972e-05
5.6799999999997297e+01  9.9998256845422429e-01  9.8872956485429397e-01  1.0113025010104260e+00  1.0000006503537326e+00  9.9134884910719134e-01  1.0086621293542781e+00  2.3841540455772576e-07  -6.7138173407263219e-05  6.1841354793647213e-05  9.9999915468172751e-01  9.9758092416690303e-01  1.0024397175768607e+00  1.0000001682301694e+00  9.9880489631330382e-01  1.0011985313191929e+00  -8.3690015971130770e-08  -1.2709156115320369e-05  1.3855430108396451e-05
5.7599999999997102e+01  9.9998327014583177e-01  9.8872708013217869e-01  1.0113062072989538e+00  1.0000011883326840e+00  9.9134436078735289e-01  1.0086683759767001e+00  -6.3574642810021753e-09  -7.3356242940100322e-05  5.8895883767870806e-05  9.9999903497031795e-01  9.9757976816578586e-01  1.0024393278955608e+00  1.0000001704569104e+00  9.9880651621316485e-01  1.0011987281030947e+00  -1.1053110279795789e-07  -1.1855229238125902e-05  1.0903169593918426e-05
5.8399999999997000e+01  9.9998382258738916e-01  9.8872298952157744e-01  1.0113104390007670e+00  1.0000021348850314e+00  9.9134796126300462e-01  1.0086756774388306e+00  -2.4259208762290544e-07  -7.3711697665911831e-05  6.0097617548754427e-05  9.9999891644075611e-01  9.9758322752512074e-01  1.0024411749366371e+00  1.0000001937854184e+00  9.9879771476722268e-01  1.0011917464138922e+00  -1.1778677580451302e-07  -1.0071218071660019e-05  1.0670108449516263e-05
5.9199999999996798e+01  9.9998432836212436e-01  9.8872184846231070e-01  1.0113155596802286e+00  1.0000033292828159e+00  9.9134594819878530e-01  1.0086812574352868e+00  -2.9444722463777280e-07  -6.7074909136825665e-05  6.1293151034726742e-05  9.9999878182086832e-01  9.9758344215077455e-01  1.0024401893308663e+00  1.0000002548139466e+00  9.9879175866007774e-01  1.0011882338218405e+00  -1.6835895749971803e-07  -1.0626470035800481e-05  1.2234572392905802e-05
5.9999999999996597e+01  9.9998496856816088e-01  9.8872241367400016e-01  1.0113200807827716e+00  1.0000043755102044e+00  9.9133465812236266e-01  1.0086870671236772e+00  -5.3451210437979575e-08  -6.4977898672439617e-05  6.0143873470001647e-05  9.9999858461536273e-01  9.9757831233094152e-01  1.0024381877275175e+00  1.0000004517656291e+00  9.9879752175071113e-01  1.0011884477260233e+00  -2.6682424897842825e-07  -1.0025870712799004e-05  1.0171836526101298e-05
6.0799999999996501e+01  9.9998586396491773e-01  9.8871927161364737e-01  1.0113238581007751e+00  1.0000049067422085e+00  9.9132735309919340e-01  1.0086941052603284e+00  2.5657603810857068e-07  -7.5279178984563927e-05  5.8951220216022601e-05  9.9999838660667151e-01  9.9757559883724567e-01  1.0024376465633773e+00  1.0000007037000305e+00  9.9880121468726635e-01  1.0011888870855881e+00  -1.9477775218798906e-07  -1.0574245439668563e-05  9.3458878230115901e-06
6.1599999999996299e+01  9.9998676281257448e-01  9.8871290312776983e-01  1.0113270432987365e+00  1.0000052836754696e+00  9.9133147269299904e-01  1.0087031490221638e+00  7.0981897804924415e-08  -7.6547169088964602e-05  6.1458684966214126e-05  9.9999833658629611e-01  9.9757744650182045e-01  1.0024359346340179e+00  1.0000006816017291e+00  9.9879756139150899e-01  1.0011864824102996e+00  2.3432084946150018e-08  -1.2072725748678985e-05  1.3303366446813973e-05
6.2399999999996197e+01  9.9998734736112715e-01  9.8871059757887036e-01  1.0113319243808423e+00  1.0000062636481084e+00  9.9133376173203291e-01  1.0087100977416632e+00  -3.6673983107563103e-07  -7.0227791550014977e-05  6.4956563112115984e-05  9.9999833547681716e-01  9.9757687822116115e-01  1.0024333381621529e+00  1.0000004662778808e+00  9.9879209909473654e-01  1.0011904367336915e+00  6.4154189861461072e-09  -1.2264830288125122e-05  1.1149347308808809e-05
6.3199999999996002e+01  9.9998786944797180e-01  9.8871295344078913e-01  1.0113384932916964e+00  1.0000075928297258e+00  9.9132423535689262e-01  1.0087127984977919e+00  -2.9924701416183920e-07  -6.6694747082474235e-05  6.2485657397555103e-05  9.9999821775433517e-01  9.9757219070538594e-01  1.0024318748552159e+00  1.0000004244353469e+00  9.9880050657030683e-01  1.0011905296570440e+00  -1.2351585507410367e-07  -1.7489984982860037e-05  1.4087379564772685e-05
6.3999999999995801e+01  9.9998866663749952e-01  9.8871236765540815e-01  1.0113431620329090e+00  1.0000085042484088e+00  9.9131335309299384e-01  1.0087173944803702e+00  1.7616530248694280e-08  -7.2886223694679201e-05  6.0310404836166831e-05  9.9999806277788006e-01  9.9757328596699646e-01  1.0024344332818740e+00  1.0000005036893538e+00  9.9879559368729942e-01  1.0011858736336261e+00  -1.6476190850440316e-07  -1.1276457433955001e-05  1.2839244100575841e-05
6.4799999999996203e+01  9.9998952106225469e-01  9.8870687963434523e-01  1.0113475183647027e+00  1.0000091976060264e+00  9.9131136301205525e-01  1.0087229462395557e+00  -7.1110331534670267e-08  -7.4515345278194166e-05  6.3376450775718792e-05  9.9999783459285130e-01  9.9757893469527337e-01  1.0024337234259009e+00  1.0000007531200859e+00  9.9878309975050938e-01  1.0011772066134419e+00  -3.4533726707070558e-07  -1.4267933662562747e-05  1.4439267429322219e-05
6.5599999999996697e+01  9.9999024361709565e-01  9.8870138573522603e-01  1.0113531162584717e+00  1.0000101392489054e+00  9.9131498877107727e-01  1.0087263577220091e+00  -1.5875486059463586e-07  -7.5666384269301360e-05  6.2891114929560380e-05  9.9999756637499548e-01  9.9757560610734786e-01  1.0024263333821690e+00  1.0000011660941572e+00  9.9878201624097807e-01  1.0011887672783089e+00  -2.3820517097599042e-07  -1.1643962656796383e-05  1.2009615527556171e-05
6.6399999999997107e+01  9.9999112059017103e-01  9.8869944043119828e-01  1.0113579525831529e+00  1.0000108828237937e+00  9.9131579988899299e-01  1.0087314367899869e+00  1.1519597015049326e-07  -7.1310126667604336e-05  6.1154998250449998e-05  9.9999765577991195e-01  9.9756794310914898e-01  1.0024206663712698e+00  1.0000009362021391e+00  9.9879449514729290e-01  1.0011998492421412e+00  3.5653453432097208e-07  -1.3138636016739628e-05  1.1993585447714381e-05
6.7199999999997502e+01  9.9999207740135199e-01  9.8870077134086876e-01  1.0113640402568276e+00  1.0000113985500600e+00  9.9130793718151688e-01  1.0087345995179242e+00  -2.8714727832409550e-09  -6.7597733652679444e-05  6.3042523192722745e-05  9.9999791031255225e-01  9.9756859798518438e-01  1.0024252335163033e+00  1.0000001341182194e+00  9.9879387599967195e-01  1.0011935611785412e+00  2.7713323894364017e-07  -1.3303685605411656e-05  1.3367996028338050e-05
6.7999999999997897e+01  9.9999275344204563e-01  9.8869831128761443e-01  1.0113680724923690e+00  1.0000124339186409e+00  9.9130143306790286e-01  1.0087402012908175e+00  -3.7194366412533799e-07  -7.5552928193018795e-05  5.7335354938998371e-05  9.9999763625542082e-01  9.9757297337676332e-01  1.0024266038368781e+00  1.0000001917357937e+00  9.9878308086130230e-01  1.0011818917486812e+00  -5.1516826367854594e-07  -1.3919171801301931e-05  1.1564831357132731e-05
6.8799999999998306e+01  9.9999350228230510e-01  9.8868924132163427e-01  1.0113679650830703e+00  1.0000135466113247e+00  9.9130830735000419e-01  1.0087550005174257e+00  -2.0070990337148056e-08  -7.9850950109040979e-05  5.9974894152222708e-05  9.9999710985618140e-01  9.9757170258385031e-01  1.0024218671482914e+00  1.0000010501112255e+00  9.9877928915415570e-01  1.0011864248410907e+00  -5.2746116128581704e-07  -1.3758243115663947e-05  1.3074288253367766e-05
6.9599999999998701e+01  9.9999473802559391e-01  9.8868624296702556e-01  1.0113749308519104e+00  1.0000137413899046e+00  9.9131026125695620e-01  1.0087592508080510e+00  5.5667192960528194e-07  -6.8648910581240941e-05  6.8496133403450765e-05  9.9999704004081924e-01  9.9756650752841902e-01  1.0024190193651084e+00  1.0000012503160800e+00  9.9878561598585081e-01  1.0011895145489789e+00  9.8099845317102340e-08  -1.2911792022071167e-05  1.2792772511142346e-05
7.0399999999999096e+01  9.9999600276998968e-01  9.8869201102722615e-01  1.0113870315214295e+00  1.0000136000950905e+00  9.9129463677800955e-01  1.0087496600630499e+00  3.2975275264272651e-07  -6.5511127504435697e-05  6.7904829576084075e-05  9.9999718611049482e-01  9.9756374201531384e-01  1.0024200185015977e+00  1.0000008120525710e+00  9.9879037831324569e-01  1.0011867821637563e+00  1.7012661514680257e-07  -1.3157227471597815e-05  1.1485570972327814e-05
7.1199999999999505e+01  9.9999686265848609e-01  9.8869112297266781e-01  1.0113890770373521e+00  1.0000141853837963e+00  9.9128571829289325e-01  1.0087558842170599e+00  -1.5231991225111899e-07  -7.5937435714248822e-05  5.6424796887553572e-05  9.9999712503420257e-01  9.9756568404577228e-01  1.0024216408046900e+00  1.0000006016156857e+00  9.9878546771344068e-01  1.0011792683319425e+00  -4.4858639728303802e-08  -1.0245451648527625e-05  1.2976141842494451e-05
7.1999999999999901e+01  9.9999770474601191e-01  9.8868302184885781e-01  1.0113890025100569e+00  1.0000150631845424e+00  9.9129132068840564e-01  1.0087712576628383e+00  -4.9010662144576116e-09  -7.8315461356508740e-05  5.9516645389536204e-05  9.9999699377346185e-01  9.9756683482694863e-01  1.0024207573305264e+00  1.0000005850507443e+00  9.9877860009001651e-01  1.0011748203004127e+00  -8.0775053362178848e-08  -1.0432923098331817e-05  1.2300981142522358e-05
7.2800000000000296e+01  9.9999880538360175e-01  9.8867776106777649e-01  1.0113969979690549e+00  1.0000155311395642e+00  9.9129446829989809e-01  1.0087723857084425e+00  1.6578306670902994e-07  -7.5512872116536721e-05  6.6112249011967560e-05  9.9999682827977843e-01  9.9756003682900796e-01  1.0024143348785846e+00  1.0000006781719784e+00  9.9878687374602482e-01  1.0011823081641835e+00  -2.1269048660933295e-07  -1.1561546234382087e-05  8.5558112286087634e-06
7.3600000000000705e+01  9.9999974988766172e-01  9.8867314983885024e-01  1.0114030364092241e+00  1.0000162117805971e+00  9.9129746093873183e-01  1.0087735584212816e+00  -2.3398062766569551e-07  -7.7173863822821800e-05  6.4963950234648069e-05  9.9999658539128378e-01  9.9755403530783893e-01  1.0024117478511620e+00  1.0000009785871560e+00  9.9879909576961967e-01  1.0011881702046919e+00  -2.6711806557904088e-07  -1.3530455909029027e-05  1.2676223719503818e-05
7.4400000000001199e+01  1.0000004914990983e+00  9.8867207436514559e-01  1.0114068929602451e+00  1.0000174254543071e+00  9.9129624056627397e-01  1.0087800054539546e+00  -3.3616026167091437e-07  -7.2043096106902264e-05  6.1667245616577428e-05  9.9999643500597579e-01  9.9755839755871523e-01  1.0024150906465794e+00  1.0000011682717695e+00  9.9879161780230630e-01  1.0011789668878714e+00  -1.1014401250997826e-07  -9.6682438778437480e-06  1.0484356204133242e-05
7.5200000000001594e+01  1.0000014490642377e+00  9.8867637760149563e-01  1.0114133155732024e+00  1.0000183947361518e+00  9.9128164598547353e-01  1.0087823030025620e+00  -8.5278167774663751e-08  -7.1104701950550422e-05  6.3500726537285830e-05  9.9999636537405467e-01  9.9756198710008981e-01  1.0024166057675352e+00  1.0000011608294073e+00  9.9877911249143947e-01  1.0011697764299961e+00  -4.3481237069647784e-08  -1.0776283985144318e-05  1.0690169346729935e-05
7.6000000000002004e+01  1.0000024180669671e+00  9.8867227622924969e-01  1.0114179598329331e+00  1.0000192793457405e+00  9.9127703488600727e-01  1.0087864157481055e+00  -2.5412928383297199e-07  -7.9207066332235104e-05  6.5915334320992014e-05  9.9999632185177345e-01  9.9755775964544291e-01  1.0024139217499328e+00  1.0000010524679490e+00  9.9878073745189877e-01  1.0011684917637871e+00  5.8745274923840342e-08  -1.0828414159363016e-05  9.4331113206257989e-06
7.6800000000002399e+01  1.0000033095574963e+00  9.8866249851932408e-01  1.0114216359073605e+00  1.0000203596073649e+00  9.9128696659160187e-01  1.0087930017251170e+00  -1.7565698602654988e-07  -7.9825266881571505e-05  6.6356968918086497e-05  9.9999633296247858e-01  9.9755187358597985e-01  1.0024116051880916e+00  1.0000007875479824e+00  9.9878975408062809e-01  1.0011699295548455e+00  7.4074748789493118e-08  -1.1286647771107404e-05  9.5811651563435914e-06
7.7600000000002794e+01  1.0000044581183205e+00  9.8866123496702851e-01  1.0114276380528007e+00  1.0000210050542677e+00  9.9128563951475235e-01  1.0087957486501711e+00  1.0401039990093891e-07  -7.3258121907154058e-05  6.3596812102774682e-05  9.9999616019199278e-01  9.9754874420598616e-01  1.0024078255103563e+00  1.0000008208457045e+00  9.9879590907193871e-01  1.0011745885642338e+00  -2.8410732177210139e-07  -9.6490021169201140e-06  9.3477733026954264e-06
7.8400000000003203e+01  1.0000054793979294e+00  9.8866300423163189e-01  1.0114327134720174e+00  1.0000217663314110e+00  9.9127622888504885e-01  1.0087994552758985e+00  -3.6383827511636035e-07  -7.1639494130614447e-05  6.0386676992924787e-05  9.9999580597460480e-01  9.9755037639636368e-01  1.0024058678838705e+00  1.0000013305147144e+00  9.9879204692467782e-01  1.0011760697882330e+00  -3.8086491106722690e-07  -9.9298049670186069e-06  9.0755262613878242e-06
7.9200000000003598e+01  1.0000061366711392e+00  9.8866007672820688e-01  1.0114353119686601e+00  1.0000233520746191e+00  9.9127384524435491e-01  1.0088085794757902e+00  -6.5857316022133731e-07  -7.6070989995847055e-05  6.0819754001883331e-05  9.9999567425469482e-01  9.9755238375595789e-01  1.0024091299159039e+00  1.0000015561948463e+00  9.9878382941032740e-01  1.0011681248522837e+00  -7.4055531327462558e-09  -6.1530702891664900e-06  7.8722741064667269e-06
8.0000000000003993e+01  1.0000071106764641e+00  9.8865633848165091e-01  1.0114394955127559e+00  1.0000246091277694e+00  9.9127352343632669e-01  1.0088158405698016e+00  -4.4071711130902122e-08  -7.4471883018695706e-05  6.2460384508430624e-05  9.9999572585137997e-01  9.9754886602192672e-01  1.0024092822809523e+00  1.0000013190314887e+00  9.9878511171031492e-01  1.0011604788538471e+00  8.6920752848761002e-08  -1.0861999634519560e-05  8.8362430299302695e-06
8.0800000000004403e+01  1.0000084484732816e+00  9.8865612668539082e-01  1.0114469839850009e+00  1.0000250347513542e+00  9.9126543062279782e-01  1.0088156008406777e+00  1.1305989657689064e-07  -6.9232237747168378e-05  6.6434998082121177e-05  9.9999560334528770e-01  9.9754442987717651e-01  1.0024043220332097e+00  1.0000012859681093e+00  9.9879138135653267e-01  1.0011655173357676e+00  -1.8006791147703505e-07  -6.9184114253125551e-06  6.3191869344826392e-06
8.1600000000004798e+01  1.0000094143848144e+00  9.8865419693126255e-01  1.0114536182830263e+00  1.0000259735448107e+00  9.9125874541065284e-01  1.0088146367235657e+00  -5.3008299447928211e-07  -7.6128835481627729e-05  6.4932881773622714e-05  9.9999535120345717e-01  9.9754460414974966e-01  1.0024011927694481e+00  1.0000015776791986e+00  9.9878999849703609e-01  1.0011687442058590e+00  -2.4559167989333152e-07  -7.5900763623073222e-06  8.5865350860608808e-06
8.2400000000005207e+01  1.0000101047534877e+00  9.8864663045854140e-01  1.0114546312060191e+00  1.0000276747116121e+00  9.9126596998886873e-01  1.0088248948266179e+00  -6.7534857590489254e-07  -8.2644388431285160e-05  5.6847360189247236e-05  9.9999520140561116e-01  9.9754614640301320e-01  1.0024020695640592e+00  1.0000017638102305e+00  9.9878341555292394e-01  1.0011649019467717e+00  -9.8093849229813670e-08  -7.5216894625597562e-06  8.1132219204680183e-06
8.3200000000005701e+01  1.0000110464303122e+00  9.8864276023863773e-01  1.0114558362304591e+00  1.0000291304726920e+00  9.9127099704295085e-01  1.0088386293950462e+00  -3.8170233977022273e-07  -7.6503084345541113e-05  5.9524993315794772e-05  9.9999513285696340e-01  9.9754419334504896e-01  1.0024011140247988e+00  1.0000017601887208e+00  9.9878204861388553e-01  1.0011617854391650e+00  -3.1752294620863199e-08  -8.2566073530815190e-06  8.2304480238422153e-06
8.4000000000006096e+01  1.0000121189247384e+00  9.8864508731438416e-01  1.0114636348234081e+00  1.0000302852744345e+00  9.9126095263087177e-01  1.0088398124474425e+00  -3.1559281243076937e-07  -6.7999307748850814e-05  6.7179140487642178e-05  9.9999504200179667e-01  9.9754089928942258e-01  1.0023979546581820e+00  1.0000017444799307e+00  9.9878514164731991e-01  1.0011639284246572e+00  -7.8182797866061950e-08  -7.3921916381797849e-06  6.4073637611631809e-06
8.4800000000006506e+01  1.0000132512394861e+00  9.8864360782191507e-01  1.0114713103726247e+00  1.0000312836277758e+00  9.9125244764084219e-01  1.0088369668153840e+00  -1.2846562131338941e-07  -7.4978159868084766e-05  6.6112830534533352e-05  9.9999485009105249e-01  9.9754168753901695e-01  1.0023980340829159e+00  1.0000019144713379e+00  9.9878143552682674e-01  1.0011618468892518e+00  -2.6317558244969818e-07  -8.2189660543782979e-06  6.6300961218480444e-06
8.5600000000006901e+01  1.0000145192102248e+00  9.8863726250438422e-01  1.0114745267084861e+00  1.0000319709319192e+00  9.9125529067598839e-01  1.0088418692987264e+00  -4.7784467822750597e-08  -7.9784860349648329e-05  6.0629871005066715e-05  9.9999452743119110e-01  9.9754208701209135e-01  1.0023986372738720e+00  1.0000024059121126e+00  9.9877590707535557e-01  1.0011555027883916e+00  -4.1823161144181088e-07  -6.7530512293157991e-06  6.3750186193400039e-06
8.6400000000007296e+01  1.0000156433291854e+00  9.8863346510273387e-01  1.0114771910819662e+00  1.0000328670222358e+00  9.9125839759933210e-01  1.0088502445039647e+00  -3.2902164260409145e-07  -7.6136716214078500e-05  6.0241415232181777e-05  9.9999425898146044e-01  9.9753646954700403e-01  1.0023937481750003e+00  1.0000029077821242e+00  9.9878207595313451e-01  1.0011606091377261e+00  -2.5459108628083952e-07  -8.4694657053907274e-06  6.0515650618873966e-06
8.7200000000007705e+01  1.0000166713790617e+00  9.8863342011510313e-01  1.0114824621464966e+00  1.0000340618231336e+00  9.9125429938330645e-01  1.0088545664982784e+00  -3.5288066873017142e-07  -7.2537025252342345e-05  6.4066302781392873e-05  9.9999420007184159e-01  9.9753289241060439e-01  1.0023889685152143e+00  1.0000030016605628e+00  9.9878820227493303e-01  1.0011675639396802e+00  1.8750000797037475e-08  -7.7720841202787150e-06  5.6961290199797409e-06
8.8000000000008100e+01  1.0000178022554767e+00  9.8863227162222200e-01  1.0114893188809932e+00  1.0000351557980034e+00  9.9124861240689877e-01  1.0088541883364075e+00  -3.0704781644145997e-07  -7.4319459502131445e-05  6.4949179319005761e-05  9.9999419258384337e-01  9.9753513753205780e-01  1.0023910180194160e+00  1.0000028599196948e+00  9.9878229504509108e-01  1.0011628257262664e+00  4.2275582958687553e-09  -8.7385870948403639e-06  6.6875193984033065e-06
8.8800000000008495e+01  1.0000188987195573e+00  9.8862820516645522e-01  1.0114937017979324e+00  1.0000363255013816e+00  9.9124719657385008e-01  1.0088569569527621e+00  -4.0623860190936962e-07  -7.6947475038163300e-05  6.1646583994700945e-05  9.9999401997418902e-01  9.9753464037284678e-01  1.0023915643588281e+00  1.0000029662556371e+00  9.9877802272647420e-01  1.0011559337773694e+00  -2.3426283495591630e-07  -7.8863002773178866e-06  6.0098130870523612e-06
8.9600000000008905e+01  1.0000200202213232e+00  9.8862452815215318e-01  1.0114960302184632e+00  1.0000375181344618e+00  9.9124709962433699e-01  1.0088649344336955e+00  -3.2188810522322086e-07  -7.6161248279890616e-05  5.9996858017232912e-05  9.9999374104528393e-01  9.9753063210688953e-01  1.0023884782963168e+00  1.0000033639935095e+00  9.9878148384226517e-01  1.0011565378576435e+00  -2.9262234393568951e-07  -6.7654211314837314e-06  5.7768442386963476e-06
9.0400000000009300e+01  1.0000212269550193e+00  9.8862279249745599e-01  1.0114998856816149e+00  1.0000385685747413e+00  9.9124489365520874e-01  1.0088717799583653e+00  -3.0348574144197156e-07  -7.5283929921990977e-05  6.1833450911511243e-05  9.9999358921341808e-01  9.9752937099794436e-01  1.0023860797742232e+00  1.0000036069164777e+00  9.9878173093935918e-01  1.0011578736247728e+00  -7.7628275928495048e-08  -5.8055762328382392e-06  7.0701768305289523e-06
9.1200000000009794e+01  1.0000223670809940e+00  9.8862079630628419e-01  1.0115052932122233e+00  1.0000397412964919e+00  9.9124284435688714e-01  1.0088753311918235e+00  -4.2870347351274453e-07  -7.6269467632006548e-05  6.3233729414330039e-05  9.9999355249396293e-01  9.9753031660061398e-01  1.0023855779024631e+00  1.0000035695791412e+00  9.9877644426102286e-01  1.0011556839255298e+00  -9.8582055724889132e-09  -5.1696492595568967e-06  5.3549075856061563e-06
9.2000000000010203e+01  1.0000235173747032e+00  9.8861789762341690e-01  1.0115107380143322e+00  1.0000409716127967e+00  9.9124167840117805e-01  1.0088774495982500e+00  -3.4753958351368014e-07  -7.6229092612183769e-05  6.3650127531830666e-05  9.9999343308241406e-01  9.9752895425184751e-01  1.0023852162251685e+00  1.0000036146350904e+00  9.9877393386620572e-01  1.0011520878990612e+00  -1.1539697014228919e-07  -5.2563392722117618e-06  4.7469503484033972e-06
9.2800000000010598e+01  1.0000247996419840e+00  9.8861546185540772e-01  1.0115157581095600e+00  1.0000419801219436e+00  9.9123893902202320e-01  1.0088794708156612e+00  -2.3320427858669171e-07  -7.4968751743417588e-05  6.3495349845308851e-05  9.9999330620105509e-01  9.9752462058606084e-01  1.0023827215619674e+00  1.0000037048351649e+00  9.9877819622072617e-01  1.0011522130013784e+00  -4.4647441223209825e-08  -6.0882702066816112e-06  5.4477633135457280e-06
9.3600000000010994e+01  1.0000260460598707e+00  9.8861328769243506e-01  1.0115197727118646e+00  1.0000430177520763e+00  9.9123563746925492e-01  1.0088833652833769e+00  -3.8983355975161980e-07  -7.5916857067464305e-05  6.2522183331951137e-05  9.9999323381806449e-01  9.9752180835736792e-01  1.0023796115186154e+00  1.0000036853689607e+00  9.9878174767821803e-01  1.0011548061276849e+00  -4.8040801286519402e-08  -4.7744494690208533e-06  6.1355947282281506e-06
9.4400000000011403e+01  1.0000271844828996e+00  9.8861043431929074e-01  1.0115225643137340e+00  1.0000443229275975e+00  9.9123492479127806e-01  1.0088905112951068e+00  -4.8297934244328537e-07  -7.7705289400542636e-05  6.0397983824558439e-05  9.9999305484511525e-01  9.9752288582750048e-01  1.0023783376503210e+00  1.0000038474222048e+00  9.9877726974663650e-01  1.0011544742214762e+00  -2.1535013683309311e-07  -5.5204651089670431e-06  6.0676883724295288e-06
9.5200000000011798e+01  1.0000284432996633e+00  9.8860802669412084e-01  1.0115266776613914e+00  1.0000455085541491e+00  9.9123471681208120e-01  1.0088961978222710e+00  -2.7266042531862834e-07  -7.7064930967279008e-05  6.3405024250882302e-05  9.9999284897045826e-01  9.9752298000401241e-01  1.0023774627798192e+00  1.0000041338348646e+00  9.9877200594092108e-01  1.0011524492753248e+00  -1.6127168215758818e-07  -5.9367873881734741e-06  5.0401547923480746e-06
9.6000000000012193e+01  1.0000298405825583e+00  9.8860701415811025e-01  1.0115338993166643e+00  1.0000464007513907e+00  9.9123084269709805e-01  1.0088949286012998e+00  -2.0951318448026298e-07  -7.4340114450728161e-05  6.6961072643334095e-05  9.9999275922628073e-01  9.9751932411998001e-01  1.0023763210560011e+00  1.0000042229491486e+00  9.9877399659774246e-01  1.0011505281522783e+00  -3.6701560892165594e-08  -5.9552841982189877e-06  6.2946327173993123e-06
9.6800000000012602e+01  1.0000311432447733e+00  9.8860481124758526e-01  1.0115396008392354e+00  1.0000474234103405e+00  9.9122706863474308e-01  1.0088940200599610e+00  -3.7288366257874043e-07  -7.6912003698502237e-05  6.5121273033164832e-05  9.9999265981284602e-01  9.9751628326402941e-01  1.0023758606724644e+00  1.0000042700542231e+00  9.9877703008163921e-01  1.0011470797454802e+00  -1.0414107085670796e-07  -6.4823490518895776e-06  5.8385852191314529e-06
9.7600000000012997e+01  1.0000324459160876e+00  9.8860034492502358e-01  1.0115403280986728e+00  1.0000485308973919e+00  9.9122835506384266e-01  1.0089031395449060e+00  -2.7037545407889777e-07  -7.9394517318248845e-05  5.7938314685276921e-05  9.9999249022349135e-01  9.9751559851955440e-01  1.0023739987830622e+00  1.0000044512294290e+00  9.9877559330466381e-01  1.0011458987807649e+00  -1.5569642366995446e-07  -6.9345800087128316e-06  6.0956508142538444e-06
9.8400000000013407e+01  1.0000338938850322e+00  9.8859748612640064e-01  1.0115419356616924e+00  1.0000493899424372e+00  9.9122921333874536e-01  1.0089139469612107e+00  -1.9312267645073706e-07  -7.7645515493027218e-05  6.0876837358492459e-05  9.9999234472274623e-01  9.9751469563268691e-01  1.0023707502221790e+00  1.0000046240848657e+00  9.9877330297686973e-01  1.0011481102678852e+00  -1.0872327638230147e-07  -6.6267950793623982e-06  5.9667706351862902e-06
9.9200000000013802e+01  1.0000351801671499e+00  9.8859678532251061e-01  1.0115488304107536e+00  1.0000505118337868e+00  9.9122576658937189e-01  1.0089148052450492e+00  -5.7558778193382575e-07  -7.5496153041495868e-05  6.6962487605034285e-05  9.9999222757190354e-01  9.9751327440054927e-01  1.0023701103374114e+00  1.0000047384173363e+00  9.9877170814640315e-01  1.0011464266110162e+00  -9.0785125013813525e-08  -6.4698858979437426e-06  6.4378917453116639e-06
1.0000000000001400e+02  1.0000362891152186e+00  9.8859458094039099e-01  1.0115562221713923e+00  1.0000521289489193e+00  9.9122339041877661e-01  1.0089113853976337e+00  -6.4701446614273148e-07  -7.7369667045807964e-05  6.6617279035619754e-05  9.9999211340749894e-01  9.9751073018651215e-01  1.0023702447520912e+00  1.0000048354184496e+00  9.9877224735666204e-01  1.0011416603909544e+00  -6.9888331551366588e-08  -6.1047642685589468e-06  6.3774728944486959e-06
1.0080000000001500e+02  1.0000377062872285e+00  9.8859184461139193e-01  1.0115602257025300e+00  1.0000533255073019e+00  9.9122193393758162e-01  1.0089130385148128e+00  -1.7196135551900001e-07  -7.6314730739545793e-05  6.3487042008705688e-05  9.9999202170534585e-01  9.9750646723594949e-01  1.0023671979070909e+00  1.0000048818821234e+00  9.9877704953736368e-01  1.0011424071257831e+00  -3.7078233088944370e-08  -8.1960982969209763e-06  6.3296405541068565e-06
1.0160000000001500e+02  1.0000393007522086e+00  9.8859038632005747e-01  1.0115627267215235e+00  1.0000540445330772e+00  9.9121811214951561e-01  1.0089189843931066e+00  -2.0570695530262195e-07  -7.5879391045310116e-05  6.1442588122950675e-05  9.9999192171010631e-01  9.9750478423847266e-01  1.0023648119882731e+00  1.0000049260245463e+00  9.9877832012417378e-01  1.0011436925414157e+00  -7.1200102594124793e-08  -7.0112873051805740e-06  6.1991181690190225e-06
1.0240000000001500e+02  1.0000405868446811e+00  9.8858752193193045e-01  1.0115659609048291e+00  1.0000552705368404e+00  9.9121707726932240e-01  1.0089249230465840e+00  -6.3650117644908998e-07  -7.9416963789970087e-05  6.1853781761654468e-05  9.9999177137510187e-01  9.9750623934233895e-01  1.0023650487087397e+00  1.0000050701950867e+00  9.9877191712277258e-01  1.0011396147120382e+00  -1.4769291521837169e-07  -6.8625931337368032e-06  7.2079935290532597e-06
1.0320000000001600e+02  1.0000418249520049e+00  9.8858362380169629e-01  1.0115705302055640e+00  1.0000567967335776e+00  9.9121984718569245e-01  1.0089283313991693e+00  -5.1737542401929479e-07  -7.9523693345556144e-05  6.3535496296805512e-05  9.9999157934117422e-01  9.9750464640199354e-01  1.0023631015528018e+00  1.0000053301544845e+00  9.9876903726138688e-01  1.0011382282141241e+00  -2.0354018821530686e-07  -7.8152157454972176e-06  8.1322366189029408e-06
1.0400000000001600e+02  1.0000433300798475e+00  9.8858219146159143e-01  1.0115752498855837e+00  1.0000578990382176e+00  9.9121860196152722e-01  1.0089304129301591e+00  -2.7198263836970015e-07  -7.5582886536545369e-05  6.5463328117262899e-05  9.9999139319177477e-01  9.9750074049281767e-01  1.0023599429643839e+00  1.0000056218804301e+00  9.9877205582220330e-01  1.0011403538782591e+00  -1.7060595597840877e-07  -6.2490339539437493e-06  6.7276142707812211e-06
1.0480000000001699e+02  1.0000448219666669e+00  9.8858185015563327e-01  1.0115789648694895e+00  1.0000589304626599e+00  9.9121304516572339e-01  1.0089338550515961e+00  -4.1275587071207476e-07  -7.5138214850733339e-05  6.4185378240008348e-05  9.9999129208885584e-01  9.9749968170520809e-01  1.0023594989448872e+00  1.0000057635424471e+00  9.9877103300719905e-01  1.0011379267821627e+00  -2.3470962033374518e-08  -7.3948339646419356e-06  7.9191735410243666e-06
1.0560000000001700e+02  1.0000462110907153e+00  9.8857965065911435e-01  1.0115834215190789e+00  1.0000601897633614e+00  9.9120971002811720e-01  1.0089360911329588e+00  -4.8230071185660713e-07  -7.9216991834699490e-05  6.4535635851305614e-05  9.9999127522324538e-01  9.9749901489330917e-01  1.0023580177118465e+00  1.0000056891446443e+00  9.9876783188954876e-01  1.0011359544108105e+00  5.9551665062432971e-08  -8.1770826659372158e-06  6.8222563473325579e-06
1.0640000000001800e+02  1.0000476515381151e+00  9.8857657761626139e-01  1.0115884887209197e+00  1.0000614366550220e+00  9.9120938970239447e-01  1.0089364855773526e+00  -4.5935750019720016e-07  -7.9228766252835116e-05  6.3799468917772752e-05  9.9999119833643868e-01  9.9749663272593792e-01  1.0023537268823137e+00  1.0000056592178850e+00  9.9876762570365840e-01  1.0011400316890195e+00  -7.4258648889545899e-08  -7.3681546789106715e-06  7.0530245739084159e-06
1.0720000000001799e+02  1.0000490808324569e+00  9.8857405329978787e-01  1.0115909336851028e+00  1.0000627359515661e+00  9.9120949650561663e-01  1.0089415067530325e+00  -5.3678188838038221e-07  -7.8613426404995596e-05  6.3682488419082852e-05  9.9999099635351385e-01  9.9749546055746585e-01  1.0023523316688099e+00  1.0000058940580621e+00  9.9876576904310166e-01  1.0011403127901080e+00  -2.0895587254588171e-07  -6.9323220262559087e-06  6.0893925776060751e-06
1.0800000000001801e+02  1.0000505228117540e+00  9.8857198005319646e-01  1.0115929226587907e+00  1.0000640730486765e+00  9.9120891164714564e-01  1.0089489006788783e+00  -4.8342862353558154e-07  -7.7960119758932499e-05  6.4566804942967808e-05  9.9999082128884498e-01  9.9749376036204673e-01  1.0023539141563935e+00  1.0000061654104593e+00  9.9876411739815985e-01  1.0011331953323725e+00  -1.1382935664048005e-07  -7.4182394338965816e-06  7.6335332674978931e-06
1.0880000000001900e+02  1.0000520465631422e+00  9.8857009257313566e-01  1.0115988816489090e+00  1.0000652822171767e+00  9.9120714809141619e-01  1.0089487555335575e+00  -4.4162548040683112e-07  -7.9523308381459858e-05  6.7327228834424961e-05  9.9999075364921808e-01  9.9748969806799959e-01  1.0023521997508491e+00  1.0000062338566538e+00  9.9876734790824673e-01  1.0011302522080310e+00  -1.5384856741714375e-08  -6.2292250024999632e-06  5.3840486508507003e-06
1.0960000000001899e+02  1.0000535290295214e+00  9.8856720671152631e-01  1.0116049756421090e+00  1.0000665663540165e+00  9.9120659438361169e-01  1.0089457227569369e+00  -5.5224348093949871e-07  -8.0364161946179426e-05  6.4646777152101547e-05  9.9999064989998676e-01  9.9748829331871824e-01  1.0023474372540273e+00  1.0000063117525599e+00  9.9876736641367281e-01  1.0011347692663970e+00  -1.1316403510254017e-07  -1.0492847887798226e-05  8.0825498780584309e-06
1.1040000000002000e+02  1.0000549919276078e+00  9.8856358800713484e-01  1.0116065277622375e+00  1.0000679557614987e+00  9.9120865685395387e-01  1.0089510373825179e+00  -5.5119996347999301e-07  -8.0114505893276556e-05  6.1265928135448506e-05  9.9999047123734319e-01  9.9748978795741428e-01  1.0023452251067881e+00  1.0000065496175088e+00  9.9875995425627428e-01  1.0011365795428555e+00  -1.6262992382486229e-07  -5.4736947622581528e-06  5.9220442236469267e-06
1.1120000000002000e+02  1.0000564896878716e+00  9.8856224629118139e-01  1.0116084008954698e+00  1.0000693300782602e+00  9.9120802401958119e-01  1.0089584002771403e+00  -5.9814118996876265e-07  -7.6800070728413493e-05  6.4587980478026714e-05  9.9999033313434560e-01  9.9748763100165305e-01  1.0023460882526043e+00  1.0000067552872656e+00  9.9875738718338292e-01  1.0011314113201473e+00  -9.9965757515486413e-08  -7.1282114042576277e-06  7.5912492102794258e-06
1.1200000000001999e+02  1.0000579115593544e+00  9.8856251300675224e-01  1.0116147821668977e+00  1.0000708900369650e+00  9.9120312177052250e-01  1.0089570772863738e+00  -7.2045953588836465e-07  -7.6498567200340215e-05  6.7731762582999019e-05  9.9999021365012508e-01  9.9748194617298114e-01  1.0023456974219183e+00  1.0000069132361249e+00  9.9876345691459512e-01  1.0011264709980592e+00  -1.1228499302877475e-07  -7.4984604546560797e-06  6.2530294201852864e-06
1.1280000000002100e+02  1.0000594421562465e+00  9.8856048298821775e-01  1.0116205105887617e+00  1.0000723502568505e+00  9.9120058544289102e-01  1.0089540175058149e+00  -4.3168596279571687e-07  -7.9142568167854923e-05  6.4593426643467323e-05  9.9999007925345418e-01  9.9747827065180539e-01  1.0023420637493361e+00  1.0000070964693935e+00  9.9876824368798722e-01  1.0011279408674367e+00  -9.9637398995061479e-08  -6.9088137152148776e-06  6.4383085131162372e-06
1.1360000000002100e+02  1.0000612630600147e+00  9.8855693935181377e-01  1.0116220156382172e+00  1.0000732188837032e+00  9.9120155628231199e-01  1.0089587260862733e+00  -1.5104981156923954e-07  -7.9947221812506526e-05  6.0835642007233545e-05  9.9998997180224314e-01  9.9747805829418568e-01  1.0023383811740860e+00  1.0000072301326353e+00  9.9876585450004018e-01  1.0011316203592457e+00  -8.7687602744075507e-08  -6.7955808236046555e-06  8.3984946292256598e-06
1.1440000000002200e+02  1.0000629439700615e+00  9.8855442696135032e-01  1.0116234307052203e+00  1.0000741882780124e+00  9.9120219097908768e-01  1.0089659909988791e+00  -5.7213029700625872e-07  -7.9483726353487256e-05  6.2137898148478338e-05  9.9998979161207902e-01  9.9747881523954496e-01  1.0023383499108818e+00  1.0000074870613807e+00  9.9875922464293854e-01  1.0011288103386171e+00  -2.4165610215356544e-07  -5.7356087327707641e-06  6.5159505998962185e-06
1.1520000000002200e+02  1.0000642647011762e+00  9.8855250594873756e-01  1.0116277719099043e+00  1.0000759552840526e+00  9.9120249273995209e-01  1.0089682534752185e+00  -9.4541994033613317e-07  -7.9340722116157176e-05  6.5103557295893898e-05  9.9998955356285757e-01  9.9747702787827686e-01  1.0023392770786721e+00  1.0000079158514674e+00  9.9875600586734270e-01  1.0011218749512176e+00  -2.1992197863078388e-07  -7.0608290005114499e-06  6.4408896282233470e-06
1.1600000000002200e+02  1.0000657327683435e+00  9.8855144698774033e-01  1.0116330565774783e+00  1.0000777250254926e+00  9.9120106966596355e-01  1.0089670539138216e+00  -6.0663960570725878e-07  -7.7404788436716813e-05  6.5811156528809605e-05  9.9998949505276546e-01  9.9747256053903854e-01  1.0023367210909473e+00  1.0000080483354181e+00  9.9875917911026080e-01  1.0011205565396004e+00  6.7489021414114765e-08  -6.6649618520143172e-06  5.1465500067686080e-06
1.1680000000002300e+02  1.0000675212412888e+00  9.8855093391354709e-01  1.0116368941796099e+00  1.0000788791405903e+00  9.9119713479254601e-01  1.0089673736909057e+00  -3.5471941556648186e-07  -7.7215447300989446e-05  6.3962919399062709e-05  9.9998952166280619e-01  9.9746963731063287e-01  1.0023334072051604e+00  1.0000079040649181e+00  9.9876134776958692e-01  1.0011225645527690e+00  4.2917903689259832e-08  -7.2580034792907655e-06  6.4966650435869281e-06
1.1760000000002300e+02  1.0000692190069327e+00  9.8854860686650414e-01  1.0116393521013227e+00  1.0000800585774292e+00  9.9119576135342102e-01  1.0089706013486244e+00  -5.8393182465996992e-07  -8.0176061494345788e-05  6.2377240660853417e-05  9.9998934138501572e-01  9.9746850584927882e-01  1.0023320925160752e+00  1.0000080875697934e+00  9.9875949489984994e-01  1.0011214152403065e+00  -2.4182651137564607e-07  -5.8561654350718657e-06  6.9862298125463670e-06
1.1840000000002399e+02  1.0000707849864134e+00  9.8854525020110517e-01  1.0116418026138461e+00  1.0000815521406099e+00  9.9119796448296338e-01  1.0089746344001964e+00  -6.5486207345978328e-07  -8.1118289634184493e-05  6.2723812477650644e-05  9.9998910393678475e-01  9.9746599257638169e-01  1.0023294308611341e+00  1.0000085000475014e+00  9.9875924150934536e-01  1.0011219871674368e+00  -1.7842798721052413e-07  -5.7271427500696854e-06  6.6629739910465222e-06
1.1920000000002400e+02  1.0000724556385214e+00  9.8854321165219394e-01  1.0116449786138961e+00  1.0000829557845061e+00  9.9119925721077995e-01  1.0089775411363981e+00  -5.6023925559151449e-07  -7.9569985171368566e-05  6.4377471523333613e-05  9.9998906077999083e-01  9.9746376890751254e-01  1.0023262285276160e+00  1.0000085937680934e+00  9.9875899619671926e-01  1.0011245508990978e+00  5.6533446296794102e-08  -6.6991334694311390e-06  6.0893751122917969e-06
1.2000000000002400e+02  1.0000741091302596e+00  9.8854237159632807e-01  1.0116496755732540e+00  1.0000843919720979e+00  9.9119785269156324e-01  1.0089770362824590e+00  -7.1492466531872148e-07  -7.8203742069076987e-05  6.6609872363266055e-05  9.9998903119342430e-01  9.9746316174523242e-01  1.0023273558388890e+00  1.0000085563158729e+00  9.9875522155332142e-01  1.0011190540774408e+00  -4.6143514978691331e-08  -6.3910772463546090e-06  8.2910840078348672e-06
1.2080000000002499e+02  1.0000756711266792e+00  9.8854114992260267e-01  1.0116549535394717e+00  1.0000860720824492e+00  9.9119582974792408e-01  1.0089737763782465e+00  -7.6652691778115518e-07  -7.9704080984049607e-05  6.6018887924648240e-05  9.9998882734000061e-01  9.9746077824278589e-01  1.0023290162879519e+00  1.0000088335492971e+00  9.9875375578786674e-01  1.0011095282575624e+00  -2.3985596260131170e-07  -6.2280122551718355e-06  7.2716296511639145e-06
1.2160000000002501e+02  1.0000774097781278e+00  9.8853791084737797e-01  1.0116565042046655e+00  1.0000875182345283e+00  9.9119743462076793e-01  1.0089766702455882e+00  -4.6806045176923024e-07  -8.2107186325167025e-05  6.0642204178016494e-05  9.9998863730927368e-01  9.9745689667000681e-01  1.0023246728541824e+00  1.0000091887729670e+00  9.9875588256031855e-01  1.0011106608266291e+00  -1.2709180039734276e-07  -5.5507964162752967e-06  5.2501799860033875e-06
1.2240000000002600e+02  1.0000793144279727e+00  9.8853493152827143e-01  1.0116561933768011e+00  1.0000885809201461e+00  9.9120030669929982e-01  1.0089855362528102e+00  -4.0490288204924094e-07  -8.0095503871747384e-05  6.2240006723604502e-05  9.9998859262962747e-01  9.9745508397547167e-01  1.0023189068529639e+00  1.0000092754463994e+00  9.9875557891911948e-01  1.0011181962700484e+00  1.4382874839809705e-08  -5.4899519985090944e-06  6.3641491524130007e-06
1.2320000000002599e+02  1.0000810366611945e+00  9.8853549071483460e-01  1.0116618187632573e+00  1.0000899160260586e+00  9.9119691069062033e-01  1.0089844710612039e+00  -7.4498960418534187e-07  -7.6623951074627150e-05  6.9952148311905370e-05  9.9998850875540590e-01  9.9745375759396826e-01  1.0023179994049836e+00  1.0000093556502616e+00  9.9875289459393046e-01  1.0011179998186028e+00  -1.1560996111619927e-07  -6.2524010520350067e-06  5.2285390530665151e-06
1.2400000000002700e+02  1.0000826171024719e+00  9.8853546980242957e-01  1.0116695800001501e+00  1.0000916634177437e+00  9.9119252307621808e-01  1.0089754029894007e+00  -8.1147505991965399e-07  -8.0282059756238587e-05  6.8358113314446475e-05  9.9998829778567444e-01  9.9745043926695776e-01  1.0023181373440015e+00  1.0000096946132722e+00  9.9875363923050398e-01  1.0011133092279501e+00  -2.3593557705678710e-07  -6.1224680157352847e-06  5.9385826459928241e-06
1.2480000000002700e+02  1.0000844093875632e+00  9.8853157283146098e-01  1.0116702701184290e+00  1.0000931519896277e+00  9.9119556677743792e-01  1.0089776630317395e+00  -5.1155431487314790e-07  -8.3269243370596765e-05  6.0547303735043743e-05  9.9998812731671416e-01  9.9744833621926110e-01  1.0023162565585160e+00  1.0000100383420012e+00  9.9875311757688490e-01  1.0011114462685158e+00  -1.2657349722940557e-07  -6.2833669819546445e-06  5.5782126312498772e-06
1.2560000000002699e+02  1.0000863219773310e+00  9.8852885823958814e-01  1.0116690531687718e+00  1.0000943431994931e+00  9.9119851087769051e-01  1.0089872476291166e+00  -5.3925198890162896e-07  -7.9805977830451469e-05  6.1388963950451079e-05  9.9998806211277413e-01  9.9744822592386428e-01  1.0023151608786065e+00  1.0000101739086693e+00  9.9874787377153051e-01  1.0011086642758160e+00  -2.8273509678063014e-08  -5.9039004298607457e-06  6.0381428186792103e-06
1.2640000000002800e+02  1.0000880436787711e+00  9.8852894895213939e-01  1.0116735923954909e+00  1.0000958644969045e+00  9.9119575483518774e-01  1.0089874515063311e+00  -8.1278168339041233e-07  -7.8625755834225110e-05  6.7733418667518063e-05  9.9998796984231042e-01  9.9744490142659403e-01  1.0023132870695324e+00  1.0000103001673313e+00  9.9874739566300252e-01  1.0011068014521096e+00  -1.0558961666965789e-07  -6.9629825139165808e-06  7.6227044522638537e-06
1.2720000000002800e+02  1.0000897712266950e+00  9.8852773160463459e-01  1.0116789287218211e+00  1.0000975266401753e+00  9.9119447035795372e-01  1.0089831276353340e+00  -6.6364789136016081e-07  -8.0832557341660400e-05  6.5893047931482365e-05  9.9998780581848934e-01  9.9743944659109984e-01  1.0023085788801314e+00  1.0000105713165226e+00  9.9875297251120310e-01  1.0011111133115294e+00  -1.6259311011111435e-07  -6.9915924310048174e-06  5.8963039824315582e-06
1.2800000000002899e+02  1.0000917383303229e+00  9.8852556047992157e-01  1.0116801914329152e+00  1.0000987763467477e+00  9.9119613936331163e-01  1.0089854551999211e+00  -4.4939710795511591e-07  -8.1021349275572747e-05  6.2345678793847384e-05  9.9998767901070140e-01  9.9743827346341829e-01  1.0023058624648011e+00  1.0000108161112689e+00  9.9875189210100790e-01  1.0011136189875414e+00  -8.2867105578791411e-08  -6.5478818067037758e-06  6.9291607331477245e-06
1.2880000000002801e+02  1.0000936081969996e+00  9.8852448277715832e-01  1.0116813058031038e+00  1.0001001099720612e+00  9.9119618366605300e-01  1.0089898119564291e+00  -7.8584583875939638e-07  -7.9852963692745159e-05  6.3600893857205363e-05  9.9998759986409158e-01  9.9743887904614448e-01  1.0023069712526942e+00  1.0000109552772618e+00  9.9874484796927199e-01  1.0011078024153617e+00  -6.7493838452222503e-08  -6.0452627802834609e-06  7.1557913003326920e-06
1.2960000000002699e+02  1.0000951906162130e+00  9.8852297536589051e-01  1.0116853849157978e+00  1.0001020903430158e+00  9.9119608487112731e-01  1.0089886816073457e+00  -1.0939195176154764e-06  -8.0846395425992993e-05  6.6963891513575557e-05  9.9998746128244109e-01  9.9743521049127948e-01  1.0023070179920648e+00  1.0000111828155513e+00  9.9874444076036417e-01  1.0011014101925981e+00  -1.6476939823003956e-07  -7.2658242461495522e-06  6.1628589428941316e-06
1.3040000000002601e+02  1.0000969195512406e+00  9.8852104713301281e-01  1.0116895568939617e+00  1.0001040349492338e+00  9.9119706183081691e-01  1.0089856311004841e+00  -7.3372216893072363e-07  -8.0695829069014977e-05  6.5634510583878456e-05  9.9998729153920030e-01  9.9743014450909173e-01  1.0023039551763648e+00  1.0000115077051341e+00  9.9874750546053581e-01  1.0011009358446552e+00  -1.5820116881508332e-07  -5.4689373386404314e-06  7.0696150486212491e-06
1.3120000000002599e+02  1.0000990500292715e+00  9.8852036508423169e-01  1.0116910662263732e+00  1.0001052014461065e+00  9.9119654870203044e-01  1.0089871187658126e+00  -3.0293914984575178e-07  -7.9753185023592659e-05  6.2337490991656915e-05  9.9998718461023373e-01  9.9742883468993182e-01  1.0023000037025658e+00  1.0000117384627174e+00  9.9874757413821091e-01  1.0011039533973225e+00  -8.0107953614546180e-08  -7.9758390178066612e-06  7.8336713663171450e-06
1.3200000000002501e+02  1.0001011369794484e+00  9.8851946550577219e-01  1.0116916949553376e+00  1.0001062252273221e+00  9.9119629861246095e-01  1.0089915220590155e+00  -6.0951885458204996e-07  -8.1120181741230893e-05  6.2932760034205453e-05  9.9998708315952389e-01  9.9742883325840082e-01  1.0022971226989592e+00  1.0000119284807423e+00  9.9874147400200064e-01  1.0011060663939106e+00  -1.1940258240255746e-07  -6.5627119696354250e-06  5.0613606097926044e-06
1.3280000000002400e+02  1.0001028037195248e+00  9.8851754184741913e-01  1.0116947352550194e+00  1.0001080728212171e+00  9.9119787673308302e-01  1.0089919373053584e+00  -1.1403872066400936e-06  -8.1304398907610889e-05  6.6825812391912786e-05  9.9998691964170416e-01  9.9742524997030901e-01  1.0022962383328879e+00  1.0000122351878773e+00  9.9874095520233908e-01  1.0011040935709772e+00  -1.8709699516122598e-07  -8.0086275177128685e-06  8.4167292363448415e-06
1.3360000000002299e+02  1.0001044812253839e+00  9.8851661991194184e-01  1.0116996549656736e+00  1.0001102113177214e+00  9.9119757548924170e-01  1.0089871434272681e+00  -9.0259981854779222e-07  -7.9925288825274059e-05  6.7800203671877250e-05  9.9998677557509474e-01  9.9742015147630869e-01  1.0022960808251122e+00  1.0000125462920750e+00  9.9874371214411739e-01  1.0010992733142623e+00  -1.1301796554066295e-07  -6.7097910902148603e-06  6.0149042789005640e-06
1.3440000000002300e+02  1.0001065937227294e+00  9.8851586453061913e-01  1.0117019059339272e+00  1.0001116052562693e+00  9.9119657274209327e-01  1.0089856151650831e+00  -4.3081479916330448e-07  -8.1074224409635992e-05  6.3096230966088872e-05  9.9998671600076428e-01  9.9741879827718771e-01  1.0022939233121384e+00  1.0000126905504432e+00  9.9874300856779219e-01  1.0010973937141714e+00  -2.2027822691889559e-08  -9.0420171443145164e-06  7.2787793105853288e-06
1.3520000000002199e+02  1.0001086943174098e+00  9.8851352359501798e-01  1.0117013558798020e+00  1.0001128105662365e+00  9.9119937397828062e-01  1.0089906191519677e+00  -7.1960276216355658e-07  -8.3140861743453702e-05  6.2007293394864154e-05  9.9998662634148883e-01  9.9741935433399087e-01  1.0022904398808921e+00  1.0000128386442810e+00  9.9873635115748904e-01  1.0010991206268915e+00  -1.2451993884315099e-07  -6.2515889798882491e-06  6.2149757505148411e-06
1.3600000000002100e+02  1.0001104257760360e+00  9.8851222766310887e-01  1.0117040985686019e+00  1.0001147398589576e+00  9.9120160781942401e-01  1.0089911162808125e+00  -1.1294967369825730e-06  -8.0405761679721912e-05  6.7620009161221118e-05  9.9998643939680765e-01  9.9741598355058925e-01  1.0022885265867163e+00  1.0000131899883029e+00  9.9873472690860265e-01  1.0010988489762631e+00  -2.0532390410865605e-07  -8.1804526829052190e-06  6.6836589552851963e-06
1.3680000000002099e+02  1.0001122307213572e+00  9.8851288921231839e-01  1.0117095408416805e+00  1.0001167923520389e+00  9.9119919563948411e-01  1.0089843677987240e+00  -8.6893191398301487e-07  -7.8986627360330710e-05  6.8357955577773698e-05  9.9998632924631425e-01  9.9741024984716753e-01  1.0022875167721266e+00  1.0000134609083693e+00  9.9873826634168361e-01  1.0010961070867395e+00  -3.6606444540130662e-08  -7.5512452427199333e-06  5.9870860944022233e-06
1.3760000000002000e+02  1.0001143581562553e+00  9.8851153103503586e-01  1.0117106401077189e+00  1.0001182661181309e+00  9.9119914755585070e-01  1.0089836430681052e+00  -5.7988251231434593e-07  -8.2860914174454604e-05  6.1843860224628614e-05  9.9998631335728805e-01  9.9740819731189678e-01  1.0022854648719930e+00  1.0000135090634603e+00  9.9873867426098573e-01  1.0010947020972980e+00  -1.2293780681763684e-08  -6.4082776656788104e-06  6.3967334583851867e-06
1.3840000000001899e+02  1.0001164250609700e+00  9.8850841845456239e-01  1.0117092944216544e+00  1.0001197123828289e+00  9.9120395613407919e-01  1.0089896518570396e+00  -8.3001203927294455e-07  -8.3677974390645879e-05  6.1862555652065549e-05  9.9998615125748058e-01  9.9740780151773878e-01  1.0022826310989013e+00  1.0000137794857098e+00  9.9873416089222777e-01  1.0010951853681971e+00  -2.5154554902277227e-07  -7.0216386811870400e-06  5.6669359740828188e-06
1.3920000000001801e+02  1.0001182675852860e+00  9.8850781881114802e-01  1.0117120731313072e+00  1.0001216426763406e+00  9.9120564079894724e-01  1.0089893858057961e+00  -1.0425480467894804e-06  -8.0077519201992867e-05  6.7666331624880401e-05  9.9998592139888220e-01  9.9740386748181564e-01  1.0022799476052466e+00  1.0000142720629341e+00  9.9873424512890174e-01  1.0010960203276098e+00  -2.1165278280323780e-07  -6.3178175529050327e-06  6.0424777137881202e-06
1.4000000000001799e+02  1.0001202554083799e+00  9.8850857152131077e-01  1.0117166206004802e+00  1.0001234787265951e+00  9.9120358302088374e-01  1.0089833795765346e+00  -7.2665432394478010e-07  -8.0014509473842884e-05  6.7990169865323377e-05  9.9998587089980084e-01  9.9740006766191913e-01  1.0022795621937657e+00  1.0000144748186213e+00  9.9873592274483769e-01  1.0010925595423803e+00  1.2314883684680571e-08  -6.0236122131975988e-06  7.4009221453249243e-06
1.4080000000001701e+02  1.0001225231776696e+00  9.8850731524398627e-01  1.0117181439052729e+00  1.0001247508834745e+00  9.9120448335513667e-01  1.0089813898229965e+00  -4.9690105966624000e-07  -8.2908371068866457e-05  6.4055893032217534e-05  9.9998581972438028e-01  9.9739959728612115e-01  1.0022801701426189e+00  1.0000145795776341e+00  9.9873074931702366e-01  1.0010854091335584e+00  -1.2784702078254257e-07  -5.2300188131941834e-06  5.4734443390568020e-06
1.4160000000001600e+02  1.0001246658397149e+00  9.8850522311718336e-01  1.0117182727682401e+00  1.0001261209308745e+00  9.9120818253253340e-01  1.0089831627387196e+00  -8.2162754728752997e-07  -8.2957379183120231e-05  6.3685986049279281e-05  9.9998557437401137e-01  9.9739704664701789e-01  1.0022758492620500e+00  1.0000150531441929e+00  9.9872813219360712e-01  1.0010867357096738e+00  -3.2987520595300880e-07  -5.9915052634402702e-06  5.6317817526809898e-06
1.4240000000001501e+02  1.0001265831286230e+00  9.8850497338727683e-01  1.0117200193168230e+00  1.0001280180928314e+00  9.9120916084424682e-01  1.0089827816658952e+00  -1.0139819199100794e-06  -8.0138991296221538e-05  6.6073237463646297e-05  9.9998539194682856e-01  9.9739136299021536e-01  1.0022697125492963e+00  1.0000155292332606e+00  9.9873240708041533e-01  1.0010947680980748e+00  -1.1944988032607782e-07  -7.5666543762639630e-06  5.1091024295783602e-06
1.4320000000001500e+02  1.0001286342097766e+00  9.8850594543809744e-01  1.0117231150502664e+00  1.0001298470664723e+00  9.9120685945385067e-01  1.0089789916004879e+00  -8.0895345910850116e-07  -7.9913247111101701e-05  6.7230758502183593e-05  9.9998542117037126e-01  9.9738805699028787e-01  1.0022697026280012e+00  1.0000155787716616e+00  9.9873402347562723e-01  1.0010926875923876e+00  8.7034436059628066e-08  -5.1329208105025052e-06  7.6687186024048507e-06
1.4400000000001401e+02  1.0001307982672274e+00  9.8850465697874845e-01  1.0117251441337214e+00  1.0001314554020602e+00  9.9120826408592622e-01  1.0089759351419698e+00  -8.2179406871253512e-07  -8.4338477147074243e-05  6.5166699873956240e-05  9.9998537864245240e-01  9.9738719550065191e-01  1.0022715262324473e+00  1.0000156330238896e+00  9.9872983235663970e-01  1.0010835627804013e+00  -1.1780070977522689e-07  -5.8073186028853059e-06  6.7378577707846949e-06
1.4480000000001300e+02  1.0001328630753492e+00  9.8850133369523596e-01  1.0117252109596835e+00  1.0001332448927711e+00  9.9121538411858989e-01  1.0089767220448946e+00  -9.4000705555766889e-07  -8.5506987520481544e-05  6.3997743419985529e-05  9.9998514218543488e-01  9.9738525181522042e-01  1.0022688460309841e+00  1.0000160835981129e+00  9.9872597264058494e-01  1.0010813013724433e+00  -2.9991831786994448e-07  -5.6975818132190981e-06  6.1411974577277582e-06
1.4560000000001301e+02  1.0001349992689339e+00  9.8850096074811666e-01  1.0117259469565252e+00  1.0001349911630966e+00  9.9121845030183109e-01  1.0089772599685924e+00  -7.7907710600143471e-07  -8.0171262659094455e-05  6.5347781411566159e-05  9.9998496753989774e-01  9.9738151451637147e-01  1.0022646672671340e+00  1.0000165405092152e+00  9.9872530003752769e-01  1.0010840058850734e+00  -1.3962247134929012e-07  -5.2193970032480695e-06  5.7588116882077211e-06
1.4640000000001200e+02  1.0001372380543638e+00  9.8850316519828263e-01  1.0117283528203571e+00  1.0001365344855595e+00  9.9121469522887262e-01  1.0089741684838214e+00  -7.8865568571776602e-07  -7.8919279535700896e-05  6.6786289269732863e-05  9.9998494175836294e-01  9.9737718250330321e-01  1.0022618672493688e+00  1.0000167020765343e+00  9.9872743340889514e-01  1.0010854502859028e+00  -5.9794143731796909e-09  -6.4090996954905884e-06  5.8547254796823679e-06
1.4720000000001099e+02  1.0001393263675253e+00  9.8850258476136843e-01  1.0117300900828063e+00  1.0001383516845044e+00  9.9121462579636932e-01  1.0089710924947417e+00  -1.0382534622644490e-06  -8.3572709618828507e-05  6.5764216548316662e-05  9.9998488806939334e-01  9.9737458302257198e-01  1.0022607749435011e+00  1.0000168328604877e+00  9.9872664668320188e-01  1.0010833915614494e+00  -7.8570909858235166e-08  -5.1013570082129829e-06  6.2356355018839576e-06
1.4800000000001000e+02  1.0001414144170386e+00  9.8850031370923819e-01  1.0117314733271578e+00  1.0001403117209233e+00  9.9121978472046846e-01  1.0089686043483361e+00  -9.0153301835068656e-07  -8.4240214114338692e-05  6.6356847428909570e-05  9.9998476811952752e-01  9.9737335939358773e-01  1.0022606154297335e+00  1.0000170897743252e+00  9.9872209967837910e-01  1.0010782297272633e+00  -1.2709226995768259e-07  -5.9203079816245393e-06  5.8971615952209331e-06
1.4880000000000999e+02  1.0001437491580214e+00  9.8850011329216703e-01  1.0117332146145892e+00  1.0001418508977824e+00  9.9122247844443923e-01  1.0089651845214900e+00  -6.5700709398097556e-07  -8.1808419385135276e-05  6.5833070041138733e-05  9.9998465820540416e-01  9.9737000020261479e-01  1.0022579089630612e+00  1.0000173625741242e+00  9.9871947631386893e-01  1.0010769663021855e+00  -1.1436565519872658e-07  -5.3446078134453927e-06  5.7058442023303044e-06
1.4960000000000900e+02  1.0001460306477807e+00  9.8850028406292323e-01  1.0117329252182330e+00  1.0001433860046154e+00  9.9122339319096675e-01  1.0089651938314437e+00  -9.1155322524497795e-07  -8.2328616381988732e-05  6.3002374827216199e-05  9.9998455076983683e-01  9.9736515943138604e-01  1.0022536449705379e+00  1.0000176376735852e+00  9.9872282561412662e-01  1.0010802124872684e+00  -1.3552837837611271e-07  -7.3631377336858276e-06  6.6722260865807675e-06
1.5040000000000799e+02  1.0001480951131281e+00  9.8849940813917703e-01  1.0117326736988013e+00  1.0001454031690469e+00  9.9122591346494093e-01  1.0089661955308951e+00  -1.1165283595772564e-06  -8.3071173063970833e-05  6.5557019503725643e-05  9.9998441792662573e-01  9.9736207398468457e-01  1.0022519845556330e+00  1.0000179695687796e+00  9.9872282091950737e-01  1.0010796432260900e+00  -1.7513521493062382e-07  -5.0706191560909906e-06  5.1346150580816228e-06
1.5120000000000701e+02  1.0001502720160027e+00  9.8849914605277567e-01  1.0117362832688672e+00  1.0001473847729789e+00  9.9122802695583057e-01  1.0089595746417674e+00  -9.1866858746575564e-07  -8.2294827614594730e-05  7.0238810475724457e-05  9.9998427625415909e-01  9.9736013328078632e-01  1.0022513757263198e+00  1.0000183418743882e+00  9.9871913934435697e-01  1.0010757360614693e+00  -1.7315892034074182e-07  -6.4749982235988759e-06  6.0303389506915318e-06
1.5200000000000699e+02  1.0001525915386635e+00  9.8849955619943419e-01  1.0117392833775949e+00  1.0001490984178685e+00  9.9122903369496440e-01  1.0089513506960233e+00  -8.6275621081087956e-07  -8.2136677280374919e-05  6.6848490225536510e-05  9.9998417925655692e-01  9.9735776089908612e-01  1.0022494692539887e+00  1.0000186452788404e+00  9.9871469973692784e-01  1.0010734435393909e+00  -8.9755559223473008e-08  -6.5338989822438991e-06  5.2837338967122345e-06
1.5280000000000601e+02  1.0001548706590209e+00  9.8849927200325050e-01  1.0117375792696661e+00  1.0001508595281858e+00  9.9123125004643042e-01  1.0089516782656551e+00  -9.0741650228128050e-07  -8.3327902192819310e-05  6.1975135693355507e-05  9.9998414006373071e-01  9.9735464319399370e-01  1.0022467885727950e+00  1.0000188133465548e+00  9.9871461962105368e-01  1.0010730234804874e+00  -3.2492721650900323e-08  -7.1981955948021172e-06  6.8768671967094199e-06
1.5360000000000500e+02  1.0001572020763660e+00  9.8849859723722289e-01  1.0117358004122685e+00  1.0001525662699400e+00  9.9123459101516564e-01  1.0089545697299900e+00  -8.2380415934973652e-07  -8.3292973890008922e-05  6.3938366449051506e-05  9.9998406727554012e-01  9.9735017205726084e-01  1.0022437722145416e+00  1.0000190031482596e+00  9.9871563468381408e-01  1.0010738599412408e+00  -1.1580499347637675e-07  -5.8943151660227435e-06  5.0197277828335894e-06
1.5440000000000501e+02  1.0001595289698135e+00  9.8849867111365297e-01  1.0117377370785592e+00  1.0001542806095467e+00  9.9123682366448829e-01  1.0089507353660518e+00  -9.7323562063011172e-07  -8.2343027172567643e-05  6.8243567880896296e-05  9.9998391287228272e-01  9.9734608588045026e-01  1.0022417801663228e+00  1.0000193648281304e+00  9.9871698622318472e-01  1.0010731882562398e+00  -2.1100966867714495e-07  -6.8220267692913998e-06  6.1632386792613545e-06
1.5520000000000400e+02  1.0001616985717983e+00  9.8849897754878546e-01  1.0117400836249786e+00  1.0001563562683993e+00  9.9123849633294792e-01  1.0089438509002524e+00  -1.1720350167029824e-06  -8.2870712949425067e-05  6.7189872335218366e-05  9.9998375920681781e-01  9.9734446915122388e-01  1.0022407078020505e+00  1.0000197842411718e+00  9.9871089366347210e-01  1.0010700913043773e+00  -1.8155791642478393e-07  -5.6731399929971519e-06  5.6166117118871098e-06
1.5600000000000301e+02  1.0001639599124057e+00  9.8849857981570677e-01  1.0117398860172824e+00  1.0001584153366241e+00  9.9124179547164637e-01  1.0089408598320078e+00  -9.4222765060316114e-07  -8.3887629862934194e-05  6.4673611487709544e-05  9.9998367127503052e-01  9.9734206328190056e-01  1.0022382553578495e+00  1.0000200964928363e+00  9.9870911527495865e-01  1.0010689422106049e+00  -9.7953331989567959e-08  -7.1053270858734344e-06  5.5447375505443107e-06
1.5680000000000200e+02  1.0001664585704688e+00  9.8849852042926367e-01  1.0117396982435811e+00  1.0001600226929988e+00  9.9124518529617056e-01  1.0089387564537640e+00  -7.3947830025091967e-07  -8.2946156632942932e-05  6.5986181778145787e-05  9.9998361596775187e-01  9.9733692795557349e-01  1.0022352977689792e+00  1.0000203142335564e+00  9.9871129925143565e-01  1.0010695130829446e+00  -7.5472913495661266e-08  -6.2772252881903665e-06  5.7855531091243124e-06
1.5760000000000201e+02  1.0001688951422323e+00  9.8849925899990454e-01  1.0117408103294911e+00  1.0001616449142816e+00  9.9124691719129576e-01  1.0089339717628525e+00  -9.3619713870453747e-07  -8.2482911059045006e-05  6.6837308762635804e-05  9.9998352695811754e-01  9.9733354811252795e-01  1.0022340350029952e+00  1.0000205692897119e+00  9.9871121896480941e-01  1.0010671685790229e+00  -1.3770639402075575e-07  -6.0895691688042875e-06  5.5278974690460134e-06
1.5840000000000100e+02  1.0001711978873704e+00  9.8849929950778315e-01  1.0117410543118119e+00  1.0001635825135504e+00  9.9124949691957598e-01  1.0089298941315723e+00  -1.0487358746161408e-06  -8.3632132274084103e-05  6.5452894781979030e-05  9.9998338817208932e-01  9.9733245294550044e-01  1.0022324243721583e+00  1.0000209370319113e+00  9.9870426793388611e-01  1.0010644494495324e+00  -1.9238976548735326e-07  -6.3250283364613406e-06  6.0421271878793699e-06
1.5919999999999999e+02  1.0001735578086115e+00  9.8849919715836143e-01  1.0117406537570115e+00  1.0001655292552845e+00  9.9125290085606022e-01  1.0089271363859429e+00  -1.0088743574867257e-06  -8.3233784122440068e-05  6.5401128647247863e-05  9.9998326614578104e-01  9.9732837665924023e-01  1.0022286560892073e+00  1.0000213130766857e+00  9.9870381443053668e-01  1.0010660251426831e+00  -1.4348791018972827e-07  -7.3011797814127718e-06  5.2005507436887644e-06
1.5999999999999901e+02  1.0001759151000424e+00  9.8849987979153342e-01  1.0117407232084568e+00  1.0001675166719313e+00  9.9125529442624194e-01  1.0089235617674550e+00  -1.1050979378180331e-06  -8.3058592084095473e-05  6.5906851764254359e-05  9.9998320193273327e-01  9.9732230896084317e-01  1.0022262111764730e+00  1.0000215795402674e+00  9.9870844879520837e-01  1.0010664400111535e+00  -8.3026762415328818e-08  -6.4985806957401788e-06  5.8546287035747968e-06
1.6079999999999899e+02  1.0001782636318000e+00  9.8849992649863205e-01  1.0117408847406950e+00  1.0001695916427580e+00  9.9125899774094051e-01  1.0089193381966957e+00  -1.0562719939470073e-06  -8.4509876389900253e-05  6.6201194555558836e-05  9.9998312895628838e-01  9.9731995250019767e-01  1.0022261078010943e+00  1.0000218302674533e+00  9.9870646826402132e-01  1.0010616195638617e+00  -1.2412978574397286e-07  -6.4492351310606125e-06  6.3326360921743137e-06
1.6159999999999800e+02  1.0001807754061878e+00  9.8849973154040516e-01  1.0117412588869412e+00  1.0001714066459240e+00  9.9126377522401254e-01  1.0089141551741581e+00  -8.4923077870262559e-07  -8.3919692892252926e-05  6.6771174237150886e-05  9.9998300974543264e-01  9.9731944953975415e-01  1.0022238620668504e+00  1.0000221723290368e+00  9.9869905273043369e-01  1.0010593550835731e+00  -1.7115587551566574e-07  -6.7347701118800172e-06  7.0548454703061251e-06
1.6239999999999699e+02  1.0001833319177207e+00  9.8850085301025448e-01  1.0117413311864152e+00  1.0001730739508434e+00  9.9126614051975026e-01  1.0089088680165865e+00  -9.1788166704938374e-07  -8.2153801881306525e-05  6.5930877213187832e-05  9.9998289488261327e-01  9.9731523451777360e-01  1.0022197119401541e+00  1.0000225366354181e+00  9.9869681999729598e-01  1.0010618488647349e+00  -1.5563622845570776e-07  -6.2700243447286892e-06  5.2918169222025790e-06
1.6319999999999700e+02  1.0001857451499307e+00  9.8850221056779286e-01  1.0117403632502877e+00  1.0001750174146538e+00  9.9126743364606595e-01  1.0089054306744254e+00  -1.1212110744170004e-06  -8.2876531041440704e-05  6.4833153966953452e-05  9.9998280068380818e-01  9.9730895473635084e-01  1.0022178184772275e+00  1.0000228697951572e+00  9.9870069198388101e-01  1.0010612763948925e+00  -1.3920396268734749e-07  -8.1574172940081081e-06  8.0332609545642699e-06
1.6399999999999599e+02  1.0001881352297366e+00  9.8850231361219898e-01  1.0117396313551676e+00  1.0001771321352533e+00  9.9127140037368933e-01  1.0089019226266678e+00  -1.1136751709599894e-06  -8.4921979750572280e-05  6.5904900927603826e-05  9.9998271789055349e-01  9.9730547146875281e-01  1.0022170763925087e+00  1.0000231772597181e+00  9.9870157203990184e-01  1.0010573604964979e+00  -1.1693639482460522e-07  -5.4912141165127539e-06  5.1423829042317735e-06
1.6479999999999501e+02  1.0001906322405523e+00  9.8850207677232682e-01  1.0117400386367605e+00  1.0001791241774678e+00  9.9127721277530423e-01  1.0088958154168635e+00  -1.0166258742669763e-06  -8.4795932465840684e-05  6.7272538501030851e-05  9.9998264894478961e-01  9.9730429125514908e-01  1.0022145677325556e+00  1.0000234504036762e+00  9.9869559837298905e-01  1.0010559676133848e+00  -1.0748006629444284e-07  -6.4780734186665876e-06  6.4230564565685124e-06
1.6559999999999400e+02  1.0001931753375548e+00  9.8850302991544603e-01  1.0117402580545698e+00  1.0001810271233911e+00  9.9128115341000711e-01  1.0088889649586337e+00  -1.0136949145661245e-06  -8.3114378687940344e-05  6.6447530126756779e-05  9.9998255739854380e-01  9.9730096449879013e-01  1.0022113693456371e+00  1.0000237576214972e+00  9.9869130257392313e-01  1.0010567317722261e+00  -1.5402558085622063e-07  -5.1102619053885198e-06  4.5312470659883001e-06
1.6639999999999401e+02  1.0001957038855676e+00  9.8850429300595033e-01  1.0117389932472625e+00  1.0001829698759264e+00  9.9128379423189816e-01  1.0088845672022750e+00  -1.0499143420581810e-06  -8.3530079197963341e-05  6.4483828309448428e-05  9.9998244417242477e-01  9.9729494942366903e-01  1.0022093893904360e+00  1.0000241246791353e+00  9.9869400592286306e-01  1.0010557046332247e+00  -1.6308259733369927e-07  -7.3015176967136550e-06  4.9274757024319665e-06
1.6719999999999300e+02  1.0001982340792488e+00  9.8850460277439989e-01  1.0117372352070118e+00  1.0001849553078104e+00  9.9128830123061595e-01  1.0088817470474256e+00  -1.0696747284652008e-06  -8.4694186165310014e-05  6.4778185475520476e-05  9.9998235596054719e-01  9.9729086825044155e-01  1.0022078501024512e+00  1.0000244629426769e+00  9.9869502431104895e-01  1.0010532134201386e+00  -1.3657820526677001e-07  -6.2968287661885334e-06  5.0814779068908937e-06
1.6799999999999201e+02  1.0002007744462404e+00  9.8850551130101116e-01  1.0117371224789420e+00  1.0001869699583605e+00  9.9129269468289294e-01  1.0088759434069983e+00  -1.0879424291854209e-06  -8.3309752131489236e-05  6.7332393676020668e-05  9.9998225936479668e-01  9.9728952654032965e-01  1.0022054486006144e+00  1.0000248099107667e+00  9.9868990451164819e-01  1.0010520054251915e+00  -1.7628333650175470e-07  -6.1128975083125732e-06  4.3798891143175013e-06
1.6879999999999100e+02  1.0002033398362382e+00  9.8850748514291642e-01  1.0117375970648763e+00  1.0001889855879087e+00  9.9129499212963157e-01  1.0088676251108102e+00  -1.0677758690700583e-06  -8.2975511623028663e-05  6.6803400315958216e-05  9.9998214066702018e-01  9.9728639863167823e-01  1.0022030732349512e+00  1.0000252125190552e+00  9.9868647191600468e-01  1.0010511454348117e+00  -1.7464999503223876e-07  -5.4735175989191678e-06  5.0023237730978366e-06
1.6959999999999101e+02  1.0002059485491248e+00  9.8850803869672232e-01  1.0117357356278762e+00  1.0001909525606232e+00  9.9129949505075932e-01  1.0088628807604483e+00  -1.0482582260473014e-06  -8.5486461982325863e-05  6.3674282368612366e-05  9.9998208161507418e-01  9.9728058477645976e-01  1.0022010666864813e+00  1.0000255189257388e+00  9.9868747317411433e-01  1.0010495355980187e+00  -7.2959323999926595e-08  -7.2671820058328582e-06  4.7915414980981933e-06
1.7039999999999000e+02  1.0002085526531037e+00  9.8850792399743559e-01  1.0117334305936987e+00  1.0001929485957806e+00  9.9130635825396474e-01  1.0088600353099428e+00  -1.1022816622611419e-06  -8.5017621203954802e-05  6.4959820415275388e-05  9.9998205979305665e-01  9.9727575374601563e-01  1.0021981199145595e+00  1.0000257176060139e+00  9.9868739766146664e-01  1.0010495822145478e+00  -7.5310897474119256e-08  -6.2632763102663610e-06  5.5656767892373500e-06
1.7119999999998899e+02  1.0002111484753762e+00  9.8850990765965707e-01  1.0117337593004696e+00  1.0001950116144198e+00  9.9130996586901332e-01  1.0088522004827856e+00  -1.1056075725319742e-06  -8.2448153202424495e-05  6.8126306722538310e-05  9.9998195463749495e-01  9.9727329417212141e-01  1.0021953648933526e+00  1.0000260493904718e+00  9.9868472866026370e-01  1.0010499100699595e+00  -2.1038667877702508e-07  -5.9778052107908287e-06  5.2700544559571458e-06
1.7199999999998900e+02  1.0002138090356198e+00  9.8851205151357935e-01  1.0117338293293476e+00  1.0001970030863958e+00  9.9131232821367377e-01  1.0088428995443643e+00  -1.0433423156378788e-06  -8.3784261267926818e-05  6.6071246395209830e-05  9.9998179158396749e-01  9.9727030128670835e-01  1.0021944500596887e+00  1.0000265450198997e+00  9.9868206068002807e-01  1.0010465849038506e+00  -2.4459922181904130e-07  -6.9613625642339667e-06  5.8935972777017896e-06
1.7279999999998799e+02  1.0002164775113687e+00  9.8851242044029919e-01  1.0117311006734404e+00  1.0001989873281638e+00  9.9131814333547930e-01  1.0088385207578794e+00  -1.1226760099328776e-06  -8.5547635735468581e-05  6.3234546941350877e-05  9.9998168965882539e-01  9.9726627963322823e-01  1.0021931404953015e+00  1.0000269748717512e+00  9.9868030540019503e-01  1.0010427572637677e+00  -1.5034258691642318e-07  -6.4183878309879101e-06  5.2965953870596435e-06
1.7359999999998701e+02  1.0002190676822638e+00  9.8851333426133448e-01  1.0117288020908646e+00  1.0002011670944433e+00  9.9132409498328167e-01  1.0088345803298877e+00  -1.2358944297767977e-06  -8.4117881548668462e-05  6.5226996203168245e-05  9.9998164937487000e-01  9.9726123077519269e-01  1.0021896187465851e+00  1.0000272662263576e+00  9.9867854651580756e-01  1.0010431930439834e+00  -9.1670280706380621e-08  -6.2442126291548963e-06  5.4773703044614993e-06
1.7439999999998599e+02  1.0002217017814501e+00  9.8851530833167223e-01  1.0117285774194031e+00  1.0002033641990422e+00  9.9132798748875117e-01  1.0088262412283093e+00  -1.1352376486780206e-06  -8.3602593597477097e-05  6.7120065730590561e-05  9.9998160722594420e-01  9.9725725579614966e-01  1.0021860986388900e+00  1.0000275226188982e+00  9.9867796718693058e-01  1.0010450024975410e+00  -1.0090564853912405e-07  -6.2504062892303605e-06  5.2836577220458250e-06
1.7519999999998601e+02  1.0002244676095509e+00  9.8851674584027283e-01  1.0117275969487347e+00  1.0002053370780262e+00  9.9133257790494256e-01  1.0088177240991922e+00  -1.0182661021720202e-06  -8.4411433984585060e-05  6.5291810208726087e-05  9.9998153117851574e-01  9.9725311945166717e-01  1.0021843297552135e+00  1.0000278336190711e+00  9.9867741701410950e-01  1.0010437474523075e+00  -1.5902950451124417e-07  -6.2980822459223331e-06  4.8405657643415345e-06
1.7599999999998499e+02  1.0002272325647170e+00  9.8851822130488187e-01  1.0117249244757782e+00  1.0002072771574193e+00  9.9133761423725597e-01  1.0088122836268125e+00  -1.0943974818032224e-06  -8.3989966944301807e-05  6.3797304447626722e-05  9.9998140819101355e-01  9.9724966498022083e-01  1.0021828386946126e+00  1.0000282561357365e+00  9.9867473550812491e-01  1.0010409788948720e+00  -2.2166375739732998e-07  -6.8511658452374905e-06  5.3342583890488040e-06
1.7679999999998401e+02  1.0002299311794545e+00  9.8852017569077455e-01  1.0117226286369367e+00  1.0002093787159589e+00  9.9134203671618748e-01  1.0088067391033573e+00  -1.1821386247363891e-06  -8.3989346236945783e-05  6.4942420568863551e-05  9.9998129670042202e-01  9.9724568267396840e-01  1.0021804690426628e+00  1.0000286997045129e+00  9.9867198188183881e-01  1.0010395057128774e+00  -1.7303653448410116e-07  -5.3918317870929449e-06  5.2343598791569053e-06
1.7759999999998300e+02  1.0002326364147343e+00  9.8852162249688091e-01  1.0117215332233020e+00  1.0002115494462518e+00  9.9134757093250592e-01  1.0087984347133705e+00  -1.1937641283259423e-06  -8.5010644148602663e-05  6.6315675734656047e-05  9.9998125449801334e-01  9.9724106193589623e-01  1.0021782230713716e+00  1.0000290150797693e+00  9.9867107744671357e-01  1.0010381425701407e+00  -9.7687763359544014e-08  -5.3027787281615506e-06  4.9126125381779817e-06
1.7839999999998301e+02  1.0002353589225135e+00  9.8852292665933938e-01  1.0117203498154339e+00  1.0002137425929634e+00  9.9135401449879668e-01  1.0087890914078481e+00  -1.2175280290559066e-06  -8.4737435809957497e-05  6.5656411597031614e-05  9.9998119571102628e-01  9.9723691333543563e-01  1.0021761378854235e+00  1.0000293222804448e+00  9.9866942377486900e-01  1.0010363764633270e+00  -1.7030068212578592e-07  -6.0245802565218852e-06  6.4405194144284224e-06
1.7919999999998200e+02  1.0002381019148197e+00  9.8852510315298070e-01  1.0117177290230133e+00  1.0002159474305912e+00  9.9135913759145400e-01  1.0087819211464391e+00  -1.1905047935267662e-06  -8.3665135030879578e-05  6.3615769503463167e-05  9.9998106168009759e-01  9.9723328446412696e-01  1.0021729705610487e+00  1.0000297837007250e+00  9.9866633866495857e-01  1.0010366495449814e+00  -2.4238438427308480e-07  -4.9850912806786390e-06  4.7998475381110990e-06
1.7999999999998099e+02  1.0002409290718566e+00  9.8852739702578352e-01  1.0117143644867557e+00  1.0002180300437056e+00  9.9136375113092734e-01  1.0087766563118881e+00  -1.0810130756900195e-06  -8.4193994142927375e-05  6.3411835155126702e-05  9.9998096748442622e-01  9.9722865828890028e-01  1.0021697838384604e+00  1.0000302213072416e+00  9.9866472452503607e-01  1.0010377318007215e+00  -1.4222350065967297e-07  -5.2229516526379947e-06  5.6521126557134731e-06
1.8079999999998100e+02  1.0002438207869950e+00  9.8852887615383334e-01  1.0117123089447002e+00  1.0002199774643428e+00  9.9137011053296198e-01  1.0087691563409678e+00  -1.0569558837160928e-06  -8.5251466142939177e-05  6.5543288218890207e-05  9.9998095837202650e-01  9.9722344830176146e-01  1.0021685174623089e+00  1.0000304812189389e+00  9.9866468943853037e-01  1.0010352416445507e+00  -7.0298252168370151e-08  -5.7236870742409430e-06  5.6514459682327660e-06
1.8159999999998001e+02  1.0002466492906603e+00  9.8853057527040766e-01  1.0117112812450044e+00  1.0002220367479808e+00  9.9137690493368646e-01  1.0087585828329968e+00  -1.2144569465557301e-06  -8.4477617008454404e-05  6.6172167973983345e-05  9.9998090354278091e-01  9.9721894948785628e-01  1.0021674720780009e+00  1.0000307767432024e+00  9.9866365774291643e-01  1.0010310439496797e+00  -1.7741766644226127e-07  -6.6242845771312474e-06  6.3696557989673118e-06
1.8239999999997900e+02  1.0002493790650042e+00  9.8853335918706331e-01  1.0117092772047744e+00  1.0002243661008483e+00  9.9138188391457793e-01  1.0087486373629981e+00  -1.3390995492790249e-06  -8.3370353697241847e-05  6.4675262327707408e-05  9.9998076538937686e-01  9.9721523241481569e-01  1.0021641254149467e+00  1.0000312554935231e+00  9.9866070409137297e-01  1.0010308807283379e+00  -2.5204626458044202e-07  -7.1387592033343964e-06  4.5191499803747520e-06
1.8319999999997799e+02  1.0002521848829693e+00  9.8853595466798483e-01  1.0117061598774566e+00  1.0002266777013422e+00  9.9138678611827569e-01  1.0087407285419487e+00  -1.1848144138453825e-06  -8.4377866142096259e-05  6.3397254969086334e-05  9.9998066680920850e-01  9.9721161428398830e-01  1.0021606169235620e+00  1.0000317179172531e+00  9.9865684681259037e-01  1.0010324103176900e+00  -1.6644848793676982e-07  -5.6867535491741376e-06  5.7935999116760290e-06
1.8399999999997800e+02  1.0002551732875853e+00  9.8853740200370066e-01  1.0117025234932095e+00  1.0002286575056463e+00  9.9139419318214139e-01  1.0087341818844209e+00  -1.0108661681135979e-06  -8.5736495555848656e-05  6.2513799166778749e-05  9.9998064215704852e-01  9.9720722374813831e-01  1.0021593570105327e+00  1.0000320302023202e+00  9.9865404279778047e-01  1.0010299075696198e+00  -1.0159012699761858e-07  -6.4293655895793394e-06  5.5288053954264469e-06
1.8479999999997699e+02  1.0002581259478216e+00  9.8853936967850786e-01  1.0116991134044455e+00  1.0002306317024863e+00  9.9140182944395838e-01  1.0087274885909732e+00  -1.1946745855103100e-06  -8.4336210451279667e-05  6.3486612191556802e-05  9.9998059525943261e-01  9.9720140393330658e-01  1.0021576058625787e+00  1.0000323428340798e+00  9.9865428124626698e-01  1.0010270343625440e+00  -1.6006943473659458e-07  -6.8191564455889786e-06  5.6289856432722427e-06
1.8559999999997601e+02  1.0002608955863248e+00  9.8854293360321555e-01  1.0116974163714296e+00  1.0002330101714638e+00  9.9140670484428439e-01  1.0087170553221425e+00  -1.4143272986126558e-06  -8.3125078517843433e-05  6.5980330799002247e-05  9.9998049270220557e-01  9.9719549407567343e-01  1.0021541265236833e+00  1.0000327696991265e+00  9.9865573948679509e-01  1.0010276460992231e+00  -2.1787784584650811e-07  -6.5316657019280674e-06  5.2010046086446137e-06
1.8639999999997499e+02  1.0002637233311809e+00  9.8854531145351054e-01  1.0116958736423107e+00  1.0002354461472160e+00  9.9141315129601004e-01  1.0087046365206696e+00  -1.2606265146499962e-06  -8.6045058651832299e-05  6.4715510932465464e-05  9.9998039898601987e-01  9.9719200959825871e-01  1.0021521334726291e+00  1.0000332183751033e+00  9.9865276487651444e-01  1.0010263577689067e+00  -1.8504923489919393e-07  -6.6601582288493054e-06  5.3477825893688381e-06
1.8719999999997501e+02  1.0002667482726819e+00  9.8854594881653546e-01  1.0116917567043497e+00  1.0002375418213534e+00  9.9142381588287309e-01  1.0086964388011144e+00  -1.0893529632794263e-06  -8.6604999333179521e-05  6.1414075308691146e-05  9.9998035943847596e-01  9.9718935396437025e-01  1.0021507825762175e+00  1.0000335712801882e+00  9.9864644525065382e-01  1.0010229600602230e+00  -1.1440558731763275e-07  -6.0589260548051476e-06  5.5739379379386277e-06
1.8799999999997399e+02  1.0002697485265519e+00  9.8854955065214578e-01  1.0116873187359889e+00  1.0002396162634308e+00  9.9143015875882123e-01  1.0086899815661352e+00  -1.2265323255998809e-06  -8.1300717047374531e-05  6.2461432553038239e-05  9.9998034183440188e-01  9.9718352133222565e-01  1.0021469641040166e+00  1.0000338526640367e+00  9.9864525656316716e-01  1.0010239298099186e+00  -1.1132375083206640e-07  -7.3076917860035872e-06  5.6176980804465950e-06
1.8879999999997301e+02  1.0002726407866791e+00  9.8855530353928545e-01  1.0116849304061013e+00  1.0002419427796148e+00  9.9143085712406476e-01  1.0086795614777289e+00  -1.3264664298220612e-06  -8.1343487126289539e-05  6.4528813402155516e-05  9.9998027247925658e-01  9.9717676241714626e-01  1.0021437338498631e+00  1.0000342136992069e+00  9.9864765863114180e-01  1.0010252903656398e+00  -2.0527547892044043e-07  -6.5517963046466112e-06  5.4090148379284851e-06
1.8959999999997299e+02  1.0002756122092920e+00  9.8855685308978747e-01  1.0116823165658351e+00  1.0002442276943735e+00  9.9143847350056935e-01  1.0086680533986834e+00  -1.2013882128299325e-06  -8.8089293731646932e-05  6.3270263526520778e-05  9.9998014391295720e-01  9.9717329996885296e-01  1.0021435232080720e+00  1.0000347219089769e+00  9.9864444838273347e-01  1.0010205677713848e+00  -2.6510812384789421e-07  -7.4327282694753760e-06  7.4019665524224224e-06
1.9039999999997201e+02  1.0002786733179978e+00  9.8855632254586523e-01  1.0116784047640914e+00  1.0002463522342215e+00  9.9145288978899360e-01  1.0086585828913965e+00  -1.1895566776446711e-06  -8.7821752297289024e-05  6.2144337884485453e-05  9.9998005070671425e-01  9.9716972612638799e-01  1.0021418575236694e+00  1.0000352141632121e+00  9.9863942723215082e-01  1.0010166946112711e+00  -1.8681226726206681e-07  -6.0448305452009546e-06  6.0085585522574776e-06
1.9119999999997100e+02  1.0002816459973309e+00  9.8856027814006242e-01  1.0116746529696887e+00  1.0002486415708562e+00  9.9146053392463984e-01  1.0086490436104862e+00  -1.3672881433664439e-06  -8.1262569184037653e-05  6.2472636210137098e-05  9.9998003474268637e-01  9.9716319081339355e-01  1.0021372798389170e+00  1.0000355510439403e+00  9.9863987808468713e-01  1.0010190429591570e+00  -1.0642214471991583e-07  -6.9950006586021036e-06  5.9913523361314432e-06
1.9199999999996999e+02  1.0002845753872256e+00  9.8856647315986690e-01  1.0116710875035437e+00  1.0002511157033653e+00  9.9146164366100609e-01  1.0086387268958121e+00  -1.3624315285843995e-06  -8.0792775532051618e-05  6.2275790106590840e-05  9.9998000878626447e-01  9.9715823633006029e-01  1.0021344031261203e+00  1.0000358604016544e+00  9.9863887628621262e-01  1.0010199644434881e+00  -1.5223292773533536e-07  -6.6138725865661058e-06  6.8120696393997268e-06
1.9279999999997000e+02  1.0002876588592180e+00  9.8856939850471071e-01  1.0116670767178531e+00  1.0002533802417575e+00  9.9146765471662102e-01  1.0086287164033367e+00  -1.1619132302207346e-06  -8.5836329368481758e-05  6.1598397756315097e-05  9.9997992797631430e-01  9.9715519193153368e-01  1.0021336159828769e+00  1.0000362743290889e+00  9.9863320326137228e-01  1.0010161446758525e+00  -2.0874207371145299e-07  -6.5224465834997491e-06  5.7868070730895915e-06
1.9359999999996899e+02  1.0002908162874800e+00  9.8857013089693679e-01  1.0116628449001173e+00  1.0002554611521561e+00  9.9147999549736521e-01  1.0086189281318638e+00  -1.1922176288984768e-06  -8.7291014274111435e-05  6.1590302136669577e-05  9.9997984718672805e-01  9.9714908081258191e-01  1.0021312640388977e+00  1.0000367225734546e+00  9.9863214823387292e-01  1.0010140157240717e+00  -2.0213699494515413e-07  -7.5911615590142592e-06  5.9853582921286849e-06
1.9439999999996800e+02  1.0002938387697702e+00  9.8857312772509476e-01  1.0116594473763776e+00  1.0002577913610620e+00  9.9149004023981258e-01  1.0086072842354912e+00  -1.4029962160513118e-06  -8.3263419330695850e-05  6.3157488072555751e-05  9.9997977601478261e-01  9.9714225778374166e-01  1.0021279046419393e+00  1.0000371645611548e+00  9.9863416354432843e-01  1.0010144798478955e+00  -2.0913753166418082e-07  -6.7593309786311930e-06  6.1010899414461710e-06
1.9519999999996699e+02  1.0002968412692015e+00  9.8857884431119325e-01  1.0116567407075991e+00  1.0002602840948307e+00  9.9149396635284981e-01  1.0085931715546457e+00  -1.3507060212675139e-06  -8.0784559592074614e-05  6.3064765975802227e-05  9.9997970831094474e-01  9.9713902943057764e-01  1.0021257454179355e+00  1.0000376069699080e+00  9.9862971505879106e-01  1.0010132459780587e+00  -1.8428619007908452e-07  -6.7988558975614963e-06  6.7881316120922446e-06
1.9599999999996700e+02  1.0003000030788023e+00  9.8858293940358855e-01  1.0116517759143691e+00  1.0002625421052729e+00  9.9149930458057201e-01  1.0085822308064980e+00  -1.1949367015838908e-06  -8.4589774871580081e-05  5.8954268970645878e-05  9.9997968985863284e-01  9.9713532267174254e-01  1.0021237395707985e+00  1.0000379560238633e+00  9.9862392971863234e-01  1.0010111572342704e+00  -1.1230272170767131e-07  -7.0038455538437220e-06  5.5962532814717410e-06
1.9679999999996599e+02  1.0003031609472015e+00  9.8858408542097398e-01  1.0116449151711815e+00  1.0002647660247572e+00  9.9151155986883233e-01  1.0085759283813756e+00  -1.3240307044063147e-06  -8.7379042746559877e-05  5.8140498640258271e-05  9.9997967011099720e-01  9.9712848968126022e-01  1.0021210628068893e+00  1.0000382739684943e+00  9.9862405498444351e-01  1.0010102130064482e+00  -1.7059750213107342e-07  -7.5744083196225684e-06  6.2658085425108067e-06
1.9759999999996501e+02  1.0003062059884047e+00  9.8858705449192408e-01  1.0116409743165611e+00  1.0002672522297202e+00  9.9152286509094034e-01  1.0085650809349982e+00  -1.4297230429738374e-06  -8.3394920438404485e-05  6.2827711676187599e-05  9.9997955663652083e-01  9.9712270443517070e-01  1.0021184405659809e+00  1.0000387728693041e+00  9.9862383500299112e-01  1.0010094415186122e+00  -2.9234794190349033e-07  -7.4616129264064838e-06  5.9613235725170894e-06
1.9839999999996499e+02  1.0003093608451112e+00  9.8859305682563436e-01  1.0116389993158763e+00  1.0002696443227532e+00  9.9152776425388378e-01  1.0085483743543302e+00  -1.2268964150048529e-06  -8.0831476044294871e-05  6.3102104590035031e-05  9.9997945101997088e-01  9.9711850175497629e-01  1.0021156464996395e+00  1.0000393239821066e+00  9.9862008528336688e-01  1.0010090423391242e+00  -2.1340142436355551e-07  -6.6482026142525680e-06  5.5894592030453213e-06
1.9919999999996401e+02  1.0003126600818724e+00  9.8859747993034564e-01  1.0116339182992957e+00  1.0002717445999207e+00  9.9153392279962005e-01  1.0085356176092573e+00  -1.1601847849077428e-06  -8.4088971305207202e-05  5.8515990815544239e-05  9.9997946422417172e-01  9.9711293023227709e-01  1.0021132179774372e+00  1.0000396559375422e+00  9.9861800180213445e-01  1.0010081631627177e+00  -8.0589906015166388e-08  -7.0910351365398665e-06  6.2244545479198361e-06
1.9999999999996299e+02  1.0003158406726742e+00  9.8859984825587488e-01  1.0116271866255737e+00  1.0002740244836863e+00  9.9154517998196334e-01  1.0085271046044539e+00  -1.4035496235699311e-06  -8.5577003359236145e-05  5.8091141677668983e-05  9.9997946159020890e-01  9.9710735066556266e-01  1.0021119699997880e+00  1.0000399484915994e+00  9.9861645714098390e-01  1.0010046986183849e+00  -1.7829761664715171e-07  -6.5726049830080573e-06  6.6251022714816227e-06
2.0000999999996299e+02  1.0003158792660778e+00  9.8859988197233462e-01  1.0116271132380816e+00  1.0002740556052356e+00  9.9154532848855681e-01  1.0085269879884842e+00  -1.4064472717976702e-06  -8.5561999665418562e-05  5.8120449912441910e-05  9.9997946071130006e-01  9.9710729159492162e-01  1.0021119541890375e+00  1.0000399535166862e+00  9.9861641959604508e-01  1.0010046490721154e+00  -1.8058313179379292e-07  -6.6127800407438237e-06  6.5746274204517249e-06
