# downsampled to dt=0.5 from the every-step stream
# time L2_Ham L2_Mom min_rho_req max_rho_req integral_neg_rho L2_Ham_rel L2_Mom_rel pump_force_L2 governor pump_fi_L2 L2_Ham_amr L2_Mom_amr L2_Ham_amr_rel L2_Mom_amr_rel Linf_Ham_amr L2_Ham_amr_ref
   0.0100000    1.9990873447e-04    2.8803675295e-07   -1.2920143473e-04    1.3136327821e-04    1.1434957955e-01    5.8017048867e-01    4.5184028019e-01    0.0000000000e+00    9.9999999992e-01    0.0000000000e+00    2.1191824210e-06    3.1731189354e-07    6.8541004488e-03    4.5183670583e-01    1.1583622814e-04    0.0000000000e+00
   0.5100000    1.0492788623e-04    1.3127955211e-06   -1.2814357750e-04    1.3034922422e-04    8.0398088995e-02    3.5035882569e-01    2.9460442210e-01    0.0000000000e+00    9.9999999992e-01    0.0000000000e+00    7.0217651604e-06    1.2331543717e-06    2.2717048102e-02    2.5602988539e-01    1.1216472623e-04    0.0000000000e+00
   1.0100000    6.3213065136e-05    1.7375153716e-06   -1.2757022277e-04    1.2991835876e-04    5.5878188558e-02    2.1989403508e-01    3.8848352326e-01    0.0000000000e+00    9.9999999992e-01    0.0000000000e+00    1.0451078194e-05    1.5279232562e-06    3.3809472906e-02    3.2546436522e-01    1.6848380202e-04    0.0000000000e+00
   1.5100000    4.8110924897e-05    1.9292423104e-06   -1.2598921523e-04    1.2866696663e-04    4.8307478517e-02    1.6910190406e-01    4.2648386069e-01    0.0000000000e+00    9.9999999992e-01    0.0000000000e+00    1.1130588575e-05    1.6738208546e-06    3.6007920621e-02    3.5914931523e-01    1.5078970185e-04    0.0000000000e+00
   2.0100000    3.7088932906e-05    1.7890914726e-06   -1.2365260835e-04    1.2661917359e-04    4.1950936383e-02    1.3112389024e-01    4.1376813242e-01    0.0000000000e+00    9.9999999992e-01    0.0000000000e+00    9.6095097767e-06    1.5489591146e-06    3.1092210337e-02    3.4671856303e-01    1.2484179936e-04    0.0000000000e+00
   2.5100000    2.6458788681e-05    1.5091388518e-06   -1.2395652635e-04    1.2718087389e-04    3.5878092771e-02    9.3952268328e-02    4.0578305113e-01    0.0000000000e+00    9.9999999993e-01    0.0000000000e+00    7.4716066442e-06    1.3286737073e-06    2.4182793953e-02    3.4227515827e-01    1.0063609907e-04    0.0000000000e+00
   3.0100000    1.8600414168e-05    1.2117823287e-06   -1.2412992794e-04    1.2788784675e-04    2.9836577866e-02    6.6214358351e-02    3.6467221955e-01    0.0000000000e+00    9.9999999993e-01    0.0000000000e+00    5.8788224886e-06    1.0860302756e-06    1.9034973205e-02    3.0817880662e-01    1.5357175447e-04    0.0000000000e+00
   3.5100000    1.4545234783e-05    9.8404756657e-07   -1.2587416299e-04    1.2945869771e-04    2.6741590647e-02    5.1833742722e-02    3.0226119845e-01    0.0000000000e+00    9.9999999993e-01    0.0000000000e+00    5.1016074726e-06    8.8886905833e-07    1.6522687979e-02    2.5435269069e-01    1.0050470910e-04    0.0000000000e+00
   4.0100000    1.2809162561e-05    8.6013383453e-07   -1.2469827469e-04    1.2801968814e-04    2.5487693895e-02    4.5664471268e-02    2.9822675639e-01    0.0000000000e+00    9.9999999993e-01    0.0000000000e+00    4.8519178415e-06    7.8379175486e-07    1.5715481445e-02    2.5310923722e-01    1.7324288313e-04    0.0000000000e+00
   4.5100000    1.1520908909e-05    7.6295638960e-07   -1.2497628301e-04    1.2741813851e-04    2.4713056545e-02    4.1076906909e-02    2.6881502531e-01    0.0000000000e+00    9.9999999993e-01    0.0000000000e+00    4.5868625916e-06    6.9438547926e-07    1.4856017785e-02    2.2684315994e-01    1.6286284027e-04    0.0000000000e+00
   5.0100000    1.0051188413e-05    6.5827061715e-07   -1.2535828636e-04    1.2700004928e-04    2.3761743145e-02    3.5840667344e-02    2.0988436812e-01    0.0000000000e+00    9.9999999993e-01    0.0000000000e+00    4.2050558427e-06    5.9330150340e-07    1.3618403453e-02    1.7401396674e-01    1.4211108393e-04    0.0000000000e+00
   5.5100000    8.5131326321e-06    5.7547301744e-07   -1.2491275626e-04    1.2603291586e-04    2.2611508007e-02    3.0361470327e-02    2.0927112211e-01    0.0000000000e+00    9.9999999993e-01    0.0000000000e+00    3.8729085032e-06    5.2363776049e-07    1.2542775521e-02    1.7504163061e-01    1.7138306698e-04    0.0000000000e+00
   6.0100000    7.0723454404e-06    4.9144056143e-07   -1.2502403251e-04    1.2606117717e-04    2.1455115383e-02    2.5227480608e-02    1.7710697099e-01    0.0000000000e+00    9.9999999993e-01    0.0000000000e+00    3.5224432266e-06    4.5161089448e-07    1.1408309932e-02    1.4900689212e-01    1.7275340423e-04    0.0000000000e+00
   6.5100000    5.9036965774e-06    4.2242934916e-07   -1.2473522963e-04    1.2626100283e-04    2.0467442499e-02    2.1063908704e-02    1.5271107188e-01    0.0000000000e+00    9.9999999993e-01    0.0000000000e+00    3.2479428186e-06    3.9548617870e-07    1.0520891802e-02    1.3054080588e-01    1.8088679905e-04    0.0000000000e+00
   7.0100000    5.0782134347e-06    3.8843695964e-07   -1.2427421309e-04    1.2646597232e-04    1.9701302002e-02    1.8123271564e-02    1.5009252863e-01    0.0000000000e+00    9.9999999993e-01    0.0000000000e+00    3.0796587423e-06    3.7819044047e-07    9.9778017895e-03    1.3325594948e-01    1.8870037584e-04    0.0000000000e+00
   7.5100000    4.5471799686e-06    3.5121388638e-07   -1.2389328133e-04    1.2660247097e-04    1.9160805979e-02    1.6230820562e-02    1.3696268392e-01    0.0000000000e+00    9.9999999993e-01    0.0000000000e+00    2.9582525714e-06    3.5041628738e-07    9.5857866217e-03    1.2444643773e-01    1.9549986472e-04    0.0000000000e+00
   8.0100000    4.2525305933e-06    3.2010042269e-07   -1.2361665785e-04    1.2646084837e-04    1.8800673950e-02    1.5180489339e-02    1.2349237514e-01    0.0000000000e+00    9.9999999993e-01    0.0000000000e+00    2.9058070869e-06    3.2543752540e-07    9.4165715089e-03    1.1422937184e-01    2.0207073804e-04    0.0000000000e+00
   8.5100000    4.1021816865e-06    3.0641556206e-07   -1.2350097069e-04    1.2604313594e-04    1.8571456958e-02    1.4644379880e-02    1.1913878129e-01    0.0000000000e+00    9.9999999993e-01    0.0000000000e+00    2.8954435073e-06    3.1772451031e-07    9.3832990826e-03    1.1233392215e-01    2.0823678688e-04    0.0000000000e+00
   9.0100000    4.0211025124e-06    2.9638078921e-07   -1.2352078214e-04    1.2553195237e-04    1.8432224721e-02    1.4354785873e-02    1.1688478392e-01    0.0000000000e+00    9.9999999993e-01    0.0000000000e+00    2.8999586290e-06    3.1167366494e-07    9.3977927111e-03    1.1173005925e-01    2.1315095009e-04    0.0000000000e+00
   9.5100000    3.9731321208e-06    2.8678784659e-07   -1.2356733591e-04    1.2514315198e-04    1.8344835902e-02    1.4182836233e-02    1.1490804773e-01    0.0000000000e+00    9.9999999993e-01    0.0000000000e+00    2.9163585441e-06    3.0441742485e-07    9.4504437503e-03    1.1084386194e-01    2.1772561818e-04    0.0000000000e+00
  10.0100000    3.9403158428e-06    2.7956454599e-07   -1.2354711346e-04    1.2503447601e-04    1.8276761085e-02    1.4064791169e-02    1.1303575096e-01    0.0000000000e+00    9.9999999993e-01    0.0000000000e+00    2.9406803529e-06    2.9875629386e-07    9.5286249042e-03    1.0975314707e-01    2.2286301593e-04    0.0000000000e+00
  10.5100000    3.9154282455e-06    2.7377467775e-07   -1.2341825163e-04    1.2521707967e-04    1.8213672432e-02    1.3975116520e-02    1.1092202645e-01    0.0000000000e+00    9.9999999993e-01    0.0000000000e+00    2.9697759947e-06    2.9399594451e-07    9.6223042022e-03    1.0820877725e-01    2.2878841126e-04    0.0000000000e+00
  11.0100000    3.8970997998e-06    2.6911504667e-07   -1.2320828640e-04    1.2553003786e-04    1.8151950379e-02    1.3908955144e-02    1.0922228874e-01    0.0000000000e+00    9.9999999993e-01    0.0000000000e+00    3.0028608906e-06    2.9004108375e-07    9.7289633150e-03    1.0692386957e-01    2.3543196926e-04    0.0000000000e+00
  11.5100000    3.8852096685e-06    2.6591372657e-07   -1.2299773341e-04    1.2574434629e-04    1.8091448419e-02    1.3865703747e-02    1.0860788341e-01    0.0000000000e+00    9.9999999993e-01    0.0000000000e+00    3.0391000876e-06    2.8741038368e-07    9.8457788084e-03    1.0661616657e-01    2.4176235038e-04    0.0000000000e+00
  12.0100000    3.8794275177e-06    2.6372418622e-07   -1.2285923098e-04    1.2569011969e-04    1.8035065751e-02    1.3843945307e-02    1.0810149009e-01    0.0000000000e+00    9.9999999993e-01    0.0000000000e+00    3.0774696783e-06    2.8569343644e-07    9.9692610615e-03    1.0635282682e-01    2.4668332953e-04    0.0000000000e+00
  12.5100000    3.8793593132e-06    2.6192720998e-07   -1.2281951178e-04    1.2534343150e-04    1.7984570111e-02    1.3842141828e-02    1.0694498119e-01    0.0000000000e+00    9.9999999993e-01    0.0000000000e+00    3.1174749706e-06    2.8426602364e-07    1.0097704244e-02    1.0540379074e-01    2.5025620713e-04    0.0000000000e+00
  13.0100000    3.8846045394e-06    2.6013159576e-07   -1.2285373264e-04    1.2484946297e-04    1.7939639794e-02    1.3858956744e-02    1.0570314318e-01    0.0000000000e+00    9.9999999993e-01    0.0000000000e+00    3.1592071226e-06    2.8272987919e-07    1.0231462557e-02    1.0432841000e-01    2.5316296896e-04    0.0000000000e+00
  13.5100000    3.8945033193e-06    2.5814797689e-07   -1.2289676839e-04    1.2444203149e-04    1.7899390348e-02    1.3892335431e-02    1.0552236451e-01    0.0000000000e+00    9.9999999993e-01    0.0000000000e+00    3.2027540021e-06    2.8087885499e-07    1.0371038230e-02    1.0428474284e-01    2.5604581169e-04    0.0000000000e+00
  14.0100000    3.9083262538e-06    2.5630089182e-07   -1.2287816889e-04    1.2430015832e-04    1.7863258937e-02    1.3940009788e-02    1.0597644072e-01    0.0000000000e+00    9.9999999993e-01    0.0000000000e+00    3.2476278653e-06    2.7905804624e-07    1.0515105457e-02    1.0486238098e-01    2.5951456311e-04    0.0000000000e+00
  14.5100000    3.9258978491e-06    2.5516024789e-07   -1.2276554475e-04    1.2444524350e-04    1.7831649956e-02    1.4001503017e-02    1.0620560229e-01    0.0000000000e+00    9.9999999993e-01    0.0000000000e+00    3.2934240061e-06    2.7772136701e-07    1.0662477069e-02    1.0508877538e-01    2.6389697210e-04    0.0000000000e+00
  15.0100000    3.9469716574e-06    2.5476850010e-07   -1.2258337633e-04    1.2473659048e-04    1.7804873518e-02    1.4075800326e-02    1.0637492795e-01    0.0000000000e+00    9.9999999993e-01    0.0000000000e+00    3.3404994828e-06    2.7697403458e-07    1.0814216107e-02    1.0520894069e-01    2.6886951174e-04    0.0000000000e+00
  15.5100000    3.9700805683e-06    2.5472706791e-07   -1.2239606746e-04    1.2495600842e-04    1.7780958989e-02    1.4157329638e-02    1.0657752622e-01    0.0000000000e+00    9.9999999993e-01    0.0000000000e+00    3.3891974960e-06    2.7651721281e-07    1.0971176545e-02    1.0532286860e-01    2.7362809106e-04    0.0000000000e+00
  16.0100000    3.9937958306e-06    2.5548173758e-07   -1.2226956810e-04    1.2493342545e-04    1.7757011682e-02    1.4240641509e-02    1.0666274887e-01    0.0000000000e+00    9.9999999993e-01    0.0000000000e+00    3.4389007919e-06    2.7657240411e-07    1.1131082224e-02    1.0515354142e-01    2.7743417178e-04    0.0000000000e+00
  16.5100000    4.0188524208e-06    2.5675486020e-07   -1.2223443182e-04    1.2464419456e-04    1.7732729589e-02    1.4328172835e-02    1.0676193387e-01    0.0000000000e+00    9.9999999993e-01    0.0000000000e+00    3.4886013923e-06    2.7707448613e-07    1.1290519337e-02    1.0494377401e-01    2.8005786629e-04    0.0000000000e+00
  17.0100000    4.0470551583e-06    2.5771020450e-07   -1.2227007324e-04    1.2421993763e-04    1.7710080333e-02    1.4426439677e-02    1.0701926292e-01    0.0000000000e+00    9.9999999993e-01    0.0000000000e+00    3.5378185962e-06    2.7737364271e-07    1.1447990308e-02    1.0502599935e-01    2.8190449122e-04    0.0000000000e+00
  17.5100000    4.0789920474e-06    2.5832110756e-07   -1.2231843931e-04    1.2386728790e-04    1.7690735366e-02    1.4537839764e-02    1.0794037455e-01    0.0000000000e+00    9.9999999993e-01    0.0000000000e+00    3.5866389226e-06    2.7726648498e-07    1.1604014106e-02    1.0577696227e-01    2.8376748899e-04    0.0000000000e+00
  18.0100000    4.1135924947e-06    2.5947404452e-07   -1.2231842187e-04    1.2374619474e-04    1.7676362424e-02    1.4658903299e-02    1.0999441735e-01    0.0000000000e+00    9.9999999993e-01    0.0000000000e+00    3.6355000475e-06    2.7701983037e-07    1.1760286829e-02    1.0735221365e-01    2.8633180543e-04    0.0000000000e+00
  18.5100000    4.1489639044e-06    2.6122918814e-07   -1.2224048660e-04    1.2387985203e-04    1.7666374679e-02    1.4783063138e-02    1.1195657966e-01    0.0000000000e+00    9.9999999993e-01    0.0000000000e+00    3.6847363794e-06    2.7730540157e-07    1.1918036925e-02    1.0898455188e-01    2.8977366260e-04    0.0000000000e+00
  19.0100000    4.1833741555e-06    2.6361317811e-07   -1.2210204279e-04    1.2414554626e-04    1.7655588024e-02    1.4904048391e-02    1.1373924287e-01    0.0000000000e+00    9.9999999993e-01    0.0000000000e+00    3.7343860933e-06    2.7776308262e-07    1.2077310706e-02    1.1013502578e-01    2.9371151708e-04    0.0000000000e+00
  19.5100000    4.2164495473e-06    2.6777900149e-07   -1.2195551197e-04    1.2434928191e-04    1.7641072512e-02    1.5020222422e-02    1.1611824956e-01    0.0000000000e+00    9.9999999993e-01    0.0000000000e+00    3.7842152042e-06    2.7916892610e-07    1.2237104608e-02    1.1142111855e-01    2.9746435799e-04    0.0000000000e+00
  20.0100000    4.2495112800e-06    2.7193229594e-07   -1.2185681105e-04    1.2433998945e-04    1.7625239744e-02    1.5135969411e-02    1.1830137541e-01    0.0000000000e+00    9.9999999993e-01    0.0000000000e+00    3.8339852356e-06    2.8092438790e-07    1.2396383054e-02    1.1261879476e-01    3.0042573622e-04    0.0000000000e+00
  20.5100000    4.2844536398e-06    2.7559010663e-07   -1.2183305441e-04    1.2409584051e-04    1.7613110063e-02    1.5257880339e-02    1.1970642935e-01    0.0000000000e+00    9.9999999993e-01    0.0000000000e+00    3.8833325423e-06    2.8218077710e-07    1.2553839936e-02    1.1298449560e-01    3.0240105102e-04    0.0000000000e+00
  21.0100000    4.3226775137e-06    2.7894995018e-07   -1.2186809241e-04    1.2373178961e-04    1.7606483093e-02    1.5391037207e-02    1.2118637581e-01    0.0000000000e+00    9.9999999993e-01    0.0000000000e+00    3.9320777903e-06    2.8331516292e-07    1.2708972374e-02    1.1350529247e-01    3.0372953686e-04    0.0000000000e+00
  21.5100000    4.3637483175e-06    2.8169018788e-07   -1.2191364698e-04    1.2342738939e-04    1.7606289892e-02    1.5534182431e-02    1.2400302818e-01    0.0000000000e+00    9.9999999993e-01    0.0000000000e+00    3.9803587950e-06    2.8403392389e-07    1.2862468403e-02    1.1543723836e-01    3.0508949981e-04    0.0000000000e+00
  22.0100000    4.4057865016e-06    2.8433428211e-07   -1.2191814163e-04    1.2332093941e-04    1.7608603736e-02    1.5680943114e-02    1.2693492388e-01    0.0000000000e+00    9.9999999993e-01    0.0000000000e+00    4.0282128485e-06    2.8444888437e-07    1.3014715337e-02    1.1740717636e-01    3.0707112585e-04    0.0000000000e+00
  22.5100000    4.4469842507e-06    2.8730027652e-07   -1.2185630294e-04    1.2343270921e-04    1.7609668336e-02    1.5825037046e-02    1.2962904759e-01    0.0000000000e+00    9.9999999993e-01    0.0000000000e+00    4.0757889890e-06    2.8509235195e-07    1.3166322587e-02    1.1917887160e-01    3.0983238688e-04    0.0000000000e+00
  23.0100000    4.4861563283e-06    2.9051850881e-07   -1.2174212391e-04    1.2365873882e-04    1.7607882158e-02    1.5962141512e-02    1.3237261811e-01    0.0000000000e+00    9.9999999993e-01    0.0000000000e+00    4.1235452765e-06    2.8607883429e-07    1.3318681914e-02    1.2111802478e-01    3.1304500834e-04    0.0000000000e+00
  23.5100000    4.5228941755e-06    2.9453912191e-07   -1.2161942406e-04    1.2383511283e-04    1.7601929718e-02    1.6090514135e-02    1.3535062422e-01    0.0000000000e+00    9.9999999993e-01    0.0000000000e+00    4.1716043574e-06    2.8739186359e-07    1.3471946054e-02    1.2297175148e-01    3.1610442089e-04    0.0000000000e+00
  24.0100000    4.5581705651e-06    2.9910114415e-07   -1.2153581779e-04    1.2383419655e-04    1.7593633428e-02    1.6213320494e-02    1.3829024464e-01    0.0000000000e+00    9.9999999993e-01    0.0000000000e+00    4.2193556565e-06    2.8901003917e-07    1.3623893032e-02    1.2477822116e-01    3.1849095958e-04    0.0000000000e+00
  24.5100000    4.5933341752e-06    3.0353283608e-07   -1.2151542617e-04    1.2363595448e-04    1.7585511457e-02    1.6335222455e-02    1.4052731921e-01    0.0000000000e+00    9.9999999993e-01    0.0000000000e+00    4.2656066610e-06    2.9071742752e-07    1.3770556810e-02    1.2615797798e-01    3.2005996263e-04    0.0000000000e+00
  25.0100000    4.6296176025e-06    3.0797205280e-07   -1.2154578338e-04    1.2333455249e-04    1.7582820706e-02    1.6460695911e-02    1.4370737445e-01    0.0000000000e+00    9.9999999993e-01    0.0000000000e+00    4.3104491148e-06    2.9223243617e-07    1.3912312366e-02    1.2808240945e-01    3.2111856524e-04    0.0000000000e+00
  25.5100000    4.6675039532e-06    3.1275130795e-07   -1.2158614194e-04    1.2307895844e-04    1.7586437862e-02    1.6591721352e-02    1.4793767958e-01    0.0000000000e+00    9.9999999993e-01    0.0000000000e+00    4.3552502538e-06    2.9373761446e-07    1.4053796904e-02    1.3091831182e-01    3.2222373084e-04    0.0000000000e+00
  26.0100000    4.7057218407e-06    3.1610756054e-07   -1.2159222452e-04    1.2298535831e-04    1.7590240851e-02    1.6724060340e-02    1.5188619793e-01    0.0000000000e+00    9.9999999993e-01    0.0000000000e+00    4.4007237310e-06    2.9522513495e-07    1.4197551803e-02    1.3413825042e-01    3.2384311086e-04    0.0000000000e+00
  26.5100000    4.7431548547e-06    3.1938097242e-07   -1.2154199365e-04    1.2307314533e-04    1.7587020769e-02    1.6853878579e-02    1.5579951973e-01    0.0000000000e+00    9.9999999993e-01    0.0000000000e+00    4.4463499988e-06    2.9633319878e-07    1.4342013834e-02    1.3694252757e-01    3.2610273401e-04    0.0000000000e+00
  27.0100000    4.7803140709e-06    3.2236450902e-07   -1.2144699666e-04    1.2325906944e-04    1.7580603627e-02    1.6982902329e-02    1.5969428803e-01    0.0000000000e+00    9.9999999993e-01    0.0000000000e+00    4.4916928202e-06    2.9747477371e-07    1.4485700836e-02    1.3968332857e-01    3.2873974582e-04    0.0000000000e+00
  27.5100000    4.8171065864e-06    3.2591899820e-07   -1.2134389938e-04    1.2340937009e-04    1.7574787349e-02    1.7110554902e-02    1.6348189300e-01    0.0000000000e+00    9.9999999993e-01    0.0000000000e+00    4.5363536401e-06    2.9829771299e-07    1.4627118366e-02    1.4183910005e-01    3.3126892713e-04    0.0000000000e+00
  28.0100000    4.8535896999e-06    3.2766643608e-07   -1.2127258978e-04    1.2341761116e-04    1.7575501311e-02    1.7236788295e-02    1.6539008012e-01    0.0000000000e+00    9.9999999993e-01    0.0000000000e+00    4.5798608925e-06    2.9979649137e-07    1.4764531580e-02    1.4331963068e-01    3.3326573732e-04    0.0000000000e+00
  28.5100000    4.8895584768e-06    3.2834424519e-07   -1.2125366770e-04    1.2326328676e-04    1.7581171983e-02    1.7360759810e-02    1.6626138210e-01    0.0000000000e+00    9.9999999993e-01    0.0000000000e+00    4.6228504926e-06    3.0136760480e-07    1.4899890972e-02    1.4426920419e-01    3.3460837676e-04    0.0000000000e+00
  29.0100000    4.9254257883e-06    3.2783311524e-07   -1.2127754380e-04    1.2301892671e-04    1.7594320334e-02    1.7484013494e-02    1.6791674916e-01    0.0000000000e+00    9.9999999993e-01    0.0000000000e+00    4.6661888347e-06    3.0114047781e-07    1.5036053734e-02    1.4553728524e-01    3.3553448242e-04    0.0000000000e+00
  29.5100000    4.9611165533e-06    3.2801584501e-07   -1.2131086204e-04    1.2280420537e-04    1.7603735579e-02    1.7606505060e-02    1.6949344882e-01    0.0000000000e+00    9.9999999993e-01    0.0000000000e+00    4.7096961421e-06    3.0014135153e-07    1.5172629659e-02    1.4623761981e-01    3.3648526457e-04    0.0000000000e+00
  30.0100000    4.9974792211e-06    3.2714793428e-07   -1.2131635141e-04    1.2271620567e-04    1.7605183390e-02    1.7731481477e-02    1.7080316591e-01    0.0000000000e+00    9.9999999993e-01    0.0000000000e+00    4.7526526903e-06    3.0038037146e-07    1.5307505140e-02    1.4778293467e-01    3.3784154788e-04    0.0000000000e+00
  30.5100000    5.0353015970e-06    3.2591154198e-07   -1.2127441069e-04    1.2277661900e-04    1.7606204774e-02    1.7861851124e-02    1.7302144431e-01    0.0000000000e+00    9.9999999993e-01    0.0000000000e+00    4.7954187517e-06    3.0072195854e-07    1.5441942603e-02    1.5028533162e-01    3.3971275062e-04    0.0000000000e+00
  31.0100000    5.0725821771e-06    3.2599581606e-07   -1.2119370178e-04    1.2292388954e-04    1.7610016215e-02    1.7990449230e-02    1.7582934171e-01    0.0000000000e+00    9.9999999993e-01    0.0000000000e+00    4.8377669570e-06    3.0023288387e-07    1.5575155251e-02    1.5233369246e-01    3.4189644594e-04    0.0000000000e+00
  31.5100000    5.1061847404e-06    3.2692877489e-07   -1.2110489384e-04    1.2305168273e-04    1.7608395121e-02    1.8105961763e-02    1.7599780480e-01    0.0000000000e+00    9.9999999993e-01    0.0000000000e+00    4.8786952993e-06    3.0064231061e-07    1.5703748322e-02    1.5213453676e-01    3.4401640427e-04    0.0000000000e+00
  32.0100000    5.1359648460e-06    3.2530517277e-07   -1.2104207035e-04    1.2307015184e-04    1.7607641659e-02    1.8207673975e-02    1.7551802862e-01    0.0000000000e+00    9.9999999993e-01    0.0000000000e+00    4.9189416257e-06    3.0136795485e-07    1.5829915213e-02    1.5256727813e-01    3.4574162134e-04    0.0000000000e+00
  32.5100000    5.1627399037e-06    3.2583483579e-07   -1.2102327354e-04    1.2295513964e-04    1.7609179088e-02    1.8298384093e-02    1.7647092483e-01    0.0000000000e+00    9.9999999993e-01    0.0000000000e+00    4.9589792416e-06    3.0113171730e-07    1.5955085397e-02    1.5277720578e-01    3.4696070524e-04    0.0000000000e+00
  33.0100000    5.1890231532e-06    3.2577647726e-07   -1.2104113426e-04    1.2275828485e-04    1.7610981378e-02    1.8387051937e-02    1.7637949022e-01    0.0000000000e+00    9.9999999993e-01    0.0000000000e+00    4.9989710422e-06    3.0122250963e-07    1.6079824456e-02    1.5256854535e-01    3.4782893314e-04    0.0000000000e+00
  33.5100000    5.2167135006e-06    3.2495734911e-07   -1.2106804134e-04    1.2257421864e-04    1.7611349458e-02    1.8480576393e-02    1.7593629347e-01    0.0000000000e+00    9.9999999993e-01    0.0000000000e+00    5.0388876738e-06    3.0188386196e-07    1.6204187818e-02    1.5273447797e-01    3.4867310563e-04    0.0000000000e+00
  34.0100000    5.2472889535e-06    3.2267453899e-07   -1.2107239834e-04    1.2248578309e-04    1.7609029514e-02    1.8584383539e-02    1.7648053486e-01    0.0000000000e+00    9.9999999993e-01    0.0000000000e+00    5.0788559841e-06    3.0221768736e-07    1.6328755948e-02    1.5414974203e-01    3.4980599794e-04    0.0000000000e+00
  34.5100000    5.2792662949e-06    3.2281969998e-07   -1.2103678653e-04    1.2251912679e-04    1.7606259045e-02    1.8693327297e-02    1.7881861243e-01    0.0000000000e+00    9.9999999993e-01    0.0000000000e+00    5.1191135105e-06    3.0077889285e-07    1.6454390827e-02    1.5523553297e-01    3.5135165574e-04    0.0000000000e+00
  35.0100000    5.3101379216e-06    3.2305470027e-07   -1.2096761148e-04    1.2263244066e-04    1.7602111748e-02    1.8798499078e-02    1.7862657213e-01    0.0000000000e+00    9.9999999993e-01    0.0000000000e+00    5.1576345610e-06    3.0068508206e-07    1.6574557551e-02    1.5485916552e-01    3.5318189711e-04    0.0000000000e+00
  35.5100000    5.3404109358e-06    3.1924931039e-07   -1.2089054033e-04    1.2274214924e-04    1.7598433817e-02    1.8901547801e-02    1.7737388446e-01    0.0000000000e+00    9.9999999993e-01    0.0000000000e+00    5.1955657442e-06    3.0223318098e-07    1.6692813025e-02    1.5593299622e-01    3.5500292291e-04    0.0000000000e+00
  36.0100000    5.3696911970e-06    3.1991125687e-07   -1.2083478533e-04    1.2277046097e-04    1.7597102773e-02    1.9000903020e-02    1.7731624143e-01    0.0000000000e+00    9.9999999993e-01    0.0000000000e+00    5.2338805999e-06    3.0139111820e-07    1.6812127811e-02    1.5493455254e-01    3.5653388706e-04    0.0000000000e+00
  36.5100000    5.3987424430e-06    3.1829951590e-07   -1.2081617025e-04    1.2268780634e-04    1.7602945753e-02    1.9099156781e-02    1.7510489500e-01    0.0000000000e+00    9.9999999993e-01    0.0000000000e+00    5.2714333494e-06    3.0126587498e-07    1.6928723227e-02    1.5348483744e-01    3.5766342249e-04    0.0000000000e+00
  37.0100000    5.4282042124e-06    3.1502188555e-07   -1.2082897479e-04    1.2252727806e-04    1.7604062632e-02    1.9198582912e-02    1.7324777457e-01    0.0000000000e+00    9.9999999993e-01    0.0000000000e+00    5.3095762464e-06    3.0174122603e-07    1.7046950990e-02    1.5331088600e-01    3.5849102691e-04    0.0000000000e+00
  37.5100000    5.4576253540e-06    3.1544739848e-07   -1.2085032788e-04    1.2236389019e-04    1.7605865475e-02    1.9297712305e-02    1.7192091191e-01    0.0000000000e+00    9.9999999993e-01    0.0000000000e+00    5.3471932713e-06    3.0101374550e-07    1.7163340110e-02    1.5144339577e-01    3.5925220767e-04    0.0000000000e+00
  38.0100000    5.4875841870e-06    3.1127500789e-07   -1.2085361488e-04    1.2227126318e-04    1.7610797794e-02    1.9398758059e-02    1.7057378734e-01    0.0000000000e+00    9.9999999993e-01    0.0000000000e+00    5.3841955907e-06    3.0119971890e-07    1.7277757372e-02    1.5200927660e-01    3.6019471703e-04    0.0000000000e+00
  38.5100000    5.5161653509e-06    3.1052350109e-07   -1.2082338321e-04    1.2228094003e-04    1.7609325760e-02    1.9495068362e-02    1.7077701634e-01    0.0000000000e+00    9.9999999993e-01    0.0000000000e+00    5.4209874991e-06    2.9984002771e-07    1.7391604916e-02    1.5178348069e-01    3.6145987462e-04    0.0000000000e+00
  39.0100000    5.5434281841e-06    3.0827589084e-07   -1.2076389405e-04    1.2236692020e-04    1.7609230966e-02    1.9586856998e-02    1.6846110835e-01    0.0000000000e+00    9.9999999993e-01    0.0000000000e+00    5.4566344637e-06    2.9969469237e-07    1.7501888021e-02    1.5055230800e-01    3.6300464731e-04    0.0000000000e+00
  39.5100000    5.5700569114e-06    3.0554391985e-07   -1.2069638701e-04    1.2246244371e-04    1.7610203198e-02    1.9676434688e-02    1.6720362954e-01    0.0000000000e+00    9.9999999993e-01    0.0000000000e+00    5.4926085644e-06    2.9950888020e-07    1.7613231870e-02    1.5046155183e-01    3.6461238287e-04    0.0000000000e+00
  40.0100000    5.5964543387e-06    3.0540062235e-07   -1.2064633044e-04    1.2249812751e-04    1.7609805049e-02    1.9765070548e-02    1.6653925780e-01    0.0000000000e+00    9.9999999993e-01    0.0000000000e+00    5.5282485048e-06    2.9935086126e-07    1.7723378082e-02    1.4977954577e-01    3.6601268337e-04    0.0000000000e+00
  40.5100000    5.6237023581e-06    3.0287605838e-07   -1.2062820310e-04    1.2243982271e-04    1.7610448876e-02    1.9856464843e-02    1.6406648829e-01    0.0000000000e+00    9.9999999993e-01    0.0000000000e+00    5.5634727389e-06    2.9964134245e-07    1.7831959021e-02    1.4875857242e-01    3.6705513739e-04    0.0000000000e+00
  41.0100000    5.6514728521e-06    3.0211656251e-07   -1.2063736836e-04    1.2230605503e-04    1.7610918885e-02    1.9949436013e-02    1.6208424111e-01    0.0000000000e+00    9.9999999993e-01    0.0000000000e+00    5.5984266489e-06    2.9965017545e-07    1.7939421204e-02    1.4721337388e-01    3.6780844028e-04    0.0000000000e+00
  41.5100000    5.6795588515e-06    3.0027223936e-07   -1.2065407443e-04    1.2215676342e-04    1.7611510277e-02    2.0043341467e-02    1.5941262808e-01    0.0000000000e+00    9.9999999993e-01    0.0000000000e+00    5.6328700459e-06    2.9987252825e-07    1.8045075399e-02    1.4566721417e-01    3.6848607855e-04    0.0000000000e+00
  42.0100000    5.7074638018e-06    2.9807660455e-07   -1.2065574840e-04    1.2205940583e-04    1.7614775295e-02    2.0136581131e-02    1.5854927346e-01    0.0000000000e+00    9.9999999993e-01    0.0000000000e+00    5.6675425219e-06    2.9880298910e-07    1.8151427409e-02    1.4531838684e-01    3.6929453282e-04    0.0000000000e+00
  42.5100000    5.7341422527e-06    2.9765581880e-07   -1.2062930543e-04    1.2205067937e-04    1.7614074262e-02    2.0225597590e-02    1.5796528568e-01    0.0000000000e+00    9.9999999993e-01    0.0000000000e+00    5.7013302659e-06    2.9800933941e-07    1.8255027257e-02    1.4467551495e-01    3.7035300839e-04    0.0000000000e+00
  43.0100000    5.7606030311e-06    2.9458317132e-07   -1.2057783011e-04    1.2211647354e-04    1.7612424480e-02    2.0313979756e-02    1.5609597172e-01    0.0000000000e+00    9.9999999993e-01    0.0000000000e+00    5.7349115485e-06    2.9841549295e-07    1.8358074851e-02    1.4464793914e-01    3.7165875310e-04    0.0000000000e+00
  43.5100000    5.7870175963e-06    2.9378278549e-07   -1.2051871647e-04    1.2220153524e-04    1.7610861054e-02    2.0402248798e-02    1.5525853960e-01    0.0000000000e+00    9.9999999993e-01    0.0000000000e+00    5.7686817463e-06    2.9750800919e-07    1.8461760529e-02    1.4393113003e-01    3.7306548811e-04    0.0000000000e+00
  44.0100000    5.8133489541e-06    2.9343127669e-07   -1.2047343659e-04    1.2224156081e-04    1.7606878750e-02    2.0490128664e-02    1.5451555915e-01    0.0000000000e+00    9.9999999993e-01    0.0000000000e+00    5.8017591093e-06    2.9756125866e-07    1.8563131783e-02    1.4328887892e-01    3.7434943898e-04    0.0000000000e+00
  44.5100000    5.8402364482e-06    2.9207101907e-07   -1.2045488756e-04    1.2219916477e-04    1.7604178884e-02    2.0579744735e-02    1.5328196667e-01    0.0000000000e+00    9.9999999993e-01    0.0000000000e+00    5.8346920006e-06    2.9829310414e-07    1.8663828561e-02    1.4297689430e-01    3.7534466385e-04    0.0000000000e+00
  45.0100000    5.8677413670e-06    2.9162335821e-07   -1.2046019496e-04    1.2208411309e-04    1.7605616859e-02    2.0671270519e-02    1.5136913320e-01    0.0000000000e+00    9.9999999993e-01    0.0000000000e+00    5.8674587764e-06    2.9820115609e-07    1.8763744466e-02    1.4152499924e-01    3.7604430072e-04    0.0000000000e+00
  45.5100000    5.8952150391e-06    2.9051252193e-07   -1.2047286740e-04    1.2194661418e-04    1.7615146001e-02    2.0762487461e-02    1.4915292129e-01    0.0000000000e+00    9.9999999993e-01    0.0000000000e+00    5.8997501190e-06    2.9838267119e-07    1.8861951480e-02    1.4011628068e-01    3.7661046504e-04    0.0000000000e+00
  46.0100000    5.9219506584e-06    2.9057910454e-07   -1.2047285528e-04    1.2184819054e-04    1.7629303906e-02    2.0851046909e-02    1.4878492062e-01    0.0000000000e+00    9.9999999993e-01    0.0000000000e+00    5.9318862050e-06    2.9874479077e-07    1.8959599719e-02    1.3975393652e-01    3.7727552643e-04    0.0000000000e+00
  46.5100000    5.9476334208e-06    2.9103772921e-07   -1.2044838963e-04    1.2182712951e-04    1.7642253515e-02    2.0935976543e-02    1.4921706327e-01    0.0000000000e+00    9.9999999993e-01    0.0000000000e+00    5.9640319699e-06    2.9894998808e-07    1.9057337652e-02    1.3989857503e-01    3.7819191186e-04    0.0000000000e+00
  47.0100000    5.9718045276e-06    2.9017206740e-07   -1.2040230538e-04    1.2187748011e-04    1.7650287086e-02    2.1015715836e-02    1.4899184051e-01    0.0000000000e+00    9.9999999993e-01    0.0000000000e+00    5.9960660749e-06    2.9855171701e-07    1.9154824065e-02    1.3982751784e-01    3.7934814304e-04    0.0000000000e+00
  47.5100000    5.9946851294e-06    2.8846133881e-07   -1.2034958252e-04    1.2195309161e-04    1.7653151418e-02    2.1090984091e-02    1.4777619612e-01    0.0000000000e+00    9.9999999993e-01    0.0000000000e+00    6.0275735906e-06    2.9791440382e-07    1.9250678062e-02    1.3911213449e-01    3.8059455341e-04    0.0000000000e+00
  48.0100000    6.0175127114e-06    2.8709406526e-07   -1.2030817807e-04    1.2199436448e-04    1.7652894259e-02    2.1165996783e-02    1.4609836362e-01    0.0000000000e+00    9.9999999993e-01    0.0000000000e+00    6.0585052097e-06    2.9754941598e-07    1.9344617130e-02    1.3794523906e-01    3.8173915254e-04    0.0000000000e+00
  48.5100000    6.0413814118e-06    2.8649785994e-07   -1.2028877574e-04    1.2196243571e-04    1.7651165209e-02    2.1244466211e-02    1.4435154301e-01    0.0000000000e+00    9.9999999993e-01    0.0000000000e+00    6.0890764946e-06    2.9750280405e-07    1.9437208120e-02    1.3652499071e-01    3.8265070586e-04    0.0000000000e+00
  49.0100000    6.0665146688e-06    2.8594473902e-07   -1.2028934873e-04    1.2186123697e-04    1.7651600239e-02    2.1327122650e-02    1.4255398586e-01    0.0000000000e+00    9.9999999993e-01    0.0000000000e+00    6.1194868668e-06    2.9764127261e-07    1.9529040005e-02    1.3512169019e-01    3.8331154786e-04    0.0000000000e+00
  49.5100000    6.0922710646e-06    2.8509830044e-07   -1.2029677589e-04    1.2173426572e-04    1.7656303717e-02    2.1411766970e-02    1.4106712551e-01    0.0000000000e+00    9.9999999993e-01    0.0000000000e+00    6.1498656194e-06    2.9766737140e-07    1.9620577998e-02    1.3408800774e-01    3.8382635693e-04    0.0000000000e+00
  50.0100000    6.1177990521e-06    2.8422600816e-07   -1.2029418793e-04    1.2163825000e-04    1.7663173655e-02    2.1495540417e-02    1.4030636368e-01    0.0000000000e+00    9.9999999993e-01    0.0000000000e+00    6.1801335568e-06    2.9748896374e-07    1.9711691983e-02    1.3367572418e-01    3.8438936142e-04    0.0000000000e+00
  50.5100000    6.1428022887e-06    2.8354672573e-07   -1.2027079785e-04    1.2161057392e-04    1.7667905305e-02    2.1577536118e-02    1.3995484739e-01    0.0000000000e+00    9.9999999993e-01    0.0000000000e+00    6.2101429166e-06    2.9735991855e-07    1.9802033226e-02    1.3359221546e-01    3.8516835060e-04    0.0000000000e+00
  51.0100000    6.1676137974e-06    2.8277792907e-07   -1.2022840069e-04    1.2164910848e-04    1.7673202330e-02    2.1658980151e-02    1.3916552843e-01    0.0000000000e+00    9.9999999993e-01    0.0000000000e+00    6.2399322411e-06    2.9742533977e-07    1.9891776551e-02    1.3321109094e-01    3.8618081553e-04    0.0000000000e+00
  51.5100000    6.1925514195e-06    2.8214376985e-07   -1.2017963418e-04    1.2171424991e-04    1.7680594614e-02    2.1740935343e-02    1.3813673704e-01    0.0000000000e+00    9.9999999993e-01    0.0000000000e+00    6.2696243962e-06    2.9748737719e-07    1.9981265507e-02    1.3253221754e-01    3.8729947339e-04    0.0000000000e+00
  52.0100000    6.2177253605e-06    2.8186069983e-07   -1.2013979811e-04    1.2175203304e-04    1.7686880708e-02    2.1823658684e-02    1.3720365547e-01    0.0000000000e+00    9.9999999993e-01    0.0000000000e+00    6.2991275367e-06    2.9757442633e-07    2.0070089129e-02    1.3179369860e-01    3.8835062726e-04    0.0000000000e+00
  52.5100000    6.2432523471e-06    2.8164897578e-07   -1.2011834796e-04    1.2172570029e-04    1.7692533480e-02    2.1907430162e-02    1.3628188938e-01    0.0000000000e+00    9.9999999993e-01    0.0000000000e+00    6.3283612117e-06    2.9777857733e-07    2.0157873224e-02    1.3108038091e-01    3.8919470930e-04    0.0000000000e+00
  53.0100000    6.2690482904e-06    2.8150870471e-07   -1.2011420212e-04    1.2163651792e-04    1.7698587779e-02    2.1991900031e-02    1.3505820518e-01    0.0000000000e+00    9.9999999993e-01    0.0000000000e+00    6.3573171599e-06    2.9800898911e-07    2.0244542355e-02    1.3005393113e-01    3.8978996973e-04    0.0000000000e+00
  53.5100000    6.2949584277e-06    2.8120104310e-07   -1.2011636961e-04    1.2152137372e-04    1.7708041933e-02    2.2076575205e-02    1.3366817692e-01    0.0000000000e+00    9.9999999993e-01    0.0000000000e+00    6.3860134154e-06    2.9819445152e-07    2.0330200636e-02    1.2892237755e-01    3.9023977983e-04    0.0000000000e+00
  54.0100000    6.3208117660e-06    2.8099976016e-07   -1.2011014581e-04    1.2143024785e-04    1.7717099569e-02    2.2160980585e-02    1.3299973357e-01    0.0000000000e+00    9.9999999993e-01    0.0000000000e+00    6.4144880283e-06    2.9828437708e-07    2.0415084328e-02    1.2839750406e-01    3.9074380393e-04    0.0000000000e+00
  54.5100000    6.3464893451e-06    2.8075236429e-07   -1.2008609392e-04    1.2139786501e-04    1.7724711134e-02    2.2244827207e-02    1.3260118823e-01    0.0000000000e+00    9.9999999993e-01    0.0000000000e+00    6.4427421392e-06    2.9837712527e-07    2.0499315259e-02    1.2815592073e-01    3.9144998881e-04    0.0000000000e+00
  55.0100000    6.3719652705e-06    2.8032019217e-07   -1.2004567890e-04    1.2142480986e-04    1.7733346208e-02    2.2328082076e-02    1.3205514874e-01    0.0000000000e+00    9.9999999993e-01    0.0000000000e+00    6.4708848341e-06    2.9840266828e-07    2.0583293680e-02    1.2782423933e-01    3.9235339418e-04    0.0000000000e+00
  55.5100000    6.3971467625e-06    2.8023031227e-07   -1.1999941688e-04    1.2147765421e-04    1.7745020781e-02    2.2410374347e-02    1.3140993218e-01    0.0000000000e+00    9.9999999993e-01    0.0000000000e+00    6.4989080942e-06    2.9839377480e-07    2.0666951604e-02    1.2723359003e-01    3.9334056348e-04    0.0000000000e+00
  56.0100000    6.4220849790e-06    2.8014950973e-07   -1.1995996227e-04    1.2150869518e-04    1.7754390903e-02    2.2491763442e-02    1.3048712384e-01    0.0000000000e+00    9.9999999993e-01    0.0000000000e+00    6.5267288931e-06    2.9862516106e-07    2.0749914447e-02    1.2646521089e-01    3.9428158422e-04    0.0000000000e+00
  56.5100000    6.4469191648e-06    2.8012846564e-07   -1.1993548251e-04    1.2148447323e-04    1.7760864246e-02    2.2572617155e-02    1.2953762841e-01    0.0000000000e+00    9.9999999993e-01    0.0000000000e+00    6.5543800574e-06    2.9899224146e-07    2.0832176085e-02    1.2569689990e-01    3.9506252249e-04    0.0000000000e+00
  57.0100000    6.4716979685e-06    2.8021452837e-07   -1.1992583685e-04    1.2140487493e-04    1.7771757124e-02    2.2653055867e-02    1.2845945254e-01    0.0000000000e+00    9.9999999993e-01    0.0000000000e+00    6.5818532533e-06    2.9927171389e-07    2.0913664093e-02    1.2472168670e-01    3.9562179227e-04    0.0000000000e+00
  57.5100000    6.4962784924e-06    2.8022441483e-07   -1.1992231107e-04    1.2130097530e-04    1.7782795495e-02    2.2732624392e-02    1.2744569379e-01    0.0000000000e+00    9.9999999993e-01    0.0000000000e+00    6.6090982274e-06    2.9947987003e-07    2.0994260261e-02    1.2381277491e-01    3.9603012953e-04    0.0000000000e+00
  58.0100000    6.5205120619e-06    2.8019238458e-07   -1.1991226778e-04    1.2121546748e-04    1.7790937171e-02    2.2810913765e-02    1.2698605598e-01    0.0000000000e+00    9.9999999993e-01    0.0000000000e+00    6.6360912039e-06    2.9970958219e-07    2.1073991513e-02    1.2347228853e-01    3.9647708164e-04    0.0000000000e+00
  58.5100000    6.5444172018e-06    2.8001039727e-07   -1.1988715511e-04    1.2117888643e-04    1.7799537108e-02    2.2888103345e-02    1.2688043560e-01    0.0000000000e+00    9.9999999993e-01    0.0000000000e+00    6.6629360103e-06    2.9985707862e-07    2.1153292959e-02    1.2350670345e-01    3.9711206351e-04    0.0000000000e+00
  59.0100000    6.5679968120e-06    2.7992094896e-07   -1.1984778315e-04    1.2119348020e-04    1.7811051142e-02    2.2964257394e-02    1.2662057565e-01    0.0000000000e+00    9.9999999993e-01    0.0000000000e+00    6.6896825892e-06    2.9986293963e-07    2.1232372682e-02    1.2329476012e-01    3.9792910719e-04    0.0000000000e+00
  59.5100000    6.5913591816e-06    2.7987541655e-07   -1.1980281022e-04    1.2123226407e-04    1.7821317139e-02    2.3039718438e-02    1.2590997712e-01    0.0000000000e+00    9.9999999993e-01    0.0000000000e+00    6.7162715078e-06    2.9994700042e-07    2.1311008628e-02    1.2265524081e-01    3.9881932607e-04    0.0000000000e+00
  60.0100000    6.6147512259e-06    2.7986506111e-07   -1.1976297292e-04    1.2125490736e-04    1.7828088402e-02    2.3115247218e-02    1.2516995593e-01    0.0000000000e+00    9.9999999993e-01    0.0000000000e+00    6.7426882159e-06    3.0023000240e-07    2.1389060558e-02    1.2204991535e-01    3.9966509539e-04    0.0000000000e+00
  60.5100000    6.6383366675e-06    2.7998647128e-07   -1.1973551256e-04    1.2123183005e-04    1.7837842057e-02    2.3191310859e-02    1.2430858813e-01    0.0000000000e+00    9.9999999993e-01    0.0000000000e+00    6.7689336000e-06    3.0058634266e-07    2.1466435044e-02    1.2129751059e-01    4.0036935126e-04    0.0000000000e+00
  61.0100000    6.6619061269e-06    2.8010344731e-07   -1.1972061418e-04    1.2116085102e-04    1.7848638541e-02    2.3267131551e-02    1.2310143729e-01    0.0000000000e+00    9.9999999993e-01    0.0000000000e+00    6.7949970046e-06    3.0086334705e-07    2.1543055744e-02    1.2017796042e-01    4.0088842471e-04    0.0000000000e+00
  61.5100000    6.6850403415e-06    2.8019859677e-07   -1.1971102158e-04    1.2106642220e-04    1.7857167262e-02    2.3341279717e-02    1.2236082994e-01    0.0000000000e+00    9.9999999993e-01    0.0000000000e+00    6.8208202863e-06    3.0110664503e-07    2.1618769825e-02    1.1951276701e-01    4.0128817971e-04    0.0000000000e+00
  62.0100000    6.7076326877e-06    2.8022948730e-07   -1.1969622270e-04    1.2098422165e-04    1.7864703592e-02    2.3413474577e-02    1.2225335306e-01    0.0000000000e+00    9.9999999993e-01    0.0000000000e+00    6.8464274756e-06    3.0133674105e-07    2.1693737237e-02    1.1948562993e-01    4.0171524435e-04    0.0000000000e+00
  62.5100000    6.7297867625e-06    2.8031508451e-07   -1.1966918766e-04    1.2094122032e-04    1.7874293684e-02    2.3484173455e-02    1.2195084943e-01    0.0000000000e+00    9.9999999993e-01    0.0000000000e+00    6.8718923128e-06    3.0149371401e-07    2.1768279520e-02    1.1921675526e-01    4.0227817118e-04    0.0000000000e+00
  63.0100000    6.7516466490e-06    2.8032025542e-07   -1.1963034955e-04    1.2094133605e-04    1.7884806788e-02    2.3553925252e-02    1.2115261955e-01    0.0000000000e+00    9.9999999993e-01    0.0000000000e+00    6.8972462856e-06    3.0163539011e-07    2.1842538756e-02    1.1849092199e-01    4.0298121199e-04    0.0000000000e+00
  63.5100000    6.7733052368e-06    2.8042356390e-07   -1.1958624294e-04    1.2096391325e-04    1.7892486295e-02    2.3623025433e-02    1.2047561817e-01    0.0000000000e+00    9.9999999993e-01    0.0000000000e+00    6.9225005699e-06    3.0182199204e-07    2.1916523673e-02    1.1785992484e-01    4.0376092511e-04    0.0000000000e+00
  64.0100000    6.7949360915e-06    2.8060408783e-07   -1.1954536255e-04    1.2097638041e-04    1.7901101250e-02    2.3691996145e-02    1.1975087690e-01    0.0000000000e+00    9.9999999993e-01    0.0000000000e+00    6.9476231186e-06    3.0214630637e-07    2.1990055970e-02    1.1720201041e-01    4.0452818960e-04    0.0000000000e+00
  64.5100000    6.8166931828e-06    2.8073803561e-07   -1.1951422654e-04    1.2095349749e-04    1.7911865495e-02    2.3761287623e-02    1.1873385585e-01    0.0000000000e+00    9.9999999993e-01    0.0000000000e+00    6.9726539408e-06    3.0248602663e-07    2.2063182453e-02    1.1627541852e-01    4.0518196713e-04    0.0000000000e+00
  65.0100000    6.8384420799e-06    2.8113417533e-07   -1.1949406414e-04    1.2089083224e-04    1.7920997300e-02    2.3830388679e-02    1.1823954698e-01    0.0000000000e+00    9.9999999993e-01    0.0000000000e+00    6.9975229241e-06    3.0277887941e-07    2.2135642000e-02    1.1574203063e-01    4.0566771683e-04    0.0000000000e+00
  65.5100000    6.8600881067e-06    2.8136679010e-07   -1.1947929931e-04    1.2080539561e-04    1.7929281524e-02    2.3898988307e-02    1.1797010430e-01    0.0000000000e+00    9.9999999993e-01    0.0000000000e+00    7.0221409381e-06    3.0316375691e-07    2.2207170489e-02    1.1553850583e-01    4.0604885196e-04    0.0000000000e+00
  66.0100000    6.8815059300e-06    2.8143640766e-07   -1.1946061547e-04    1.2072549208e-04    1.7939291910e-02    2.3966717206e-02    1.1754213283e-01    0.0000000000e+00    9.9999999993e-01    0.0000000000e+00    7.0465906235e-06    3.0344329435e-07    2.2278091604e-02    1.1519540703e-01    4.0645905248e-04    0.0000000000e+00
  66.5100000    6.9024975031e-06    2.8173589285e-07   -1.1943138948e-04    1.2067559242e-04    1.7949522546e-02    2.4032966723e-02    1.1730821281e-01    0.0000000000e+00    9.9999999993e-01    0.0000000000e+00    7.0708818968e-06    3.0356985824e-07    2.2348511322e-02    1.1488896431e-01    4.0697458862e-04    0.0000000000e+00
  67.0100000    6.9231615307e-06    2.8197978086e-07   -1.1939165409e-04    1.2066268734e-04    1.7958544922e-02    2.4098132337e-02    1.1694721363e-01    0.0000000000e+00    9.9999999993e-01    0.0000000000e+00    7.0950213379e-06    3.0379809227e-07    2.2418498192e-02    1.1452334069e-01    4.0758700579e-04    0.0000000000e+00
  67.5100000    6.9437782023e-06    2.8214957359e-07   -1.1934693071e-04    1.2067212617e-04    1.7968167146e-02    2.4163182971e-02    1.1630196403e-01    0.0000000000e+00    9.9999999993e-01    0.0000000000e+00    7.1190696002e-06    3.0412085180e-07    2.2488238194e-02    1.1395130372e-01    4.0826012572e-04    0.0000000000e+00
  68.0100000    6.9645261950e-06    2.8219363453e-07   -1.1930461401e-04    1.2067685416e-04    1.7980901637e-02    2.4228680790e-02    1.1561441324e-01    0.0000000000e+00    9.9999999993e-01    0.0000000000e+00    7.1430610988e-06    3.0437518639e-07    2.2557785173e-02    1.1335911385e-01    4.0893923158e-04    0.0000000000e+00
  68.5100000    6.9853119850e-06    2.8247494512e-07   -1.1927019923e-04    1.2065356576e-04    1.7992033536e-02    2.4294225375e-02    1.1524684191e-01    0.0000000000e+00    9.9999999993e-01    0.0000000000e+00    7.1669204477e-06    3.0458538205e-07    2.2626831610e-02    1.1295955348e-01    4.0954826308e-04    0.0000000000e+00
  69.0100000    7.0061668427e-06    2.8304117245e-07   -1.1924436212e-04    1.2059517335e-04    1.8001673692e-02    2.4359879068e-02    1.1492314075e-01    0.0000000000e+00    9.9999999993e-01    0.0000000000e+00    7.1905643365e-06    3.0496438811e-07    2.2695071949e-02    1.1256177317e-01    4.1004233607e-04    0.0000000000e+00
  69.5100000    7.0271211684e-06    2.8335338357e-07   -1.1922276405e-04    1.2051377860e-04    1.8014106891e-02    2.4425751621e-02    1.1449073085e-01    0.0000000000e+00    9.9999999993e-01    0.0000000000e+00    7.2140986845e-06    3.0542700765e-07    2.2762844786e-02    1.1220189620e-01    4.1043679960e-04    0.0000000000e+00
  70.0100000    7.0477792163e-06    2.8354242642e-07   -1.1919876565e-04    1.2043316199e-04    1.8026062295e-02    2.4490513043e-02    1.1419687762e-01    0.0000000000e+00    9.9999999993e-01    0.0000000000e+00    7.2374972532e-06    3.0576324777e-07    2.2830109270e-02    1.1196956539e-01    4.1079021989e-04    0.0000000000e+00
  70.5100000    7.0679912772e-06    2.8385495788e-07   -1.1916692531e-04    1.2037473719e-04    1.8035980753e-02    2.4553701394e-02    1.1404494100e-01    0.0000000000e+00    9.9999999993e-01    0.0000000000e+00    7.2606635220e-06    3.0602160547e-07    2.2896614613e-02    1.1178301366e-01    4.1119590612e-04    0.0000000000e+00
  71.0100000    7.0879367469e-06    2.8428985206e-07   -1.1912590335e-04    1.2034624781e-04    1.8048551393e-02    2.4615981130e-02    1.1368458920e-01    0.0000000000e+00    9.9999999993e-01    0.0000000000e+00    7.2837305231e-06    3.0622121798e-07    2.2962818386e-02    1.1133596888e-01    4.1172769751e-04    0.0000000000e+00
  71.5100000    7.1075226273e-06    2.8464714272e-07   -1.1907950580e-04    1.2033953770e-04    1.8061794415e-02    2.4677034587e-02    1.1307410772e-01    0.0000000000e+00    9.9999999993e-01    0.0000000000e+00    7.3067498952e-06    3.0647939500e-07    2.3028887525e-02    1.1071176430e-01    4.1234796522e-04    0.0000000000e+00
  72.0100000    7.1267829984e-06    2.8472018538e-07   -1.1903435123e-04    1.2033555055e-04    1.8071673998e-02    2.4736945145e-02    1.1256117306e-01    0.0000000000e+00    9.9999999993e-01    0.0000000000e+00    7.3296527632e-06    3.0691355546e-07    2.3094571800e-02    1.1033219212e-01    4.1294554144e-04    0.0000000000e+00
  72.5100000    7.1461233701e-06    2.8495771949e-07   -1.1899562232e-04    1.2031348318e-04    1.8081355041e-02    2.4797060833e-02    1.1194843075e-01    0.0000000000e+00    9.9999999993e-01    0.0000000000e+00    7.3524627696e-06    3.0722625741e-07    2.3159890697e-02    1.0973091271e-01    4.1347221309e-04    0.0000000000e+00
  73.0100000    7.1657097704e-06    2.8551677010e-07   -1.1896427921e-04    1.2026222625e-04    1.8092921460e-02    2.4857907165e-02    1.1155766559e-01    0.0000000000e+00    9.9999999993e-01    0.0000000000e+00    7.3751500512e-06    3.0738528909e-07    2.3224703864e-02    1.0919603098e-01    4.1394758758e-04    0.0000000000e+00
  73.5100000    7.1853017728e-06    2.8582051558e-07   -1.1893690742e-04    1.2018756379e-04    1.8104225591e-02    2.4918640154e-02    1.1099303027e-01    0.0000000000e+00    9.9999999993e-01    0.0000000000e+00    7.3976328753e-06    3.0775281174e-07    2.3288745076e-02    1.0866949230e-01    4.1436602649e-04    0.0000000000e+00
  74.0100000    7.2046100343e-06    2.8603377174e-07   -1.1890760583e-04    1.2010822498e-04    1.8115327847e-02    2.4978295125e-02    1.1035926333e-01    0.0000000000e+00    9.9999999993e-01    0.0000000000e+00    7.4199205147e-06    3.0820504176e-07    2.3352079384e-02    1.0811553191e-01    4.1472264728e-04    0.0000000000e+00
  74.5100000    7.2235442254e-06    2.8647443914e-07   -1.1887121301e-04    1.2004401663e-04    1.8126814799e-02    2.5036625361e-02    1.1022290215e-01    0.0000000000e+00    9.9999999993e-01    0.0000000000e+00    7.4420570592e-06    3.0850388653e-07    2.3414906997e-02    1.0791001273e-01    4.1508797078e-04    0.0000000000e+00
  75.0100000    7.2422083132e-06    2.8685915933e-07   -1.1882633326e-04    1.2000533709e-04    1.8138586545e-02    2.5094049068e-02    1.0973183643e-01    0.0000000000e+00    9.9999999993e-01    0.0000000000e+00    7.4641182581e-06    3.0867422418e-07    2.3477519845e-02    1.0734917436e-01    4.1553932975e-04    0.0000000000e+00
  75.5100000    7.2607403696e-06    2.8719478316e-07   -1.1877617454e-04    1.1998832187e-04    1.8150677027e-02    2.5151063758e-02    1.0943032802e-01    0.0000000000e+00    9.9999999993e-01    0.0000000000e+00    7.4861182194e-06    3.0886780927e-07    2.3539980064e-02    1.0700379155e-01    4.1606474648e-04    0.0000000000e+00
  76.0100000    7.2793523873e-06    2.8744526732e-07   -1.1872660766e-04    1.1997626640e-04    1.8160871330e-02    2.5208375293e-02    1.0920157865e-01    0.0000000000e+00    9.9999999993e-01    0.0000000000e+00    7.5080036179e-06    3.0926598420e-07    2.3602093971e-02    1.0681920751e-01    4.1661001586e-04    0.0000000000e+00
  76.5100000    7.2982315215e-06    2.8785415240e-07   -1.1868276378e-04    1.1994879014e-04    1.8171476737e-02    2.5266572389e-02    1.0872693011e-01    0.0000000000e+00    9.9999999993e-01    0.0000000000e+00    7.5298101189e-06    3.0967224756e-07    2.3663919098e-02    1.0633500807e-01    4.1713644377e-04    0.0000000000e+00
  77.0100000    7.3172921975e-06    2.8835188485e-07   -1.1864611476e-04    1.1989470131e-04    1.8183400425e-02    2.5325300150e-02    1.0862889350e-01    0.0000000000e+00    9.9999999993e-01    0.0000000000e+00    7.5515689003e-06    3.0996523545e-07    2.3725499109e-02    1.0616297262e-01    4.1758661896e-04    0.0000000000e+00
  77.5100000    7.3362311141e-06    2.8866581674e-07   -1.1861343114e-04    1.1981811292e-04    1.8196279149e-02    2.5383480866e-02    1.0832022276e-01    0.0000000000e+00    9.9999999993e-01    0.0000000000e+00    7.5732312092e-06    3.1022860930e-07    2.3786654421e-02    1.0583806781e-01    4.1791878640e-04    0.0000000000e+00
  78.0100000    7.3548425348e-06    2.8916446941e-07   -1.1857861524e-04    1.1973418672e-04    1.8207315057e-02    2.5440420309e-02    1.0790441165e-01    0.0000000000e+00    9.9999999993e-01    0.0000000000e+00    7.5946794449e-06    3.1062543159e-07    2.3847031726e-02    1.0538498482e-01    4.1820398264e-04    0.0000000000e+00
  78.5100000    7.3733050547e-06    2.8928669015e-07   -1.1853688141e-04    1.1966095356e-04    1.8218787151e-02    2.5496790591e-02    1.0732714568e-01    0.0000000000e+00    9.9999999993e-01    0.0000000000e+00    7.6159559619e-06    3.1111847618e-07    2.3906815008e-02    1.0493947093e-01    4.1855573152e-04    0.0000000000e+00
  79.0100000    7.3917604973e-06    2.8932712985e-07   -1.1848768172e-04    1.1961122497e-04    1.8232601130e-02    2.5553142627e-02    1.0683522785e-01    0.0000000000e+00    9.9999999993e-01    0.0000000000e+00    7.6372287687e-06    3.1113897241e-07    2.3966588407e-02    1.0444281263e-01    4.1897851577e-04    0.0000000000e+00
  79.5100000    7.4099998600e-06    2.9017847584e-07   -1.1843378391e-04    1.1958488679e-04    1.8244312079e-02    2.5608784306e-02    1.0680007924e-01    0.0000000000e+00    9.9999999993e-01    0.0000000000e+00    7.6583530712e-06    3.1111109608e-07    2.4025925847e-02    1.0410480701e-01    4.1941849833e-04    0.0000000000e+00
  80.0100000    7.4280429675e-06    2.9054343355e-07   -1.1837910273e-04    1.1956731301e-04    1.8255276444e-02    2.5663765772e-02    1.0620525099e-01    0.0000000000e+00    9.9999999993e-01    0.0000000000e+00    7.6792354775e-06    3.1182639428e-07    2.4084517267e-02    1.0363856088e-01    4.1988876719e-04    0.0000000000e+00
  80.5100000    7.4461611481e-06    2.9021522785e-07   -1.1832777695e-04    1.1953863137e-04    1.8266984339e-02    2.5718970229e-02    1.0560927670e-01    0.0000000000e+00    9.9999999993e-01    0.0000000000e+00    7.7001458199e-06    3.1235230029e-07    2.4143158285e-02    1.0333212707e-01    4.2039846888e-04    0.0000000000e+00
  81.0100000    7.4642301910e-06    2.9094553311e-07   -1.1828252974e-04    1.1948638421e-04    1.8280131895e-02    2.5773914084e-02    1.0563128108e-01    0.0000000000e+00    9.9999999993e-01    0.0000000000e+00    7.7210994784e-06    3.1212378174e-07    2.4201845585e-02    1.0301837313e-01    4.2085761336e-04    0.0000000000e+00
  81.5100000    7.4820052310e-06    2.9204622066e-07   -1.1824204351e-04    1.1941130179e-04    1.8292853509e-02    2.5827728437e-02    1.0537864608e-01    0.0000000000e+00    9.9999999993e-01    0.0000000000e+00    7.7417948473e-06    3.1240704260e-07    2.4259611584e-02    1.0249753793e-01    4.2118824228e-04    0.0000000000e+00
  82.0100000    7.4997053029e-06    2.9196472957e-07   -1.1820115343e-04    1.1932558147e-04    1.8304203314e-02    2.5881189552e-02    1.0470520940e-01    0.0000000000e+00    9.9999999993e-01    0.0000000000e+00    7.7622882353e-06    3.1338950949e-07    2.4316652011e-02    1.0218887019e-01    4.2144048130e-04    0.0000000000e+00
  82.5100000    7.5175489295e-06    2.9201499827e-07   -1.1815659846e-04    1.1924683744e-04    1.8316369377e-02    2.5935107543e-02    1.0432877543e-01    0.0000000000e+00    9.9999999993e-01    0.0000000000e+00    7.7828359898e-06    3.1363767751e-07    2.4373822821e-02    1.0186880603e-01    4.2171581094e-04    0.0000000000e+00
  83.0100000    7.5353206469e-06    2.9307913724e-07   -1.1816186462e-04    1.1922482266e-04    1.8330253831e-02    2.5988804879e-02    1.0433195083e-01    0.0000000000e+00    9.9999999993e-01    0.0000000000e+00    7.8033106502e-06    3.1329766557e-07    2.4430786647e-02    1.0140199318e-01    4.2206407726e-04    0.0000000000e+00
  83.5100000    7.5528889183e-06    2.9358522965e-07   -1.1816126038e-04    1.1925109829e-04    1.8342509872e-02    2.6041866647e-02    1.0397673793e-01    0.0000000000e+00    9.9999999993e-01    0.0000000000e+00    7.8235372889e-06    3.1378278222e-07    2.4487032380e-02    1.0105713472e-01    4.2248763771e-04    0.0000000000e+00
  84.0100000    7.5705696321e-06    2.9326761861e-07   -1.1816044920e-04    1.1928596175e-04    1.8355027824e-02    2.6095368123e-02    1.0343032313e-01    0.0000000000e+00    9.9999999993e-01    0.0000000000e+00    7.8437003627e-06    3.1456508723e-07    2.4543124943e-02    1.0087165822e-01    4.2303910924e-04    0.0000000000e+00
  84.5100000    7.5884949754e-06    2.9390117237e-07   -1.1816437580e-04    1.1931150934e-04    1.8367997065e-02    2.6149705074e-02    1.0345959928e-01    0.0000000000e+00    9.9999999993e-01    0.0000000000e+00    7.8639136520e-06    3.1450413416e-07    2.4599364675e-02    1.0065477798e-01    4.2362051415e-04    0.0000000000e+00
  85.0100000    7.6064324577e-06    2.9482060394e-07   -1.1817390096e-04    1.1931547024e-04    1.8380363140e-02    2.6204005774e-02    1.0330161579e-01    0.0000000000e+00    9.9999999993e-01    0.0000000000e+00    7.8839940392e-06    3.1457031148e-07    2.4655112696e-02    1.0022561147e-01    4.2412504013e-04    0.0000000000e+00
  85.5100000    7.6242812921e-06    2.9495460570e-07   -1.1818610688e-04    1.1929785765e-04    1.8392465977e-02    2.6257882138e-02    1.0270582957e-01    0.0000000000e+00    9.9999999993e-01    0.0000000000e+00    7.9039107668e-06    3.1531475151e-07    2.4710234491e-02    9.9841375885e-02    4.2454000374e-04    0.0000000000e+00
  86.0100000    7.6421012928e-06    2.9513794952e-07   -1.1819682707e-04    1.1927054149e-04    1.8403834123e-02    2.6311551094e-02    1.0224541723e-01    0.0000000000e+00    9.9999999993e-01    0.0000000000e+00    7.9237840577e-06    3.1578214951e-07    2.4765116207e-02    9.9473494541e-02    4.2491369177e-04    0.0000000000e+00
  86.5100000    7.6598181652e-06    2.9553335538e-07   -1.1820287758e-04    1.1925037550e-04    1.8418702779e-02    2.6364809250e-02    1.0198467059e-01    0.0000000000e+00    9.9999999993e-01    0.0000000000e+00    7.9436402049e-06    3.1567159570e-07    2.4819889046e-02    9.9053405238e-02    4.2530497737e-04    0.0000000000e+00
  87.0100000    7.6771268617e-06    2.9632961626e-07   -1.1820334784e-04    1.1924935766e-04    1.8431043646e-02    2.6416664372e-02    1.0186526028e-01    0.0000000000e+00    9.9999999993e-01    0.0000000000e+00    7.9633101460e-06    3.1576386616e-07    2.4874078374e-02    9.8709953362e-02    4.2574829245e-04    0.0000000000e+00
  87.5100000    7.6943174082e-06    2.9632011105e-07   -1.1819996544e-04    1.1926780505e-04    1.8442174624e-02    2.6468138216e-02    1.0130843560e-01    0.0000000000e+00    9.9999999993e-01    0.0000000000e+00    7.9827468559e-06    3.1649077954e-07    2.4927560144e-02    9.8392710058e-02    4.2624960324e-04    0.0000000000e+00
  88.0100000    7.7119192116e-06    2.9620758842e-07   -1.1819619433e-04    1.1929489157e-04    1.8457487776e-02    2.6521029701e-02    1.0095855828e-01    0.0000000000e+00    9.9999999993e-01    0.0000000000e+00    8.0022352305e-06    3.1669888180e-07    2.4981204289e-02    9.8145316420e-02    4.2678327320e-04    0.0000000000e+00
  88.5100000    7.7297722831e-06    2.9722607624e-07   -1.1819537874e-04    1.1931550774e-04    1.8472247773e-02    2.6574740147e-02    1.0092113322e-01    0.0000000000e+00    9.9999999993e-01    0.0000000000e+00    8.0216455768e-06    3.1662297851e-07    2.5034561154e-02    9.7765559553e-02    4.2729977252e-04    0.0000000000e+00
  89.0100000    7.7477203474e-06    2.9754242660e-07   -1.1819903268e-04    1.1931865094e-04    1.8489908613e-02    2.6628687335e-02    1.0048208920e-01    0.0000000000e+00    9.9999999993e-01    0.0000000000e+00    8.0408455318e-06    3.1733295758e-07    2.5087176097e-02    9.7450161796e-02    4.2775889633e-04    0.0000000000e+00
  89.5100000    7.7655241750e-06    2.9770187847e-07   -1.1820610352e-04    1.1930285908e-04    1.8507347908e-02    2.6682032537e-02    1.0010849850e-01    0.0000000000e+00    9.9999999993e-01    0.0000000000e+00    8.0601253466e-06    3.1789395959e-07    2.5139938365e-02    9.7193083638e-02    4.2815779867e-04    0.0000000000e+00
  90.0100000    7.7825573637e-06    2.9809847225e-07   -1.1821342400e-04    1.1927648640e-04    1.8524900785e-02    2.6732645476e-02    9.9814238407e-02    0.0000000000e+00    9.9999999993e-01    0.0000000000e+00    8.0794308722e-06    3.1783926346e-07    2.5192697261e-02    9.6765851432e-02    4.2852409890e-04    0.0000000000e+00
  90.5100000    7.7984729642e-06    2.9833701816e-07   -1.1821721967e-04    1.1925299859e-04    1.8540090430e-02    2.6779385315e-02    9.9524907746e-02    0.0000000000e+00    9.9999999993e-01    0.0000000000e+00    8.0984933959e-06    3.1782335133e-07    2.5244660214e-02    9.6403960655e-02    4.2888997437e-04    0.0000000000e+00
  91.0100000    7.8138160080e-06    2.9834527279e-07   -1.1821510951e-04    1.1924358529e-04    1.8547356839e-02    2.6824178046e-02    9.8966789914e-02    0.0000000000e+00    9.9999999993e-01    0.0000000000e+00    8.1173085901e-06    3.1820311400e-07    2.5295864273e-02    9.5968222742e-02    4.2927779902e-04    0.0000000000e+00
  91.5100000    7.8295453046e-06    2.9814876515e-07   -1.1820754363e-04    1.1925083126e-04    1.8555915427e-02    2.6870345212e-02    9.8504273358e-02    0.0000000000e+00    9.9999999993e-01    0.0000000000e+00    8.1360798838e-06    3.1832356709e-07    2.5346973353e-02    9.5607374962e-02    4.2970043606e-04    0.0000000000e+00
  92.0100000    7.8459947281e-06    2.9870025147e-07   -1.1819767157e-04    1.1926706550e-04    1.8565326994e-02    2.6919024196e-02    9.8406545585e-02    0.0000000000e+00    9.9999999993e-01    0.0000000000e+00    8.1547839518e-06    3.1818674855e-07    2.5397909273e-02    9.5298021210e-02    4.3015846469e-04    0.0000000000e+00
  92.5100000    7.8633060630e-06    2.9883628477e-07   -1.1818950215e-04    1.1927874413e-04    1.8574787582e-02    2.6970658547e-02    9.7855401407e-02    0.0000000000e+00    9.9999999993e-01    0.0000000000e+00    8.1733444314e-06    3.1874292606e-07    2.5448396666e-02    9.4887288766e-02    4.3062975484e-04    0.0000000000e+00
  93.0100000    7.8815744099e-06    2.9833943879e-07   -1.1818541434e-04    1.1927454123e-04    1.8589561915e-02    2.7025519158e-02    9.7266016706e-02    0.0000000000e+00    9.9999999993e-01    0.0000000000e+00    8.1920510521e-06    3.1921457587e-07    2.5499287745e-02    9.4598110614e-02    4.3107115015e-04    0.0000000000e+00
  93.5100000    7.9000478066e-06    2.9870337324e-07   -1.1818467685e-04    1.1925213321e-04    1.8608897969e-02    2.7080989728e-02    9.7114447384e-02    0.0000000000e+00    9.9999999993e-01    0.0000000000e+00    8.2109047664e-06    3.1900204907e-07    2.5550549572e-02    9.4271470937e-02    4.3144701076e-04    0.0000000000e+00
  94.0100000    7.9177487440e-06    2.9944595674e-07   -1.1818400441e-04    1.1921937599e-04    1.8628279952e-02    2.7133718037e-02    9.6907628385e-02    0.0000000000e+00    9.9999999993e-01    0.0000000000e+00    8.2294756480e-06    3.1919562518e-07    2.5600841222e-02    9.3902978119e-02    4.3176327168e-04    0.0000000000e+00
  94.5100000    7.9346638399e-06    2.9902021002e-07   -1.1817972175e-04    1.1918938464e-04    1.8643460794e-02    2.7183690783e-02    9.6238382280e-02    0.0000000000e+00    9.9999999993e-01    0.0000000000e+00    8.2477611353e-06    3.2000384556e-07    2.5650183977e-02    9.3614115821e-02    4.3206811063e-04    0.0000000000e+00
  95.0100000    7.9512007013e-06    2.9865911670e-07   -1.1817002228e-04    1.1917287387e-04    1.8662030141e-02    2.7232351446e-02    9.5775607956e-02    0.0000000000e+00    9.9999999993e-01    0.0000000000e+00    8.2661416875e-06    3.1998842096e-07    2.5699804202e-02    9.3256535890e-02    4.3241373060e-04    0.0000000000e+00
  95.5100000    7.9671644282e-06    2.9977183292e-07   -1.1815591284e-04    1.1917229733e-04    1.8677594453e-02    2.7279068135e-02    9.5731686774e-02    0.0000000000e+00    9.9999999993e-01    0.0000000000e+00    8.2843819641e-06    3.1951050319e-07    2.5749002551e-02    9.2741797124e-02    4.3281766371e-04    0.0000000000e+00
  96.0100000    7.9827970071e-06    2.9941787136e-07   -1.1814043244e-04    1.1918076454e-04    1.8687525359e-02    2.7324668971e-02    9.5058915869e-02    0.0000000000e+00    9.9999999993e-01    0.0000000000e+00    8.3022678039e-06    3.2020403868e-07    2.5797113204e-02    9.2397574395e-02    4.3325799519e-04    0.0000000000e+00
  96.5100000    7.9988217942e-06    2.9870497052e-07   -1.1812676588e-04    1.1918602988e-04    1.8699006213e-02    2.7371591766e-02    9.4456421328e-02    0.0000000000e+00    9.9999999993e-01    0.0000000000e+00    8.3203078152e-06    3.2075770942e-07    2.5845681427e-02    9.2170813782e-02    4.3369542498e-04    0.0000000000e+00
  97.0100000    8.0151195974e-06    2.9964210999e-07   -1.1811639611e-04    1.1917736542e-04    1.8712843077e-02    2.7419379170e-02    9.4455521582e-02    0.0000000000e+00    9.9999999993e-01    0.0000000000e+00    8.3385039064e-06    3.2036996867e-07    2.5894666705e-02    9.1775024920e-02    4.3409525074e-04    0.0000000000e+00
  97.5100000    8.0311662734e-06    2.9984177398e-07   -1.1810834352e-04    1.1915160527e-04    1.8727565087e-02    2.7466209419e-02    9.4139054620e-02    0.0000000000e+00    9.9999999993e-01    0.0000000000e+00    8.3564378911e-06    3.2058174550e-07    2.5942743102e-02    9.1472283919e-02    4.3443983753e-04    0.0000000000e+00
  98.0100000    8.0469928568e-06    2.9922565236e-07   -1.1809989270e-04    1.1911486401e-04    1.8742502688e-02    2.7512195733e-02    9.3573914532e-02    0.0000000000e+00    9.9999999993e-01    0.0000000000e+00    8.3742162720e-06    3.2131455384e-07    2.5990247706e-02    9.1306646622e-02    4.3473719791e-04    0.0000000000e+00
  98.5100000    8.0628290308e-06    2.9947533349e-07   -1.1808830116e-04    1.1907875944e-04    1.8757963815e-02    2.7558159728e-02    9.3355906106e-02    0.0000000000e+00    9.9999999993e-01    0.0000000000e+00    8.3920887150e-06    3.2130567406e-07    2.6037989520e-02    9.1008368301e-02    4.3502162542e-04    0.0000000000e+00
  99.0100000    8.0784756184e-06    3.0020795012e-07   -1.1807239807e-04    1.1905336104e-04    1.8771964142e-02    2.7603464115e-02    9.3173881506e-02    0.0000000000e+00    9.9999999993e-01    0.0000000000e+00    8.4098203760e-06    3.2113506846e-07    2.6085280778e-02    9.0569265011e-02    4.3533601501e-04    0.0000000000e+00
  99.5100000    8.0939864764e-06    2.9964849803e-07   -1.1805313108e-04    1.1904129717e-04    1.8785334487e-02    2.7648317296e-02    9.2466785061e-02    0.0000000000e+00    9.9999999993e-01    0.0000000000e+00    8.4273244812e-06    3.2164012790e-07    2.6131875672e-02    9.0186837311e-02    4.3570270390e-04    0.0000000000e+00
 100.0100000    8.1096998982e-06    2.9944275673e-07   -1.1803283177e-04    1.1903671995e-04    1.8799462332e-02    2.7693866420e-02    9.1995782240e-02    0.0000000000e+00    9.9999999993e-01    0.0000000000e+00    8.4449384842e-06    3.2188730913e-07    2.6178813018e-02    8.9846290997e-02    4.3610713757e-04    0.0000000000e+00
 100.5100000    8.1255218278e-06    3.0029837172e-07   -1.1801371785e-04    1.1902949329e-04    1.8813695296e-02    2.7739758474e-02    9.1837911123e-02    0.0000000000e+00    9.9999999993e-01    0.0000000000e+00    8.4625545030e-06    3.2183590524e-07    2.6225728598e-02    8.9428139296e-02    4.3650929357e-04    0.0000000000e+00
 101.0100000    8.1412378866e-06    3.0000527387e-07   -1.1799656062e-04    1.1901148646e-04    1.8828991546e-02    2.7785227180e-02    9.1349404315e-02    0.0000000000e+00    9.9999999993e-01    0.0000000000e+00    8.4800040020e-06    3.2220370637e-07    2.6272067661e-02    8.9139608147e-02    4.3687241422e-04    0.0000000000e+00
 101.5100000    8.1567637276e-06    2.9979852410e-07   -1.1798035411e-04    1.1898084877e-04    1.8844274503e-02    2.7829969999e-02    9.1025800079e-02    0.0000000000e+00    9.9999999993e-01    0.0000000000e+00    8.4974561963e-06    3.2247629325e-07    2.6318339916e-02    8.8952058719e-02    4.3718607893e-04    0.0000000000e+00
 102.0100000    8.1720578367e-06    3.0042039435e-07   -1.1796316347e-04    1.1894209601e-04    1.8860064299e-02    2.7873858522e-02    9.0856623825e-02    0.0000000000e+00    9.9999999993e-01    0.0000000000e+00    8.5148467450e-06    3.2254683334e-07    2.6364358078e-02    8.8625303674e-02    4.3746916729e-04    0.0000000000e+00
 102.5100000    8.1872398738e-06    3.0030947988e-07   -1.1794342612e-04    1.1890279964e-04    1.8874974192e-02    2.7917330786e-02    9.0389665709e-02    0.0000000000e+00    9.9999999993e-01    0.0000000000e+00    8.5320623211e-06    3.2283793386e-07    2.6409799785e-02    8.8281300057e-02    4.3775432684e-04    0.0000000000e+00
 103.0100000    8.2025170894e-06    3.0008487968e-07   -1.1792064641e-04    1.1886934265e-04    1.8889624935e-02    2.7961120105e-02    8.9961022929e-02    0.0000000000e+00    9.9999999993e-01    0.0000000000e+00    8.5492518925e-06    3.2303907682e-07    2.6455151755e-02    8.7976056498e-02    4.3806640991e-04    0.0000000000e+00
 103.5100000    8.2178448141e-06    3.0053671018e-07   -1.1789513766e-04    1.1884400041e-04    1.8904566764e-02    2.8005085649e-02    8.9673982692e-02    0.0000000000e+00    9.9999999993e-01    0.0000000000e+00    8.5664178004e-06    3.2310348762e-07    2.6500432256e-02    8.7581710172e-02    4.3840918311e-04    0.0000000000e+00
 104.0100000    8.2331670103e-06    3.0046122331e-07   -1.1786748049e-04    1.1882441246e-04    1.8919264288e-02    2.8049033390e-02    8.9219901400e-02    0.0000000000e+00    9.9999999993e-01    0.0000000000e+00    8.5834402752e-06    3.2335308542e-07    2.6545268280e-02    8.7227450931e-02    4.3876768483e-04    0.0000000000e+00
 104.5100000    8.2484964366e-06    3.0036115700e-07   -1.1783843363e-04    1.1880524655e-04    1.8934380746e-02    2.8092997130e-02    8.8897242076e-02    0.0000000000e+00    9.9999999993e-01    0.0000000000e+00    8.6004399388e-06    3.2361090696e-07    2.6590023777e-02    8.7003851610e-02    4.3912185232e-04    0.0000000000e+00
 105.0100000    8.2637018190e-06    3.0067180560e-07   -1.1780909995e-04    1.1878093351e-04    1.8949224574e-02    2.8136520176e-02    8.8745416676e-02    0.0000000000e+00    9.9999999993e-01    0.0000000000e+00    8.6174406626e-06    3.2370970216e-07    2.6634763024e-02    8.6792298310e-02    4.3945925767e-04    0.0000000000e+00
 105.5100000    8.2786882690e-06    3.0061111133e-07   -1.1778056841e-04    1.1874807790e-04    1.8965678011e-02    2.8179270381e-02    8.8407785866e-02    0.0000000000e+00    9.9999999993e-01    0.0000000000e+00    8.6343160592e-06    3.2386781041e-07    2.6679086503e-02    8.6522607883e-02    4.3977787913e-04    0.0000000000e+00
 106.0100000    8.2935617154e-06    3.0059881000e-07   -1.1775293516e-04    1.1870666014e-04    1.8980206455e-02    2.8221599059e-02    8.7993141133e-02    0.0000000000e+00    9.9999999993e-01    0.0000000000e+00    8.6511107795e-06    3.2417313213e-07    2.6723123374e-02    8.6196731524e-02    4.4008081117e-04    0.0000000000e+00
 106.5100000    8.3084754981e-06    3.0069699667e-07   -1.1772470032e-04    1.1865993959e-04    1.8993061704e-02    2.8264022490e-02    8.7650480983e-02    0.0000000000e+00    9.9999999993e-01    0.0000000000e+00    8.6679294477e-06    3.2429893930e-07    2.6767191708e-02    8.5863050037e-02    4.4037193785e-04    0.0000000000e+00
 107.0100000    8.3233742179e-06    3.0081997162e-07   -1.1769352384e-04    1.1861327967e-04    1.9008235701e-02    2.8306357757e-02    8.7273970179e-02    0.0000000000e+00    9.9999999993e-01    0.0000000000e+00    8.6846408392e-06    3.2433024323e-07    2.6810891784e-02    8.5469769841e-02    4.4065778783e-04    0.0000000000e+00
 107.5100000    8.3383173927e-06    3.0066017569e-07   -1.1765802304e-04    1.1857196025e-04    1.9023100528e-02    2.8348825379e-02    8.6712924112e-02    0.0000000000e+00    9.9999999993e-01    0.0000000000e+00    8.7012327010e-06    3.2469587100e-07    2.6854203427e-02    8.5056326643e-02    4.4095041336e-04    0.0000000000e+00
 108.0100000    8.3533300905e-06    3.0075441256e-07   -1.1761909160e-04    1.1853831362e-04    1.9037492451e-02    2.8391532639e-02    8.6361160386e-02    0.0000000000e+00    9.9999999993e-01    0.0000000000e+00    8.7178719800e-06    3.2484532336e-07    2.6897662801e-02    8.4719789208e-02    4.4126307623e-04    0.0000000000e+00
 108.5100000    8.3682220859e-06    3.0101009109e-07   -1.1757944904e-04    1.1850959857e-04    1.9054279170e-02    2.8433843103e-02    8.6171441579e-02    0.0000000000e+00    9.9999999993e-01    0.0000000000e+00    8.7343993441e-06    3.2487368020e-07    2.6940787793e-02    8.4473294877e-02    4.4159896799e-04    0.0000000000e+00
 109.0100000    8.3829412871e-06    3.0062530970e-07   -1.1754165203e-04    1.1847867781e-04    1.9071098685e-02    2.8475564926e-02    8.5797945525e-02    0.0000000000e+00    9.9999999993e-01    0.0000000000e+00    8.7508629916e-06    3.2521453741e-07    2.6983712642e-02    8.4297855318e-02    4.4194412215e-04    0.0000000000e+00
 109.5100000    8.3973859946e-06    3.0096130486e-07   -1.1750618058e-04    1.1843813481e-04    1.9086172305e-02    2.8516317425e-02    8.5584391960e-02    0.0000000000e+00    9.9999999993e-01    0.0000000000e+00    8.7673551963e-06    3.2529666544e-07    2.7026687528e-02    8.4014628728e-02    4.4227271245e-04    0.0000000000e+00
 110.0100000    8.4116069887e-06    3.0115986019e-07   -1.1747114192e-04    1.1838543443e-04    1.9099931720e-02    2.8556238173e-02    8.5286463201e-02    0.0000000000e+00    9.9999999993e-01    0.0000000000e+00    8.7836837703e-06    3.2549262899e-07    2.7069086878e-02    8.3719262103e-02    4.4256443378e-04    0.0000000000e+00
 110.5100000    8.4258337890e-06    3.0084578381e-07   -1.1743371200e-04    1.1832508688e-04    1.9114483643e-02    2.8596095672e-02    8.4872465223e-02    0.0000000000e+00    9.9999999993e-01    0.0000000000e+00    8.7999922133e-06    3.2579008857e-07    2.7111342943e-02    8.3470592871e-02    4.4282117290e-04    0.0000000000e+00
 111.0100000    8.4400646940e-06    3.0133573818e-07   -1.1739205985e-04    1.1826579278e-04    1.9129223265e-02    2.8635908385e-02    8.4606359830e-02    0.0000000000e+00    9.9999999993e-01    0.0000000000e+00    8.8162519003e-06    3.2585336517e-07    2.7153390650e-02    8.3091692736e-02    4.4306924820e-04    0.0000000000e+00
 111.5100000    8.4544253768e-06    3.0119306524e-07   -1.1734637127e-04    1.1821465326e-04    1.9142889905e-02    2.8676147149e-02    8.4198983646e-02    0.0000000000e+00    9.9999999993e-01    0.0000000000e+00    8.8323886083e-06    3.2611043192e-07    2.7195044375e-02    8.2793181860e-02    4.4334198326e-04    0.0000000000e+00
 112.0100000    8.4688939545e-06    3.0125733823e-07   -1.1729851147e-04    1.1817273419e-04    1.9158965712e-02    2.8716774084e-02    8.3953512401e-02    0.0000000000e+00    9.9999999993e-01    0.0000000000e+00    8.8485531931e-06    3.2624055980e-07    2.7236803236e-02    8.2565329444e-02    4.4365468301e-04    0.0000000000e+00
 112.5100000    8.4832951425e-06    3.0145442850e-07   -1.1725078420e-04    1.1813474851e-04    1.9176585146e-02    2.8757198580e-02    8.3697538278e-02    0.0000000000e+00    9.9999999993e-01    0.0000000000e+00    8.8646502392e-06    3.2640797469e-07    2.7278377015e-02    8.2304051127e-02    4.4399233101e-04    0.0000000000e+00
 113.0100000    8.4975604455e-06    3.0120092125e-07   -1.1720458942e-04    1.1809243688e-04    1.9191699627e-02    2.8797157949e-02    8.3340650544e-02    0.0000000000e+00    9.9999999993e-01    0.0000000000e+00    8.8807377339e-06    3.2662835138e-07    2.7319914797e-02    8.2073237032e-02    4.4432211927e-04    0.0000000000e+00
 113.5100000    8.5115956951e-06    3.0175400129e-07   -1.1715970432e-04    1.1803928752e-04    1.9204655852e-02    2.8836290797e-02    8.3129213564e-02    0.0000000000e+00    9.9999999993e-01    0.0000000000e+00    8.8967473315e-06    3.2673938616e-07    2.7361165746e-02    8.1744812129e-02    4.4461815163e-04    0.0000000000e+00
 114.0100000    8.5256263259e-06    3.0161028527e-07   -1.1711456359e-04    1.1797411665e-04    1.9219809963e-02    2.8875335359e-02    8.2685823001e-02    0.0000000000e+00    9.9999999993e-01    0.0000000000e+00    8.9126606492e-06    3.2709013816e-07    2.7402049542e-02    8.1433039118e-02    4.4487618968e-04    0.0000000000e+00
 114.5100000    8.5396930510e-06    3.0167080703e-07   -1.1706729681e-04    1.1790173844e-04    1.9235580624e-02    2.8914436467e-02    8.2401334440e-02    0.0000000000e+00    9.9999999993e-01    0.0000000000e+00    8.9286218977e-06    3.2723484033e-07    2.7443016065e-02    8.1170669449e-02    4.4511099190e-04    0.0000000000e+00
 115.0100000    8.5537468812e-06    3.0209273514e-07   -1.1701675719e-04    1.1783019597e-04    1.9249118931e-02    2.8953460277e-02    8.2186897448e-02    0.0000000000e+00    9.9999999993e-01    0.0000000000e+00    8.9444580832e-06    3.2736882760e-07    2.7483564343e-02    8.0881255841e-02    4.4534560974e-04    0.0000000000e+00
 115.5100000    8.5679423621e-06    3.0192401319e-07   -1.1696288724e-04    1.1776597969e-04    1.9265085167e-02    2.8992964527e-02    8.1822898010e-02    0.0000000000e+00    9.9999999993e-01    0.0000000000e+00    8.9602389135e-06    3.2766884244e-07    2.7523942078e-02    8.0638662910e-02    4.4560079654e-04    0.0000000000e+00
 116.0100000    8.5821817333e-06    3.0216838723e-07   -1.1690642277e-04    1.1771025236e-04    1.9283655958e-02    2.9032636125e-02    8.1617031620e-02    0.0000000000e+00    9.9999999993e-01    0.0000000000e+00    8.9760184608e-06    3.2779540124e-07    2.7564332224e-02    8.0403189403e-02    4.4588458958e-04    0.0000000000e+00
 116.5100000    8.5963770470e-06    3.0214848114e-07   -1.1684841539e-04    1.1765855087e-04    1.9300718747e-02    2.9072169371e-02    8.1359240213e-02    0.0000000000e+00    9.9999999993e-01    0.0000000000e+00    8.9917286662e-06    3.2794575146e-07    2.7604518053e-02    8.0189855462e-02    4.4618552107e-04    0.0000000000e+00
 117.0100000    8.6104639687e-06    3.0245108582e-07   -1.1679393578e-04    1.1763578230e-04    1.9315096715e-02    2.9111318414e-02    8.1156022138e-02    0.0000000000e+00    9.9999999993e-01    0.0000000000e+00    9.0073920695e-06    3.2812584587e-07    2.7644541671e-02    7.9952761832e-02    4.4647884420e-04    0.0000000000e+00
 117.5100000    8.6244477501e-06    3.0269234998e-07   -1.1681375657e-04    1.1765764509e-04    1.9330961446e-02    2.9150068488e-02    8.0856073329e-02    0.0000000000e+00    9.9999999993e-01    0.0000000000e+00    9.0229553961e-06    3.2846531519e-07    2.7684208699e-02    7.9677281044e-02    4.4674482587e-04    0.0000000000e+00
 118.0100000    8.6383782835e-06    3.0241685617e-07   -1.1683406569e-04    1.1766844382e-04    1.9347890010e-02    2.9188568926e-02    8.0469793893e-02    0.0000000000e+00    9.9999999993e-01    0.0000000000e+00    9.0385402100e-06    3.2866793260e-07    2.7723873548e-02    7.9414462677e-02    4.4698163452e-04    0.0000000000e+00
 118.5100000    8.6521603688e-06    3.0291787459e-07   -1.1685377616e-04    1.1767208185e-04    1.9362287238e-02    2.9226502301e-02    8.0305671848e-02    0.0000000000e+00    9.9999999993e-01    0.0000000000e+00    9.0540799264e-06    3.2866651318e-07    2.7763335659e-02    7.9122760975e-02    4.4720014987e-04    0.0000000000e+00
 119.0100000    8.6659447626e-06    3.0306318904e-07   -1.1687095075e-04    1.1767577719e-04    1.9375729236e-02    2.9264400912e-02    7.9949353329e-02    0.0000000000e+00    9.9999999993e-01    0.0000000000e+00    9.0694753606e-06    3.2901067523e-07    2.7802313365e-02    7.8816328122e-02    4.4741140906e-04    0.0000000000e+00
 119.5100000    8.6798707147e-06    3.0282512956e-07   -1.1688437159e-04    1.1768573330e-04    1.9393280352e-02    2.9302763388e-02    7.9537297329e-02    0.0000000000e+00    9.9999999993e-01    0.0000000000e+00    9.0849072646e-06    3.2924197842e-07    2.7841388053e-02    7.8524128166e-02    4.4762446308e-04    0.0000000000e+00
 120.0100000    8.6937665635e-06    3.0312177134e-07   -1.1689479602e-04    1.1770344915e-04    1.9410355455e-02    2.9341029250e-02    7.9374823273e-02    0.0000000000e+00    9.9999999993e-01    0.0000000000e+00    9.1003316846e-06    3.2924026302e-07    2.7880442936e-02    7.8287476512e-02    4.4785125316e-04    0.0000000000e+00
 120.5100000    8.7075760632e-06    3.0332874052e-07   -1.1690447711e-04    1.1772496092e-04    1.9424145882e-02    2.9379007169e-02    7.9163620058e-02    0.0000000000e+00    9.9999999993e-01    0.0000000000e+00    9.1156295623e-06    3.2947680823e-07    2.7919111958e-02    7.8082486712e-02    4.4810053014e-04    0.0000000000e+00
 121.0100000    8.7214066972e-06    3.0331574777e-07   -1.1691525319e-04    1.1774349393e-04    1.9439920477e-02    2.9417037941e-02    7.8886635283e-02    0.0000000000e+00    9.9999999993e-01    0.0000000000e+00    9.1308810131e-06    3.2974985801e-07    2.7957619966e-02    7.7875882017e-02    4.4836188573e-04    0.0000000000e+00
 121.5100000    8.7352252284e-06    3.0344026280e-07   -1.1692705211e-04    1.1775370173e-04    1.9457880935e-02    2.9454981474e-02    7.8653983640e-02    0.0000000000e+00    9.9999999993e-01    0.0000000000e+00    9.1461337004e-06    3.2989309763e-07    2.7996086211e-02    7.7647840089e-02    4.4860464039e-04    0.0000000000e+00
 122.0100000    8.7489832226e-06    3.0361658086e-07   -1.1693815249e-04    1.1775468799e-04    1.9473825793e-02    2.9492659149e-02    7.8370917158e-02    0.0000000000e+00    9.9999999993e-01    0.0000000000e+00    9.1613413246e-06    3.3006300580e-07    2.8034354353e-02    7.7363211852e-02    4.4880263714e-04    0.0000000000e+00
 122.5100000    8.7627464250e-06    3.0376511617e-07   -1.1694670095e-04    1.1775006408e-04    1.9489343831e-02    2.9530300450e-02    7.8059040705e-02    0.0000000000e+00    9.9999999993e-01    0.0000000000e+00    9.1764982417e-06    3.3028999781e-07    2.8072414799e-02    7.7069742384e-02    4.4896011196e-04    0.0000000000e+00
 123.0100000    8.7765294784e-06    3.0387649269e-07   -1.1695197852e-04    1.1774536381e-04    1.9507540002e-02    2.9567980438e-02    7.7724743105e-02    0.0000000000e+00    9.9999999993e-01    0.0000000000e+00    9.1916175163e-06    3.3050864887e-07    2.8110332124e-02    7.6762352279e-02    4.4910837131e-04    0.0000000000e+00
 123.5100000    8.7902580276e-06    3.0387028964e-07   -1.1695452599e-04    1.1774467378e-04    1.9526103556e-02    2.9605474138e-02    7.7427970427e-02    0.0000000000e+00    9.9999999993e-01    0.0000000000e+00    9.2067111245e-06    3.3063034738e-07    2.8148167067e-02    7.6498347702e-02    4.4932820817e-04    0.0000000000e+00
 124.0100000    8.8038433054e-06    3.0408080728e-07   -1.1695539369e-04    1.1774854107e-04    1.9542152799e-02    2.9642491903e-02    7.7256082125e-02    0.0000000000e+00    9.9999999993e-01    0.0000000000e+00    9.2217376961e-06    3.3076140979e-07    2.8185801731e-02    7.6305964691e-02    4.4963394908e-04    0.0000000000e+00
 124.5100000    8.8173895831e-06    3.0411042204e-07   -1.1695535121e-04    1.1775419329e-04    1.9558168405e-02    2.9679374869e-02    7.6995352478e-02    0.0000000000e+00    9.9999999993e-01    0.0000000000e+00    9.2366974366e-06    3.3101544167e-07    2.8223227459e-02    7.6098423165e-02    4.4994655249e-04    0.0000000000e+00
 125.0100000    8.8309361387e-06    3.0418488317e-07   -1.1695468466e-04    1.1775755771e-04    1.9576422131e-02    2.9716238020e-02    7.6768704641e-02    0.0000000000e+00    9.9999999993e-01    0.0000000000e+00    9.2516502805e-06    3.3115236681e-07    2.8260611025e-02    7.5886637165e-02    4.5025291359e-04    0.0000000000e+00
 125.5100000    8.8444318033e-06    3.0445081914e-07   -1.1695352080e-04    1.1775552086e-04    1.9593570245e-02    2.9752897587e-02    7.6532460591e-02    0.0000000000e+00    9.9999999993e-01    0.0000000000e+00    9.2665155957e-06    3.3131574506e-07    2.8297695204e-02    7.5625316983e-02    4.5054595523e-04    0.0000000000e+00
 126.0100000    8.8579915797e-06    3.0441012669e-07   -1.1695201756e-04    1.1774708795e-04    1.9609874663e-02    2.9789737556e-02    7.6166541219e-02    0.0000000000e+00    9.9999999993e-01    0.0000000000e+00    9.2813444588e-06    3.3157728444e-07    2.8334633581e-02    7.5331405273e-02    4.5082212875e-04    0.0000000000e+00
 126.5100000    8.8715900645e-06    3.0468082783e-07   -1.1694997246e-04    1.1773328852e-04    1.9626833806e-02    2.9826673513e-02    7.5908944978e-02    0.0000000000e+00    9.9999999993e-01    0.0000000000e+00    9.2961880443e-06    3.3173358411e-07    2.8371583365e-02    7.5045395441e-02    4.5108288704e-04    0.0000000000e+00
 127.0100000    8.8851753440e-06    3.0475221779e-07   -1.1694634620e-04    1.1771656086e-04    1.9644571986e-02    2.9863531385e-02    7.5632681825e-02    0.0000000000e+00    9.9999999993e-01    0.0000000000e+00    9.3109991600e-06    3.3191453686e-07    2.8408400999e-02    7.4795219324e-02    4.5133867535e-04    0.0000000000e+00
 127.5100000    8.8986404677e-06    3.0489935605e-07   -1.1693963961e-04    1.1770004998e-04    1.9660515353e-02    2.9899954492e-02    7.5444498266e-02    0.0000000000e+00    9.9999999993e-01    0.0000000000e+00    9.3257723108e-06    3.3208750615e-07    2.8445072029e-02    7.4611706782e-02    4.5160370777e-04    0.0000000000e+00
 128.0100000    8.9119458946e-06    3.0513455946e-07   -1.1692915715e-04    1.1768650356e-04    1.9676520776e-02    2.9935821744e-02    7.5239789535e-02    0.0000000000e+00    9.9999999993e-01    0.0000000000e+00    9.3404348414e-06    3.3233586855e-07    2.8481385899e-02    7.4407977566e-02    4.5188340483e-04    0.0000000000e+00
 128.5100000    8.9251930855e-06    3.0504544100e-07   -1.1691593808e-04    1.1767667145e-04    1.9695000208e-02    2.9971493799e-02    7.4965609641e-02    0.0000000000e+00    9.9999999993e-01    0.0000000000e+00    9.3550739896e-06    3.3252613049e-07    2.8517627441e-02    7.4198794855e-02    4.5217126910e-04    0.0000000000e+00
 129.0100000    8.9383041114e-06    3.0546449725e-07   -1.1690219053e-04    1.1766823288e-04    1.9712123478e-02    3.0006723958e-02    7.4831118703e-02    0.0000000000e+00    9.9999999993e-01    0.0000000000e+00    9.3696795029e-06    3.3258803602e-07    2.8553779310e-02    7.3979123177e-02    4.5245939751e-04    0.0000000000e+00
 129.5100000    8.9514001330e-06    3.0543340659e-07   -1.1688951721e-04    1.1765656798e-04    1.9728440990e-02    3.0041911290e-02    7.4488601657e-02    0.0000000000e+00    9.9999999993e-01    0.0000000000e+00    9.3842150231e-06    3.3285704565e-07    2.8589723701e-02    7.3707283624e-02    4.5274555142e-04    0.0000000000e+00
 130.0100000    8.9646111318e-06    3.0540230328e-07   -1.1687749875e-04    1.1763733242e-04    1.9745699187e-02    3.0077460306e-02    7.4171225036e-02    0.0000000000e+00    9.9999999993e-01    0.0000000000e+00    9.3987984269e-06    3.3305216049e-07    2.8625789792e-02    7.3441563682e-02    4.5302733671e-04    0.0000000000e+00
 130.5100000    8.9778826685e-06    3.0579441193e-07   -1.1686395978e-04    1.1760921108e-04    1.9763720219e-02    3.0113155630e-02    7.4025003173e-02    0.0000000000e+00    9.9999999993e-01    0.0000000000e+00    9.4133337666e-06    3.3314838671e-07    2.8661654519e-02    7.3224559557e-02    4.5329692159e-04    0.0000000000e+00
 131.0100000    8.9911747488e-06    3.0582170864e-07   -1.1684672670e-04    1.1757504256e-04    1.9780472649e-02    3.0148853411e-02    7.3782411063e-02    0.0000000000e+00    9.9999999993e-01    0.0000000000e+00    9.4277812517e-06    3.3338882519e-07    2.8697187767e-02    7.3030744766e-02    4.5354841694e-04    0.0000000000e+00
 131.5100000    9.0043781336e-06    3.0600930265e-07   -1.1682533090e-04    1.1754052897e-04    1.9796685137e-02    3.0184211028e-02    7.3522327181e-02    0.0000000000e+00    9.9999999993e-01    0.0000000000e+00    9.4421809348e-06    3.3365884454e-07    2.8732533721e-02    7.2788124973e-02    4.5378904594e-04    0.0000000000e+00
 132.0100000    9.0174538793e-06    3.0608993228e-07   -1.1680119307e-04    1.1751099667e-04    1.9815406220e-02    3.0219137633e-02    7.3253017555e-02    0.0000000000e+00    9.9999999993e-01    0.0000000000e+00    9.4565502552e-06    3.3388231071e-07    2.8767782912e-02    7.2550050989e-02    4.5403855237e-04    0.0000000000e+00
 132.5100000    9.0303559935e-06    3.0621498401e-07   -1.1677627635e-04    1.1748787664e-04    1.9834338470e-02    3.0253503609e-02    7.3039128266e-02    0.0000000000e+00    9.9999999993e-01    0.0000000000e+00    9.4709206142e-06    3.3399034338e-07    2.8803053640e-02    7.2331177159e-02    4.5431512938e-04    0.0000000000e+00
 133.0100000    9.0430813846e-06    3.0646583937e-07   -1.1675157346e-04    1.1746732402e-04    1.9851279886e-02    3.0287287847e-02    7.2821324520e-02    0.0000000000e+00    9.9999999993e-01    0.0000000000e+00    9.4852439380e-06    3.3414172636e-07    2.8838189137e-02    7.2090159922e-02    4.5461922663e-04    0.0000000000e+00
 133.5100000    9.0557603198e-06    3.0651930893e-07   -1.1672671931e-04    1.1744248742e-04    1.9868318951e-02    3.0320887426e-02    7.2598730835e-02    0.0000000000e+00    9.9999999993e-01    0.0000000000e+00    9.4995265731e-06    3.3440453644e-07    2.8873171475e-02    7.1913040792e-02    4.5492914747e-04    0.0000000000e+00
 134.0100000    9.0685180745e-06    3.0669948256e-07   -1.1670072008e-04    1.1740820719e-04    1.9885710972e-02    3.0354684668e-02    7.2465925598e-02    0.0000000000e+00    9.9999999993e-01    0.0000000000e+00    9.5137834102e-06    3.3461049339e-07    2.8908010957e-02    7.1782279927e-02    4.5521567987e-04    0.0000000000e+00
 134.5100000    9.0814130079e-06    3.0694877382e-07   -1.1667278685e-04    1.1736463899e-04    1.9901880952e-02    3.0388867492e-02    7.2311914756e-02    0.0000000000e+00    9.9999999993e-01    0.0000000000e+00    9.5279949906e-06    3.3476787390e-07    2.8942641964e-02    7.1604998638e-02    4.5546638413e-04    0.0000000000e+00
 135.0100000    9.0944289905e-06    3.0708195820e-07   -1.1664253621e-04    1.1731693882e-04    1.9918350297e-02    3.0423410752e-02    7.2058143615e-02    0.0000000000e+00    9.9999999993e-01    0.0000000000e+00    9.5421598228e-06    3.3497899689e-07    2.8977087865e-02    7.1367882926e-02    4.5569719145e-04    0.0000000000e+00
 135.5100000    9.1075205658e-06    3.0713258786e-07   -1.1660976516e-04    1.1727133432e-04    1.9935324553e-02    3.0458206993e-02    7.1761878231e-02    0.0000000000e+00    9.9999999993e-01    0.0000000000e+00    9.5562978606e-06    3.3519954191e-07    2.9011451977e-02    7.1108743716e-02    4.5593890921e-04    0.0000000000e+00
 136.0100000    9.1205807692e-06    3.0730316563e-07   -1.1657439086e-04    1.1723074494e-04    1.9954176872e-02    3.0492927979e-02    7.1493287805e-02    0.0000000000e+00    9.9999999993e-01    0.0000000000e+00    9.5704231322e-06    3.3535719080e-07    2.9045804798e-02    7.0835869089e-02    4.5621172463e-04    0.0000000000e+00
 136.5100000    9.1335148855e-06    3.0747104590e-07   -1.1653665735e-04    1.1719319183e-04    1.9973052461e-02    3.0527252763e-02    7.1235973290e-02    0.0000000000e+00    9.9999999993e-01    0.0000000000e+00    9.5845181360e-06    3.3554979393e-07    2.9080088772e-02    7.0583076760e-02    4.5651095528e-04    0.0000000000e+00
 137.0100000    9.1462991798e-06    3.0757989161e-07   -1.1649717220e-04    1.1715376379e-04    1.9990891890e-02    3.0561071922e-02    7.1039988167e-02    0.0000000000e+00    9.9999999993e-01    0.0000000000e+00    9.5985760232e-06    3.3579426014e-07    2.9114254116e-02    7.0414735095e-02    4.5681400400e-04    0.0000000000e+00
 137.5100000    9.1589786378e-06    3.0779580091e-07   -1.1645650429e-04    1.1710820499e-04    2.0008880678e-02    3.0594504763e-02    7.0908482515e-02    0.0000000000e+00    9.9999999993e-01    0.0000000000e+00    9.6125919535e-06    3.3599515447e-07    2.9148256481e-02    7.0276618572e-02    4.5710005662e-04    0.0000000000e+00
 138.0100000    9.1716397713e-06    3.0798769212e-07   -1.1641469330e-04    1.1705543668e-04    2.0027261728e-02    3.0627829862e-02    7.0758482931e-02    0.0000000000e+00    9.9999999993e-01    0.0000000000e+00    9.6265631334e-06    3.3618889592e-07    2.9182077643e-02    7.0124603149e-02    4.5736491493e-04    0.0000000000e+00
 138.5100000    9.1843070735e-06    3.0812306444e-07   -1.1637124957e-04    1.1699762997e-04    2.0045704864e-02    3.0661141723e-02    7.0575090775e-02    0.0000000000e+00    9.9999999993e-01    0.0000000000e+00    9.6405087177e-06    3.3639164007e-07    2.9215787874e-02    6.9953838446e-02    4.5761900361e-04    0.0000000000e+00
 139.0100000    9.1969458207e-06    3.0838425091e-07   -1.1632571194e-04    1.1693827017e-04    2.0062424175e-02    3.0694344228e-02    7.0348503159e-02    0.0000000000e+00    9.9999999993e-01    0.0000000000e+00    9.6544221455e-06    3.3656447028e-07    2.9249386138e-02    6.9706266888e-02    4.5787441234e-04    0.0000000000e+00
 139.5100000    9.2095623353e-06    3.0852910166e-07   -1.1627814759e-04    1.1687974834e-04    2.0080396357e-02    3.0727466900e-02    7.0055698453e-02    0.0000000000e+00    9.9999999993e-01    0.0000000000e+00    9.6682923883e-06    3.3680292516e-07    2.9282847120e-02    6.9432702918e-02    4.5813756978e-04    0.0000000000e+00
 140.0100000    9.2221661490e-06    3.0861109013e-07   -1.1622898870e-04    1.1682211521e-04    2.0099411485e-02    3.0760532650e-02    6.9799012134e-02    0.0000000000e+00    9.9999999993e-01    0.0000000000e+00    9.6821709902e-06    3.3701303782e-07    2.9316318372e-02    6.9202144904e-02    4.5841098590e-04    0.0000000000e+00
 140.5100000    9.2347029326e-06    3.0897590110e-07   -1.1617843048e-04    1.1676371341e-04    2.0116457789e-02    3.0793345117e-02    6.9627948875e-02    0.0000000000e+00    9.9999999993e-01    0.0000000000e+00    9.6960312771e-06    3.3715563361e-07    2.9349704515e-02    6.8980928147e-02    4.5869250749e-04    0.0000000000e+00
 141.0100000    9.2471879930e-06    3.0915470778e-07   -1.1612624836e-04    1.1670285228e-04    2.0133937683e-02    3.0825948622e-02    6.9435902152e-02    0.0000000000e+00    9.9999999993e-01    0.0000000000e+00    9.7098207130e-06    3.3742250560e-07    2.9382840223e-02    6.8805604690e-02    4.5897203087e-04    0.0000000000e+00
 141.5100000    9.2596700016e-06    3.0921897443e-07   -1.1607232549e-04    1.1663887202e-04    2.0152916961e-02    3.0858513553e-02    6.9274976107e-02    0.0000000000e+00    9.9999999993e-01    0.0000000000e+00    9.7235872075e-06    3.3769234427e-07    2.9415878299e-02    6.8685885057e-02    4.5923856711e-04    0.0000000000e+00
 142.0100000    9.2721385401e-06    3.0948313207e-07   -1.1601706577e-04    1.1657184221e-04    2.0170663490e-02    3.0891020122e-02    6.9167395046e-02    0.0000000000e+00    9.9999999993e-01    0.0000000000e+00    9.7373461521e-06    3.3783373108e-07    2.9448879501e-02    6.8549469286e-02    4.5949323762e-04    0.0000000000e+00
 142.5100000    9.2845681511e-06    3.0973780906e-07   -1.1596091438e-04    1.1650168986e-04    2.0188365743e-02    3.0923390125e-02    6.9022307246e-02    0.0000000000e+00    9.9999999993e-01    0.0000000000e+00    9.7510623538e-06    3.3797911445e-07    2.9481743699e-02    6.8379363342e-02    4.5974754104e-04    0.0000000000e+00
 143.0100000    9.2969710987e-06    3.0986378671e-07   -1.1590352281e-04    1.1646977824e-04    2.0207028472e-02    3.0955654209e-02    6.8795558878e-02    0.0000000000e+00    9.9999999993e-01    0.0000000000e+00    9.7647309864e-06    3.3824971354e-07    2.9514446653e-02    6.8181474194e-02    4.6000679207e-04    0.0000000000e+00
 143.5100000    9.3093781938e-06    3.0998574672e-07   -1.1584373292e-04    1.1649247868e-04    2.0225985076e-02    3.0987896892e-02    6.8554880749e-02    0.0000000000e+00    9.9999999993e-01    0.0000000000e+00    9.7783980756e-06    3.3848799795e-07    2.9547110257e-02    6.7963362504e-02    4.6026321337e-04    0.0000000000e+00
 144.0100000    9.3217491235e-06    3.1034348672e-07   -1.1584848224e-04    1.1651165617e-04    2.0243856053e-02    3.1019976273e-02    6.8373645462e-02    0.0000000000e+00    9.9999999993e-01    0.0000000000e+00    9.7920357989e-06    3.3863305907e-07    2.9579643038e-02    6.7735119941e-02    4.6050769540e-04    0.0000000000e+00
 144.5100000    9.3340756311e-06    3.1051783375e-07   -1.1587207121e-04    1.1652990297e-04    2.0261900553e-02    3.1051877755e-02    6.8142062211e-02    0.0000000000e+00    9.9999999993e-01    0.0000000000e+00    9.8056062945e-06    3.3887327305e-07    2.9611942980e-02    6.7515901852e-02    4.6074167939e-04    0.0000000000e+00
 145.0100000    9.3463706070e-06    3.1062334802e-07   -1.1589378710e-04    1.1655011312e-04    2.0281516650e-02    3.1083668677e-02    6.7937982136e-02    0.0000000000e+00    9.9999999993e-01    0.0000000000e+00    9.8191612988e-06    3.3908368113e-07    2.9644189569e-02    6.7332129871e-02    4.6097504533e-04    0.0000000000e+00
 145.5100000    9.3586316395e-06    3.1089922304e-07   -1.1591428152e-04    1.1657291751e-04    2.0299928794e-02    3.1115355437e-02    6.7813249621e-02    0.0000000000e+00    9.9999999993e-01    0.0000000000e+00    9.8326994144e-06    3.3925535460e-07    2.9676392293e-02    6.7183174324e-02    4.6121595400e-04    0.0000000000e+00
 146.0100000    9.3708907980e-06    3.1098786776e-07   -1.1593376505e-04    1.1659539330e-04    2.0318344722e-02    3.1147032335e-02    6.7639204908e-02    0.0000000000e+00    9.9999999993e-01    0.0000000000e+00    9.8462273085e-06    3.3944184951e-07    2.9708559578e-02    6.7028319439e-02    4.6146263322e-04    0.0000000000e+00
 146.5100000    9.3830997910e-06    3.1123100437e-07   -1.1595202471e-04    1.1661265550e-04    2.0337753037e-02    3.1178505212e-02    6.7496146954e-02    0.0000000000e+00    9.9999999993e-01    0.0000000000e+00    9.8597268778e-06    3.3957618331e-07    2.9740604600e-02    6.6860929609e-02    4.6170269421e-04    0.0000000000e+00
 147.0100000    9.3952553864e-06    3.1148583054e-07   -1.1596869516e-04    1.1662154038e-04    2.0356373000e-02    3.1209733630e-02    6.7329133761e-02    0.0000000000e+00    9.9999999993e-01    0.0000000000e+00    9.8731521253e-06    3.3984397253e-07    2.9772360366e-02    6.6693706593e-02    4.6192212394e-04    0.0000000000e+00
 147.5100000    9.4074383358e-06    3.1158820115e-07   -1.1598343558e-04    1.1662344789e-04    2.0373932510e-02    3.1240983499e-02    6.7087091576e-02    0.0000000000e+00    9.9999999993e-01    0.0000000000e+00    9.8865661949e-06    3.4011877748e-07    2.9804015197e-02    6.6485319213e-02    4.6211671596e-04    0.0000000000e+00
 148.0100000    9.4196301701e-06    3.1185109629e-07   -1.1599588373e-04    1.1662370764e-04    2.0391754380e-02    3.1272221681e-02    6.6875770466e-02    0.0000000000e+00    9.9999999993e-01    0.0000000000e+00    9.8999806056e-06    3.4023994245e-07    2.9835630704e-02    6.6243830900e-02    4.6229422855e-04    0.0000000000e+00
 148.5100000    9.4318070472e-06    3.1201622162e-07   -1.1600575196e-04    1.1662762706e-04    2.0410768761e-02    3.1303407033e-02    6.6651684018e-02    0.0000000000e+00    9.9999999993e-01    0.0000000000e+00    9.9133563741e-06    3.4039936680e-07    2.9867125736e-02    6.6018093164e-02    4.6246827502e-04    0.0000000000e+00
 149.0100000    9.4440069379e-06    3.1211396782e-07   -1.1601320415e-04    1.1663632769e-04    2.0429930635e-02    3.1334686167e-02    6.6455210213e-02    0.0000000000e+00    9.9999999993e-01    0.0000000000e+00    9.9267124646e-06    3.4062107279e-07    2.9898577229e-02    6.5845476225e-02    4.6265196661e-04    0.0000000000e+00
 149.5100000    9.4562315212e-06    3.1230148439e-07   -1.1601894974e-04    1.1664584296e-04    2.0448789616e-02    3.1366054531e-02    6.6315479283e-02    0.0000000000e+00    9.9999999993e-01    0.0000000000e+00    9.9400540903e-06    3.4080109896e-07    2.9929991335e-02    6.5702177889e-02    4.6284913321e-04    0.0000000000e+00
 150.0100000    9.4684047552e-06    3.1252581223e-07   -1.1602369992e-04    1.1665020105e-04    2.0468646190e-02    3.1397231888e-02    6.6163975399e-02    0.0000000000e+00    9.9999999993e-01    0.0000000000e+00    9.9533535882e-06    3.4095905168e-07    2.9961257934e-02    6.5535579454e-02    4.6304431595e-04    0.0000000000e+00
 150.5100000    9.4804755778e-06    3.1267450519e-07   -1.1602754220e-04    1.1664582106e-04    2.0488519376e-02    3.1428026959e-02    6.5999720514e-02    0.0000000000e+00    9.9999999993e-01    0.0000000000e+00    9.9666042286e-06    3.4118532231e-07    2.9992335599e-02    6.5385161699e-02    4.6320975829e-04    0.0000000000e+00
 151.0100000    9.4924822221e-06    3.1278486404e-07   -1.1602984313e-04    1.1663370510e-04    2.0506764778e-02    3.1458566871e-02    6.5819512635e-02    0.0000000000e+00    9.9999999993e-01    0.0000000000e+00    9.9798384778e-06    3.4139290462e-07    3.0023322273e-02    6.5222836850e-02    4.6333250731e-04    0.0000000000e+00
 151.5100000    9.5044724874e-06    3.1305349803e-07   -1.1602958207e-04    1.1661815606e-04    2.0523984844e-02    3.1489029732e-02    6.5663609140e-02    0.0000000000e+00    9.9999999993e-01    0.0000000000e+00    9.9930529628e-06    3.4153589196e-07    3.0054226679e-02    6.5039998794e-02    4.6342863744e-04    0.0000000000e+00
 152.0100000    9.5164949449e-06    3.1318752528e-07   -1.1602587331e-04    1.1660356173e-04    2.0543324572e-02    3.1519599254e-02    6.5483478387e-02    0.0000000000e+00    9.9999999993e-01    0.0000000000e+00    1.0006237400e-05    3.4174191601e-07    3.0085039890e-02    6.4872959544e-02    4.6352291794e-04    0.0000000000e+00
 152.5100000    9.5285705055e-06    3.1323013563e-07   -1.1601860633e-04    1.1659171064e-04    2.0563702548e-02    3.1550356828e-02    6.5256726824e-02    0.0000000000e+00    9.9999999993e-01    0.0000000000e+00    1.0019417173e-05    3.4193633424e-07    3.0115849968e-02    6.4675817282e-02    4.6362227551e-04    0.0000000000e+00
 153.0100000    9.5406554253e-06    3.1342994454e-07   -1.1600874571e-04    1.1658114928e-04    2.0583130665e-02    3.1581156077e-02    6.5061996924e-02    0.0000000000e+00    9.9999999993e-01    0.0000000000e+00    1.0032572242e-05    3.4207332163e-07    3.0146595278e-02    6.4467596613e-02    4.6371659433e-04    0.0000000000e+00
 153.5100000    9.5526931970e-06    3.1363820031e-07   -1.1599770977e-04    1.1656858794e-04    2.0603700918e-02    3.1611800289e-02    6.4867020657e-02    0.0000000000e+00    9.9999999993e-01    0.0000000000e+00    1.0045671574e-05    3.4225197594e-07    3.0177173316e-02    6.4265354511e-02    4.6379535724e-04    0.0000000000e+00
 154.0100000    9.5646608156e-06    3.1382901595e-07   -1.1598621832e-04    1.1655115058e-04    2.0623470888e-02    3.1642200758e-02    6.4680018426e-02    0.0000000000e+00    9.9999999993e-01    0.0000000000e+00    1.0058719828e-05    3.4249873590e-07    3.0207585986e-02    6.4087275563e-02    4.6385272800e-04    0.0000000000e+00
 154.5100000    9.5765951966e-06    3.1386289907e-07   -1.1597374468e-04    1.1652784508e-04    2.0642211786e-02    3.1672469997e-02    6.4504811369e-02    0.0000000000e+00    9.9999999993e-01    0.0000000000e+00    1.0071763414e-05    3.4270118336e-07    3.0237963402e-02    6.3944051785e-02    4.6388306816e-04    0.0000000000e+00
 155.0100000    9.5884928559e-06    3.1405424584e-07   -1.1595902145e-04    1.1649946882e-04    2.0660498564e-02    3.1702591881e-02    6.4371733172e-02    0.0000000000e+00    9.9999999993e-01    0.0000000000e+00    1.0084815371e-05    3.4277642070e-07    3.0268340176e-02    6.3787184174e-02    4.6392870712e-04    0.0000000000e+00
 155.5100000    9.6003768678e-06    3.1437957202e-07   -1.1594100266e-04    1.1646762521e-04    2.0677996655e-02    3.1732640850e-02    6.4251108030e-02    0.0000000000e+00    9.9999999993e-01    0.0000000000e+00    1.0097820843e-05    3.4298675263e-07    3.0298550073e-02    6.3641256283e-02    4.6418289542e-04    0.0000000000e+00
 156.0100000    9.6123582625e-06    3.1435291813e-07   -1.1591953534e-04    1.1643398875e-04    2.0696946313e-02    3.1762988637e-02    6.4031884285e-02    0.0000000000e+00    9.9999999993e-01    0.0000000000e+00    1.0110819493e-05    3.4330149998e-07    3.0328717015e-02    6.3486981305e-02    4.6444023032e-04    0.0000000000e+00
 156.5100000    9.6243879337e-06    3.1449651721e-07   -1.1589537828e-04    1.1640001742e-04    2.0715971380e-02    3.1793484897e-02    6.3827715135e-02    0.0000000000e+00    9.9999999993e-01    0.0000000000e+00    1.0123831596e-05    3.4341693323e-07    3.0358913217e-02    6.3276603149e-02    4.6470628835e-04    0.0000000000e+00
 157.0100000    9.6363442952e-06    3.1482004672e-07   -1.1586958729e-04    1.1636650381e-04    2.0735582865e-02    3.1823740606e-02    6.3659415621e-02    0.0000000000e+00    9.9999999993e-01    0.0000000000e+00    1.0136776666e-05    3.4353350483e-07    3.0388909279e-02    6.3066839335e-02    4.6498265008e-04    0.0000000000e+00
 157.5100000    9.6482257755e-06    3.1490637716e-07   -1.1584274646e-04    1.1633283017e-04    2.0755807713e-02    3.1853753521e-02    6.3451454739e-02    0.0000000000e+00    9.9999999993e-01    0.0000000000e+00    1.0149668392e-05    3.4380196386e-07    3.0418748965e-02    6.2892517181e-02    4.6526740573e-04    0.0000000000e+00
 158.0100000    9.6600660637e-06    3.1495332390e-07   -1.1581469887e-04    1.1629672288e-04    2.0774944215e-02    3.1883621973e-02    6.3271430394e-02    0.0000000000e+00    9.9999999993e-01    0.0000000000e+00    1.0162569223e-05    3.4403000299e-07    3.0448606974e-02    6.2745703356e-02    4.6555722767e-04    0.0000000000e+00
 158.5100000    9.6718783214e-06    3.1512656676e-07   -1.1578487329e-04    1.1625528835e-04    2.0794738586e-02    3.1913366838e-02    6.3163469310e-02    0.0000000000e+00    9.9999999993e-01    0.0000000000e+00    1.0175485366e-05    3.4412227794e-07    3.0478480250e-02    6.2620784288e-02    4.6584765090e-04    0.0000000000e+00
 159.0100000    9.6836469549e-06    3.1543181485e-07   -1.1575270895e-04    1.1620698869e-04    2.0814085322e-02    3.1942918830e-02    6.3082138222e-02    0.0000000000e+00    9.9999999993e-01    0.0000000000e+00    1.0188356790e-05    3.4427310561e-07    3.0508171977e-02    6.2507463881e-02    4.6613244901e-04    0.0000000000e+00
 159.5100000    9.6954148391e-06    3.1554342314e-07   -1.1571785466e-04    1.1615305401e-04    2.0833320707e-02    3.1972419188e-02    6.2917434026e-02    0.0000000000e+00    9.9999999993e-01    0.0000000000e+00    1.0201159182e-05    3.4460591998e-07    3.0537609439e-02    6.2382095398e-02    4.6640581636e-04    0.0000000000e+00
 160.0100000    9.7072316017e-06    3.1560526994e-07   -1.1568025578e-04    1.1609690613e-04    2.0853816977e-02    3.2002049942e-02    6.2706967732e-02    0.0000000000e+00    9.9999999993e-01    0.0000000000e+00    1.0213959730e-05    3.4482409221e-07    3.0567011446e-02    6.2199802963e-02    4.6666959144e-04    0.0000000000e+00
 160.5100000    9.7190159801e-06    3.1591726647e-07   -1.1564018600e-04    1.1604175978e-04    2.0873750807e-02    3.2031567475e-02    6.2511189663e-02    0.0000000000e+00    9.9999999993e-01    0.0000000000e+00    1.0226744341e-05    3.4488821385e-07    3.0596358879e-02    6.1956350058e-02    4.6693827451e-04    0.0000000000e+00
 161.0100000    9.7307096947e-06    3.1611009351e-07   -1.1559808146e-04    1.1598828578e-04    2.0893885490e-02    3.2060792336e-02    6.2297071799e-02    0.0000000000e+00    9.9999999993e-01    0.0000000000e+00    1.0239469801e-05    3.4509903209e-07    3.0625534377e-02    6.1744336641e-02    4.6722934891e-04    0.0000000000e+00
 161.5100000    9.7424110108e-06    3.1611965041e-07   -1.1555422940e-04    1.1593423230e-04    2.0914123856e-02    3.2090039202e-02    6.2088067050e-02    0.0000000000e+00    9.9999999993e-01    0.0000000000e+00    1.0252202855e-05    3.4539183723e-07    3.0654728964e-02    6.1586768786e-02    4.6754331317e-04    0.0000000000e+00
 162.0100000    9.7541663780e-06    3.1631897278e-07   -1.1550860013e-04    1.1587616210e-04    2.0934212826e-02    3.2119438329e-02    6.1971456794e-02    0.0000000000e+00    9.9999999993e-01    0.0000000000e+00    1.0264983387e-05    3.4552098055e-07    3.0684040212e-02    6.1455138391e-02    4.6785838101e-04    0.0000000000e+00
 162.5100000    9.7658782752e-06    3.1663398083e-07   -1.1546094133e-04    1.1581181248e-04    2.0953703320e-02    3.2148649104e-02    6.1918335946e-02    0.0000000000e+00    9.9999999993e-01    0.0000000000e+00    1.0277723140e-05    3.4566120968e-07    3.0713185632e-02    6.1366724460e-02    4.6815153593e-04    0.0000000000e+00
 163.0100000    9.7775651337e-06    3.1669246319e-07   -1.1541096735e-04    1.1574141208e-04    2.0972289435e-02    3.2177729222e-02    6.1783856850e-02    0.0000000000e+00    9.9999999993e-01    0.0000000000e+00    1.0290392881e-05    3.4596644069e-07    3.0742075186e-02    6.1275696762e-02    4.6842229849e-04    0.0000000000e+00
 163.5100000    9.7892645374e-06    3.1682297837e-07   -1.1535847896e-04    1.1566726430e-04    2.0992743239e-02    3.2206816790e-02    6.1619231988e-02    0.0000000000e+00    9.9999999993e-01    0.0000000000e+00    1.0303061590e-05    3.4616050490e-07    3.0770928745e-02    6.1120913977e-02    4.6869050794e-04    0.0000000000e+00
 164.0100000    9.8008798531e-06    3.1707173168e-07   -1.1530340904e-04    1.1559205155e-04    2.1011911812e-02    3.2235613797e-02    6.1438773097e-02    0.0000000000e+00    9.9999999993e-01    0.0000000000e+00    1.0315703213e-05    3.4626185605e-07    3.0799687250e-02    6.0912419253e-02    4.6897331822e-04    0.0000000000e+00
 164.5100000    9.8124121887e-06    3.1715070290e-07   -1.1524582942e-04    1.1551706360e-04    2.1030646949e-02    3.2264136206e-02    6.1213423177e-02    0.0000000000e+00    9.9999999993e-01    0.0000000000e+00    1.0328296234e-05    3.4646391686e-07    3.0828298155e-02    6.0708983264e-02    4.6927016366e-04    0.0000000000e+00
 165.0100000    9.8239740879e-06    3.1727744760e-07   -1.1518590511e-04    1.1554156851e-04    2.1050644495e-02    3.2292752539e-02    6.1013523137e-02    0.0000000000e+00    9.9999999993e-01    0.0000000000e+00    1.0340896249e-05    3.4669026509e-07    3.0856926111e-02    6.0525587837e-02    4.6956871425e-04    0.0000000000e+00
 165.5100000    9.8356019548e-06    3.1744493304e-07   -1.1512379691e-04    1.1557576910e-04    2.1071215900e-02    3.2321571596e-02    6.0857632331e-02    0.0000000000e+00    9.9999999993e-01    0.0000000000e+00    1.0353510666e-05    3.4684878701e-07    3.0885583025e-02    6.0366817366e-02    4.6985870671e-04    0.0000000000e+00
 166.0100000    9.8472418109e-06    3.1759310362e-07   -1.1505957498e-04    1.1560522981e-04    2.1092107487e-02    3.2350406192e-02    6.0748908401e-02    0.0000000000e+00    9.9999999993e-01    0.0000000000e+00    1.0366096254e-05    3.4701695906e-07    3.0914130650e-02    6.0260033587e-02    4.7013800485e-04    0.0000000000e+00
 166.5100000    9.8588979817e-06    3.1767881620e-07   -1.1505168223e-04    1.1562925780e-04    2.1112499227e-02    3.2379267185e-02    6.0632387736e-02    0.0000000000e+00    9.9999999993e-01    0.0000000000e+00    1.0378652580e-05    3.4725212755e-07    3.0942564619e-02    6.0168500945e-02    4.7040990942e-04    0.0000000000e+00
 167.0100000    9.8705537449e-06    3.1787666164e-07   -1.1508146223e-04    1.1564905559e-04    2.1133779306e-02    3.2408103916e-02    6.0509750426e-02    0.0000000000e+00    9.9999999993e-01    0.0000000000e+00    1.0391195997e-05    3.4739967814e-07    3.0970937749e-02    6.0034775838e-02    4.7067856907e-04    0.0000000000e+00
 167.5100000    9.8821251758e-06    3.1807350057e-07   -1.1510862027e-04    1.1566637518e-04    2.1154825236e-02    3.2436647535e-02    6.0349176538e-02    0.0000000000e+00    9.9999999993e-01    0.0000000000e+00    1.0403686042e-05    3.4756641040e-07    3.0999135670e-02    5.9867559295e-02    4.7094574526e-04    0.0000000000e+00
 168.0100000    9.8936319647e-06    3.1807568901e-07   -1.1513313370e-04    1.1568214483e-04    2.1174429941e-02    3.2464965848e-02    6.0121416948e-02    0.0000000000e+00    9.9999999993e-01    0.0000000000e+00    1.0416150145e-05    3.4781086603e-07    3.1027243043e-02    5.9682544053e-02    4.7120901387e-04    0.0000000000e+00
 168.5100000    9.9051126431e-06    3.1830710706e-07   -1.1515515908e-04    1.1569614875e-04    2.1195020014e-02    3.2493183926e-02    5.9943877204e-02    0.0000000000e+00    9.9999999993e-01    0.0000000000e+00    1.0428623840e-05    3.4794027811e-07    3.1055364324e-02    5.9484992520e-02    4.7146274668e-04    0.0000000000e+00
 169.0100000    9.9165824359e-06    3.1849206871e-07   -1.1517486694e-04    1.1570771245e-04    2.1215894473e-02    3.2521349118e-02    5.9781417978e-02    0.0000000000e+00    9.9999999993e-01    0.0000000000e+00    1.0441069009e-05    3.4809912508e-07    3.1083383636e-02    5.9316757455e-02    4.7170290242e-04    0.0000000000e+00
 169.5100000    9.9280610528e-06    3.1853240400e-07   -1.1519235632e-04    1.1571649322e-04    2.1235959744e-02    3.2549523962e-02    5.9625909434e-02    0.0000000000e+00    9.9999999993e-01    0.0000000000e+00    1.0453503157e-05    3.4833095103e-07    3.1111351148e-02    5.9193966813e-02    4.7193172315e-04    0.0000000000e+00
 170.0100000    9.9395494331e-06    3.1869335428e-07   -1.1520764609e-04    1.1572260985e-04    2.1256906264e-02    3.2577711971e-02    5.9518709576e-02    0.0000000000e+00    9.9999999993e-01    0.0000000000e+00    1.0465938509e-05    3.4849896729e-07    3.1139303667e-02    5.9085964624e-02    4.7215608504e-04    0.0000000000e+00
 170.5100000    9.9510414943e-06    3.1883581873e-07   -1.1522068907e-04    1.1572616425e-04    2.1277883230e-02    3.2605894261e-02    5.9404351867e-02    0.0000000000e+00    9.9999999993e-01    0.0000000000e+00    1.0478348542e-05    3.4863278156e-07    3.1167163382e-02    5.8968689253e-02    4.7237946490e-04    0.0000000000e+00
 171.0100000    9.9624896438e-06    3.1899780480e-07   -1.1523141726e-04    1.1572681211e-04    2.1298090174e-02    3.2633914173e-02    5.9260541464e-02    0.0000000000e+00    9.9999999993e-01    0.0000000000e+00    1.0490715495e-05    3.4881737091e-07    3.1194876719e-02    5.8827288276e-02    4.7259589734e-04    0.0000000000e+00
 171.5100000    9.9738858141e-06    3.1907984848e-07   -1.1523980151e-04    1.1572389518e-04    2.1318069789e-02    3.2661742572e-02    5.9071390780e-02    0.0000000000e+00    9.9999999993e-01    0.0000000000e+00    1.0503055138e-05    3.4903554445e-07    3.1222487887e-02    5.8660834622e-02    4.7279397926e-04    0.0000000000e+00
 172.0100000    9.9852559284e-06    3.1919290498e-07   -1.1524582710e-04    1.1571702639e-04    2.1338945163e-02    3.2689461248e-02    5.8888999916e-02    0.0000000000e+00    9.9999999993e-01    0.0000000000e+00    1.0515397409e-05    3.4916681330e-07    3.1250082838e-02    5.8480783514e-02    4.7296737570e-04    0.0000000000e+00
 172.5100000    9.9965873996e-06    3.1940593788e-07   -1.1524936889e-04    1.1570657328e-04    2.1359336930e-02    3.2717028425e-02    5.8730703069e-02    0.0000000000e+00    9.9999999993e-01    0.0000000000e+00    1.0527721130e-05    3.4931214702e-07    3.1277598044e-02    5.8309272347e-02    4.7312015466e-04    0.0000000000e+00
 173.0100000    1.0007915593e-05    3.1951307640e-07   -1.1525014696e-04    1.1569357454e-04    2.1379326212e-02    3.2744565236e-02    5.8569643921e-02    0.0000000000e+00    9.9999999993e-01    0.0000000000e+00    1.0540022310e-05    3.4955136075e-07    3.1305026901e-02    5.8169490204e-02    4.7326107714e-04    0.0000000000e+00
 173.5100000    1.0019312917e-05    3.1958321601e-07   -1.1524792624e-04    1.1567909787e-04    2.1400406648e-02    3.2772317916e-02    5.8425702282e-02    0.0000000000e+00    9.9999999993e-01    0.0000000000e+00    1.0552330547e-05    3.4972930097e-07    3.1332466484e-02    5.8042933147e-02    4.7339397548e-04    0.0000000000e+00
 174.0100000    1.0030751599e-05    3.1976068224e-07   -1.1524282144e-04    1.1566347663e-04    2.1421938097e-02    3.2800206029e-02    5.8320262574e-02    0.0000000000e+00    9.9999999993e-01    0.0000000000e+00    1.0564625015e-05    3.4984661620e-07    3.1359865040e-02    5.7925497530e-02    4.7351492022e-04    0.0000000000e+00
 174.5100000    1.0042176200e-05    3.1996412785e-07   -1.1523535034e-04    1.1564593531e-04    2.1442962773e-02    3.2828054543e-02    5.8202786367e-02    0.0000000000e+00    9.9999999993e-01    0.0000000000e+00    1.0576869816e-05    3.5004305104e-07    3.1387122032e-02    5.7804621309e-02    4.7361721359e-04    0.0000000000e+00
 175.0100000    1.0053597887e-05    3.2005462411e-07   -1.1522606377e-04    1.1562485309e-04    2.1464573080e-02    3.2855894444e-02    5.8032183199e-02    0.0000000000e+00    9.9999999993e-01    0.0000000000e+00    1.0589100256e-05    3.5028290162e-07    3.1414336965e-02    5.7658049036e-02    4.7369616209e-04    0.0000000000e+00
 175.5100000    1.0064962540e-05    3.2018930793e-07   -1.1521501831e-04    1.1559857357e-04    2.1485692845e-02    3.2883539938e-02    5.7863373423e-02    0.0000000000e+00    9.9999999993e-01    0.0000000000e+00    1.0601346462e-05    3.5042339953e-07    3.1441590361e-02    5.7489159190e-02    4.7374842659e-04    0.0000000000e+00
 176.0100000    1.0076185436e-05    3.2040615363e-07   -1.1520159943e-04    1.1556640210e-04    2.1506952510e-02    3.2910703432e-02    5.7717268550e-02    0.0000000000e+00    9.9999999993e-01    0.0000000000e+00    1.0613563939e-05    3.5054459477e-07    3.1468739555e-02    5.7325359117e-02    4.7376970125e-04    0.0000000000e+00
 176.5100000    1.0087322221e-05    3.2053286639e-07   -1.1518495170e-04    1.1552923391e-04    2.1527368357e-02    3.2937562285e-02    5.7568714494e-02    0.0000000000e+00    9.9999999993e-01    0.0000000000e+00    1.0625742100e-05    3.5078432970e-07    3.1495748914e-02    5.7194215597e-02    4.7375661588e-04    0.0000000000e+00
 177.0100000    1.0098489515e-05    3.2061118118e-07   -1.1516469302e-04    1.1548925704e-04    2.1546931433e-02    3.2964504793e-02    5.7430255820e-02    0.0000000000e+00    9.9999999993e-01    0.0000000000e+00    1.0637921441e-05    3.5098519417e-07    3.1522745869e-02    5.7075095086e-02    4.7371160919e-04    0.0000000000e+00
 177.5100000    1.0109708663e-05    3.2078596573e-07   -1.1514125385e-04    1.1544864575e-04    2.1567734121e-02    3.2991616042e-02    5.7320000275e-02    0.0000000000e+00    9.9999999993e-01    0.0000000000e+00    1.0650084847e-05    3.5108775579e-07    3.1549694676e-02    5.6951176315e-02    4.7364308412e-04    0.0000000000e+00
 178.0100000    1.0120994035e-05    3.2094998271e-07   -1.1511551611e-04    1.1540799410e-04    2.1588616771e-02    3.3018952944e-02    5.7191336356e-02    0.0000000000e+00    9.9999999993e-01    0.0000000000e+00    1.0662210288e-05    3.5129557237e-07    3.1576539986e-02    5.6827866353e-02    4.7355700465e-04    0.0000000000e+00
 178.5100000    1.0132389627e-05    3.2104244521e-07   -1.1508811874e-04    1.1536569595e-04    2.1609896565e-02    3.3046652958e-02    5.7026982313e-02    0.0000000000e+00    9.9999999993e-01    0.0000000000e+00    1.0674342252e-05    3.5152734185e-07    3.1603408042e-02    5.6685357207e-02    4.7344728327e-04    0.0000000000e+00
 179.0100000    1.0143819530e-05    3.2121808674e-07   -1.1505905982e-04    1.1531892116e-04    2.1631967595e-02    3.3074447575e-02    5.6876440240e-02    0.0000000000e+00    9.9999999993e-01    0.0000000000e+00    1.0686481513e-05    3.5165445685e-07    3.1630281061e-02    5.6525246734e-02    4.7352178390e-04    0.0000000000e+00
 179.5100000    1.0155155384e-05    3.2144349445e-07   -1.1502781366e-04    1.1526559233e-04    2.1653662285e-02    3.3101894376e-02    5.6741670076e-02    0.0000000000e+00    9.9999999993e-01    0.0000000000e+00    1.0698591697e-05    3.5183536001e-07    3.1657028188e-02    5.6380765948e-02    4.7384659182e-04    0.0000000000e+00
 180.0100000    1.0166376426e-05    3.2163075999e-07   -1.1499370625e-04    1.1520591087e-04    2.1674720965e-02    3.3128913737e-02    5.6608600033e-02    0.0000000000e+00    9.9999999993e-01    0.0000000000e+00    1.0710679237e-05    3.5207895908e-07    3.1683656745e-02    5.6254795508e-02    4.7416295696e-04    0.0000000000e+00
 180.5100000    1.0177517480e-05    3.2174190469e-07   -1.1495628372e-04    1.1514226887e-04    2.1695809890e-02    3.3155625424e-02    5.6481537208e-02    0.0000000000e+00    9.9999999993e-01    0.0000000000e+00    1.0722761348e-05    3.5226643303e-07    3.1710223492e-02    5.6138886065e-02    4.7447181422e-04    0.0000000000e+00
 181.0100000    1.0188573288e-05    3.2193052544e-07   -1.1491559755e-04    1.1507757913e-04    2.1716142721e-02    3.3182031163e-02    5.6379203794e-02    0.0000000000e+00    9.9999999993e-01    0.0000000000e+00    1.0734828102e-05    3.5240336242e-07    3.1736716921e-02    5.6025975495e-02    4.7478270498e-04    0.0000000000e+00
 181.5100000    1.0199593080e-05    3.2212632911e-07   -1.1487227461e-04    1.1501323141e-04    2.1737005102e-02    3.3208310380e-02    5.6268541846e-02    0.0000000000e+00    9.9999999993e-01    0.0000000000e+00    1.0746854468e-05    3.5258407937e-07    3.1763081403e-02    5.5910912040e-02    4.7510575475e-04    0.0000000000e+00
 182.0100000    1.0210679443e-05    3.2216484067e-07   -1.1482715230e-04    1.1494816377e-04    2.1758782817e-02    3.3234803526e-02    5.6109713778e-02    0.0000000000e+00    9.9999999993e-01    0.0000000000e+00    1.0758877375e-05    3.5280373330e-07    3.1789432564e-02    5.5780901365e-02    4.7544336339e-04    0.0000000000e+00
 182.5100000    1.0221825442e-05    3.2235702042e-07   -1.1478058535e-04    1.1487970563e-04    2.1780144913e-02    3.3261480151e-02    5.5967641533e-02    0.0000000000e+00    9.9999999993e-01    0.0000000000e+00    1.0770916425e-05    3.5295587885e-07    3.1815820872e-02    5.5630316292e-02    4.7578902081e-04    0.0000000000e+00
 183.0100000    1.0232998945e-05    3.2258268658e-07   -1.1473202399e-04    1.1480551037e-04    2.1801735303e-02    3.3288219825e-02    5.5835331935e-02    0.0000000000e+00    9.9999999993e-01    0.0000000000e+00    1.0782922427e-05    3.5312541281e-07    3.1842086007e-02    5.5486867765e-02    4.7613286513e-04    0.0000000000e+00
 183.5100000    1.0244216607e-05    3.2266882087e-07   -1.1468038599e-04    1.1472509020e-04    2.1823887914e-02    3.3315064696e-02    5.5693703447e-02    0.0000000000e+00    9.9999999993e-01    0.0000000000e+00    1.0794905890e-05    3.5337410272e-07    3.1868247685e-02    5.5370114324e-02    4.7646788347e-04    0.0000000000e+00
 184.0100000    1.0255452427e-05    3.2284755315e-07   -1.1462497135e-04    1.1473969051e-04    2.1845556742e-02    3.3341932915e-02    5.5588606030e-02    0.0000000000e+00    9.9999999993e-01    0.0000000000e+00    1.0806889916e-05    3.5355162420e-07    3.1894376674e-02    5.5262618655e-02    4.7679251830e-04    0.0000000000e+00
 184.5100000    1.0266651967e-05    3.2308274258e-07   -1.1456602956e-04    1.1476997718e-04    2.1867255661e-02    3.3368663051e-02    5.5487936383e-02    0.0000000000e+00    9.9999999993e-01    0.0000000000e+00    1.0818840996e-05    3.5369484953e-07    3.1920388893e-02    5.5144937525e-02    4.7711025023e-04    0.0000000000e+00
 185.0100000    1.0277822529e-05    3.2317990344e-07   -1.1450438594e-04    1.1479882652e-04    2.1888794708e-02    3.3395297741e-02    5.5342691284e-02    0.0000000000e+00    9.9999999993e-01    0.0000000000e+00    1.0830771396e-05    3.5392936351e-07    3.1946338595e-02    5.5020398118e-02    4.7742755130e-04    0.0000000000e+00
 185.5100000    1.0288979361e-05    3.2329569450e-07   -1.1444052325e-04    1.1482736082e-04    2.1910860507e-02    3.3421896310e-02    5.5186428948e-02    0.0000000000e+00    9.9999999993e-01    0.0000000000e+00    1.0842722651e-05    3.5410599861e-07    3.1972357525e-02    5.4872575037e-02    4.7774982626e-04    0.0000000000e+00
 186.0100000    1.0300095600e-05    3.2351386698e-07   -1.1437411142e-04    1.1485477085e-04    2.1933141328e-02    3.3448366635e-02    5.5045022766e-02    0.0000000000e+00    9.9999999993e-01    0.0000000000e+00    1.0854656595e-05    3.5423519598e-07    3.1998328434e-02    5.4715118425e-02    4.7807663249e-04    0.0000000000e+00
 186.5100000    1.0311186431e-05    3.2363319800e-07   -1.1436564797e-04    1.1487907474e-04    2.1955166553e-02    3.3474743280e-02    5.4898180874e-02    0.0000000000e+00    9.9999999993e-01    0.0000000000e+00    1.0866560141e-05    3.5444918358e-07    3.2024198688e-02    5.4581860326e-02    4.7840094015e-04    0.0000000000e+00
 187.0100000    1.0322260522e-05    3.2381059642e-07   -1.1439724103e-04    1.1489841571e-04    2.1977206464e-02    3.3501040739e-02    5.4777906972e-02    0.0000000000e+00    9.9999999993e-01    0.0000000000e+00    1.0878448524e-05    3.5465668494e-07    3.2050000108e-02    5.4464328995e-02    4.7871467843e-04    0.0000000000e+00
 187.5100000    1.0333317226e-05    3.2394401431e-07   -1.1442591051e-04    1.1491206182e-04    2.1998832804e-02    3.3527252238e-02    5.4670631726e-02    0.0000000000e+00    9.9999999993e-01    0.0000000000e+00    1.0890315231e-05    3.5483968511e-07    3.2075709054e-02    5.4363156292e-02    4.7901522911e-04    0.0000000000e+00
 188.0100000    1.0344353962e-05    3.2412058661e-07   -1.1445224955e-04    1.1492070372e-04    2.2020985835e-02    3.3553373247e-02    5.4573405294e-02    0.0000000000e+00    9.9999999993e-01    0.0000000000e+00    1.0902180591e-05    3.5499005441e-07    3.2101389005e-02    5.4259767805e-02    4.7930571023e-04    0.0000000000e+00
 188.5100000    1.0355376320e-05    3.2436090285e-07   -1.1447627118e-04    1.1492600417e-04    2.2042636428e-02    3.3579429037e-02    5.4458261871e-02    0.0000000000e+00    9.9999999993e-01    0.0000000000e+00    1.0914021352e-05    3.5518879028e-07    3.2126978376e-02    5.4135768436e-02    4.7958941173e-04    0.0000000000e+00
 189.0100000    1.0366437214e-05    3.2434751980e-07   -1.1449739823e-04    1.1492958722e-04    2.2064814903e-02    3.3605596216e-02    5.4288193043e-02    0.0000000000e+00    9.9999999993e-01    0.0000000000e+00    1.0925859726e-05    3.5541331265e-07    3.2152547542e-02    5.4002615498e-02    4.7986535076e-04    0.0000000000e+00
 189.5100000    1.0377501617e-05    3.2459949273e-07   -1.1451518060e-04    1.1493199057e-04    2.2087850719e-02    3.3631764697e-02    5.4167096595e-02    0.0000000000e+00    9.9999999993e-01    0.0000000000e+00    1.0937705998e-05    3.5551908854e-07    3.2178129994e-02    5.3856274525e-02    4.8012939943e-04    0.0000000000e+00
 190.0100000    1.0388544799e-05    3.2485932017e-07   -1.1452983877e-04    1.1493231339e-04    2.2110652101e-02    3.3657855089e-02    5.4043946622e-02    0.0000000000e+00    9.9999999993e-01    0.0000000000e+00    1.0949502119e-05    3.5572217745e-07    3.2203555784e-02    5.3721802402e-02    4.8037855535e-04    0.0000000000e+00
 190.5100000    1.0399598925e-05    3.2485451571e-07   -1.1454199243e-04    1.1492889295e-04    2.2133441752e-02    3.3683971879e-02    5.3895560397e-02    0.0000000000e+00    9.9999999993e-01    0.0000000000e+00    1.0961289827e-05    3.5598267662e-07    3.2228947979e-02    5.3613952315e-02    4.8061329701e-04    0.0000000000e+00
 191.0100000    1.0410631249e-05    3.2507044705e-07   -1.1455193130e-04    1.1492047746e-04    2.2155893616e-02    3.3710008742e-02    5.3804611849e-02    0.0000000000e+00    9.9999999993e-01    0.0000000000e+00    1.0973077621e-05    3.5611560579e-07    3.2254331196e-02    5.3507850269e-02    4.8083589077e-04    0.0000000000e+00
 191.5100000    1.0421639621e-05    3.2525783232e-07   -1.1455929231e-04    1.1490689875e-04    2.2178243859e-02    3.3735956481e-02    5.3703076858e-02    0.0000000000e+00    9.9999999993e-01    0.0000000000e+00    1.0984838239e-05    3.5626368931e-07    3.2279623198e-02    5.3398329811e-02    4.8104613557e-04    0.0000000000e+00
 192.0100000    1.0432651418e-05    3.2540903963e-07   -1.1456346864e-04    1.1488877028e-04    2.2199700157e-02    3.3761901043e-02    5.3571406473e-02    0.0000000000e+00    9.9999999993e-01    0.0000000000e+00    1.0996591880e-05    3.5647951387e-07    3.2304880833e-02    5.3274889459e-02    4.8123848675e-04    0.0000000000e+00
 192.5100000    1.0443694862e-05    3.2552555546e-07   -1.1456422515e-04    1.1486672233e-04    2.2221317732e-02    3.3787930810e-02    5.3426223807e-02    0.0000000000e+00    9.9999999993e-01    0.0000000000e+00    1.1008349354e-05    3.5670804270e-07    3.2330133137e-02    5.3145404350e-02    4.8140375579e-04    0.0000000000e+00
 193.0100000    1.0454761243e-05    3.2564224630e-07   -1.1456184781e-04    1.1484104292e-04    2.2244363159e-02    3.3814016873e-02    5.3288476878e-02    0.0000000000e+00    9.9999999993e-01    0.0000000000e+00    1.1020120796e-05    3.5684633882e-07    3.2355409179e-02    5.3009752701e-02    4.8153482285e-04    0.0000000000e+00
 193.5100000    1.0465798382e-05    3.2592372997e-07   -1.1455677024e-04    1.1481195312e-04    2.2266954340e-02    3.3839991259e-02    5.3184761632e-02    0.0000000000e+00    9.9999999993e-01    0.0000000000e+00    1.1031858129e-05    3.5699549858e-07    3.2380568540e-02    5.2883190349e-02    4.8163208139e-04    0.0000000000e+00
 194.0100000    1.0476831657e-05    3.2599760977e-07   -1.1454917585e-04    1.1477991601e-04    2.2289689069e-02    3.3865938885e-02    5.3060446239e-02    0.0000000000e+00    9.9999999993e-01    0.0000000000e+00    1.1043558124e-05    3.5725591684e-07    3.2405604618e-02    5.2785954101e-02    4.8170358347e-04    0.0000000000e+00
 194.5100000    1.0487850215e-05    3.2611459586e-07   -1.1453897616e-04    1.1474536601e-04    2.2313452406e-02    3.3891829070e-02    5.2959060663e-02    0.0000000000e+00    9.9999999993e-01    0.0000000000e+00    1.1055268105e-05    3.5742180600e-07    3.2430660333e-02    5.2690499265e-02    4.8175862615e-04    0.0000000000e+00
 195.0100000    1.0498794953e-05    3.2639225516e-07   -1.1452606796e-04    1.1470804810e-04    2.2336412480e-02    3.3917467083e-02    5.2876504326e-02    0.0000000000e+00    9.9999999993e-01    0.0000000000e+00    1.1066956094e-05    3.5756311568e-07    3.2455638105e-02    5.2584578098e-02    4.8179883404e-04    0.0000000000e+00
 195.5100000    1.0509713823e-05    3.2646041989e-07   -1.1451048851e-04    1.1466679652e-04    2.2358595165e-02    3.3942998678e-02    5.2745740798e-02    0.0000000000e+00    9.9999999993e-01    0.0000000000e+00    1.1078635677e-05    3.5778398744e-07    3.2480569028e-02    5.2475816591e-02    4.8181354821e-04    0.0000000000e+00
 196.0100000    1.0520647399e-05    3.2662950269e-07   -1.1449227263e-04    1.1462026179e-04    2.2380862414e-02    3.3968546449e-02    5.2625910388e-02    0.0000000000e+00    9.9999999993e-01    0.0000000000e+00    1.1090331974e-05    3.5795435881e-07    3.2505518700e-02    5.2354366931e-02    4.8178396805e-04    0.0000000000e+00
 196.5100000    1.0531598761e-05    3.2686922095e-07   -1.1447120817e-04    1.1456809395e-04    2.2403151101e-02    3.3994120189e-02    5.2512984978e-02    0.0000000000e+00    9.9999999993e-01    0.0000000000e+00    1.1102005696e-05    3.5813926760e-07    3.2530371978e-02    5.2230778339e-02    4.8169439510e-04    0.0000000000e+00
 197.0100000    1.0542594166e-05    3.2696145397e-07   -1.1444685140e-04    1.1451146372e-04    2.2425922633e-02    3.4019812717e-02    5.2384173103e-02    0.0000000000e+00    9.9999999993e-01    0.0000000000e+00    1.1113665629e-05    3.5836148246e-07    3.2555162523e-02    5.2120114003e-02    4.8154347770e-04    0.0000000000e+00
 197.5100000    1.0553618411e-05    3.2713084557e-07   -1.1441889157e-04    1.1445228185e-04    2.2448969895e-02    3.4045587711e-02    5.2279549270e-02    0.0000000000e+00    9.9999999993e-01    0.0000000000e+00    1.1125322955e-05    3.5852978644e-07    3.2579935322e-02    5.2013432796e-02    4.8134675707e-04    0.0000000000e+00
 198.0100000    1.0564629131e-05    3.2730333107e-07   -1.1438750171e-04    1.1439167572e-04    2.2472067412e-02    3.4071320475e-02    5.2180324927e-02    0.0000000000e+00    9.9999999993e-01    0.0000000000e+00    1.1136961141e-05    3.5869002535e-07    3.2604653363e-02    5.1910606605e-02    4.8112534219e-04    0.0000000000e+00
 198.5100000    1.0575601099e-05    3.2742111547e-07   -1.1435322321e-04    1.1432902987e-04    2.2494997375e-02    3.4096931458e-02    5.2066816728e-02    0.0000000000e+00    9.9999999993e-01    0.0000000000e+00    1.1148585283e-05    3.5888443163e-07    3.2629333186e-02    5.1807057312e-02    4.8088555873e-04    0.0000000000e+00
 199.0100000    1.0586554128e-05    3.2752990143e-07   -1.1431641481e-04    1.1426242213e-04    2.2517675879e-02    3.4122476914e-02    5.1940613162e-02    0.0000000000e+00    9.9999999993e-01    0.0000000000e+00    1.1160209865e-05    3.5907336371e-07    3.2654009844e-02    5.1691362707e-02    4.8101780670e-04    0.0000000000e+00
 199.5100000    1.0597495481e-05    3.2768611509e-07   -1.1427684345e-04    1.1419005830e-04    2.2540690804e-02    3.4147969922e-02    5.1819683293e-02    0.0000000000e+00    9.9999999993e-01    0.0000000000e+00    1.1171836350e-05    3.5922431772e-07    3.2678677708e-02    5.1568067526e-02    4.8141172736e-04    0.0000000000e+00
 200.0100000    1.0608405916e-05    3.2786704071e-07   -1.1423390474e-04    1.1411152294e-04    2.2563504281e-02    3.4173341665e-02    5.1703499350e-02    0.0000000000e+00    9.9999999993e-01    0.0000000000e+00    1.1183436886e-05    3.5940432167e-07    3.2703248774e-02    5.1449879632e-02    4.8178885824e-04    0.0000000000e+00
