# time  total_canon  bary_x_canon  bary_y_canon  bary_z_canon  rms_radius_canon  total_phantom  bary_x_phantom  bary_y_phantom  bary_z_phantom  rms_radius_phantom
0.0000000000000000e+00  3.9105682550128438e+00  3.7000308984201602e+01  3.1999999999999975e+01  3.1999999999999996e+01  4.3375355098767931e+00  4.0366783287368015e+00  2.7000322330213187e+01  3.2000000000000036e+01  3.2000000000000028e+01  4.4068764575965975e+00
8.0000000000000004e-01  3.9130948448797973e+00  3.7000343884797559e+01  3.2000000000000618e+01  3.2000000000000000e+01  4.3377548634011287e+00  4.0402970761428918e+00  2.7000359751198094e+01  3.1999999999999908e+01  3.2000000000000000e+01  4.4067498707515886e+00
1.6000000000000001e+00  3.9154930677143200e+00  3.7000414055046804e+01  3.2000000000007518e+01  3.1999999999999996e+01  4.3381880766573326e+00  4.0441712369640292e+00  2.7000436382349044e+01  3.1999999999997780e+01  3.2000000000000014e+01  4.4065370401758370e+00
2.3999999999999901e+00  3.9190476359919297e+00  3.7000465980075504e+01  3.2000000000022908e+01  3.1999999999999996e+01  4.3384936284046240e+00  4.0470917128966697e+00  2.7000495877134625e+01  3.1999999999992745e+01  3.1999999999999979e+01  4.4063192568317628e+00
3.1999999999999802e+00  3.9239797367682083e+00  3.7000507788758590e+01  3.2000000000041240e+01  3.1999999999999986e+01  4.3388631678316436e+00  4.0485698551880827e+00  2.7000549318573160e+01  3.1999999999988169e+01  3.1999999999999936e+01  4.4059612149243748e+00
3.9999999999999600e+00  3.9293853255335320e+00  3.7000611688123826e+01  3.2000000000056659e+01  3.1999999999999975e+01  4.3396235375878058e+00  4.0492955561865154e+00  2.7000672571031306e+01  3.1999999999992173e+01  3.1999999999999886e+01  4.4052727482889420e+00
4.7999999999999403e+00  3.9339038987163697e+00  3.7000833106416273e+01  3.2000000000039208e+01  3.1999999999999943e+01  4.3407918836173227e+00  4.0502734242719232e+00  2.7000917091053573e+01  3.2000000000020833e+01  3.1999999999999776e+01  4.4042804298914353e+00
5.5999999999999304e+00  3.9374009643426202e+00  3.7001145732262600e+01  3.1999999999953239e+01  3.1999999999999865e+01  4.3419499306442164e+00  4.0519117707014054e+00  2.7001249672832603e+01  3.2000000000072610e+01  3.1999999999999567e+01  4.4030750672014403e+00
6.3999999999999098e+00  3.9412899898390181e+00  3.7001490573517877e+01  3.1999999999781704e+01  3.1999999999999712e+01  4.3428778024883750e+00  4.0536505327963841e+00  2.7001613543222508e+01  3.2000000000137561e+01  3.1999999999999165e+01  4.4016542416476589e+00
7.1999999999998900e+00  3.9465331106989394e+00  3.7001882506637536e+01  3.1999999999501195e+01  3.1999999999999389e+01  4.3440815018261620e+00  4.0548481536450476e+00  2.7002034707706319e+01  3.2000000000235154e+01  3.1999999999998344e+01  4.3998903998853063e+00
7.9999999999998703e+00  3.9521001734014756e+00  3.7002412953525848e+01  3.1999999999077765e+01  3.1999999999998753e+01  4.3461507742468948e+00  4.0557932582859557e+00  2.7002609595496693e+01  3.2000000000402842e+01  3.1999999999996728e+01  4.3977280793611051e+00
8.7999999999998604e+00  3.9561806864721243e+00  3.7003127239725096e+01  3.1999999998496730e+01  3.1999999999997456e+01  4.3488736687327698e+00  4.0572561931271274e+00  2.7003379142421970e+01  3.2000000000647866e+01  3.1999999999993548e+01  4.3953980131395012e+00
9.5999999999998398e+00  3.9587458325972986e+00  3.7003955818581829e+01  3.1999999997746539e+01  3.1999999999994913e+01  4.3516528447396556e+00  4.0594492027045810e+00  2.7004277357361431e+01  3.2000000000958444e+01  3.1999999999987146e+01  4.3932013193178552e+00
1.0399999999999800e+01  3.9617647050210962e+00  3.7004806823940953e+01  3.1999999996796571e+01  3.1999999999989367e+01  4.3550637834957451e+00  4.0619001425251753e+00  2.7005243053488240e+01  3.2000000001340119e+01  3.1999999999974762e+01  4.3913743974369925e+00
1.1199999999999800e+01  3.9665861218373877e+00  3.7005684754553748e+01  3.1999999995619405e+01  3.1999999999978268e+01  4.3614167473553023e+00  4.0643555719234721e+00  2.7006333492783124e+01  3.2000000001809966e+01  3.1999999999950678e+01  4.3905581341921884e+00
1.1999999999999799e+01  3.9720978941304228e+00  3.7006673293022530e+01  3.1999999994159062e+01  3.1999999999949864e+01  4.3725498352472369e+00  4.0672902631083492e+00  2.7007659090076157e+01  3.2000000002333408e+01  3.1999999999881766e+01  4.3919105769705755e+00
1.2799999999999800e+01  3.9765987466307848e+00  3.7007756971808014e+01  3.1999999992435086e+01  3.1999999999908379e+01  4.3887714217127343e+00  4.0712881886887322e+00  2.7009198081971689e+01  3.2000000002884072e+01  3.1999999999753648e+01  4.3963268907394610e+00
1.3599999999999801e+01  3.9805726727469630e+00  3.7008864493221452e+01  3.1999999990431519e+01  3.1999999999841044e+01  4.4110844182293532e+00  4.0765682702429658e+00  2.7010819849538958e+01  3.2000000003453060e+01  3.1999999999524476e+01  4.4053487506712656e+00
1.4399999999999700e+01  3.9854934307765761e+00  3.7010071532146512e+01  3.1999999988250210e+01  3.1999999999763922e+01  4.4382972286338820e+00  4.0831710543143718e+00  2.7012655146051333e+01  3.2000000004067637e+01  3.1999999999230113e+01  4.4219930617039944e+00
1.5199999999999701e+01  3.9916314744474715e+00  3.7011502393377107e+01  3.1999999985216277e+01  3.1999999999520181e+01  4.4687725842278470e+00  4.0906188678385895e+00  2.7014815368416677e+01  3.2000000004536751e+01  3.1999999998847560e+01  4.4464803587780626e+00
1.5999999999999700e+01  3.9974240899525340e+00  3.7013245826141045e+01  3.1999999980972618e+01  3.1999999998952198e+01  4.5011309222084988e+00  4.0984016553200027e+00  2.7017187267333352e+01  3.2000000004243702e+01  3.1999999998069629e+01  4.4762286895592807e+00
1.6799999999999802e+01  4.0016216715869177e+00  3.7015227495782554e+01  3.1999999974883856e+01  3.1999999997900353e+01  4.5344303821200453e+00  4.1070924707052594e+00  2.7019759873517419e+01  3.2000000002639815e+01  3.1999999996572377e+01  4.5120965015513850e+00
1.7600000000000001e+01  4.0050373259607390e+00  3.7017292138317060e+01  3.1999999965807675e+01  3.1999999996039975e+01  4.5692238035498622e+00  4.1165473101031047e+00  2.7022351659117284e+01  3.1999999997551267e+01  3.1999999993149643e+01  4.5538734002478725e+00
1.8400000000000102e+01  4.0092759823061037e+00  3.7019374578773892e+01  3.1999999952346180e+01  3.1999999992891624e+01  4.6064160241273058e+00  4.1255714863297825e+00  2.7024840107125151e+01  3.1999999985307522e+01  3.1999999985485271e+01  4.5978774805430271e+00
1.9200000000000198e+01  4.0150543245983634e+00  3.7021817572358536e+01  3.1999999931562158e+01  3.1999999987535972e+01  4.6483415272384674e+00  4.1337916440258198e+00  2.7027393778113563e+01  3.1999999961298215e+01  3.1999999971006183e+01  4.6430239507507434e+00
2.0000000000000298e+01  4.0212941634155701e+00  3.7024729345007344e+01  3.1999999901039679e+01  3.1999999979029379e+01  4.6958012654922907e+00  4.1417705994108012e+00  2.7030085258155069e+01  3.1999999916535803e+01  3.1999999944086984e+01  4.6908880994708859e+00
2.0800000000000502e+01  4.0263547864814999e+00  3.7027540301092465e+01  3.1999999869875307e+01  3.1999999968193304e+01  4.7446229468445953e+00  4.1505163437941750e+00  2.7032643465926984e+01  3.1999999837162289e+01  3.1999999894986420e+01  4.7450282547458844e+00
2.1600000000000598e+01  4.0309381060690894e+00  3.7030104436586285e+01  3.1999999853992779e+01  3.1999999958619053e+01  4.7946046875250969e+00  4.1598801050485239e+00  2.7035164311098761e+01  3.1999999717639540e+01  3.1999999819598958e+01  4.8056734982453797e+00
2.2400000000000698e+01  4.0367605569488365e+00  3.7032381668153221e+01  3.1999999855276858e+01  3.1999999952509654e+01  4.8493806881071766e+00  4.1687368949489585e+00  2.7037772074442977e+01  3.1999999585438250e+01  3.1999999735725751e+01  4.8690742549619648e+00
2.3200000000000799e+01  4.0440844958499671e+00  3.7034395145403202e+01  3.1999999854842738e+01  3.1999999944807726e+01  4.9108959609838774e+00  4.1769362029761616e+00  2.7040506846229725e+01  3.1999999470080830e+01  3.1999999663723624e+01  4.9350879113720643e+00
2.4000000000000998e+01  4.0512564861804048e+00  3.7036449344026607e+01  3.1999999840236089e+01  3.1999999927791258e+01  4.9749578712454721e+00  4.1846189537601042e+00  2.7043457523306728e+01  3.1999999360557698e+01  3.1999999598470026e+01  5.0040697511400545e+00
2.4800000000001098e+01  4.0575982099349677e+00  3.7038355675154818e+01  3.1999999820131574e+01  3.1999999899454462e+01  5.0395248938851545e+00  4.1917521567080378e+00  2.7046522593672599e+01  3.1999999223310095e+01  3.1999999518902555e+01  5.0747869968085171e+00
2.5600000000001199e+01  4.0645712291390437e+00  3.7039483681782187e+01  3.1999999807300675e+01  3.1999999864822559e+01  5.1092002028359573e+00  4.1982883294245115e+00  2.7049767136579955e+01  3.1999999048539657e+01  3.1999999416180383e+01  5.1459246036639366e+00
2.6400000000001299e+01  4.0736588347113853e+00  3.7040266261263980e+01  3.1999999802263432e+01  3.1999999828480483e+01  5.1893083958538977e+00  4.2042604956687963e+00  2.7053326110252051e+01  3.1999998856128329e+01  3.1999999298732615e+01  5.2178359696559635e+00
2.7200000000001499e+01  4.0833587144751515e+00  3.7041031261875304e+01  3.1999999799271308e+01  3.1999999791901899e+01  5.2736362967060559e+00  4.2096601808645477e+00  2.7057300005923135e+01  3.1999998669813447e+01  3.1999999179908013e+01  5.2909475752011597e+00
2.8000000000001599e+01  4.0924307290995463e+00  3.7041466462496508e+01  3.1999999793044651e+01  3.1999999754745165e+01  5.3575685255185865e+00  4.2144997194925544e+00  2.7061600597231521e+01  3.1999998504800253e+01  3.1999999071722623e+01  5.3648734948891059e+00
2.8800000000001699e+01  4.1014014024310779e+00  3.7041251621251007e+01  3.1999999779370150e+01  3.1999999713701857e+01  5.4440173602090391e+00  4.2189465642303858e+00  2.7066204268900727e+01  3.1999998368178311e+01  3.1999998981635461e+01  5.4387599060822609e+00
2.9600000000001799e+01  4.1103783486442289e+00  3.7040917308483102e+01  3.1999999754452478e+01  3.1999999664939555e+01  5.5345655079865512e+00  4.2232058280987950e+00  2.7071361606968576e+01  3.1999998261841156e+01  3.1999998911134586e+01  5.5120530705455266e+00
3.0400000000001999e+01  4.1186275884422319e+00  3.7040700862058827e+01  3.1999999719858383e+01  3.1999999610382780e+01  5.6246838905966161e+00  4.2273809366881405e+00  2.7077160933814373e+01  3.1999998179829678e+01  3.1999998854599259e+01  5.5856474001401120e+00
3.1200000000002099e+01  4.1261101074741937e+00  3.7040316600710035e+01  3.1999999675350288e+01  3.1999999554326251e+01  5.7113687362282644e+00  4.2313054940969064e+00  2.7083704463807791e+01  3.1999998115506273e+01  3.1999998806272369e+01  5.6588210983902298e+00
3.2000000000002203e+01  4.1333379918043640e+00  3.7039517436808076e+01  3.1999999622503612e+01  3.1999999501516495e+01  5.7959254091649237e+00  4.2349906073674006e+00  2.7090757682769389e+01  3.1999998063792017e+01  3.1999998762739576e+01  5.7316568339039833e+00
3.2800000000002001e+01  4.1403652658261976e+00  3.7038590591404095e+01  3.1999999561273530e+01  3.1999999452379260e+01  5.8812602773130731e+00  4.2385535121765026e+00  2.7098399338346592e+01  3.1999998021277683e+01  3.1999998722040726e+01  5.8019563706305259e+00
3.3600000000001899e+01  4.1463910204451775e+00  3.7037669451232588e+01  3.1999999495676100e+01  3.1999999407616297e+01  5.9651559769304532e+00  4.2423701628500963e+00  2.7106724958438839e+01  3.1999997991703406e+01  3.1999998687938909e+01  5.8710322914450739e+00
3.4400000000001697e+01  4.1511689999804595e+00  3.7037159407801568e+01  3.1999999427298935e+01  3.1999999368133714e+01  6.0444035946466110e+00  4.2464195829005060e+00  2.7115834195713965e+01  3.1999997972311050e+01  3.1999998658246220e+01  5.9379677761776826e+00
3.5200000000001602e+01  4.1553341560196824e+00  3.7036392151069002e+01  3.1999999355323986e+01  3.1999999332953625e+01  6.1170547112043705e+00  4.2505780209813260e+00  2.7125533172906486e+01  3.1999997967557395e+01  3.1999998637034629e+01  6.0042230127710869e+00
3.6000000000001400e+01  4.1594076402462683e+00  3.7035305222171552e+01  3.1999999283000751e+01  3.1999999300014412e+01  6.1846977868923414e+00  4.2546095665253745e+00  2.7135437229077212e+01  3.1999997963586100e+01  3.1999998616340051e+01  6.0671888486154586e+00
3.6800000000001198e+01  4.1630211862960804e+00  3.7034301895361345e+01  3.1999999210388026e+01  3.1999999266219298e+01  6.2502785489779944e+00  4.2588841558544539e+00  2.7145745629132136e+01  3.1999997960463865e+01  3.1999998599371914e+01  6.1276172691624344e+00
3.7600000000001103e+01  4.1653188531397625e+00  3.7033362519017452e+01  3.1999999144309633e+01  3.1999999236538056e+01  6.3100065624267980e+00  4.2638810257394875e+00  2.7156586939631335e+01  3.1999997939978108e+01  3.1999998574149423e+01  6.1849312849185036e+00
3.8400000000000901e+01  4.1669055925421414e+00  3.7032521414915770e+01  3.1999999085932465e+01  3.1999999212740331e+01  6.3657634516902135e+00  4.2698513584731046e+00  2.7168073652017000e+01  3.1999997905446207e+01  3.1999998542014396e+01  6.2416791167039003e+00
3.9200000000000799e+01  4.1685196011475503e+00  3.7031885301280589e+01  3.1999999034373754e+01  3.1999999193129572e+01  6.4132426739458026e+00  4.2757478956440274e+00  2.7179472007034221e+01  3.1999997859805912e+01  3.1999998504042878e+01  6.2943276255024259e+00
4.0000000000000597e+01  4.1705976463919541e+00  3.7031169044647463e+01  3.1999998994082805e+01  3.1999999177516230e+01  6.4568547299104644e+00  4.2813907340257753e+00  2.7190351423098434e+01  3.1999997810043791e+01  3.1999998465750359e+01  6.3430786505274330e+00
4.0800000000000502e+01  4.1722930167997507e+00  3.7030717396066990e+01  3.1999998956087985e+01  3.1999999159584551e+01  6.4963582180226229e+00  4.2869517231584826e+00  2.7201208415588301e+01  3.1999997756934061e+01  3.1999998427306505e+01  6.3870873918512592e+00
4.1600000000000300e+01  4.1728776835344625e+00  3.7030571868955015e+01  3.1999998922106808e+01  3.1999999139657362e+01  6.5285186039225183e+00  4.2924687175523459e+00  2.7211647098034010e+01  3.1999997700499456e+01  3.1999998387217264e+01  6.4262420808355731e+00
4.2400000000000098e+01  4.1734018882815231e+00  3.7030280617999054e+01  3.1999998894249760e+01  3.1999999119689672e+01  6.5570554078867032e+00  4.2975561432782259e+00  2.7221717105234841e+01  3.1999997641012765e+01  3.1999998344458362e+01  6.4595103273017838e+00
4.3200000000000003e+01  4.1750508374539965e+00  3.7030374235296030e+01  3.1999998864277785e+01  3.1999999096707764e+01  6.5814964538932070e+00  4.3020476059599098e+00  2.7231364497625570e+01  3.1999997571325984e+01  3.1999998295920587e+01  6.4871195877393699e+00
4.3999999999999801e+01  4.1775682037319575e+00  3.7030680816139025e+01  3.1999998838481122e+01  3.1999999076994758e+01  6.6014351464919123e+00  4.3061094124655952e+00  2.7240923044732256e+01  3.1999997503332210e+01  3.1999998251157482e+01  6.5101080397454290e+00
4.4799999999999699e+01  4.1796149876040349e+00  3.7031660914708503e+01  3.1999998812116608e+01  3.1999999056831275e+01  6.6166513619042355e+00  4.3098504697964728e+00  2.7250103239007821e+01  3.1999997429645742e+01  3.1999998204010492e+01  6.5276979395305270e+00
4.5599999999999497e+01  4.1807088897508393e+00  3.7032854297480782e+01  3.1999998782109504e+01  3.1999999034283988e+01  6.6237357757768054e+00  4.3132971001699980e+00  2.7258870071537668e+01  3.1999997358198772e+01  3.1999998158164406e+01  6.5411156195685187e+00
4.6399999999999302e+01  4.1826675501347008e+00  3.7034064712017916e+01  3.1999998757565873e+01  3.1999999013523514e+01  6.6277220948685818e+00  4.3160454671911115e+00  2.7267092688202588e+01  3.1999997290074699e+01  3.1999998111985107e+01  6.5478141547741577e+00
4.7199999999999200e+01  4.1862027522152712e+00  3.7036075813334143e+01  3.1999998729996214e+01  3.1999998990420707e+01  6.6314403984933161e+00  4.3180709435862523e+00  2.7274847360068609e+01  3.1999997221811654e+01  3.1999998062787991e+01  6.5471556533006021e+00
4.7999999999998998e+01  4.1904118872252756e+00  3.7038387846787046e+01  3.1999998701476414e+01  3.1999998964357228e+01  6.6314148729068405e+00  4.3197830410107230e+00  2.7282373274605114e+01  3.1999997154486419e+01  3.1999998011570920e+01  6.5434565833562468e+00
4.8799999999998903e+01  4.1939552713024959e+00  3.7041300484577739e+01  3.1999998672118600e+01  3.1999998939183744e+01  6.6259797010838986e+00  4.3211644160112748e+00  2.7289672167917395e+01  3.1999997098743655e+01  3.1999997965917757e+01  6.5341508679288287e+00
4.9599999999998701e+01  4.1970224285225468e+00  3.7044518268020319e+01  3.1999998639199465e+01  3.1999998912578043e+01  6.6147229336790536e+00  4.3222858176589698e+00  2.7296680071909272e+01  3.1999997033112432e+01  3.1999997913223325e+01  6.5217341001092901e+00
5.0399999999998499e+01  4.2006324915640105e+00  3.7048451970457883e+01  3.1999998608322052e+01  3.1999998885426212e+01  6.6021773570673101e+00  4.3230741610679146e+00  2.7302930920157060e+01  3.1999996973213175e+01  3.1999997864923333e+01  6.5056587423469772e+00
5.1199999999998397e+01  4.2046238126215121e+00  3.7053383076966959e+01  3.1999998574960465e+01  3.1999998857138198e+01  6.5887732687350207e+00  4.3234845846341639e+00  2.7309212368340553e+01  3.1999996909724054e+01  3.1999997814204889e+01  6.4851499874331759e+00
5.1999999999998202e+01  4.2080212747190835e+00  3.7059425878413336e+01  3.1999998542172243e+01  3.1999998824882606e+01  6.5705075302776521e+00  4.3237039523029246e+00  2.7314888206676731e+01  3.1999996851036695e+01  3.1999997764511207e+01  6.4608471315154175e+00
5.2799999999998100e+01  4.2107412375439619e+00  3.7065749591864417e+01  3.1999998502146855e+01  3.1999998791048512e+01  6.5500692426100207e+00  4.3239432803873363e+00  2.7320625745942795e+01  3.1999996795553251e+01  3.1999997716971667e+01  6.4353998573380284e+00
5.3599999999997898e+01  4.2132183324532573e+00  3.7072598794056987e+01  3.1999998461064035e+01  3.1999998755095923e+01  6.5262097299281141e+00  4.3242143288047021e+00  2.7326176116295937e+01  3.1999996737494893e+01  3.1999997664434371e+01  6.4088462667255888e+00
5.4399999999997704e+01  4.2157571757661323e+00  3.7080254773817082e+01  3.1999998416002036e+01  3.1999998716139309e+01  6.5019518596567378e+00  4.3244870223119829e+00  2.7331529099335672e+01  3.1999996676712744e+01  3.1999997609417655e+01  6.3814813417052552e+00
5.5199999999997601e+01  4.2181043582791720e+00  3.7088169651883547e+01  3.1999998367287354e+01  3.1999998677304905e+01  6.4775831707188800e+00  4.3248835291629382e+00  2.7336496492822370e+01  3.1999996614685834e+01  3.1999997550654470e+01  6.3534825544034588e+00
5.5999999999997399e+01  4.2198706630687202e+00  3.7096462420723391e+01  3.1999998318507547e+01  3.1999998634903545e+01  6.4502739014078472e+00  4.3254821868221551e+00  2.7341598450081925e+01  3.1999996563837122e+01  3.1999997501276539e+01  6.3255072767463432e+00
5.6799999999997297e+01  4.2212444861153227e+00  3.7105799455863533e+01  3.1999998273934239e+01  3.1999998594063825e+01  6.4222284778705410e+00  4.3262252672176782e+00  2.7346373902862311e+01  3.1999996518111072e+01  3.1999997456299877e+01  6.2963285567750562e+00
5.7599999999997102e+01  4.2223241579773187e+00  3.7114674346669354e+01  3.1999998220787866e+01  3.1999998550433887e+01  6.3911932277755108e+00  4.3272668615252261e+00  2.7351332638957647e+01  3.1999996479285258e+01  3.1999997415957193e+01  6.2689011027053132e+00
5.8399999999997000e+01  4.2233489684150554e+00  3.7123808095585815e+01  3.1999998179004908e+01  3.1999998512020532e+01  6.3622787175962623e+00  4.3288160701059724e+00  2.7356716032157721e+01  3.1999996435181302e+01  3.1999997374141433e+01  6.2448043606867145e+00
5.9199999999996798e+01  4.2241297613431916e+00  3.7133043303030490e+01  3.1999998127626132e+01  3.1999998470001987e+01  6.3349079129811612e+00  4.3308745061823632e+00  2.7362244600851700e+01  3.1999996397651689e+01  3.1999997333271335e+01  6.2220594112999121e+00
5.9999999999996597e+01  4.2246792978914227e+00  3.7141852062404411e+01  3.1999998071244271e+01  3.1999998426942565e+01  6.3085296562888979e+00  4.3335497466922206e+00  2.7368081075293180e+01  3.1999996347752376e+01  3.1999997285141575e+01  6.2036244069662825e+00
6.0799999999996501e+01  4.2252066771675949e+00  3.7151086420824583e+01  3.1999998021384954e+01  3.1999998384942163e+01  6.2794430653342781e+00  4.3365101272257558e+00  2.7373783221204452e+01  3.1999996288621688e+01  3.1999997229617826e+01  6.1845660097988988e+00
6.1599999999996299e+01  4.2259903416205544e+00  3.7160121048502738e+01  3.1999997948802498e+01  3.1999998334331348e+01  6.2560242596395179e+00  4.3399403222782702e+00  2.7380174195031906e+01  3.1999996228905403e+01  3.1999997173101733e+01  6.1709122474532441e+00
6.2399999999996197e+01  4.2264606642189424e+00  3.7169306123733932e+01  3.1999997884624729e+01  3.1999998287112852e+01  6.2295098279563614e+00  4.3438063619825886e+00  2.7386251715816393e+01  3.1999996164093663e+01  3.1999997114091030e+01  6.1579584513991730e+00
6.3199999999996002e+01  4.2267133811612929e+00  3.7178464040853733e+01  3.1999997813012268e+01  3.1999998237558856e+01  6.2040302753576251e+00  4.3480867106978334e+00  2.7392695085905963e+01  3.1999996093539515e+01  3.1999997051110341e+01  6.1500456458851289e+00
6.3999999999995801e+01  4.2273916555418989e+00  3.7186563298679424e+01  3.1999997736443081e+01  3.1999998189079168e+01  6.1839599188097418e+00  4.3523386865467062e+00  2.7399306865869878e+01  3.1999996019031034e+01  3.1999996987015571e+01  6.1419902776857773e+00
6.4799999999996203e+01  4.2286485377938714e+00  3.7194823211609346e+01  3.1999997685824891e+01  3.1999998149468691e+01  6.1644883801560271e+00  4.3565182614134468e+00  2.7405452280000155e+01  3.1999995934929270e+01  3.1999996919503104e+01  6.1359128581310047e+00
6.5599999999996697e+01  4.2302113759357525e+00  3.7203879145525143e+01  3.1999997616725604e+01  3.1999998096969907e+01  6.1469527880997612e+00  4.3605792620749924e+00  2.7412070099924811e+01  3.1999995864458835e+01  3.1999996860811137e+01  6.1277600345129848e+00
6.6399999999997107e+01  4.2315449679249060e+00  3.7212001631325911e+01  3.1999997552786468e+01  3.1999998044615687e+01  6.1311971466476933e+00  4.3646678576471274e+00  2.7419098093732913e+01  3.1999995808445423e+01  3.1999996813808384e+01  6.1225569150421837e+00
6.7199999999997502e+01  4.2328300482539856e+00  3.7220851223103260e+01  3.1999997472854268e+01  3.1999997988304578e+01  6.1128065371877520e+00  4.3685920291686422e+00  2.7426078388291394e+01  3.1999995767813530e+01  3.1999996771444529e+01  6.1191513571178566e+00
6.7999999999997897e+01  4.2351565262953095e+00  3.7229059606114596e+01  3.1999997362590804e+01  3.1999997922114712e+01  6.1000932472552849e+00  4.3720835820312720e+00  2.7433326310892543e+01  3.1999995736997811e+01  3.1999996729111512e+01  6.1134450255007700e+00
6.8799999999998306e+01  4.2386536706742017e+00  3.7236234987402653e+01  3.1999997268537811e+01  3.1999997865568140e+01  6.0906181472840224e+00  4.3753528547288427e+00  2.7440692277841709e+01  3.1999995704984130e+01  3.1999996686667458e+01  6.1082721123667785e+00
6.9599999999998701e+01  4.2425091446076841e+00  3.7244341545992732e+01  3.1999997202670965e+01  3.1999997824305609e+01  6.0873412560557734e+00  4.3785460521797344e+00  2.7448290767445517e+01  3.1999995672077024e+01  3.1999996643794820e+01  6.1048649650395070e+00
7.0399999999999096e+01  4.2459183947321701e+00  3.7252883203660495e+01  3.1999997123956042e+01  3.1999997771874799e+01  6.0816356297289946e+00  4.3814142476986246e+00  2.7455365421121304e+01  3.1999995623265594e+01  3.1999996594049065e+01  6.0972085943967658e+00
7.1199999999999505e+01  4.2495081414783229e+00  3.7261412845024594e+01  3.1999997037560327e+01  3.1999997715417788e+01  6.0744765187210117e+00  4.3839477403407594e+00  2.7463167672533931e+01  3.1999995588631236e+01  3.1999996548625475e+01  6.0905821568614913e+00
7.1999999999999901e+01  4.2538803679746930e+00  3.7269363771366216e+01  3.1999996962978582e+01  3.1999997663211222e+01  6.0718484683704119e+00  4.3861966523580609e+00  2.7471078533863061e+01  3.1999995524788101e+01  3.1999996490753500e+01  6.0841011684656676e+00
7.2800000000000296e+01  4.2584819377277414e+00  3.7278017756882733e+01  3.1999996876605802e+01  3.1999997606653867e+01  6.0695363148816028e+00  4.3882092788488798e+00  2.7478370273220150e+01  3.1999995472337567e+01  3.1999996435649816e+01  6.0748709773219947e+00
7.3600000000000705e+01  4.2625724628245081e+00  3.7286441824318459e+01  3.1999996796713233e+01  3.1999997556087838e+01  6.0691482531486463e+00  4.3901344073313151e+00  2.7486620486602856e+01  3.1999995423596182e+01  3.1999996379670588e+01  6.0669107511504530e+00
7.4400000000001199e+01  4.2662047128073040e+00  3.7294544987556471e+01  3.1999996724980765e+01  3.1999997512339160e+01  6.0673422072051268e+00  4.3918735249107188e+00  2.7494621786634550e+01  3.1999995359717314e+01  3.1999996313601333e+01  6.0569764122381393e+00
7.5200000000001594e+01  4.2700025533836357e+00  3.7303725246414942e+01  3.1999996636429422e+01  3.1999997462663220e+01  6.0640430638791774e+00  4.3934032501927049e+00  2.7502355637337399e+01  3.1999995295688169e+01  3.1999996249094334e+01  6.0467901772164980e+00
7.6000000000002004e+01  4.2740751768237146e+00  3.7312952551581361e+01  3.1999996551345806e+01  3.1999997421151960e+01  6.0637560666820933e+00  4.3947762084062809e+00  2.7510478253674972e+01  3.1999995241793666e+01  3.1999996198588466e+01  6.0354120382325966e+00
7.6800000000002399e+01  4.2776304851326339e+00  3.7322066592213574e+01  3.1999996487339928e+01  3.1999997389512387e+01  6.0595968626943746e+00  4.3961523470745387e+00  2.7518833544655557e+01  3.1999995201538674e+01  3.1999996159750136e+01  6.0237852919038790e+00
7.7600000000002794e+01  4.2805187770414577e+00  3.7331033646373143e+01  3.1999996435958277e+01  3.1999997355952832e+01  6.0553554119912869e+00  4.3976243810385203e+00  2.7527101376722829e+01  3.1999995169407537e+01  3.1999996128986332e+01  6.0119863963800766e+00
7.8400000000003203e+01  4.2831751595796046e+00  3.7340268297949137e+01  3.1999996393729926e+01  3.1999997318181546e+01  6.0515751307867847e+00  4.3991278183444447e+00  2.7535477956640445e+01  3.1999995160872125e+01  3.1999996119517331e+01  5.9992772757288675e+00
7.9200000000003598e+01  4.2858607871226351e+00  3.7349636648041411e+01  3.1999996353384908e+01  3.1999997279916940e+01  6.0466571130760363e+00  4.4006511414757643e+00  2.7544122025097405e+01  3.1999995150657039e+01  3.1999996104070743e+01  5.9873523756350258e+00
8.0000000000003993e+01  4.2884301858641276e+00  3.7359191422354826e+01  3.1999996297628829e+01  3.1999997246359843e+01  6.0413782670066123e+00  4.4023322667562104e+00  2.7552571696265598e+01  3.1999995133891268e+01  3.1999996084951146e+01  5.9751433913228178e+00
8.0800000000004403e+01  4.2905146457590817e+00  3.7368941683661717e+01  3.1999996242956012e+01  3.1999997205610811e+01  6.0349734420552821e+00  4.4043195344694910e+00  2.7561420334962513e+01  3.1999995122546370e+01  3.1999996063664394e+01  5.9631860711770308e+00
8.1600000000004798e+01  4.2921751589528103e+00  3.7378550202664641e+01  3.1999996208789817e+01  3.1999997184372234e+01  6.0267841139507485e+00  4.4066323484340248e+00  2.7570598013757632e+01  3.1999995109383100e+01  3.1999996043677587e+01  5.9527654277215607e+00
8.2400000000005207e+01  4.2936991788090744e+00  3.7388302977098668e+01  3.1999996167300168e+01  3.1999997145758275e+01  6.0180771468343455e+00  4.4091014858118482e+00  2.7579544530708901e+01  3.1999995071070568e+01  3.1999996008684725e+01  5.9417165632242108e+00
8.3200000000005701e+01  4.2953885733884283e+00  3.7398412026045797e+01  3.1999996100652986e+01  3.1999997098881693e+01  6.0099688070425366e+00  4.4119031983020669e+00  2.7588726380414283e+01  3.1999995045357295e+01  3.1999995973620873e+01  5.9320907475159856e+00
8.4000000000006096e+01  4.2970302164348801e+00  3.7408419931110153e+01  3.1999996011282335e+01  3.1999997057404016e+01  6.0012456223058033e+00  4.4151998520163431e+00  2.7598241557249914e+01  3.1999995015990251e+01  3.1999995931544998e+01  5.9243056291533973e+00
8.4800000000006506e+01  4.2983400438837194e+00  3.7418329428313470e+01  3.1999995912687812e+01  3.1999997014592449e+01  5.9925934992564658e+00  4.4188950850297442e+00  2.7607734629693962e+01  3.1999994990072878e+01  3.1999995877986773e+01  5.9179641770201448e+00
8.5600000000006901e+01  4.2994528339088909e+00  3.7428307401322158e+01  3.1999995787689617e+01  3.1999996962853320e+01  5.9814608162025245e+00  4.4227202871326465e+00  2.7617239864148974e+01  3.1999994929972036e+01  3.1999995805005096e+01  5.9114524851061168e+00
8.6400000000007296e+01  4.3008207722946219e+00  3.7438884980104021e+01  3.1999995678789595e+01  3.1999996909571099e+01  5.9693800222502187e+00  4.4266300689721536e+00  2.7626693616800040e+01  3.1999994878625262e+01  3.1999995745069512e+01  5.9053416583542493e+00
8.7200000000007705e+01  4.3026474914499202e+00  3.7449099509167354e+01  3.1999995555744487e+01  3.1999996859009578e+01  5.9612227236854558e+00  4.4307148823989060e+00  2.7636230738977172e+01  3.1999994784119380e+01  3.1999995655062683e+01  5.9007817586430926e+00
8.8000000000008100e+01  4.3043692216394840e+00  3.7459595981071615e+01  3.1999995373767593e+01  3.1999996761337851e+01  5.9525328915279108e+00  4.4348391453918818e+00  2.7645850435557794e+01  3.1999994667831384e+01  3.1999995548772127e+01  5.8966421064916510e+00
8.8800000000008495e+01  4.3058649149377448e+00  3.7470043166564103e+01  3.1999995240648783e+01  3.1999996685378637e+01  5.9395715079244962e+00  4.4388553803664843e+00  2.7655593308341899e+01  3.1999994569006095e+01  3.1999995452761222e+01  5.8904360723950999e+00
8.9600000000008905e+01  4.3079331490673933e+00  3.7480405234147938e+01  3.1999995098301401e+01  3.1999996584393532e+01  5.9302656805611962e+00  4.4427873406934539e+00  2.7665289039811476e+01  3.1999994447145006e+01  3.1999995334617488e+01  5.8857851548107476e+00
9.0400000000009300e+01  4.3108058343871534e+00  3.7491276974669425e+01  3.1999994941290510e+01  3.1999996480588436e+01  5.9248203650852984e+00  4.4465563543847537e+00  2.7675048714304609e+01  3.1999994347658259e+01  3.1999995215347617e+01  5.8809330827798476e+00
9.1200000000009794e+01  4.3137875877484966e+00  3.7501892151680750e+01  3.1999994797630418e+01  3.1999996374483764e+01  5.9181540207335903e+00  4.4502033860502186e+00  2.7685045216837636e+01  3.1999994263886698e+01  3.1999995111951375e+01  5.8754696632007715e+00
9.2000000000010203e+01  4.3166077125084197e+00  3.7512856489473165e+01  3.1999994655205708e+01  3.1999996277819868e+01  5.9098084922897165e+00  4.4536384276277268e+00  2.7694885421249293e+01  3.1999994192669153e+01  3.1999995027008445e+01  5.8683509187810463e+00
9.2800000000010598e+01  4.3198261871792285e+00  3.7523463580109627e+01  3.1999994526484858e+01  3.1999996190233752e+01  5.9050636961490914e+00  4.4569136691161155e+00  2.7705083764930333e+01  3.1999994124653963e+01  3.1999994956618210e+01  5.8626722495883161e+00
9.3600000000010994e+01  4.3238225522800882e+00  3.7534299084941139e+01  3.1999994394949407e+01  3.1999996112737865e+01  5.9037475208775154e+00  4.4599521251486962e+00  2.7715121013725508e+01  3.1999994071850601e+01  3.1999994930070176e+01  5.8552631062579845e+00
9.4400000000011403e+01  4.3278874121595710e+00  3.7545819087981663e+01  3.1999994295985225e+01  3.1999996041915995e+01  5.8973230031338657e+00  4.4627778273193037e+00  2.7725349695586218e+01  3.1999994062177858e+01  3.1999994934276746e+01  5.8461197958962865e+00
9.5200000000011798e+01  4.3317910781147777e+00  3.7556760695429652e+01  3.1999994200648697e+01  3.1999995968296030e+01  5.8952478438709717e+00  4.4655583543313400e+00  2.7735871225540034e+01  3.1999994038582152e+01  3.1999994928680717e+01  5.8399835149515757e+00
9.6000000000012193e+01  4.3356511536536511e+00  3.7568267303203747e+01  3.1999994103789799e+01  3.1999995913041559e+01  5.8949941447991696e+00  4.4681058769721123e+00  2.7746157425431317e+01  3.1999994051483117e+01  3.1999994944331839e+01  5.8319981043890987e+00
9.6800000000012602e+01  4.3395306932693023e+00  3.7579800958612630e+01  3.1999994070346975e+01  3.1999995883215931e+01  5.8897706271297938e+00  4.4704084482587856e+00  2.7756560301932712e+01  3.1999994102446156e+01  3.1999994968346151e+01  5.8223378008934903e+00
9.7600000000012997e+01  4.3434732076705931e+00  3.7591343931969497e+01  3.1999994016974693e+01  3.1999995853706746e+01  5.8850527814434228e+00  4.4725110993398474e+00  2.7767001534104505e+01  3.1999994136388612e+01  3.1999994974257255e+01  5.8117567423420660e+00
9.8400000000013407e+01  4.3472827475456537e+00  3.7603009398450766e+01  3.1999993943172580e+01  3.1999995819719249e+01  5.8848399095426798e+00  4.4746247935207251e+00  2.7777912583806145e+01  3.1999994200200049e+01  3.1999994999341656e+01  5.8029628971471752e+00
9.9200000000013802e+01  4.3505892843765155e+00  3.7614770650512085e+01  3.1999993893142108e+01  3.1999995790315719e+01  5.8809289667889910e+00  4.4766652900713364e+00  2.7788611696278075e+01  3.1999994302035073e+01  3.1999995034822369e+01  5.7923400702411811e+00
1.0000000000001400e+02  4.3537068723304770e+00  3.7626650455606502e+01  3.1999993838119348e+01  3.1999995775383390e+01  5.8736528306006690e+00  4.4785327611756234e+00  2.7799420199739892e+01  3.1999994387277862e+01  3.1999995070046989e+01  5.7803154205145661e+00
1.0080000000001500e+02  4.3569287219487727e+00  3.7638488744288857e+01  3.1999993737290989e+01  3.1999995738681619e+01  5.8701394271441201e+00  4.4804567334039422e+00  2.7810597125255605e+01  3.1999994475587076e+01  3.1999995100610285e+01  5.7709672585612717e+00
1.0160000000001500e+02  4.3600867698453740e+00  3.7650682692088459e+01  3.1999993644421732e+01  3.1999995708665097e+01  5.8685164845361628e+00  4.4824264343339113e+00  2.7821416930315966e+01  3.1999994550085379e+01  3.1999995114066149e+01  5.7603939596718776e+00
1.0240000000001500e+02  4.3626772784060268e+00  3.7663398509220954e+01  3.1999993547444589e+01  3.1999995673354171e+01  5.8602331407526869e+00  4.4844525276223859e+00  2.7832304182500895e+01  3.1999994578784005e+01  3.1999995106666290e+01  5.7482137747324042e+00
1.0320000000001600e+02  4.3649118455273648e+00  3.7675287944178741e+01  3.1999993424541554e+01  3.1999995612686646e+01  5.8532306197869115e+00  4.4866759722167693e+00  2.7843635911229669e+01  3.1999994603852805e+01  3.1999995087669717e+01  5.7383996736460325e+00
1.0400000000001600e+02  4.3671763015143004e+00  3.7687362086157449e+01  3.1999993310281496e+01  3.1999995554685366e+01  5.8490976780432167e+00  4.4889983343858368e+00  2.7855161850543325e+01  3.1999994599173021e+01  3.1999995051490981e+01  5.7291843450586750e+00
1.0480000000001699e+02  4.3694275530897126e+00  3.7700125860779536e+01  3.1999993197853250e+01  3.1999995501909741e+01  5.8404104246929585e+00  4.4913968496345831e+00  2.7866808356561339e+01  3.1999994535894444e+01  3.1999995001369051e+01  5.7180982295642497e+00
1.0560000000001700e+02  4.3714877064965547e+00  3.7712605102611953e+01  3.1999993063140561e+01  3.1999995421998246e+01  5.8298747921944729e+00  4.4942519348690499e+00  2.7878916116260530e+01  3.1999994458812402e+01  3.1999994944045760e+01  5.7089436105527041e+00
1.0640000000001800e+02  4.3732340488917956e+00  3.7724747301619018e+01  3.1999992937691719e+01  3.1999995337002030e+01  5.8226089404537094e+00  4.4975504988631627e+00  2.7891304610752911e+01  3.1999994378406843e+01  3.1999994861193361e+01  5.7027789136854468e+00
1.0720000000001799e+02  4.3749236070117465e+00  3.7737631043800057e+01  3.1999992827564704e+01  3.1999995263525353e+01  5.8158423713196683e+00  4.5009477394740536e+00  2.7903487485377070e+01  3.1999994287030862e+01  3.1999994756179593e+01  5.6955759466689244e+00
1.0800000000001801e+02  4.3767396374583338e+00  3.7750899305480097e+01  3.1999992679501950e+01  3.1999995173372646e+01  5.8044970953420938e+00  4.5045921293168494e+00  2.7915655862189471e+01  3.1999994155134193e+01  3.1999994612372848e+01  5.6894839539523732e+00
1.0880000000001900e+02  4.3788601722964469e+00  3.7763927897373506e+01  3.1999992516911970e+01  3.1999995065635670e+01  5.7961351484096868e+00  4.5085077021677229e+00  2.7928075053230433e+01  3.1999994027769823e+01  3.1999994463266884e+01  5.6854062171819848e+00
1.0960000000001899e+02  4.3808962306118948e+00  3.7777075643853692e+01  3.1999992343381226e+01  3.1999994956311937e+01  5.7915024439540179e+00  4.5126563125703427e+00  2.7940552582769019e+01  3.1999993932931524e+01  3.1999994332454147e+01  5.6834237110172818e+00
1.1040000000002000e+02  4.3825798709921902e+00  3.7791111257991687e+01  3.1999992176043378e+01  3.1999994857972439e+01  5.7809853566460720e+00  4.5169526581159900e+00  2.7952688219974828e+01  3.1999993832132038e+01  3.1999994216002278e+01  5.6815219963663086e+00
1.1120000000002000e+02  4.3844988161660021e+00  3.7804727260240973e+01  3.1999991976857491e+01  3.1999994735423119e+01  5.7692141064125355e+00  4.5212046194767463e+00  2.7965224065667844e+01  3.1999993771307736e+01  3.1999994118019384e+01  5.6803005191177380e+00
1.1200000000001999e+02  4.3871146816005222e+00  3.7817380489233479e+01  3.1999991785528604e+01  3.1999994615104193e+01  5.7642348789032969e+00  4.5253440195944759e+00  2.7977818561167084e+01  3.1999993686882487e+01  3.1999994012951223e+01  5.6794250092956204e+00
1.1280000000002100e+02  4.3898408961857776e+00  3.7830805380948561e+01  3.1999991605000773e+01  3.1999994506302254e+01  5.7572724274236187e+00  4.5294294627489222e+00  2.7990356816043960e+01  3.1999993586853748e+01  3.1999993917312864e+01  5.6778438185632760e+00
1.1360000000002100e+02  4.3924126785530548e+00  3.7844671196681311e+01  3.1999991414280753e+01  3.1999994394025510e+01  5.7458548557498110e+00  4.5333651975487248e+00  2.8002772682937525e+01  3.1999993540534799e+01  3.1999993847955757e+01  5.6738736118653978e+00
1.1440000000002200e+02  4.3951799056666339e+00  3.7857467224886186e+01  3.1999991214465830e+01  3.1999994271635554e+01  5.7369746623942852e+00  4.5370674304413230e+00  2.8015460764708596e+01  3.1999993510747601e+01  3.1999993787643128e+01  5.6696640482048366e+00
1.1520000000002200e+02  4.3986907845143524e+00  3.7869780374614486e+01  3.1999991031263246e+01  3.1999994161382766e+01  5.7340271107534786e+00  4.5406165988702085e+00  2.8028363940881814e+01  3.1999993502310062e+01  3.1999993751864384e+01  5.6655740291812204e+00
1.1600000000002200e+02  4.4026328211290000e+00  3.7883239312997070e+01  3.1999990822392586e+01  3.1999994046114033e+01  5.7306898832189406e+00  4.5439457229297400e+00  2.8041029561839860e+01  3.1999993506898495e+01  3.1999993719967023e+01  5.6587630822006263e+00
1.1680000000002300e+02  4.4064959696532355e+00  3.7896716762760143e+01  3.1999990611487515e+01  3.1999993925120261e+01  5.7274461626694606e+00  4.5471673228703287e+00  2.8053965105715683e+01  3.1999993497042730e+01  3.1999993685434703e+01  5.6525164017817291e+00
1.1760000000002300e+02  4.4103291710228500e+00  3.7909851102974848e+01  3.1999990435951190e+01  3.1999993823246218e+01  5.7292096032042448e+00  4.5501841826254363e+00  2.8067031516612754e+01  3.1999993453847903e+01  3.1999993640781224e+01  5.6459638463233084e+00
1.1840000000002399e+02  4.4143302981043657e+00  3.7923494537337760e+01  3.1999990292880600e+01  3.1999993737521514e+01  5.7323198044820138e+00  4.5530271308422430e+00  2.8080077537882101e+01  3.1999993409516364e+01  3.1999993582875792e+01  5.6383427186006818e+00
1.1920000000002400e+02  4.4184932860033621e+00  3.7937867390368609e+01  3.1999990152443161e+01  3.1999993661447899e+01  5.7330986261288599e+00  4.5557326180006221e+00  2.8093039447597565e+01  3.1999993344653578e+01  3.1999993515074692e+01  5.6301185562582834e+00
1.2000000000002400e+02  4.4225545671066575e+00  3.7952413372548278e+01  3.1999990000686687e+01  3.1999993585816171e+01  5.7351620645785495e+00  4.5583058572537345e+00  2.8106284205060007e+01  3.1999993299805514e+01  3.1999993458985148e+01  5.6226979496858913e+00
1.2080000000002499e+02  4.4263305912365860e+00  3.7966581135214540e+01  3.1999989864344812e+01  3.1999993519606942e+01  5.7388130568828251e+00  4.5608418848934758e+00  2.8119755588450577e+01  3.1999993282735566e+01  3.1999993420683865e+01  5.6155890475127155e+00
1.2160000000002501e+02  4.4298531114368487e+00  3.7981488616468305e+01  3.1999989702855647e+01  3.1999993452980952e+01  5.7376087482404614e+00  4.5632601415040988e+00  2.8133118990120526e+01  3.1999993240854092e+01  3.1999993372972629e+01  5.6071265582099050e+00
1.2240000000002600e+02  4.4331665455509723e+00  3.7996737419174281e+01  3.1999989517154670e+01  3.1999993371404830e+01  5.7318848599511032e+00  4.5655906499878691e+00  2.8146625353465659e+01  3.1999993227685188e+01  3.1999993332046270e+01  5.5990426005573442e+00
1.2320000000002599e+02  4.4364043352967375e+00  3.8011483820949366e+01  3.1999989346950496e+01  3.1999993292426534e+01  5.7267890767077363e+00  4.5678733427972666e+00  2.8160385245808278e+01  3.1999993228524865e+01  3.1999993301509509e+01  5.5909210615526606e+00
1.2400000000002700e+02  4.4393573009730432e+00  3.8026525445995574e+01  3.1999989150289458e+01  3.1999993205418033e+01  5.7189449733288447e+00  4.5702356993329500e+00  2.8174361556852755e+01  3.1999993199741937e+01  3.1999993245531762e+01  5.5829500116906887e+00
1.2480000000002700e+02  4.4418555101717025e+00  3.8042054057465784e+01  3.1999988954663042e+01  3.1999993111529349e+01  5.7047684253914479e+00  4.5726764304011613e+00  2.8188186799668795e+01  3.1999993185311979e+01  3.1999993192610287e+01  5.5746727489751438e+00
1.2560000000002699e+02  4.4442178540625568e+00  3.8057593046196480e+01  3.1999988744411645e+01  3.1999993017576273e+01  5.6900438663703303e+00  4.5752071433203465e+00  2.8202075391618404e+01  3.1999993177826948e+01  3.1999993145762026e+01  5.5676846001268556e+00
1.2640000000002800e+02  4.4466947624071356e+00  3.8072429176930576e+01  3.1999988518961921e+01  3.1999992909390571e+01  5.6786234520844694e+00  4.5779634770807451e+00  2.8216259449561527e+01  3.1999993150606247e+01  3.1999993085151630e+01  5.5624985466446946e+00
1.2720000000002800e+02  4.4490760074910067e+00  3.8087678831584007e+01  3.1999988308063692e+01  3.1999992787209205e+01  5.6655556692715754e+00  4.5809398427087942e+00  2.8230496563066179e+01  3.1999993115241629e+01  3.1999993027584477e+01  5.5570866062678315e+00
1.2800000000002899e+02  4.4512509312999846e+00  3.8103545116121140e+01  3.1999988084677298e+01  3.1999992675967917e+01  5.6525131539141640e+00  4.5841160895643842e+00  2.8244719806887403e+01  3.1999993070813744e+01  3.1999992974551876e+01  5.5520177212238027e+00
1.2880000000002801e+02  4.4533320096293156e+00  3.8118937740016698e+01  3.1999987868738405e+01  3.1999992561286970e+01  5.6432536020188060e+00  4.5874842810243637e+00  2.8259043627204388e+01  3.1999993030586239e+01  3.1999992915507971e+01  5.5484574584590751e+00
1.2960000000002699e+02  4.4556869250945486e+00  3.8134031079308023e+01  3.1999987644623591e+01  3.1999992431075849e+01  5.6388088180570222e+00  4.5909671514511787e+00  2.8273553764225241e+01  3.1999993018838921e+01  3.1999992868233885e+01  5.5448231327479229e+00
1.3040000000002601e+02  4.4582861853876903e+00  3.8149578688645320e+01  3.1999987423521695e+01  3.1999992319121802e+01  5.6352457285530937e+00  4.5946341463477136e+00  2.8288067255632356e+01  3.1999993007871083e+01  3.1999992823493255e+01  5.5410117046744212e+00
1.3120000000002599e+02  4.4607263203127756e+00  3.8165364802100918e+01  3.1999987243034155e+01  3.1999992222316262e+01  5.6329069325909344e+00  4.5985931564770599e+00  2.8302801669953350e+01  3.1999993021059272e+01  3.1999992789634135e+01  5.5385089322196661e+00
1.3200000000002501e+02  4.4631220524576740e+00  3.8180576432606941e+01  3.1999987036603361e+01  3.1999992105680736e+01  5.6355940221783882e+00  4.6027196326302739e+00  2.8317701569801713e+01  3.1999993043820073e+01  3.1999992768136813e+01  5.5369293394068180e+00
1.3280000000002400e+02  4.4656828124717265e+00  3.8195754002157322e+01  3.1999986802663248e+01  3.1999991988011658e+01  5.6369506086145389e+00  4.6068769205088378e+00  2.8332447036059111e+01  3.1999993062287722e+01  3.1999992758173462e+01  5.5346989186415190e+00
1.3360000000002299e+02  4.4685876627706946e+00  3.8211455731999315e+01  3.1999986593941120e+01  3.1999991892046488e+01  5.6385107456398895e+00  4.6110813929347465e+00  2.8347321571194843e+01  3.1999993087523183e+01  3.1999992752636448e+01  5.5327835191580022e+00
1.3440000000002300e+02  4.4716560537887977e+00  3.8226980605741986e+01  3.1999986405153383e+01  3.1999991794853422e+01  5.6416626636778480e+00  4.6153112965230978e+00  2.8362381572333113e+01  3.1999993108601011e+01  3.1999992736359282e+01  5.5316318997280325e+00
1.3520000000002199e+02  4.4746271357330958e+00  3.8242112661943061e+01  3.1999986209126206e+01  3.1999991691744420e+01  5.6439127959391442e+00  4.6195708439656720e+00  2.8377463628259132e+01  3.1999993098019477e+01  3.1999992704156679e+01  5.5311734660782657e+00
1.3600000000002100e+02  4.4775871556109994e+00  3.8257675789010740e+01  3.1999986003183210e+01  3.1999991595315670e+01  5.6434959080668099e+00  4.6236849156274236e+00  2.8392409085591375e+01  3.1999993122506108e+01  3.1999992686359249e+01  5.5297531381046561e+00
1.3680000000002099e+02  4.4808039670962962e+00  3.8273548716112934e+01  3.1999985811440524e+01  3.1999991503276952e+01  5.6396036464739376e+00  4.6275904715031100e+00  2.8407393331021119e+01  3.1999993177401851e+01  3.1999992681103688e+01  5.5283554040017240e+00
1.3760000000002000e+02  4.4845037097607587e+00  3.8289097868585252e+01  3.1999985575280245e+01  3.1999991396497347e+01  5.6382784541799769e+00  4.6313876713296303e+00  2.8422541726850156e+01  3.1999993224496354e+01  3.1999992670368879e+01  5.5279405387583616e+00
1.3840000000001899e+02  4.4882771293196972e+00  3.8305124451037777e+01  3.1999985310696680e+01  3.1999991279958209e+01  5.6364918717644921e+00  4.6350629328203592e+00  2.8437580435301076e+01  3.1999993253326096e+01  3.1999992647408853e+01  5.5267945553520450e+00
1.3920000000001801e+02  4.4917913055153864e+00  3.8321856258305857e+01  3.1999985090127900e+01  3.1999991180354311e+01  5.6292979565351384e+00  4.6386056770976509e+00  2.8452710349012634e+01  3.1999993248682220e+01  3.1999992606636916e+01  5.5258657370100641e+00
1.4000000000001799e+02  4.4953306222755520e+00  3.8338373558803028e+01  3.1999984852548167e+01  3.1999991069016950e+01  5.6222836118703921e+00  4.6419283850404565e+00  2.8468152608310319e+01  3.1999993244205886e+01  3.1999992566111683e+01  5.5243685457668796e+00
1.4080000000001701e+02  4.4991673274466955e+00  3.8354755028523456e+01  3.1999984592056489e+01  3.1999990946444235e+01  5.6172721741077583e+00  4.6450929645889349e+00  2.8483710111925795e+01  3.1999993239062633e+01  3.1999992527838611e+01  5.5227224864760860e+00
1.4160000000001600e+02  4.5030396891899054e+00  3.8371876795357664e+01  3.1999984374992351e+01  3.1999990837850056e+01  5.6104159112263883e+00  4.6481210215782474e+00  2.8499316802563090e+01  3.1999993231444208e+01  3.1999992481392884e+01  5.5203416997168935e+00
1.4240000000001501e+02  4.5065715052285116e+00  3.8389577986713356e+01  3.1999984138883871e+01  3.1999990733199976e+01  5.6018141095762415e+00  4.6509464176694149e+00  2.8515095760216809e+01  3.1999993233149638e+01  3.1999992437755733e+01  5.5156080158375733e+00
1.4320000000001500e+02  4.5098764467257073e+00  3.8406931897824627e+01  3.1999983912572791e+01  3.1999990631520596e+01  5.5937666576290228e+00  4.6536534825589104e+00  2.8531132996012985e+01  3.1999993242274613e+01  3.1999992401745757e+01  5.5103405064699000e+00
1.4400000000001401e+02  4.5132300542826931e+00  3.8424414450133114e+01  3.1999983693801969e+01  3.1999990519016372e+01  5.5865809848020920e+00  4.6562108865943941e+00  2.8547157914115697e+01  3.1999993260363151e+01  3.1999992362546493e+01  5.5032832367331261e+00
1.4480000000001300e+02  4.5165844549552521e+00  3.8442684603734008e+01  3.1999983456536611e+01  3.1999990409798144e+01  5.5784537827191798e+00  4.6586554045838060e+00  2.8563241699275974e+01  3.1999993276476133e+01  3.1999992329424703e+01  5.4947458072897355e+00
1.4560000000001301e+02  4.5197257093499985e+00  3.8460649495352953e+01  3.1999983250713811e+01  3.1999990306743143e+01  5.5690553950449404e+00  4.6610864894518249e+00  2.8579610654406252e+01  3.1999993284121810e+01  3.1999992293501577e+01  5.4852911937644970e+00
1.4640000000001200e+02  4.5226216745382342e+00  3.8478509666970417e+01  3.1999983008395233e+01  3.1999990178453405e+01  5.5611867315291583e+00  4.6635238370339449e+00  2.8595947976698632e+01  3.1999993260906731e+01  3.1999992241256876e+01  5.4746620870430620e+00
1.4720000000001099e+02  4.5253825723828447e+00  3.8496926509388274e+01  3.1999982777888174e+01  3.1999990062447157e+01  5.5532643760275580e+00  4.6660086613381466e+00  2.8612223614581008e+01  3.1999993256121694e+01  3.1999992204520311e+01  5.4636762045723399e+00
1.4800000000001000e+02  4.5280792423176432e+00  3.8515068544904544e+01  3.1999982599108307e+01  3.1999989956658677e+01  5.5435079932000058e+00  4.6685852499181770e+00  2.8628645511687427e+01  3.1999993265319691e+01  3.1999992164654184e+01  5.4522946667865559e+00
1.4880000000000999e+02  4.5307484414178534e+00  3.8533185817607944e+01  3.1999982382339287e+01  3.1999989829550564e+01  5.5351785151106618e+00  4.6713424787614581e+00  2.8645233788091414e+01  3.1999993265939068e+01  3.1999992119241565e+01  5.4417532837016909e+00
1.4960000000000900e+02  4.5332791198435238e+00  3.8551622623661416e+01  3.1999982113779062e+01  3.1999989692683261e+01  5.5280116066438998e+00  4.6743123302519152e+00  2.8661843670229093e+01  3.1999993268620532e+01  3.1999992069661968e+01  5.4319697126033937e+00
1.5040000000000799e+02  4.5356323532479568e+00  3.8570107048105768e+01  3.1999981887489810e+01  3.1999989565013827e+01  5.5198164029052625e+00  4.6774555548057606e+00  2.8678504877482844e+01  3.1999993275869127e+01  3.1999992017471641e+01  5.4224632323199948e+00
1.5120000000000701e+02  4.5379272415402419e+00  3.8588317214595712e+01  3.1999981650451563e+01  3.1999989433051145e+01  5.5113304897711002e+00  4.6807117606810369e+00  2.8695405838217347e+01  3.1999993296860470e+01  3.1999991967262250e+01  5.4137343465315624e+00
1.5200000000000699e+02  4.5403719677256698e+00  3.8606373004151791e+01  3.1999981392910204e+01  3.1999989297721779e+01  5.5047273708010334e+00  4.6841222255024562e+00  2.8712218376641299e+01  3.1999993296594532e+01  3.1999991908997117e+01  5.4062367541094991e+00
1.5280000000000601e+02  4.5428943059894600e+00  3.8624901647328834e+01  3.1999981102151931e+01  3.1999989153129409e+01  5.4984799689076524e+00  4.6877433030802251e+00  2.8729050434267318e+01  3.1999993336562135e+01  3.1999991867387344e+01  5.3996009164046201e+00
1.5360000000000500e+02  4.5453125294809897e+00  3.8643384237188805e+01  3.1999980842507313e+01  3.1999989012893053e+01  5.4920799267321412e+00  4.6915867441571830e+00  2.8746163943689655e+01  3.1999993371750939e+01  3.1999991821874882e+01  5.3948111364718248e+00
1.5440000000000501e+02  4.5477116433469380e+00  3.8661549745441732e+01  3.1999980591020865e+01  3.1999988878628074e+01  5.4854426375415661e+00  4.6955377032042263e+00  2.8763220519141566e+01  3.1999993397489714e+01  3.1999991780828829e+01  5.3917156376566640e+00
1.5520000000000400e+02  4.5504348426363181e+00  3.8679758096968833e+01  3.1999980352658874e+01  3.1999988758976670e+01  5.4804832772827590e+00  4.6996022028536348e+00  2.8780477649690706e+01  3.1999993431918135e+01  3.1999991739145361e+01  5.3896664747033460e+00
1.5600000000000301e+02  4.5534896776548788e+00  3.8697987961130899e+01  3.1999980104590794e+01  3.1999988629141125e+01  5.4773704506299810e+00  4.7037848868783492e+00  2.8797883533494254e+01  3.1999993464447932e+01  3.1999991702359416e+01  5.3885835812196436e+00
1.5680000000000200e+02  4.5565825936066693e+00  3.8716363664931734e+01  3.1999979832151297e+01  3.1999988498845759e+01  5.4742614377665957e+00  4.7080920128702122e+00  2.8815350168473156e+01  3.1999993526865655e+01  3.1999991683219783e+01  5.3895567760897025e+00
1.5760000000000201e+02  4.5596630843911052e+00  3.8734684937459697e+01  3.1999979563899352e+01  3.1999988377021300e+01  5.4723392402715749e+00  4.7124448150868314e+00  2.8833046138036408e+01  3.1999993598985174e+01  3.1999991665654335e+01  5.3918737702113253e+00
1.5840000000000100e+02  4.5630042921203771e+00  3.8752927366519728e+01  3.1999979257400124e+01  3.1999988230694772e+01  5.4711802795433018e+00  4.7167342262588647e+00  2.8850785061621227e+01  3.1999993663354548e+01  3.1999991643728389e+01  5.3938077325761489e+00
1.5919999999999999e+02  4.5667851010016793e+00  3.8771400273038026e+01  3.1999978975257442e+01  3.1999988096221323e+01  5.4720080434814786e+00  4.7210084804662689e+00  2.8868606145588767e+01  3.1999993711740775e+01  3.1999991614673544e+01  5.3971654568865741e+00
1.5999999999999901e+02  4.5707417836847366e+00  3.8789943609370567e+01  3.1999978744099327e+01  3.1999987979405912e+01  5.4749573293623417e+00  4.7252308888295698e+00  2.8886487681565480e+01  3.1999993727538136e+01  3.1999991570833256e+01  5.4012710837294833e+00
1.6079999999999899e+02  4.5746021520150606e+00  3.8808693284654311e+01  3.1999978460957042e+01  3.1999987843019426e+01  5.4768779367762912e+00  4.7293574901474669e+00  2.8904304477753566e+01  3.1999993731641556e+01  3.1999991517603188e+01  5.4051179567109404e+00
1.6159999999999800e+02  4.5785351782884538e+00  3.8827418245828468e+01  3.1999978182200394e+01  3.1999987706455560e+01  5.4790411405015069e+00  4.7333804004202227e+00  2.8922107165978669e+01  3.1999993730331710e+01  3.1999991464331234e+01  5.4091244970034262e+00
1.6239999999999699e+02  4.5827150649923922e+00  3.8846065776941295e+01  3.1999977903320421e+01  3.1999987570219101e+01  5.4835451816635894e+00  4.7372801163617826e+00  2.8939849959270063e+01  3.1999993740421143e+01  3.1999991420370435e+01  5.4139305763617829e+00
1.6319999999999700e+02  4.5870126179597221e+00  3.8864998123025913e+01  3.1999977592495583e+01  3.1999987419668344e+01  5.4882310799608875e+00  4.7410207907130157e+00  2.8957748720043078e+01  3.1999993749765476e+01  3.1999991372291348e+01  5.4177540460852782e+00
1.6399999999999599e+02  4.5912241868484216e+00  3.8884139842615916e+01  3.1999977301755258e+01  3.1999987275151895e+01  5.4924710516672048e+00  4.7446500134799603e+00  2.8975743111119030e+01  3.1999993769084377e+01  3.1999991334495348e+01  5.4212304517247007e+00
1.6479999999999501e+02  4.5953256069806763e+00  3.8903373387873486e+01  3.1999977009566933e+01  3.1999987127401383e+01  5.4973488393520640e+00  4.7481992580873422e+00  2.8993813383382882e+01  3.1999993813224272e+01  3.1999991307668239e+01  5.4247398554350434e+00
1.6559999999999400e+02  4.5993818055904683e+00  3.8922757710116272e+01  3.1999976728224830e+01  3.1999986978701287e+01  5.5026431542324827e+00  4.7516222718363244e+00  2.9011911090517152e+01  3.1999993826531959e+01  3.1999991263258448e+01  5.4278496561739491e+00
1.6639999999999401e+02  4.6033709892636328e+00  3.8942221775147182e+01  3.1999976449120894e+01  3.1999986838588718e+01  5.5072011275009967e+00  4.7548945564953007e+00  2.9030084225300914e+01  3.1999993843659457e+01  3.1999991224961139e+01  5.4294885323860553e+00
1.6719999999999300e+02  4.6072982985650235e+00  3.8961717309463481e+01  3.1999976131408527e+01  3.1999986683609237e+01  5.5110305491738911e+00  4.7581332544668111e+00  2.9048479227708409e+01  3.1999993867501111e+01  3.1999991187967080e+01  5.4300969381549624e+00
1.6799999999999201e+02  4.6110806030563118e+00  3.8981618392494688e+01  3.1999975804138188e+01  3.1999986518031097e+01  5.5161087804639504e+00  4.7613707908042873e+00  2.9066975586698383e+01  3.1999993894964671e+01  3.1999991151369816e+01  5.4308149669225738e+00
1.6879999999999100e+02  4.6145137390738826e+00  3.9001631109024792e+01  3.1999975528063072e+01  3.1999986375536192e+01  5.5190842546202683e+00  4.7645018791271898e+00  2.9085596731805634e+01  3.1999993939145387e+01  3.1999991123125735e+01  5.4297401575636295e+00
1.6959999999999101e+02  4.6177815276685674e+00  3.9021287414123691e+01  3.1999975211534835e+01  3.1999986221824585e+01  5.5200371443185343e+00  4.7675904241551663e+00  2.9104503206692439e+01  3.1999993972081203e+01  3.1999991090721050e+01  5.4280021160750582e+00
1.7039999999999000e+02  4.6211027381147174e+00  3.9041291714139192e+01  3.1999974905852774e+01  3.1999986069502910e+01  5.5213625351226971e+00  4.7707259434621072e+00  2.9123549774046531e+01  3.1999993993980311e+01  3.1999991057962674e+01  5.4256934508283727e+00
1.7119999999998899e+02  4.6242692266029533e+00  3.9061678880837455e+01  3.1999974634006417e+01  3.1999985929223612e+01  5.5219183347294729e+00  4.7739355000373536e+00  2.9142694525230134e+01  3.1999994008725100e+01  3.1999991024726441e+01  5.4227140797577364e+00
1.7199999999998900e+02  4.6270986629534931e+00  3.9082053233921584e+01  3.1999974324575813e+01  3.1999985779520667e+01  5.5210011182917915e+00  4.7772081419377379e+00  2.9162047688532731e+01  3.1999994018047950e+01  3.1999990984961396e+01  5.4190790737340384e+00
1.7279999999998799e+02  4.6297462333399126e+00  3.9102340212814546e+01  3.1999974000958748e+01  3.1999985621424333e+01  5.5173832535988687e+00  4.7805285671844766e+00  2.9181679153338447e+01  3.1999994015222413e+01  3.1999990941352340e+01  5.4145084337873364e+00
1.7359999999998701e+02  4.6325558877306507e+00  3.9122857032203562e+01  3.1999973694246250e+01  3.1999985469529737e+01  5.5144520312657352e+00  4.7839555128049920e+00  2.9201375422788498e+01  3.1999994016913291e+01  3.1999990900666997e+01  5.4103505675911752e+00
1.7439999999998599e+02  4.6353782745274277e+00  3.9143876878400413e+01  3.1999973384706504e+01  3.1999985319673694e+01  5.5112928717781244e+00  4.7874943509941765e+00  2.9221125022370003e+01  3.1999994019752211e+01  3.1999990854993101e+01  5.4051583710579774e+00
1.7519999999998601e+02  4.6379448982355029e+00  3.9165110036092734e+01  3.1999973040384614e+01  3.1999985156670157e+01  5.5050986007612783e+00  4.7911878267331716e+00  2.9240957565263738e+01  3.1999994022291343e+01  3.1999990807875111e+01  5.4004244339646492e+00
1.7599999999998499e+02  4.6403968851737840e+00  3.9186019226732192e+01  3.1999972678463408e+01  3.1999984986887856e+01  5.4986277209068666e+00  4.7949461603992507e+00  2.9260848131684618e+01  3.1999994013738700e+01  3.1999990750057645e+01  5.3955207109386230e+00
1.7679999999998401e+02  4.6430252073462057e+00  3.9207257830308848e+01  3.1999972355790057e+01  3.1999984827625244e+01  5.4924754936628313e+00  4.7987064616863151e+00  2.9280584750929961e+01  3.1999994011984935e+01  3.1999990692906490e+01  5.3896807372964615e+00
1.7759999999998300e+02  4.6458797024083180e+00  3.9229153901281649e+01  3.1999972012831691e+01  3.1999984658529396e+01  5.4858472385221946e+00  4.8025113491601914e+00  2.9300287201897017e+01  3.1999994008100909e+01  3.1999990634618520e+01  5.3837173938355303e+00
1.7839999999998301e+02  4.6487735585972114e+00  3.9250976098120418e+01  3.1999971618106393e+01  3.1999984471686790e+01  5.4790165604614378e+00  4.8063696801574567e+00  2.9320076273453733e+01  3.1999994013905795e+01  3.1999990579296423e+01  5.3776219019825096e+00
1.7919999999998200e+02  4.6516164453211690e+00  3.9272762407951006e+01  3.1999971261183966e+01  3.1999984297325561e+01  5.4716013143453823e+00  4.8101919703865628e+00  2.9339831948693295e+01  3.1999994021254789e+01  3.1999990525683042e+01  5.3711894354194003e+00
1.7999999999998099e+02  4.6545801707644463e+00  3.9295063525077516e+01  3.1999970898179466e+01  3.1999984115313637e+01  5.4639801592335759e+00  4.8139801774218300e+00  2.9359506674779198e+01  3.1999993998547570e+01  3.1999990457296789e+01  5.3648802171083281e+00
1.8079999999998100e+02  4.6578643595581957e+00  3.9317509139776476e+01  3.1999970483079050e+01  3.1999983914374276e+01  5.4568304392401190e+00  4.8176832078702923e+00  2.9379197424796843e+01  3.1999993963604904e+01  3.1999990377065153e+01  5.3579628146914224e+00
1.8159999999998001e+02  4.6613987380342694e+00  3.9339584741451368e+01  3.1999970089573825e+01  3.1999983726366558e+01  5.4510784384148812e+00  4.8213033869220450e+00  2.9398994663906233e+01  3.1999993917586590e+01  3.1999990290341941e+01  5.3513892992538361e+00
1.8239999999997900e+02  4.6649146736600180e+00  3.9361971781861733e+01  3.1999969732724047e+01  3.1999983547039093e+01  5.4447953804376699e+00  4.8248939669998290e+00  2.9418697806310242e+01  3.1999993863257540e+01  3.1999990200078013e+01  5.3452806366282148e+00
1.8319999999997799e+02  4.6683673770056657e+00  3.9385018631277056e+01  3.1999969356942284e+01  3.1999983354257996e+01  5.4370547277547185e+00  4.8284122669339338e+00  2.9438263135147878e+01  3.1999993829920150e+01  3.1999990117038369e+01  5.3383896063939718e+00
1.8399999999997800e+02  4.6718766509646867e+00  3.9407941323547959e+01  3.1999968967625332e+01  3.1999983165701629e+01  5.4298338426505159e+00  4.8318170169391585e+00  2.9457934368760906e+01  3.1999993814005258e+01  3.1999990041510085e+01  5.3317157864891946e+00
1.8479999999997699e+02  4.6754770103887058e+00  3.9430374891444188e+01  3.1999968606824226e+01  3.1999982989056370e+01  5.4228093446984325e+00  4.8351379928024940e+00  2.9477866894434811e+01  3.1999993796350193e+01  3.1999989962314057e+01  5.3249439347737768e+00
1.8559999999997601e+02  4.6790950896128018e+00  3.9453520593614776e+01  3.1999968253078524e+01  3.1999982804139613e+01  5.4150353224402528e+00  4.8383991497176986e+00  2.9497780494392533e+01  3.1999993776703739e+01  3.1999989885902266e+01  5.3171816173733637e+00
1.8639999999997499e+02  4.6825682280320819e+00  3.9477609738858781e+01  3.1999967874602817e+01  3.1999982616235698e+01  5.4062227705753205e+00  4.8415843971807160e+00  2.9517706567264078e+01  3.1999993770940147e+01  3.1999989814918667e+01  5.3088273143876821e+00
1.8719999999997501e+02  4.6859225495063992e+00  3.9500813516663342e+01  3.1999967484591213e+01  3.1999982433370786e+01  5.3983343804782749e+00  4.8447040791061955e+00  2.9538020665727284e+01  3.1999993737486943e+01  3.1999989723539173e+01  5.3010356659292768e+00
1.8799999999997399e+02  4.6892646125125061e+00  3.9523661180402115e+01  3.1999967116761450e+01  3.1999982250767061e+01  5.3912731420488829e+00  4.8477976847911384e+00  2.9558469049211546e+01  3.1999993715839185e+01  3.1999989647207460e+01  5.2928070186239458e+00
1.8879999999997301e+02  4.6925778497867743e+00  3.9547772995358535e+01  3.1999966743150456e+01  3.1999982068889071e+01  5.3822674809709268e+00  4.8508484004815724e+00  2.9578790463129248e+01  3.1999993709903578e+01  3.1999989576419999e+01  5.2835526178867873e+00
1.8959999999997299e+02  4.6958174184753378e+00  3.9571941141007606e+01  3.1999966328769812e+01  3.1999981883296460e+01  5.3744041060477965e+00  4.8538901154396576e+00  2.9599365667309360e+01  3.1999993694428060e+01  3.1999989493587691e+01  5.2749062203939419e+00
1.9039999999997201e+02  4.6988648088665030e+00  3.9595021310207429e+01  3.1999965908979529e+01  3.1999981692287584e+01  5.3679338433744963e+00  4.8569492539802379e+00  2.9620355076491851e+01  3.1999993694920661e+01  3.1999989425114553e+01  5.2666100476294586e+00
1.9119999999997100e+02  4.7017472605895936e+00  3.9618313931310603e+01  3.1999965539612909e+01  3.1999981512553280e+01  5.3589799862913168e+00  4.8600039543937008e+00  2.9641340412995714e+01  3.1999993690166875e+01  3.1999989351357431e+01  5.2578360245573776e+00
1.9199999999996999e+02  4.7046849096271135e+00  3.9642751054410560e+01  3.1999965148812251e+01  3.1999981327980947e+01  5.3498532750882530e+00  4.8630803235870523e+00  2.9662279600489320e+01  3.1999993680589679e+01  3.1999989270547584e+01  5.2493266794879307e+00
1.9279999999997000e+02  4.7075784353096939e+00  3.9666672373957326e+01  3.1999964719629254e+01  3.1999981138364976e+01  5.3421043325882351e+00  4.8662633251314791e+00  2.9683812224162576e+01  3.1999993694177562e+01  3.1999989206515753e+01  5.2419727284287143e+00
1.9359999999996899e+02  4.7102284852290497e+00  3.9689873649189082e+01  3.1999964305787753e+01  3.1999980942735647e+01  5.3334426409320921e+00  4.8695053358134892e+00  2.9705410962214390e+01  3.1999993698468153e+01  3.1999989139338091e+01  5.2345869297526493e+00
1.9439999999996800e+02  4.7128135915061762e+00  3.9714278222716047e+01  3.1999963904513894e+01  3.1999980746046340e+01  5.3229507323075023e+00  4.8728111599358943e+00  2.9726680242073449e+01  3.1999993699519781e+01  3.1999989064078004e+01  5.2274786788267740e+00
1.9519999999996699e+02  4.7154854375608179e+00  3.9738792527192892e+01  3.1999963494476980e+01  3.1999980559100344e+01  5.3127045507230939e+00  4.8762295653670087e+00  2.9748372688500847e+01  3.1999993709706381e+01  3.1999988997135357e+01  5.2214355018263765e+00
1.9599999999996700e+02  4.7181707099089358e+00  3.9762264402266354e+01  3.1999963051594861e+01  3.1999980355332124e+01  5.3040974922810546e+00  4.8797463673300969e+00  2.9770339527411391e+01  3.1999993706006496e+01  3.1999988922691500e+01  5.2162469014289199e+00
1.9679999999996599e+02  4.7208461933338786e+00  3.9786384816803732e+01  3.1999962649768609e+01  3.1999980153770821e+01  5.2948085220301939e+00  4.8834099617393427e+00  2.9791879076914316e+01  3.1999993688620137e+01  3.1999988836311172e+01  5.2112390552251915e+00
1.9759999999996501e+02  4.7235487007041250e+00  3.9811113233691934e+01  3.1999962265020461e+01  3.1999979964685235e+01  5.2847706123023865e+00  4.8872721277490632e+00  2.9813649823260423e+01  3.1999993698213128e+01  3.1999988768686183e+01  5.2077051567631125e+00
1.9839999999996499e+02  4.7263729094800695e+00  3.9834824813320218e+01  3.1999961831943502e+01  3.1999979758859919e+01  5.2775945775635238e+00  4.8911831684410405e+00  2.9835854695612777e+01  3.1999993711219147e+01  3.1999988700438312e+01  5.2047487505960062e+00
1.9919999999996401e+02  4.7293673477445815e+00  3.9858496699162480e+01  3.1999961389893663e+01  3.1999979542459130e+01  5.2710114406127824e+00  4.8950852935493456e+00  2.9857853900406074e+01  3.1999993719664321e+01  3.1999988626560697e+01  5.2014938724387925e+00
1.9999999999996299e+02  4.7325949094210076e+00  3.9883009813961081e+01  3.1999961000530817e+01  3.1999979352304937e+01  5.2646357683594101e+00  4.8991298718700369e+00  2.9880026241380644e+01  3.1999993749582231e+01  3.1999988565517924e+01  5.1992794102970441e+00
2.0079999999996201e+02  4.7360086900290650e+00  3.9907209600322005e+01  3.1999960572755192e+01  3.1999979148149734e+01  5.2614469749155637e+00  4.9032793154228038e+00  2.9902569439768779e+01  3.1999993781515006e+01  3.1999988502705651e+01  5.1981506354444722e+00
2.0159999999996199e+02  4.7393614096222105e+00  3.9930872605338088e+01  3.1999960108995683e+01  3.1999978922837322e+01  5.2591500113088303e+00  4.9074357384356304e+00  2.9924999644225043e+01  3.1999993813516475e+01  3.1999988438978026e+01  5.1979074390556637e+00
2.0239999999996101e+02  4.7427230378577452e+00  3.9955049980528642e+01  3.1999959671707206e+01  3.1999978714393620e+01  5.2553558188997771e+00  4.9115746211870341e+00  2.9947447396144405e+01  3.1999993830052421e+01  3.1999988375091466e+01  5.1976531566023985e+00
2.0319999999996000e+02  4.7465201721800296e+00  3.9979433679083613e+01  3.1999959257147633e+01  3.1999978514001409e+01  5.2541338787741987e+00  4.9157596792938936e+00  2.9970056853666946e+01  3.1999993879371754e+01  3.1999988325312078e+01  5.1981340762460295e+00
2.0399999999995899e+02  4.7505459061672655e+00  4.0003648726985190e+01  3.1999958835567526e+01  3.1999978309151828e+01  5.2565124011249944e+00  4.9199546005474666e+00  2.9992612212093228e+01  3.1999993932481630e+01  3.1999988277618989e+01  5.2002939252084213e+00
2.0479999999995900e+02  4.7543282379093306e+00  4.0028274150234623e+01  3.1999958385042259e+01  3.1999978102868823e+01  5.2569594700710560e+00  4.9240684310310119e+00  3.0015250551166616e+01  3.1999993972306214e+01  3.1999988224332267e+01  5.2019905714987287e+00
2.0559999999995799e+02  4.7581636995635677e+00  4.0052956944880293e+01  3.1999957962624698e+01  3.1999977903160815e+01  5.2566478062108386e+00  4.9282012246719074e+00  3.0037976925641985e+01  3.1999994039950835e+01  3.1999988184313345e+01  5.2039158587751313e+00
2.0639999999995700e+02  4.7623343888979814e+00  4.0077509142938332e+01  3.1999957572189516e+01  3.1999977718973991e+01  5.2601652985961795e+00  4.9323359603937629e+00  3.0060653517597320e+01  3.1999994089946487e+01  3.1999988135915483e+01  5.2072592812982430e+00
2.0719999999995699e+02  4.7665675300138384e+00  4.0102291103857979e+01  3.1999957151211849e+01  3.1999977530019038e+01  5.2657042198316448e+00  4.9363829706702740e+00  3.0083524311608450e+01  3.1999994130196786e+01  3.1999988080322687e+01  5.2106819477101611e+00
2.0799999999995600e+02  4.7706081909084892e+00  4.0127257835866878e+01  3.1999956709042888e+01  3.1999977326011088e+01  5.2681673967490887e+00  4.9403550274115187e+00  3.0106604590338673e+01  3.1999994171093018e+01  3.1999988027541313e+01  5.2132830043303402e+00
2.0879999999995499e+02  4.7747258407432618e+00  4.0151979198464389e+01  3.1999956322124021e+01  3.1999977142697826e+01  5.2727324714407784e+00  4.9443512941687926e+00  3.0129606146854300e+01  3.1999994223944576e+01  3.1999987983945136e+01  5.2166851093339073e+00
2.0959999999995401e+02  4.7789154194220380e+00  4.0176674769301954e+01  3.1999955921697946e+01  3.1999976955373647e+01  5.2810021968912286e+00  4.9482904422945460e+00  3.0152707570803162e+01  3.1999994261633095e+01  3.1999987929056008e+01  5.2206521880793870e+00
2.1039999999995399e+02  4.7829029192873911e+00  4.0201468842894343e+01  3.1999955471322181e+01  3.1999976745404695e+01  5.2874283464314509e+00  4.9521130410698433e+00  3.0176125914396803e+01  3.1999994284341906e+01  3.1999987871970035e+01  5.2238914202346871e+00
2.1119999999995301e+02  4.7868785791811632e+00  4.0226166146375967e+01  3.1999955041667675e+01  3.1999976545100626e+01  5.2939233239412928e+00  4.9559312235335833e+00  3.0199554881530080e+01  3.1999994311618675e+01  3.1999987821264611e+01  5.2268244790066909e+00
2.1199999999995200e+02  4.7909257653292068e+00  4.0250994919986603e+01  3.1999954604177272e+01  3.1999976336308322e+01  5.3028683677195598e+00  4.9597825236604391e+00  3.0223043767520689e+01  3.1999994348083117e+01  3.1999987771352497e+01  5.2305735091140599e+00
2.1279999999995101e+02  4.7948017376559644e+00  4.0275753414840210e+01  3.1999954157245675e+01  3.1999976125965723e+01  5.3125961469761078e+00  4.9636158523668295e+00  3.0246825197807333e+01  3.1999994376725997e+01  3.1999987719090743e+01  5.2349846739419537e+00
2.1359999999995100e+02  4.7984474262592824e+00  4.0300291955128010e+01  3.1999953660406515e+01  3.1999975896627333e+01  5.3202389124019520e+00  4.9674025575749461e+00  3.0270686085446080e+01  3.1999994389982415e+01  3.1999987659784733e+01  5.2383205284477343e+00
2.1439999999995001e+02  4.8021356570387335e+00  4.0325129335892946e+01  3.1999953165468085e+01  3.1999975659736275e+01  5.3270719571312757e+00  4.9712553005032660e+00  3.0294618226588863e+01  3.1999994409267728e+01  3.1999987598032167e+01  5.2422285213358535e+00
2.1519999999994900e+02  4.8059125926930903e+00  4.0350270660229981e+01  3.1999952694384291e+01  3.1999975431269107e+01  5.3360509203637960e+00  4.9752190379510406e+00  3.0318664640046759e+01  3.1999994413111182e+01  3.1999987526293268e+01  5.2477157686628564e+00
2.1599999999994901e+02  4.8094843308566197e+00  4.0375075379139602e+01  3.1999952171752181e+01  3.1999975184738005e+01  5.3442254672192915e+00  4.9791930516212410e+00  3.0342950579128985e+01  3.1999994401792065e+01  3.1999987446928394e+01  5.2527133674398661e+00
2.1679999999994800e+02  4.8128995447331242e+00  4.0399731352764860e+01  3.1999951615441720e+01  3.1999974920033154e+01  5.3492184339830375e+00  4.9832014051770281e+00  3.0367489656680341e+01  3.1999994390056855e+01  3.1999987362644340e+01  5.2574165285810635e+00
2.1759999999994699e+02  4.8164840487865828e+00  4.0425003615036310e+01  3.1999951098995798e+01  3.1999974670479943e+01  5.3551067299564705e+00  4.9873107313737686e+00  3.0392036027467370e+01  3.1999994373122924e+01  3.1999987273077213e+01  5.2631159530751095e+00
2.1839999999994600e+02  4.8201954552055017e+00  4.0450527566104661e+01  3.1999950567104985e+01  3.1999974417326424e+01  5.3627794708300067e+00  4.9914944019661274e+00  3.0416774977797132e+01  3.1999994363935695e+01  3.1999987188057304e+01  5.2692519108951199e+00
2.1919999999994599e+02  4.8237600188424219e+00  4.0475676719310357e+01  3.1999949995643483e+01  3.1999974149956874e+01  5.3684451866486738e+00  4.9957268478963268e+00  3.0441823923809412e+01  3.1999994341642402e+01  3.1999987091095051e+01  5.2748529256570933e+00
2.1999999999994500e+02  4.8271954233208287e+00  4.0501131780043096e+01  3.1999949448401971e+01  3.1999973893094293e+01  5.3718702378658634e+00  5.0000178136195697e+00  3.0466749219312703e+01  3.1999994296742834e+01  3.1999986981537742e+01  5.2804618622367112e+00
2.2079999999994399e+02  4.8307801176023082e+00  4.0527106177924821e+01  3.1999948921073440e+01  3.1999973646014499e+01  5.3772299082274584e+00  5.0043463968817434e+00  3.0491473596375556e+01  3.1999994259889512e+01  3.1999986878157138e+01  5.2866385439177694e+00
2.2159999999994301e+02  4.8345259514850563e+00  4.0553064213685175e+01  3.1999948383405084e+01  3.1999973395473113e+01  5.3837406153118970e+00  5.0086524029814736e+00  3.0516363666709303e+01  3.1999994211631673e+01  3.1999986765106236e+01  5.2919412722282244e+00
2.2239999999994299e+02  4.8382583106081700e+00  4.0579080967054708e+01  3.1999947821796916e+01  3.1999973137124091e+01  5.3881995789777610e+00  5.0130013764829044e+00  3.0541205525664843e+01  3.1999994129850268e+01  3.1999986640732804e+01  5.2967861405467076e+00
2.2319999999994201e+02  4.8420403595531649e+00  4.0605584359011075e+01  3.1999947266742581e+01  3.1999972883035088e+01  5.3931664456328408e+00  5.0174164691995333e+00  3.0565714837112683e+01  3.1999994079390014e+01  3.1999986533342710e+01  5.3019259402289522e+00
2.2399999999994100e+02  4.8458843981245696e+00  4.0632234261935082e+01  3.1999946722435478e+01  3.1999972628703652e+01  5.3994653042409482e+00  5.0217962696621985e+00  3.0590281526461432e+01  3.1999994044637308e+01  3.1999986431500187e+01  5.3062418386117640e+00
2.2479999999994101e+02  4.8498121816531654e+00  4.0658714435747704e+01  3.1999946153435104e+01  3.1999972369363526e+01  5.4049954842640613e+00  5.0261344880536019e+00  3.0614982520141432e+01  3.1999993990667953e+01  3.1999986322594054e+01  5.3095672357164192e+00
2.2559999999994000e+02  4.8539483469631541e+00  4.0685509413531648e+01  3.1999945576836407e+01  3.1999972108709429e+01  5.4107207780848912e+00  5.0304551629349543e+00  3.0639555365447070e+01  3.1999993952259697e+01  3.1999986223068294e+01  5.3124524803123077e+00
2.2639999999993901e+02  4.8581485686103036e+00  4.0712881123524795e+01  3.1999945021777286e+01  3.1999971849804105e+01  5.4171278508927712e+00  5.0347412643937206e+00  3.0664047037484444e+01  3.1999993936203520e+01  3.1999986133289624e+01  5.3147533217500058e+00
2.2719999999993800e+02  4.8622464944188337e+00  4.0740039229615029e+01  3.1999944469156553e+01  3.1999971595732106e+01  5.4230988163799827e+00  5.0389694296738536e+00  3.0688712756338763e+01  3.1999993908120455e+01  3.1999986034802124e+01  5.3160420162954543e+00
2.2799999999993801e+02  4.8662731608666601e+00  4.0766944074086389e+01  3.1999943886045994e+01  3.1999971336565192e+01  5.4282539750596595e+00  5.0431250105505567e+00  3.0713408543988574e+01  3.1999993869724708e+01  3.1999985930800747e+01  5.3166517335609997e+00
2.2879999999993700e+02  4.8703181423223114e+00  4.0794488407527759e+01  3.1999943304471287e+01  3.1999971076354200e+01  5.4327140832700636e+00  5.0471960888040197e+00  3.0738057462167792e+01  3.1999993850452910e+01  3.1999985837591510e+01  5.3167740153652998e+00
2.2959999999993599e+02  4.8744067257751871e+00  4.0822340895069175e+01  3.1999942736052851e+01  3.1999970818751152e+01  5.4373514959331768e+00  5.0511462786235981e+00  3.0762869025324424e+01  3.1999993836452212e+01  3.1999985745986081e+01  5.3156557324533367e+00
2.3039999999993501e+02  4.8784435936403145e+00  4.0849905952968044e+01  3.1999942150003946e+01  3.1999970559622259e+01  5.4416738581716215e+00  5.0550193272694042e+00  3.0787803421781643e+01  3.1999993811477129e+01  3.1999985647510556e+01  5.3137459495798272e+00
2.3119999999993499e+02  4.8823331210273349e+00  4.0877599772393964e+01  3.1999941547492089e+01  3.1999970291841791e+01  5.4447661951274098e+00  5.0588386955114242e+00  3.0812703193788849e+01  3.1999993804225895e+01  3.1999985559868879e+01  5.3118622366947958e+00
2.3199999999993400e+02  4.8861000789079601e+00  4.0905823638891952e+01  3.1999940943393103e+01  3.1999970015918908e+01  5.4465370074099724e+00  5.0625066667892575e+00  3.0837721028722132e+01  3.1999993813498868e+01  3.1999985480845723e+01  5.3087284458355946e+00
2.3279999999993299e+02  4.8898552160769553e+00  4.0934213447071727e+01  3.1999940352633381e+01  3.1999969745300323e+01  5.4475969888033760e+00  5.0660721787231902e+00  3.0862968155989499e+01  3.1999993817106180e+01  3.1999985394346023e+01  5.3043670220962085e+00
2.3359999999993300e+02  4.8936361472720922e+00  4.0962545896853001e+01  3.1999939759975405e+01  3.1999969475062699e+01  5.4486553934883677e+00  5.0696618779334486e+00  3.0888241635650310e+01  3.1999993826294887e+01  3.1999985311219628e+01  5.3004815485533650e+00
2.3439999999993199e+02  4.8972727893640258e+00  4.0991029988271833e+01  3.1999939131427425e+01  3.1999969187601440e+01  5.4487060211879434e+00  5.0732321034830532e+00  3.0913580792592885e+01  3.1999993833182263e+01  3.1999985227433186e+01  5.2964145724043323e+00
2.3519999999993101e+02  4.9006640604739315e+00  4.1019868329213537e+01  3.1999938514581654e+01  3.1999968901724820e+01  5.4460585934312684e+00  5.0767468287166198e+00  3.0939146853633968e+01  3.1999993836275387e+01  3.1999985134035995e+01  5.2911453758472078e+00
2.3599999999993000e+02  4.9040326783184387e+00  4.1049079873887869e+01  3.1999937930968013e+01  3.1999968631489562e+01  5.4430765566919899e+00  5.0802962895474977e+00  3.0964759105389728e+01  3.1999993828838804e+01  3.1999985032215694e+01  5.2863744250146079e+00
2.3679999999993001e+02  4.9075032303242008e+00  4.1078392213898276e+01  3.1999937311486036e+01  3.1999968349917385e+01  5.4412321818835627e+00  5.0838898705463746e+00  3.0990356785677879e+01  3.1999993811223870e+01  3.1999984929401869e+01  5.2821930288864722e+00
2.3759999999992900e+02  4.9107943650928529e+00  4.1107812824379018e+01  3.1999936672077236e+01  3.1999968055192085e+01  5.4372546958213439e+00  5.0874605737147478e+00  3.1016065735387105e+01  3.1999993787537178e+01  3.1999984822968692e+01  5.2773377526072469e+00
2.3839999999992801e+02  4.9138254264842605e+00  4.1137670315332933e+01  3.1999936067483738e+01  3.1999967770712896e+01  5.4311014800580573e+00  5.0910298701626004e+00  3.1041745971977910e+01  3.1999993764270879e+01  3.1999984714821910e+01  5.2724979819654862e+00
2.3919999999992700e+02  4.9168942233000781e+00  4.1167871773066665e+01  3.1999935456964600e+01  3.1999967490843776e+01  5.4256859162371471e+00  5.0946407523946338e+00  3.1067258735582829e+01  3.1999993729458378e+01  3.1999984604602346e+01  5.2683686944377879e+00
2.3999999999992701e+02  4.9201175504393238e+00  4.1198053031456801e+01  3.1999934810491190e+01  3.1999967196421458e+01  5.4212185354646731e+00  5.0982786782069578e+00  3.1092849989569039e+01  3.1999993697572059e+01  3.1999984496819593e+01  5.2641604795612746e+00
2.4079999999992600e+02  4.9232696149764799e+00  4.1228531881776838e+01  3.1999934170632795e+01  3.1999966897652691e+01  5.4152447433428410e+00  5.1020150138461533e+00  3.1118355605846407e+01  3.1999993666897435e+01  3.1999984390775381e+01  5.2603698413610811e+00
2.4159999999992499e+02  4.9262973601582356e+00  4.1259497067561377e+01  3.1999933553957799e+01  3.1999966610546714e+01  5.4080113908914988e+00  5.1058661023326266e+00  3.1143593109630100e+01  3.1999993634292643e+01  3.1999984287208918e+01  5.2572439740174346e+00
2.4239999999992500e+02  4.9294320848944162e+00  4.1290426954366445e+01  3.1999932901519767e+01  3.1999966314864750e+01  5.4023276155892344e+00  5.1097514647537272e+00  3.1168881489585296e+01  3.1999993606845802e+01  3.1999984185311895e+01  5.2540766649224251e+00
2.4319999999992399e+02  4.9327822118678331e+00  4.1321379177456080e+01  3.1999932240614058e+01  3.1999966013220249e+01  5.3977025432493591e+00  5.1136900104552456e+00  3.1194228975013825e+01  3.1999993586477256e+01  3.1999984088298316e+01  5.2512312720142038e+00
2.4399999999992301e+02  4.9362236545139924e+00  4.1352740526061915e+01  3.1999931617162986e+01  3.1999965725517992e+01  5.3922706936424420e+00  5.1176895484248872e+00  3.1219477034711790e+01  3.1999993565226688e+01  3.1999983992233492e+01  5.2487026313025478e+00
2.4479999999992199e+02  4.9397129747793196e+00  4.1384364145507845e+01  3.1999930964126484e+01  3.1999965431167134e+01  5.3871216812901777e+00  5.1216881036521560e+00  3.1244844328977607e+01  3.1999993543220096e+01  3.1999983894462087e+01  5.2457115610378677e+00
2.4559999999992201e+02  4.9432224870458779e+00  4.1415870232947931e+01  3.1999930295204472e+01  3.1999965131430393e+01  5.3827072911173932e+00  5.1257214085174514e+00  3.1270327789624051e+01  3.1999993515222382e+01  3.1999983794861805e+01  5.2427715147591956e+00
2.4639999999992099e+02  4.9467470039698656e+00  4.1447252378511955e+01  3.1999929657818161e+01  3.1999964841792938e+01  5.3781872700360056e+00  5.1298238880359337e+00  3.1295789753125401e+01  3.1999993478811124e+01  3.1999983689333302e+01  5.2404340949715422e+00
2.4719999999992001e+02  4.9503555021127372e+00  4.1478925983577767e+01  3.1999929002608692e+01  3.1999964545752356e+01  5.3735360312471050e+00  5.1338612361623914e+00  3.1321464452399834e+01  3.1999993443358967e+01  3.1999983580961331e+01  5.2373673501923710e+00
2.4799999999991900e+02  4.9540701911536651e+00  4.1511014449379083e+01  3.1999928323547973e+01  3.1999964243861815e+01  5.3685932901678735e+00  5.1378117238983565e+00  3.1347385265913257e+01  3.1999993401067879e+01  3.1999983468265739e+01  5.2334862319148412e+00
2.4879999999991901e+02  4.9578804350016528e+00  4.1542827011249486e+01  3.1999927662062280e+01  3.1999963947056553e+01  5.3648028191312358e+00  5.1418146235413555e+00  3.1373325484484322e+01  3.1999993355352057e+01  3.1999983353183502e+01  5.2302727431484701e+00
2.4959999999991800e+02  4.9616288441988843e+00  4.1574429182896310e+01  3.1999926994290369e+01  3.1999963642234036e+01  5.3610205658591212e+00  5.1457961963908527e+00  3.1399498201015405e+01  3.1999993318843202e+01  3.1999983240932789e+01  5.2268987510945752e+00
2.5039999999991699e+02  4.9652464753240846e+00  4.1606516602421976e+01  3.1999926292604936e+01  3.1999963326397573e+01  5.3552156219122917e+00  5.1496605195167975e+00  3.1426066861275043e+01  3.1999993284275646e+01  3.1999983130366498e+01  5.2223454998323025e+00
2.5119999999991700e+02  4.9689735015329086e+00  4.1638817487506245e+01  3.1999925589392170e+01  3.1999963011859503e+01  5.3499285761292290e+00  5.1535187303926095e+00  3.1452711116492161e+01  3.1999993235851338e+01  3.1999983014662774e+01  5.2177499024897767e+00
2.5199999999991601e+02  4.9728361876555613e+00  4.1670775774263291e+01  3.1999924897293173e+01  3.1999962695113183e+01  5.3463386684462311e+00  5.1574154822626799e+00  3.1479478345130001e+01  3.1999993192210148e+01  3.1999982898870385e+01  5.2136156323425205e+00
2.5279999999991500e+02  4.9765364864140267e+00  4.1702701852772556e+01  3.1999924186784764e+01  3.1999962369614739e+01  5.3414804367365898e+00  5.1612638360925498e+00  3.1506609939409049e+01  3.1999993157085740e+01  3.1999982786210534e+01  5.2088721857261389e+00
2.5359999999991399e+02  4.9800015965910767e+00  4.1735115451777368e+01  3.1999923450509112e+01  3.1999962040315364e+01  5.3342820291016615e+00  5.1650176180726746e+00  3.1533847840548543e+01  3.1999993111668680e+01  3.1999982669653892e+01  5.2030623472355488e+00
2.5439999999991400e+02  4.9834901730383656e+00  4.1767649846077425e+01  3.1999922724016475e+01  3.1999961712577001e+01  5.3281938569267062e+00  5.1687394087617546e+00  3.1561079881056866e+01  3.1999993073620224e+01  3.1999982553384811e+01  5.1975813853887640e+00
2.5519999999991299e+02  4.9870644843115191e+00  4.1799908968675496e+01  3.1999922012553437e+01  3.1999961386652128e+01  5.3236754041767078e+00  5.1724278468473166e+00  3.1588526543636782e+01  3.1999993031222232e+01  3.1999982434680778e+01  5.1923467504167391e+00
2.5599999999991201e+02  4.9904410210518133e+00  4.1832295529235516e+01  3.1999921259875499e+01  3.1999961046987476e+01  5.3167200801786256e+00  5.1760341596114863e+00  3.1616077707441715e+01  3.1999992982910520e+01  3.1999982315544219e+01  5.1860124215979901e+00
2.5679999999991099e+02  4.9936284007247265e+00  4.1864953261121272e+01  3.1999920484984372e+01  3.1999960698345692e+01  5.3086019413179795e+00  5.1796065042702164e+00  3.1643658995329439e+01  3.1999992935216799e+01  3.1999982193160015e+01  5.1797156643962881e+00
2.5759999999991101e+02  4.9969032125354005e+00  4.1897693171109246e+01  3.1999919749826571e+01  3.1999960360672922e+01  5.3024498346017417e+00  5.1831961427360547e+00  3.1671301934719139e+01  3.1999992889614344e+01  3.1999982071627933e+01  5.1741870268877612e+00
2.5839999999990999e+02  5.0002507424662053e+00  4.1930414052481680e+01  3.1999919011402827e+01  3.1999960022330342e+01  5.2965728724041856e+00  5.1868233891637994e+00  3.1698939614086086e+01  3.1999992846143360e+01  3.1999981954088689e+01  5.1685995179986763e+00
2.5919999999990898e+02  5.0035003142720109e+00  4.1963181881682189e+01  3.1999918225635174e+01  3.1999959666884109e+01  5.2893340480952702e+00  5.1904686397375706e+00  3.1726663234760853e+01  3.1999992811820455e+01  3.1999981840172779e+01  5.1629559646335963e+00
2.5999999999990899e+02  5.0066690896284562e+00  4.1996255641380856e+01  3.1999917455477316e+01  3.1999959314097538e+01  5.2815739829294310e+00  5.1941225501104835e+00  3.1754428578403310e+01  3.1999992783565371e+01  3.1999981729369157e+01  5.1575665675689661e+00
2.6079999999990798e+02  5.0099215354815856e+00  4.2029341455504131e+01  3.1999916729288035e+01  3.1999958979164823e+01  5.2754353710132449e+00  5.1978287915574715e+00  3.1782108846903579e+01  3.1999992758149276e+01  3.1999981621046238e+01  5.1525692717618981e+00
2.6159999999990703e+02  5.0132402754289860e+00  4.2062171421612518e+01  3.1999915960875136e+01  3.1999958631836009e+01  5.2698248386021476e+00  5.2015765547491970e+00  3.1809982722569217e+01  3.1999992738747572e+01  3.1999981516333332e+01  5.1478017211210849e+00
2.6239999999990602e+02  5.0164998014071589e+00  4.2095299622327083e+01  3.1999915167782888e+01  3.1999958274455850e+01  5.2624953288015002e+00  5.2052836681396606e+00  3.1838115255717174e+01  3.1999992720641021e+01  3.1999981412008470e+01  5.1424735493237010e+00
2.6319999999990603e+02  5.0197628205904010e+00  4.2128812172293124e+01  3.1999914439275361e+01  3.1999957940146729e+01  5.2554888087024079e+00  5.2090464653722375e+00  3.1866151147211685e+01  3.1999992700794401e+01  3.1999981306364472e+01  5.1372368207927437e+00
2.6399999999990501e+02  5.0231286978246157e+00  4.2162025100984948e+01  3.1999913700854133e+01  3.1999957603808468e+01  5.2505584019572886e+00  5.2129852103540051e+00  3.1894286798281879e+01  3.1999992678966734e+01  3.1999981197681326e+01  5.1332897365239827e+00
2.6479999999990400e+02  5.0264601791279073e+00  4.2195074809623513e+01  3.1999912897230985e+01  3.1999957244651998e+01  5.2447761427652377e+00  5.2169671681288143e+00  3.1922802646970656e+01  3.1999992659788269e+01  3.1999981088743347e+01  5.1290629090390993e+00
2.6559999999990299e+02  5.0297072627622041e+00  4.2228633583894094e+01  3.1999912123583080e+01  3.1999956899406641e+01  5.2374763462563187e+00  5.2209275564596416e+00  3.1951367967321470e+01  3.1999992628070643e+01  3.1999980972131745e+01  5.1240766191864493e+00
2.6639999999990300e+02  5.0331432959135913e+00  4.2262488588473019e+01  3.1999911393036477e+01  3.1999956567163963e+01  5.2323345566515886e+00  5.2249835454350038e+00  3.1979969567615282e+01  3.1999992570692804e+01  3.1999980839938221e+01  5.1204706357731347e+00
2.6719999999990199e+02  5.0368120139564532e+00  4.2296061271383437e+01  3.1999910601656190e+01  3.1999956209949641e+01  5.2286916057626778e+00  5.2291150716093213e+00  3.2008911096423674e+01  3.1999992515561090e+01  3.1999980709449705e+01  5.1172577085879043e+00
2.6799999999990098e+02  5.0403206006064822e+00  4.2329536109131070e+01  3.1999909771775425e+01  3.1999955846043289e+01  5.2230230685176364e+00  5.2332224255517072e+00  3.2038083684941974e+01  3.1999992446581004e+01  3.1999980572760158e+01  5.1128646822859398e+00
2.6879999999990099e+02  5.0436880168347340e+00  4.2363519360696785e+01  3.1999908991393816e+01  3.1999955495408635e+01  5.2169107404242947e+00  5.2373171471143785e+00  3.2067351172764106e+01  3.1999992361599169e+01  3.1999980421901121e+01  5.1091305323613154e+00
2.6959999999989998e+02  5.0474113300168328e+00  4.2397798937080132e+01  3.1999908211488659e+01  3.1999955137951403e+01  5.2134873362703136e+00  5.2414363786215903e+00  3.2096735679495666e+01  3.1999992287387155e+01  3.1999980273399419e+01  5.1061915700101075e+00
2.7039999999989902e+02  5.0513462291033697e+00  4.2431653959441753e+01  3.1999907366870872e+01  3.1999954761912228e+01  5.2103950431328565e+00  5.2455402734757168e+00  3.2126305364451227e+01  3.1999992216613105e+01  3.1999980126839048e+01  5.1022156205918128e+00
2.7119999999989801e+02  5.0550450824731765e+00  4.2465476504181716e+01  3.1999906524529692e+01  3.1999954386139006e+01  5.2051864330810371e+00  5.2495824292774262e+00  3.2156004483981214e+01  3.1999992134876052e+01  3.1999979970781887e+01  5.0979495214968793e+00
2.7199999999989802e+02  5.0586046525307271e+00  4.2499941862771202e+01  3.1999905728251420e+01  3.1999954019485131e+01  5.2004406783212849e+00  5.2536205265006339e+00  3.2185653653678557e+01  3.1999992064556036e+01  3.1999979816603467e+01  5.0945518012704003e+00
2.7279999999989701e+02  5.0623035336004083e+00  4.2534478711100427e+01  3.1999904902897992e+01  3.1999953641447441e+01  5.1968272081431612e+00  5.2576646570668348e+00  3.2215336568170848e+01  3.1999991997213868e+01  3.1999979666445103e+01  5.0909012473873805e+00
2.7359999999989600e+02  5.0660496660323497e+00  4.2568643944064000e+01  3.1999904032243979e+01  3.1999953251514285e+01  5.1918405572191624e+00  5.2616358956249218e+00  3.2245190374581249e+01  3.1999991928703196e+01  3.1999979515891948e+01  5.0863779797075175e+00
2.7439999999989499e+02  5.0696873480920619e+00  4.2602986746869689e+01  3.1999903214967137e+01  3.1999952876838790e+01  5.1866966382683097e+00  5.2655662235906888e+00  3.2274984013788732e+01  3.1999991871124070e+01  3.1999979369187045e+01  5.0822446844259037e+00
2.7519999999989500e+02  5.0732830378492704e+00  4.2637843356641568e+01  3.1999902413396850e+01  3.1999952501558145e+01  5.1824319491804749e+00  5.2695233126381726e+00  3.2304594518120808e+01  3.1999991821279568e+01  3.1999979227854567e+01  5.0786397213804646e+00
2.7599999999989399e+02  5.0768918543494355e+00  4.2672668933242939e+01  3.1999901561891612e+01  3.1999952112177905e+01  5.1771523256750065e+00  5.2734291560350490e+00  3.2334308370282500e+01  3.1999991769957628e+01  3.1999979085936541e+01  5.0743560888606032e+00
2.7679999999989298e+02  5.0804491747876828e+00  4.2707190706963196e+01  3.1999900714706293e+01  3.1999951730638106e+01  5.1717743446805828e+00  5.2772354248440045e+00  3.2364145433099530e+01  3.1999991725169764e+01  3.1999978948289307e+01  5.0697015047559004e+00
2.7759999999989299e+02  5.0839392957733782e+00  4.2742031164315129e+01  3.1999899901695525e+01  3.1999951354093930e+01  5.1670310224124423e+00  5.2809955692045349e+00  3.2393907565668336e+01  3.1999991679126072e+01  3.1999978812069006e+01  5.0654612840692410e+00
2.7839999999989197e+02  5.0874778646103973e+00  4.2777247853858185e+01  3.1999899077374103e+01  3.1999950968624418e+01  5.1617732787305526e+00  5.2847205942742574e+00  3.2423684801191506e+01  3.1999991635309758e+01  3.1999978674721714e+01  5.0610075440597022e+00
2.7919999999989102e+02  5.0909842613590177e+00  4.2812175866238562e+01  3.1999898213670605e+01  3.1999950578257074e+01  5.1562579717706543e+00  5.2883951717103344e+00  3.2453613830898909e+01  3.1999991586441372e+01  3.1999978537414684e+01  5.0560129720384905e+00
2.7999999999989001e+02  5.0942902385952014e+00  4.2847074977620878e+01  3.1999897361665862e+01  3.1999950193090307e+01  5.1509030679888825e+00  5.2920227504893500e+00  3.2483637646580760e+01  3.1999991535934420e+01  3.1999978399955548e+01  5.0510911081988512e+00
2.8079999999989002e+02  5.0975725288877474e+00  4.2882480307536689e+01  3.1999896534445583e+01  3.1999949807502432e+01  5.1456767250354556e+00  5.2956356120817309e+00  3.2513684183481061e+01  3.1999991488617173e+01  3.1999978260042472e+01  5.0464824368190655e+00
2.8159999999988901e+02  5.1009387200490846e+00  4.2918093916366743e+01  3.1999895664284924e+01  3.1999949410892583e+01  5.1398740071563429e+00  5.2992813387743043e+00  3.2543768288355245e+01  3.1999991435731108e+01  3.1999978118190516e+01  5.0416059525297978e+00
2.8239999999988800e+02  5.1042450614232031e+00  4.2953444849558274e+01  3.1999894759553328e+01  3.1999949009570692e+01  5.1339829678542221e+00  5.3030027845817820e+00  3.2573962018689457e+01  3.1999991378597944e+01  3.1999977974227047e+01  5.0367306723724941e+00
2.8319999999988698e+02  5.1073852869962080e+00  4.2988907331435080e+01  3.1999893877277387e+01  3.1999948610828962e+01  5.1287463885563440e+00  5.3067918152731197e+00  3.2604291354228707e+01  3.1999991324583767e+01  3.1999977827965353e+01  5.0324579567076011e+00
2.8399999999988700e+02  5.1104927710281292e+00  4.3025005663604368e+01  3.1999892993447453e+01  3.1999948209339269e+01  5.1230360701251536e+00  5.3106137303254339e+00  3.2634643219710092e+01  3.1999991259859872e+01  3.1999977675290555e+01  5.0282961879076575e+00
2.8479999999988598e+02  5.1137991446705229e+00  4.3061365749305388e+01  3.1999892064763145e+01  3.1999947800298738e+01  5.1170012586536080e+00  5.3144829495973918e+00  3.2664988395334149e+01  3.1999991182837199e+01  3.1999977517443867e+01  5.0238620028604890e+00
2.8559999999988497e+02  5.1172194470806183e+00  4.3097414088219502e+01  3.1999891129667798e+01  3.1999947387723765e+01  5.1119896472847470e+00  5.3184523464963238e+00  3.2695559906736435e+01  3.1999991102431373e+01  3.1999977356407896e+01  5.0198915125319523e+00
2.8639999999988498e+02  5.1205124934184205e+00  4.3133583816301346e+01  3.1999890202612690e+01  3.1999946971785736e+01  5.1075401913881722e+00  5.3225062466803932e+00  3.2726284442367060e+01  3.1999991011967751e+01  3.1999977187632965e+01  5.0166680667735797e+00
2.8719999999988403e+02  5.1237914352180116e+00  4.3170449103802063e+01  3.1999889261040476e+01  3.1999946556466270e+01  5.1024209598429016e+00  5.3265953687587890e+00  3.2756944418900638e+01  3.1999990911454766e+01  3.1999977014119345e+01  5.0133496298281646e+00
2.8799999999988302e+02  5.1273405039922579e+00  4.3207466654442939e+01  3.1999888305015993e+01  3.1999946136039554e+01  5.0971415922445615e+00  5.3307513374780857e+00  3.2787730115869813e+01  3.1999990806213379e+01  3.1999976836217940e+01  5.0100914906484251e+00
2.8879999999988200e+02  5.1311142438050990e+00  4.3243953541361513e+01  3.1999887351726606e+01  3.1999945708957053e+01  5.0939075472720186e+00  5.3350359682598176e+00  3.2818742585926621e+01  3.1999990702818497e+01  3.1999976657733939e+01  5.0079897440931216e+00
2.8959999999988202e+02  5.1349178547858809e+00  4.3280666196770561e+01  3.1999886409006976e+01  3.1999945284533514e+01  5.0920943280705577e+00  5.3394179418815062e+00  3.2849615350402686e+01  3.1999990610009760e+01  3.1999976485357198e+01  5.0063534793702900e+00
2.9039999999988100e+02  5.1385865278059146e+00  4.3318243080560123e+01  3.1999885445363429e+01  3.1999944854487769e+01  5.0878793706196310e+00  5.3438282992665593e+00  3.2880388788874114e+01  3.1999990520154309e+01  3.1999976313021648e+01  5.0044638408262623e+00
2.9119999999987999e+02  5.1423229690574264e+00  4.3355625259701988e+01  3.1999884471882471e+01  3.1999944419660419e+01  5.0834827002234002e+00  5.3482833655753366e+00  3.2911388161085185e+01  3.1999990422730985e+01  3.1999976136291938e+01  5.0033364860776537e+00
2.9199999999987898e+02  5.1463182019385449e+00  4.3392314111034693e+01  3.1999883510978595e+01  3.1999943987666384e+01  5.0829669396241544e+00  5.3527270078046705e+00  3.2942491247337379e+01  3.1999990316650518e+01  3.1999975955278092e+01  5.0026760124607099e+00
2.9279999999987899e+02  5.1503812185131901e+00  4.3429597296842999e+01  3.1999882545024459e+01  3.1999943550664323e+01  5.0819290377414648e+00  5.3570994678486006e+00  3.2973478697365096e+01  3.1999990207160003e+01  3.1999975773250597e+01  5.0013949097152111e+00
2.9359999999987798e+02  5.1544371628633305e+00  4.3467486964839246e+01  3.1999881556333953e+01  3.1999943106922657e+01  5.0788026428791575e+00  5.3614684779137480e+00  3.3004543249969203e+01  3.1999990088078739e+01  3.1999975585946704e+01  5.0004659301007095e+00
2.9439999999987702e+02  5.1585474572639800e+00  4.3504586406511656e+01  3.1999880553788163e+01  3.1999942661360439e+01  5.0786126253268655e+00  5.3658423048894921e+00  3.3035781321545784e+01  3.1999989967047117e+01  3.1999975398414900e+01  5.0004010422325127e+00
2.9519999999987698e+02  5.1626186136868135e+00  4.3541421979418566e+01  3.1999879588339798e+01  3.1999942227147869e+01  5.0797118025444119e+00  5.3700951263110479e+00  3.3067085541402719e+01  3.1999989854127630e+01  3.1999975216427995e+01  4.9996676075640938e+00
2.9599999999987602e+02  5.1666763894135652e+00  4.3579184769888158e+01  3.1999878646183028e+01  3.1999941804378963e+01  5.0781489621181821e+00  5.3742540307706195e+00  3.3098423183653637e+01  3.1999989731209556e+01  3.1999975030450006e+01  4.9986045047402019e+00
2.9679999999987501e+02  5.1708480152257454e+00  4.3616859572697869e+01  3.1999877655721352e+01  3.1999941365717234e+01  5.0776569132270923e+00  5.3784371152233650e+00  3.3129815614842876e+01  3.1999989597822413e+01  3.1999974838999432e+01  4.9983749917505804e+00
2.9759999999987400e+02  5.1749453944454693e+00  4.3653659323787167e+01  3.1999876669498700e+01  3.1999940925315965e+01  5.0800048687951396e+00  5.3825936801379797e+00  3.3161440787431474e+01  3.1999989472092906e+01  3.1999974649220665e+01  4.9982119140112431e+00
2.9839999999987401e+02  5.1787052256157828e+00  4.3690928079277874e+01  3.1999875735336921e+01  3.1999940507763963e+01  5.0800327900697457e+00  5.3866354207044003e+00  3.3193236226475754e+01  3.1999989336610767e+01  3.1999974455860674e+01  4.9973750283968759e+00
2.9919999999987300e+02  5.1823830778058078e+00  4.3729005597782908e+01  3.1999874782199438e+01  3.1999940084627227e+01  5.0783117566494571e+00  5.3906175854752645e+00  3.3224968001079212e+01  3.1999989181517044e+01  3.1999974254267119e+01  4.9966742861109612e+00
2.9999999999987199e+02  5.1863067682917716e+00  4.3766427963098486e+01  3.1999873788915277e+01  3.1999939644737790e+01  5.0800797855389677e+00  5.3946118804805128e+00  3.3256851087025495e+01  3.1999989033387973e+01  3.1999974054448398e+01  4.9964643275749960e+00
3.0079999999987098e+02  5.1901371442797668e+00  4.3803269347566349e+01  3.1999872836520897e+01  3.1999939222202691e+01  5.0828267898857487e+00  5.3985935604737687e+00  3.3288984463382157e+01  3.1999988887617103e+01  3.1999973857181246e+01  4.9960103038054910e+00
3.0159999999987099e+02  5.1935491190491341e+00  4.3841061153878229e+01  3.1999871899721761e+01  3.1999938807198504e+01  5.0825193950326168e+00  5.4025324809744557e+00  3.3321050874924268e+01  3.1999988718056983e+01  3.1999973650713379e+01  4.9953687070326147e+00
3.0239999999986998e+02  5.1969088693421153e+00  4.3879419011255777e+01  3.1999870911391145e+01  3.1999938372945881e+01  5.0825147821858279e+00  5.4064730068414004e+00  3.3353157293419279e+01  3.1999988549819133e+01  3.1999973442127349e+01  4.9951248359636917e+00
3.0319999999986902e+02  5.2005448182129932e+00  4.3916878876333350e+01  3.1999869924791824e+01  3.1999937939865553e+01  5.0854240879050012e+00  5.4104580977273518e+00  3.3385495450143239e+01  3.1999988386230424e+01  3.1999973235453620e+01  4.9948938373461855e+00
3.0399999999986898e+02  5.2041897101572800e+00  4.3954273766040295e+01  3.1999868974549248e+01  3.1999937520392187e+01  5.0884181369068351e+00  5.4144907051736757e+00  3.3417854679639191e+01  3.1999988199531938e+01  3.1999973020042582e+01  4.9946679993485041e+00
3.0479999999986802e+02  5.2075681788495007e+00  4.3992864046727675e+01  3.1999867993482816e+01  3.1999937089849446e+01  5.0897059156581115e+00  5.4185774383527328e+00  3.3450169597401789e+01  3.1999988006754936e+01  3.1999972799470108e+01  4.9948414406642696e+00
3.0559999999986701e+02  5.2108921913815669e+00  4.4031532481353793e+01  3.1999866978869505e+01  3.1999936648239249e+01  5.0910019109906832e+00  5.4227453682886608e+00  3.3482600494273420e+01  3.1999987823422678e+01  3.1999972582003430e+01  4.9951870542385839e+00
3.0639999999986600e+02  5.2145182265809709e+00  4.4069319229810247e+01  3.1999866009555859e+01  3.1999936222889527e+01  5.0947071262205590e+00  5.4270050425671776e+00  3.3515177294477660e+01  3.1999987630053631e+01  3.1999972360604179e+01  4.9956330803254199e+00
3.0719999999986601e+02  5.2183583383786010e+00  4.4107424425106714e+01  3.1999865050745463e+01  3.1999935802297564e+01  5.0996527353916656e+00  5.4313745054217843e+00  3.3547720489713392e+01  3.1999987438043654e+01  3.1999972139519723e+01  4.9965536138309767e+00
3.0799999999986500e+02  5.2222363102764398e+00  4.4146610342782722e+01  3.1999864033540987e+01  3.1999935358619034e+01  5.1032606971611054e+00  5.4359102648060329e+00  3.3580148354103699e+01  3.1999987263854170e+01  3.1999971922746465e+01  4.9980844430144158e+00
3.0879999999986399e+02  5.2261655168002497e+00  4.4185534917752499e+01  3.1999863018581532e+01  3.1999934914463545e+01  5.1069045245813287e+00  5.4406050343918935e+00  3.3612710871234540e+01  3.1999987098768422e+01  3.1999971707581444e+01  4.9999935814945617e+00
3.0959999999986297e+02  5.2302146429879928e+00  4.4223697591241624e+01  3.1999862042060617e+01  3.1999934486315574e+01  5.1129906696840681e+00  5.4453678037794564e+00  3.3645436973372952e+01  3.1999986926737314e+01  3.1999971490467448e+01  5.0021111201711062e+00
3.1039999999986298e+02  5.2345176223832057e+00  4.4262529261059811e+01  3.1999861041743952e+01  3.1999934047074415e+01  5.1195151873522988e+00  5.4501172038011045e+00  3.3678116007316511e+01  3.1999986759013446e+01  3.1999971275031019e+01  5.0041930289155063e+00
3.1119999999986197e+02  5.2391027050234333e+00  4.4302064921542318e+01  3.1999859983871481e+01  3.1999933584149826e+01  5.1246641465709430e+00  5.4548962805339922e+00  3.3710754895942522e+01  3.1999986600384748e+01  3.1999971061967958e+01  5.0063527998923121e+00
3.1199999999986102e+02  5.2437975259338430e+00  4.4340836099006580e+01  3.1999858943509199e+01  3.1999933129410469e+01  5.1313505066675864e+00  5.4597476830020897e+00  3.3743561630588587e+01  3.1999986441277127e+01  3.1999970849324789e+01  5.0087866228420506e+00
3.1279999999986097e+02  5.2483873044337557e+00  4.4379282822181658e+01  3.1999857911904030e+01  3.1999932679564978e+01  5.1393886820750172e+00  5.4645876620951928e+00  3.3776485020374686e+01  3.1999986282602798e+01  3.1999970638083902e+01  5.0110940313870129e+00
3.1359999999986002e+02  5.2528397969868674e+00  4.4418655437862022e+01  3.1999856852217636e+01  3.1999932217322836e+01  5.1448898062707125e+00  5.4693590634494988e+00  3.3809311763748106e+01  3.1999986125697237e+01  3.1999970426914331e+01  5.0133377679772888e+00
3.1439999999985901e+02  5.2574423269611135e+00  4.4458099514505967e+01  3.1999855792070136e+01  3.1999931754328838e+01  5.1499419256571786e+00  5.4740994243755168e+00  3.3842231484880699e+01  3.1999985967985438e+01  3.1999970214755603e+01  5.0156403124381166e+00
3.1519999999985799e+02  5.2622041492552425e+00  4.4496697265643007e+01  3.1999854738272376e+01  3.1999931293591693e+01  5.1575897877989565e+00  5.4788382430088687e+00  3.3875339175805863e+01  3.1999985810995835e+01  3.1999970002899172e+01  5.0178411059414163e+00
3.1599999999985801e+02  5.2667404274786360e+00  4.4535581200184517e+01  3.1999853670582709e+01  3.1999930826260606e+01  5.1644702305044277e+00  5.4835302660714991e+00  3.3908440820354002e+01  3.1999985648803026e+01  3.1999969788717010e+01  5.0200108285990561e+00
3.1679999999985699e+02  5.2709513677413904e+00  4.4575300485142492e+01  3.1999852596359087e+01  3.1999930357129347e+01  5.1686058912548880e+00  5.4881209962425324e+00  3.3941603674724931e+01  3.1999985486393228e+01  3.1999969574212905e+01  5.0221409722581365e+00
3.1759999999985598e+02  5.2751900238780376e+00  4.4614613271600547e+01  3.1999851528870831e+01  3.1999929892117766e+01  5.1736394337530767e+00  5.4926073159408828e+00  3.3974958430702962e+01  3.1999985321339402e+01  3.1999969358565600e+01  5.0238391732693959e+00
3.1839999999985503e+02  5.2795742565746480e+00  4.4653461178421658e+01  3.1999850458006005e+01  3.1999929424548554e+01  5.1803240899100302e+00  5.4969773077630713e+00  3.4008379740362408e+01  3.1999985148746209e+01  3.1999969141570755e+01  5.0248741160653294e+00
3.1919999999985498e+02  5.2838101443230645e+00  4.4692943064256767e+01  3.1999849376075737e+01  3.1999928952206918e+01  5.1858996800135211e+00  5.5012473576585332e+00  3.4041760219760242e+01  3.1999984976582194e+01  3.1999968925068323e+01  5.0258351750224080e+00
3.1999999999985403e+02  5.2877329020291315e+00  4.4732856828328167e+01  3.1999848276785954e+01  3.1999928477334478e+01  5.1903382415785053e+00  5.5054475737264621e+00  3.4075283633669144e+01  3.1999984808267904e+01  3.1999968708803934e+01  5.0268236183295016e+00
3.2079999999985301e+02  5.2915005581441363e+00  4.4772435158563447e+01  3.1999847188934670e+01  3.1999928007174937e+01  5.1948886334412894e+00  5.5095207326968065e+00  3.4108960940012594e+01  3.1999984634443720e+01  3.1999968491855856e+01  5.0269255180386008e+00
3.2159999999985303e+02  5.2953123686504266e+00  4.4812047489633642e+01  3.1999846110807965e+01  3.1999927536385893e+01  5.1998015896184162e+00  5.5134647097320153e+00  3.4142584180826681e+01  3.1999984458925621e+01  3.1999968274877606e+01  5.0266293598642333e+00
3.2239999999985201e+02  5.2991458590664289e+00  4.4852172161462263e+01  3.1999845009214795e+01  3.1999927058532194e+01  5.2051018616076332e+00  5.5173830182117509e+00  3.4176207304143638e+01  3.1999984288070223e+01  3.1999968058742407e+01  5.0269334106663397e+00
3.2319999999985100e+02  5.3027631761041256e+00  4.4892487725106619e+01  3.1999843898726709e+01  3.1999926581537142e+01  5.2094631867656407e+00  5.5213153655856679e+00  3.4209959688472161e+01  3.1999984114577266e+01  3.1999967842076025e+01  5.0272011239034677e+00
3.2399999999984999e+02  5.3061036775825432e+00  4.4932725125612606e+01  3.1999842797553093e+01  3.1999926105242128e+01  5.2126706977840307e+00  5.5252327077534478e+00  3.4243762579123391e+01  3.1999983936183245e+01  3.1999967623689663e+01  5.0271439141381355e+00
3.2479999999985000e+02  5.3094827308380674e+00  4.4973159845085171e+01  3.1999841692385772e+01  3.1999925622959022e+01  5.2169492391173495e+00  5.5291770078937210e+00  3.4277486029775190e+01  3.1999983762804327e+01  3.1999967406483147e+01  5.0277437561086131e+00
3.2559999999984899e+02  5.3131690203700597e+00  4.5013957721254613e+01  3.1999840566461501e+01  3.1999925134774433e+01  5.2225417589294691e+00  5.5332558511492067e+00  3.4311173300961670e+01  3.1999983589694288e+01  3.1999967188183021e+01  5.0292643673656050e+00
3.2639999999984798e+02  5.3169651857992628e+00  4.5054852606069971e+01  3.1999839415585882e+01  3.1999924637389491e+01  5.2274094882962920e+00  5.5375117276822721e+00  3.4344972051404376e+01  3.1999983407481004e+01  3.1999966961782917e+01  5.0310156230667600e+00
3.2719999999984702e+02  5.3206635815347987e+00  4.5095855503075910e+01  3.1999838256614019e+01  3.1999924133726463e+01  5.2320484047162825e+00  5.5419651419437157e+00  3.4378801423996087e+01  3.1999983225148636e+01  3.1999966731502262e+01  5.0335006301795184e+00
3.2799999999984698e+02  5.3244244873849471e+00  4.5137089107529107e+01  3.1999837099859693e+01  3.1999923632307663e+01  5.2380997873562967e+00  5.5465910880380509e+00  3.4412642839607756e+01  3.1999983044484630e+01  3.1999966499565911e+01  5.0371660609151565e+00
3.2879999999984602e+02  5.3285544896568346e+00  4.5178367672776780e+01  3.1999835914393273e+01  3.1999923120753778e+01  5.2446918003691563e+00  5.5513281213626993e+00  3.4446626577721872e+01  3.1999982854407765e+01  3.1999966262259576e+01  5.0411117523898001e+00
3.2959999999984501e+02  5.3330825124214467e+00  4.5219671807366552e+01  3.1999834707760851e+01  3.1999922597835919e+01  5.2515389048225911e+00  5.5561891084402681e+00  3.4480655434895503e+01  3.1999982660998349e+01  3.1999966020674460e+01  5.0452080764491347e+00
3.3039999999984502e+02  5.3377444581689106e+00  4.5261142664269457e+01  3.1999833512433732e+01  3.1999922077360822e+01  5.2595879707166802e+00  5.5612429804902810e+00  3.4514623141864895e+01  3.1999982465192307e+01  3.1999965776868770e+01  5.0503440685863117e+00
3.3119999999984401e+02  5.3423050155854632e+00  4.5302703180388278e+01  3.1999832325085510e+01  3.1999921562871851e+01  5.2675807416653617e+00  5.5664579080148755e+00  3.4548671468918528e+01  3.1999982263444814e+01  3.1999965531303747e+01  5.0564084793865200e+00
3.3199999999984300e+02  5.3468605717854949e+00  4.5344244484092783e+01  3.1999831123932129e+01  3.1999921045080075e+01  5.2745414751568465e+00  5.5716902120106768e+00  3.4582811716109966e+01  3.1999982057455718e+01  3.1999965283491424e+01  5.0621087250861292e+00
3.3279999999984199e+02  5.3516757902887084e+00  4.5385893477885922e+01  3.1999829925622237e+01  3.1999920524728271e+01  5.2822192346642121e+00  5.5768797311491287e+00  3.4616876934874135e+01  3.1999981843374638e+01  3.1999965033431135e+01  5.0675204541328318e+00
3.3359999999984200e+02  5.3567208885421369e+00  4.5427631735656988e+01  3.1999828749324031e+01  3.1999920011800889e+01  5.2912184395891915e+00  5.5820962733715822e+00  3.4650946959480230e+01  3.1999981628877496e+01  3.1999964784391132e+01  5.0735264816333663e+00
3.3439999999984099e+02  5.3616268028511858e+00  4.5469388550127277e+01  3.1999827560421110e+01  3.1999919499129309e+01  5.2991678221086440e+00  5.5873229470026518e+00  3.4685157365311618e+01  3.1999981409557655e+01  3.1999964533359684e+01  5.0791951098985892e+00
3.3519999999983997e+02  5.3662454772497448e+00  4.5511313619787082e+01  3.1999826349136523e+01  3.1999918979297878e+01  5.3057791448759852e+00  5.5924324068363909e+00  3.4719387108327638e+01  3.1999981188402920e+01  3.1999964283064756e+01  5.0840413854112478e+00
3.3599999999983902e+02  5.3708245560085324e+00  4.5553473426599140e+01  3.1999825151931930e+01  3.1999918460541636e+01  5.3129270554875312e+00  5.5973611154090914e+00  3.4753626972065852e+01  3.1999980973886146e+01  3.1999964036245295e+01  5.0886359837813968e+00
3.3679999999983897e+02  5.3755562449222989e+00  4.5595590935191929e+01  3.1999823970806215e+01  3.1999917948555900e+01  5.3205765714328201e+00  5.6021555268675307e+00  3.4787979561799197e+01  3.1999980760381415e+01  3.1999963790730860e+01  5.0925951545699659e+00
3.3759999999983802e+02  5.3802229758971212e+00  4.5637737746794180e+01  3.1999822758567774e+01  3.1999917430512077e+01  5.3273543289384175e+00  5.6068319270233129e+00  3.4822344252115599e+01  3.1999980548593445e+01  3.1999963546460936e+01  5.0956937311863699e+00
3.3839999999983701e+02  5.3844720903707248e+00  4.5680271299198246e+01  3.1999821528969164e+01  3.1999916904695052e+01  5.3331330806836119e+00  5.6113306785118642e+00  3.4856712287187918e+01  3.1999980341399670e+01  3.1999963304023158e+01  5.0985276872075893e+00
3.3919999999983702e+02  5.3883579100658512e+00  4.5723035182313950e+01  3.1999820328669635e+01  3.1999916386021884e+01  5.3384308796201623e+00  5.6156140761736930e+00  3.4891227776124964e+01  3.1999980132668551e+01  3.1999963061257603e+01  5.1006379250069456e+00
3.3999999999983601e+02  5.3922531123380066e+00  4.5765712924858434e+01  3.1999819127184036e+01  3.1999915871336054e+01  5.3434803338010575e+00  5.6197145032914477e+00  3.4925752259618676e+01  3.1999979921245615e+01  3.1999962816937479e+01  5.1016965149792952e+00
3.4079999999983499e+02  5.3961848633520937e+00  4.5808577895183284e+01  3.1999817888459120e+01  3.1999915344862547e+01  5.3485016517377710e+00  5.6236728042884350e+00  3.4960191544457281e+01  3.1999979719393188e+01  3.1999962575288293e+01  5.1026715630662025e+00
3.4159999999983398e+02  5.3997568309325548e+00  4.5851945996901968e+01  3.1999816649510038e+01  3.1999914813017490e+01  5.3526707767825625e+00  5.6275263568263769e+00  3.4994761521140312e+01  3.1999979522691763e+01  3.1999962334326582e+01  5.1036402692495297e+00
3.4239999999983399e+02  5.4029097186017268e+00  4.5895433245191725e+01  3.1999815427756552e+01  3.1999914287260317e+01  5.3557067643019076e+00  5.6313256749660434e+00  3.5029426167178521e+01  3.1999979316941385e+01  3.1999962087644512e+01  5.1040309464465237e+00
3.4319999999983298e+02  5.4061084051729686e+00  4.5938897819200761e+01  3.1999814190634780e+01  3.1999913759703968e+01  5.3589314412144722e+00  5.6350705787392963e+00  3.5063959534184221e+01  3.1999979110525008e+01  3.1999961836774197e+01  5.1043571912915748e+00
3.4399999999983203e+02  5.4095693439823407e+00  4.5982748177688144e+01  3.1999812916532729e+01  3.1999913215620627e+01  5.3629634835588327e+00  5.6388028064049163e+00  3.5098518833101082e+01  3.1999978902826420e+01  3.1999961582731512e+01  5.1053022686183613e+00
3.4479999999983102e+02  5.4130735046852205e+00  4.6026933859519104e+01  3.1999811630300520e+01  3.1999912662124654e+01  5.3669209613289235e+00  5.6426845961152239e+00  3.5133297900354108e+01  3.1999978685095105e+01  3.1999961320449209e+01  5.1066432266025936e+00
3.4559999999983103e+02  5.4165208095181372e+00  4.6071153335773893e+01  3.1999810341417550e+01  3.1999912111591669e+01  5.3703960927271650e+00  5.6467986007688822e+00  3.5168053361300252e+01  3.1999978458523675e+01  3.1999961050000447e+01  5.1083253534972650e+00
3.4639999999983002e+02  5.4200399861688595e+00  4.6115575326074591e+01  3.1999809042168703e+01  3.1999911558023239e+01  5.3741052176957735e+00  5.6510819564043766e+00  3.5202716606283161e+01  3.1999978233058563e+01  3.1999960778638517e+01  5.1109403031638978e+00
3.4719999999982900e+02  5.4238436544430924e+00  4.6160266238191753e+01  3.1999807733762211e+01  3.1999910993277620e+01  5.3786370371628376e+00  5.6554799844899195e+00  3.5237576024058498e+01  3.1999978002997064e+01  3.1999960505637191e+01  5.1140431230826602e+00
3.4799999999982901e+02  5.4281430997961637e+00  4.6204980257287197e+01  3.1999806433682270e+01  3.1999910430735131e+01  5.3840530075753650e+00  5.6600532871924063e+00  3.5272513485770602e+01  3.1999977769850194e+01  3.1999960228189078e+01  5.1171628118401777e+00
3.4879999999982800e+02  5.4327059808785290e+00  4.6249850425043775e+01  3.1999805135349959e+01  3.1999909873482302e+01  5.3894145440905676e+00  5.6649043754910444e+00  3.5307316807111967e+01  3.1999977536212160e+01  3.1999959949264280e+01  5.1210058807110981e+00
3.4959999999982699e+02  5.4371941170620097e+00  4.6294982593602349e+01  3.1999803830187957e+01  3.1999909312505412e+01  5.3945427723780321e+00  5.6699990326497769e+00  3.5342259768739396e+01  3.1999977306520336e+01  3.1999959674025259e+01  5.1257347648862943e+00
3.5039999999982598e+02  5.4416641913752386e+00  4.6340131518177166e+01  3.1999802526099593e+01  3.1999908748400244e+01  5.3997010109583856e+00  5.6751886697811562e+00  3.5377386343026927e+01  3.1999977069038906e+01  3.1999959394985908e+01  5.1304594343441146e+00
3.5119999999982599e+02  5.4464718554743374e+00  4.6385353759298461e+01  3.1999801233539582e+01  3.1999908190708545e+01  5.4047949739061680e+00  5.6804103110995516e+00  3.5412406848936826e+01  3.1999976818727109e+01  3.1999959110254093e+01  5.1347370008263651e+00
3.5199999999982498e+02  5.4516371045393734e+00  4.6430783988372085e+01  3.1999799933682436e+01  3.1999907633922447e+01  5.4101260036708858e+00  5.6857261465609614e+00  3.5447429261184851e+01  3.1999976573525618e+01  3.1999958829309566e+01  5.1393093992103385e+00
3.5279999999982402e+02  5.4567207062642327e+00  4.6476224282107857e+01  3.1999798611942669e+01  3.1999907068233203e+01  5.4156316013374584e+00  5.6911437021911278e+00  3.5482621335380678e+01  3.1999976331913551e+01  3.1999958549116077e+01  5.1443107362576947e+00
3.5359999999982301e+02  5.4614552649100858e+00  4.6521814450637109e+01  3.1999797282578843e+01  3.1999906498446411e+01  5.4200444435587194e+00  5.6965051093975498e+00  3.5517845616948861e+01  3.1999976074668950e+01  3.1999958262211834e+01  5.1485668838192948e+00
3.5439999999982302e+02  5.4661176107388698e+00  4.6567741967199396e+01  3.1999795964447838e+01  3.1999905934853771e+01  5.4231614300555631e+00  5.7017042531012478e+00  3.5553048313101030e+01  3.1999975814900331e+01  3.1999957974960427e+01  5.1519589526685747e+00
3.5519999999982201e+02  5.4710135222358129e+00  4.6613552848642207e+01  3.1999794641999461e+01  3.1999905370895583e+01  5.4270395069797726e+00  5.7067876028756874e+00  3.5588326699790485e+01  3.1999975561874994e+01  3.1999957690934842e+01  5.1551559281588020e+00
3.5599999999982100e+02  5.4758538057155581e+00  4.6659219260593041e+01  3.1999793299569554e+01  3.1999904798216956e+01  5.4314262159306255e+00  5.7117557551578537e+00  3.5623670293656886e+01  3.1999975302493823e+01  3.1999957404891415e+01  5.1578328711428494e+00
3.5679999999981999e+02  5.4801763266383556e+00  4.6705336402702542e+01  3.1999791951060054e+01  3.1999904222985943e+01  5.4337989579066006e+00  5.7165223244156689e+00  3.5659027837136250e+01  3.1999975033963967e+01  3.1999957114593997e+01  5.1594672267964210e+00
3.5759999999982000e+02  5.4841098304769051e+00  4.6751724438430927e+01  3.1999790615315856e+01  3.1999903654391844e+01  5.4347274933079595e+00  5.7210558269781799e+00  3.5694423185124570e+01  3.1999974765701047e+01  3.1999956824807079e+01  5.1603154106981934e+00
3.5839999999981899e+02  5.4880683063439104e+00  4.6797843098578646e+01  3.1999789277807878e+01  3.1999903085191580e+01  5.4365684695514238e+00  5.7253546649809826e+00  3.5729845094576120e+01  3.1999974497195431e+01  3.1999956536509558e+01  5.1606381785509363e+00
3.5919999999981798e+02  5.4919908445769297e+00  4.6844079844868922e+01  3.1999787913396187e+01  3.1999902503289668e+01  5.4386380412135322e+00  5.7294178547807810e+00  3.5765272512268645e+01  3.1999974224825230e+01  3.1999956246128221e+01  5.1603702917569292e+00
3.5999999999981799e+02  5.4955085399179930e+00  4.6890875207914867e+01  3.1999786542341798e+01  3.1999901918932586e+01  5.4387630486721790e+00  5.7333085742803878e+00  3.5800739355600513e+01  3.1999973941642583e+01  3.1999955948238579e+01  5.1595738695681748e+00
3.6079999999981698e+02  5.4986473934052356e+00  4.6937775027406410e+01  3.1999785178074337e+01  3.1999901339293913e+01  5.4377600318897175e+00  5.7370769487692090e+00  3.5836239904137770e+01  3.1999973650686329e+01  3.1999955646531955e+01  5.1584274390935345e+00
3.6159999999981602e+02  5.5017658093439081e+00  4.6984528861579179e+01  3.1999783791933417e+01  3.1999900749724112e+01  5.4378397033406127e+00  5.7406862559662599e+00  3.5871756372099874e+01  3.1999973356751944e+01  3.1999955342516632e+01  5.1570965064406300e+00
3.6239999999981501e+02  5.5050099190879980e+00  4.7031549958741650e+01  3.1999782381545131e+01  3.1999900147157380e+01  5.4385617481697146e+00  5.7441647154291644e+00  3.5907383790289046e+01  3.1999973055849356e+01  3.1999955032524007e+01  5.1556279660124575e+00
3.6319999999981502e+02  5.5083252203828357e+00  4.7078948697091619e+01  3.1999780967443449e+01  3.1999899544943148e+01  5.4380991056016654e+00  5.7476842137982906e+00  3.5943127389792899e+01  3.1999972746173935e+01  3.1999954716595294e+01  5.1541990731993570e+00
3.6399999999981401e+02  5.5115897921525896e+00  4.7126384522069870e+01  3.1999779550574448e+01  3.1999898943000314e+01  5.4371350638549938e+00  5.7513672557613837e+00  3.5978924428712148e+01  3.1999972432762515e+01  3.1999954396506062e+01  5.1532466851563692e+00
3.6479999999981300e+02  5.5147995545063893e+00  4.7173849954412333e+01  3.1999778123909714e+01  3.1999898332956086e+01  5.4374947461293832e+00  5.7551853891880818e+00  3.6014854935507778e+01  3.1999972115103439e+01  3.1999954072283259e+01  5.1530521485722725e+00
3.6559999999981198e+02  5.5182809513182400e+00  4.7221545351314518e+01  3.1999776701702686e+01  3.1999897723555112e+01  5.4384404833008153e+00  5.7591192407912182e+00  3.6050954969620626e+01  3.1999971788687997e+01  3.1999953742720912e+01  5.1532231058290465e+00
3.6639999999981200e+02  5.5223174840109612e+00  4.7269401681551003e+01  3.1999775288901503e+01  3.1999897121786454e+01  5.4387390827237425e+00  5.7632766577708932e+00  3.6087103118757511e+01  3.1999971462694106e+01  3.1999953412038053e+01  5.1536637575690687e+00
3.6719999999981098e+02  5.5267070051319394e+00  4.7317324698780013e+01  3.1999773867405789e+01  3.1999896516383355e+01  5.4398707955431682e+00  5.7678160657719681e+00  3.6123283773642996e+01  3.1999971143272592e+01  3.1999953082979111e+01  5.1552742741744311e+00
3.6799999999980997e+02  5.5310847906502536e+00  4.7365430899132782e+01  3.1999772438787591e+01  3.1999895905548030e+01  5.4423732094580517e+00  5.7727168506203146e+00  3.6159574020619040e+01  3.1999970820104302e+01  3.1999952752098913e+01  5.1580711069176379e+00
3.6879999999980998e+02  5.5354212383093682e+00  4.7413818523106549e+01  3.1999771015667299e+01  3.1999895299545926e+01  5.4436397990203398e+00  5.7778120867562333e+00  3.6195938420320275e+01  3.1999970488681125e+01  3.1999952417672844e+01  5.1608343588892964e+00
3.6959999999980897e+02  5.5401134661936018e+00  4.7462274771839361e+01  3.1999769593714451e+01  3.1999894696036936e+01  5.4439501627141720e+00  5.7830376744669216e+00  3.6232268750228450e+01  3.1999970159913712e+01  3.1999952084124494e+01  5.1633755250481217e+00
3.7039999999980802e+02  5.5452867514647810e+00  4.7510676796355746e+01  3.1999768160667848e+01  3.1999894085789062e+01  5.4461876016223014e+00  5.7884582549573400e+00  3.6268554448598174e+01  3.1999969838050458e+01  3.1999951754341620e+01  5.1665266281437061e+00
3.7119999999980701e+02  5.5504469464607036e+00  4.7559283265712281e+01  3.1999766716804427e+01  3.1999893471838170e+01  5.4491110036255606e+00  5.7940575128913414e+00  3.6304871742896417e+01  3.1999969512311619e+01  3.1999951423565911e+01  5.1699223340253102e+00
3.7199999999980702e+02  5.5552492866238730e+00  4.7608197753518837e+01  3.1999765268710355e+01  3.1999892859269952e+01  5.4495754190127350e+00  5.7996825742891591e+00  3.6341248457445488e+01  3.1999969179854670e+01  3.1999951089860467e+01  5.1725166458682272e+00
3.7279999999980600e+02  5.5600019706405686e+00  4.7657125847800884e+01  3.1999763827898580e+01  3.1999892248692561e+01  5.4493086600688603e+00  5.8052142295514217e+00  3.6377619398641727e+01  3.1999968847410926e+01  3.1999950757411447e+01  5.1745689526155960e+00
3.7359999999980499e+02  5.5650025927757172e+00  4.7705969210876802e+01  3.1999762389029023e+01  3.1999891637412549e+01  5.4509191437582754e+00  5.8106346992656013e+00  3.6413966528250093e+01  3.1999968513049911e+01  3.1999950425806013e+01  5.1765536421905480e+00
3.7439999999980398e+02  5.5699544185887140e+00  4.7754948830300265e+01  3.1999760934646392e+01  3.1999891022309882e+01  5.4521530692642175e+00  5.8159385291246934e+00  3.6450377569205585e+01  3.1999968172574896e+01  3.1999950091237107e+01  5.1777919453478543e+00
3.7519999999980399e+02  5.5744634362376235e+00  4.7804097543832995e+01  3.1999759471646474e+01  3.1999890405454202e+01  5.4510711890598911e+00  5.8210894584177009e+00  3.6486847123150056e+01  3.1999967826584957e+01  3.1999949753989114e+01  5.1780357770360386e+00
3.7599999999980298e+02  5.5786030224967158e+00  4.7853284650865838e+01  3.1999758014680662e+01  3.1999889789838846e+01  5.4499534517591224e+00  5.8260127060521221e+00  3.6523287081114759e+01  3.1999967477021968e+01  3.1999949417185391e+01  5.1779196453468996e+00
3.7679999999980203e+02  5.5826186167409766e+00  4.7902575555651048e+01  3.1999756552079386e+01  3.1999889170884686e+01  5.4494566046356256e+00  5.8306145351445959e+00  3.6559761770324670e+01  3.1999967123510757e+01  3.1999949079293859e+01  5.1771280957678698e+00
3.7759999999980198e+02  5.5865269813592704e+00  4.7952016461697553e+01  3.1999755066993547e+01  3.1999888544307513e+01  5.4476033181853891e+00  5.8349086649832760e+00  3.6596349810330487e+01  3.1999966764978950e+01  3.1999948737792753e+01  5.1750919550269021e+00
3.7839999999980103e+02  5.5901917749827366e+00  4.8001515625912020e+01  3.1999753568688384e+01  3.1999887913612771e+01  5.4448370064010927e+00  5.8390028583658715e+00  3.6632967066584300e+01  3.1999966403369974e+01  3.1999948395027047e+01  5.1725373875925831e+00
3.7919999999980001e+02  5.5934747996690950e+00  4.8051185357465307e+01  3.1999752069086142e+01  3.1999887279997427e+01  5.4424642054109995e+00  5.8428950218968945e+00  3.6669602275772746e+01  3.1999966040198373e+01  3.1999948051777181e+01  5.1698869918925645e+00
3.7999999999979900e+02  5.5964227128464810e+00  4.8101137232489137e+01  3.1999750558366490e+01  3.1999886640585203e+01  5.4392458733193347e+00  5.8465018217131650e+00  3.6706383683298114e+01  3.1999965672230843e+01  3.1999947704599606e+01  5.1663556547397755e+00
3.8079999999979901e+02  5.5993965110703767e+00  4.8151131394647329e+01  3.1999749029437680e+01  3.1999885995614420e+01  5.4347972099446924e+00  5.8498841718962105e+00  3.6743323668396989e+01  3.1999965300607411e+01  3.1999947353567034e+01  5.1620266358976563e+00
3.8159999999979800e+02  5.6026158277297817e+00  4.8201055012874797e+01  3.1999747493449249e+01  3.1999885348172828e+01  5.4313235227796923e+00  5.8532020519851589e+00  3.6780328319052757e+01  3.1999964929564527e+01  3.1999947000451527e+01  5.1579651690945694e+00
3.8239999999979699e+02  5.6057898362012306e+00  4.8251294845685806e+01  3.1999745954378678e+01  3.1999884698165790e+01  5.4285279561093818e+00  5.8565454058751811e+00  3.6817450762930683e+01  3.1999964556663542e+01  3.1999946643125011e+01  5.1541374594909364e+00
3.8319999999979598e+02  5.6087322144284855e+00  4.8301940422348743e+01  3.1999744406522510e+01  3.1999884045120453e+01  5.4240581254154083e+00  5.8599383659494428e+00  3.6854798934087185e+01  3.1999964175324710e+01  3.1999946278449329e+01  5.1500167384736004e+00
3.8399999999979599e+02  5.6119293386510787e+00  4.8352479448537956e+01  3.1999742863343645e+01  3.1999883394849480e+01  5.4194577121172713e+00  5.8634019612188979e+00  3.6892302071753072e+01  3.1999963786560979e+01  3.1999945907291853e+01  5.1461637938421392e+00
3.8479999999979498e+02  5.6158128142611599e+00  4.8402833654044251e+01  3.1999741323684546e+01  3.1999882746942973e+01  5.4176100512564718e+00  5.8670271420976654e+00  3.6929876943648715e+01  3.1999963398346313e+01  3.1999945533157359e+01  5.1431187928090889e+00
3.8559999999979402e+02  5.6200551156112262e+00  4.8453660390220016e+01  3.1999739771928660e+01  3.1999882094898485e+01  5.4162126748361983e+00  5.8710261855189501e+00  3.6967595878859228e+01  3.1999963006266974e+01  3.1999945153785646e+01  5.1407225362629534e+00
3.8639999999979398e+02  5.6242069684982479e+00  4.8505055668751453e+01  3.1999738198122909e+01  3.1999881434812124e+01  5.4128148373180247e+00  5.8755338022030985e+00  3.7005421089989731e+01  3.1999962600071488e+01  3.1999944766069081e+01  5.1393407976854286e+00
3.8719999999979302e+02  5.6284528922951420e+00  4.8556303893057951e+01  3.1999736621007671e+01  3.1999880775073365e+01  5.4103186603915665e+00  5.8804113674585272e+00  3.7043212218492890e+01  3.1999962189756637e+01  3.1999944376490845e+01  5.1392659141079493e+00
3.8799999999979201e+02  5.6331541827719658e+00  4.8607371450335982e+01  3.1999735056700452e+01  3.1999880121147822e+01  5.4100696530993098e+00  5.8855036846374400e+00  3.7080941254357469e+01  3.1999961779730032e+01  3.1999943987866576e+01  5.1395847638154306e+00
3.8879999999979100e+02  5.6382345913663237e+00  4.8658935872975285e+01  3.1999733483096335e+01  3.1999879463821689e+01  5.4086759791315853e+00  5.8908370034312796e+00  3.7118623982535418e+01  3.1999961365908696e+01  3.1999943597822146e+01  5.1397996264281591e+00
3.8959999999979101e+02  5.6434270815458261e+00  4.8710796149831587e+01  3.1999731887123151e+01  3.1999878799211903e+01  5.4065459174119628e+00  5.8964882109177967e+00  3.7156280634156062e+01  3.1999960951353621e+01  3.1999943208748693e+01  5.1407717564903415e+00
3.9039999999979000e+02  5.6485550168690324e+00  4.8762310437627455e+01  3.1999730303370551e+01  3.1999878140338982e+01  5.4069023562571612e+00  5.9023212096042226e+00  3.7193933736462476e+01  3.1999960530455557e+01  3.1999942819732365e+01  5.1423265406853567e+00
3.9119999999978899e+02  5.6535309220774739e+00  4.8813948661384238e+01  3.1999728735155156e+01  3.1999877487943536e+01  5.4068535332497722e+00  5.9080943749234880e+00  3.7231581493544653e+01  3.1999960099798439e+01  3.1999942428934780e+01  5.1431006883941421e+00
3.9199999999978797e+02  5.6585451149332346e+00  4.8866037338226171e+01  3.1999727152235948e+01  3.1999876829916118e+01  5.4040517988465488e+00  5.9137700798926964e+00  3.7269215913808964e+01  3.1999959665300885e+01  3.1999942037649614e+01  5.1432185150901466e+00
3.9279999999978799e+02  5.6637489081738490e+00  4.8917811817426866e+01  3.1999725556059428e+01  3.1999876167007972e+01  5.4029053289213484e+00  5.9194209379905720e+00  3.7306857106184282e+01  3.1999959230786068e+01  3.1999941648192468e+01  5.1436022661448764e+00
3.9359999999978697e+02  5.6686969370891003e+00  4.8969313395867907e+01  3.1999723960617278e+01  3.1999875505511366e+01  5.4040381935818482e+00  5.9249699239996847e+00  3.7344497300723248e+01  3.1999958789414812e+01  3.1999941258133276e+01  5.1436676738554423e+00
3.9439999999978602e+02  5.6729741768660169e+00  4.9021455090780954e+01  3.1999722356608739e+01  3.1999874840418091e+01  5.4017297237980184e+00  5.9302668613136742e+00  3.7382139073156125e+01  3.1999958338433807e+01  3.1999940864802245e+01  5.1426174086729404e+00
3.9519999999978597e+02  5.6769204211093953e+00  4.9073934176146075e+01  3.1999720738676096e+01  3.1999874167918716e+01  5.3966942056249172e+00  5.9352590114782418e+00  3.7419828802905933e+01  3.1999957888047192e+01  3.1999940472127609e+01  5.1409950874139048e+00
3.9599999999978502e+02  5.6809931821437445e+00  4.9125828143628461e+01  3.1999719114415203e+01  3.1999873493708829e+01  5.3947193034391914e+00  5.9399426562964539e+00  3.7457557636496126e+01  3.1999957438557857e+01  3.1999940079905873e+01  5.1390654036278081e+00
3.9679999999978401e+02  5.6848883188385155e+00  4.9177730028033174e+01  3.1999717478982092e+01  3.1999872817481489e+01  5.3936608199784333e+00  5.9443355710447641e+00  3.7495286696055736e+01  3.1999956981553659e+01  3.1999939683629098e+01  5.1362656165641294e+00
3.9759999999978299e+02  5.6881448735079267e+00  4.9230479774919345e+01  3.1999715827763080e+01  3.1999872133158938e+01  5.3881991578103596e+00  5.9484789548560819e+00  3.7533071338320717e+01  3.1999956522293342e+01  3.1999939285393538e+01  5.1326988664399824e+00
3.9839999999978301e+02  5.6910466985196395e+00  4.9283275785867389e+01  3.1999714168189591e+01  3.1999871443375909e+01  5.3816393175225192e+00  5.9523333559964904e+00  3.7570979194129386e+01  3.1999956065869167e+01  3.1999938887468570e+01  5.1288195345528536e+00
3.9919999999978199e+02  5.6941288536714776e+00  4.9335394265519483e+01  3.1999712505199891e+01  3.1999870755129603e+01  5.3785300176554838e+00  5.9558414278995908e+00  3.7608969381527771e+01  3.1999955604709474e+01  3.1999938485558150e+01  5.1244013069738736e+00
3.9999999999978098e+02  5.6973594274994781e+00  4.9387771837680631e+01  3.1999710835370514e+01  3.1999870065721495e+01  5.3750626684923839e+00  5.9591107462117883e+00  3.7647024727576778e+01  3.1999955142711968e+01  3.1999938080903505e+01  5.1191859912886750e+00
4.0000999999978097e+02  5.6973992978851147e+00  4.9388432426674932e+01  3.1999710814410921e+01  3.1999870057055880e+01  5.3749958625049876e+00  5.9591510217898485e+00  3.7647501119432427e+01  3.1999955136980621e+01  3.1999938075849325e+01  5.1191174700496083e+00
