# downsampled to dt=0.5 from the every-step stream
# time min_lapse min_chi max_abs_K min_lapse_x min_lapse_y min_lapse_z max_ah_r min_theta_plus r_at_min_theta_plus min_phi max_phi min_Pi max_Pi pump_work
   0.0100000    9.9125471334e-01    9.8868208961e-01    3.7766944950e-05    3.9750000000e+01    3.1750000000e+01    3.1750000000e+01    0.0000000000e+00    6.8344585562e-02    2.9257946923e+01    1.5616670685e-20    1.9555721090e-02   -1.1149245162e-04    9.8300686571e-17    0.0000000000e+00
   0.5100000    9.9127483552e-01    9.8867897819e-01    5.6244796919e-04    3.9750000000e+01    3.1750000000e+01    3.1750000000e+01    0.0000000000e+00    6.8346825721e-02    2.9257946923e+01    2.1630592549e-20    1.8163886712e-02   -5.5971212675e-03    5.2833659890e-12    0.0000000000e+00
   1.0100000    9.9138462449e-01    9.8863234823e-01    5.9745003111e-04    4.0250000000e+01    3.1750000000e+01    3.1750000000e+01    0.0000000000e+00    7.0371500212e-02    2.8420184360e+01    3.0050084523e-20    1.4177146527e-02   -1.0384224272e-02    5.2335580112e-16    0.0000000000e+00
   1.5100000    9.9107363435e-01    9.8863838851e-01    1.6856833734e-04    4.0250000000e+01    3.2250000000e+01    3.2250000000e+01    0.0000000000e+00    7.0371177407e-02    2.8420184360e+01    4.1793773846e-20    8.1867545339e-03   -1.3516453569e-02    4.9056638313e-16    0.0000000000e+00
   2.0100000    9.9139090189e-01    9.8872190236e-01    5.5381618208e-04    4.0250000000e+01    3.1750000000e+01    3.1750000000e+01    0.0000000000e+00    7.0370649969e-02    2.8420184360e+01    5.8028846632e-20    1.1274788646e-03   -1.4678659186e-02    1.6373966959e-16    0.0000000000e+00
   2.5100000    9.9133776124e-01    9.8876069137e-01    5.1312316217e-04    3.9750000000e+01    3.1750000000e+01    3.1750000000e+01    0.0000000000e+00    6.8346110013e-02    2.9257946923e+01   -6.0560206301e-03    2.6847921917e-09   -1.3955641463e-02    2.5144659369e-17    0.0000000000e+00
   3.0100000    9.9137024867e-01    9.8872016948e-01    3.9097617963e-04    3.9750000000e+01    3.1750000000e+01    3.1750000000e+01    0.0000000000e+00    6.8345884620e-02    2.9257946923e+01   -1.2436323953e-02    2.3653405893e-09   -1.1417691035e-02    2.1319135106e-17    0.0000000000e+00
   3.5100000    9.9158129923e-01    9.8859478046e-01    3.1873184440e-04    3.9750000000e+01    3.1750000000e+01    3.1750000000e+01    0.0000000000e+00    6.8345874544e-02    2.9257946923e+01   -1.7128563195e-02    1.7544880043e-09   -7.1855341561e-03    1.9669848467e-17    0.0000000000e+00
   4.0100000    9.9156467331e-01    9.8863642778e-01    2.4267564924e-04    3.9750000000e+01    3.1750000000e+01    3.1750000000e+01    0.0000000000e+00    6.8345998597e-02    2.9257946923e+01   -1.9418359891e-02    9.0283794377e-10   -1.8317631465e-03    1.8400885730e-15    0.0000000000e+00
   4.5100000    9.9140907429e-01    9.8873523115e-01    1.9108651576e-04    3.9750000000e+01    3.1750000000e+01    3.1750000000e+01    0.0000000000e+00    6.8346172068e-02    2.9257946923e+01   -1.8968842723e-02    8.2140556883e-11   -2.1337260917e-09    3.7244787515e-03    0.0000000000e+00
   5.0100000    9.9142670471e-01    9.8872885716e-01    1.4148215056e-04    3.9750000000e+01    3.1750000000e+01    3.1750000000e+01    0.0000000000e+00    6.8346327132e-02    2.9257946923e+01   -1.5883936248e-02    3.4564074823e-12   -2.0290264617e-09    8.6732600739e-03    0.0000000000e+00
   5.5100000    9.9147007832e-01    9.8871936313e-01    1.3199271582e-04    3.9750000000e+01    3.1750000000e+01    3.1750000000e+01    0.0000000000e+00    6.8346419415e-02    2.9257946923e+01   -1.0612087622e-02    1.9988428961e-13   -1.6185677191e-09    1.2420423118e-02    0.0000000000e+00
   6.0100000    9.9147718610e-01    9.8872900232e-01    1.2581696553e-04    3.9750000000e+01    3.1750000000e+01    3.1750000000e+01    0.0000000000e+00    6.8346484162e-02    2.9257946923e+01   -3.8759079311e-03    4.6011376627e-14   -9.4662132937e-10    1.4474425896e-02    0.0000000000e+00
   6.5100000    9.9148045437e-01    9.8873534163e-01    1.2289951647e-04    3.9750000000e+01    3.1750000000e+01    3.1750000000e+01    0.0000000000e+00    6.8346559105e-02    2.9257946923e+01   -3.0979346776e-09    3.4127544621e-03   -1.3830230299e-10    1.4541823502e-02    0.0000000000e+00
   7.0100000    9.9148233653e-01    9.8873827523e-01    1.1414116417e-04    3.9750000000e+01    3.1750000000e+01    3.1750000000e+01    0.0000000000e+00    6.8346598292e-02    2.9257946923e+01   -3.0256389440e-09    1.0229158351e-02   -4.1634026184e-12    1.2592026266e-02    0.0000000000e+00
   7.5100000    9.9148051662e-01    9.8874016955e-01    1.0093839839e-04    3.9750000000e+01    3.1750000000e+01    3.1750000000e+01    0.0000000000e+00    6.8346596970e-02    2.9257946923e+01   -2.5353893648e-09    1.5629213730e-02   -1.4417786405e-13    8.8757864731e-03    0.0000000000e+00
   8.0100000    9.9147660895e-01    9.8874229533e-01    1.0107100956e-04    3.9750000000e+01    3.1750000000e+01    3.1750000000e+01    0.0000000000e+00    6.8346661522e-02    2.9257946923e+01   -1.6824233177e-09    1.8860387545e-02   -3.2770122441e-07    3.9088804548e-03    0.0000000000e+00
   8.5100000    9.9147607158e-01    9.8874493569e-01    9.6461369768e-05    3.9750000000e+01    3.1750000000e+01    3.1750000000e+01    0.0000000000e+00    6.8346845448e-02    2.9257946923e+01   -5.7690233592e-10    1.9467172440e-02   -1.6081168180e-03    3.5657839626e-06    0.0000000000e+00
   9.0100000    9.9148195251e-01    9.8874868392e-01    8.9760533234e-05    3.9750000000e+01    3.1750000000e+01    3.1750000000e+01    0.0000000000e+00    6.8347042920e-02    2.9257946923e+01   -3.6360161872e-11    1.7370829976e-02   -6.8610534822e-03    5.6166030639e-08    0.0000000000e+00
   9.5100000    9.9149229796e-01    9.8875353494e-01    8.2267362143e-05    3.9750000000e+01    3.1750000000e+01    3.1750000000e+01    0.0000000000e+00    6.8347111905e-02    2.9257946923e+01   -2.2159837068e-12    1.2874329856e-02   -1.1148524467e-02    2.0674492954e-09    0.0000000000e+00
  10.0100000    9.9150558380e-01    9.8875672354e-01    8.6792092178e-05    3.9750000000e+01    3.1750000000e+01    3.1750000000e+01    0.0000000000e+00    6.8347031961e-02    2.9257946923e+01   -1.3115846175e-13    6.6040415746e-03   -1.3902062834e-02    1.3656996953e-09    0.0000000000e+00
  10.5100000    9.9151825547e-01    9.8875690122e-01    9.0439347629e-05    3.9750000000e+01    3.1750000000e+01    3.1750000000e+01    0.0000000000e+00    6.8346912459e-02    2.9257946923e+01   -5.9619781651e-04    2.0918450788e-06   -1.4756981489e-02    6.9812514009e-08    0.0000000000e+00
  11.0100000    9.9151944231e-01    9.8875826558e-01    8.8938335957e-05    3.9750000000e+01    3.1750000000e+01    3.1750000000e+01    0.0000000000e+00    6.8346885234e-02    2.9257946923e+01   -7.7078179676e-03    4.4866130222e-08   -1.3581132986e-02    8.0568322604e-07    0.0000000000e+00
  11.5100000    9.9150052463e-01    9.8876519937e-01    8.8395131417e-05    3.9750000000e+01    3.1750000000e+01    3.1750000000e+01    0.0000000000e+00    6.8346997441e-02    2.9257946923e+01   -1.3759169043e-02    2.9555874766e-09   -1.0507694320e-02    1.4921314219e-06    0.0000000000e+00
  12.0100000    9.9147001499e-01    9.8877482938e-01    8.8381349585e-05    3.9750000000e+01    3.1750000000e+01    3.1750000000e+01    0.0000000000e+00    6.8347171282e-02    2.9257946923e+01   -1.7910009924e-02    2.1214955434e-09   -5.9521278035e-03    1.8850199749e-06    0.0000000000e+00
  12.5100000    9.9144909654e-01    9.8878006023e-01    7.6775225374e-05    3.9750000000e+01    3.1750000000e+01    3.1750000000e+01    0.0000000000e+00    6.8347273194e-02    2.9257946923e+01   -1.9571292701e-02    2.6811728560e-08   -6.2525456901e-04    2.6017296068e-06    0.0000000000e+00
  13.0100000    9.9144984457e-01    9.8877917760e-01    7.2195375013e-05    3.9750000000e+01    3.1750000000e+01    3.1750000000e+01    0.0000000000e+00    6.8347253082e-02    2.9257946923e+01   -1.8516500294e-02    3.4834745742e-07   -2.7132493955e-06    4.8786972246e-03    0.0000000000e+00
  13.5100000    9.9146464531e-01    9.8877742525e-01    8.1594872522e-05    3.9750000000e+01    3.1750000000e+01    3.1750000000e+01    0.0000000000e+00    6.8347183534e-02    2.9257946923e+01   -1.4905341439e-02    6.3638228668e-07   -2.3719666669e-06    9.6137300930e-03    0.0000000000e+00
  14.0100000    9.9147834794e-01    9.8877908823e-01    7.8624923852e-05    3.9750000000e+01    3.1750000000e+01    3.1750000000e+01    0.0000000000e+00    6.8347151239e-02    2.9257946923e+01   -9.2439872169e-03    8.0614459239e-07   -2.1910247017e-06    1.3022872900e-02    0.0000000000e+00
  14.5100000    9.9148244459e-01    9.8878298178e-01    6.9052466858e-05    4.0250000000e+01    3.1750000000e+01    3.1750000000e+01    0.0000000000e+00    7.0371237293e-02    2.8420184360e+01   -2.3079422351e-03    8.6560946271e-07   -2.0888279302e-06    1.4658988534e-02    0.0000000000e+00
  15.0100000    9.9147674689e-01    9.8878479574e-01    6.7212308313e-05    4.0250000000e+01    3.1750000000e+01    3.1750000000e+01    0.0000000000e+00    7.0371191743e-02    2.8420184360e+01   -1.3016169314e-06    4.9696494039e-03   -2.0081002641e-06    1.4286512482e-02    0.0000000000e+00
  15.5100000    9.9146674970e-01    9.8878325470e-01    6.6478095916e-05    3.9750000000e+01    3.1750000000e+01    3.1750000000e+01    0.0000000000e+00    6.8347022666e-02    2.9257946923e+01   -1.1058905787e-06    1.1547216547e-02   -1.9147695314e-06    1.1929320212e-02    0.0000000000e+00
  16.0100000    9.9145724467e-01    9.8878000008e-01    6.4801890563e-05    3.9750000000e+01    3.1750000000e+01    3.1750000000e+01    0.0000000000e+00    6.8347284734e-02    2.9257946923e+01   -1.0299938215e-06    1.6539432201e-02   -1.8013764572e-06    7.8991407778e-03    0.0000000000e+00
  16.5100000    9.9145541477e-01    9.8877671881e-01    6.9269817084e-05    3.9750000000e+01    3.1750000000e+01    3.1750000000e+01    0.0000000000e+00    6.8348164324e-02    2.9257946923e+01   -9.8026735066e-07    1.9239714714e-02   -1.7546944064e-06    2.7698629119e-03    0.0000000000e+00
  17.0100000    9.9145955404e-01    9.8877491042e-01    7.3877222558e-05    4.0250000000e+01    3.1750000000e+01    3.1750000000e+01    0.0000000000e+00    7.0371449951e-02    2.8420184360e+01   -9.3762789540e-07    1.9276054708e-02   -2.7339938661e-03    2.2001592783e-06    0.0000000000e+00
  17.5100000    9.9146682448e-01    9.8877554043e-01    7.3933602927e-05    4.0250000000e+01    3.1750000000e+01    3.1750000000e+01    0.0000000000e+00    7.0370899792e-02    2.8420184360e+01   -8.9130875654e-07    1.6655755664e-02   -7.8193009110e-03    2.0421571773e-06    0.0000000000e+00
  18.0100000    9.9147110598e-01    9.8877853868e-01    6.8680790248e-05    4.0250000000e+01    3.1750000000e+01    3.1750000000e+01    0.0000000000e+00    7.0370700688e-02    2.8420184360e+01   -8.3649748509e-07    1.1747918602e-02   -1.1825052614e-02    1.9162537176e-06    0.0000000000e+00
  18.5100000    9.9146786559e-01    9.8878239488e-01    6.1310766500e-05    4.0250000000e+01    3.1750000000e+01    3.1750000000e+01    0.0000000000e+00    7.0370268318e-02    2.8420184360e+01   -7.7961984242e-07    5.2242843541e-03   -1.4226436431e-02    1.8481612966e-06    0.0000000000e+00
  19.0100000    9.9145747146e-01    9.8878484240e-01    6.0720884854e-05    4.0250000000e+01    3.1750000000e+01    3.1750000000e+01    0.0000000000e+00    7.0370011763e-02    2.8420184360e+01   -2.0439716470e-03    1.0877487809e-06   -1.4684160827e-02    1.7574704379e-06    0.0000000000e+00
  19.5100000    9.9144469783e-01    9.8878436020e-01    6.2024513379e-05    4.0250000000e+01    3.1750000000e+01    3.1750000000e+01    0.0000000000e+00    7.0370546420e-02    2.8420184360e+01   -9.0108970551e-03    1.0110162109e-06   -1.3111129312e-02    1.6492538181e-06    0.0000000000e+00
  20.0100000    9.9143563817e-01    9.8878114288e-01    6.2657683605e-05    4.0250000000e+01    3.1750000000e+01    3.1750000000e+01    0.0000000000e+00    7.0371543391e-02    2.8420184360e+01   -1.4748645297e-02    9.4531266803e-07   -9.7091639315e-03    1.5380093720e-06    0.0000000000e+00
  20.5100000    9.9143423921e-01    9.8877686504e-01    6.9432415345e-05    4.0250000000e+01    3.1750000000e+01    3.1750000000e+01    0.0000000000e+00    7.0371995317e-02    2.8420184360e+01   -1.8449850676e-02    8.8644633141e-07   -4.9597298632e-03    1.4485784639e-06    0.0000000000e+00
  21.0100000    9.9144018249e-01    9.8877362668e-01    7.4728008125e-05    4.0250000000e+01    3.1750000000e+01    3.1750000000e+01    0.0000000000e+00    7.0371271316e-02    2.8420184360e+01   -1.9602583530e-02    8.4882513740e-07   -2.0913388839e-06    4.9121804337e-04    0.0000000000e+00
  21.5100000    9.9144920210e-01    9.8877275595e-01    7.5060788609e-05    4.0250000000e+01    3.1750000000e+01    3.1750000000e+01    0.0000000000e+00    7.0370061663e-02    2.8420184360e+01   -1.8058619601e-02    8.0500505149e-07   -1.8002622300e-06    5.7984443202e-03    0.0000000000e+00
  22.0100000    9.9145558358e-01    9.8877414372e-01    7.0415798468e-05    4.0250000000e+01    3.1750000000e+01    3.1750000000e+01    0.0000000000e+00    7.0369612852e-02    2.8420184360e+01   -1.4038227218e-02    7.5128999820e-07   -1.6417056805e-06    1.0318779996e-02    0.0000000000e+00
  22.5100000    9.9145526043e-01    9.8877648086e-01    6.3440485333e-05    4.0250000000e+01    3.1750000000e+01    3.1750000000e+01    0.0000000000e+00    7.0370202809e-02    2.8420184360e+01   -8.0914523468e-03    8.4070077344e-07   -1.5598367300e-06    1.3444913342e-02    0.0000000000e+00
  23.0100000    9.9144793049e-01    9.8877808640e-01    5.9013026447e-05    4.0250000000e+01    3.1750000000e+01    3.1750000000e+01    0.0000000000e+00    7.0371299549e-02    2.8420184360e+01   -1.0271588348e-03    1.1162589627e-06   -1.5083812513e-06    1.4738562643e-02    0.0000000000e+00
  23.5100000    9.9143726551e-01    9.8877774053e-01    6.0492326197e-05    4.0250000000e+01    3.1750000000e+01    3.1750000000e+01    0.0000000000e+00    7.0372139992e-02    2.8420184360e+01   -7.6028798938e-07    6.1932735474e-03   -1.4646613420e-06    1.4002524118e-02    0.0000000000e+00
  24.0100000    9.9142888348e-01    9.8877525137e-01    6.1305131037e-05    4.0250000000e+01    3.1750000000e+01    3.1750000000e+01    0.0000000000e+00    7.0371994976e-02    2.8420184360e+01   -8.0080750099e-07    1.2552660190e-02   -1.4244454249e-06    1.1323507782e-02    0.0000000000e+00
  24.5100000    9.9142691536e-01    9.8877163123e-01    6.7851030266e-05    4.0250000000e+01    3.1750000000e+01    3.1750000000e+01    0.0000000000e+00    7.0371111660e-02    2.8420184360e+01   -7.7756015105e-07    1.7187306091e-02   -1.3697893815e-06    7.0780444776e-03    0.0000000000e+00
  25.0100000    9.9143139638e-01    9.8876861913e-01    7.2743949252e-05    4.0250000000e+01    3.1750000000e+01    3.1750000000e+01    0.0000000000e+00    7.0370564066e-02    2.8420184360e+01   -6.9779218806e-07    1.9453923837e-02   -1.4347280146e-06    1.8707484564e-03    0.0000000000e+00
  25.5100000    9.9143847634e-01    9.8876758469e-01    7.3294893096e-05    4.0250000000e+01    3.1750000000e+01    3.1750000000e+01    0.0000000000e+00    7.0370738898e-02    2.8420184360e+01   -6.5825324121e-07    1.9049496789e-02   -3.5883204070e-03    1.5860038760e-06    0.0000000000e+00
  26.0100000    9.9144316155e-01    9.8876857039e-01    6.9646723462e-05    4.0250000000e+01    3.1750000000e+01    3.1750000000e+01    0.0000000000e+00    7.0371131278e-02    2.8420184360e+01   -7.7651754242e-07    1.6036891397e-02   -8.5233467477e-03    1.5035207112e-06    0.0000000000e+00
  26.5100000    9.9144235526e-01    9.8877030796e-01    6.4201949799e-05    4.0250000000e+01    3.1750000000e+01    3.1750000000e+01    0.0000000000e+00    7.0371335855e-02    2.8420184360e+01   -8.4040919210e-07    1.0828321838e-02   -1.2309591329e-02    1.4382487654e-06    0.0000000000e+00
  27.0100000    9.9143629518e-01    9.8877115357e-01    6.0022576163e-05    4.0250000000e+01    3.1750000000e+01    3.1750000000e+01    0.0000000000e+00    7.0371352730e-02    2.8420184360e+01   -8.2156563024e-07    4.1313000933e-03   -1.4424018259e-02    1.3809551385e-06    0.0000000000e+00
  27.5100000    9.9142804809e-01    9.8877011824e-01    6.2098744414e-05    4.0250000000e+01    3.1750000000e+01    3.1750000000e+01    0.0000000000e+00    7.0371281783e-02    2.8420184360e+01   -3.1511177687e-03    1.0211101801e-06   -1.4559735856e-02    1.3321535493e-06    0.0000000000e+00
  28.0100000    9.9142167323e-01    9.8876733620e-01    6.3954863720e-05    4.0250000000e+01    3.1750000000e+01    3.1750000000e+01    0.0000000000e+00    7.0371195466e-02    2.8420184360e+01   -9.9823445745e-03    7.7135047789e-07   -1.2685022334e-02    1.2906509120e-06    0.0000000000e+00
  28.5100000    9.9141994810e-01    9.8876389167e-01    6.7233795723e-05    4.0250000000e+01    3.1750000000e+01    3.1750000000e+01    0.0000000000e+00    7.0371174018e-02    2.8420184360e+01   -1.5452719710e-02    7.0592953252e-07   -9.0612483503e-03    1.3829396501e-06    0.0000000000e+00
  29.0100000    9.9142281840e-01    9.8876119171e-01    7.1106380846e-05    4.0250000000e+01    3.1750000000e+01    3.1750000000e+01    0.0000000000e+00    7.0371270719e-02    2.8420184360e+01   -1.8799472946e-02    6.7222775302e-07   -4.2019324545e-03    1.3583708587e-06    0.0000000000e+00
  29.5100000    9.9142761444e-01    9.8876013119e-01    7.1930573458e-05    4.0250000000e+01    3.1750000000e+01    3.1750000000e+01    0.0000000000e+00    7.0371448351e-02    2.8420184360e+01   -1.9570082302e-02    6.4953432287e-07   -1.5178897076e-06    1.2405150498e-03    0.0000000000e+00
  30.0100000    9.9143093121e-01    9.8876049821e-01    6.9738720118e-05    4.0250000000e+01    3.1750000000e+01    3.1750000000e+01    0.0000000000e+00    7.0371600209e-02    2.8420184360e+01   -1.7665586274e-02    7.4630281823e-07   -1.3795546686e-06    6.4686069448e-03    0.0000000000e+00
  30.5100000    9.9143066348e-01    9.8876115176e-01    6.6068690257e-05    4.0250000000e+01    3.1750000000e+01    3.1750000000e+01    0.0000000000e+00    7.0371640579e-02    2.8420184360e+01   -1.3347089265e-02    7.7476854003e-07   -1.2636188929e-06    1.0827662085e-02    0.0000000000e+00
  31.0100000    9.9142669995e-01    9.8876095582e-01    6.2598532423e-05    4.0250000000e+01    3.1750000000e+01    3.1750000000e+01    0.0000000000e+00    7.0371569569e-02    2.8420184360e+01   -7.2005856262e-03    7.4198303572e-07   -1.3028821615e-06    1.3723644362e-02    0.0000000000e+00
  31.5100000    9.9142034779e-01    9.8875963271e-01    6.0547501811e-05    4.0250000000e+01    3.1750000000e+01    3.1750000000e+01    0.0000000000e+00    7.0371455278e-02    2.8420184360e+01   -1.2011018415e-04    7.7016086983e-06   -1.3418965215e-06    1.4743763400e-02    0.0000000000e+00
  32.0100000    9.9141362587e-01    9.8875771608e-01    6.1366251169e-05    4.0250000000e+01    3.1750000000e+01    3.1750000000e+01    0.0000000000e+00    7.0371365038e-02    2.8420184360e+01   -9.7690273749e-07    7.0855125790e-03   -1.3381917358e-06    1.3737220586e-02    0.0000000000e+00
  32.5100000    9.9140880054e-01    9.8875582678e-01    6.3803481123e-05    4.0250000000e+01    3.1750000000e+01    3.1750000000e+01    0.0000000000e+00    7.0371323571e-02    2.8420184360e+01   -8.8965471955e-07    1.3263098833e-02   -1.2936726352e-06    1.0842619323e-02    0.0000000000e+00
  33.0100000    9.9140750631e-01    9.8875422117e-01    6.8127735591e-05    4.0250000000e+01    3.1750000000e+01    3.1750000000e+01    0.0000000000e+00    7.0371328641e-02    2.8420184360e+01   -7.8829831093e-07    1.7622551709e-02   -1.2171262107e-06    6.4681465781e-03    0.0000000000e+00
  33.5100000    9.9140945200e-01    9.8875298566e-01    7.1110375880e-05    4.0250000000e+01    3.1750000000e+01    3.1750000000e+01    0.0000000000e+00    7.0371380032e-02    2.8420184360e+01   -7.3204676465e-07    1.9571901518e-02   -1.1147662731e-06    1.2222857773e-03    0.0000000000e+00
  34.0100000    9.9141208237e-01    9.8875228218e-01    7.0589716670e-05    4.0250000000e+01    3.1750000000e+01    3.1750000000e+01    0.0000000000e+00    7.0371475756e-02    2.8420184360e+01   -7.3434193360e-07    1.8850463520e-02   -4.1967780341e-03    1.2685927109e-06    0.0000000000e+00
  34.5100000    9.9141217498e-01    9.8875211758e-01    6.6917394779e-05    4.0250000000e+01    3.1750000000e+01    3.1750000000e+01    0.0000000000e+00    7.0371588361e-02    2.8420184360e+01   -7.1049259398e-07    1.5558430204e-02   -9.0186624916e-03    1.1350042384e-06    0.0000000000e+00
  35.0100000    9.9140826036e-01    9.8875200189e-01    6.2730259070e-05    4.0250000000e+01    3.1750000000e+01    3.1750000000e+01    0.0000000000e+00    7.0371665613e-02    2.8420184360e+01   -6.6517454040e-07    1.0142458363e-02   -1.2631824573e-02    1.0906600824e-06    0.0000000000e+00
  35.5100000    9.9140166894e-01    9.8875115162e-01    6.0846379601e-05    4.0250000000e+01    3.1750000000e+01    3.1750000000e+01    0.0000000000e+00    7.0371667453e-02    2.8420184360e+01   -6.0396554097e-07    3.3399721476e-03   -1.4524255516e-02    1.1224982046e-06    0.0000000000e+00
  36.0100000    9.9139536077e-01    9.8874916772e-01    6.2360848440e-05    4.0250000000e+01    3.1750000000e+01    3.1750000000e+01    0.0000000000e+00    7.0371602092e-02    2.8420184360e+01   -3.9331502548e-03    8.1309338506e-07   -1.4428533318e-02    1.1261499309e-06    0.0000000000e+00
  36.5100000    9.9139177379e-01    9.8874645406e-01    6.6196238757e-05    4.0250000000e+01    3.1750000000e+01    3.1750000000e+01    0.0000000000e+00    7.0371521240e-02    2.8420184360e+01   -1.0652365947e-02    7.7619033937e-07   -1.2355959074e-02    1.1037974765e-06    0.0000000000e+00
  37.0100000    9.9139145339e-01    9.8874391960e-01    6.9938027868e-05    4.0250000000e+01    3.1750000000e+01    3.1750000000e+01    0.0000000000e+00    7.0371479296e-02    2.8420184360e+01   -1.5922511775e-02    7.0790814189e-07   -8.5982385845e-03    1.0599611201e-06    0.0000000000e+00
  37.5100000    9.9139312066e-01    9.8874228123e-01    7.1371323846e-05    4.0250000000e+01    3.1750000000e+01    3.1750000000e+01    0.0000000000e+00    7.0371495665e-02    2.8420184360e+01   -1.9019410510e-02    6.2923124002e-07   -3.6766898973e-03    9.9850676741e-07    0.0000000000e+00
  38.0100000    9.9139464843e-01    9.8874161038e-01    6.9925779854e-05    4.0250000000e+01    3.1750000000e+01    3.1750000000e+01    0.0000000000e+00    7.0371548564e-02    2.8420184360e+01   -1.9525573551e-02    6.0006562565e-07   -1.1157773438e-06    1.7615562538e-03    0.0000000000e+00
  38.5100000    9.9139417658e-01    9.8874140386e-01    6.6927520792e-05    4.0250000000e+01    3.1750000000e+01    3.1750000000e+01    0.0000000000e+00    7.0371597296e-02    2.8420184360e+01   -1.7374639286e-02    5.9348276222e-07   -1.0224595795e-06    6.9158839850e-03    0.0000000000e+00
  39.0100000    9.9139097471e-01    9.8874095512e-01    6.4335258172e-05    4.0250000000e+01    3.1750000000e+01    3.1750000000e+01    0.0000000000e+00    7.0371610484e-02    2.8420184360e+01   -1.2859557967e-02    5.7203061727e-07   -9.6147015999e-07    1.1155775030e-02    0.0000000000e+00
  39.5100000    9.9138582408e-01    9.8873971368e-01    6.3261572275e-05    4.0250000000e+01    3.1750000000e+01    3.1750000000e+01    0.0000000000e+00    7.0371580371e-02    2.8420184360e+01   -6.5915115470e-03    7.2683566578e-07   -8.8500595330e-07    1.3881546515e-02    0.0000000000e+00
  40.0100000    9.9138056843e-01    9.8873756616e-01    6.3800048923e-05    4.0250000000e+01    3.1750000000e+01    3.1750000000e+01    0.0000000000e+00    7.0371521787e-02    2.8420184360e+01   -6.8464142530e-07    6.0083228571e-04   -9.0989159460e-07    1.4714497371e-02    0.0000000000e+00
  40.5100000    9.9137682975e-01    9.8873501728e-01    6.5804988599e-05    4.0250000000e+01    3.1750000000e+01    3.1750000000e+01    0.0000000000e+00    7.0371465606e-02    2.8420184360e+01   -6.7481917831e-07    7.6726208299e-03   -9.1616161790e-07    1.3538304086e-02    0.0000000000e+00
  41.0100000    9.9137486975e-01    9.8873298739e-01    6.8958810669e-05    4.0250000000e+01    3.1750000000e+01    3.1750000000e+01    0.0000000000e+00    7.0371447165e-02    2.8420184360e+01   -6.3813304463e-07    1.3716934235e-02   -9.3599757508e-07    1.0517457025e-02    0.0000000000e+00
  41.5100000    9.9137387723e-01    9.8873202607e-01    7.2462051719e-05    4.0250000000e+01    3.1750000000e+01    3.1750000000e+01    0.0000000000e+00    7.0371483737e-02    2.8420184360e+01   -5.8087728433e-07    1.7892780606e-02   -1.1759909485e-06    6.0713527646e-03    0.0000000000e+00
  42.0100000    9.9137342133e-01    9.8873154559e-01    7.2820756917e-05    4.0250000000e+01    3.1750000000e+01    3.1750000000e+01    0.0000000000e+00    7.0371553218e-02    2.8420184360e+01   -5.1058383300e-07    1.9635956372e-02   -1.2669437092e-06    8.0931402708e-04    0.0000000000e+00
  42.5100000    9.9137397262e-01    9.8873019694e-01    6.9515941058e-05    4.0250000000e+01    3.1750000000e+01    3.1750000000e+01    0.0000000000e+00    7.0371602322e-02    2.8420184360e+01   -4.7836502519e-07    1.8713491657e-02   -4.5743095785e-03    8.9452551555e-07    0.0000000000e+00
  43.0100000    9.9137535418e-01    9.8872741340e-01    6.9637327099e-05    4.0250000000e+01    3.1750000000e+01    3.1750000000e+01    0.0000000000e+00    7.0371589938e-02    2.8420184360e+01   -7.0481091776e-07    1.5251371944e-02   -9.3171069218e-03    8.5223347733e-07    0.0000000000e+00
  43.5100000    9.9137531865e-01    9.8872435154e-01    6.6788801280e-05    4.0250000000e+01    3.1750000000e+01    3.1750000000e+01    0.0000000000e+00    7.0371526410e-02    2.8420184360e+01   -8.4567278630e-07    9.7160653037e-03   -1.2808969599e-02    7.9478296796e-07    0.0000000000e+00
  44.0100000    9.9137117654e-01    9.8872273550e-01    6.3730131935e-05    4.0250000000e+01    3.1750000000e+01    3.1750000000e+01    0.0000000000e+00    7.0371463801e-02    2.8420184360e+01   -8.7838264273e-07    2.8580320054e-03   -1.4560582637e-02    7.2495709009e-07    0.0000000000e+00
  44.5100000    9.9136336024e-01    9.8872275294e-01    7.0497874899e-05    4.0250000000e+01    3.1750000000e+01    3.1750000000e+01    0.0000000000e+00    7.0371446012e-02    2.8420184360e+01   -4.3981956483e-03    5.6988107522e-07   -1.4331033112e-02    8.7135375629e-07    0.0000000000e+00
  45.0100000    9.9135634515e-01    9.8872263630e-01    7.4602908274e-05    4.0250000000e+01    3.1750000000e+01    3.1750000000e+01    0.0000000000e+00    7.0371474744e-02    2.8420184360e+01   -1.1043362762e-02    5.5520291552e-07   -1.2151515890e-02    1.0143445839e-06    0.0000000000e+00
  45.5100000    9.9135491032e-01    9.8872058593e-01    7.4317124032e-05    4.0250000000e+01    3.1750000000e+01    3.1750000000e+01    0.0000000000e+00    7.0371521268e-02    2.8420184360e+01   -1.6190851145e-02    5.2118820806e-07   -8.3258886988e-03    1.0738720626e-06    0.0000000000e+00
  46.0100000    9.9135941007e-01    9.8871677802e-01    7.5547182427e-05    4.0250000000e+01    3.1750000000e+01    3.1750000000e+01    0.0000000000e+00    7.0371555565e-02    2.8420184360e+01   -1.9141354757e-02    5.8459617676e-07   -3.3788902915e-03    1.0648609511e-06    0.0000000000e+00
  46.5100000    9.9136518918e-01    9.8871314563e-01    7.3847215892e-05    4.0250000000e+01    3.1750000000e+01    3.1750000000e+01    0.0000000000e+00    7.0371560339e-02    2.8420184360e+01   -1.9500569329e-02    6.8559856469e-07   -7.7380916254e-07    2.0480054733e-03    0.0000000000e+00
  47.0100000    9.9136669267e-01    9.8871134345e-01    6.7861097661e-05    4.0250000000e+01    3.1750000000e+01    3.1750000000e+01    0.0000000000e+00    7.0371536596e-02    2.8420184360e+01   -1.7218732214e-02    7.0328530203e-07   -8.4980388957e-07    7.1531610907e-03    0.0000000000e+00
  47.5100000    9.9136198471e-01    9.8871124112e-01    6.5323349997e-05    4.0250000000e+01    3.1750000000e+01    3.1750000000e+01    0.0000000000e+00    7.0371509765e-02    2.8420184360e+01   -1.2602955717e-02    7.5739076646e-07   -9.6835065483e-07    1.1315101525e-02    0.0000000000e+00
  48.0100000    9.9135371161e-01    9.8871130760e-01    6.5482012055e-05    4.0250000000e+01    3.1750000000e+01    3.1750000000e+01    0.0000000000e+00    7.0371515714e-02    2.8420184360e+01   -6.2769459618e-03    7.5432074112e-07   -1.0298864128e-06    1.3945374453e-02    0.0000000000e+00
  48.5100000    9.9134648456e-01    9.8871012462e-01    6.7233497769e-05    4.0250000000e+01    3.1750000000e+01    3.1750000000e+01    0.0000000000e+00    7.0371561407e-02    2.8420184360e+01   -7.6093664003e-07    9.2630926971e-04   -1.0042295995e-06    1.4684056803e-02    0.0000000000e+00
  49.0100000    9.9134338399e-01    9.8870751727e-01    6.9791012499e-05    4.0250000000e+01    3.1750000000e+01    3.1750000000e+01    0.0000000000e+00    7.0371605750e-02    2.8420184360e+01   -6.2576777524e-07    7.9611407665e-03   -9.2652108104e-07    1.3428855920e-02    0.0000000000e+00
  49.5100000    9.9134416414e-01    9.8870450679e-01    7.2215041005e-05    4.0250000000e+01    3.1750000000e+01    3.1750000000e+01    0.0000000000e+00    7.0371598778e-02    2.8420184360e+01   -7.2225119774e-07    1.3934171325e-02   -9.4453606936e-07    1.0356489171e-02    0.0000000000e+00
  50.0100000    9.9134609387e-01    9.8870229423e-01    7.1881374062e-05    4.0250000000e+01    3.1750000000e+01    3.1750000000e+01    0.0000000000e+00    7.0371541859e-02    2.8420184360e+01   -7.6616317635e-07    1.8020845337e-02   -9.3170939134e-07    5.8894081811e-03    0.0000000000e+00
  50.5100000    9.9134646203e-01    9.8870115649e-01    7.0747537703e-05    4.0250000000e+01    3.1750000000e+01    3.1750000000e+01    0.0000000000e+00    7.0371493596e-02    2.8420184360e+01   -7.3647301036e-07    1.9673634346e-02   -8.6252135172e-07    6.6451083065e-04    0.0000000000e+00
  51.0100000    9.9134458801e-01    9.8870021732e-01    6.9601197716e-05    4.0250000000e+01    3.1750000000e+01    3.1750000000e+01    0.0000000000e+00    7.0371507201e-02    2.8420184360e+01   -6.4978589556e-07    1.8668166330e-02   -4.7251436400e-03    9.8719786666e-07    0.0000000000e+00
  51.5100000    9.9134165157e-01    9.8869837767e-01    6.8450056916e-05    4.0250000000e+01    3.1750000000e+01    3.1750000000e+01    0.0000000000e+00    7.0371571372e-02    2.8420184360e+01   -6.6909636358e-07    1.5139027586e-02   -9.4252634490e-03    9.7443145713e-07    0.0000000000e+00
  52.0100000    9.9133872265e-01    9.8869558829e-01    6.8312541382e-05    4.0250000000e+01    3.1750000000e+01    3.1750000000e+01    0.0000000000e+00    7.0371626278e-02    2.8420184360e+01   -6.6534085582e-07    9.5614139379e-03   -1.2861663706e-02    9.9008055415e-07    0.0000000000e+00
  52.5100000    9.9133535836e-01    9.8869307108e-01    6.7942244883e-05    4.0250000000e+01    3.1750000000e+01    3.1750000000e+01    0.0000000000e+00    7.0371633705e-02    2.8420184360e+01   -6.2833369987e-07    2.6895955578e-03   -1.4559296925e-02    9.4534254957e-07    0.0000000000e+00
  53.0100000    9.9133067473e-01    9.8869197556e-01    6.6796992918e-05    4.0250000000e+01    3.1750000000e+01    3.1750000000e+01    0.0000000000e+00    7.0371612900e-02    2.8420184360e+01   -4.5516989304e-03    7.3569671609e-07   -1.4284435378e-02    8.3148820355e-07    0.0000000000e+00
  53.5100000    9.9132565597e-01    9.8869182503e-01    7.0693570557e-05    4.0250000000e+01    3.1750000000e+01    3.1750000000e+01    0.0000000000e+00    7.0371603044e-02    2.8420184360e+01   -1.1167099761e-02    7.0484965160e-07   -1.2079524226e-02    8.5734779035e-07    0.0000000000e+00
  54.0100000    9.9132325833e-01    9.8869075329e-01    7.4939396133e-05    4.0250000000e+01    3.1750000000e+01    3.1750000000e+01    0.0000000000e+00    7.0371611582e-02    2.8420184360e+01   -1.6274013288e-02    7.2167877342e-07   -8.2491270654e-03    8.5782486150e-07    0.0000000000e+00
  54.5100000    9.9132522377e-01    9.8868758701e-01    7.6464076283e-05    4.0250000000e+01    3.1750000000e+01    3.1750000000e+01    0.0000000000e+00    7.0371617425e-02    2.8420184360e+01   -1.9188646207e-02    6.6265769034e-07   -3.3116913899e-03    8.1446483615e-07    0.0000000000e+00
  55.0100000    9.9132918927e-01    9.8868336047e-01    7.5571374246e-05    4.0250000000e+01    3.1750000000e+01    3.1750000000e+01    0.0000000000e+00    7.0371612652e-02    2.8420184360e+01   -1.9516596770e-02    5.9686743564e-07   -9.1568911402e-07    2.1020860747e-03    0.0000000000e+00
  55.5100000    9.9133021563e-01    9.8868027493e-01    7.1478771849e-05    4.0250000000e+01    3.1750000000e+01    3.1750000000e+01    0.0000000000e+00    7.0371614545e-02    2.8420184360e+01   -1.7212894791e-02    6.0939305179e-07   -9.0865348274e-07    7.1828862637e-03    0.0000000000e+00
  56.0100000    9.9132564362e-01    9.8867926740e-01    6.5834285271e-05    4.0250000000e+01    3.1750000000e+01    3.1750000000e+01    0.0000000000e+00    7.0371632953e-02    2.8420184360e+01   -1.2586462544e-02    6.1329400718e-07   -9.3974113894e-07    1.1320361061e-02    0.0000000000e+00
  56.5100000    9.9131779236e-01    9.8867912524e-01    6.6283408515e-05    4.0250000000e+01    3.1750000000e+01    3.1750000000e+01    0.0000000000e+00    7.0371649418e-02    2.8420184360e+01   -6.2610680956e-03    5.9675896710e-07   -8.3334422281e-07    1.3933213979e-02    0.0000000000e+00
  57.0100000    9.9131146382e-01    9.8867806063e-01    6.9850429807e-05    4.0250000000e+01    3.1750000000e+01    3.1750000000e+01    0.0000000000e+00    7.0371642878e-02    2.8420184360e+01   -6.7863619364e-07    9.3520035355e-04   -7.9336782457e-07    1.4663222168e-02    0.0000000000e+00
  57.5100000    9.9130932140e-01    9.8867563334e-01    7.2820375960e-05    4.0250000000e+01    3.1750000000e+01    3.1750000000e+01    0.0000000000e+00    7.0371620367e-02    2.8420184360e+01   -6.4469919502e-07    7.9584893774e-03   -7.9538989290e-07    1.3415470135e-02    0.0000000000e+00
  58.0100000    9.9131013286e-01    9.8867282710e-01    7.4646019966e-05    4.0250000000e+01    3.1750000000e+01    3.1750000000e+01    0.0000000000e+00    7.0371606576e-02    2.8420184360e+01   -6.6674917616e-07    1.3926108468e-02   -8.0245010321e-07    1.0364482553e-02    0.0000000000e+00
  58.5100000    9.9131087392e-01    9.8867063543e-01    7.3067887633e-05    4.0250000000e+01    3.1750000000e+01    3.1750000000e+01    0.0000000000e+00    7.0371613896e-02    2.8420184360e+01   -6.3206924375e-07    1.8023811730e-02   -7.7390595295e-07    5.9237245696e-03    0.0000000000e+00
  59.0100000    9.9130950224e-01    9.8866912560e-01    6.9840401026e-05    4.0250000000e+01    3.1750000000e+01    3.1750000000e+01    0.0000000000e+00    7.0371635023e-02    2.8420184360e+01   -5.7540260338e-07    1.9697274710e-02   -7.5093417095e-07    7.0908992620e-04    0.0000000000e+00
  59.5100000    9.9130565064e-01    9.8866785761e-01    6.7686825670e-05    4.0250000000e+01    3.1750000000e+01    3.1750000000e+01    0.0000000000e+00    7.0371653920e-02    2.8420184360e+01   -5.7904537629e-07    1.8721149504e-02   -4.6572485367e-03    8.1711580373e-07    0.0000000000e+00
  60.0100000    9.9129984277e-01    9.8866663180e-01    6.6832399284e-05    4.0250000000e+01    3.1750000000e+01    3.1750000000e+01    0.0000000000e+00    7.0371653230e-02    2.8420184360e+01   -5.9409939881e-07    1.5225382850e-02   -9.3534802895e-03    8.5611417527e-07    0.0000000000e+00
  60.5100000    9.9129323824e-01    9.8866540000e-01    7.1323823500e-05    4.0250000000e+01    3.1750000000e+01    3.1750000000e+01    0.0000000000e+00    7.0371622712e-02    2.8420184360e+01   -5.7045370523e-07    9.6799381554e-03   -1.2800771628e-02    8.1643154157e-07    0.0000000000e+00
  61.0100000    9.9128796156e-01    9.8866372025e-01    7.7155935201e-05    4.0250000000e+01    3.1750000000e+01    3.1750000000e+01    0.0000000000e+00    7.0371573654e-02    2.8420184360e+01   -5.9320896330e-07    2.8323170473e-03   -1.4524279416e-02    7.5749542847e-07    0.0000000000e+00
  61.5100000    9.9128623454e-01    9.8866098477e-01    7.6606287604e-05    4.0250000000e+01    3.1750000000e+01    3.1750000000e+01    0.0000000000e+00    7.0371539352e-02    2.8420184360e+01   -4.4024210255e-03    6.2279005587e-07   -1.4292601471e-02    7.4928727256e-07    0.0000000000e+00
  62.0100000    9.9128802333e-01    9.8865746793e-01    7.5801088103e-05    4.0250000000e+01    3.1750000000e+01    3.1750000000e+01    0.0000000000e+00    7.0371549964e-02    2.8420184360e+01   -1.1030681366e-02    6.2520688059e-07   -1.2142430139e-02    8.3142785165e-07    0.0000000000e+00
  62.5100000    9.9128988970e-01    9.8865466597e-01    7.3536496750e-05    4.0250000000e+01    3.1750000000e+01    3.1750000000e+01    0.0000000000e+00    7.0371604100e-02    2.8420184360e+01   -1.6182877648e-02    5.9787477374e-07   -8.3660659613e-03    7.7628769053e-07    0.0000000000e+00
  63.0100000    9.9128750019e-01    9.8865392073e-01    6.8123228959e-05    4.0250000000e+01    3.1750000000e+01    3.1750000000e+01    0.0000000000e+00    7.0371666513e-02    2.8420184360e+01   -1.9164287855e-02    5.5385648180e-07   -3.4692307218e-03    8.1691561307e-07    0.0000000000e+00
  63.5100000    9.9127995523e-01    9.8865466760e-01    6.9763708925e-05    4.0250000000e+01    3.1750000000e+01    3.1750000000e+01    0.0000000000e+00    7.0371694528e-02    2.8420184360e+01   -1.9574042350e-02    5.6889372235e-07   -8.3954789353e-07    1.9305654983e-03    0.0000000000e+00
  64.0100000    9.9127106432e-01    9.8865463479e-01    7.2913805490e-05    4.0250000000e+01    3.1750000000e+01    3.1750000000e+01    0.0000000000e+00    7.0371670173e-02    2.8420184360e+01   -1.7356221658e-02    5.5549383895e-07   -7.7333960229e-07    7.0106224624e-03    0.0000000000e+00
  64.5100000    9.9126575261e-01    9.8865209328e-01    7.3020349094e-05    4.0250000000e+01    3.1750000000e+01    3.1750000000e+01    0.0000000000e+00    7.0371612840e-02    2.8420184360e+01   -1.2807998032e-02    5.9333977057e-07   -7.8059115208e-07    1.1176473243e-02    0.0000000000e+00
  65.0100000    9.9126561496e-01    9.8864754933e-01    7.5664078186e-05    4.0250000000e+01    3.1750000000e+01    3.1750000000e+01    0.0000000000e+00    7.0371564550e-02    2.8420184360e+01   -6.5407668399e-03    6.1012735619e-07   -7.2000671982e-07    1.3844287087e-02    0.0000000000e+00
  65.5100000    9.9126827889e-01    9.8864302005e-01    7.6659065610e-05    4.0250000000e+01    3.1750000000e+01    3.1750000000e+01    0.0000000000e+00    7.0371560036e-02    2.8420184360e+01   -6.3705582795e-07    6.3382182457e-04   -7.6992153529e-07    1.4652205715e-02    0.0000000000e+00
  66.0100000    9.9127002221e-01    9.8864018753e-01    7.4138606510e-05    4.0250000000e+01    3.1750000000e+01    3.1750000000e+01    0.0000000000e+00    7.0371602929e-02    2.8420184360e+01   -6.0463074722e-07    7.6684443059e-03   -7.0670537279e-07    1.3496397440e-02    0.0000000000e+00
  66.5100000    9.9126809543e-01    9.8863952136e-01    7.0467743037e-05    4.0250000000e+01    3.1750000000e+01    3.1750000000e+01    0.0000000000e+00    7.0371664426e-02    2.8420184360e+01   -5.7183987160e-07    1.3698099274e-02   -7.7457814382e-07    1.0535714404e-02    0.0000000000e+00
  67.0100000    9.9126192739e-01    9.8864026254e-01    6.7944867453e-05    4.0250000000e+01    3.1750000000e+01    3.1750000000e+01    0.0000000000e+00    7.0371705433e-02    2.8420184360e+01   -5.3833534368e-07    1.7897601681e-02   -7.7435569927e-07    6.1668542655e-03    0.0000000000e+00
  67.5100000    9.9125420705e-01    9.8864040336e-01    6.9846437386e-05    4.0250000000e+01    3.1750000000e+01    3.1750000000e+01    0.0000000000e+00    7.0371705170e-02    2.8420184360e+01   -5.0647190308e-07    1.9701135244e-02   -7.8217215515e-07    9.7216828325e-04    0.0000000000e+00
  68.0100000    9.9125013265e-01    9.8863754294e-01    7.5673569057e-05    4.0250000000e+01    3.1750000000e+01    3.1750000000e+01    0.0000000000e+00    7.0371673398e-02    2.8420184360e+01   -5.6508345766e-07    1.8866656123e-02   -4.3709393372e-03    8.1842431588e-07    0.0000000000e+00
  68.5100000    9.9125284270e-01    9.8863129367e-01    8.0001715929e-05    4.0250000000e+01    3.1750000000e+01    3.1750000000e+01    0.0000000000e+00    7.0371638034e-02    2.8420184360e+01   -6.2240690507e-07    1.5505317905e-02   -9.0993053201e-03    7.3631347147e-07    0.0000000000e+00
  69.0100000    9.9125885194e-01    9.8862477466e-01    7.9497290254e-05    4.0250000000e+01    3.1750000000e+01    3.1750000000e+01    0.0000000000e+00    7.0371621615e-02    2.8420184360e+01   -6.2268914997e-07    1.0067768103e-02   -1.2621371743e-02    7.0268383861e-07    0.0000000000e+00
  69.5100000    9.9126011912e-01    9.8862227558e-01    7.1204304836e-05    4.0250000000e+01    3.1750000000e+01    3.1750000000e+01    0.0000000000e+00    7.0371627421e-02    2.8420184360e+01   -6.2988258323e-07    3.2834431612e-03   -1.4452315906e-02    6.9539116469e-07    0.0000000000e+00
  70.0100000    9.9125217031e-01    9.8862478245e-01    7.1448810583e-05    4.0250000000e+01    3.1750000000e+01    3.1750000000e+01    0.0000000000e+00    7.0371644185e-02    2.8420184360e+01   -3.9477810091e-03    5.6189312852e-07   -1.4349487113e-02    7.5236848923e-07    0.0000000000e+00
  70.5100000    9.9123926681e-01    9.8862854485e-01    6.6817478416e-05    4.0250000000e+01    3.1750000000e+01    3.1750000000e+01    0.0000000000e+00    7.0371660914e-02    2.8420184360e+01   -1.0633503171e-02    5.8282354828e-07   -1.2330765195e-02    7.4578925891e-07    0.0000000000e+00
  71.0100000    9.9123022193e-01    9.8862872617e-01    7.3783861179e-05    4.0250000000e+01    3.1750000000e+01    3.1750000000e+01    0.0000000000e+00    7.0371675724e-02    2.8420184360e+01   -1.5907341866e-02    5.6392473684e-07   -8.6673013307e-03    7.5408024684e-07    0.0000000000e+00
  71.5100000    9.9122953107e-01    9.8862410530e-01    7.8253754406e-05    4.0250000000e+01    3.1750000000e+01    3.1750000000e+01    0.0000000000e+00    7.0371690510e-02    2.8420184360e+01   -1.9056699754e-02    5.7366854143e-07   -3.8468571286e-03    8.1421678874e-07    0.0000000000e+00
  72.0100000    9.9123394190e-01    9.8861758199e-01    7.9843087298e-05    4.0250000000e+01    3.1750000000e+01    3.1750000000e+01    0.0000000000e+00    7.0371699799e-02    2.8420184360e+01   -1.9660761273e-02    5.9878405658e-07   -7.7181784876e-07    1.5345931812e-03    0.0000000000e+00
  72.5100000    9.9123757633e-01    9.8861243289e-01    7.7557786838e-05    4.0250000000e+01    3.1750000000e+01    3.1750000000e+01    0.0000000000e+00    7.0371690941e-02    2.8420184360e+01   -1.7638320653e-02    6.3029514274e-07   -7.1966365780e-07    6.6311769746e-03    0.0000000000e+00
  73.0100000    9.9123829320e-01    9.8860924830e-01    7.5978554219e-05    4.0250000000e+01    3.1750000000e+01    3.1750000000e+01    0.0000000000e+00    7.0371660643e-02    2.8420184360e+01   -1.3259777341e-02    6.2826732891e-07   -6.9197716971e-07    1.0875969286e-02    0.0000000000e+00
  73.5100000    9.9123761276e-01    9.8860689712e-01    7.7275417115e-05    4.0250000000e+01    3.1750000000e+01    3.1750000000e+01    0.0000000000e+00    7.0371629085e-02    2.8420184360e+01   -7.1111033065e-03    6.0307782835e-07   -6.9322213871e-07    1.3671444337e-02    0.0000000000e+00
  74.0100000    9.9123612011e-01    9.8860515017e-01    7.4342899344e-05    4.0250000000e+01    3.1750000000e+01    3.1750000000e+01    0.0000000000e+00    7.0371628170e-02    2.8420184360e+01   -1.1419406994e-04    3.9915189560e-05   -7.4629039451e-07    1.4640831890e-02    0.0000000000e+00
  74.5100000    9.9123208562e-01    9.8860478242e-01    7.4458921325e-05    4.0250000000e+01    3.1750000000e+01    3.1750000000e+01    0.0000000000e+00    7.0371669284e-02    2.8420184360e+01   -5.4643145661e-07    7.0870626815e-03   -8.0203541534e-07    1.3658461643e-02    0.0000000000e+00
  75.0100000    9.9122520172e-01    9.8860532749e-01    7.5819349686e-05    4.0250000000e+01    3.1750000000e+01    3.1750000000e+01    0.0000000000e+00    7.0371726253e-02    2.8420184360e+01   -6.0966734179e-07    1.3236626988e-02   -6.9395975453e-07    1.0857597780e-02    0.0000000000e+00
  75.5100000    9.9121900116e-01    9.8860448482e-01    7.3413346457e-05    4.0250000000e+01    3.1750000000e+01    3.1750000000e+01    0.0000000000e+00    7.0371757345e-02    2.8420184360e+01   -6.0155908825e-07    1.7625997567e-02   -7.5616750808e-07    6.6110348957e-03    0.0000000000e+00
  76.0100000    9.9121729508e-01    9.8860070703e-01    7.9352898517e-05    4.0250000000e+01    3.1750000000e+01    3.1750000000e+01    0.0000000000e+00    7.0371744835e-02    2.8420184360e+01   -5.8204611602e-07    1.9666766103e-02   -8.3850528931e-07    1.4830047909e-03    0.0000000000e+00
  76.5100000    9.9121927349e-01    9.8859541004e-01    8.2214310346e-05    4.0250000000e+01    3.1750000000e+01    3.1750000000e+01    0.0000000000e+00    7.0371708825e-02    2.8420184360e+01   -6.2094568986e-07    1.9086598924e-02   -3.8649939256e-03    8.2491575988e-07    0.0000000000e+00
  77.0100000    9.9122040410e-01    9.8859145824e-01    7.6966611822e-05    4.0250000000e+01    3.1750000000e+01    3.1750000000e+01    0.0000000000e+00    7.0371682621e-02    2.8420184360e+01   -6.6558263789e-07    1.5962893585e-02   -8.6565557526e-03    7.2647555119e-07    0.0000000000e+00
  77.5100000    9.9121780553e-01    9.8858998476e-01    7.5426273590e-05    4.0250000000e+01    3.1750000000e+01    3.1750000000e+01    0.0000000000e+00    7.0371680927e-02    2.8420184360e+01   -5.8119165690e-07    1.0712926756e-02   -1.2313274603e-02    6.9397809457e-07    0.0000000000e+00
  78.0100000    9.9121269869e-01    9.8858974102e-01    7.4710395970e-05    4.0250000000e+01    3.1750000000e+01    3.1750000000e+01    0.0000000000e+00    7.0371695306e-02    2.8420184360e+01   -6.0665905084e-07    4.0373497575e-03   -1.4328517449e-02    7.7561863840e-07    0.0000000000e+00
  78.5100000    9.9120790049e-01    9.8858901575e-01    7.2231141127e-05    4.0250000000e+01    3.1750000000e+01    3.1750000000e+01    0.0000000000e+00    7.0371714246e-02    2.8420184360e+01   -3.1856667875e-03    6.1448724314e-07   -1.4437074138e-02    7.5513640527e-07    0.0000000000e+00
  79.0100000    9.9120500531e-01    9.8858704914e-01    7.5413444750e-05    4.0250000000e+01    3.1750000000e+01    3.1750000000e+01    0.0000000000e+00    7.0371736257e-02    2.8420184360e+01   -9.9638543254e-03    5.9841182462e-07   -1.2627292314e-02    6.3657711826e-07    0.0000000000e+00
  79.5100000    9.9120380903e-01    9.8858405882e-01    7.6018349124e-05    4.0250000000e+01    3.1750000000e+01    3.1750000000e+01    0.0000000000e+00    7.0371758858e-02    2.8420184360e+01   -1.5428540576e-02    6.1530889060e-07   -9.1401858871e-03    7.5368156394e-07    0.0000000000e+00
  80.0100000    9.9120248639e-01    9.8858106172e-01    7.4929191759e-05    4.0250000000e+01    3.1750000000e+01    3.1750000000e+01    0.0000000000e+00    7.0371764390e-02    2.8420184360e+01   -1.8842469418e-02    5.9499907938e-07   -4.4379777228e-03    7.7874249856e-07    0.0000000000e+00
  80.5100000    9.9119852081e-01    9.8857932094e-01    7.2592568936e-05    4.0250000000e+01    3.1750000000e+01    3.1750000000e+01    0.0000000000e+00    7.0371733065e-02    2.8420184360e+01   -1.9751496173e-02    5.7263191222e-07   -7.3433209152e-07    9.2892540127e-04    0.0000000000e+00
  81.0100000    9.9119146598e-01    9.8857887690e-01    6.9668770858e-05    4.0250000000e+01    3.1750000000e+01    3.1750000000e+01    0.0000000000e+00    7.0371675290e-02    2.8420184360e+01   -1.8034618931e-02    6.1258490735e-07   -8.5743691678e-07    6.0408417975e-03    0.0000000000e+00
  81.5100000    9.9118486429e-01    9.8857785360e-01    7.4879456386e-05    4.0250000000e+01    3.1750000000e+01    3.1750000000e+01    0.0000000000e+00    7.0371637525e-02    2.8420184360e+01   -1.3920805703e-02    6.3097580245e-07   -7.9319306989e-07    1.0408443129e-02    0.0000000000e+00
  82.0100000    9.9118347007e-01    9.8857427899e-01    8.1168612094e-05    4.0250000000e+01    3.1750000000e+01    3.1750000000e+01    0.0000000000e+00    7.0371659182e-02    2.8420184360e+01   -7.9581437703e-03    6.4318077783e-07   -7.0994702832e-07    1.3397412846e-02    0.0000000000e+00
  82.5100000    9.9118774852e-01    9.8856868490e-01    8.2245111413e-05    4.0250000000e+01    3.1750000000e+01    3.1750000000e+01    0.0000000000e+00    7.0371723930e-02    2.8420184360e+01   -9.4682717816e-04    5.7486151510e-07   -7.7591043058e-07    1.4606466098e-02    0.0000000000e+00
  83.0100000    9.9119234142e-01    9.8856403322e-01    8.0710962739e-05    4.0250000000e+01    3.1750000000e+01    3.1750000000e+01    0.0000000000e+00    7.0371768518e-02    2.8420184360e+01   -5.3982969536e-07    6.2073187184e-03   -7.4689226439e-07    1.3878338595e-02    0.0000000000e+00
  83.5100000    9.9119113499e-01    9.8856261803e-01    7.4757641311e-05    4.0250000000e+01    3.1750000000e+01    3.1750000000e+01    0.0000000000e+00    7.0371747158e-02    2.8420184360e+01   -6.3424043347e-07    1.2523125432e-02   -6.9431224498e-07    1.1310770550e-02    0.0000000000e+00
  84.0100000    9.9118351856e-01    9.8856349553e-01    6.8539264747e-05    4.0250000000e+01    3.1750000000e+01    3.1750000000e+01    0.0000000000e+00    7.0371678476e-02    2.8420184360e+01   -6.4454882704e-07    1.7182437319e-02   -7.8608659636e-07    7.2432288950e-03    0.0000000000e+00
  84.5100000    9.9117479872e-01    9.8856348903e-01    7.1746237127e-05    4.0250000000e+01    3.1750000000e+01    3.1750000000e+01    0.0000000000e+00    7.0371621567e-02    2.8420184360e+01   -6.7614201408e-07    1.9562850984e-02   -8.3203981437e-07    2.2142485813e-03    0.0000000000e+00
  85.0100000    9.9117056198e-01    9.8856055479e-01    7.7090758925e-05    4.0250000000e+01    3.1750000000e+01    3.1750000000e+01    0.0000000000e+00    7.0371614251e-02    2.8420184360e+01   -5.7236528299e-07    1.9348462345e-02   -3.1392975606e-03    7.4437450757e-07    0.0000000000e+00
  85.5100000    9.9117144173e-01    9.8855567969e-01    7.9738654480e-05    4.0250000000e+01    3.1750000000e+01    3.1750000000e+01    0.0000000000e+00    7.0371644929e-02    2.8420184360e+01   -6.9293618442e-07    1.6568379344e-02   -8.0162241738e-03    7.4111853647e-07    0.0000000000e+00
  86.0100000    9.9117348582e-01    9.8855150030e-01    7.8567908400e-05    4.0250000000e+01    3.1750000000e+01    3.1750000000e+01    0.0000000000e+00    7.0371676546e-02    2.8420184360e+01   -6.5027042384e-07    1.1592642948e-02   -1.1858237859e-02    7.7124101814e-07    0.0000000000e+00
  86.5100000    9.9117270225e-01    9.8854955657e-01    7.5414120514e-05    4.0250000000e+01    3.1750000000e+01    3.1750000000e+01    0.0000000000e+00    7.0371681610e-02    2.8420184360e+01   -6.2063413433e-07    5.0819028796e-03   -1.4127919313e-02    6.6741611050e-07    0.0000000000e+00
  87.0100000    9.9116857134e-01    9.8854910215e-01    7.2923097724e-05    4.0250000000e+01    3.1750000000e+01    3.1750000000e+01    0.0000000000e+00    7.0371656390e-02    2.8420184360e+01   -2.1207818703e-03    6.2867489213e-07   -1.4527592118e-02    7.9636705205e-07    0.0000000000e+00
  87.5100000    9.9116356782e-01    9.8854824533e-01    7.2913347710e-05    4.0250000000e+01    3.1750000000e+01    3.1750000000e+01    0.0000000000e+00    7.0371620158e-02    2.8420184360e+01   -9.0063875344e-03    6.1530585907e-07   -1.3005832777e-02    7.3956437696e-07    0.0000000000e+00
  88.0100000    9.9116016467e-01    9.8854585251e-01    7.5175204030e-05    4.0250000000e+01    3.1750000000e+01    3.1750000000e+01    0.0000000000e+00    7.0371605973e-02    2.8420184360e+01   -1.4720110249e-02    6.5836478894e-07   -9.7633620264e-03    6.8377597521e-07    0.0000000000e+00
  88.5100000    9.9115865059e-01    9.8854235189e-01    7.6378682586e-05    4.0250000000e+01    3.1750000000e+01    3.1750000000e+01    0.0000000000e+00    7.0371635735e-02    2.8420184360e+01   -1.8486192645e-02    7.1486926753e-07   -5.2283923523e-03    8.2620719490e-07    0.0000000000e+00
  89.0100000    9.9115749752e-01    9.8853899405e-01    7.7041661721e-05    4.0250000000e+01    3.1750000000e+01    3.1750000000e+01    0.0000000000e+00    7.0371692729e-02    2.8420184360e+01   -1.9806099246e-02    6.2358354467e-07   -1.9958847122e-04    1.1058755963e-04    0.0000000000e+00
  89.5100000    9.9115530715e-01    9.8853657318e-01    7.6351507046e-05    4.0250000000e+01    3.1750000000e+01    3.1750000000e+01    0.0000000000e+00    7.0371727571e-02    2.8420184360e+01   -1.8505705537e-02    5.3752897835e-07   -8.2255077225e-07    5.2329313768e-03    0.0000000000e+00
  90.0100000    9.9115215952e-01    9.8853485512e-01    7.5431437515e-05    4.0250000000e+01    3.1750000000e+01    3.1750000000e+01    0.0000000000e+00    7.0371703267e-02    2.8420184360e+01   -1.4758289098e-02    7.5204974598e-07   -8.2523358064e-07    9.7544476283e-03    0.0000000000e+00
  90.5100000    9.9114920946e-01    9.8853305690e-01    7.5354191389e-05    4.0250000000e+01    3.1750000000e+01    3.1750000000e+01    0.0000000000e+00    7.0371633033e-02    2.8420184360e+01   -9.0606098513e-03    7.6069484091e-07   -7.6955700514e-07    1.2994458919e-02    0.0000000000e+00
  91.0100000    9.9114725659e-01    9.8853070696e-01    7.6150873091e-05    4.0250000000e+01    3.1750000000e+01    3.1750000000e+01    0.0000000000e+00    7.0371567037e-02    2.8420184360e+01   -2.1662146447e-03    5.6629865538e-07   -7.1632262867e-07    1.4517427046e-02    0.0000000000e+00
  91.5100000    9.9114587426e-01    9.8852801243e-01    7.6474981566e-05    4.0250000000e+01    3.1750000000e+01    3.1750000000e+01    0.0000000000e+00    7.0371543199e-02    2.8420184360e+01   -6.5391730002e-07    5.0207701846e-03   -8.9771657099e-07    1.4123884588e-02    0.0000000000e+00
  92.0100000    9.9114391754e-01    9.8852548766e-01    7.6218859795e-05    4.0250000000e+01    3.1750000000e+01    3.1750000000e+01    0.0000000000e+00    7.0371557833e-02    2.8420184360e+01   -6.5383233246e-07    1.1533110602e-02   -8.4430498663e-07    1.1865986446e-02    0.0000000000e+00
  92.5100000    9.9114079491e-01    9.8852333396e-01    7.5435923671e-05    4.0250000000e+01    3.1750000000e+01    3.1750000000e+01    0.0000000000e+00    7.0371584197e-02    2.8420184360e+01   -6.5784102671e-07    1.6529483193e-02   -6.2070902012e-07    8.0413449044e-03    0.0000000000e+00
  93.0100000    9.9113716067e-01    9.8852123830e-01    7.4949925280e-05    4.0250000000e+01    3.1750000000e+01    3.1750000000e+01    0.0000000000e+00    7.0371607613e-02    2.8420184360e+01   -7.8575345535e-07    1.9343701578e-02   -6.8896477058e-07    3.1551828148e-03    0.0000000000e+00
  93.5100000    9.9113426589e-01    9.8851879244e-01    7.5689932831e-05    4.0250000000e+01    3.1750000000e+01    3.1750000000e+01    0.0000000000e+00    7.0371630591e-02    2.8420184360e+01   -6.7591569686e-07    1.9604597709e-02   -2.1922194012e-03    6.9893341032e-07    0.0000000000e+00
  94.0100000    9.9113256369e-01    9.8851607483e-01    7.7029184192e-05    4.0250000000e+01    3.1750000000e+01    3.1750000000e+01    0.0000000000e+00    7.0371648939e-02    2.8420184360e+01   -5.7527699873e-07    1.7278841267e-02   -7.1630531466e-03    8.5265924387e-07    0.0000000000e+00
  94.5100000    9.9113105866e-01    9.8851369938e-01    7.7749212512e-05    4.0250000000e+01    3.1750000000e+01    3.1750000000e+01    0.0000000000e+00    7.0371643171e-02    2.8420184360e+01   -6.0215404684e-07    1.2674693782e-02   -1.1229286036e-02    9.3616786587e-07    0.0000000000e+00
  95.0100000    9.9112829751e-01    9.8851213922e-01    7.7423375828e-05    4.0250000000e+01    3.1750000000e+01    3.1750000000e+01    0.0000000000e+00    7.0371605074e-02    2.8420184360e+01   -6.4247557483e-07    6.4002011398e-03   -1.3816157919e-02    7.3565542720e-07    0.0000000000e+00
  95.5100000    9.9112413279e-01    9.8851099341e-01    7.6031886263e-05    4.0250000000e+01    3.1750000000e+01    3.1750000000e+01    0.0000000000e+00    7.0371560717e-02    2.8420184360e+01   -7.5529908726e-04    7.9316008205e-07   -1.4583037377e-02    6.4429522441e-07    0.0000000000e+00
  96.0100000    9.9112025792e-01    9.8850913298e-01    7.5210575006e-05    4.0250000000e+01    3.1750000000e+01    3.1750000000e+01    0.0000000000e+00    7.0371548387e-02    2.8420184360e+01   -7.7411216522e-03    7.8433712844e-07   -1.3429460181e-02    6.8337045324e-07    0.0000000000e+00
  96.5100000    9.9111858545e-01    9.8850581271e-01    7.7815277378e-05    4.0250000000e+01    3.1750000000e+01    3.1750000000e+01    0.0000000000e+00    7.0371574668e-02    2.8420184360e+01   -1.3745367297e-02    5.7441753428e-07   -1.0506892646e-02    7.1079758711e-07    0.0000000000e+00
  97.0100000    9.9111900959e-01    9.8850163845e-01    7.9023452298e-05    4.0250000000e+01    3.1750000000e+01    3.1750000000e+01    0.0000000000e+00    7.0371607844e-02    2.8420184360e+01   -1.7939325681e-02    5.4148492593e-07   -6.2003740360e-03    7.3685965322e-07    0.0000000000e+00
  97.5100000    9.9111914100e-01    9.8849819022e-01    7.9389935495e-05    4.0250000000e+01    3.1750000000e+01    3.1750000000e+01    0.0000000000e+00    7.0371615998e-02    2.8420184360e+01   -1.9770818654e-02    6.6161318711e-07   -1.0784095805e-03    6.8370130206e-07    0.0000000000e+00
  98.0100000    9.9111663998e-01    9.8849648687e-01    7.8820257142e-05    4.0250000000e+01    3.1750000000e+01    3.1750000000e+01    0.0000000000e+00    7.0371597252e-02    2.8420184360e+01   -1.8999559454e-02    6.4418378680e-07   -6.7228861863e-07    4.2003019183e-03    0.0000000000e+00
  98.5100000    9.9111175590e-01    9.8849588167e-01    7.7187499784e-05    4.0250000000e+01    3.1750000000e+01    3.1750000000e+01    0.0000000000e+00    7.0371571526e-02    2.8420184360e+01   -1.5728383175e-02    6.7392960716e-07   -6.2540900544e-07    8.8915577903e-03    0.0000000000e+00
  99.0100000    9.9110716700e-01    9.8849467664e-01    7.5499446375e-05    4.0250000000e+01    3.1750000000e+01    3.1750000000e+01    0.0000000000e+00    7.0371558484e-02    2.8420184360e+01   -1.0388738917e-02    6.4226074597e-07   -7.9239928895e-07    1.2429033752e-02    0.0000000000e+00
  99.5100000    9.9110511376e-01    9.8849188478e-01    7.7762213499e-05    4.0250000000e+01    3.1750000000e+01    3.1750000000e+01    0.0000000000e+00    7.0371566218e-02    2.8420184360e+01   -3.6832372614e-03    7.4703197731e-07   -7.0534843147e-07    1.4332208362e-02    0.0000000000e+00
 100.0100000    9.9110495902e-01    9.8848822665e-01    7.8429711020e-05    4.0250000000e+01    3.1750000000e+01    3.1750000000e+01    0.0000000000e+00    7.0371586022e-02    2.8420184360e+01   -5.9257319434e-07    3.5183060071e-03   -7.0387138773e-07    1.4351792371e-02    0.0000000000e+00
 100.5100000    9.9110395421e-01    9.8848525368e-01    7.7062918111e-05    4.0250000000e+01    3.1750000000e+01    3.1750000000e+01    0.0000000000e+00    7.0371593819e-02    2.8420184360e+01   -6.6590063170e-07    1.0235954929e-02   -7.3019095041e-07    1.2485213866e-02    0.0000000000e+00
 101.0100000    9.9110036319e-01    9.8848360986e-01    7.5796838976e-05    4.0250000000e+01    3.1750000000e+01    3.1750000000e+01    0.0000000000e+00    7.0371570612e-02    2.8420184360e+01   -5.8810952037e-07    1.5620236677e-02   -8.3907078689e-07    8.9779391184e-03    0.0000000000e+00
 101.5100000    9.9109537682e-01    9.8848240904e-01    7.5671144462e-05    4.0250000000e+01    3.1750000000e+01    3.1750000000e+01    0.0000000000e+00    7.0371527911e-02    2.8420184360e+01   -6.3729637777e-07    1.8952106226e-02   -7.5066117104e-07    4.2918521967e-03    0.0000000000e+00
 102.0100000    9.9109170301e-01    9.8848035530e-01    7.7556009879e-05    4.0250000000e+01    3.1750000000e+01    3.1750000000e+01    0.0000000000e+00    7.0371502471e-02    2.8420184360e+01   -7.1246177660e-07    1.9794527137e-02   -1.0400431343e-03    7.0188112553e-07    0.0000000000e+00
 102.5100000    9.9109061008e-01    9.8847719454e-01    7.9809459888e-05    4.0250000000e+01    3.1750000000e+01    3.1750000000e+01    0.0000000000e+00    7.0371517971e-02    2.8420184360e+01   -7.4823712314e-07    1.8038054672e-02   -6.0815500958e-03    6.5494167275e-07    0.0000000000e+00
 103.0100000    9.9109082864e-01    9.8847382712e-01    8.0189824136e-05    4.0250000000e+01    3.1750000000e+01    3.1750000000e+01    0.0000000000e+00    7.0371557446e-02    2.8420184360e+01   -6.7112516584e-07    1.3914473966e-02   -1.0395976730e-02    7.2965897649e-07    0.0000000000e+00
 103.5100000    9.9109023740e-01    9.8847115376e-01    7.8039633757e-05    4.0250000000e+01    3.1750000000e+01    3.1750000000e+01    0.0000000000e+00    7.0371580722e-02    2.8420184360e+01   -6.4371235491e-07    7.9655970479e-03   -1.3351629411e-02    8.2017666655e-07    0.0000000000e+00
 104.0100000    9.9108797106e-01    9.8846919509e-01    7.5889850215e-05    4.0250000000e+01    3.1750000000e+01    3.1750000000e+01    0.0000000000e+00    7.0371566658e-02    2.8420184360e+01   -8.4664138522e-07    9.9072729863e-04   -1.4556275233e-02    7.8973618920e-07    0.0000000000e+00
 104.5100000    9.9108456585e-01    9.8846743407e-01    7.5191298326e-05    4.0250000000e+01    3.1750000000e+01    3.1750000000e+01    0.0000000000e+00    7.0371531898e-02    2.8420184360e+01   -6.1493881020e-03    6.5273031703e-07   -1.3852311460e-02    7.8761915764e-07    0.0000000000e+00
 105.0100000    9.9108061932e-01    9.8846564856e-01    7.5752749011e-05    4.0250000000e+01    3.1750000000e+01    3.1750000000e+01    0.0000000000e+00    7.0371508682e-02    2.8420184360e+01   -1.2464576399e-02    7.1993963773e-07   -1.1332169346e-02    7.8359503470e-07    0.0000000000e+00
 105.5100000    9.9107618035e-01    9.8846400992e-01    7.8564890195e-05    4.0250000000e+01    3.1750000000e+01    3.1750000000e+01    0.0000000000e+00    7.0371511363e-02    2.8420184360e+01   -1.7145756786e-02    7.0458341317e-07   -7.3270039062e-03    9.4857475712e-07    0.0000000000e+00
 106.0100000    9.9107158977e-01    9.8846243348e-01    8.0599878375e-05    4.0250000000e+01    3.1750000000e+01    3.1750000000e+01    0.0000000000e+00    7.0371527452e-02    2.8420184360e+01   -1.9579811659e-02    7.0043170722e-07   -2.3630822369e-03    8.3952294377e-07    0.0000000000e+00
 106.5100000    9.9106814378e-01    9.8846029065e-01    7.8875934048e-05    4.0250000000e+01    3.1750000000e+01    3.1750000000e+01    0.0000000000e+00    7.0371535216e-02    2.8420184360e+01   -1.9448737068e-02    7.4157968188e-07   -8.1918102852e-07    2.9465387891e-03    0.0000000000e+00
 107.0100000    9.9106709969e-01    9.8845708339e-01    7.9360358383e-05    4.0250000000e+01    3.1750000000e+01    3.1750000000e+01    0.0000000000e+00    7.0371523922e-02    2.8420184360e+01   -1.6770822789e-02    8.5465189651e-07   -7.7004701523e-07    7.7965308029e-03    0.0000000000e+00
 107.5100000    9.9106796586e-01    9.8845327010e-01    8.0323256448e-05    4.0250000000e+01    3.1750000000e+01    3.1750000000e+01    0.0000000000e+00    7.0371499776e-02    2.8420184360e+01   -1.1897606178e-02    7.1936350146e-07   -7.7565129635e-07    1.1662807725e-02    0.0000000000e+00
 108.0100000    9.9106838619e-01    9.8845005015e-01    7.8568714625e-05    4.0250000000e+01    3.1750000000e+01    3.1750000000e+01    0.0000000000e+00    7.0371479390e-02    2.8420184360e+01   -5.4674326720e-03    4.8668840666e-07   -8.6621461829e-07    1.4002275816e-02    0.0000000000e+00
 108.5100000    9.9106626196e-01    9.8844814030e-01    7.7884489100e-05    4.0250000000e+01    3.1750000000e+01    3.1750000000e+01    0.0000000000e+00    7.0371478343e-02    2.8420184360e+01   -6.7944352486e-07    1.7030140482e-03   -9.4404634421e-07    1.4509759637e-02    0.0000000000e+00
 109.0100000    9.9106197006e-01    9.8844690953e-01    8.0459934109e-05    4.0250000000e+01    3.1750000000e+01    3.1750000000e+01    0.0000000000e+00    7.0371499260e-02    2.8420184360e+01   -6.5463604036e-07    8.6042716855e-03   -7.3453949623e-07    1.3119301770e-02    0.0000000000e+00
 109.5100000    9.9105808878e-01    9.8844497872e-01    8.0636083995e-05    4.0250000000e+01    3.1750000000e+01    3.1750000000e+01    0.0000000000e+00    7.0371525905e-02    2.8420184360e+01   -7.9300892007e-07    1.4405016598e-02   -5.6535880267e-07    1.0013113364e-02    0.0000000000e+00
 110.0100000    9.9105670421e-01    9.8844173068e-01    8.0421624458e-05    4.0250000000e+01    3.1750000000e+01    3.1750000000e+01    0.0000000000e+00    7.0371532545e-02    2.8420184360e+01   -8.1874489839e-07    1.8321932272e-02   -6.0950301483e-07    5.5983493465e-03    0.0000000000e+00
 110.5100000    9.9105717293e-01    9.8843804420e-01    7.9998351139e-05    4.0250000000e+01    3.1750000000e+01    3.1750000000e+01    0.0000000000e+00    7.0371506838e-02    2.8420184360e+01   -6.2143275135e-07    1.9843557457e-02   -7.2968536684e-07    5.4875509579e-04    0.0000000000e+00
 111.0100000    9.9105682311e-01    9.8843537466e-01    7.7884940036e-05    4.0250000000e+01    3.1750000000e+01    3.1750000000e+01    0.0000000000e+00    7.0371465371e-02    2.8420184360e+01   -4.9155967024e-07    1.8772214736e-02   -4.7604880280e-03    8.4814231311e-07    0.0000000000e+00
 111.5100000    9.9105379120e-01    9.8843419188e-01    7.5844815990e-05    4.0250000000e+01    3.1750000000e+01    3.1750000000e+01    0.0000000000e+00    7.0371440856e-02    2.8420184360e+01   -5.3359494955e-07    1.5249127221e-02   -9.3264638335e-03    8.9233157156e-07    0.0000000000e+00
 112.0100000    9.9104881763e-01    9.8843352638e-01    7.6535819395e-05    4.0250000000e+01    3.1750000000e+01    3.1750000000e+01    0.0000000000e+00    7.0371449407e-02    2.8420184360e+01   -6.0294648435e-07    9.7351094780e-03   -1.2687039268e-02    6.8954897254e-07    0.0000000000e+00
 112.5100000    9.9104417936e-01    9.8843205655e-01    7.8426988387e-05    4.0250000000e+01    3.1750000000e+01    3.1750000000e+01    0.0000000000e+00    7.0371473429e-02    2.8420184360e+01   -5.8938695083e-07    2.9501836446e-03   -1.4391564572e-02    5.6660819450e-07    0.0000000000e+00
 113.0100000    9.9104131529e-01    9.8842939289e-01    7.9661308660e-05    4.0250000000e+01    3.1750000000e+01    3.1750000000e+01    0.0000000000e+00    7.0371481574e-02    2.8420184360e+01   -4.2274658055e-03    8.3181753967e-07   -1.4217571826e-02    5.9096043137e-07    0.0000000000e+00
 113.5100000    9.9103992957e-01    9.8842615032e-01    8.0000783549e-05    4.0250000000e+01    3.1750000000e+01    3.1750000000e+01    0.0000000000e+00    7.0371463570e-02    2.8420184360e+01   -1.0839445194e-02    5.8036786436e-07   -1.2187827631e-02    6.6755108870e-07    0.0000000000e+00
 114.0100000    9.9103911261e-01    9.8842301629e-01    7.9606666641e-05    4.0250000000e+01    3.1750000000e+01    3.1750000000e+01    0.0000000000e+00    7.0371438818e-02    2.8420184360e+01   -1.6044352481e-02    4.6779814454e-07   -8.5683099631e-03    6.6253225801e-07    0.0000000000e+00
 114.5100000    9.9103848301e-01    9.8842015615e-01    7.9497785221e-05    4.0250000000e+01    3.1750000000e+01    3.1750000000e+01    0.0000000000e+00    7.0371429899e-02    2.8420184360e+01   -1.9156222156e-02    5.1092467802e-07   -3.8329990444e-03    6.7093475872e-07    0.0000000000e+00
 115.0100000    9.9103785561e-01    9.8841755077e-01    7.9506865661e-05    4.0250000000e+01    3.1750000000e+01    3.1750000000e+01    0.0000000000e+00    7.0371435099e-02    2.8420184360e+01   -1.9770362357e-02    6.2265692218e-07   -5.9849636705e-07    1.4681906809e-03    0.0000000000e+00
 115.5100000    9.9103643470e-01    9.8841545075e-01    7.8756950372e-05    4.0250000000e+01    3.1750000000e+01    3.1750000000e+01    0.0000000000e+00    7.0371433488e-02    2.8420184360e+01   -1.7807969600e-02    6.2099926079e-07   -5.4594167296e-07    6.4487144684e-03    0.0000000000e+00
 116.0100000    9.9103324800e-01    9.8841409370e-01    7.7379445633e-05    4.0250000000e+01    3.1750000000e+01    3.1750000000e+01    0.0000000000e+00    7.0371414208e-02    2.8420184360e+01   -1.3525604858e-02    6.0172900692e-07   -6.1526336366e-07    1.0653973128e-02    0.0000000000e+00
 116.5100000    9.9102849793e-01    9.8841310255e-01    7.6773100355e-05    4.0250000000e+01    3.1750000000e+01    3.1750000000e+01    0.0000000000e+00    7.0371392131e-02    2.8420184360e+01   -7.4814792112e-03    6.8048273827e-07   -7.2991700130e-07    1.3472696857e-02    0.0000000000e+00
 117.0100000    9.9102386925e-01    9.8841158380e-01    7.7870471996e-05    4.0250000000e+01    3.1750000000e+01    3.1750000000e+01    0.0000000000e+00    7.0371390360e-02    2.8420184360e+01   -5.3003641135e-04    7.0011935838e-07   -6.8083925969e-07    1.4536499849e-02    0.0000000000e+00
 117.5100000    9.9102109786e-01    9.8840897138e-01    7.9856539929e-05    4.0250000000e+01    3.1750000000e+01    3.1750000000e+01    0.0000000000e+00    7.0371411484e-02    2.8420184360e+01   -5.4923071818e-07    6.6156552817e-03   -6.2659830980e-07    1.3707052371e-02    0.0000000000e+00
 118.0100000    9.9102041366e-01    9.8840559281e-01    8.1117471663e-05    4.0250000000e+01    3.1750000000e+01    3.1750000000e+01    0.0000000000e+00    7.0371432980e-02    2.8420184360e+01   -6.5026080656e-07    1.2832711123e-02   -7.4182292954e-07    1.1093434753e-02    0.0000000000e+00
 118.5100000    9.9102054197e-01    9.8840231277e-01    8.0986998693e-05    4.0250000000e+01    3.1750000000e+01    3.1750000000e+01    0.0000000000e+00    7.0371432194e-02    2.8420184360e+01   -5.5378158642e-07    1.7379335467e-02   -7.6763462825e-07    7.0375288409e-03    0.0000000000e+00
 119.0100000    9.9101996179e-01    9.8839976348e-01    8.0003671569e-05    4.0250000000e+01    3.1750000000e+01    3.1750000000e+01    0.0000000000e+00    7.0371410507e-02    2.8420184360e+01   -5.7234657734e-07    1.9664831463e-02   -7.0509501678e-07    2.0682826306e-03    0.0000000000e+00
 119.5100000    9.9101799524e-01    9.8839795480e-01    7.8904222059e-05    4.0250000000e+01    3.1750000000e+01    3.1750000000e+01    0.0000000000e+00    7.0371388640e-02    2.8420184360e+01   -6.9596276889e-07    1.9393007704e-02   -3.2025019839e-03    6.7074736337e-07    0.0000000000e+00
 120.0100000    9.9101507049e-01    9.8839638548e-01    7.8197151957e-05    4.0250000000e+01    3.1750000000e+01    3.1750000000e+01    0.0000000000e+00    7.0371381265e-02    2.8420184360e+01   -6.9037937905e-07    1.6600116638e-02   -7.9906223576e-03    6.1576074560e-07    0.0000000000e+00
 120.5100000    9.9101236237e-01    9.8839437800e-01    8.0047316085e-05    4.0250000000e+01    3.1750000000e+01    3.1750000000e+01    0.0000000000e+00    7.0371382707e-02    2.8420184360e+01   -6.3189118449e-07    1.1649806004e-02   -1.1773980830e-02    6.2651106361e-07    0.0000000000e+00
 121.0100000    9.9101093451e-01    9.8839154837e-01    8.0814377013e-05    4.0250000000e+01    3.1750000000e+01    3.1750000000e+01    0.0000000000e+00    7.0371378344e-02    2.8420184360e+01   -7.5448416269e-07    5.1857872521e-03   -1.4026807660e-02    7.5884099302e-07    0.0000000000e+00
 121.5100000    9.9101064165e-01    9.8838826239e-01    8.1917846758e-05    4.0250000000e+01    3.1750000000e+01    3.1750000000e+01    0.0000000000e+00    7.0371363820e-02    2.8420184360e+01   -1.9728738858e-03    5.8426451046e-07   -1.4456851899e-02    7.6852180004e-07    0.0000000000e+00
 122.0100000    9.9100985834e-01    9.8838553331e-01    8.1916967451e-05    4.0250000000e+01    3.1750000000e+01    3.1750000000e+01    0.0000000000e+00    7.0371348347e-02    2.8420184360e+01   -8.8354997295e-03    5.7917859562e-07   -1.3008997080e-02    7.0133533845e-07    0.0000000000e+00
 122.5100000    9.9100690199e-01    9.8838409156e-01    7.9398436748e-05    4.0250000000e+01    3.1750000000e+01    3.1750000000e+01    0.0000000000e+00    7.0371342096e-02    2.8420184360e+01   -1.4571453021e-02    7.1487224332e-07   -9.8725745390e-03    7.9554387062e-07    0.0000000000e+00
 123.0100000    9.9100206188e-01    9.8838344224e-01    7.6803752283e-05    4.0250000000e+01    3.1750000000e+01    3.1750000000e+01    0.0000000000e+00    7.0371346183e-02    2.8420184360e+01   -1.8415484269e-02    6.9359135801e-07   -5.4562741178e-03    8.6235603138e-07    0.0000000000e+00
 123.5100000    9.9099780193e-01    9.8838213378e-01    8.1263212613e-05    4.0250000000e+01    3.1750000000e+01    3.1750000000e+01    0.0000000000e+00    7.0371355185e-02    2.8420184360e+01   -1.9869671188e-02    6.5014290095e-07   -4.7177255657e-04    7.4234511565e-06    0.0000000000e+00
 124.0100000    9.9099638524e-01    9.8837922422e-01    8.2897318430e-05    4.0250000000e+01    3.1750000000e+01    3.1750000000e+01    0.0000000000e+00    7.0371363591e-02    2.8420184360e+01   -1.8746390879e-02    7.5870752817e-07   -7.8073296431e-07    4.8418736837e-03    0.0000000000e+00
 124.5100000    9.9099732723e-01    9.8837537872e-01    8.2735327254e-05    4.0250000000e+01    3.1750000000e+01    3.1750000000e+01    0.0000000000e+00    7.0371365999e-02    2.8420184360e+01   -1.5192097864e-02    8.1741930176e-07   -7.5704353225e-07    9.3656221398e-03    0.0000000000e+00
 125.0100000    9.9099770669e-01    9.8837223737e-01    8.2897221512e-05    4.0250000000e+01    3.1750000000e+01    3.1750000000e+01    0.0000000000e+00    7.0371355178e-02    2.8420184360e+01   -9.6681479940e-03    6.6458129857e-07   -7.1360234949e-07    1.2686691019e-02    0.0000000000e+00
 125.5100000    9.9099525965e-01    9.8837064236e-01    8.0332008350e-05    4.0250000000e+01    3.1750000000e+01    3.1750000000e+01    0.0000000000e+00    7.0371327560e-02    2.8420184360e+01   -2.9027723812e-03    5.0932546321e-07   -8.5020324637e-07    1.4362462635e-02    0.0000000000e+00
 126.0100000    9.9099085232e-01    9.8836972562e-01    7.8069004562e-05    4.0250000000e+01    3.1750000000e+01    3.1750000000e+01    0.0000000000e+00    7.0371292459e-02    2.8420184360e+01   -7.0626814366e-07    4.2652617925e-03   -9.0420883374e-07    1.4176274009e-02    0.0000000000e+00
 126.5100000    9.9098743618e-01    9.8836795507e-01    8.1186659763e-05    4.0250000000e+01    3.1750000000e+01    3.1750000000e+01    0.0000000000e+00    7.0371270036e-02    2.8420184360e+01   -6.4560104132e-07    1.0859114936e-02   -7.1110443378e-07    1.2153427413e-02    0.0000000000e+00
 127.0100000    9.9098657980e-01    9.8836496705e-01    8.1884282057e-05    4.0250000000e+01    3.1750000000e+01    3.1750000000e+01    0.0000000000e+00    7.0371273926e-02    2.8420184360e+01   -8.1523554820e-07    1.6050801556e-02   -5.6736006335e-07    8.5575642830e-03    0.0000000000e+00
 127.5100000    9.9098660105e-01    9.8836201425e-01    8.1414648790e-05    4.0250000000e+01    3.1750000000e+01    3.1750000000e+01    0.0000000000e+00    7.0371295588e-02    2.8420184360e+01   -8.2488054913e-07    1.9163818924e-02   -6.0042006791e-07    3.8556840628e-03    0.0000000000e+00
 128.0100000    9.9098463056e-01    9.8836040719e-01    8.1001916088e-05    4.0250000000e+01    3.1750000000e+01    3.1750000000e+01    0.0000000000e+00    7.0371309686e-02    2.8420184360e+01   -6.2628290631e-07    1.9796222119e-02   -1.4180436258e-03    6.9578219444e-07    0.0000000000e+00
 128.5100000    9.9098030934e-01    9.8835974764e-01    8.0044472798e-05    4.0250000000e+01    3.1750000000e+01    3.1750000000e+01    0.0000000000e+00    7.0371297810e-02    2.8420184360e+01   -4.9875854001e-07    1.7867139217e-02   -6.3664166338e-03    8.9185152005e-07    0.0000000000e+00
 129.0100000    9.9097660753e-01    9.8835817996e-01    7.9964532524e-05    4.0250000000e+01    3.1750000000e+01    3.1750000000e+01    0.0000000000e+00    7.0371267348e-02    2.8420184360e+01   -5.3093164326e-07    1.3626814226e-02   -1.0565208692e-02    8.8725765861e-07    0.0000000000e+00
 129.5100000    9.9097641203e-01    9.8835458740e-01    8.2810709081e-05    4.0250000000e+01    3.1750000000e+01    3.1750000000e+01    0.0000000000e+00    7.0371245829e-02    2.8420184360e+01   -5.7477245005e-07    7.6241585573e-03   -1.3396766650e-02    6.5506732030e-07    0.0000000000e+00
 130.0100000    9.9097873665e-01    9.8835018133e-01    8.3517127138e-05    4.0250000000e+01    3.1750000000e+01    3.1750000000e+01    0.0000000000e+00    7.0371254346e-02    2.8420184360e+01   -6.4692855530e-07    7.0478906153e-04   -1.4495083152e-02    5.5171774713e-07    0.0000000000e+00
 130.5100000    9.9097932757e-01    9.8834738590e-01    8.0508958052e-05    4.0250000000e+01    3.1750000000e+01    3.1750000000e+01    0.0000000000e+00    7.0371284738e-02    2.8420184360e+01   -6.4340426577e-03    8.1237483766e-07   -1.3718888764e-02    5.7605087531e-07    0.0000000000e+00
 131.0100000    9.9097538488e-01    9.8834709854e-01    7.9793423023e-05    4.0250000000e+01    3.1750000000e+01    3.1750000000e+01    0.0000000000e+00    7.0371304519e-02    2.8420184360e+01   -1.2671649018e-02    5.8282603953e-07   -1.1170190802e-02    6.5171198322e-07    0.0000000000e+00
 131.5100000    9.9096891981e-01    9.8834754805e-01    8.0067674340e-05    4.0250000000e+01    3.1750000000e+01    3.1750000000e+01    0.0000000000e+00    7.0371287971e-02    2.8420184360e+01   -1.7271488043e-02    5.2837001885e-07   -7.1801727770e-03    7.0211619540e-07    0.0000000000e+00
 132.0100000    9.9096459356e-01    9.8834622135e-01    8.1141000121e-05    4.0250000000e+01    3.1750000000e+01    3.1750000000e+01    0.0000000000e+00    7.0371242794e-02    2.8420184360e+01   -1.9640435088e-02    5.3088666524e-07   -2.2650351929e-03    6.2932048024e-07    0.0000000000e+00
 132.5100000    9.9096449950e-01    9.8834263546e-01    8.2475870863e-05    4.0250000000e+01    3.1750000000e+01    3.1750000000e+01    0.0000000000e+00    7.0371202620e-02    2.8420184360e+01   -1.9473559032e-02    5.6396275571e-07   -6.4517829663e-07    2.9806621062e-03    0.0000000000e+00
 133.0100000    9.9096606435e-01    9.8833870164e-01    8.2081509150e-05    4.0250000000e+01    3.1750000000e+01    3.1750000000e+01    0.0000000000e+00    7.0371192320e-02    2.8420184360e+01   -1.6792982310e-02    6.2941371005e-07   -6.2042239638e-07    7.7665183021e-03    0.0000000000e+00
 133.5100000    9.9096536137e-01    9.8833638492e-01    8.0417673759e-05    4.0250000000e+01    3.1750000000e+01    3.1750000000e+01    0.0000000000e+00    7.0371205046e-02    2.8420184360e+01   -1.1945140143e-02    5.3594188282e-07   -6.0022223241e-07    1.1588658964e-02    0.0000000000e+00
 134.0100000    9.9096163587e-01    9.8833554872e-01    7.9971417261e-05    4.0250000000e+01    3.1750000000e+01    3.1750000000e+01    0.0000000000e+00    7.0371215941e-02    2.8420184360e+01   -5.5567020412e-03    6.1163379180e-07   -6.6501186024e-07    1.3914012870e-02    0.0000000000e+00
 134.5100000    9.9095778009e-01    9.8833440409e-01    8.1514029909e-05    4.0250000000e+01    3.1750000000e+01    3.1750000000e+01    0.0000000000e+00    7.0371212753e-02    2.8420184360e+01   -5.6644756818e-07    1.5753749570e-03   -6.6482102943e-07    1.4443424169e-02    0.0000000000e+00
 135.0100000    9.9095664827e-01    9.8833175175e-01    8.3041492053e-05    4.0250000000e+01    3.1750000000e+01    3.1750000000e+01    0.0000000000e+00    7.0371205220e-02    2.8420184360e+01   -5.2236993596e-07    8.4528346523e-03   -5.7608715267e-07    1.3110495832e-02    0.0000000000e+00
 135.5100000    9.9095777843e-01    9.8832829886e-01    8.2562779650e-05    4.0250000000e+01    3.1750000000e+01    3.1750000000e+01    0.0000000000e+00    7.0371205341e-02    2.8420184360e+01   -5.6339731619e-07    1.4266745557e-02   -6.5448627017e-07    1.0088806136e-02    0.0000000000e+00
 136.0100000    9.9095807975e-01    9.8832571474e-01    8.0525613521e-05    4.0250000000e+01    3.1750000000e+01    3.1750000000e+01    0.0000000000e+00    7.0371207880e-02    2.8420184360e+01   -5.6305536735e-07    1.8241675628e-02   -7.4173353615e-07    5.7685656061e-03    0.0000000000e+00
 136.5100000    9.9095533537e-01    9.8832471018e-01    7.8772319892e-05    4.0250000000e+01    3.1750000000e+01    3.1750000000e+01    0.0000000000e+00    7.0371196802e-02    2.8420184360e+01   -5.1773113792e-07    1.9866176765e-02   -6.6578144408e-07    7.7657526627e-04    0.0000000000e+00
 137.0100000    9.9095054476e-01    9.8832429110e-01    7.9705147359e-05    4.0250000000e+01    3.1750000000e+01    3.1750000000e+01    0.0000000000e+00    7.0371167682e-02    2.8420184360e+01   -5.9858941607e-07    1.8931679868e-02   -4.4598121131e-03    5.7172828854e-07    0.0000000000e+00
 137.5100000    9.9094678872e-01    9.8832285315e-01    8.2396194595e-05    4.0250000000e+01    3.1750000000e+01    3.1750000000e+01    0.0000000000e+00    7.0371136452e-02    2.8420184360e+01   -6.6924912241e-07    1.5559314584e-02   -9.0226149009e-03    5.8832181671e-07    0.0000000000e+00
 138.0100000    9.9094608721e-01    9.8831982300e-01    8.4147566548e-05    4.0250000000e+01    3.1750000000e+01    3.1750000000e+01    0.0000000000e+00    7.0371123609e-02    2.8420184360e+01   -6.1333529022e-07    1.0184122079e-02   -1.2437025297e-02    5.6473529231e-07    0.0000000000e+00
 138.5100000    9.9094756393e-01    9.8831614483e-01    8.3686853036e-05    4.0250000000e+01    3.1750000000e+01    3.1750000000e+01    0.0000000000e+00    7.0371132957e-02    2.8420184360e+01   -6.6386632980e-07    3.5187090190e-03   -1.4249564117e-02    6.3217681048e-07    0.0000000000e+00
 139.0100000    9.9094854849e-01    9.8831326110e-01    8.2455959633e-05    4.0250000000e+01    3.1750000000e+01    3.1750000000e+01    0.0000000000e+00    7.0371148691e-02    2.8420184360e+01   -3.6437797468e-03    5.0768091931e-07   -1.4228199230e-02    7.1011689601e-07    0.0000000000e+00
 139.5100000    9.9094718335e-01    9.8831175697e-01    7.9905682570e-05    4.0250000000e+01    3.1750000000e+01    3.1750000000e+01    0.0000000000e+00    7.0371152373e-02    2.8420184360e+01   -1.0302597028e-02    4.9243146654e-07   -1.2376984966e-02    6.3973101068e-07    0.0000000000e+00
 140.0100000    9.9094390299e-01    9.8831097903e-01    8.0045565129e-05    4.0250000000e+01    3.1750000000e+01    3.1750000000e+01    0.0000000000e+00    7.0371140533e-02    2.8420184360e+01   -1.5643472553e-02    5.6922240630e-07   -8.9351679377e-03    7.1110476781e-07    0.0000000000e+00
 140.5100000    9.9094064883e-01    9.8830980811e-01    8.1945900596e-05    4.0250000000e+01    3.1750000000e+01    3.1750000000e+01    0.0000000000e+00    7.0371125535e-02    2.8420184360e+01   -1.8972717511e-02    6.2201882049e-07   -4.3461650660e-03    8.2987315481e-07    0.0000000000e+00
 141.0100000    9.9093889880e-01    9.8830770884e-01    8.3334883411e-05    4.0250000000e+01    3.1750000000e+01    3.1750000000e+01    0.0000000000e+00    7.0371120659e-02    2.8420184360e+01   -1.9863220167e-02    6.1001999401e-07   -5.5925425833e-07    9.0021293465e-04    0.0000000000e+00
 141.5100000    9.9093840459e-01    9.8830511294e-01    8.3160311521e-05    4.0250000000e+01    3.1750000000e+01    3.1750000000e+01    0.0000000000e+00    7.0371125182e-02    2.8420184360e+01   -1.8201441021e-02    6.5229667638e-07   -5.9534135546e-07    5.8409487670e-03    0.0000000000e+00
 142.0100000    9.9093765118e-01    9.8830289560e-01    8.1589805266e-05    4.0250000000e+01    3.1750000000e+01    3.1750000000e+01    0.0000000000e+00    7.0371124564e-02    2.8420184360e+01   -1.4201715467e-02    7.5769686070e-07   -6.1401737353e-07    1.0130346552e-02    0.0000000000e+00
 142.5100000    9.9093550660e-01    9.8830147328e-01    8.0140727983e-05    4.0250000000e+01    3.1750000000e+01    3.1750000000e+01    0.0000000000e+00    7.0371106480e-02    2.8420184360e+01   -8.3785199931e-03    7.0057374214e-07   -6.7124809293e-07    1.3117385550e-02    0.0000000000e+00
 143.0100000    9.9093249555e-01    9.8830035678e-01    8.1354157377e-05    4.0250000000e+01    3.1750000000e+01    3.1750000000e+01    0.0000000000e+00    7.0371076953e-02    2.8420184360e+01   -1.5268765252e-03    5.8465919435e-07   -6.8168099568e-07    1.4419214103e-02    0.0000000000e+00
 143.5100000    9.9093041777e-01    9.8829860892e-01    8.2686058602e-05    4.0250000000e+01    3.1750000000e+01    3.1750000000e+01    0.0000000000e+00    7.0371057806e-02    2.8420184360e+01   -5.8890730972e-07    5.6071985056e-03   -7.9249397969e-07    1.3869866210e-02    0.0000000000e+00
 144.0100000    9.9093055758e-01    9.8829581331e-01    8.4395002459e-05    4.0250000000e+01    3.1750000000e+01    3.1750000000e+01    0.0000000000e+00    7.0371064416e-02    2.8420184360e+01   -6.3906591628e-07    1.1974244724e-02   -7.2910385492e-07    1.1541375721e-02    0.0000000000e+00
 144.5100000    9.9093219948e-01    9.8829260108e-01    8.6029979104e-05    4.0250000000e+01    3.1750000000e+01    3.1750000000e+01    0.0000000000e+00    7.0371086374e-02    2.8420184360e+01   -6.1765363467e-07    1.6804559535e-02   -6.4090393721e-07    7.7338305081e-03    0.0000000000e+00
 145.0100000    9.9093303655e-01    9.8829014027e-01    8.4449899462e-05    4.0250000000e+01    3.1750000000e+01    3.1750000000e+01    0.0000000000e+00    7.0371095118e-02    2.8420184360e+01   -7.3513474395e-07    1.9479412784e-02   -5.8237703527e-07    2.9433935890e-03    0.0000000000e+00
 145.5100000    9.9093124287e-01    9.8828902277e-01    8.0796784480e-05    4.0250000000e+01    3.1750000000e+01    3.1750000000e+01    0.0000000000e+00    7.0371074243e-02    2.8420184360e+01   -6.7236392010e-07    1.9656628420e-02   -2.2936080059e-03    6.9731447831e-07    0.0000000000e+00
 146.0100000    9.9092721764e-01    9.8828865964e-01    7.9907089002e-05    4.0250000000e+01    3.1750000000e+01    3.1750000000e+01    0.0000000000e+00    7.0371039555e-02    2.8420184360e+01   -5.6027027733e-07    1.7314234426e-02   -7.1207019384e-03    6.4414643425e-07    0.0000000000e+00
 146.5100000    9.9092322724e-01    9.8828782891e-01    8.0970303161e-05    4.0250000000e+01    3.1750000000e+01    3.1750000000e+01    0.0000000000e+00    7.0371023319e-02    2.8420184360e+01   -4.8438436252e-07    1.2753243097e-02   -1.1090899456e-02    7.4693177261e-07    0.0000000000e+00
 147.0100000    9.9092131739e-01    9.8828581633e-01    8.2489382813e-05    4.0250000000e+01    3.1750000000e+01    3.1750000000e+01    0.0000000000e+00    7.0371037128e-02    2.8420184360e+01   -4.3187231739e-07    6.5729037982e-03   -1.3638511019e-02    7.1129909285e-07    0.0000000000e+00
 147.5100000    9.9092163432e-01    9.8828297509e-01    8.4636282864e-05    4.0250000000e+01    3.1750000000e+01    3.1750000000e+01    0.0000000000e+00    7.0371055726e-02    2.8420184360e+01   -5.3655196409e-04    5.4489900749e-06   -1.4438322261e-02    5.8207548427e-07    0.0000000000e+00
 148.0100000    9.9092266452e-01    9.8828023823e-01    8.4211346361e-05    4.0250000000e+01    3.1750000000e+01    3.1750000000e+01    0.0000000000e+00    7.0371044068e-02    2.8420184360e+01   -7.4462637639e-03    6.9878397090e-07   -1.3389569843e-02    4.7559814306e-07    0.0000000000e+00
 148.5100000    9.9092275647e-01    9.8827825534e-01    8.2679580088e-05    4.0250000000e+01    3.1750000000e+01    3.1750000000e+01    0.0000000000e+00    7.0371000063e-02    2.8420184360e+01   -1.3464002518e-02    6.8601476520e-07   -1.0627967634e-02    4.9846609486e-07    0.0000000000e+00
 149.0100000    9.9092129327e-01    9.8827700533e-01    8.1633912207e-05    4.0250000000e+01    3.1750000000e+01    3.1750000000e+01    0.0000000000e+00    7.0370962626e-02    2.8420184360e+01   -1.7758209887e-02    5.5100980137e-07   -6.5077708536e-03    4.9708396214e-07    0.0000000000e+00
 149.5100000    9.9091882589e-01    9.8827598533e-01    8.2161725235e-05    4.0250000000e+01    3.1750000000e+01    3.1750000000e+01    0.0000000000e+00    7.0370970632e-02    2.8420184360e+01   -1.9780168029e-02    4.5955730743e-07   -1.5756289642e-03    5.8292194657e-07    0.0000000000e+00
 150.0100000    9.9091653419e-01    9.8827459998e-01    8.2969802394e-05    4.0250000000e+01    3.1750000000e+01    3.1750000000e+01    0.0000000000e+00    7.0371016612e-02    2.8420184360e+01   -1.9271991697e-02    4.7916975337e-07   -7.3778913401e-07    3.6157702960e-03    0.0000000000e+00
 150.5100000    9.9091538533e-01    9.8827255910e-01    8.2997084658e-05    4.0250000000e+01    3.1750000000e+01    3.1750000000e+01    0.0000000000e+00    7.0371050248e-02    2.8420184360e+01   -1.6299504118e-02    4.5850367318e-07   -6.1962109272e-07    8.2799625934e-03    0.0000000000e+00
 151.0100000    9.9091531437e-01    9.8827015736e-01    8.4143131532e-05    4.0250000000e+01    3.1750000000e+01    3.1750000000e+01    0.0000000000e+00    7.0371031433e-02    2.8420184360e+01   -1.1243664003e-02    5.2027159377e-07   -5.3124020179e-07    1.1907274264e-02    0.0000000000e+00
 151.5100000    9.9091520582e-01    9.8826808220e-01    8.4218215553e-05    4.0250000000e+01    3.1750000000e+01    3.1750000000e+01    0.0000000000e+00    7.0370973485e-02    2.8420184360e+01   -4.7803328868e-03    6.0993318150e-07   -5.3318153774e-07    1.4011271423e-02    0.0000000000e+00
 152.0100000    9.9091406512e-01    9.8826670425e-01    8.2148986850e-05    4.0250000000e+01    3.1750000000e+01    3.1750000000e+01    0.0000000000e+00    7.0370927027e-02    2.8420184360e+01   -6.0562577720e-07    2.3656114944e-03   -4.9817645179e-07    1.4324425655e-02    0.0000000000e+00
 152.5100000    9.9091220453e-01    9.8826560931e-01    8.2924746023e-05    4.0250000000e+01    3.1750000000e+01    3.1750000000e+01    0.0000000000e+00    7.0370924464e-02    2.8420184360e+01   -4.9767684858e-07    9.1440462289e-03   -5.8495763504e-07    1.2808313437e-02    0.0000000000e+00
 153.0100000    9.9091082048e-01    9.8826408943e-01    8.3501629198e-05    4.0250000000e+01    3.1750000000e+01    3.1750000000e+01    0.0000000000e+00    7.0370949374e-02    2.8420184360e+01   -5.2026619436e-07    1.4773012611e-02   -6.5526956743e-07    9.6577912121e-03    0.0000000000e+00
 153.5100000    9.9091033568e-01    9.8826207029e-01    8.3385183115e-05    4.0250000000e+01    3.1750000000e+01    3.1750000000e+01    0.0000000000e+00    7.0370961958e-02    2.8420184360e+01   -4.5906105650e-07    1.8515476697e-02   -5.7856825538e-07    5.2860361465e-03    0.0000000000e+00
 154.0100000    9.9090975699e-01    9.8826021491e-01    8.3600066299e-05    4.0250000000e+01    3.1750000000e+01    3.1750000000e+01    0.0000000000e+00    7.0370945461e-02    2.8420184360e+01   -5.6535958081e-07    1.9894443163e-02   -8.1178336977e-05    4.2962384613e-04    0.0000000000e+00
 154.5100000    9.9090809093e-01    9.8825898013e-01    8.2296019589e-05    4.0250000000e+01    3.1750000000e+01    3.1750000000e+01    0.0000000000e+00    7.0370919706e-02    2.8420184360e+01   -5.5966156988e-07    1.8734730997e-02   -4.8653663563e-03    6.0482429028e-07    0.0000000000e+00
 155.0100000    9.9090596574e-01    9.8825788943e-01    8.2582149322e-05    4.0250000000e+01    3.1750000000e+01    3.1750000000e+01    0.0000000000e+00    7.0370911953e-02    2.8420184360e+01   -5.1489868046e-07    1.5185274212e-02   -9.3172017316e-03    5.2494358769e-07    0.0000000000e+00
 155.5100000    9.9090510940e-01    9.8825608662e-01    8.3402678832e-05    4.0250000000e+01    3.1750000000e+01    3.1750000000e+01    0.0000000000e+00    7.0370923649e-02    2.8420184360e+01   -7.1176155245e-07    9.7158781201e-03   -1.2585508291e-02    6.2926119058e-07    0.0000000000e+00
 156.0100000    9.9090612304e-01    9.8825352219e-01    8.4039404176e-05    4.0250000000e+01    3.1750000000e+01    3.1750000000e+01    0.0000000000e+00    7.0370930526e-02    2.8420184360e+01   -7.2057094859e-07    3.0187008940e-03   -1.4248004233e-02    6.0841477362e-07    0.0000000000e+00
 156.5100000    9.9090739818e-01    9.8825119480e-01    8.4496450518e-05    4.0250000000e+01    3.1750000000e+01    3.1750000000e+01    0.0000000000e+00    7.0370912380e-02    2.8420184360e+01   -4.1209535032e-03    4.7111765497e-07   -1.4094335347e-02    5.6462948683e-07    0.0000000000e+00
 157.0100000    9.9090675583e-01    9.8825002477e-01    8.3538281334e-05    4.0250000000e+01    3.1750000000e+01    3.1750000000e+01    0.0000000000e+00    7.0370876965e-02    2.8420184360e+01   -1.0694605427e-02    6.0125619174e-07   -1.2145402520e-02    7.5769225807e-07    0.0000000000e+00
 157.5100000    9.9090393539e-01    9.8824972336e-01    8.2409910799e-05    4.0250000000e+01    3.1750000000e+01    3.1750000000e+01    0.0000000000e+00    7.0370851797e-02    2.8420184360e+01   -1.5905129134e-02    5.8135381983e-07   -8.6558610604e-03    7.5347845141e-07    0.0000000000e+00
 158.0100000    9.9090088479e-01    9.8824909419e-01    8.3087578826e-05    4.0250000000e+01    3.1750000000e+01    3.1750000000e+01    0.0000000000e+00    7.0370854340e-02    2.8420184360e+01   -1.9089424598e-02    5.3018357423e-07   -4.0771654255e-03    6.5983086923e-07    0.0000000000e+00
 158.5100000    9.9089954110e-01    9.8824620759e-01    8.3705342804e-05    4.0250000000e+01    3.1750000000e+01    3.1750000000e+01    0.0000000000e+00    7.0370874072e-02    2.8420184360e+01   -1.9842730257e-02    7.0233968470e-07   -6.7717509530e-07    1.1484580953e-03    0.0000000000e+00
 159.0100000    9.9089991737e-01    9.8824170547e-01    8.3607017114e-05    4.0250000000e+01    3.1750000000e+01    3.1750000000e+01    0.0000000000e+00    7.0370885067e-02    2.8420184360e+01   -1.8070085226e-02    6.8440831022e-07   -6.4230691080e-07    6.0289892658e-03    0.0000000000e+00
 159.5100000    9.9090067885e-01    9.8823706211e-01    8.4318545718e-05    4.0250000000e+01    3.1750000000e+01    3.1750000000e+01    0.0000000000e+00    7.0370873245e-02    2.8420184360e+01   -1.4006789943e-02    6.3431818521e-07   -5.8663933256e-07    1.0233163563e-02    0.0000000000e+00
 160.0100000    9.9090097712e-01    9.8823309623e-01    8.3978472656e-05    4.0250000000e+01    3.1750000000e+01    3.1750000000e+01    0.0000000000e+00    7.0370848269e-02    2.8420184360e+01   -8.1769681545e-03    7.9263398288e-07   -7.4882285840e-07    1.3133617067e-02    0.0000000000e+00
 160.5100000    9.9090093916e-01    9.8822992175e-01    8.4025092933e-05    4.0250000000e+01    3.1750000000e+01    3.1750000000e+01    0.0000000000e+00    7.0370830068e-02    2.8420184360e+01   -1.3401091787e-03    7.3961997932e-07   -7.0338030843e-07    1.4362743990e-02    0.0000000000e+00
 161.0100000    9.9090059410e-01    9.8822745084e-01    8.4656856033e-05    4.0250000000e+01    3.1750000000e+01    3.1750000000e+01    0.0000000000e+00    7.0370827513e-02    2.8420184360e+01   -5.5194582230e-07    5.7867737874e-03   -6.9979164590e-07    1.3765665526e-02    0.0000000000e+00
 161.5100000    9.9089935569e-01    9.8822560387e-01    8.4124111217e-05    4.0250000000e+01    3.1750000000e+01    3.1750000000e+01    0.0000000000e+00    7.0370831232e-02    2.8420184360e+01   -6.8504530305e-07    1.2096209185e-02   -8.4962321160e-07    1.1423224711e-02    0.0000000000e+00
 162.0100000    9.9089703234e-01    9.8822387298e-01    8.2867747145e-05    4.0250000000e+01    3.1750000000e+01    3.1750000000e+01    0.0000000000e+00    7.0370824849e-02    2.8420184360e+01   -6.4213517410e-07    1.6867557034e-02   -7.6771458796e-07    7.6422635173e-03    0.0000000000e+00
 162.5100000    9.9089474001e-01    9.8822122974e-01    8.2304756040e-05    4.0250000000e+01    3.1750000000e+01    3.1750000000e+01    0.0000000000e+00    7.0370801913e-02    2.8420184360e+01   -6.5640676769e-07    1.9495132724e-02   -6.0688729631e-07    2.8911405927e-03    0.0000000000e+00
 163.0100000    9.9089408372e-01    9.8821701350e-01    8.3714377241e-05    4.0250000000e+01    3.1750000000e+01    3.1750000000e+01    0.0000000000e+00    7.0370773378e-02    2.8420184360e+01   -7.7945810471e-07    1.9646004225e-02   -2.3192777111e-03    7.1928976124e-07    0.0000000000e+00
 163.5100000    9.9089543739e-01    9.8821186038e-01    8.4987098950e-05    4.0250000000e+01    3.1750000000e+01    3.1750000000e+01    0.0000000000e+00    7.0370759362e-02    2.8420184360e+01   -7.0779715209e-07    1.7307687108e-02   -7.1001066441e-03    6.6700469623e-07    0.0000000000e+00
 164.0100000    9.9089742720e-01    9.8820735676e-01    8.4938811495e-05    4.0250000000e+01    3.1750000000e+01    3.1750000000e+01    0.0000000000e+00    7.0370770949e-02    2.8420184360e+01   -5.7540656639e-07    1.2788512197e-02   -1.1031035800e-02    7.0640849293e-07    0.0000000000e+00
 164.5100000    9.9089736239e-01    9.8820459485e-01    8.5185632963e-05    4.0750000000e+01    3.1750000000e+01    3.1750000000e+01    0.0000000000e+00    7.3713051870e-02    2.7127933898e+01   -5.9230171888e-07    6.6462887844e-03   -1.3560501382e-02    8.0829160284e-07    0.0000000000e+00
 165.0100000    9.9089197727e-01    9.8820316750e-01    8.4346563152e-05    4.0750000000e+01    3.1750000000e+01    3.1750000000e+01    0.0000000000e+00    7.3713016224e-02    2.7127933898e+01   -4.6202120310e-04    2.1677791772e-05   -1.4368907164e-02    7.6419100376e-07    0.0000000000e+00
 165.5100000    9.9088561645e-01    9.8820162932e-01    8.3248006477e-05    4.0750000000e+01    3.1750000000e+01    3.1750000000e+01    0.0000000000e+00    7.3712990095e-02    2.7127933898e+01   -7.3361079044e-03    6.4564287049e-07   -1.3358678723e-02    6.2597203768e-07    0.0000000000e+00
 166.0100000    9.9088089757e-01    9.8819884357e-01    8.3023732852e-05    4.0750000000e+01    3.1750000000e+01    3.1750000000e+01    0.0000000000e+00    7.3712984763e-02    2.7127933898e+01   -1.3349354762e-02    7.3147668665e-07   -1.0666722608e-02    6.4145018057e-07    0.0000000000e+00
 166.5100000    9.9087868550e-01    9.8819485616e-01    8.4056999375e-05    4.0750000000e+01    3.1750000000e+01    3.1750000000e+01    0.0000000000e+00    7.3712994996e-02    2.7127933898e+01   -1.7669169518e-02    7.2187152554e-07   -6.6230732100e-03    5.4434358225e-07    0.0000000000e+00
 167.0100000    9.9087779150e-01    9.8819062505e-01    8.4625296739e-05    4.0750000000e+01    3.1750000000e+01    3.1750000000e+01    0.0000000000e+00    7.3713008841e-02    2.7127933898e+01   -1.9748666050e-02    5.6269937994e-07   -1.7410314151e-03    7.0121472537e-07    0.0000000000e+00
 167.5100000    9.9087636247e-01    9.8818707677e-01    8.4416427257e-05    4.0750000000e+01    3.1750000000e+01    3.1750000000e+01    0.0000000000e+00    7.3713017694e-02    2.7127933898e+01   -1.9330609955e-02    5.7090992139e-07   -7.5478100000e-07    3.4258132535e-03    0.0000000000e+00
 168.0100000    9.9087343617e-01    9.8818441373e-01    8.3286344386e-05    4.0750000000e+01    3.1750000000e+01    3.1750000000e+01    0.0000000000e+00    7.3713015377e-02    2.7127933898e+01   -1.6479419712e-02    4.8197780480e-07   -7.6501881151e-07    8.0709657487e-03    0.0000000000e+00
 168.5100000    9.9086938895e-01    9.8818216329e-01    8.2639599618e-05    4.0750000000e+01    3.1750000000e+01    3.1750000000e+01    0.0000000000e+00    7.3712996565e-02    2.7127933898e+01   -1.1541240640e-02    6.4069556644e-07   -6.0297404208e-07    1.1716476156e-02    0.0000000000e+00
 169.0100000    9.9086523381e-01    9.8817973146e-01    8.3539483021e-05    4.0750000000e+01    3.1750000000e+01    3.1750000000e+01    0.0000000000e+00    7.3712964644e-02    2.7127933898e+01   -5.1418033132e-03    6.3771378281e-07   -6.0815425378e-07    1.3877285436e-02    0.0000000000e+00
 169.5100000    9.9086169451e-01    9.8817686278e-01    8.5243496428e-05    4.0750000000e+01    3.1750000000e+01    3.1750000000e+01    0.0000000000e+00    7.3712936882e-02    2.7127933898e+01   -6.8772674895e-07    1.9845883239e-03   -5.4752355601e-07    1.4285161173e-02    0.0000000000e+00
 170.0100000    9.9085889845e-01    9.8817365361e-01    8.5872984384e-05    4.0750000000e+01    3.1750000000e+01    3.1750000000e+01    0.0000000000e+00    7.3712931233e-02    2.7127933898e+01   -5.7497359807e-07    8.7650810053e-03   -6.9491329968e-07    1.2897599756e-02    0.0000000000e+00
 170.5100000    9.9085665882e-01    9.8817029529e-01    8.4860499106e-05    4.0750000000e+01    3.1750000000e+01    3.1750000000e+01    0.0000000000e+00    7.3712946411e-02    2.7127933898e+01   -5.6273670003e-07    1.4457942953e-02   -6.7592537150e-07    9.8788799255e-03    0.0000000000e+00
 171.0100000    9.9085471296e-01    9.8816694117e-01    8.3204675092e-05    4.0750000000e+01    3.1750000000e+01    3.1750000000e+01    0.0000000000e+00    7.3712962570e-02    2.7127933898e+01   -4.9976484677e-07    1.8321134306e-02   -5.2726515723e-07    5.6117259232e-03    0.0000000000e+00
 171.5100000    9.9085263789e-01    9.8816377775e-01    8.2794731159e-05    4.0750000000e+01    3.1750000000e+01    3.1750000000e+01    0.0000000000e+00    7.3712963906e-02    2.7127933898e+01   -6.2532297822e-07    1.9872607042e-02   -1.1342755234e-06    7.5483407244e-04    0.0000000000e+00
 172.0100000    9.9084987026e-01    9.8816101360e-01    8.3819592046e-05    4.0750000000e+01    3.1750000000e+01    3.1750000000e+01    0.0000000000e+00    7.3712952929e-02    2.7127933898e+01   -6.0704751906e-07    1.8927758901e-02   -4.4641311426e-03    6.1719644201e-07    0.0000000000e+00
 172.5100000    9.9084617809e-01    9.8815864477e-01    8.5301238423e-05    4.0750000000e+01    3.1750000000e+01    3.1750000000e+01    0.0000000000e+00    7.3712938680e-02    2.7127933898e+01   -4.5696624379e-07    1.5590906761e-02   -8.9430502597e-03    5.4976308988e-07    0.0000000000e+00
 173.0100000    9.9084210743e-01    9.8815630547e-01    8.5383559187e-05    4.0750000000e+01    3.1750000000e+01    3.1750000000e+01    0.0000000000e+00    7.3712920347e-02    2.7127933898e+01   -4.6681873037e-07    1.0284229723e-02   -1.2295906625e-02    6.7156394984e-07    0.0000000000e+00
 173.5100000    9.9083867132e-01    9.8815352603e-01    8.4785685087e-05    4.0750000000e+01    3.1750000000e+01    3.1750000000e+01    0.0000000000e+00    7.3712893285e-02    2.7127933898e+01   -5.3201034335e-07    3.6852902911e-03   -1.4097267021e-02    6.3220037619e-07    0.0000000000e+00
 174.0100000    9.9083644215e-01    9.8815018276e-01    8.4111894620e-05    4.0750000000e+01    3.1750000000e+01    3.1750000000e+01    0.0000000000e+00    7.3712867245e-02    2.7127933898e+01   -3.4434945997e-03    5.0138587085e-07   -1.4133011591e-02    4.7574954906e-07    0.0000000000e+00
 174.5100000    9.9083502924e-01    9.8814661997e-01    8.4257352680e-05    4.0750000000e+01    3.1750000000e+01    3.1750000000e+01    0.0000000000e+00    7.3712864148e-02    2.7127933898e+01   -1.0071970832e-02    6.0026519070e-07   -1.2384893729e-02    4.8917928231e-07    0.0000000000e+00
 175.0100000    9.9083344808e-01    9.8814333728e-01    8.4439597069e-05    4.0750000000e+01    3.1750000000e+01    3.1750000000e+01    0.0000000000e+00    7.3712891144e-02    2.7127933898e+01   -1.5427954562e-02    5.5961087808e-07   -9.0744466492e-03    5.7426938184e-07    0.0000000000e+00
 175.5100000    9.9083084481e-01    9.8814064157e-01    8.4556269591e-05    4.0750000000e+01    3.1750000000e+01    3.1750000000e+01    0.0000000000e+00    7.3712923646e-02    2.7127933898e+01   -1.8840287594e-02    4.0603428833e-07   -4.6199593337e-03    5.3172378154e-07    0.0000000000e+00
 176.0100000    9.9082693782e-01    9.8813853196e-01    8.4249404205e-05    4.0750000000e+01    3.1750000000e+01    3.1750000000e+01    0.0000000000e+00    7.3712925391e-02    2.7127933898e+01   -1.9894745553e-02    4.0490411363e-07   -3.5009416373e-05    5.8078109921e-04    0.0000000000e+00
 176.5100000    9.9082221455e-01    9.8813667637e-01    8.4044610627e-05    4.0750000000e+01    3.1750000000e+01    3.1750000000e+01    0.0000000000e+00    7.3712886202e-02    2.7127933898e+01   -1.8440089027e-02    4.9232156622e-07   -5.7730819561e-07    5.4358122542e-03    0.0000000000e+00
 177.0100000    9.9081796879e-01    9.8813442809e-01    8.4466589887e-05    4.0750000000e+01    3.1750000000e+01    3.1750000000e+01    0.0000000000e+00    7.3712833828e-02    2.7127933898e+01   -1.4660519420e-02    4.4469788021e-07   -4.1822738770e-07    9.7198920957e-03    0.0000000000e+00
 177.5100000    9.9081568976e-01    9.8813117520e-01    8.5478130962e-05    4.0750000000e+01    3.1750000000e+01    3.1750000000e+01    0.0000000000e+00    7.3712805978e-02    2.7127933898e+01   -9.0332347532e-03    5.3058823145e-07   -4.4403227831e-07    1.2776745515e-02    0.0000000000e+00
 178.0100000    9.9081567829e-01    9.8812701591e-01    8.6520705275e-05    4.0750000000e+01    3.1750000000e+01    3.1750000000e+01    0.0000000000e+00    7.3712814867e-02    2.7127933898e+01   -2.2985590881e-03    5.9598171642e-07   -4.9144410294e-07    1.4241290944e-02    0.0000000000e+00
 178.5100000    9.9081618729e-01    9.8812300221e-01    8.5836909641e-05    4.0750000000e+01    3.1750000000e+01    3.1750000000e+01    0.0000000000e+00    7.3712842120e-02    2.7127933898e+01   -3.8991003410e-07    4.8305859696e-03   -4.6649388993e-07    1.3913603611e-02    0.0000000000e+00
 179.0100000    9.9081459785e-01    9.8812031418e-01    8.4845458985e-05    4.0750000000e+01    3.1750000000e+01    3.1750000000e+01    0.0000000000e+00    7.3712862601e-02    2.7127933898e+01   -3.6960121005e-07    1.1258356241e-02   -5.7228809352e-07    1.1833966752e-02    0.0000000000e+00
 179.5100000    9.9080995330e-01    9.8811901751e-01    8.4308187015e-05    4.0750000000e+01    3.1750000000e+01    3.1750000000e+01    0.0000000000e+00    7.3712864382e-02    2.7127933898e+01   -4.0909839930e-07    1.6267182259e-02   -6.2016264526e-07    8.2648121296e-03    0.0000000000e+00
 180.0100000    9.9080410711e-01    9.8811786228e-01    8.4457166226e-05    4.0750000000e+01    3.1750000000e+01    3.1750000000e+01    0.0000000000e+00    7.3712846849e-02    2.7127933898e+01   -4.1659610303e-07    1.9252138250e-02   -6.0691236311e-07    3.6562074276e-03    0.0000000000e+00
 180.5100000    9.9079994992e-01    9.8811552004e-01    8.5109723082e-05    4.0750000000e+01    3.1750000000e+01    3.1750000000e+01    0.0000000000e+00    7.3712812697e-02    2.7127933898e+01   -5.7086881530e-07    1.9815446131e-02   -1.5363035347e-03    3.9415107291e-07    0.0000000000e+00
 181.0100000    9.9079859197e-01    9.8811189671e-01    8.6823234043e-05    4.0750000000e+01    3.1750000000e+01    3.1750000000e+01    0.0000000000e+00    7.3712771471e-02    2.7127933898e+01   -5.9303971227e-07    1.7885639926e-02   -6.3312327037e-03    3.9894397757e-07    0.0000000000e+00
 181.5100000    9.9079861353e-01    9.8810804593e-01    8.6226142682e-05    4.0750000000e+01    3.1750000000e+01    3.1750000000e+01    0.0000000000e+00    7.3712744134e-02    2.7127933898e+01   -6.0411737817e-07    1.3706307397e-02   -1.0404187295e-02    4.5678814447e-07    0.0000000000e+00
 182.0100000    9.9079789958e-01    9.8810494308e-01    8.5599237862e-05    4.0750000000e+01    3.1750000000e+01    3.1750000000e+01    0.0000000000e+00    7.3712749427e-02    2.7127933898e+01   -6.2936747228e-07    7.8036477667e-03   -1.3179784545e-02    6.3199287957e-07    0.0000000000e+00
 182.5100000    9.9079562048e-01    9.8810265228e-01    8.5526724818e-05    4.0750000000e+01    3.1750000000e+01    3.1750000000e+01    0.0000000000e+00    7.3712781320e-02    2.7127933898e+01   -5.5038472817e-07    1.0143149699e-03   -1.4309105910e-02    6.3183458377e-07    0.0000000000e+00
 183.0100000    9.9079233593e-01    9.8810064839e-01    8.5394664348e-05    4.0750000000e+01    3.1750000000e+01    3.1750000000e+01    0.0000000000e+00    7.3712808422e-02    2.7127933898e+01   -6.1193357658e-03    4.4173378228e-07   -1.3639980252e-02    6.6363632796e-07    0.0000000000e+00
 183.5100000    9.9078888606e-01    9.8809853131e-01    8.5352241645e-05    4.0750000000e+01    3.1750000000e+01    3.1750000000e+01    0.0000000000e+00    7.3712803042e-02    2.7127933898e+01   -1.2326663353e-02    5.8631652015e-07   -1.1257115095e-02    6.9121508970e-07    0.0000000000e+00
 184.0100000    9.9078580492e-01    9.8809619194e-01    8.5810374024e-05    4.0750000000e+01    3.1750000000e+01    3.1750000000e+01    0.0000000000e+00    7.3712768606e-02    2.7127933898e+01   -1.7001624862e-02    6.0756159185e-07   -7.4607605997e-03    5.9530796945e-07    0.0000000000e+00
 184.5100000    9.9078350226e-01    9.8809356392e-01    8.5989554975e-05    4.0750000000e+01    3.1750000000e+01    3.1750000000e+01    0.0000000000e+00    7.3712733818e-02    2.7127933898e+01   -1.9553805220e-02    6.4691589568e-07   -2.7288572859e-03    5.9948137140e-07    0.0000000000e+00
 185.0100000    9.9078221634e-01    9.8809061552e-01    8.6045142301e-05    4.0750000000e+01    3.1750000000e+01    3.1750000000e+01    0.0000000000e+00    7.3712721700e-02    2.7127933898e+01   -1.9650837072e-02    6.5164738799e-07   -6.4015628762e-07    2.4314350522e-03    0.0000000000e+00
 185.5100000    9.9078155414e-01    9.8808757585e-01    8.5758528775e-05    4.0750000000e+01    3.1750000000e+01    3.1750000000e+01    0.0000000000e+00    7.3712729310e-02    2.7127933898e+01   -1.7281535312e-02    5.7789612011e-07   -6.6259530274e-07    7.1455367517e-03    0.0000000000e+00
 186.0100000    9.9078055272e-01    9.8808485040e-01    8.5766018176e-05    4.0750000000e+01    3.1750000000e+01    3.1750000000e+01    0.0000000000e+00    7.3712737244e-02    2.7127933898e+01   -1.2744000309e-02    5.6605839516e-07   -6.9231284017e-07    1.1002093376e-02    0.0000000000e+00
 186.5100000    9.9077855689e-01    9.8808258735e-01    8.6575319741e-05    4.0750000000e+01    3.1750000000e+01    3.1750000000e+01    0.0000000000e+00    7.3712732745e-02    2.7127933898e+01   -6.6079421945e-03    4.4486582442e-07   -6.7919992671e-07    1.3503323732e-02    0.0000000000e+00
 187.0100000    9.9077584777e-01    9.8808050942e-01    8.7162941822e-05    4.0750000000e+01    3.1750000000e+01    3.1750000000e+01    0.0000000000e+00    7.3712719611e-02    2.7127933898e+01   -3.4580694302e-05    4.8460024329e-04   -6.2857831775e-07    1.4310565995e-02    0.0000000000e+00
 187.5100000    9.9077316511e-01    9.8807829367e-01    8.6679368945e-05    4.0750000000e+01    3.1750000000e+01    3.1750000000e+01    0.0000000000e+00    7.3712708420e-02    2.7127933898e+01   -6.5088606614e-07    7.3073119884e-03   -6.1109523521e-07    1.3323054235e-02    0.0000000000e+00
 188.0100000    9.9077080782e-01    9.8807596376e-01    8.5331343723e-05    4.0750000000e+01    3.1750000000e+01    3.1750000000e+01    0.0000000000e+00    7.3712702553e-02    2.7127933898e+01   -6.5921892772e-07    1.3283325158e-02   -4.7701800753e-07    1.0665643243e-02    0.0000000000e+00
 188.5100000    9.9076853235e-01    9.8807374183e-01    8.4283988113e-05    4.0750000000e+01    3.1750000000e+01    3.1750000000e+01    0.0000000000e+00    7.3712696119e-02    2.7127933898e+01   -6.2159234350e-07    1.7625089742e-02   -5.0103441445e-07    6.6728370966e-03    0.0000000000e+00
 189.0100000    9.9076624299e-01    9.8807161044e-01    8.4980940759e-05    4.0750000000e+01    3.1750000000e+01    3.1750000000e+01    0.0000000000e+00    7.3712683975e-02    2.7127933898e+01   -5.7677982530e-07    1.9758400217e-02   -4.7009798401e-07    1.8560860006e-03    0.0000000000e+00
 189.5100000    9.9076435944e-01    9.8806924559e-01    8.8010916470e-05    4.0750000000e+01    3.1750000000e+01    3.1750000000e+01    0.0000000000e+00    7.3712670687e-02    2.7127933898e+01   -4.5620386243e-07    1.9416944087e-02   -3.2744065020e-03    7.0256776245e-07    0.0000000000e+00
 190.0100000    9.9076329708e-01    9.8806643597e-01    8.9677804027e-05    4.0750000000e+01    3.1750000000e+01    3.1750000000e+01    0.0000000000e+00    7.3712666871e-02    2.7127933898e+01   -4.7483917305e-07    1.6644213731e-02   -7.8803779562e-03    6.8458281541e-07    0.0000000000e+00
 190.5100000    9.9076276700e-01    9.8806343604e-01    8.8587848421e-05    4.0750000000e+01    3.1750000000e+01    3.1750000000e+01    0.0000000000e+00    7.3712675674e-02    2.7127933898e+01   -4.5509220240e-07    1.1787894369e-02   -1.1531529535e-02    6.2947092386e-07    0.0000000000e+00
 191.0100000    9.9076182494e-01    9.8806080261e-01    8.6624484104e-05    4.0750000000e+01    3.1750000000e+01    3.1750000000e+01    0.0000000000e+00    7.3712685113e-02    2.7127933898e+01   -4.3186862643e-07    5.4723502973e-03   -1.3754988109e-02    5.0928429714e-07    0.0000000000e+00
 191.5100000    9.9075966502e-01    9.8805888983e-01    8.4783845844e-05    4.0750000000e+01    3.1750000000e+01    3.1750000000e+01    0.0000000000e+00    7.3712678011e-02    2.7127933898e+01   -1.6378858922e-03    6.5146400165e-07   -1.4256426193e-02    5.0530617338e-07    0.0000000000e+00
 192.0100000    9.9075637319e-01    9.8805750604e-01    8.4211502627e-05    4.0750000000e+01    3.1750000000e+01    3.1750000000e+01    0.0000000000e+00    7.3712651121e-02    2.7127933898e+01   -8.3952785169e-03    6.0890821633e-07   -1.2974356453e-02    4.9445624136e-07    0.0000000000e+00
 192.5100000    9.9075297675e-01    9.8805602101e-01    8.5710796434e-05    4.0750000000e+01    3.1750000000e+01    3.1750000000e+01    0.0000000000e+00    7.3712621629e-02    2.7127933898e+01   -1.4145928701e-02    4.7927899127e-07   -1.0070608903e-02    4.6598488235e-07    0.0000000000e+00
 193.0100000    9.9075073686e-01    9.8805383144e-01    8.8301408364e-05    4.0750000000e+01    3.1750000000e+01    3.1750000000e+01    0.0000000000e+00    7.3712611482e-02    2.7127933898e+01   -1.8147073004e-02    4.7923281848e-07   -5.9092328258e-03    3.5179506266e-07    0.0000000000e+00
 193.5100000    9.9075015531e-01    9.8805085792e-01    8.9582374847e-05    4.0750000000e+01    3.1750000000e+01    3.1750000000e+01    0.0000000000e+00    7.3712625508e-02    2.7127933898e+01   -1.9879735055e-02    4.7212733048e-07   -1.0832112970e-03    5.5358005788e-07    0.0000000000e+00
 194.0100000    9.9075043447e-01    9.8804768874e-01    8.8679240781e-05    4.0750000000e+01    3.1750000000e+01    3.1750000000e+01    0.0000000000e+00    7.3712646562e-02    2.7127933898e+01   -1.9128051545e-02    4.2777456116e-07   -5.2128404312e-07    4.0530543353e-03    0.0000000000e+00
 194.5100000    9.9074996975e-01    9.8804516423e-01    8.6530631248e-05    4.0750000000e+01    3.1750000000e+01    3.1750000000e+01    0.0000000000e+00    7.3712651390e-02    2.7127933898e+01   -1.5986619140e-02    3.1233501809e-07   -5.1036563093e-07    8.5398685767e-03    0.0000000000e+00
 195.0100000    9.9074767548e-01    9.8804365218e-01    8.4590394318e-05    4.0750000000e+01    3.1750000000e+01    3.1750000000e+01    0.0000000000e+00    7.3712630102e-02    2.7127933898e+01   -1.0848623532e-02    5.1411163444e-07   -5.0875580547e-07    1.1986925779e-02    0.0000000000e+00
 195.5100000    9.9074402870e-01    9.8804266154e-01    8.4559121589e-05    4.0750000000e+01    3.1750000000e+01    3.1750000000e+01    0.0000000000e+00    7.3712592810e-02    2.7127933898e+01   -4.3893662789e-03    6.6504003076e-07   -4.6598857329e-07    1.3942220356e-02    0.0000000000e+00
 196.0100000    9.9074074367e-01    9.8804123829e-01    8.6880901455e-05    4.0750000000e+01    3.1750000000e+01    3.1750000000e+01    0.0000000000e+00    7.3712561677e-02    2.7127933898e+01   -4.8223134195e-07    2.7287622909e-03   -3.5213642484e-07    1.4156577858e-02    0.0000000000e+00
 196.5100000    9.9073926980e-01    9.8803881913e-01    8.9587304776e-05    4.0750000000e+01    3.1750000000e+01    3.1750000000e+01    0.0000000000e+00    7.3712555632e-02    2.7127933898e+01   -4.8916749745e-07    9.3851345240e-03   -5.7705702172e-07    1.2604508798e-02    0.0000000000e+00
 197.0100000    9.9073956217e-01    9.8803570337e-01    9.0188518902e-05    4.0750000000e+01    3.1750000000e+01    3.1750000000e+01    0.0000000000e+00    7.3712576214e-02    2.7127933898e+01   -4.5317750512e-07    1.4908611285e-02   -7.1768513018e-07    9.4805731374e-03    0.0000000000e+00
 197.5100000    9.9074028889e-01    9.8803270443e-01    8.8400477821e-05    4.0750000000e+01    3.1750000000e+01    3.1750000000e+01    0.0000000000e+00    7.3712603957e-02    2.7127933898e+01   -3.4888774341e-07    1.8577917451e-02   -7.5310519983e-07    5.1750872177e-03    0.0000000000e+00
 198.0100000    9.9074007832e-01    9.8803042549e-01    8.6118878654e-05    4.0750000000e+01    3.1750000000e+01    3.1750000000e+01    0.0000000000e+00    7.3712611822e-02    2.7127933898e+01   -5.5057529641e-07    1.9929989605e-02   -1.5575059423e-04    4.8255094190e-04    0.0000000000e+00
 198.5100000    9.9073844112e-01    9.8802891048e-01    8.5333079694e-05    4.0750000000e+01    3.1750000000e+01    3.1750000000e+01    0.0000000000e+00    7.3712588093e-02    2.7127933898e+01   -6.5596507072e-07    1.8797041794e-02   -4.7840945830e-03    5.0442443565e-07    0.0000000000e+00
 199.0100000    9.9073570562e-01    9.8802783947e-01    8.6253371444e-05    4.0750000000e+01    3.1750000000e+01    3.1750000000e+01    0.0000000000e+00    7.3712547520e-02    2.7127933898e+01   -7.0288043110e-07    1.5321278405e-02   -9.1318342308e-03    4.1064939944e-07    0.0000000000e+00
 199.5100000    9.9073256190e-01    9.8802681062e-01    8.7622167971e-05    4.0750000000e+01    3.1750000000e+01    3.1750000000e+01    0.0000000000e+00    7.3712517616e-02    2.7127933898e+01   -7.1335547498e-07    9.9367749378e-03   -1.2374088776e-02    6.5599398182e-07    0.0000000000e+00
 200.0100000    9.9072990653e-01    9.8802539287e-01    8.8398704057e-05    4.0750000000e+01    3.1750000000e+01    3.1750000000e+01    0.0000000000e+00    7.3712513373e-02    2.7127933898e+01   -7.3687685502e-07    3.3615901975e-03   -1.4073958298e-02    7.3284353302e-07    0.0000000000e+00
