# time  total_activity  peak_activity  rms_radius  confined_frac  bary_x  bary_y  bary_z  r_conf  total_activity_proper  rms_radius_proper  confined_frac_proper  rms_radius_canon  confined_frac_canon  rms_radius_phantom  confined_frac_phantom  canon_mass_frac  min_chi
0.0000000000000000e+00  7.9472347520914086e+00  2.4526116729705973e-02  7.4238218841830230e+00  1.5613057444930464e-01  3.1905530598478681e+01  3.2000000000000007e+01  3.1999999999999989e+01  4.7999999999999998e+00  7.9470634901338162e+00  7.4242099658589105e+00  1.5526041142224906e-01  4.3375200770827433e+00  7.4559352638430620e-01  4.4068894563580834e+00  7.3602995202629451e-01  4.9210868850042477e-01  9.8914997107056302e-01
8.0000000000000004e-01  7.9533763318230175e+00  2.4594685266845724e-02  7.4238411485076057e+00  1.5614854130872638e-01  3.1904926509357477e+01  3.2000000000000043e+01  3.2000000000000000e+01  4.7999999999999998e+00  7.9531985130508076e+00  7.4242343120186938e+00  1.5527892125223211e-01  4.3377146890002587e+00  7.4557527682809066e-01  4.4067889935604452e+00  7.3605908741231274e-01  4.9205627660729157e-01  9.8915005949563328e-01
1.6000000000000001e+00  7.9596424650306608e+00  2.4533694967584556e-02  7.4238922166517307e+00  1.5615851502947725e-01  3.1904112695793952e+01  3.2000000000000497e+01  3.1999999999999996e+01  4.7999999999999998e+00  7.9594524935253252e+00  7.4242931864691748e+00  1.5401217584832014e-01  4.3381028480341497e+00  7.4559231610646404e-01  4.4066214215488824e+00  7.3615786964263796e-01  4.9198425860419748e-01  9.8916293521040388e-01
2.3999999999999901e+00  7.9661159812796871e+00  2.4460243519068788e-02  7.4239166143038702e+00  1.5616449615418912e-01  3.1904607187352820e+01  3.2000000000001265e+01  3.1999999999999993e+01  4.7999999999999998e+00  7.9659151694816002e+00  7.4243172997728406e+00  1.5529170303684214e-01  4.3383739995916040e+00  7.4557647047428366e-01  4.4064364605900064e+00  7.3620175133827703e-01  4.9202228565497419e-01  9.8917712961424253e-01
3.1999999999999802e+00  7.9725276781370313e+00  2.4555235601249101e-02  7.4239319075858221e+00  1.5617210601387699e-01  3.1906862402668757e+01  3.2000000000001101e+01  3.1999999999999989e+01  4.7999999999999998e+00  7.9723265482450394e+00  7.4243199486863176e+00  1.5529942738038197e-01  4.3386913429985015e+00  7.4521444081868882e-01  4.4061258637269951e+00  7.3611968436764075e-01  4.9220744602967026e-01  9.8914223380202770e-01
3.9999999999999600e+00  7.9786569924251491e+00  2.4580586949483035e-02  7.4239634208626466e+00  1.5617937224222930e-01  3.1909938972979603e+01  3.1999999999997463e+01  3.1999999999999972e+01  4.7999999999999998e+00  7.9784687107177614e+00  7.4243320838426046e+00  1.5672072222076797e-01  4.3393407157506312e+00  7.4482102178838760e-01  4.4055378015383493e+00  7.3635438794258601e-01  4.9245717232865133e-01  9.8912735690510445e-01
4.7999999999999403e+00  7.9841475435497671e+00  2.4522978462602606e-02  7.4240116393733864e+00  1.5618948418062623e-01  3.1912386478483764e+01  3.1999999999990919e+01  3.1999999999999908e+01  4.7999999999999998e+00  7.9839775883398545e+00  7.4243649005150161e+00  1.5672886891323640e-01  4.3403423042930971e+00  7.4458706194133240e-01  4.4046950766350950e+00  7.3682174561983804e-01  4.9264760654132944e-01  9.8921092584335890e-01
5.5999999999999304e+00  7.9892770722280773e+00  2.4488936830190787e-02  7.4239837128714665e+00  1.5620238606925502e-01  3.1913832566307224e+01  3.1999999999985523e+01  3.1999999999999815e+01  4.7999999999999998e+00  7.9891217424140129e+00  7.4243295563236256e+00  1.5651638640541060e-01  4.3413190230945862e+00  7.4459594361058823e-01  4.4036506061972824e+00  7.3724828502435813e-01  4.9274950153202135e-01  9.8919059006672660e-01
6.3999999999999098e+00  7.9949003413524276e+00  2.4506429516192290e-02  7.4238264187799130e+00  1.5621559408540919e-01  3.1915478381800252e+01  3.1999999999978211e+01  3.1999999999999584e+01  4.7999999999999998e+00  7.9947545924285954e+00  7.4241652694046811e+00  1.5652845147640931e-01  4.3420643681818065e+00  7.4453006112774633e-01  4.4023902606221359e+00  7.3734162337706843e-01  4.9286622969431243e-01  9.8920489248510568e-01
7.1999999999998900e+00  8.0013302030596645e+00  2.4535567602896349e-02  7.4236509716966355e+00  1.5623621782944408e-01  3.1918357301248761e+01  3.1999999999957552e+01  3.1999999999999133e+01  4.7999999999999998e+00  8.0011926886053804e+00  7.4239760025306873e+00  1.5654526173067390e-01  4.3430296004590163e+00  7.4444070653469840e-01  4.4008334874655528e+00  7.3746748468087342e-01  4.9308263379203282e-01  9.8921417985992866e-01
7.9999999999998703e+00  8.0078149251636432e+00  2.4544615200406954e-02  7.4235971380146557e+00  1.5626513791632318e-01  3.1921711544328435e+01  3.1999999999915804e+01  3.1999999999998217e+01  4.7999999999999998e+00  8.0076818203061144e+00  7.4239064469648923e+00  1.5622262062817413e-01  4.3447497401922446e+00  7.4430248456881420e-01  4.3989600914890117e+00  7.3780802125775879e-01  4.9333014481709730e-01  9.8921606648485416e-01
8.7999999999998604e+00  8.0133131239816500e+00  2.4522853155448124e-02  7.4236534462011008e+00  1.5517235288282094e-01  3.1923940141456619e+01  3.1999999999854317e+01  3.1999999999996383e+01  4.7999999999999998e+00  8.0131766287238442e+00  7.4239551663301357e+00  1.5595476027734692e-01  4.3470391512993887e+00  7.4408959800084262e-01  4.3969470095506091e+00  7.3827026367116133e-01  4.9347294892753907e-01  9.8921424567673844e-01
9.5999999999998398e+00  8.0180115575799409e+00  2.4499832271840327e-02  7.4237267391653949e+00  1.5518740665107522e-01  3.1924828812094830e+01  3.1999999999776492e+01  3.1999999999992834e+01  4.7999999999999998e+00  8.0178665629820145e+00  7.4240295143555963e+00  1.5596643486715492e-01  4.3493526680851398e+00  7.4391385355369333e-01  4.3950131683051330e+00  7.3868092430683718e-01  4.9349716818542844e-01  9.8921619325420773e-01
1.0399999999999800e+01  8.0233953553286685e+00  2.4508389392710592e-02  7.4240433728298054e+00  1.5518879147938405e-01  3.1925860437752888e+01  3.1999999999677971e+01  3.1999999999984748e+01  4.7999999999999998e+00  8.0232439155105926e+00  7.4243457885937172e+00  1.5596463886170359e-01  4.3522060145592469e+00  7.4379606545302646e-01  4.3934007273339963e+00  7.3896867998833593e-01  4.9353072428451472e-01  9.8922724466897893e-01
1.1199999999999800e+01  8.0305179871355516e+00  2.4541476141505654e-02  7.4254184471525075e+00  1.5517973567566151e-01  3.1928088822928693e+01  3.1999999999548056e+01  3.1999999999969202e+01  4.7999999999999998e+00  8.0303648317990817e+00  7.4257125416461225e+00  1.5540057040772864e-01  4.3577238039531885e+00  7.4366078782788581e-01  4.3927915931576225e+00  7.3910504634983254e-01  4.9365965002414641e-01  9.8923673954398550e-01
1.1999999999999799e+01  8.0386941561447713e+00  2.4557617905457723e-02  7.4286530873725107e+00  1.5515603941897330e-01  3.1930600680765103e+01  3.1999999999348020e+01  3.1999999999932886e+01  4.7999999999999998e+00  8.0385398197910760e+00  7.4289370806575334e+00  1.5156264103544340e-01  4.3676171271738990e+00  7.4341612934832557e-01  4.3942429224339037e+00  7.3906493916776672e-01  4.9380243493853099e-01  9.8923285779132120e-01
1.2799999999999800e+01  8.0467874937421708e+00  2.4537119559068978e-02  7.4340365592583835e+00  1.5385734357473516e-01  3.1931931460139825e+01  3.1999999999083748e+01  3.1999999999909537e+01  4.7999999999999998e+00  8.0466283344583331e+00  7.4343180837285763e+00  1.5152550986656102e-01  4.3821460050881162e+00  7.4310041727255960e-01  4.3984789136360680e+00  7.3891296500905912e-01  4.9383838023039894e-01  9.8922394487722987e-01
1.3599999999999801e+01  8.0555146406689531e+00  2.4510460656589891e-02  7.4423386193162360e+00  1.5380259730041101e-01  3.1932168218997727e+01  3.1999999998733880e+01  3.1999999999881382e+01  4.7999999999999998e+00  8.0553487175862184e+00  7.4426245767154615e+00  1.5146738246915323e-01  4.4023575023899610e+00  7.4272756709623966e-01  4.4069526146085130e+00  7.3865726900527018e-01  4.9378097065739218e-01  9.8922485151682538e-01
1.4399999999999700e+01  8.0663222240861963e+00  2.4513030533974821e-02  7.4540361947178058e+00  1.5372157143045279e-01  3.1932316330554293e+01  3.1999999998341430e+01  3.1999999999882942e+01  4.7999999999999998e+00  8.0661517103890770e+00  7.4543267335227323e+00  1.5138279156081011e-01  4.4272752886011721e+00  7.4234687941371458e-01  4.4221544950858753e+00  7.3820937931793740e-01  4.9370815804712576e-01  9.8923381691542500e-01
1.5199999999999701e+01  8.0790380315156121e+00  2.4541019169691244e-02  7.4687169388153603e+00  1.5362261228764484e-01  3.1932938891201118e+01  3.1999999997564398e+01  3.1999999999544762e+01  4.7999999999999998e+00  8.0788654709936800e+00  7.4690085904901427e+00  1.5128120471582379e-01  4.4553289891251602e+00  7.4201316106898119e-01  4.4441655767898771e+00  7.3756464743946715e-01  4.9365868479632852e-01  9.8924051684323488e-01
1.5999999999999700e+01  8.0916806045343463e+00  2.4555985447496168e-02  7.4853610730162439e+00  1.5352558207203013e-01  3.1933346208814452e+01  3.1999999995981494e+01  3.1999999998780584e+01  4.7999999999999998e+00  8.0915049534369263e+00  7.4856548498034741e+00  1.5118232419229405e-01  4.4851498189625438e+00  7.4176563621296465e-01  4.4707118537108359e+00  7.3683991820722550e-01  4.9357507057563765e-01  9.8923911207792969e-01
1.6799999999999802e+01  8.1035469684548058e+00  2.4538684128031667e-02  7.5038869592784714e+00  1.5343268094206100e-01  3.1932266584669264e+01  3.1999999993173237e+01  3.1999999997498104e+01  4.7999999999999998e+00  8.1033648261318199e+00  7.5041916803452748e+00  1.5108738913629569e-01  4.5155646603406234e+00  7.4157884063638102e-01  4.5027123888254792e+00  7.3602685261918332e-01  4.9335395241792357e-01  9.8923376811324948e-01
1.7600000000000001e+01  8.1154386930469400e+00  2.4515271983513540e-02  7.5245709630538267e+00  1.5459698071254577e-01  3.1930143718259938e+01  3.1999999988097709e+01  3.1999999995382407e+01  4.7999999999999998e+00  8.1152488199744397e+00  7.5248931671592398e+00  1.5359395971239234e-01  4.5471060050606180e+00  7.4136630416748184e-01  4.5404279568231960e+00  7.3514367099514988e-01  4.9304188386681985e-01  9.8923436259352970e-01
1.8400000000000102e+01  8.1278201794081255e+00  2.4518402918131038e-02  7.5467165729135743e+00  1.5450335725215389e-01  3.1928776977771118e+01  3.1999999978216209e+01  3.1999999991655951e+01  4.7999999999999998e+00  8.1276246009598818e+00  7.5470525615968986e+00  1.5349529314316479e-01  4.5808587248292083e+00  7.4111527827428891e-01  4.5802707468862609e+00  7.3475417261007647e-01  4.9279553839382501e-01  9.8924287370355701e-01
1.9200000000000198e+01  8.1408431782276480e+00  2.4542790728797614e-02  7.5705248706976347e+00  1.5440110460931170e-01  3.1928968980675958e+01  3.1999999959982706e+01  3.1999999985172249e+01  4.7999999999999998e+00  8.1406451160329496e+00  7.5708661494508656e+00  1.5338816703581259e-01  4.6184502636777625e+00  7.4084057535905889e-01  4.6211342778522146e+00  7.3442208592748415e-01  4.9266939026341661e-01  9.8924966337575138e-01
2.0000000000000298e+01  8.1539987843472588e+00  2.4555829159011482e-02  7.5967647325310095e+00  1.5428931642317870e-01  3.1929931262902549e+01  3.1999999928569437e+01  3.1999999975794207e+01  4.7999999999999998e+00  8.1538003121787526e+00  7.5971070896205273e+00  1.5327192589520072e-01  4.6610336525108043e+00  7.4095592803704602e-01  4.6642062943294809e+00  7.3410425828622949e-01  4.9258758184302670e-01  9.8924764844598378e-01
2.0800000000000502e+01  8.1665973727560726e+00  2.4541609400796256e-02  7.6250854350214405e+00  1.5418213916013965e-01  3.1929827538232466e+01  3.1999999879773291e+01  3.1999999967153276e+01  4.7999999999999998e+00  8.1663993808138837e+00  7.6254350755057008e+00  1.5315985907482879e-01  4.7052256594211643e+00  7.4107007671426572e-01  4.7119509435364417e+00  7.3330580627951014e-01  4.9242017764945151e-01  9.8924181122465960e-01
2.1600000000000598e+01  8.1793152409906291e+00  2.4522601778767566e-02  7.6555703775832464e+00  1.5407768040571737e-01  3.1928883980395625e+01  3.1999999814077785e+01  3.1999999965371849e+01  4.7999999999999998e+00  8.1791194363259017e+00  7.6559324459889426e+00  1.5304929480247276e-01  4.7504254848146505e+00  7.4112080774055489e-01  4.7652753725543144e+00  7.3290433903128982e-01  4.9219291813384153e-01  9.8924071912776912e-01
2.2400000000000698e+01  8.1928793602601147e+00  2.4526587808506941e-02  7.6883461963590500e+00  1.5396791849144081e-01  3.1928789750813731e+01  3.1999999743122800e+01  3.1999999970562591e+01  4.7999999999999998e+00  8.1926881983862572e+00  7.6887163014519802e+00  1.5293251494240850e-01  4.7995835445014450e+00  7.4062765191670077e-01  4.8217238118159775e+00  7.3210932952478314e-01  4.9204341782505201e-01  9.8924549444126264e-01
2.3200000000000799e+01  8.2073899275290820e+00  2.4548326775295764e-02  7.7239836086066669e+00  1.5384542531956460e-01  3.1929924476330754e+01  3.1999999675803586e+01  3.1999999970895988e+01  4.7999999999999998e+00  8.2072048966934243e+00  7.7243549331190149e+00  1.5280314953928906e-01  4.8548470269154436e+00  7.4050585200899366e-01  4.8809830768271452e+00  7.3221858462055656e-01  4.9200315551120199e-01  9.8924949616366120e-01
2.4000000000000998e+01  8.2214167567757386e+00  2.4559074224414591e-02  7.7615620607088811e+00  1.5247939393206505e-01  3.1931372718060928e+01  3.1999999602232531e+01  3.1999999954428269e+01  4.7999999999999998e+00  8.2212375791593608e+00  7.7619332164169235e+00  1.5009671704438610e-01  4.9127074673338411e+00  7.4000456228750278e-01  4.9432716388034281e+00  7.3149700572974319e-01  4.9198221856926394e-01  9.8924751637427055e-01
2.4800000000001098e+01  8.2341105744865857e+00  2.4546342795069297e-02  7.7997216431209129e+00  1.5238473973116051e-01  3.1932623199616245e+01  3.1999999508225532e+01  3.1999999925863797e+01  4.7999999999999998e+00  8.2339352947282656e+00  7.8000949745637387e+00  1.4999638818436437e-01  4.9706974982956398e+00  7.3949784770074545e-01  5.0069219885064200e+00  7.3176803039709448e-01  4.9194445216630822e-01  9.8924244004546280e-01
2.5600000000001199e+01  8.2466450469321053e+00  2.4529472849276340e-02  7.8391431682431643e+00  1.5229181661041863e-01  3.1934355821997208e+01  3.1999999395283538e+01  3.1999999901166593e+01  4.7999999999999998e+00  8.2464713552071025e+00  7.8395176105071105e+00  1.4989668384063148e-01  5.0325275785760173e+00  7.3879274856207389e-01  5.0707892712462046e+00  7.3130968985760980e-01  4.9196337119286082e-01  9.8924107486953772e-01
2.6400000000001299e+01  8.2603352733476623e+00  2.4531748354295529e-02  7.8813995120230143e+00  1.5226454362700628e-01  3.1937642937442014e+01  3.1999999277398814e+01  3.1999999887729935e+01  4.7999999999999998e+00  8.2601622944952560e+00  7.8817673716706480e+00  1.4977728888116226e-01  5.1028198294972489e+00  7.3784790283000290e-01  5.1349786668201451e+00  7.3072946815117168e-01  4.9211567828163671e-01  9.8924457140968569e-01
2.7200000000001499e+01  8.2740411297233418e+00  2.4549435772742826e-02  7.9251786389936587e+00  1.5209604648258157e-01  3.1941902507615787e+01  3.1999999164141350e+01  3.1999999877208726e+01  4.7999999999999998e+00  8.2738694116103417e+00  7.9255344060269000e+00  1.4966000844226149e-01  5.1768550162832581e+00  7.3695884893653452e-01  5.1996942466631921e+00  7.2999260897356255e-01  4.9233631473115186e-01  9.8924751188829896e-01
2.8000000000001599e+01  8.2866400646722731e+00  2.4558925631339035e-02  7.9689726158775205e+00  1.5200496634804286e-01  3.1946113269167814e+01  3.1999999055448193e+01  3.1999999857875896e+01  4.7999999999999998e+00  8.2864705854558700e+00  7.9693162477182016e+00  1.4956246952699606e-01  5.2502728561367613e+00  7.3621153272175721e-01  5.2647295384199344e+00  7.2976341518593335e-01  4.9255466328614422e-01  9.8924544714317275e-01
2.8800000000001699e+01  8.2987343330455801e+00  2.4549361778781333e-02  8.0132105399791627e+00  1.5220768193248643e-01  3.1950417598293146e+01  3.1999998949270953e+01  3.1999999827076977e+01  4.7999999999999998e+00  8.2985676820546246e+00  8.0135418979362694e+00  1.4947016834492227e-01  5.3256677002997854e+00  7.3536268753990708e-01  5.3292671523801589e+00  7.2962332463498147e-01  4.9278968444550691e-01  9.8924065711251441e-01
2.9600000000001799e+01  8.3108496308213056e+00  2.4535765698590964e-02  8.0588801939167158e+00  1.5211807772149741e-01  3.1955129602414701e+01  3.1999998846577171e+01  3.1999999790735227e+01  4.7999999999999998e+00  8.3106862615952206e+00  8.0591977193218778e+00  1.4937385620889224e-01  5.4055618587216721e+00  7.3393637416303992e-01  5.3931557374031982e+00  7.2911281552810925e-01  4.9304630875482791e-01  9.8923867419891764e-01
3.0400000000001999e+01  8.3222123148893985e+00  2.4537189170606790e-02  8.1044538442111129e+00  1.5326476397089686e-01  3.1959793013732675e+01  3.1999998750066254e+01  3.1999999757417164e+01  4.7999999999999998e+00  8.3220530928494050e+00  8.1047580718541496e+00  1.4929210785476490e-01  5.4851164743405798e+00  7.3310409421037093e-01  5.4567005098969350e+00  7.2906937331015542e-01  4.9327315398291560e-01  9.8924063864237155e-01
3.1200000000002099e+01  8.3325449559172515e+00  2.4551606495941014e-02  8.1486592530822612e+00  1.5454297480824083e-01  3.1964274806966838e+01  3.1999998661983152e+01  3.1999999730824211e+01  4.7999999999999998e+00  8.3323908234901118e+00  8.1489511874712797e+00  1.5296175042431401e-01  5.5611142021732363e+00  7.3210515645296514e-01  5.5193378303821827e+00  7.2925650581838564e-01  4.9346877180839849e-01  9.8924234062913663e-01
3.2000000000002203e+01  8.3423412965195105e+00  2.4560357863924149e-02  8.1919348864657149e+00  1.5427398503230205e-01  3.1968898118921896e+01  3.1999998583439830e+01  3.1999999709720115e+01  4.7999999999999998e+00  8.3421920487660621e+00  8.1922140942644788e+00  1.5342907985066773e-01  5.6350254469158267e+00  7.3119017145253651e-01  5.5810508946258857e+00  7.2946812229376734e-01  4.9366342189799034e-01  9.8924040731086837e-01
3.2800000000002001e+01  8.3518343498689749e+00  2.4553687281740524e-02  8.2344124457570569e+00  1.5388026349717809e-01  3.1973456547385336e+01  3.1999998511321092e+01  3.1999999687333911e+01  4.7999999999999998e+00  8.3516883394651060e+00  8.2346799640468120e+00  1.5397478812977755e-01  5.7089187638012326e+00  7.3020889680711909e-01  5.6403439416518122e+00  7.2992821738810498e-01  4.9385251811318637e-01  9.8923643867987465e-01
3.3600000000001899e+01  8.3607950221284764e+00  2.4542585055940206e-02  8.2766049801378934e+00  1.5354734927527233e-01  3.1977767649076114e+01  3.1999998444202763e+01  3.1999999662655892e+01  4.7999999999999998e+00  8.3606509403100073e+00  8.2768625303097565e+00  1.5392935135617339e-01  5.7824755255537035e+00  7.2970433046736827e-01  5.6984642443699833e+00  7.2995859408555874e-01  4.9398605790042421e-01  9.8923456878311589e-01
3.4400000000001697e+01  8.3687802717385154e+00  2.4542909531909230e-02  8.3165834884872130e+00  1.5296937784760337e-01  3.1981487034748842e+01  3.1999998378624134e+01  3.1999999637460007e+01  4.7999999999999998e+00  8.3686386345948911e+00  8.3168340835326617e+00  1.5411003361296113e-01  5.8514366867779888e+00  7.2943241643811829e-01  5.7543725283810527e+00  7.2996708316391257e-01  4.9404222012668259e-01  9.8923591366955088e-01
3.5200000000001602e+01  8.3762603525398802e+00  2.4554630170832110e-02  8.3541861527948171e+00  1.4914441009099483e-01  3.1984770147323051e+01  3.1999998316849641e+01  3.1999999615275570e+01  4.7999999999999998e+00  8.3761227744340765e+00  8.3544319054944136e+00  1.5276753756562164e-01  5.9140993350498849e+00  7.2937306949285030e-01  5.8095518948977105e+00  7.2949523322308940e-01  4.9405788299074649e-01  9.8923720997263176e-01
3.6000000000001400e+01  8.3835903083725754e+00  2.4563134804767059e-02  8.3892435875198448e+00  1.4915066859481893e-01  3.1988213810841824e+01  3.1999998257895509e+01  3.1999999597380356e+01  4.7999999999999998e+00  8.3834572530393370e+00  8.3894838441878505e+00  1.5146120855543099e-01  5.9725334167613697e+00  7.2935914995489559e-01  5.8613848195690395e+00  7.2989673859714799e-01  4.9407719546927470e-01  9.8923547509899679e-01
3.6800000000001198e+01  8.3907465311133187e+00  2.4559045279007083e-02  8.4229237540352155e+00  1.4915756518258252e-01  3.1991237488773649e+01  3.1999998201901189e+01  3.1999999583030412e+01  4.7999999999999998e+00  8.3906163931575808e+00  8.4231612767708413e+00  1.5145698980567995e-01  6.0285765330168362e+00  7.2934104938269040e-01  5.9113629630742297e+00  7.2893922821909640e-01  4.9405744518480205e-01  9.8923171944326627e-01
3.7600000000001103e+01  8.3971874704562506e+00  2.4549852538065658e-02  8.4536580124203589e+00  1.4917444651854531e-01  3.1993320586062787e+01  3.1999998146196301e+01  3.1999999573530733e+01  4.7999999999999998e+00  8.3970583450707892e+00  8.4538981922188441e+00  1.5146248519748004e-01  6.0793978871769525e+00  7.2944391993359825e-01  5.9582285054539792e+00  7.2924751141495225e-01  4.9394169056536807e-01  9.8922934651763783e-01
3.8400000000000901e+01  8.4036651859327929e+00  2.4549133756306924e-02  8.4829394596067704e+00  1.4919415664024629e-01  3.1994879171771629e+01  3.1999998087157866e+01  3.1999999564318170e+01  4.7999999999999998e+00  8.4035368729458710e+00  8.4831851342414311e+00  1.5147038233174473e-01  6.1268720424686132e+00  7.2967280769208809e-01  6.0041832132456454e+00  7.2857973192139525e-01  4.9375217165337060e-01  9.8922963705046052e-01
3.9200000000000799e+01  8.4105354824065071e+00  2.4558704572385175e-02  8.5091395798231595e+00  1.4921414904367025e-01  3.1996094642670059e+01  3.1999998024752582e+01  3.1999999553955849e+01  4.7999999999999998e+00  8.4104088782216309e+00  8.5093926413339229e+00  1.5147834689449996e-01  6.1670354387915687e+00  7.2998865261911006e-01  6.0483373087246219e+00  7.2828288084014259e-01  4.9354229955396522e-01  9.8923025558822020e-01
4.0000000000000597e+01  8.4179020024719904e+00  2.4567000394614767e-02  8.5335568294664235e+00  1.4922853463843475e-01  3.1997480442190113e+01  3.1999997967949604e+01  3.1999999546889960e+01  4.7999999999999998e+00  8.4177773464184646e+00  8.5338166742192296e+00  1.5148060655882237e-01  6.2040765320853186e+00  7.3026100116857839e-01  6.0900290321944155e+00  7.2793777113264091e-01  4.9335899049794085e-01  9.8922896295774099e-01
4.0800000000000502e+01  8.4249117179980111e+00  2.4564714272966602e-02  8.5555636635724639e+00  1.4924660696085160e-01  3.1998697101748629e+01  3.1999997911372994e+01  3.1999999539371057e+01  4.7999999999999998e+00  8.4247880541639990e+00  8.5558316015850462e+00  1.5148646940710458e-01  6.2378082450431549e+00  7.3052516569322290e-01  6.1275766061910177e+00  7.2738869859807431e-01  4.9316144798135036e-01  9.8922587665652817e-01
4.1600000000000300e+01  8.4308677020557052e+00  2.4556705784240958e-02  8.5741203177016452e+00  1.4928122225228543e-01  3.1999192696237213e+01  3.1999997854602764e+01  3.1999999531571845e+01  4.7999999999999998e+00  8.4307441943045873e+00  8.5744005353327228e+00  1.5150868469579723e-01  6.2649456669203252e+00  7.3089000873149079e-01  6.1615916701864357e+00  7.2712639136798907e-01  4.9290761302328601e-01  9.8922299245056422e-01
4.2400000000000098e+01  8.4363701904071142e+00  2.4554999801750896e-02  8.5897245223049499e+00  1.4932735356171603e-01  3.1999820873234814e+01  3.1999997799925200e+01  3.1999999523735383e+01  4.7999999999999998e+00  8.4362475452003771e+00  8.5900166694327762e+00  1.5154208436624891e-01  6.2888661433497095e+00  7.3127837572582000e-01  6.1899844571599560e+00  7.2687586967698414e-01  4.9267120138531917e-01  9.8922232903817664e-01
4.3200000000000003e+01  8.4426204026619711e+00  2.4562810984210457e-02  8.6035302490741241e+00  1.4936597430276488e-01  3.2001482529834270e+01  3.1999997738781421e+01  3.1999999508879448e+01  4.7999999999999998e+00  8.4425002187179992e+00  8.6038293594199402e+00  1.5124837819385623e-01  6.3108717291024226e+00  7.3154852503349976e-01  6.2147229839666913e+00  7.2668932719832480e-01  4.9252215386727544e-01  9.8922274103271202e-01
4.3999999999999801e+01  8.4492894434877499e+00  2.4570732167499311e-02  8.6144168742057463e+00  1.4939869817643445e-01  3.2003898303458044e+01  3.1999997682820389e+01  3.1999999499551834e+01  4.7999999999999998e+00  8.4491724250179807e+00  8.6147196193200859e+00  1.5126725805902308e-01  6.3280013773924662e+00  7.3172489293895293e-01  6.2355270171130401e+00  7.2658389952178715e-01  4.9243785222836928e-01  9.8922130671352271e-01
4.4799999999999699e+01  8.4553596851731250e+00  2.4569534886335270e-02  8.6228837724580742e+00  1.4943907277080049e-01  3.2006406470798616e+01  3.1999997625369275e+01  3.1999999491954718e+01  4.7999999999999998e+00  8.4552451936639414e+00  8.6231902667236735e+00  1.5129375661797348e-01  6.3424541546193991e+00  7.3190438095422738e-01  6.2516824519891987e+00  7.2648184326620058e-01  4.9235420950303860e-01  9.8921787602365452e-01
4.5599999999999497e+01  8.4601821372815742e+00  2.4562289728117050e-02  8.6271860929862587e+00  1.4949971759481648e-01  3.2008433516967919e+01  3.1999997563948735e+01  3.1999999481641872e+01  4.7999999999999998e+00  8.4600692704126885e+00  8.6274996447729624e+00  1.5139251651691987e-01  6.3483672760524970e+00  7.3218420358522474e-01  6.2641210384752988e+00  7.2650753762567588e-01  4.9223052154281766e-01  9.8921476070887859e-01
4.6399999999999302e+01  8.4651492545469029e+00  2.4559865334571697e-02  8.6284313647776862e+00  1.4956036882504403e-01  3.2011089324630994e+01  3.1999997506269711e+01  3.1999999471244180e+01  4.7999999999999998e+00  8.4650380703219614e+00  8.6287495991308845e+00  1.5134401175461726e-01  6.3516198933762604e+00  7.3233983689703530e-01  6.2703058578801913e+00  7.2592515836563010e-01  4.9218326077376323e-01  9.8921354402863881e-01
4.7199999999999200e+01  8.4710158509913338e+00  2.4566286979783351e-02  8.6281136692939544e+00  1.4960872156405977e-01  3.2015248219337387e+01  3.1999997443819307e+01  3.1999999455467243e+01  4.7999999999999998e+00  8.4709073014166467e+00  8.6284294826681602e+00  1.5257329306849723e-01  6.3556932745053523e+00  7.3230318811574446e-01  6.2706740108551751e+00  7.2613242607677642e-01  4.9225602629184567e-01  9.8921389560708783e-01
4.7999999999998998e+01  8.4770789617763977e+00  2.4573661148235792e-02  8.6262370501298378e+00  1.5373127960285424e-01  3.2020141230765610e+01  3.1999997378940105e+01  3.1999999435652729e+01  4.7999999999999998e+00  8.4769733830372918e+00  8.6265470733647174e+00  1.5260146898589336e-01  6.3566676842074177e+00  7.3222125583791842e-01  6.2686336432850513e+00  7.2673241528724875e-01  4.9237307270523456e-01  9.8921322377267451e-01
4.8799999999998903e+01  8.4821942667437611e+00  2.4573061195288064e-02  8.6202157245864193e+00  1.5404802320885372e-01  3.2024802719321272e+01  3.1999997314766969e+01  3.1999999422209257e+01  4.7999999999999998e+00  8.4820912811416989e+00  8.6205216702233081e+00  1.5367681878452658e-01  6.3514445809847340e+00  7.3220429120121511e-01  6.2613554209255193e+00  7.2704442153395565e-01  4.9247584332020516e-01  9.8920988669921672e-01
4.9599999999998701e+01  8.4868310182696423e+00  2.4566455864141371e-02  8.6127998877703771e+00  1.5441804101058326e-01  3.2029280025238556e+01  3.1999997247377021e+01  3.1999999403814481e+01  4.7999999999999998e+00  8.4867304192977713e+00  8.6131033230950340e+00  1.5372438179415165e-01  6.3436068900191174e+00  7.3217252088640750e-01  6.2518807827106118e+00  7.2694737844574375e-01  4.9257550805244721e-01  9.8920626922522759e-01
5.0399999999998499e+01  8.4916130882434597e+00  2.4563685329614327e-02  8.6033266997361419e+00  1.5467497240180478e-01  3.2034640306664002e+01  3.1999997178712832e+01  3.1999999384396610e+01  4.7999999999999998e+00  8.4915155033048961e+00  8.6036235445420122e+00  1.5377051925653878e-01  6.3333429927359717e+00  7.3205659484049956e-01  6.2381725509347685e+00  7.2736927890131786e-01  4.9272118757581118e-01  9.8920491950570510e-01
5.1199999999998397e+01  8.4964493551957183e+00  2.4569028229416336e-02  8.5928597722259550e+00  1.5338179596825427e-01  3.2040315134643329e+01  3.1999997112255922e+01  3.1999999365033489e+01  4.7999999999999998e+00  8.4963554581754348e+00  8.5931486926818756e+00  1.5381779164867582e-01  6.3229228217972056e+00  7.3193190999149549e-01  6.2209804094912409e+00  7.2783034278053282e-01  4.9290616300083351e-01  9.8920520465397443e-01
5.1999999999998202e+01  8.5006016608777077e+00  2.4575729745004739e-02  8.5804615515920908e+00  1.5208379499042721e-01  3.2046342771701156e+01  3.1999997044729326e+01  3.1999999342704129e+01  4.7999999999999998e+00  8.5005113947311877e+00  8.5807407427043412e+00  1.5379462030431645e-01  6.3096173966950673e+00  7.3192808913216034e-01  6.2003653956162657e+00  7.2831443524140071e-01  4.9307346497324417e-01  9.8920423031208593e-01
5.2799999999998100e+01  8.5039677014969577e+00  2.4575469528381095e-02  8.5663003311241663e+00  1.5216543404906804e-01  3.2051864377246943e+01  3.1999996973378199e+01  3.1999999319811955e+01  4.7999999999999998e+00  8.5038802618677529e+00  8.5665728782558528e+00  1.5386744189886870e-01  6.2910471833315205e+00  7.3203223399433714e-01  6.1794147291471440e+00  7.2880329026141566e-01  4.9319311505952351e-01  9.8920054639014032e-01
5.3599999999997898e+01  8.5071989807661055e+00  2.4569553289702992e-02  8.5516501774621183e+00  1.5191787810825491e-01  3.2057365539563911e+01  3.1999996900074823e+01  3.1999999296299713e+01  4.7999999999999998e+00  8.5071137035146300e+00  8.5519166845310188e+00  1.5398457934657828e-01  6.2726802237703065e+00  7.3209840568493023e-01  6.1563484449796970e+00  7.2931243175734051e-01  4.9330954843161179e-01  9.8919684341243153e-01
5.4399999999997704e+01  8.5104803832891989e+00  2.4566739146899264e-02  8.5363416163884551e+00  1.5205218196812922e-01  3.2063311988036730e+01  3.1999996817157232e+01  3.1999999268126359e+01  4.7999999999999998e+00  8.5103972539810986e+00  8.5366000655765202e+00  1.5272321789858109e-01  6.2519710619156319e+00  7.3263774099517853e-01  6.1328858362569081e+00  7.2981822493139070e-01  4.9342468701223030e-01  9.8919553470268473e-01
5.5199999999997601e+01  8.5136234099253283e+00  2.4571191672487631e-02  8.5207506427561572e+00  1.5320735521472870e-01  3.2068889033258344e+01  3.1999996732574282e+01  3.1999999243340106e+01  4.7999999999999998e+00  8.5135425806124143e+00  8.5210030769903771e+00  1.5503121177586424e-01  6.2300806783755025e+00  7.3419214890723761e-01  6.1090536976151819e+00  7.3071013285362585e-01  4.9352126354488823e-01  9.8919516135279550e-01
5.5999999999997399e+01  8.5163540048839401e+00  2.4577183537037878e-02  8.5039935493995014e+00  1.5330257955367046e-01  3.2074399103616017e+01  3.1999996660018748e+01  3.1999999222563744e+01  4.7999999999999998e+00  8.5162753860486546e+00  8.5042402106662109e+00  1.5511297793391016e-01  6.2066613083643718e+00  7.3536923772068075e-01  6.0828396145894397e+00  7.3117619486111018e-01  4.9358873297879580e-01  9.8919383928567006e-01
5.6799999999997297e+01  8.5189064200918079e+00  2.4577251157083306e-02  8.4876266719662858e+00  1.5440762030134966e-01  3.2079721943680930e+01  3.1999996585973470e+01  3.1999999205170802e+01  4.7999999999999998e+00  8.5188296418282548e+00  8.4878687760472893e+00  1.5519846393103759e-01  6.1819821058154183e+00  7.3658470521604158e-01  6.0586203013869460e+00  7.3203000513449112e-01  4.9361972030686641e-01  9.8919060089767041e-01
5.7599999999997102e+01  8.5213805492578913e+00  2.4572213199451041e-02  8.4696618461999940e+00  1.5450666366209478e-01  3.2084697726772461e+01  3.1999996523657000e+01  3.1999999192889536e+01  4.7999999999999998e+00  8.5213053098794909e+00  8.4699016734848129e+00  1.5566605819078849e-01  6.1532888363055722e+00  7.3631385775237812e-01  6.0332122509097594e+00  7.3150715588329118e-01  4.9362398911503541e-01  9.8918596254083013e-01
5.8399999999997000e+01  8.5242717950026918e+00  2.4569576556017957e-02  8.4537850423225098e+00  1.5459946376535602e-01  3.2089649168228163e+01  3.1999996459176593e+01  3.1999999179222321e+01  4.7999999999999998e+00  8.5241983095552030e+00  8.4540228271735138e+00  1.5574538015413045e-01  6.1274569313483971e+00  7.3661859554754860e-01  6.0114341702359164e+00  7.3185271722464085e-01  4.9360347552887474e-01  9.8918376849855827e-01
5.9199999999996798e+01  8.5272657674703822e+00  2.4573145517936972e-02  8.4385651076948438e+00  1.5469325000208756e-01  3.2094363571634581e+01  3.1999996394634440e+01  3.1999999163108935e+01  4.7999999999999998e+00  8.5271945503736042e+00  8.4388020308830018e+00  1.5582558851980755e-01  6.1022568659131213e+00  7.3660493890448875e-01  5.9899131120189164e+00  7.3212960692119933e-01  4.9354810677551869e-01  9.8918454221082530e-01
5.9999999999996597e+01  8.5303333583334950e+00  2.4578262232816759e-02  8.4229367650187399e+00  1.5470369957213259e-01  3.2098491318604708e+01  3.1999996328814152e+01  3.1999999145109335e+01  4.7999999999999998e+00  8.5302646036603580e+00  8.4231759853905182e+00  1.5579527527174725e-01  6.0741908474367374e+00  7.3732285904567385e-01  5.9708577885268443e+00  7.3232749498398442e-01  4.9344807386004375e-01  9.8918331613748434e-01
6.0799999999996501e+01  8.5339759562580149e+00  2.4578551196038505e-02  8.4090435681868030e+00  1.5479084373478214e-01  3.2102359830717653e+01  3.1999996248263813e+01  3.1999999121183016e+01  4.7999999999999998e+00  8.5339093363392138e+00  8.4092867245364094e+00  1.5448304204025226e-01  6.0492335169129374e+00  7.3799709166078120e-01  5.9534788126007578e+00  7.3306419220849006e-01  4.9333274846263220e-01  9.8917921993558589e-01
6.1599999999996299e+01  8.5382505879526729e+00  2.4574395571515494e-02  8.3964158840892242e+00  1.5490927772311935e-01  3.2106411700693407e+01  3.1999996163747433e+01  3.1999999099297010e+01  4.7999999999999998e+00  8.5381857056594299e+00  8.3966622938514988e+00  1.5453997794012458e-01  6.0243166037685310e+00  7.3883560552173699e-01  5.9390818976242041e+00  7.3312523339043600e-01  4.9319955979233404e-01  9.8917572185624314e-01
6.2399999999996197e+01  8.5427737915584672e+00  2.4571948543493559e-02  8.3851469764177260e+00  1.5498220756192219e-01  3.2110046400841235e+01  3.1999996062365952e+01  3.1999999072411661e+01  4.7999999999999998e+00  8.5427106331727991e+00  8.3853990910281908e+00  1.5459327711424456e-01  5.9994242223439898e+00  7.3923062686935759e-01  5.9291392356874608e+00  7.3311119103432199e-01  4.9302809288598848e-01  9.8917400145698398e-01
6.3199999999996002e+01  8.5472244863794167e+00  2.4574670462011512e-02  8.3735191114632190e+00  1.5366611797509344e-01  3.2113335503978753e+01  3.1999995966360203e+01  3.1999999049527954e+01  4.7999999999999998e+00  8.5471634878877367e+00  8.3737788136091993e+00  1.5465067779918110e-01  5.9738480358161894e+00  7.3970407120614845e-01  5.9185812888760534e+00  7.3346856860281995e-01  4.9282926126230775e-01  9.8917360252291098e-01
6.3999999999995801e+01  8.5521009802526091e+00  2.4578962490242103e-02  8.3635332042649413e+00  1.5373482861253290e-01  3.2116440502280490e+01  3.1999995868696743e+01  3.1999999032941478e+01  4.7999999999999998e+00  8.5520425732838792e+00  8.3638017607312847e+00  1.5470367667655346e-01  5.9503559237756649e+00  7.3974112806974002e-01  5.9116763302084774e+00  7.3291159861552790e-01  4.9263807688123695e-01  9.8917267157925515e-01
6.4799999999996203e+01  8.5576932645997985e+00  2.4579327275149439e-02  8.3559580682737398e+00  1.5379217577941195e-01  3.2119836155993106e+01  3.1999995781277388e+01  3.1999999016273502e+01  4.7999999999999998e+00  8.5576373476342678e+00  8.3562344440138965e+00  1.5474507807139756e-01  5.9331604824595860e+00  7.4048872173277536e-01  5.9049870612949427e+00  7.3283500965857007e-01  4.9249372726750684e-01  9.8916857403771552e-01
6.5599999999996697e+01  8.5634191334088374e+00  2.4575682677489268e-02  8.3472690307221384e+00  1.5600635816386632e-01  3.2123939225488428e+01  3.1999995690470211e+01  3.1999999005785636e+01  4.7999999999999998e+00  8.5633651130487678e+00  8.3475500703448482e+00  1.5609965370741691e-01  5.9144875462392053e+00  7.3992216779119890e-01  5.8964383544366878e+00  7.3278002021894617e-01  4.9236687362107356e-01  9.8916392795224706e-01
6.6399999999997107e+01  8.5689755434647541e+00  2.4573076592986305e-02  8.3401929785455540e+00  1.5606090854520516e-01  3.2127691017272966e+01  3.1999995600603604e+01  3.1999998994282766e+01  4.7999999999999998e+00  8.5689227672700383e+00  8.3404813365438439e+00  1.5623251947847336e-01  5.8968169211761277e+00  7.4018933220083383e-01  5.8919287708053103e+00  7.3313886148188401e-01  4.9222406970323013e-01  9.8916202596269309e-01
6.7199999999997502e+01  8.5744150021017820e+00  2.4574729248370748e-02  8.3339282995206911e+00  1.5612093172287614e-01  3.2131618947010239e+01  3.1999995516227372e+01  3.1999998971092449e+01  4.7999999999999998e+00  8.5743633825679382e+00  8.3342235165219574e+00  1.5627247684525553e-01  5.8819418160228549e+00  7.4094539567964812e-01  5.8876902493301992e+00  7.3264074278406022e-01  4.9209484282525817e-01  9.8916141118897105e-01
6.7999999999997897e+01  8.5802896615821833e+00  2.4578076036573956e-02  8.3267748196345721e+00  1.5608197020523712e-01  3.2136435677053406e+01  3.1999995408781299e+01  3.1999998947621371e+01  4.7999999999999998e+00  8.5802397718795280e+00  8.3270726271910167e+00  1.5630817999006075e-01  5.8655365404904467e+00  7.4112336668897216e-01  5.8821159797521627e+00  7.3259094528633184e-01  4.9202881658792930e-01  9.8916054225241690e-01
6.8799999999998306e+01  8.5871067223928446e+00  2.4578481652552792e-02  8.3221097334109846e+00  1.5657607980860375e-01  3.2141778440054296e+01  3.1999995306630311e+01  3.1999998923939962e+01  4.7999999999999998e+00  8.5870593089234539e+00  8.3224077265358751e+00  1.5632793437877354e-01  5.8560682046526749e+00  7.4070061162446577e-01  5.8775934021285430e+00  7.3263371779575281e-01  4.9203712614924189e-01  9.8915852976988561e-01
6.9599999999998701e+01  8.5941771202631738e+00  2.4575224077840619e-02  8.3191452995930089e+00  1.5660916448470022e-01  3.2147555522786718e+01  3.1999995219398688e+01  3.1999998911616139e+01  4.7999999999999998e+00  8.5941330494316865e+00  8.3194413071949800e+00  1.5680807182364562e-01  5.8516739036326877e+00  7.4058036656139647e-01  5.8728802985184592e+00  7.3270389371410716e-01  4.9207550408062428e-01  9.8915501477712731e-01
7.0399999999999096e+01  8.6006146773904124e+00  2.4572170921155278e-02  8.3156658450650323e+00  1.5652899633028450e-01  3.2153610809162657e+01  3.1999995126159163e+01  3.1999998885192905e+01  4.7999999999999998e+00  8.6005745858301275e+00  8.3159586570210564e+00  1.5682936713023235e-01  5.8459073910024815e+00  7.4096497893998037e-01  5.8677948399588091e+00  7.3281619342718574e-01  4.9210468718446482e-01  9.8915201982658896e-01
7.1199999999999505e+01  8.6068309244731509e+00  2.4572580441953592e-02  8.3104699998635123e+00  1.5511485396183416e-01  3.2159738108112165e+01  3.1999995036952075e+01  3.1999998849098120e+01  4.7999999999999998e+00  8.6067950366499844e+00  8.3107600663012207e+00  1.5420563596144013e-01  5.8385531176312506e+00  7.4031852816963750e-01  5.8594759466434914e+00  7.3315771197872559e-01  4.9216052258968457e-01  9.8915235690504477e-01
7.1999999999999901e+01  8.6136437920479771e+00  2.4575084039853694e-02  8.3083340804827390e+00  1.5515135341267863e-01  3.2166725020455800e+01  3.1999994941192110e+01  3.1999998822044127e+01  4.7999999999999998e+00  8.6136117801432590e+00  8.3086171594350358e+00  1.5421795752287878e-01  5.8354632724383224e+00  7.4015337600903219e-01  5.8561967752948147e+00  7.3330307345628565e-01  4.9226466330546592e-01  9.8915209494558531e-01
7.2800000000000296e+01  8.6203955170732876e+00  2.4575726288867134e-02  8.3051319279949034e+00  1.5518941752992951e-01  3.2173946175265378e+01  3.1999994844334498e+01  3.1999998804052183e+01  4.7999999999999998e+00  8.6203663756810229e+00  8.3054073549959710e+00  1.5502493505828696e-01  5.8341797216447882e+00  7.3994223223187761e-01  5.8474116305297885e+00  7.3353671871720050e-01  4.9240010677235796e-01  9.8914838812543215e-01
7.3600000000000705e+01  8.6263930963347626e+00  2.4573022921637360e-02  8.3009917769220998e+00  1.5645517148116872e-01  3.2181026572781754e+01  3.1999994753414821e+01  3.1999998792827544e+01  4.7999999999999998e+00  8.6263657152405280e+00  8.3012606721277926e+00  1.5495734555630108e-01  5.8310022512751001e+00  7.3980727693688519e-01  5.8381790266659133e+00  7.3356947553822294e-01  4.9251082883383257e-01  9.8914515047355078e-01
7.4400000000001199e+01  8.6319613444736305e+00  2.4569711944166212e-02  8.2979517936377842e+00  1.5659314310794742e-01  3.2187725587934793e+01  3.1999994660986935e+01  3.1999998775833259e+01  4.7999999999999998e+00  8.6319352690922777e+00  8.2982165958849201e+00  1.5476264033041190e-01  5.8293049131647159e+00  7.3979490350996480e-01  5.8312895067746346e+00  7.3449228076384865e-01  4.9260186796549765e-01  9.8914329185326433e-01
7.5200000000001594e+01  8.6375866173785205e+00  2.4569136486484032e-02  8.2945556095359017e+00  1.5664732497674627e-01  3.2194823830183893e+01  3.1999994568636673e+01  3.1999998759072660e+01  4.7999999999999998e+00  8.6375624170614351e+00  8.2948142851357325e+00  1.5479675174360200e-01  5.8289449803239428e+00  7.3972906993353138e-01  5.8212741599423783e+00  7.3480301478441967e-01  4.9272120042290823e-01  9.8914318161030090e-01
7.6000000000002004e+01  8.6431982371995524e+00  2.4570728736204001e-02  8.2904786605153156e+00  1.5713134475381732e-01  3.2202584565085537e+01  3.1999994478848926e+01  3.1999998760941580e+01  4.7999999999999998e+00  8.6431769342251989e+00  8.2907275885782958e+00  1.5483403359504180e-01  5.8265949786493589e+00  7.3961808098432713e-01  5.8110208906955103e+00  7.3466119869726243e-01  4.9285718262198952e-01  9.8914262559604449e-01
7.6800000000002399e+01  8.6483658232157161e+00  2.4570881050059938e-02  8.2860479489452317e+00  1.5719400783394413e-01  3.2209846533358281e+01  3.1999994404520628e+01  3.1999998759690719e+01  4.7999999999999998e+00  8.6483477633393875e+00  8.2862901314815911e+00  1.5509158498330550e-01  5.8234658334353133e+00  7.4004932690936842e-01  5.8010059252297932e+00  7.3499463379556385e-01  4.9296672223382282e-01  9.8913901777908353e-01
7.7600000000002794e+01  8.6529527231335202e+00  2.4568025726205547e-02  8.2810640174369521e+00  1.5453186109017725e-01  3.2216792784071814e+01  3.1999994333826070e+01  3.1999998764939281e+01  4.7999999999999998e+00  8.6529374267731036e+00  8.2813013772708466e+00  1.5523222755839050e-01  5.8189635169816363e+00  7.3969656264410455e-01  5.7904750425878797e+00  7.3615479716461540e-01  4.9303674793257479e-01  9.8913585088655986e-01
7.8400000000003203e+01  8.6573950651356064e+00  2.4564614396376909e-02  8.2761082904139904e+00  1.5460111119544509e-01  3.2223528800964459e+01  3.1999994267293804e+01  3.1999998752965354e+01  4.7999999999999998e+00  8.6573820467948615e+00  8.2763424996070807e+00  1.5444031753125267e-01  5.8160879559294205e+00  7.3976150904419957e-01  5.7786484669496154e+00  7.3604380642185119e-01  4.9309779513991653e-01  9.8913591907325349e-01
7.9200000000003598e+01  8.6619385337839585e+00  2.4563635067298341e-02  8.2712473073129562e+00  1.5534606283023059e-01  3.2230248669272342e+01  3.1999994194256196e+01  3.1999998724330425e+01  4.7999999999999998e+00  8.6619278821404428e+00  8.2714788891194502e+00  1.5449565941380433e-01  5.8124734409932719e+00  7.3922932489491744e-01  5.7679839150882835e+00  7.3679294077127344e-01  4.9315880914612009e-01  9.8913622657134437e-01
8.0000000000003993e+01  8.6664435165512170e+00  2.4564791706029068e-02  8.2659965303454683e+00  1.5518188521412016e-01  3.2237062651186001e+01  3.1999994109837896e+01  3.1999998696314929e+01  4.7999999999999998e+00  8.6664357649033725e+00  8.2662250561930044e+00  1.5714989598471701e-01  5.8076158048151907e+00  7.3933979493153013e-01  5.7568862409602275e+00  7.3709132093572072e-01  4.9320520301169329e-01  9.8913349081975876e-01
8.0800000000004403e+01  8.6706635863232986e+00  2.4565003039985264e-02  8.2599774177916050e+00  1.5525798482124795e-01  3.2243554373969395e+01  3.1999994036009234e+01  3.1999998669237115e+01  4.7999999999999998e+00  8.6706590395758383e+00  8.2602047420685469e+00  1.5757330988603502e-01  5.8014013431440947e+00  7.4003843497887400e-01  5.7450215554578943e+00  7.3735896718258376e-01  4.9321450200817418e-01  9.8913020344566072e-01
8.1600000000004798e+01  8.6747938069250470e+00  2.4562362128254869e-02  8.2543369318725723e+00  1.5533754981323319e-01  3.2249759594017050e+01  3.1999993967724283e+01  3.1999998630956110e+01  4.7999999999999998e+00  8.6747922316507395e+00  8.2545649409815169e+00  1.5672734643920394e-01  5.7938583476873324e+00  7.3986781260845436e-01  5.7359637981929392e+00  7.3758251224416982e-01  4.9318604710745484e-01  9.8912806375605999e-01
8.2400000000005207e+01  8.6790586470983548e+00  2.4558673500138632e-02  8.2489821511534682e+00  1.5541769873750375e-01  3.2255606475666255e+01  3.1999993874424366e+01  3.1999998578501209e+01  4.7999999999999998e+00  8.6790594794284601e+00  8.2492133855809922e+00  1.5678491158196178e-01  5.7874559657049405e+00  7.4010240030862651e-01  5.7266394513754690e+00  7.3730835047313015e-01  4.9314482909948315e-01  9.8912652230545617e-01
8.3200000000005701e+01  8.6837015450589519e+00  2.4557066809179771e-02  8.2434915327716816e+00  1.5549486737262544e-01  3.2261591247295037e+01  3.1999993763374530e+01  3.1999998524206255e+01  4.7999999999999998e+00  8.6837045731781917e+00  8.2437255228230324e+00  1.5683910574901044e-01  5.7805105486314838e+00  7.4032202321846063e-01  5.7167256926682564e+00  7.3722416097455046e-01  4.9309763708168275e-01  9.8912246984260765e-01
8.4000000000006096e+01  8.6886223743021631e+00  2.4557680942001038e-02  8.2379695771978518e+00  1.5577515877421380e-01  3.2267516582337493e+01  3.1999993659281699e+01  3.1999998493425878e+01  4.7999999999999998e+00  8.6886278401179986e+00  8.2382068084530360e+00  1.5676601175640736e-01  5.7715940549691096e+00  7.4057633955909352e-01  5.7090899437272205e+00  7.3707328630375024e-01  4.9302379874017893e-01  9.8911741772824890e-01
8.4800000000006506e+01  8.6936341024471417e+00  2.4557430275391822e-02  8.2329844962201495e+00  1.5593395583971817e-01  3.2272908167684221e+01  3.1999993541773140e+01  3.1999998481758706e+01  4.7999999999999998e+00  8.6936421298821358e+00  8.2332281586723042e+00  1.5544796158232047e-01  5.7631399143909645e+00  7.4134100939129099e-01  5.7031242905792778e+00  7.3751806264851194e-01  4.9291219757783528e-01  9.8911195537736762e-01
8.5600000000006901e+01  8.6987589189410564e+00  2.4554304240703078e-02  8.2282369613370268e+00  1.5512344990391963e-01  3.2278163965697473e+01  3.1999993432965738e+01  3.1999998488915885e+01  4.7999999999999998e+00  8.6987694908997675e+00  8.2284881752162207e+00  1.5549283343269257e-01  5.7548193726085115e+00  7.4209599363624668e-01  5.6975533352386956e+00  7.3751455786263309e-01  4.9278507647253933e-01  9.8910712175257709e-01
8.6400000000007296e+01  8.7042267180767361e+00  2.4550091349089830e-02  8.2233465511157799e+00  1.5519134809319526e-01  3.2283668713216414e+01  3.1999993318726414e+01  3.1999998473332834e+01  4.7999999999999998e+00  8.7042397217493530e+00  8.2236044105301449e+00  1.5553313931935323e-01  5.7447735768273311e+00  7.4153586522334547e-01  5.6925861628990466e+00  7.3790430514223737e-01  4.9266287679251675e-01  9.8910220592526654e-01
8.7200000000007705e+01  8.7101783919983049e+00  2.4547803691932251e-02  8.2192940415098512e+00  1.5775531468890089e-01  3.2289253919946944e+01  3.1999993166672709e+01  3.1999998448165190e+01  4.7999999999999998e+00  8.7101937107126410e+00  8.2195585686088446e+00  1.5690754737162282e-01  5.7366542004302641e+00  7.4244279203021146e-01  5.6883801830143002e+00  7.3806159914347003e-01  4.9255332149741177e-01  9.8909739973544242e-01
8.8000000000008100e+01  8.7161146520751416e+00  2.4547655015714827e-02  8.2153539133950559e+00  1.5781125961057973e-01  3.2294747708902541e+01  3.1999993024795977e+01  3.1999998445963186e+01  4.7999999999999998e+00  8.7161323391826819e+00  8.2156260221409703e+00  1.5713046356340968e-01  5.7290735774144883e+00  7.4266849524524137e-01  5.6842443763978503e+00  7.3617397260849637e-01  4.9243997168904940e-01  9.8909301199919275e-01
8.8800000000008495e+01  8.7218315262577910e+00  2.4547057252137707e-02  8.2100971443721775e+00  1.5822415023232711e-01  3.2300372728999626e+01  3.1999992889057062e+01  3.1999998439891559e+01  4.7999999999999998e+00  8.7218517273595104e+00  8.2103764921405435e+00  1.5706411703261730e-01  5.7176610573623288e+00  7.4298552445947674e-01  5.6795591696968266e+00  7.3566489885892961e-01  4.9231871318887332e-01  9.8908808953903959e-01
8.9600000000008905e+01  8.7279925966871268e+00  2.4544204578396206e-02  8.2063418238442072e+00  1.5732814915935150e-01  3.2306323782765759e+01  3.1999992749215266e+01  3.1999998437105351e+01  4.7999999999999998e+00  8.7280154606458353e+00  8.2066269848877571e+00  1.5709303313878525e-01  5.7097351754255277e+00  7.4314952810705170e-01  5.6758318037485926e+00  7.3422068079158953e-01  4.9222772833138839e-01  9.8908262794695179e-01
9.0400000000009300e+01  8.7347606105180517e+00  2.4540187157963290e-02  8.2035949302515014e+00  1.5737128312728599e-01  3.2312681208714388e+01  3.1999992585963668e+01  3.1999998434581059e+01  4.7999999999999998e+00  8.7347862569611934e+00  8.2038841579591733e+00  1.5669312761459953e-01  5.7058287936243106e+00  7.4317400151874224e-01  5.6717371335839033e+00  7.3421039083667006e-01  4.9218531106079461e-01  9.8907745757371068e-01
9.1200000000009794e+01  8.7415691261355040e+00  2.4537351102524439e-02  8.2004958199977995e+00  1.5727633079949921e-01  3.2319474063166012e+01  3.1999992451894759e+01  3.1999998409436738e+01  4.7999999999999998e+00  8.7415975392789385e+00  8.2007871289466650e+00  1.5671275014112621e-01  5.7006075970244634e+00  7.4328425363869677e-01  5.6674111103203684e+00  7.3421598851492598e-01  4.9215835520115164e-01  9.8907287768224506e-01
9.2000000000010203e+01  8.7480339748559395e+00  2.4536202900796455e-02  8.1966248540295705e+00  1.5586582876743274e-01  3.2326502473916328e+01  3.1999992293475490e+01  3.1999998386496809e+01  4.7999999999999998e+00  8.7480649402912185e+00  8.1969173310696597e+00  1.5451309879696190e-01  5.6938214384223196e+00  7.4333405361650340e-01  5.6619122829240069e+00  7.3424856781513115e-01  4.9213258638039620e-01  9.8906853126296979e-01
9.2800000000010598e+01  8.7545744728366088e+00  2.4534691573541868e-02  8.1931969306030279e+00  1.5591372064545725e-01  3.2333647759588629e+01  3.1999992132065184e+01  3.1999998357592130e+01  4.7999999999999998e+00  8.7546079345828076e+00  8.1934904188091675e+00  1.5582311499271795e-01  5.6886228555608946e+00  7.4334846200511784e-01  5.6567812118251890e+00  7.3430605808481109e-01  4.9212872482367959e-01  9.8906394502887529e-01
9.3600000000010994e+01  8.7617068207425017e+00  2.4531047852654659e-02  8.1914441772118458e+00  1.5595348548417046e-01  3.2341193560048417e+01  3.1999992001329147e+01  3.1999998332473204e+01  4.7999999999999998e+00  8.7617429851734343e+00  8.1917369245341458e+00  1.5579288242796988e-01  5.6895917054967953e+00  7.4348756398147886e-01  5.6510738547082946e+00  7.3564624231877840e-01  4.9217874871247014e-01  9.8905894375265690e-01
9.4400000000011403e+01  8.7686882283975702e+00  2.4526232435592328e-02  8.1874165838184574e+00  1.5745101950090193e-01  3.2349368754518679e+01  3.1999991876661053e+01  3.1999998320567748e+01  4.7999999999999998e+00  8.7687273231172131e+00  8.1877055300469088e+00  1.5588740647812088e-01  5.6845571689078120e+00  7.4338140070799186e-01  5.6431192768227287e+00  7.3704963094707088e-01  4.9224255246067017e-01  9.8905376634089470e-01
9.5200000000011798e+01  8.7754531776521656e+00  2.4522507470701348e-02  8.1849979307824441e+00  1.5738889664672026e-01  3.2357729041344122e+01  3.1999991766329295e+01  3.1999998291620187e+01  4.7999999999999998e+00  8.7754952075160126e+00  8.1852822450456308e+00  1.5591009197254352e-01  5.6817713046341183e+00  7.4326795754224706e-01  5.6378476933827111e+00  7.3804640309783098e-01  4.9229904695576476e-01  9.8904907294965472e-01
9.6000000000012193e+01  8.7819880142481672e+00  2.4520425226036188e-02  8.1830898214856447e+00  1.5691216504760766e-01  3.2365918246400639e+01  3.1999991652410692e+01  3.1999998282473904e+01  4.7999999999999998e+00  8.7820329559068657e+00  8.1833708708422943e+00  1.5593904105592626e-01  5.6825096209897703e+00  7.4363822786690648e-01  5.6313240583540978e+00  7.3751168278386470e-01  4.9236533253812143e-01  9.8904492953477352e-01
9.6800000000012602e+01  8.7883462784520532e+00  2.4518225653287404e-02  8.1794229780896437e+00  1.5704807420095920e-01  3.2374287724733065e+01  3.1999991590828706e+01  3.1999998288744365e+01  4.7999999999999998e+00  8.7883943397184332e+00  8.1797002554233469e+00  1.5485569995223453e-01  5.6787998837285505e+00  7.4314165838675106e-01  5.6235809450102412e+00  7.3771437967403941e-01  4.9244245745007326e-01  9.8904028871778527e-01
9.7600000000012997e+01  8.7946476601093551e+00  2.4514271767220531e-02  8.1757858984345155e+00  1.5481899458532333e-01  3.2383043132061800e+01  3.1999991536948226e+01  3.1999998280763265e+01  4.7999999999999998e+00  8.7946990563375245e+00  8.1760575135874465e+00  1.5379810755130560e-01  5.6763134101537673e+00  7.4301498815335942e-01  5.6143902945742079e+00  7.3748598595532244e-01  4.9253810621122590e-01  9.8903512768280166e-01
9.8400000000013407e+01  8.8007091104184791e+00  2.4509345911163053e-02  8.1728655767288032e+00  1.5611475766874253e-01  3.2391889231581310e+01  3.1999991474445576e+01  3.1999998295942842e+01  4.7999999999999998e+00  8.8007635965394879e+00  8.1731312783623071e+00  1.5408367827080466e-01  5.6750482182517166e+00  7.4341707070003504e-01  5.6062357929492945e+00  7.3793107138015845e-01  4.9262258519192004e-01  9.8903061598413877e-01
9.9200000000013802e+01  8.8062514794572948e+00  2.4505429998524508e-02  8.1690717771239481e+00  1.5613433193952841e-01  3.2400214413507470e+01  3.1999991467489870e+01  3.1999998298571846e+01  4.7999999999999998e+00  8.8063083572481720e+00  8.1693350276392795e+00  1.5413058010218414e-01  5.6726168548432465e+00  7.4384755647219136e-01  5.5971898542371390e+00  7.3838685140655758e-01  4.9268388418893949e-01  9.8902655222415836e-01
1.0000000000001400e+02  8.8114751507996516e+00  2.4505021123797207e-02  8.1637228420025032e+00  1.5628148450169030e-01  3.2408728275920460e+01  3.1999991440152581e+01  3.1999998289645170e+01  4.7999999999999998e+00  8.8115338942218067e+00  8.1639829446393275e+00  1.5679147937248927e-01  5.6670227936559776e+00  7.4386239096565776e-01  5.5858622744261410e+00  7.3907977837608885e-01  4.9274653508706762e-01  9.8902238069800130e-01
1.0080000000001500e+02  8.8168537589375759e+00  2.4508763314281628e-02  8.1599798358809501e+00  1.5635397922887298e-01  3.2417553218606308e+01  3.1999991373449991e+01  3.1999998300296387e+01  4.7999999999999998e+00  8.8169143386932660e+00  8.1602352692304727e+00  1.5626744531074410e-01  5.6635827747549632e+00  7.4386709142809593e-01  5.5774348072856377e+00  7.3934104523632482e-01  4.9280956563561806e-01  9.8901843356864116e-01
1.0160000000001500e+02  8.8222499391702769e+00  2.4511261338005807e-02  8.1572047953538860e+00  1.5527062341809708e-01  3.2425994947456118e+01  3.1999991342543748e+01  3.1999998295790988e+01  4.7999999999999998e+00  8.8223124519743195e+00  8.1574580696864274e+00  1.5544704907036411e-01  5.6643914314778057e+00  7.4346061265870800e-01  5.5682548055691461e+00  7.3959775537465144e-01  4.9287039406152000e-01  9.8901394265374631e-01
1.0240000000001500e+02  8.8271207777022624e+00  2.4512930468752501e-02  8.1519091553760497e+00  1.5414550247056941e-01  3.2434368925548995e+01  3.1999991265911206e+01  3.1999998268123068e+01  4.7999999999999998e+00  8.8271852526192163e+00  8.1521609294368425e+00  1.5179942458560011e-01  5.6585098744641815e+00  7.4333999091381298e-01  5.5575780954199150e+00  7.3939862287948699e-01  4.9289998415694347e-01  9.8900861816921792e-01
1.0320000000001600e+02  8.8317618623351528e+00  2.4514899878592945e-02  8.1469514021740359e+00  1.5425932431045844e-01  3.2442695638399066e+01  3.1999991146438092e+01  3.1999998245947488e+01  4.7999999999999998e+00  8.8318281338441285e+00  8.1472021607489751e+00  1.5185155792357308e-01  5.6516460748537813e+00  7.4328343637034822e-01  5.5490093248825625e+00  7.4007090323608538e-01  4.9290096585337317e-01  9.8900436560465343e-01
1.0400000000001600e+02  8.8365252554192608e+00  2.4517776733765918e-02  8.1431869600750098e+00  1.5463822706730571e-01  3.2450929490205304e+01  3.1999991038404804e+01  3.1999998226981184e+01  4.7999999999999998e+00  8.8365931522387413e+00  8.1434376075350734e+00  1.5190484929250872e-01  5.6486086743780550e+00  7.4388632725448256e-01  5.5409206512890989e+00  7.3935763018469591e-01  4.9290128968100977e-01  9.8900121508599204e-01
1.0480000000001699e+02  8.8413461591350373e+00  2.4520891254395459e-02  8.1376758150906809e+00  1.5597807546618125e-01  3.2459285690201853e+01  3.1999990884618072e+01  3.1999998197394863e+01  4.7999999999999998e+00  8.8414157283236001e+00  8.1379261933026736e+00  1.5196101808728535e-01  5.6412856695303315e+00  7.4450498479456240e-01  5.5317375285979162e+00  7.3998574671920725e-01  4.9289669304645095e-01  9.8899723506926995e-01
1.0560000000001700e+02  8.8463370965918955e+00  2.4523073191316129e-02  8.1315500576428672e+00  1.5710639123193315e-01  3.2467603938435197e+01  3.1999990681752845e+01  3.1999998170356132e+01  4.7999999999999998e+00  8.8464084722388723e+00  8.1318007100148453e+00  1.5649672954910010e-01  5.6306202248545230e+00  7.4407592772110076e-01  5.5235590905448371e+00  7.4014090356034046e-01  4.9286362889428975e-01  9.8899289341491348e-01
1.0640000000001800e+02  8.8513579989140432e+00  2.4524141028605791e-02  8.1269206212784155e+00  1.5682521753555048e-01  3.2475702982317294e+01  3.1999990495943841e+01  3.1999998142043740e+01  4.7999999999999998e+00  8.8514312712127108e+00  8.1271728689123712e+00  1.5686517912938505e-01  5.6222456603864472e+00  7.4304727911749469e-01  5.5176467406658407e+00  7.3977441843825809e-01  4.9279498527026194e-01  9.8898908903834915e-01
1.0720000000001799e+02  8.8564569263285673e+00  2.4525205277707445e-02  8.1226461476045060e+00  1.5472550607949423e-01  3.2483479172161076e+01  3.1999990318309312e+01  3.1999998121021964e+01  4.7999999999999998e+00  8.8565322358695369e+00  8.1229020869430855e+00  1.5583461208685320e-01  5.6157464559774910e+00  7.4205601803644439e-01  5.5112373829461037e+00  7.4028663747629153e-01  4.9271697463658903e-01  9.8898499048183741e-01
1.0800000000001801e+02  8.8619308987279855e+00  2.4527329291646839e-02  8.1171424480287282e+00  1.5227345970145734e-01  3.2491245742891088e+01  3.1999990102302721e+01  3.1999998098817230e+01  4.7999999999999998e+00  8.8620084283941889e+00  8.1174025254235680e+00  1.5451767650685880e-01  5.6045235703640932e+00  7.4227096632905165e-01  5.5052802629147841e+00  7.3960406379278409e-01  4.9263170837420434e-01  9.8898080913876774e-01
1.0880000000001900e+02  8.8679002990186309e+00  2.4530158276409884e-02  8.1127260002281307e+00  1.5233860960438597e-01  3.2499291468021013e+01  3.1999989920159450e+01  3.1999998065191729e+01  4.7999999999999998e+00  8.8679801778008631e+00  8.1129888178287839e+00  1.5422154676496339e-01  5.5946543844426042e+00  7.4244277411539517e-01  5.5006788181462483e+00  7.3960610945965366e-01  4.9254988668655147e-01  9.8897698846634807e-01
1.0960000000001899e+02  8.8740788997373876e+00  2.4532270167796529e-02  8.1106457680801345e+00  1.5240323275797479e-01  3.2507011628551318e+01  3.1999989733977788e+01  3.1999998037570975e+01  4.7999999999999998e+00  8.8741610952464995e+00  8.1109135188613894e+00  1.5430368412236573e-01  5.5898785116861589e+00  7.4308754652169318e-01  5.4986003678753699e+00  7.3956923987292811e-01  4.9245409180353272e-01  9.8897270818218352e-01
1.1040000000002000e+02  8.8801317532909412e+00  2.4532988986636910e-02  8.1076451840699253e+00  1.5247286144922848e-01  3.2514257007554228e+01  3.1999989538955841e+01  3.1999998020546126e+01  4.7999999999999998e+00  8.8802160362504630e+00  8.1079210732714468e+00  1.5541920929612979e-01  5.5824779809753258e+00  7.4469979399243691e-01  5.4966182361151548e+00  7.3943540054146029e-01  4.9233558988016773e-01  9.8896848872040599e-01
1.1120000000002000e+02  8.8862982287480925e+00  2.4533368405254708e-02  8.1036220824770382e+00  1.5660417579849570e-01  3.2521862499630217e+01  3.1999989383305078e+01  3.1999998009763765e+01  4.7999999999999998e+00  8.8863844631276052e+00  8.1039044844620225e+00  1.5651672769262701e-01  5.5715491003729545e+00  7.4672073115888915e-01  5.4948937530491078e+00  7.3938290522521621e-01  4.9222506225180179e-01  9.8896525733806928e-01
1.1200000000001999e+02  8.8931098210476875e+00  2.4534734380754673e-02  8.1019486606932283e+00  1.5723411077804855e-01  3.2529734367811230e+01  3.1999989196278467e+01  3.1999997984820055e+01  4.7999999999999998e+00  8.8931978701821564e+00  8.1022365426293135e+00  1.5653803081916176e-01  5.5676009193843923e+00  7.4619658055429372e-01  5.4937721073496482e+00  7.3975769240417577e-01  4.9215705953682143e-01  9.8896202197156646e-01
1.1280000000002100e+02  8.9001185327433880e+00  2.4536826953234791e-02  8.1006878692531039e+00  1.5617485636055495e-01  3.2537769842390247e+01  3.1999989012967987e+01  3.1999997973233853e+01  4.7999999999999998e+00  8.9002084092495597e+00  8.1009807390793842e+00  1.5655925449992977e-01  5.5654860184490547e+00  7.4625109908787957e-01  5.4924274027278353e+00  7.3925060397297537e-01  4.9210335019788526e-01  9.8895845457257014e-01
1.1360000000002100e+02  8.9068567995241565e+00  2.4538194586006347e-02  8.0974342649052620e+00  1.5481411801776079e-01  3.2545891582284654e+01  3.1999988860834012e+01  3.1999997977868286e+01  4.7999999999999998e+00  8.9069486284238977e+00  8.0977320178239491e+00  1.5650417100717140e-01  5.5583642294685474e+00  7.4636738739109731e-01  5.4897578475924922e+00  7.3851838451931284e-01  4.9204396430807118e-01  9.8895530936217535e-01
1.1440000000002200e+02  8.9134970373982298e+00  2.4538271110358705e-02  8.0941563628550615e+00  1.5452521835695782e-01  3.2554127877610867e+01  3.1999988681835465e+01  3.1999997974911267e+01  4.7999999999999998e+00  8.9135911251940882e+00  8.0944587407036668e+00  1.5657887508031940e-01  5.5517675964802278e+00  7.4645414960250622e-01  5.4865403194309996e+00  7.3937719724698203e-01  4.9200134538016127e-01  9.8895196930867812e-01
1.1520000000002200e+02  8.9207299838235929e+00  2.4538068382593231e-02  8.0932288305486857e+00  1.5462079807182327e-01  3.2562843831277313e+01  3.1999988508151588e+01  3.1999997971163360e+01  4.7999999999999998e+00  8.9208267375508115e+00  8.0935334348590633e+00  1.5520941015673817e-01  5.5522890990119462e+00  7.4686204789920829e-01  5.4840056472549215e+00  7.3848542366112668e-01  4.9200337289756890e-01  9.8894816064946045e-01
1.1600000000002200e+02  8.9281411318208352e+00  2.4538723342148041e-02  8.0915135182636497e+00  1.5570337503051351e-01  3.2572123648458479e+01  3.1999988321296634e+01  3.1999997963902310e+01  4.7999999999999998e+00  8.9282407429766995e+00  8.0918176256301670e+00  1.5742212355681870e-01  5.5520047181986936e+00  7.4673908899834152e-01  5.4789507816650769e+00  7.3854225045647248e-01  4.9203786093429708e-01  9.8894489841854605e-01
1.1680000000002300e+02  8.9352582364020883e+00  2.4540041811099769e-02  8.0889428194327095e+00  1.5677268111584750e-01  3.2581679685053231e+01  3.1999988087723324e+01  3.1999997939774591e+01  4.7999999999999998e+00  8.9353606192165209e+00  8.0892453473620467e+00  1.5783054934678545e-01  5.5483884913731751e+00  7.4664946973992785e-01  5.4740950041380447e+00  7.3861471403890444e-01  4.9206859988301949e-01  9.8894210273392447e-01
1.1760000000002300e+02  8.9421069984232879e+00  2.4540658194363272e-02  8.0873277387713802e+00  1.5682503716184071e-01  3.2591421378282490e+01  3.1999987834264751e+01  3.1999997907313812e+01  4.7999999999999998e+00  8.9422119243843703e+00  8.0876280330568893e+00  1.5785527904373431e-01  5.5480394811594760e+00  7.4659087407225011e-01  5.4690363527867314e+00  7.3871461354239132e-01  4.9210411865390691e-01  9.8893912717447163e-01
1.1840000000002399e+02  8.9489831211754520e+00  2.4539872030237515e-02  8.0863188540723510e+00  1.5679419281175019e-01  3.2601445213558890e+01  3.1999987647512132e+01  3.1999997893740147e+01  4.7999999999999998e+00  8.9490903267725272e+00  8.0866157202018840e+00  1.5634743865120201e-01  5.5498396935502790e+00  7.4566200059368271e-01  5.4639869154469061e+00  7.3969649941283333e-01  4.9215313678782946e-01  9.8893602776412826e-01
1.1920000000002400e+02  8.9558811447340254e+00  2.4538799842197187e-02  8.0840671739307943e+00  1.5689292842581437e-01  3.2611876048323111e+01  3.1999987447084010e+01  3.1999997864356700e+01  4.7999999999999998e+00  8.9559904403259445e+00  8.0843586911417766e+00  1.5636850932109547e-01  5.5485101559218322e+00  7.4599699011748521e-01  5.4578265277745439e+00  7.3891243322012412e-01  4.9222008538695866e-01  9.8893294701292123e-01
1.2000000000002400e+02  8.9625505634423970e+00  2.4538727039032877e-02  8.0819827558452477e+00  1.5763586733614535e-01  3.2622775557609046e+01  3.1999987249972939e+01  3.1999997835430328e+01  4.7999999999999998e+00  8.9626618557703566e+00  8.0822664451809771e+00  1.5767161445089656e-01  5.5468294143445718e+00  7.4546910522187804e-01  5.4520199159154510e+00  7.3971172772393745e-01  4.9228873884359148e-01  9.8893029740781413e-01
1.2080000000002499e+02  8.9689436507441300e+00  2.4539188100566843e-02  8.0806813427498074e+00  1.5769425247600949e-01  3.2633485559614336e+01  3.1999987117188830e+01  3.1999997823231869e+01  4.7999999999999998e+00  8.9690568420941403e+00  8.0809585283207923e+00  1.5779286971297588e-01  5.5476980013296373e+00  7.4539596542442277e-01  5.4465439269948916e+00  7.4031090730792015e-01  4.9234527092516062e-01  9.8892804135409385e-01
1.2160000000002501e+02  8.9750478560903595e+00  2.4538875445507854e-02  8.0780956190783595e+00  1.5812964099807736e-01  3.2644093652477686e+01  3.1999986988212537e+01  3.1999997806592482e+01  4.7999999999999998e+00  8.9751628899485780e+00  8.0783672351719424e+00  1.5869773806434273e-01  5.5459058844573850e+00  7.4521231613036354e-01  5.4395014982794905e+00  7.4003749228597937e-01  4.9239940605486932e-01  9.8892535336027088e-01
1.2240000000002600e+02  8.9808922062961152e+00  2.4537588541667325e-02  8.0740538054353994e+00  1.5807410214272438e-01  3.2654869565837110e+01  3.1999986847956816e+01  3.1999997793873433e+01  4.7999999999999998e+00  8.9810089943378557e+00  8.0743192995554924e+00  1.5833500732570793e-01  5.5388805035983539e+00  7.4519795642016495e-01  5.4328586525289193e+00  7.4020958705993212e-01  4.9244436750025528e-01  9.8892238795594867e-01
1.2320000000002599e+02  8.9866624873680934e+00  2.4536123705812041e-02  8.0705302295786705e+00  1.5666843225108998e-01  3.2665519538021584e+01  3.1999986711547052e+01  3.1999997777182159e+01  4.7999999999999998e+00  8.9867809171056976e+00  8.0707907444367279e+00  1.5570082161161411e-01  5.5338236082023151e+00  7.4524444147370561e-01  5.4261370319266584e+00  7.4037792763268506e-01  4.9249070912665366e-01  9.8891985024025597e-01
1.2400000000002700e+02  8.9923069218079057e+00  2.4535021620746507e-02  8.0672822302727312e+00  1.5674326869279412e-01  3.2675890271429566e+01  3.1999986565114686e+01  3.1999997752340455e+01  4.7999999999999998e+00  8.9924270711660412e+00  8.0675397354457132e+00  1.5644755733293861e-01  5.5294253317769009e+00  7.4530626677882905e-01  5.4196940442793249e+00  7.4058324295319333e-01  4.9252441390439333e-01  9.8891772767432518e-01
1.2480000000002700e+02  8.9975493276889118e+00  2.4534215234315794e-02  8.0619758958497556e+00  1.5808870631809210e-01  3.2685976113765491e+01  3.1999986404295825e+01  3.1999997729400310e+01  4.7999999999999998e+00  8.9976713923676144e+00  8.0622323391489097e+00  1.5625716240969170e-01  5.5187826818063348e+00  7.4545982380569620e-01  5.4129417997587082e+00  7.4097133064825960e-01  4.9253088614037416e-01  9.8891582398573097e-01
1.2560000000002699e+02  9.0026794782173010e+00  2.4533276148738910e-02  8.0563693392549123e+00  1.5816839017794820e-01  3.2695921032993503e+01  3.1999986217226382e+01  3.1999997699276165e+01  4.7999999999999998e+00  9.0028036148218717e+00  8.0566258473932546e+00  1.5630344489844866e-01  5.5066747399586200e+00  7.4497597359665024e-01  5.4066161617202013e+00  7.4113745084422578e-01  4.9252550063582501e-01  9.8891375705180040e-01
1.2640000000002800e+02  9.0080717548954823e+00  2.4531806523765440e-02  8.0521798383345793e+00  1.5867434285448645e-01  3.2705596769884139e+01  3.1999986041604060e+01  3.1999997666283569e+01  4.7999999999999998e+00  9.0081978820677904e+00  8.0524383981904251e+00  1.5634909431039420e-01  5.4987590869269294e+00  7.4508117213441072e-01  5.4011654134655762e+00  7.4107244482434209e-01  4.9251952020019912e-01  9.8891124557223431e-01
1.2720000000002800e+02  9.0135144609750277e+00  2.4529874574789050e-02  8.0473156866325812e+00  1.5599436701909855e-01  3.2715245044584549e+01  3.1999985858330451e+01  3.1999997638560782e+01  4.7999999999999998e+00  9.0136424584069310e+00  8.0475768988231078e+00  1.5669380127441118e-01  5.4896375145389884e+00  7.4570076401418883e-01  5.3948446572171536e+00  7.4187921816072100e-01  4.9250135246194809e-01  9.8890909410215999e-01
1.2800000000002899e+02  9.0188533410327878e+00  2.4528027826273363e-02  8.0419294556280256e+00  1.5606616926767089e-01  3.2724849357775923e+01  3.1999985624389851e+01  3.1999997606196480e+01  4.7999999999999998e+00  9.0189831330520533e+00  8.0421939497447390e+00  1.5587160365431216e-01  5.4788341216762433e+00  7.4544023346193422e-01  5.3883805510737766e+00  7.4153138371844285e-01  4.9246297171967740e-01  9.8890779573730103e-01
1.2880000000002801e+02  9.0242394853173309e+00  2.4526598590147435e-02  8.0378198399455734e+00  1.5682136620866177e-01  3.2734152934882076e+01  3.1999985403561872e+01  3.1999997581625145e+01  4.7999999999999998e+00  9.0243710261788443e+00  8.0380896562062922e+00  1.5851869101436825e-01  5.4708732892024194e+00  7.4562182590580039e-01  5.3832893528271377e+00  7.4248430509188490e-01  4.9240822199064055e-01  9.8890635936204085e-01
1.2960000000002699e+02  9.0299718170066754e+00  2.4525048714239297e-02  8.0347994701085117e+00  1.5665062080746198e-01  3.2743509655453863e+01  3.1999985182516092e+01  3.1999997552756312e+01  4.7999999999999998e+00  9.0301051295523784e+00  8.0350745061390398e+00  1.5892552405303828e-01  5.4666673250605164e+00  7.4622398036042037e-01  5.3781584098860113e+00  7.4254848762027981e-01  4.9236004955670787e-01  9.8890437270024301e-01
1.3040000000002601e+02  9.0361329132286823e+00  2.4522629569362932e-02  8.0322842882230852e+00  1.5671591268296434e-01  3.2753080240301024e+01  3.1999984930348667e+01  3.1999997525832931e+01  4.7999999999999998e+00  9.0362680699944598e+00  8.0325636697583018e+00  1.5802261435234335e-01  5.4637189574470897e+00  7.4593873840924652e-01  5.3732191479578297e+00  7.4259682092711743e-01  4.9231796277676393e-01  9.8890249230278837e-01
1.3120000000002599e+02  9.0423767219845921e+00  2.4519489351257574e-02  8.0300210034024282e+00  1.5678430422750092e-01  3.2762729307381207e+01  3.1999984709536488e+01  3.1999997516814378e+01  4.7999999999999998e+00  9.0425135087838893e+00  8.0303047355636803e+00  1.5792335116820205e-01  5.4599077753299756e+00  7.4605784452962565e-01  5.3696358859836426e+00  7.4213210519750461e-01  4.9225267720522192e-01  9.8889604970530376e-01
1.3200000000002501e+02  9.0486925570692414e+00  2.4516513300419571e-02  8.0293385933936321e+00  1.5714191260107263e-01  3.2772229635890874e+01  3.1999984480368983e+01  3.1999997500964891e+01  4.7999999999999998e+00  9.0488304998619089e+00  8.0296279225573191e+00  1.5660413607896151e-01  5.4602957913409087e+00  7.4690227945422694e-01  5.3671218723829686e+00  7.4187397641916097e-01  4.9217409666307516e-01  9.8888967024333385e-01
1.3280000000002400e+02  9.0553382280689814e+00  2.4514183332687720e-02  8.0291838406712195e+00  1.5629908762970329e-01  3.2781745668535230e+01  3.1999984280389029e+01  3.1999997496730963e+01  4.7999999999999998e+00  9.0554771183829921e+00  8.0294789897848684e+00  1.5662600854367653e-01  5.4622249511697918e+00  7.4705619482956842e-01  5.3648105312170005e+00  7.4159749064254354e-01  4.9210300252976907e-01  9.8888360659522079e-01
1.3360000000002299e+02  9.0623829929004582e+00  2.4511861414887672e-02  8.0288620889173963e+00  1.5885616839423686e-01  3.2791762035746459e+01  3.1999984096091858e+01  3.1999997500242870e+01  4.7999999999999998e+00  9.0625231866210658e+00  8.0291603952129709e+00  1.5798028817330423e-01  5.4624857217239198e+00  7.4710523832765174e-01  5.3634050925373957e+00  7.4197471388597314e-01  4.9204408816764050e-01  9.8887721275586316e-01
1.3440000000002300e+02  9.0696404448044241e+00  2.4508508356591692e-02  8.0293961367678239e+00  1.5828730604970734e-01  3.2801991515887856e+01  3.1999983933396358e+01  3.1999997509590191e+01  4.7999999999999998e+00  9.0697823593530007e+00  8.0296968201142391e+00  1.5808148822016571e-01  5.4645160352940021e+00  7.4722194405696407e-01  5.3627573625097869e+00  7.4255605716819029e-01  4.9199367520697107e-01  9.8887046357265473e-01
1.3520000000002199e+02  9.0768765300925605e+00  2.4504298835844415e-02  8.0301226364657410e+00  1.5833482710272689e-01  3.2812125552334926e+01  3.1999983788613132e+01  3.1999997518905204e+01  4.7999999999999998e+00  9.0770200689372711e+00  8.0304267566960892e+00  1.5766186777663230e-01  5.4665052425833904e+00  7.4724626465694255e-01  5.3628655176463580e+00  7.4065561219881471e-01  4.9193749616419163e-01  9.8886417710288121e-01
1.3600000000002100e+02  9.0839658259953957e+00  2.4500443067779896e-02  8.0299145262740677e+00  1.5824325034851050e-01  3.2822382082292030e+01  3.1999983653377129e+01  3.1999997533056593e+01  4.7999999999999998e+00  9.0841106731161219e+00  8.0302217211491396e+00  1.5548187070530792e-01  5.4660409120011915e+00  7.4800370897786062e-01  5.3625943409734491e+00  7.3874978846984518e-01  4.9188518742389720e-01  9.8885834987686361e-01
1.3680000000002099e+02  9.0911683791594253e+00  2.4497130818361211e-02  8.0290093678832744e+00  1.5685451143941448e-01  3.2832998763038169e+01  3.1999983507530512e+01  3.1999997551593101e+01  4.7999999999999998e+00  9.0913144741834202e+00  8.0293178883376051e+00  1.5679481277032795e-01  5.4629627808943226e+00  7.4757129894342933e-01  5.3625245492809919e+00  7.3874030045728045e-01  4.9185468581677405e-01  9.8885229411506304e-01
1.3760000000002000e+02  9.0987676872820380e+00  2.4493352733484811e-02  8.0291406355787576e+00  1.5816632970271069e-01  3.2843905508103660e+01  3.1999983352012553e+01  3.1999997561519351e+01  4.7999999999999998e+00  9.0989153642136600e+00  8.0294491963970405e+00  1.5675581312295819e-01  5.4618599715007976e+00  7.4796057995379839e-01  5.3637584426523111e+00  7.3873643956008594e-01  4.9185244871114825e-01  9.8884608669677343e-01
1.3840000000001899e+02  9.1063616740377888e+00  2.4488784942552015e-02  8.0295428832817315e+00  1.5828565812748469e-01  3.2855036521740864e+01  3.1999983174900844e+01  3.1999997546318298e+01  4.7999999999999998e+00  9.1065111252508775e+00  8.0298506027808259e+00  1.5684050787832196e-01  5.4612722030847225e+00  7.4745129011219724e-01  5.3648113135076745e+00  7.3960078491076475e-01  4.9186071176566859e-01  9.8884017276756664e-01
1.3920000000001801e+02  9.1135761186329507e+00  2.4484141492242203e-02  8.0283733518888827e+00  1.5787897322823655e-01  3.2866275953819510e+01  3.1999982962353194e+01  3.1999997531464967e+01  4.7999999999999998e+00  9.1137271970353808e+00  8.0286800322480740e+00  1.5572296962996929e-01  5.4555555395968307e+00  7.4789586920461959e-01  5.3659529844515710e+00  7.4137123415959205e-01  4.9186070163316786e-01  9.8883486157969802e-01
1.4000000000001799e+02  9.1205755988378492e+00  2.4479776523240945e-02  8.0265816689781584e+00  1.5793171943320322e-01  3.2877504622522956e+01  3.1999982745541395e+01  3.1999997519320932e+01  4.7999999999999998e+00  9.1207283050802026e+00  8.0268877591563204e+00  1.5458867375990709e-01  5.4485697000605029e+00  7.4830359654290057e-01  5.3669466693756025e+00  7.4160684486350581e-01  4.9186572138249307e-01  9.8882979749537503e-01
1.4080000000001701e+02  9.1277206396791204e+00  2.4476343414195786e-02  8.0255701353473103e+00  1.5698234342138223e-01  3.2889021579993347e+01  3.1999982534031250e+01  3.1999997496889932e+01  4.7999999999999998e+00  9.1278752788129740e+00  8.0258741812042711e+00  1.5464369967322192e-01  5.4443832523398648e+00  7.4820731173502253e-01  5.3674055879783111e+00  7.4169757515504819e-01  4.9189502916896483e-01  9.8882386605075756e-01
1.4160000000001600e+02  9.1348253171884295e+00  2.4480017253920908e-02  8.0242876771143230e+00  1.5698769660852643e-01  3.2900839984060134e+01  3.1999982334290276e+01  3.1999997490154570e+01  4.7999999999999998e+00  9.1349822542049637e+00  8.0245882586333490e+00  1.5497419970853205e-01  5.4395806665863873e+00  7.4768438479353116e-01  5.3673951191247271e+00  7.4178423927150328e-01  4.9193545136099653e-01  9.8881772142526270e-01
1.4240000000001501e+02  9.1413856821897070e+00  2.4483499205179983e-02  8.0211807706932099e+00  1.5712488334844510e-01  3.2912694740152126e+01  3.1999982113489345e+01  3.1999997486059591e+01  4.7999999999999998e+00  9.1415449745580446e+00  8.0214782310552728e+00  1.5735752207619427e-01  5.4313127432776156e+00  7.4722375371270355e-01  5.3649953211790349e+00  7.4190431605272522e-01  4.9196643380043265e-01  9.8881284570807060e-01
1.4320000000001500e+02  9.1476195947761312e+00  2.4486591874153529e-02  8.0179500850603844e+00  1.5601771661024916e-01  3.2924530534969612e+01  3.1999981930020120e+01  3.1999997491554979e+01  4.7999999999999998e+00  9.1477810391756975e+00  8.0182449141793306e+00  1.5615314257990082e-01  5.4234828216654734e+00  7.4766635189646125e-01  5.3618815004059668e+00  7.4248860502577774e-01  4.9199185476729473e-01  9.8880830212742199e-01
1.4400000000001401e+02  9.1537703542369524e+00  2.4489119805941387e-02  8.0146841479975830e+00  1.5490947394036580e-01  3.2936374003907048e+01  3.1999981745684899e+01  3.1999997499297820e+01  4.7999999999999998e+00  9.1539338145204177e+00  8.0149766327620249e+00  1.5252419449890672e-01  5.4170685550461677e+00  7.4834790348974500e-01  5.3573890130726332e+00  7.4265770722410651e-01  4.9202503046291490e-01  9.8880296531618173e-01
1.4480000000001300e+02  9.1597790887280759e+00  2.4491482391378903e-02  8.0102602984785900e+00  1.5531233106710812e-01  3.2948511971560805e+01  3.1999981531179568e+01  3.1999997517384777e+01  4.7999999999999998e+00  9.1599443664220495e+00  8.0105491568961540e+00  1.5255957987086818e-01  5.4091317348170129e+00  7.4620906084910765e-01  5.3506716192652899e+00  7.4283253816352712e-01  4.9206470423068804e-01  9.8879762883484235e-01
1.4560000000001301e+02  9.1655882642342661e+00  2.4494116378415691e-02  8.0052167652407942e+00  1.5665433827035838e-01  3.2960672036967154e+01  3.1999981340745208e+01  3.1999997541167144e+01  4.7999999999999998e+00  9.1657548847140937e+00  8.0055024072162606e+00  1.5621931948676454e-01  5.4001957161611323e+00  7.4498534723502485e-01  5.3429105167256949e+00  7.4209173365794634e-01  4.9209816090559583e-01  9.8879315778397670e-01
1.4640000000001200e+02  9.1711426550723250e+00  2.4496657006152167e-02  8.0001996692484365e+00  1.5774782414309979e-01  3.2972620929783865e+01  3.1999981124016490e+01  3.1999997557711804e+01  4.7999999999999998e+00  9.1713102874376684e+00  8.0004837902142327e+00  1.5739535482355510e-01  5.3926337090588108e+00  7.4503826209936663e-01  5.3339135144305505e+00  7.4271868390612783e-01  4.9211900848573620e-01  9.8878923202512470e-01
1.4720000000001099e+02  9.1766126666176877e+00  2.4498405201523910e-02  7.9954714030613090e+00  1.5279182752232537e-01  3.2984668483901629e+01  3.1999980931050306e+01  3.1999997588016679e+01  4.7999999999999998e+00  9.1767813339702897e+00  7.9957536264169971e+00  1.5502073106897415e-01  5.3870951378261198e+00  7.4557012096894981e-01  5.3237476863933537e+00  7.4244974424321308e-01  4.9213612874805129e-01  9.8878488566178691e-01
1.4800000000001000e+02  9.1820621252282315e+00  2.4499539014516163e-02  7.9895849051181758e+00  1.5287030955169123e-01  3.2996618397587447e+01  3.1999980752932768e+01  3.1999997616256874e+01  4.7999999999999998e+00  9.1822317974410943e+00  7.9898662010010630e+00  1.5472219093364872e-01  5.3791026543560143e+00  7.4796725829969168e-01  5.3125893005205231e+00  7.4261904662994593e-01  4.9214825285317054e-01  9.8877986141404517e-01
1.4880000000000999e+02  9.1875571631554411e+00  2.4500980130110542e-02  7.9835662656954307e+00  1.5295368126312336e-01  3.3008579397778554e+01  3.1999980562143776e+01  3.1999997639208914e+01  4.7999999999999998e+00  9.1877274905565223e+00  7.9838470242281554e+00  1.5471351264788297e-01  5.3708808262205601e+00  7.4876809908109709e-01  5.3014179512811337e+00  7.4254256228585247e-01  4.9215063130879078e-01  9.8877519375868417e-01
1.4960000000000900e+02  9.1931193313734383e+00  2.4502904285301271e-02  7.9786664562186660e+00  1.5705919245781269e-01  3.3020597993093169e+01  3.1999980363078468e+01  3.1999997652419953e+01  4.7999999999999998e+00  9.1932898287889770e+00  7.9789467422295957e+00  1.5697984955010921e-01  5.3658357322479704e+00  7.4803953235236864e-01  5.2903357756847855e+00  7.4269713828183703e-01  4.9214272532861508e-01  9.8877160861984092e-01
1.5040000000000799e+02  9.1986176418838603e+00  2.4504377542398217e-02  7.9732665909788860e+00  1.5771541680398282e-01  3.3032302308468950e+01  3.1999980203371329e+01  3.1999997682211031e+01  4.7999999999999998e+00  9.1987881709059245e+00  7.9735487131581095e+00  1.5701709645727585e-01  5.3586031574183917e+00  7.4841787963613604e-01  5.2799227781828728e+00  7.4276932820134656e-01  4.9211489567690003e-01  9.8876826287650577e-01
1.5120000000000701e+02  9.2041716618007996e+00  2.4504869409909862e-02  7.9677983451520378e+00  1.5529440449838175e-01  3.3043867442119684e+01  3.1999979998947083e+01  3.1999997697477806e+01  4.7999999999999998e+00  9.2043425865790276e+00  7.9680834344045923e+00  1.5697480941204953e-01  5.3506816648203932e+00  7.4927296051683789e-01  5.2701961951435941e+00  7.4288497227167860e-01  4.9207699943004540e-01  9.8876412750430165e-01
1.5200000000000699e+02  9.2100686537087277e+00  2.4505090933985250e-02  7.9635583852222505e+00  1.5501472921697060e-01  3.3055524253976280e+01  3.1999979781818197e+01  3.1999997708329875e+01  4.7999999999999998e+00  9.2102402844305793e+00  7.9638461416066804e+00  1.5564451864304921e-01  5.3456661720630265e+00  7.4938355981629445e-01  5.2614154904874475e+00  7.4294440866205325e-01  4.9204233685870530e-01  9.8875972734864992e-01
1.5280000000000601e+02  9.2162625742581206e+00  2.4505763411177921e-02  7.9600664812082531e+00  1.5502954578733288e-01  3.3067202262956783e+01  3.1999979596194876e+01  3.1999997732231765e+01  4.7999999999999998e+00  9.2164347796980639e+00  7.9603571521641836e+00  1.5784354293448091e-01  5.3411207662215885e+00  7.4904773370152578e-01  5.2542221349133289e+00  7.4229671478548664e-01  4.9200020244846904e-01  9.8875635953098540e-01
1.5360000000000500e+02  9.2224606233915871e+00  2.4506559766149103e-02  7.9564083834322190e+00  1.5724697593112888e-01  3.3078746185567844e+01  3.1999979380548105e+01  3.1999997755050867e+01  4.7999999999999998e+00  9.2226330902951563e+00  7.9567032189094320e+00  1.5778066695108139e-01  5.3352155165633057e+00  7.4878230718377337e-01  5.2479663923804765e+00  7.4274163333702314e-01  4.9194087732731467e-01  9.8875369155444470e-01
1.5440000000000501e+02  9.2287618094115516e+00  2.4506836148216679e-02  7.9532831069152605e+00  1.5731109595068654e-01  3.3090136067882241e+01  3.1999979164322003e+01  3.1999997772911513e+01  4.7999999999999998e+00  9.2289345826969029e+00  7.9535832945417795e+00  1.5829562364451252e-01  5.3292432713403421e+00  7.4938470169206350e-01  5.2437633588268238e+00  7.4229426925401842e-01  4.9187412659866780e-01  9.8875051837947425e-01
1.5520000000000400e+02  9.2355237139422144e+00  2.4506540054960394e-02  7.9513269333299395e+00  1.5728690003193893e-01  3.3101614758283326e+01  3.1999978978541748e+01  3.1999997801149306e+01  4.7999999999999998e+00  9.2356973002746550e+00  7.9516321636204852e+00  1.5677829880666513e-01  5.3250038260327424e+00  7.4904043130692421e-01  5.2414214692206444e+00  7.4228285668701111e-01  4.9181662486246053e-01  9.8874707603854550e-01
1.5600000000000301e+02  9.2426790082891053e+00  2.4505979273669591e-02  7.9499763279161098e+00  1.5591725689994076e-01  3.3113384247931712e+01  3.1999978761943122e+01  3.1999997807429718e+01  4.7999999999999998e+00  9.2428538496559938e+00  7.9502852261520518e+00  1.5679237956001160e-01  5.3224505024647204e+00  7.4908876822099857e-01  5.2391540521662892e+00  7.4269296904722093e-01  4.9177276256551294e-01  9.8874401361889031e-01
1.5680000000000200e+02  9.2499440081785060e+00  2.4505370949353154e-02  7.9491157415974856e+00  1.5806856547424614e-01  3.3125165566486473e+01  3.1999978561003115e+01  3.1999997824704455e+01  4.7999999999999998e+00  9.2501200507000370e+00  7.9494286850222657e+00  1.5814213588264139e-01  5.3192631866098052e+00  7.4892549537936137e-01  5.2389516568600465e+00  7.4216079792714174e-01  4.9172390032834884e-01  9.8874128065626254e-01
1.5760000000000201e+02  9.2572696580352627e+00  2.4504787272827396e-02  7.9489545121873757e+00  1.5802658542249656e-01  3.3136935316854490e+01  3.1999978372618038e+01  3.1999997841191458e+01  4.7999999999999998e+00  9.2574466826578821e+00  7.9492719375017158e+00  1.5814863762308073e-01  5.3165610579745515e+00  7.4900245811034605e-01  5.2405922522067394e+00  7.4275617646651604e-01  4.9167044036914737e-01  9.8873885977060050e-01
1.5840000000000100e+02  9.2648003119250433e+00  2.4504033707315482e-02  7.9490079304822281e+00  1.5863301602522925e-01  3.3148902013314647e+01  3.1999978165695822e+01  3.1999997848444984e+01  4.7999999999999998e+00  9.2649784263518775e+00  7.9493290318083965e+00  1.5862775208070409e-01  5.3150594487059886e+00  7.4902361341902901e-01  5.2416412314545298e+00  7.4268082661677470e-01  4.9163326285361103e-01  9.8873655969159036e-01
1.5919999999999999e+02  9.2727137709423744e+00  2.4502699077047659e-02  7.9500471976091927e+00  1.5697305318216684e-01  3.3161249356399829e+01  3.1999977951420110e+01  3.1999997856065633e+01  4.7999999999999998e+00  9.2728932679594038e+00  7.9503700267219006e+00  1.5595367733250490e-01  5.3146340804985286e+00  7.4899444343165067e-01  5.2442911827376859e+00  7.4263495354283837e-01  4.9161531494035809e-01  9.8873407812461378e-01
1.5999999999999901e+02  9.2808326878133656e+00  2.4500770244582810e-02  7.9522447753454690e+00  1.5701679033582822e-01  3.3173822215853164e+01  3.1999977740583912e+01  3.1999997857043290e+01  4.7999999999999998e+00  9.2810135084533023e+00  7.9525683356698433e+00  1.5665942070719163e-01  5.3164081527569644e+00  7.4825854301284334e-01  5.2483130408705581e+00  7.4253335027360778e-01  4.9160859939087331e-01  9.8873197719642070e-01
1.6079999999999899e+02  9.2887352923376092e+00  2.4498829613269699e-02  7.9537200550559417e+00  1.5828125475456653e-01  3.3186357970943895e+01  3.1999977482274016e+01  3.1999997847844028e+01  4.7999999999999998e+00  9.2889170388161695e+00  7.9540449964598627e+00  1.5642063494536368e-01  5.3167291228478977e+00  7.4867465385843868e-01  5.2514798193812311e+00  7.4250327523997872e-01  4.9159842257324521e-01  9.8873047904172584e-01
1.6159999999999800e+02  9.2966572005270294e+00  2.4497166263269896e-02  7.9560839869483742e+00  1.5916632531568800e-01  3.3198909486132855e+01  3.1999977237551313e+01  3.1999997855379796e+01  4.7999999999999998e+00  9.2968397256178861e+00  7.9564105510589256e+00  1.5642092322161383e-01  5.3184442674759973e+00  7.4815632813590471e-01  5.2559334055038196e+00  7.4265942988750844e-01  4.9159347857438923e-01  9.8872882817612451e-01
1.6239999999999699e+02  9.3047070472544888e+00  2.4495234819431316e-02  7.9592628211285454e+00  1.5878588020000917e-01  3.3211634022178032e+01  3.1999977001760680e+01  3.1999997868474527e+01  4.7999999999999998e+00  9.3048906990291531e+00  7.9595903470998230e+00  1.5663662056590130e-01  5.3221265283654589e+00  7.4802201734150831e-01  5.2610035741938423e+00  7.4241636858222815e-01  4.9160482611852263e-01  9.8872705572645425e-01
1.6319999999999700e+02  9.3127222052254766e+00  2.4492559725866402e-02  7.9621046794729873e+00  1.5606807639389261e-01  3.3224653980143877e+01  3.1999976750335275e+01  3.1999997880382999e+01  4.7999999999999998e+00  9.3129073359311594e+00  7.9624318345116949e+00  1.5583979939305759e-01  5.3252683414280151e+00  7.4861606321019758e-01  5.2653892186458480e+00  7.4309422520181401e-01  4.9162805327372616e-01  9.8872567797189270e-01
1.6399999999999599e+02  9.3205593638106965e+00  2.4489536278481779e-02  7.9648018345829268e+00  1.5654563787257109e-01  3.3237843619498634e+01  3.1999976507205414e+01  3.1999997908565600e+01  4.7999999999999998e+00  9.3207458446817100e+00  7.9651280790425112e+00  1.5842025177842195e-01  5.3287358815097203e+00  7.4779995263876320e-01  5.2689016565280298e+00  7.4352502063036274e-01  4.9165508549855752e-01  9.8872462741544043e-01
1.6479999999999501e+02  9.3282049852306574e+00  2.4486703205317602e-02  7.9677773686912570e+00  1.5659088542158645e-01  3.3251055423785388e+01  3.1999976267527920e+01  3.1999997939336168e+01  4.7999999999999998e+00  9.3283923165792864e+00  7.9681029981875371e+00  1.5784336087363884e-01  5.3324671370912959e+00  7.4874013907140158e-01  5.2730157098135892e+00  7.4311007532698559e-01  4.9167814046370989e-01  9.8872028451404770e-01
1.6559999999999400e+02  9.3356391693643523e+00  2.4483865676283880e-02  7.9704390932730753e+00  1.5684983211116893e-01  3.3264386683891871e+01  3.1999975998814982e+01  3.1999997963361967e+01  4.7999999999999998e+00  9.3358269852586808e+00  7.9707637389912822e+00  1.5771686981861538e-01  5.3362148161011236e+00  7.4833259001349828e-01  5.2762721964932551e+00  7.4361159599668702e-01  4.9170437268695855e-01  9.8871288963021597e-01
1.6639999999999401e+02  9.3428761997728902e+00  2.4480528931937355e-02  7.9722775657156859e+00  1.5607210309129893e-01  3.3277840627213493e+01  3.1999975743665598e+01  3.1999997993171462e+01  4.7999999999999998e+00  9.3430644604642481e+00  7.9726009578185506e+00  1.5640037263538897e-01  5.3391972528233813e+00  7.4832552837604238e-01  5.2778406696224680e+00  7.4322131302501782e-01  4.9173706412386858e-01  9.8870549800993668e-01
1.6719999999999300e+02  9.3500493640654447e+00  2.4476640744767065e-02  7.9740447735975897e+00  1.5861471985718686e-01  3.3291421058308615e+01  3.1999975476587387e+01  3.1999998016309060e+01  4.7999999999999998e+00  9.3502379866289758e+00  7.9743666674247899e+00  1.5793020391509294e-01  5.3417761619989257e+00  7.4823379962608827e-01  5.2796995360141548e+00  7.4283028778982929e-01  4.9176840777890252e-01  9.8869811114251038e-01
1.6799999999999201e+02  9.3569968373455694e+00  2.4472451861464600e-02  7.9759656621119532e+00  1.5804187812783743e-01  3.3305054872104158e+01  3.1999975203493623e+01  3.1999998034636317e+01  4.7999999999999998e+00  9.3571854025563415e+00  7.9762861700335970e+00  1.5731613045468906e-01  5.3457950865546975e+00  7.4846316230638710e-01  5.2806063353216164e+00  7.4336026827207091e-01  4.9179554539721004e-01  9.8869107075723150e-01
1.6879999999999100e+02  9.3635324387195915e+00  2.4468070039609258e-02  7.9768577926628339e+00  1.5795736680976838e-01  3.3318621275693161e+01  3.1999974965939980e+01  3.1999998065177291e+01  4.7999999999999998e+00  9.3637204855760441e+00  7.9771776754816655e+00  1.5741654204367758e-01  5.3480638991342726e+00  7.4885944434217711e-01  5.2800730336254933e+00  7.4411946015862085e-01  4.9181198303758394e-01  9.8868446984696212e-01
1.6959999999999101e+02  9.3698677788133438e+00  2.4463477369921639e-02  7.9766075926011437e+00  1.5661464316545948e-01  3.3332102946979134e+01  3.1999974695490614e+01  3.1999998081638410e+01  4.7999999999999998e+00  9.3700553256126966e+00  7.9769277781384753e+00  1.5658248867151217e-01  5.3481134666442163e+00  7.4850755744189224e-01  5.2788860781013378e+00  7.4192695534494213e-01  4.9182210712724533e-01  9.8867798962765485e-01
1.7039999999999000e+02  9.3762652396842832e+00  2.4458675717920809e-02  7.9763645876042588e+00  1.5793848767098878e-01  3.3345781840931458e+01  3.1999974421466167e+01  3.1999998094725974e+01  4.7999999999999998e+00  9.3764526962997561e+00  7.9766842484288532e+00  1.5663207913786950e-01  5.3488839051008705e+00  7.4944705351159069e-01  5.2769372102482190e+00  7.4064988068426929e-01  4.9183537118004383e-01  9.8867129124138231e-01
1.7119999999998899e+02  9.3826267564986772e+00  2.4453591631330113e-02  7.9761370056515224e+00  1.5807815955909596e-01  3.3359556310638027e+01  3.1999974159512629e+01  3.1999998118870387e+01  4.7999999999999998e+00  9.3828141360359005e+00  7.9764558733986153e+00  1.5665473577804095e-01  5.3500123193885454e+00  7.4947139593086121e-01  5.2744511532664111e+00  7.4076989544004646e-01  4.9184221674967749e-01  9.8866451880500827e-01
1.7199999999998900e+02  9.3886403602924347e+00  2.4448814052099938e-02  7.9744236578356205e+00  1.5768401850396033e-01  3.3373077756528545e+01  3.1999973861815100e+01  3.1999998133307507e+01  4.7999999999999998e+00  9.3888270617704990e+00  7.9747437602014459e+00  1.5440485004642260e-01  5.3476121340708511e+00  7.4953277763459325e-01  5.2712235039254409e+00  7.4175103967491895e-01  4.9182629367293818e-01  9.8865830017832323e-01
1.7279999999998799e+02  9.3945631062520398e+00  2.4452472617920745e-02  7.9720012929656860e+00  1.5553853157652855e-01  3.3386567772906552e+01  3.1999973555845887e+01  3.1999998145206540e+01  4.7999999999999998e+00  9.3947487268342424e+00  7.9723233134701585e+00  1.5446995885678472e-01  5.3435903075688769e+00  7.4899074279828326e-01  5.2678076624906307e+00  7.4362616504906587e-01  4.9179960741986534e-01  9.8865280717716730e-01
1.7359999999998701e+02  9.4007598810139346e+00  2.4455869354985095e-02  7.9700775495399991e+00  1.5681208747459960e-01  3.3400150496653985e+01  3.1999973251518004e+01  3.1999998161509499e+01  4.7999999999999998e+00  9.4009447739658665e+00  7.9704012270090772e+00  1.5480711483067999e-01  5.3413542939325396e+00  7.4930274925432006e-01  5.2641357077479878e+00  7.4391620909966061e-01  4.9177952404476560e-01  9.8864730859339112e-01
1.7439999999998599e+02  9.4071406626473131e+00  2.4459191216518676e-02  7.9681504537434629e+00  1.5694997186497076e-01  3.3413883477028243e+01  3.1999972954360896e+01  3.1999998177605072e+01  4.7999999999999998e+00  9.4073255164107827e+00  7.9684749641565089e+00  1.5715212470500811e-01  5.3387090110795681e+00  7.5006256967701834e-01  5.2603692504028743e+00  7.4381143966565733e-01  4.9175218276827615e-01  9.8864133745284988e-01
1.7519999999998601e+02  9.4134356198162124e+00  2.4462364208106054e-02  7.9650853160990156e+00  1.5582902519967987e-01  3.3427513651119874e+01  3.1999972646648150e+01  3.1999998189276006e+01  4.7999999999999998e+00  9.4136207519993960e+00  7.9654116056702113e+00  1.5230833932082602e-01  5.3327269725642505e+00  7.4801177516087358e-01  5.2564930526402733e+00  7.4402353081593320e-01  4.9170538936999914e-01  9.8863543522364206e-01
1.7599999999998499e+02  9.4197506084396920e+00  2.4465059979970540e-02  7.9623034225069453e+00  1.5476999414755063e-01  3.3440841794062820e+01  3.1999972346667366e+01  3.1999998205782536e+01  4.7999999999999998e+00  9.4199359224769417e+00  7.9626338300531518e+00  1.5232507239496174e-01  5.3274761347792738e+00  7.4686935468810844e-01  5.2531079891369750e+00  7.4450287639369916e-01  4.9164942772793047e-01  9.8863026021861755e-01
1.7679999999998401e+02  9.4262719802202994e+00  2.4467184639397156e-02  7.9596124548343719e+00  1.5513657190264893e-01  3.3454335889390691e+01  3.1999972087283336e+01  3.1999998227001207e+01  4.7999999999999998e+00  9.4264575226688443e+00  7.9599463020976309e+00  1.5234662479486288e-01  5.3230498849409971e+00  7.4694478538072628e-01  5.2488750127954615e+00  7.4407275425637187e-01  4.9160054602453013e-01  9.8862569199257855e-01
1.7759999999998300e+02  9.4330947972902610e+00  2.4469125587837485e-02  7.9567830416186496e+00  1.5743205256476359e-01  3.3468320903800389e+01  3.1999971817252078e+01  3.1999998252057296e+01  4.7999999999999998e+00  9.4332810444698936e+00  7.9571175750402849e+00  1.5705303837051410e-01  5.3174715952910736e+00  7.4840874666581025e-01  5.2445720298224625e+00  7.4360508931121083e-01  4.9156118173935531e-01  9.8862096248776032e-01
1.7839999999998301e+02  9.4400224322479929e+00  2.4471196095740021e-02  7.9538757026317004e+00  1.5619602522144371e-01  3.3482192303623187e+01  3.1999971501964637e+01  3.1999998266143049e+01  4.7999999999999998e+00  9.4402097105120468e+00  7.9542120778341454e+00  1.5604720331879859e-01  5.3117736045287014e+00  7.5077459825482462e-01  5.2404866898250093e+00  7.4405160783553104e-01  4.9152098496939800e-01  9.8861585050045020e-01
1.7919999999998200e+02  9.4469121128580493e+00  2.4473102856800152e-02  7.9510344915881719e+00  1.5254096406654225e-01  3.3495915238975201e+01  3.1999971221927488e+01  3.1999998288145623e+01  4.7999999999999998e+00  9.4471003073169246e+00  7.9513740199558240e+00  1.5433291886917863e-01  5.3063704820295126e+00  7.5020617942839851e-01  5.2362695307018390e+00  7.4359053309421319e-01  4.9147854908896960e-01  9.8861123165766562e-01
1.7999999999998099e+02  9.4539133687865800e+00  2.4474389772659769e-02  7.9486965907573266e+00  1.5260404471092784e-01  3.3509952982061876e+01  3.1999970920491059e+01  3.1999998310819269e+01  4.7999999999999998e+00  9.4541021946365529e+00  7.9490376188938239e+00  1.5542222942522516e-01  5.3018240912260914e+00  7.5005280228963378e-01  5.2319955369019313e+00  7.4333060642208804e-01  4.9144444663930392e-01  9.8860739308208356e-01
1.8079999999998100e+02  9.4610797000153717e+00  2.4475152935255238e-02  7.9457657893752334e+00  1.5688921619787163e-01  3.3524218309366233e+01  3.1999970575580356e+01  3.1999998322281513e+01  4.7999999999999998e+00  9.4612689664248357e+00  7.9461075134018726e+00  1.5649979328599278e-01  5.2963288761342326e+00  7.5075547522734343e-01  5.2266260779112299e+00  7.4335528649692983e-01  4.9142767843950863e-01  9.8860349912718271e-01
1.8159999999998001e+02  9.4683946527273548e+00  2.4475873289183495e-02  7.9427810458671315e+00  1.5620727255342126e-01  3.3538557395600442e+01  3.1999970248113883e+01  3.1999998335038303e+01  4.7999999999999998e+00  9.4685843379892667e+00  7.9431236132443592e+00  1.5650721812919377e-01  5.2912760023987646e+00  7.5070362452108919e-01  5.2211719251048301e+00  7.4333602399958187e-01  4.9142610432568462e-01  9.8859939258137042e-01
1.8239999999997900e+02  9.4757016028257013e+00  2.4476678112199408e-02  7.9403363647581395e+00  1.5482413847363932e-01  3.3552999198688248e+01  3.1999969930310851e+01  3.1999998359623039e+01  4.7999999999999998e+00  9.4758916065366954e+00  7.9406794906563736e+00  1.5647911242392390e-01  5.2879738131183824e+00  7.5018464440288268e-01  5.2153480397411620e+00  7.4338118144289944e-01  4.9143001450367968e-01  9.8859568430234468e-01
1.8319999999997799e+02  9.4828455901320083e+00  2.4477149902531588e-02  7.9373106640411866e+00  1.5447655357278869e-01  3.3567659225182759e+01  3.1999969586901379e+01  3.1999998376954466e+01  4.7999999999999998e+00  9.4830355001623126e+00  7.9376533994577985e+00  1.5719177867716011e-01  5.2827651478441124e+00  7.5025176917458580e-01  5.2088169625160274e+00  7.4340869376329721e-01  4.9143222743648962e-01  9.8859255034270499e-01
1.8399999999997800e+02  9.4898657313554011e+00  2.4476915584699901e-02  7.9335949898066147e+00  1.5665766774475076e-01  3.3582387022050916e+01  3.1999969224223111e+01  3.1999998378758274e+01  4.7999999999999998e+00  9.4900551617810613e+00  7.9339375641956922e+00  1.5759984387217316e-01  5.2758591799056749e+00  7.4978885749155622e-01  5.2021141121779655e+00  7.4277541106643041e-01  4.9143858980591454e-01  9.8858969848989586e-01
1.8479999999997699e+02  9.4969699536374428e+00  2.4476147072404218e-02  7.9304578022053498e+00  1.5671743900230231e-01  3.3597050595142470e+01  3.1999968881453910e+01  3.1999998388663911e+01  4.7999999999999998e+00  9.4971587591348303e+00  7.9308012336010218e+00  1.5749296200909760e-01  5.2709341530216225e+00  7.4957277232434372e-01  5.1958000378760802e+00  7.4281586868109584e-01  4.9145519142085925e-01  9.8858673846562950e-01
1.8559999999997601e+02  9.5040658175346735e+00  2.4475282183209757e-02  7.9274660294005406e+00  1.5525309082550287e-01  3.3612053621844240e+01  3.1999968530522811e+01  3.1999998398249076e+01  4.7999999999999998e+00  9.5042539132025787e+00  7.9278085561859131e+00  1.5608873095283499e-01  5.2660560035025581e+00  7.4949782228707984e-01  5.1891767395361583e+00  7.4290469459846964e-01  4.9147643956908132e-01  9.8858376742428189e-01
1.8639999999997499e+02  9.5108816073723794e+00  2.4474397191553553e-02  7.9236086719653205e+00  1.5737710529230231e-01  3.3627392104860547e+01  3.1999968152438207e+01  3.1999998396069920e+01  4.7999999999999998e+00  9.5110687132100349e+00  7.9239485624202324e+00  1.5740161357942228e-01  5.2585828160177996e+00  7.4955535999264999e-01  5.1817114731657146e+00  7.4344467506682699e-01  4.9149196320129895e-01  9.8858140156052532e-01
1.8719999999997501e+02  9.5174894380926673e+00  2.4473115316432745e-02  7.9195638420222130e+00  1.5781526564700327e-01  3.3642469961468962e+01  3.1999967763478384e+01  3.1999998392984160e+01  4.7999999999999998e+00  9.5176751693333337e+00  7.9199032976738621e+00  1.5829317107103763e-01  5.2511650263207592e+00  7.4959165404201578e-01  5.1746023616261549e+00  7.4306521445340923e-01  4.9150238250437656e-01  9.8857951266757327e-01
1.8799999999997399e+02  9.5240863781253484e+00  2.4471163639644355e-02  7.9159499320540876e+00  1.5627057371492928e-01  3.3657474733643831e+01  3.1999967398443122e+01  3.1999998407001037e+01  4.7999999999999998e+00  9.5242706257593284e+00  7.9162899210639948e+00  1.5524236791555865e-01  5.2453505673413039e+00  7.4894648432366295e-01  5.1676142632281152e+00  7.4383842942686340e-01  4.9151589489413311e-01  9.8857745265764985e-01
1.8879999999997301e+02  9.5306365447926176e+00  2.4468784226464643e-02  7.9122276884342000e+00  1.5633611567357678e-01  3.3672977504711959e+01  3.1999967026107747e+01  3.1999998412941274e+01  4.7999999999999998e+00  9.5308194686461754e+00  7.9125653792744579e+00  1.5596157032007471e-01  5.2387704815559717e+00  7.4900758510475640e-01  5.1598564615679727e+00  7.4393759055358144e-01  4.9153307834157917e-01  9.8857553212324267e-01
1.8959999999997299e+02  9.5370056545561646e+00  2.4466365982459031e-02  7.9081620297084276e+00  1.5758736114509420e-01  3.3688563464191063e+01  3.1999966636255493e+01  3.1999998422941754e+01  4.7999999999999998e+00  9.5371872391164132e+00  7.9084972208303244e+00  1.5573346954418649e-01  5.2312254689334106e+00  7.4900811264915723e-01  5.1520849807996951e+00  7.4404820723282672e-01  4.9154493240397806e-01  9.8857426403846194e-01
1.9039999999997201e+02  9.5432174448058529e+00  2.4463851414378991e-02  7.9043565640568350e+00  1.5807152505028030e-01  3.3703662354447999e+01  3.1999966272433085e+01  3.1999998440116411e+01  4.7999999999999998e+00  9.5433974299339219e+00  7.9046926850220718e+00  1.5574909376153828e-01  5.2248569214902938e+00  7.4995808775852491e-01  5.1450998316984187e+00  7.4415250473110017e-01  4.9154657082530928e-01  9.8857325811769958e-01
1.9119999999997100e+02  9.5493669362006202e+00  2.4460895405364013e-02  7.9006768326560497e+00  1.5539426645987633e-01  3.3718722260690214e+01  3.1999965925649732e+01  3.1999998455414755e+01  4.7999999999999998e+00  9.5495453390678975e+00  7.9010144730261844e+00  1.5517150042871175e-01  5.2187920557561940e+00  7.4986239946631406e-01  5.1380068188594601e+00  7.4447169066357632e-01  4.9154377784950809e-01  9.8857214022978923e-01
1.9199999999996999e+02  9.5555104839828573e+00  2.4457433391675578e-02  7.8964848168158897e+00  1.5613193365027889e-01  3.3734252923453866e+01  3.1999965552466975e+01  3.1999998465574212e+01  4.7999999999999998e+00  9.5556876701627829e+00  7.8968213826315194e+00  1.5774708992469505e-01  5.2108864218634707e+00  7.4995112543409936e-01  5.1303888053040447e+00  7.4436778531227643e-01  4.9154136311167224e-01  9.8857125688364389e-01
1.9279999999997000e+02  9.5616762303992822e+00  2.4453656296600051e-02  7.8925555496360182e+00  1.5594701885361417e-01  3.3749711506925827e+01  3.1999965166489162e+01  3.1999998472834946e+01  4.7999999999999998e+00  9.5618525187965933e+00  7.8928917861824388e+00  1.5717173595960701e-01  5.2034768068810902e+00  7.5003193058576212e-01  5.1236905768722716e+00  7.4469138559174219e-01  4.9153298941206658e-01  9.8856418486822339e-01
1.9359999999996899e+02  9.5677313956471366e+00  2.4449662361386983e-02  7.8887089390735881e+00  1.5621803213898589e-01  3.3764722474878937e+01  3.1999964791871665e+01  3.1999998483350755e+01  4.7999999999999998e+00  9.5679071683737540e+00  7.8890478512905577e+00  1.5575174901256439e-01  5.1966601173014286e+00  7.5016627814164949e-01  5.1173596846565665e+00  7.4522723947111813e-01  4.9151173725781633e-01  9.8855645593446928e-01
1.9439999999996800e+02  9.5737726698527332e+00  2.4445487939627680e-02  7.8847845157344620e+00  1.5544251370448095e-01  3.3779985434889660e+01  3.1999964420797433e+01  3.1999998496620602e+01  4.7999999999999998e+00  9.5739484731978806e+00  7.8851246812606561e+00  1.5575817295727618e-01  5.1883334887252319e+00  7.5055403192251480e-01  5.1112684707906704e+00  7.4577361315237234e-01  4.9148316470847092e-01  9.8854838555303548e-01
1.9519999999996699e+02  9.5799800454071171e+00  2.4441162266054344e-02  7.8809231621001290e+00  1.5797184812888906e-01  3.3795503069361345e+01  3.1999964023689536e+01  3.1999998505936233e+01  4.7999999999999998e+00  9.5801561226447340e+00  7.8812633900955689e+00  1.5717253345414564e-01  5.1794397045216787e+00  7.5111032689327983e-01  5.1057355485375258e+00  7.4537880189154471e-01  4.9145358110246573e-01  9.8854029219393857e-01
1.9599999999996700e+02  9.5862977026228116e+00  2.4436536606771878e-02  7.8771585943423164e+00  1.5739271287467735e-01  3.3810715334802623e+01  3.1999963610284990e+01  3.1999998508296802e+01  4.7999999999999998e+00  9.5864739114147710e+00  7.8775014061735389e+00  1.5673450454009391e-01  5.1711906326249419e+00  7.5076443356057554e-01  5.1007538637375953e+00  7.4542655978790029e-01  4.9142092276460309e-01  9.8853293821603605e-01
1.9679999999996599e+02  9.5927355276036401e+00  2.4431445387965874e-02  7.8738383216860655e+00  1.5591927489801619e-01  3.3825994802836718e+01  3.1999963204716369e+01  3.1999998513930727e+01  4.7999999999999998e+00  9.5929118692046202e+00  7.8741835963327098e+00  1.5461053820793694e-01  5.1634135112361594e+00  7.5179991990000827e-01  5.0960803188150470e+00  7.4545328327643468e-01  4.9138367288854701e-01  9.8852610166551291e-01
1.9759999999996501e+02  9.5993162211908132e+00  2.4426037377063600e-02  7.8707402427681972e+00  1.5597271036788438e-01  3.3841531234964485e+01  3.1999962795582917e+01  3.1999998523018384e+01  4.7999999999999998e+00  9.5994928996349724e+00  7.8710865035235731e+00  1.5587653771455426e-01  5.1550505337568584e+00  7.5186556586193432e-01  5.0921529441055178e+00  7.4520912147445750e-01  4.9133982343904464e-01  9.8851922632211475e-01
1.9839999999996499e+02  9.6059972553380959e+00  2.4424648044520277e-02  7.8676347855969366e+00  1.5735202029978851e-01  3.3856860767975093e+01  3.1999962377856821e+01  3.1999998518384100e+01  4.7999999999999998e+00  9.6061740131392170e+00  7.8679837711895422e+00  1.5595711561838985e-01  5.1469817585527622e+00  7.5152057257900573e-01  5.0887209146074399e+00  7.4289422244615833e-01  4.9129529919826381e-01  9.8851237153483351e-01
1.9919999999996401e+02  9.6129425419753005e+00  2.4428817987990164e-02  7.8651827325650290e+00  1.5693691973753879e-01  3.3872186529576304e+01  3.1999961983291993e+01  3.1999998527361559e+01  4.7999999999999998e+00  9.6131185801894325e+00  7.8655350692367429e+00  1.5369889979967588e-01  5.1407355842509386e+00  7.5156698473560424e-01  5.0856702912371663e+00  7.4244541735482672e-01  4.9126004456765549e-01  9.8850584493637561e-01
1.9999999999996299e+02  9.6202673604931785e+00  2.4432666528503167e-02  7.8637172742600816e+00  1.5480278427265451e-01  3.3887888067565349e+01  3.1999961600469849e+01  3.1999998544381143e+01  4.7999999999999998e+00  9.6204424060995741e+00  7.8640711398927579e+00  1.5404191622386529e-01  5.1359393990276443e+00  7.5139118618888234e-01  5.0837111604675007e+00  7.4243827869001922e-01  4.9123048457961344e-01  9.8849967087049984e-01
2.0000999999996299e+02  9.6203607190371976e+00  2.4432711581105646e-02  7.8637022217233969e+00  1.5605636019593724e-01  3.3888086140697951e+01  3.1999961595716751e+01  3.1999998544511794e+01  4.7999999999999998e+00  9.6205357517988190e+00  7.8640560979485299e+00  1.5404197092748037e-01  5.1358841971513680e+00  7.5139079688048349e-01  5.0836913733488327e+00  7.4243802347581855e-01  4.9123013444074504e-01  9.8849959560140410e-01
