# time  core_x_canon  core_y_canon  core_z_canon  peak_canon  core_x_phantom  core_y_phantom  core_z_phantom  peak_phantom  coord_sep  proper_sep  px_canon  px_phantom  px_total  shift_x_canon  shift_x_phantom  max_abs_shift
0.0000000000000000e+00  3.8000142597126434e+01  3.2000000000000000e+01  3.2000000000000000e+01  2.4518570118712318e-02  2.6000144229894790e+01  3.2000000000000000e+01  3.2000000000000000e+01  2.4422106828995295e-02  1.1999998367231644e+01  1.2000167759515719e+01  0.0000000000000000e+00  0.0000000000000000e+00  0.0000000000000000e+00  0.0000000000000000e+00  0.0000000000000000e+00  0.0000000000000000e+00
8.0000000000000004e-01  3.8000213724492149e+01  3.1999999999999986e+01  3.2000000000000000e+01  2.4587203000450267e-02  2.6000218289181095e+01  3.1999999999999943e+01  3.2000000000000000e+01  2.4492066808076463e-02  1.1999995435311053e+01  1.2000174452947157e+01  1.1297908359660888e-06  1.1425436440532955e-06  -1.2752808087206727e-08  -4.5733754410260870e-07  4.7037591003686345e-07  8.3492280698690436e-06
1.6000000000000001e+00  3.8000397668760073e+01  3.2000000000001130e+01  3.2000000000000000e+01  2.4525950066699980e-02  2.6000407900638866e+01  3.1999999999999289e+01  3.2000000000000000e+01  2.4411090240182662e-02  1.1999989768121207e+01  1.2000189132249183e+01  2.2693193433827437e-06  2.2830107558816844e-06  -1.3691412498940680e-08  -2.7903537010745259e-06  3.1900041324476558e-06  1.3459153618394799e-05
2.3999999999999901e+00  3.8000633099062703e+01  3.2000000000003389e+01  3.2000000000000000e+01  2.4452474729360806e-02  2.6000651110405443e+01  3.1999999999998987e+01  3.2000000000000007e+01  2.4307810629232041e-02  1.1999981988657261e+01  1.2000200428842124e+01  3.4217939816319006e-06  3.4315371548907915e-06  -9.7431732588908579e-09  -9.6375741043649280e-06  1.1713929035660481e-05  2.6003944770219474e-05
3.1999999999999802e+00  3.8000914812673564e+01  3.2000000000004228e+01  3.2000000000000000e+01  2.4548655785040296e-02  2.6000942594974859e+01  3.2000000000002409e+01  3.2000000000000000e+01  2.4381438877712627e-02  1.1999972217698705e+01  1.2000206415836210e+01  4.5831713190278202e-06  4.5981202628041444e-06  -1.4948943776324161e-08  8.4410190599289782e-06  -7.9567956124131754e-06  2.5549205345230866e-05
3.9999999999999600e+00  3.8001276507593957e+01  3.1999999999992017e+01  3.2000000000000000e+01  2.4574988655156161e-02  2.6001314533369083e+01  3.2000000000011532e+01  3.2000000000000000e+01  2.4419349653115284e-02  1.1999961974224874e+01  1.2000207194907688e+01  5.7536263569345320e-06  5.7833841875797219e-06  -2.9757830645189906e-08  -1.8617372198815755e-05  2.2417244518049382e-05  4.9246727094879885e-05
4.7999999999999403e+00  3.8001686700917730e+01  3.1999999999932694e+01  3.2000000000000000e+01  2.4517356498548980e-02  2.6001732562069382e+01  3.2000000000033140e+01  3.2000000000000000e+01  2.4411790643325243e-02  1.1999954138848349e+01  1.2000205708005275e+01  6.9344758431943093e-06  6.9771232690825333e-06  -4.2647425888223952e-08  -7.8874041367894913e-06  -1.2591699469444426e-07  1.6196960371806479e-05
5.5999999999999304e+00  3.8002085310910708e+01  3.1999999999862055e+01  3.2000000000000000e+01  2.4483253558463793e-02  2.6002138158317702e+01  3.2000000000052715e+01  3.2000000000000000e+01  2.4423856473853246e-02  1.1999947152593005e+01  1.2000207578632597e+01  8.1247793036731647e-06  8.1717176512712409e-06  -4.6938347598076208e-08  -1.4224671058253875e-05  4.9298208198841855e-06  2.1770487260239433e-05
6.3999999999999098e+00  3.8002491427637182e+01  3.1999999999765929e+01  3.2000000000000000e+01  2.4500878142019025e-02  2.6002555329955879e+01  3.2000000000117225e+01  3.1999999999999993e+01  2.4428825980481402e-02  1.1999936097681303e+01  1.2000215648926442e+01  9.3193628176959292e-06  9.3682667206222111e-06  -4.8903902926281814e-08  -1.0836480438363718e-05  8.0734165249485573e-06  2.1785207468797820e-05
7.1999999999998900e+00  3.8002977787233760e+01  3.1999999999546468e+01  3.2000000000000000e+01  2.4530157521965790e-02  2.6003059020139151e+01  3.2000000000248960e+01  3.2000000000000000e+01  2.4410166322564261e-02  1.1999918767094609e+01  1.2000226403440841e+01  1.0506033392153364e-05  1.0564974397935725e-05  -5.8941005782361098e-08  -1.0856980520217705e-05  1.2396226118595273e-05  1.8269478267056486e-05
7.9999999999998703e+00  3.8003580113293502e+01  3.1999999999246466e+01  3.2000000000000000e+01  2.4538622262018212e-02  2.6003679237522771e+01  3.2000000000392546e+01  3.2000000000000000e+01  2.4395109357936734e-02  1.1999900875770731e+01  1.2000235547506392e+01  1.1683417871337040e-05  1.1761040825481111e-05  -7.7622954144070932e-08  -1.2743525512612811e-05  1.4952353870365872e-05  2.2333149673109299e-05
8.7999999999998604e+00  3.8004255084990163e+01  3.1999999998852676e+01  3.2000000000000000e+01  2.4516341156181631e-02  2.6004365736944308e+01  3.2000000000571575e+01  3.2000000000000000e+01  2.4397181398692062e-02  1.1999889348045855e+01  1.2000243642877269e+01  1.2859594890009217e-05  1.2957088895210677e-05  -9.7494005201460517e-08  -1.6020736812406832e-05  1.4560913976903517e-05  2.2067596644788565e-05
9.5999999999998398e+00  3.8004944900747212e+01  3.1999999998321730e+01  3.2000000000000000e+01  2.4493812039220859e-02  2.6005064175912768e+01  3.2000000000808583e+01  3.2000000000000000e+01  2.4408516475586731e-02  1.1999880724834444e+01  1.2000253774769927e+01  1.4043850145316448e-05  1.4157773941651974e-05  -1.1392379633552522e-07  -1.9693065269455306e-05  1.4056746362733785e-05  2.8290977587137477e-05
1.0399999999999800e+01  3.8005664305041222e+01  3.1999999997747054e+01  3.2000000000000000e+01  2.4503999470634162e-02  2.6005798932066256e+01  3.2000000001064066e+01  3.2000000000000000e+01  2.4413640594290104e-02  1.1999865372974966e+01  1.2000267150147987e+01  1.5242315679032686e-05  1.5370355704187415e-05  -1.2804002515472932e-07  -1.8496920364599285e-05  1.7384612289507573e-05  2.7815920874047339e-05
1.1199999999999800e+01  3.8006478181879672e+01  3.1999999997098662e+01  3.2000000000000000e+01  2.4536771906727872e-02  2.6006635640880290e+01  3.2000000001341640e+01  3.2000000000000000e+01  2.4408304275101846e-02  1.1999842540999381e+01  1.2000281355966040e+01  1.6452722470402972e-05  1.6593356999903775e-05  -1.4063452950080333e-07  -1.7095462562339206e-05  1.9617019332179570e-05  2.3941358933630193e-05
1.1999999999999799e+01  3.8007404023212082e+01  3.1999999996320430e+01  3.2000000000000000e+01  2.4550849327294497e-02  2.6007581371663925e+01  3.2000000001677869e+01  3.2000000000000000e+01  2.4402440854571748e-02  1.1999822651548158e+01  1.2000292711551054e+01  1.7669783315087385e-05  1.7818066395742072e-05  -1.4828308065468739e-07  -2.1541340664421439e-05  1.9483562652887562e-05  2.5370328986559416e-05
1.2799999999999800e+01  3.8008391223736986e+01  3.1999999995468386e+01  3.2000000000000000e+01  2.4529728372848589e-02  2.6008579443183642e+01  3.2000000002063572e+01  3.2000000000000000e+01  2.4405553511626467e-02  1.1999811780553344e+01  1.2000300212069853e+01  1.8893560901950666e-05  1.9041168737966514e-05  -1.4760783601584811e-07  -2.6964722461385934e-05  2.1085725632289037e-05  3.2204787111429547e-05
1.3599999999999801e+01  3.8009401333095830e+01  3.1999999994533582e+01  3.2000000000000043e+01  2.4503942508638334e-02  2.6009598850936431e+01  3.2000000002487212e+01  3.2000000000000000e+01  2.4414168322613665e-02  1.1999802482159399e+01  1.2000307068311329e+01  2.0122992186417391e-05  2.0264646026877346e-05  -1.4165384045995510e-07  -2.8077281469533806e-05  2.3690474370390850e-05  3.8083343828680114e-05
1.4399999999999700e+01  3.8010462364624701e+01  3.1999999993483982e+01  3.1999999999999645e+01  2.4509036600554750e-02  2.6010677965267160e+01  3.2000000002955844e+01  3.2000000000000121e+01  2.4417349800910853e-02  1.1999784399357541e+01  1.2000315458381138e+01  2.1350115975922656e-05  2.1488753439801165e-05  -1.3863746387850857e-07  -2.7768297525340173e-05  2.5625657800959193e-05  3.7050969621510869e-05
1.5199999999999701e+01  3.8011623899979632e+01  3.1999999992334228e+01  3.2000000000002700e+01  2.4537702120442716e-02  2.6011863450587335e+01  3.2000000003468777e+01  3.1999999999998895e+01  2.4411755759968720e-02  1.1999760449392298e+01  1.2000323782168568e+01  2.2566874801681090e-05  2.2710170520460502e-05  -1.4329571877941166e-07  -2.7865229984289817e-05  2.8084498333012213e-05  3.3650736800491629e-05
1.5999999999999700e+01  3.8012882774833841e+01  3.1999999991066989e+01  3.1999999999984627e+01  2.4551208629709782e-02  2.6013139679042599e+01  3.2000000004045859e+01  3.2000000000006921e+01  2.4405792565287205e-02  1.1999743095791242e+01  1.2000329909915719e+01  2.3773905087247141e-05  2.3926309537574589e-05  -1.5240445032744797e-07  -2.9169947069038568e-05  3.0449352465749996e-05  3.6887171619602028e-05
1.6799999999999802e+01  3.8014188990899783e+01  3.1999999989784310e+01  3.2000000000058328e+01  2.4532871034640625e-02  2.6014704930275393e+01  3.2000000004569827e+01  3.1999999999970385e+01  2.4407911120084259e-02  1.1999484060624390e+01  1.2000334400511729e+01  2.4983957831065274e-05  2.5141755582068553e-05  -1.5779775100327928e-07  -3.1977527438418823e-05  3.1841191471097843e-05  3.8196020048752655e-05
1.7600000000000001e+01  3.8015522252566051e+01  3.1999999988177475e+01  3.1999999999898336e+01  2.4509745328034210e-02  2.6016393477279017e+01  3.2000000005471925e+01  3.2000000000069264e+01  2.4415535981666008e-02  1.1999128775287033e+01  1.2000339703485629e+01  2.6211761168335647e-05  2.6364799199189531e-05  -1.5303803085388391e-07  -3.5279110014196760e-05  3.2922407551559498e-05  4.4818875606672844e-05
1.8400000000000102e+01  3.8016920277949055e+01  3.1999999986293187e+01  3.1999999999547555e+01  2.4514054173345106e-02  2.6017815242540408e+01  3.2000000006160377e+01  3.2000000000122057e+01  2.4419198296336778e-02  1.1999105035408647e+01  1.2000344961510187e+01  2.7456851081195529e-05  2.7595759227017826e-05  -1.3890814582229690e-07  -3.7816616422039855e-05  3.4804268674283282e-05  4.6148308369036109e-05
1.9200000000000198e+01  3.8018419438715995e+01  3.1999999987233963e+01  3.2000000002414829e+01  2.4539513592693282e-02  2.6019340578963785e+01  3.2000000004292730e+01  3.1999999998840153e+01  2.4415449010124719e-02  1.1999078859752210e+01  1.2000346503124923e+01  2.8704110863645570e-05  2.8826398550914549e-05  -1.2228768726897912e-07  -3.8495431504272787e-05  3.7346141272616907e-05  4.2887765416978644e-05
2.0000000000000298e+01  3.8020000544887999e+01  3.1999999976806915e+01  3.1999999992908137e+01  2.4551770903826993e-02  2.6021031437350821e+01  3.2000000016823975e+01  3.2000000004037886e+01  2.4410972954998864e-02  1.1998969107537178e+01  1.2000343964471110e+01  2.9941075981063712e-05  3.0052598454414577e-05  -1.1152247335086498e-07  -3.8814427939940867e-05  3.9526584464116245e-05  4.5848207498238371e-05
2.0800000000000502e+01  3.8021619238473527e+01  3.1999999930192871e+01  3.1999999947634745e+01  2.4536076941905498e-02  2.6022658088934719e+01  3.2000000046596384e+01  3.2000000017946718e+01  2.4413017493388478e-02  1.1998961149538808e+01  1.2000340162123139e+01  3.1168952795153211e-05  3.1280362147641782e-05  -1.1140935248857151e-07  -4.0762355351927998e-05  4.1035722064684699e-05  4.7292633855453165e-05
2.1600000000000598e+01  3.8023272469255545e+01  3.1999999884591393e+01  3.1999999917400796e+01  2.4515983670636263e-02  2.6024436846576510e+01  3.2000000010682541e+01  3.2000000002561926e+01  2.4419711866342314e-02  1.1998835622679035e+01  1.2000337496814693e+01  3.2395954271258493e-05  3.2516201060079655e-05  -1.2024678882116205e-07  -4.3291268166960896e-05  4.2520481631812929e-05  5.1859375496989960e-05
2.2400000000000698e+01  3.8024999890261270e+01  3.1999999896422231e+01  3.1999999960295913e+01  2.4519381463047930e-02  2.6026190874437013e+01  3.1999999853111131e+01  3.1999999940623670e+01  2.4423125276333335e-02  1.1998809015824257e+01  1.2000336450542811e+01  3.3624440400401465e-05  3.3757444328719694e-05  -1.3300392831822868e-07  -4.4723919979192888e-05  4.4539968907317349e-05  5.2598282722510374e-05
2.3200000000000799e+01  3.8026821291372151e+01  3.1999999945283349e+01  3.2000000029192826e+01  2.4541026519257231e-02  2.6028038392122490e+01  3.1999999625528559e+01  3.1999999873693390e+01  2.4420198318426182e-02  1.1998782899249662e+01  1.2000335498069965e+01  3.4850682799598220e-05  3.4996991098520163e-05  -1.4630829892194286e-07  -4.5409388128807494e-05  4.6810823743762736e-05  5.2239110479871913e-05
2.4000000000000998e+01  3.8028707384561855e+01  3.2000000014786160e+01  3.2000000092882125e+01  2.4551833268640185e-02  2.6029939773192677e+01  3.1999999334687054e+01  3.1999999804026256e+01  2.4416514856617735e-02  1.1998767611369178e+01  1.2000333115663926e+01  3.6074785065425124e-05  3.6234785652767919e-05  -1.6000058734279494e-07  -4.6777136205924221e-05  4.8700550584097606e-05  5.4903922693279684e-05
2.4800000000001098e+01  3.8030626261254213e+01  3.2000000134088239e+01  3.2000000188989631e+01  2.4539215571192038e-02  2.6031870345706977e+01  3.1999998944817271e+01  3.1999999699873854e+01  2.4418322859922514e-02  1.1998755915547235e+01  1.2000329748057087e+01  3.7302831363874596e-05  3.7479462390000913e-05  -1.7663102612631699e-07  -4.9318694207604282e-05  5.0421455977490971e-05  5.6597580862132387e-05
2.5600000000001199e+01  3.8032591197466161e+01  3.2000000289699109e+01  3.2000000301614449e+01  2.4522606496311210e-02  2.6033857531192357e+01  3.1999998510108504e+01  3.1999999588461513e+01  2.4424177822759578e-02  1.1998733666273804e+01  1.2000326477083723e+01  3.8538103166933542e-05  3.8738006385798026e-05  -1.9990321886448353e-07  -5.2047090590409758e-05  5.2163346102057538e-05  6.0336161643613770e-05
2.6400000000001299e+01  3.8034637793423727e+01  3.2000000433940443e+01  3.2000000377090878e+01  2.4525265114809902e-02  2.6035936855693397e+01  3.1999998111054197e+01  3.1999999505857616e+01  2.4427350481838323e-02  1.1998700937730330e+01  1.2000324401407433e+01  3.9776036690471699e-05  4.0007485706110780e-05  -2.3144901563908090e-07  -5.3668534086995016e-05  5.3304610756858963e-05  6.1434896475619889e-05
2.7200000000001499e+01  3.8037020111040235e+01  3.2000000544241900e+01  3.2000000407919593e+01  2.4543315983746736e-02  2.6038097446613339e+01  3.1999997765262158e+01  3.1999999436704591e+01  2.4425112478297262e-02  1.1998922664426896e+01  1.2000324916341308e+01  4.1010604228754164e-05  4.1279676440464117e-05  -2.6907221170995315e-07  -5.4351740282411138e-05  5.4473484078463246e-05  6.0005320858696328e-05
2.8000000000001599e+01  3.8039206350154039e+01  3.2000000614790622e+01  3.2000000411611794e+01  2.4553035454342807e-02  2.6040301241574348e+01  3.1999997465903029e+01  3.1999999365356281e+01  2.4422108425094978e-02  1.1998905108579692e+01  1.2000327510456051e+01  4.2242129196221992e-05  4.2549846690084277e-05  -3.0771749386228575e-07  -5.5481777711497564e-05  5.6840042283909722e-05  6.3373542008492766e-05
2.8800000000001699e+01  3.8041428246806568e+01  3.2000000641641208e+01  3.2000000397946877e+01  2.4543565347841460e-02  2.6042542100701581e+01  3.1999997217121791e+01  3.1999999301028890e+01  2.4423693035438981e-02  1.1998886146104986e+01  1.2000330212426380e+01  4.3475652547364173e-05  4.3816598493367057e-05  -3.4094594600288415e-07  -5.7722715260247231e-05  5.9745444936698038e-05  6.6006153741377733e-05
2.9600000000001799e+01  3.8044217299944712e+01  3.2000000628340857e+01  3.2000000367368763e+01  2.4530067205899633e-02  2.6044852731785859e+01  3.1999997023020168e+01  3.1999999250219425e+01  2.4428750448027767e-02  1.1999364568158853e+01  1.2000332694254773e+01  4.4713269334928265e-05  4.5077495307173696e-05  -3.6422597224543079e-07  -6.0271972677887107e-05  6.2261796623276262e-05  6.8280075966098690e-05
3.0400000000001999e+01  3.8046921810141896e+01  3.2000000577614180e+01  3.2000000314352953e+01  2.4531716913367568e-02  2.6047252729451472e+01  3.1999996885487295e+01  3.1999999212820388e+01  2.4431587487932963e-02  1.1999669080690424e+01  1.2000335334237743e+01  4.5952557511709639e-05  4.6330549356845881e-05  -3.7799184513624142e-07  -6.1960166247362308e-05  6.4513614380643132e-05  6.9589594908097476e-05
3.1200000000002099e+01  3.8049361384781506e+01  3.2000000479733330e+01  3.2000000245156109e+01  2.4546434616259920e-02  2.6049719330553575e+01  3.1999996810883950e+01  3.1999999188636703e+01  2.4429809986323353e-02  1.1999642054227930e+01  1.2000337433686269e+01  4.7192477390781553e-05  4.7579249158271617e-05  -3.8677176749006364e-07  -6.2924344264932448e-05  6.6565721564890531e-05  7.1757200438169464e-05
3.2000000000002203e+01  3.8051845656375406e+01  3.2000000335566043e+01  3.2000000173698020e+01  2.4555401267032047e-02  2.6052223723434746e+01  3.1999996798210649e+01  3.1999999176188805e+01  2.4427308834428681e-02  1.1999621932940659e+01  1.2000338308498460e+01  4.8436480219969769e-05  4.8831791642957548e-05  -3.9531142298777889e-07  -6.4444501747340285e-05  6.8215157628833648e-05  7.4121218117016626e-05
3.2800000000002001e+01  3.8054373385752349e+01  3.2000000163683900e+01  3.2000000100911343e+01  2.4548800087805706e-02  2.6054775032635153e+01  3.1999996831652435e+01  3.1999999174700577e+01  2.4428672900993695e-02  1.1999598353117197e+01  1.2000338208664491e+01  4.9688249895723454e-05  5.0092741535838336e-05  -4.0449164011488166e-07  -6.6935518279118212e-05  6.9855925228751444e-05  7.5674458710445761e-05
3.3600000000001899e+01  3.8056971955369413e+01  3.1999999984173431e+01  3.2000000036277811e+01  2.4537740226611957e-02  2.6057404806871613e+01  3.1999996893948222e+01  3.1999999182225924e+01  2.4433029214594042e-02  1.1999567148497800e+01  1.2000337784618431e+01  5.0946766837475317e-05  5.1357389916688370e-05  -4.1062307921305283e-07  -6.9566650556848332e-05  7.1926066123358283e-05  7.7276036895236686e-05
3.4400000000001697e+01  3.8059654712220407e+01  3.1999999810465489e+01  3.1999999997465441e+01  2.4538182530681001e-02  2.6059997878262383e+01  3.1999996966421506e+01  3.1999999196089195e+01  2.4435555317197138e-02  1.1999656833958024e+01  1.2000337079197717e+01  5.2208035625873906e-05  5.2618329299761704e-05  -4.1029367388779761e-07  -7.1422654611469816e-05  7.4186107479307691e-05  7.9094230673223184e-05
3.5200000000001602e+01  3.8062831332596126e+01  3.1999999656652541e+01  3.1999999977357039e+01  2.4550020887477587e-02  2.6063241757316028e+01  3.1999997036047251e+01  3.1999999217977400e+01  2.4434161205215323e-02  1.1999589575280098e+01  1.2000335078657587e+01  5.3470917433280124e-05  5.3875848541173112e-05  -4.0493110789298830e-07  -7.2507669614870377e-05  7.6336467134501147e-05  8.1660399327475384e-05
3.6000000000001400e+01  3.8065710954244707e+01  3.1999999534578592e+01  3.1999999959729465e+01  2.4558494550223662e-02  2.6066055538995272e+01  3.1999997085311122e+01  3.1999999241031428e+01  2.4432106285324821e-02  1.1999655415249435e+01  1.2000330966057817e+01  5.4737753812986750e-05  5.5137004848414189e-05  -3.9925103542743832e-07  -7.3914554826775517e-05  7.8252882255273797e-05  8.4048509681040732e-05
3.6800000000001198e+01  3.8068553037716896e+01  3.1999999445583736e+01  3.1999999945600642e+01  2.4554228653030731e-02  2.6068927888975988e+01  3.1999997104145002e+01  3.1999999254321651e+01  2.4433311773934280e-02  1.1999625148740908e+01  1.2000324986655066e+01  5.6009802546205665e-05  5.6405641892909668e-05  -3.9583934670400284e-07  -7.6272744926135754e-05  8.0029486562690585e-05  8.5684288326614335e-05
3.7600000000001103e+01  3.8071472957168595e+01  3.1999999383847484e+01  3.1999999938527221e+01  2.4544876066086171e-02  2.6072281360423823e+01  3.1999997086562001e+01  3.1999999256070875e+01  2.4437090918024613e-02  1.1999191596744772e+01  1.2000317892928377e+01  5.7285375604270198e-05  5.7678799416605299e-05  -3.9342381233510137e-07  -7.8739290133576147e-05  8.1972730397934822e-05  8.6973140630262354e-05
3.8400000000000901e+01  3.8074472032510513e+01  3.1999999347438912e+01  3.1999999936497446e+01  2.4544092795624455e-02  2.6075314603827582e+01  3.1999997035524082e+01  3.1999999246825379e+01  2.4439362425533441e-02  1.1999157428682931e+01  1.2000310140102286e+01  5.8562687267341845e-05  5.8953356488557169e-05  -3.9066922121532379e-07  -8.0594290054855007e-05  8.3972163206685635e-05  8.8797386021891627e-05
3.9200000000000799e+01  3.8077527441343541e+01  3.1999999333651466e+01  3.1999999941156762e+01  2.4553598499168602e-02  2.6078397636409932e+01  3.1999996956060709e+01  3.1999999219862307e+01  2.4438313185861312e-02  1.1999129804933609e+01  1.2000301659752825e+01  5.9842413504195329e-05  6.0231871698563490e-05  -3.8945819436816118e-07  -8.2006143966241462e-05  8.5665274605234399e-05  9.1058505723880804e-05
4.0000000000000597e+01  3.8080628071542513e+01  3.1999999335608774e+01  3.1999999955155481e+01  2.4561710878024081e-02  2.6081526874486357e+01  3.1999996853533876e+01  3.1999999179953086e+01  2.4436670660537188e-02  1.1999101197056156e+01  1.2000292155567822e+01  6.1126270560962615e-05  6.1518944588157478e-05  -3.9267402719486287e-07  -8.3417962319377983e-05  8.7314416234694970e-05  9.3055841250808024e-05
4.0800000000000502e+01  3.8083892398569752e+01  3.1999999347099696e+01  3.1999999974417925e+01  2.4559166480466906e-02  2.6084724596307012e+01  3.1999996737422723e+01  3.1999999145202185e+01  2.4437771107632074e-02  1.1999167802262740e+01  1.2000281746614014e+01  6.2413817817195190e-05  6.2813798271467330e-05  -3.9998045427213985e-07  -8.5446895217576767e-05  8.9328752082849539e-05  9.4788913859062996e-05
4.1600000000000300e+01  3.8087134871858545e+01  3.1999999363890147e+01  3.1999999991105604e+01  2.4550968984660079e-02  2.6088003700176312e+01  3.1999996616775682e+01  3.1999999122817350e+01  2.4441074740908151e-02  1.1999131171682233e+01  1.2000271133456266e+01  6.3702889259591386e-05  6.4110949529642082e-05  -4.0806027005069623e-07  -8.7975569736435192e-05  9.1438742003569821e-05  9.6522681495969827e-05
4.2400000000000098e+01  3.8090624619919943e+01  3.1999999383203129e+01  3.2000000001870980e+01  2.4549184676094658e-02  2.6091348788957152e+01  3.1999996493449363e+01  3.1999999106323244e+01  2.4443137207544392e-02  1.1999275830962791e+01  1.2000260834579533e+01  6.4993038177958454e-05  6.5407833071938574e-05  -4.1479489398011944e-07  -8.9983988850706446e-05  9.3310049017309769e-05  9.8344174724852526e-05
4.3200000000000003e+01  3.8094468689073757e+01  3.1999999402059547e+01  3.2000000007344916e+01  2.4556929037718247e-02  2.6094983400610065e+01  3.1999996365104138e+01  3.1999999091972278e+01  2.4442388281031645e-02  1.1999485288463692e+01  1.2000250658046300e+01  6.6285905513193324e-05  6.6707392036405912e-05  -4.2148652321258794e-07  -9.1270751466073841e-05  9.5126830321693749e-05  1.0046239871566174e-04
4.3999999999999801e+01  3.8097887914329071e+01  3.1999999416246517e+01  3.2000000008487206e+01  2.4564702321146336e-02  2.6098430974405979e+01  3.1999996238174528e+01  3.1999999081068026e+01  2.4441099380652441e-02  1.1999456939923093e+01  1.2000240062729700e+01  6.7582282456387440e-05  6.8012453198806267e-05  -4.3017074241882781e-07  -9.2649663650426985e-05  9.7150300137953678e-05  1.0266804922922688e-04
4.4799999999999699e+01  3.8101375555983410e+01  3.1999999423884805e+01  3.2000000007889639e+01  2.4563327442707391e-02  2.6101952172719230e+01  3.1999996116242567e+01  3.1999999068227456e+01  2.4442098945849804e-02  1.1999423383264180e+01  1.2000228643414813e+01  6.8880833318395250e-05  6.9320952063488776e-05  -4.4011874509352678e-07  -9.4740616559608413e-05  9.9330334892024308e-05  1.0465485227836868e-04
4.5599999999999497e+01  3.8105338782229680e+01  3.1999999427671789e+01  3.2000000007909435e+01  2.4555993572575586e-02  2.6105549392509314e+01  3.1999995997874620e+01  3.1999999046654327e+01  2.4444969518163696e-02  1.1999789389720366e+01  1.2000216667510383e+01  7.0180184814419555e-05  7.0629006509680928e-05  -4.4882169526137264e-07  -9.7226676086114035e-05  1.0142722744175616e-04  1.0653159953126474e-04
4.6399999999999302e+01  3.8108972574834034e+01  3.1999999429352069e+01  3.2000000007916519e+01  2.4553591005421802e-02  2.6109689418521342e+01  3.1999995878029178e+01  3.1999999016385757e+01  2.4446818895218776e-02  1.1999283156312693e+01  1.2000204662443117e+01  7.1481178685980131e-05  7.1936749824391200e-05  -4.5557113841106895e-07  -9.9200518642686278e-05  1.0335707907562375e-04  1.0842982446390797e-04
4.7199999999999200e+01  3.8112654992649922e+01  3.1999999429740612e+01  3.2000000009348476e+01  2.4560051749253093e-02  2.6113388639018048e+01  3.1999995759277205e+01  3.1999998980689188e+01  2.4446289008899370e-02  1.1999266353631874e+01  1.2000192543351996e+01  7.2785770073714053e-05  7.3247859214943916e-05  -4.6208914122986239e-07  -1.0046438670868078e-04  1.0523121129656740e-04  1.1036152016304146e-04
4.7999999999998998e+01  3.8116392575696203e+01  3.1999999426713124e+01  3.2000000013790007e+01  2.4567404926578808e-02  2.6117476959839031e+01  3.1999995641957074e+01  3.1999998940977832e+01  2.4445252061788710e-02  1.1998915615857172e+01  1.2000179726474970e+01  7.4093952670835486e-05  7.4563716195405862e-05  -4.6976352457037628e-07  -1.0195057274452256e-04  1.0724682884658419e-04  1.1251769335503359e-04
4.8799999999998903e+01  3.8120202740884558e+01  3.1999999418265464e+01  3.2000000018026114e+01  2.4566770897415286e-02  2.6121766195986279e+01  3.1999995532682533e+01  3.1999998901696276e+01  2.4446095841888327e-02  1.1998436544898279e+01  1.2000165855244955e+01  7.5403672821843280e-05  7.5881348060995906e-05  -4.7767523915262619e-07  -1.0420249347389908e-04  1.0944544362211733e-04  1.1478923718593428e-04
4.9599999999998701e+01  3.8124086663220218e+01  3.1999999405070263e+01  3.2000000016855942e+01  2.4560212560094836e-02  2.6125676669429186e+01  3.1999995419513375e+01  3.1999998863417510e+01  2.4448521631724063e-02  1.1998409993791032e+01  1.2000151034872799e+01  7.6714477267751156e-05  7.7198379576297723e-05  -4.8390230854656669e-07  -1.0649789396905951e-04  1.1157997390501745e-04  1.1668675568353190e-04
5.0399999999998499e+01  3.8128028105003587e+01  3.1999999386390954e+01  3.2000000008364800e+01  2.4557577780683241e-02  2.6129641363956924e+01  3.1999995301932621e+01  3.1999998826928017e+01  2.4450121157819190e-02  1.1998386741046662e+01  1.2000135594659891e+01  7.8028914697150981e-05  7.8517309797338289e-05  -4.8839510018730764e-07  -1.0820202743311919e-04  1.1358204258480463e-04  1.1848625100671314e-04
5.1199999999998397e+01  3.8132018322136176e+01  3.1999999358582393e+01  3.1999999994353619e+01  2.4563058950942802e-02  2.6133658948876146e+01  3.1999995182811098e+01  3.1999998792213741e+01  2.4449709508100940e-02  1.1998359373260030e+01  1.2000119892376972e+01  7.9348841727122844e-05  7.9841449709790440e-05  -4.9260798266759632e-07  -1.0988886689524762e-04  1.1532296475486583e-04  1.2047220394445190e-04
5.1999999999998202e+01  3.8136068732167509e+01  3.1999999321350476e+01  3.1999999977017321e+01  2.4569838774853473e-02  2.6138531442884631e+01  3.1999995062101902e+01  3.1999998759244637e+01  2.4448811926157252e-02  1.1997537289282878e+01  1.2000103861343067e+01  8.0672283062225084e-05  8.1169473885969523e-05  -4.9719082374443898e-07  -1.1190078517214907e-04  1.1709411600450322e-04  1.2244520840672341e-04
5.2799999999998100e+01  3.8140752706796846e+01  3.1999999280236718e+01  3.1999999957066013e+01  2.4569639812806143e-02  2.6142687954274166e+01  3.1999994938151410e+01  3.1999998727971398e+01  2.4449433339665514e-02  1.1998064752522680e+01  1.2000086968139620e+01  8.1995775280114565e-05  8.2497178888823534e-05  -5.0140360870896863e-07  -1.1372423329257300e-04  1.1957785496160060e-04  1.2478150916507731e-04
5.3599999999997898e+01  3.8145184611163820e+01  3.1999999230815316e+01  3.1999999934123352e+01  2.4563837913485057e-02  2.6146906764101768e+01  3.1999994816278097e+01  3.1999998698491964e+01  2.4451376122235094e-02  1.1998277847062052e+01  1.2000069343686036e+01  8.3318930896389681e-05  8.3823018336537218e-05  -5.0408744014753719e-07  -1.1549994476770813e-04  1.2205801770860126e-04  1.2712617999053569e-04
5.4399999999997704e+01  3.8149437408428348e+01  3.1999999172307323e+01  3.1999999910134342e+01  2.4561182525860325e-02  2.6151177831721551e+01  3.1999994702593298e+01  3.1999998669966438e+01  2.4452674660006477e-02  1.1998259576706797e+01  1.2000051559693809e+01  8.4645028572250347e-05  8.5150412691542028e-05  -5.0538411929168167e-07  -1.1742504400663909e-04  1.2378591429326564e-04  1.2877677609964580e-04
5.5199999999997601e+01  3.8154199561977904e+01  3.1999999105458652e+01  3.1999999885756715e+01  2.4565760144889967e-02  2.6155506606468180e+01  3.1999994599194661e+01  3.1999998643493701e+01  2.4452290953097457e-02  1.1998692955509725e+01  1.2000033619842139e+01  8.5976419179139551e-05  8.6483045114021153e-05  -5.0662593488160184e-07  -1.1937540899646419e-04  1.2545765157850712e-04  1.3060897532795191e-04
5.5999999999997399e+01  3.8158821289764028e+01  3.1999999031844663e+01  3.1999999861186147e+01  2.4571803560016602e-02  2.6160203615018304e+01  3.1999994503096872e+01  3.1999998620076145e+01  2.4451432242463940e-02  1.1998617674745724e+01  1.2000015007648912e+01  8.7311163139570990e-05  8.7819367048864170e-05  -5.0820390929318029e-07  -1.2131067616368613e-04  1.2757270412479751e-04  1.3296226266195049e-04
5.6799999999997297e+01  3.8163261411582035e+01  3.1999998952686198e+01  3.1999999837787094e+01  2.4571892707095859e-02  2.6164676623044965e+01  3.1999994416167500e+01  3.1999998599233237e+01  2.4451813448844055e-02  1.1998584788537070e+01  1.1999995217069557e+01  8.8646383559704605e-05  8.9155721826309251e-05  -5.0933826660464604e-07  -1.2298320935642064e-04  1.2988428719690851e-04  1.3501083713621926e-04
5.7599999999997102e+01  3.8167766286271558e+01  3.1999998868804624e+01  3.1999999815773560e+01  2.4566892517250909e-02  2.6169207986164725e+01  3.1999994335412062e+01  3.1999998579109967e+01  2.4453313465467405e-02  1.1998558300106833e+01  1.1999974385766771e+01  8.9982982860594581e-05  9.0492403734093846e-05  -5.0942087349926447e-07  -1.2483228148395533e-04  1.3217593518231351e-04  1.3721553608143515e-04
5.8399999999997000e+01  3.8172327533458443e+01  3.1999998783253176e+01  3.1999999795004811e+01  2.4564290124467467e-02  2.6173791248810428e+01  3.1999994257449703e+01  3.1999998559960829e+01  2.4454277178599611e-02  1.1998536284648015e+01  1.1999953378985577e+01  9.1323917552502883e-05  9.1832613502650087e-05  -5.0869595014720482e-07  -1.2709863754538413e-04  1.3401149477803776e-04  1.3945993797770276e-04
5.9199999999996798e+01  3.8177327037287121e+01  3.1999998699535478e+01  3.1999999776057592e+01  2.4567837454850926e-02  2.6178434470193949e+01  3.1999994178341616e+01  3.1999998542000505e+01  2.4453829195700289e-02  1.1998892567093172e+01  1.1999932531408849e+01  9.2669245793232355e-05  9.3177600831918160e-05  -5.0835503868580428e-07  -1.2904936452785842e-04  1.3552839334467898e-04  1.4091539000193361e-04
5.9999999999996597e+01  3.8182180040894579e+01  3.1999998617389608e+01  3.1999999757940802e+01  2.4572871722110194e-02  2.6183147496858336e+01  3.1999994097147024e+01  3.1999998524478503e+01  2.4452931984088901e-02  1.1999032544036243e+01  1.1999911011112445e+01  9.4015784232907618e-05  9.4525707593186092e-05  -5.0992336027847395e-07  -1.3060306119437977e-04  1.3776749625654970e-04  1.4286679733227622e-04
6.0799999999996501e+01  3.8187106042366622e+01  3.1999998536573138e+01  3.1999999739194593e+01  2.4573061222509161e-02  2.6188098193925335e+01  3.1999994015711387e+01  3.1999998507278058e+01  2.4453015675694103e-02  1.1999007848441288e+01  1.1999888335794010e+01  9.5361451415108416e-05  9.5875026857613301e-05  -5.1357544250488511e-07  -1.3232007807727087e-04  1.4029144569887637e-04  1.4554792837251980e-04
6.1599999999996299e+01  3.8191937651278387e+01  3.1999998458892794e+01  3.1999999720087821e+01  2.4568811053721700e-02  2.6192935684258163e+01  3.1999993929621141e+01  3.1999998489942506e+01  2.4454112539266284e-02  1.1999001967020224e+01  1.1999865428482433e+01  9.6707780374341665e-05  9.7225191706897649e-05  -5.1741133255598347e-07  -1.3439281867497235e-04  1.4199681756188644e-04  1.4736693559005821e-04
6.2399999999996197e+01  3.8197457391934421e+01  3.1999998385511443e+01  3.1999999700559780e+01  2.4566252989046352e-02  2.6197828813527867e+01  3.1999993840876435e+01  3.1999998474216198e+01  2.4454850721678627e-02  1.1999628578406554e+01  1.1999843120787764e+01  9.8057161649089866e-05  9.8576526059579984e-05  -5.1936441049011859e-07  -1.3654623808891770e-04  1.4369211533437316e-04  1.4904769319929823e-04
6.3199999999996002e+01  3.8202392006691753e+01  3.1999998306311657e+01  3.1999999676037422e+01  2.4568831846722757e-02  2.6202784995663745e+01  3.1999993756569214e+01  3.1999998461127497e+01  2.4454325641053282e-02  1.1999607011028008e+01  1.1999820744379370e+01  9.9409903616573449e-05  9.9928386919002408e-05  -5.1848330242895864e-07  -1.3820415611279623e-04  1.4632148452669124e-04  1.5162065699970300e-04
6.3999999999995801e+01  3.8207688688505030e+01  3.1999998217461606e+01  3.1999999647502683e+01  2.4572971555741605e-02  2.6208163651462446e+01  3.1999993670444113e+01  3.1999998446195818e+01  2.4453310323642591e-02  1.1999525037042584e+01  1.1999797166692609e+01  1.0076530178612863e-04  1.0127935519841494e-04  -5.1405341228631478e-07  -1.3953473326179907e-04  1.4878461287214423e-04  1.5377659240277693e-04
6.4799999999996203e+01  3.8212758592751278e+01  3.1999998130254681e+01  3.1999999624753187e+01  2.4573221695174334e-02  2.6213492706724146e+01  3.1999993563929344e+01  3.1999998425489750e+01  2.4453110834909794e-02  1.1999265886027132e+01  1.1999772252824615e+01  1.0212331594748261e-04  1.0262901454277071e-04  -5.0569859528809980e-07  -1.4177479022334041e-04  1.5044338353761976e-04  1.5559396308604162e-04
6.5599999999996697e+01  3.8217888592622444e+01  3.1999998053465848e+01  3.1999999612121243e+01  2.4569498107773469e-02  2.6218637048921973e+01  3.1999993435157474e+01  3.1999998403821056e+01  2.4453806976557763e-02  1.1999251543700471e+01  1.1999746483218889e+01  1.0348470206291890e-04  1.0397846730190620e-04  -4.9376523898729964e-07  -1.4447752013039566e-04  1.5238840238728771e-04  1.5795643249345368e-04
6.6399999999997107e+01  3.8223076828540265e+01  3.1999997977822151e+01  3.1999999600688451e+01  2.4566785579318424e-02  2.6223841085313861e+01  3.1999993301466535e+01  3.1999998382960644e+01  2.4454267442881317e-02  1.1999235743226404e+01  1.1999719744871474e+01  1.0484990285164993e-04  1.0532906620296224e-04  -4.7916335131231475e-07  -1.4599886604704473e-04  1.5504757067274447e-04  1.6034811004161760e-04
6.7199999999997502e+01  3.8228329570960611e+01  3.1999997896974964e+01  3.1999999582330872e+01  2.4568291783032478e-02  2.6229111119950662e+01  3.1999993167430549e+01  3.1999998355264957e+01  2.4453686086599466e-02  1.1999218451009948e+01  1.1999691518361685e+01  1.0621776119190844e-04  1.0668196557033632e-04  -4.6420437842787884e-07  -1.4734416403165842e-04  1.5738526159203190e-04  1.6257841800787286e-04
6.7999999999997897e+01  3.8233652286185070e+01  3.1999997812329436e+01  3.1999999557649787e+01  2.4571493048707382e-02  2.6234448391949233e+01  3.1999993028828349e+01  3.1999998322752667e+01  2.4452598401290302e-02  1.1999203894235837e+01  1.1999661864575190e+01  1.0758780882832975e-04  1.0803887892172096e-04  -4.5107009339121450e-07  -1.4950542731127157e-04  1.5893638146516394e-04  1.6442942032289550e-04
6.8799999999998306e+01  3.8239042545015998e+01  3.1999997712817564e+01  3.1999999530134566e+01  2.4571829781574895e-02  2.6239840258020280e+01  3.1999992918701079e+01  3.1999998305229052e+01  2.4452081573419594e-02  1.1999202286995718e+01  1.1999631439127377e+01  1.0896214001132632e-04  1.0940083507783100e-04  -4.3869506650467602e-07  -1.5165770443953378e-04  1.6054522180747731e-04  1.6606265642197675e-04
6.9599999999998701e+01  3.8244492943983971e+01  3.1999997583376018e+01  3.1999999499124264e+01  2.4568630399986250e-02  2.6246082329859718e+01  3.1999932631550756e+01  3.1999998303901247e+01  2.4452287723157159e-02  1.1998410614124253e+01  1.1999600849818497e+01  1.1034196581688441e-04  1.1076637749856603e-04  -4.2441168168161846e-07  -1.5385429755074772e-04  1.6246219035712052e-04  1.6795023942741506e-04
7.0399999999999096e+01  3.8250355820030258e+01  3.1999997428939892e+01  3.1999999459578017e+01  2.4565668161992443e-02  2.6252120801908124e+01  3.1999992821990123e+01  3.1999998308211605e+01  2.4452370790323332e-02  1.1998235018122134e+01  1.1999569692148171e+01  1.1172575695978835e-04  1.1213388922425371e-04  -4.0813226446535789e-07  -1.5592843465720427e-04  1.6492287688391307e-04  1.7056064301783350e-04
7.1199999999999505e+01  3.8256281902519518e+01  3.1999997261483202e+01  3.1999999412198047e+01  2.4566102337706081e-02  2.6258326047592377e+01  3.1999992820380381e+01  3.1999998310634325e+01  2.4451648601800418e-02  1.1997955854927142e+01  1.1999537026396251e+01  1.1311124458153151e-04  1.1350365510140487e-04  -3.9241051987336337e-07  -1.5735365727184467e-04  1.6737254128908373e-04  1.7286124204276095e-04
7.1999999999999901e+01  3.8261917000134609e+01  3.1999997096046794e+01  3.1999999370561035e+01  2.4568551440480948e-02  2.6264521748096300e+01  3.1999992828693617e+01  3.1999998319364817e+01  2.4450431512445810e-02  1.1997395252038309e+01  1.1999503053443252e+01  1.1449620525064414e-04  1.1487640647261673e-04  -3.8020122197258976e-07  -1.5902837187330401e-04  1.6880881355161445e-04  1.7403234413880311e-04
7.2800000000000296e+01  3.8267613354742359e+01  3.1999996945600085e+01  3.1999999341490657e+01  2.4569106887074678e-02  2.6270222681963084e+01  3.1999992817308460e+01  3.1999998330584823e+01  2.4449668877239282e-02  1.1997390672779275e+01  1.1999469217047775e+01  1.1587955803443155e-04  1.1625230945908154e-04  -3.7275142464999024e-07  -1.6132208789744896e-04  1.7037546707740920e-04  1.7593123134023434e-04
7.3600000000000705e+01  3.8273366738052097e+01  3.1999996821976481e+01  3.1999999316146106e+01  2.4566379797263112e-02  2.6275982730319047e+01  3.1999992779851638e+01  3.1999998333661090e+01  2.4449632180696741e-02  1.1997384007733050e+01  1.1999436419712975e+01  1.1726275437355412e-04  1.1763074876101072e-04  -3.6799438745660474e-07  -1.6288249087674620e-04  1.7289036018142197e-04  1.7849320006415895e-04
7.4400000000001199e+01  3.8279180322289669e+01  3.1999996728612796e+01  3.1999999287130922e+01  2.4563190534733693e-02  2.6282048291450653e+01  3.1999992711689703e+01  3.1999998323685659e+01  2.4449409490496652e-02  1.1997132030839015e+01  1.1999403845148290e+01  1.1864810478200019e-04  1.1901132743023070e-04  -3.6322264823051003e-07  -1.6419453581715008e-04  1.7543217396982766e-04  1.8094282197961736e-04
7.5200000000001594e+01  3.8285688986933231e+01  3.1999996658655341e+01  3.1999999258432553e+01  2.4562809544338933e-02  2.6288113284659250e+01  3.1999992616825207e+01  3.1999998309917455e+01  2.4448264258586649e-02  1.1997575702273981e+01  1.1999370133901294e+01  1.2003757964712314e-04  1.2039504513005046e-04  -3.5746548292731929e-07  -1.6639957910808808e-04  1.7725657268554792e-04  1.8294363786056824e-04
7.6000000000002004e+01  3.8291646004400235e+01  3.1999996598582896e+01  3.1999999235450456e+01  2.4564554809554096e-02  2.6294073848382844e+01  3.1999992508276012e+01  3.1999998297742557e+01  2.4446706898595631e-02  1.1997572156017391e+01  1.1999334665276141e+01  1.2143279215972661e-04  1.2178244039316400e-04  -3.4964823343739337e-07  -1.6882793182591680e-04  1.7868723593738312e-04  1.8427727918458262e-04
7.6800000000002399e+01  3.8297939632204383e+01  3.1999996535880715e+01  3.1999999216897173e+01  2.4564770298324528e-02  2.6300215989340998e+01  3.1999937384764046e+01  3.1999985584268860e+01  2.4445612069396605e-02  1.1997723642863384e+01  1.1999298183102344e+01  1.2283373198560671e-04  1.2317228717080770e-04  -3.3855518520098989e-07  -1.7096962763385782e-04  1.8071608385143487e-04  1.8649895419599083e-04
7.7600000000002794e+01  3.8304300343390885e+01  3.1999996467013542e+01  3.1999999199674093e+01  2.4561892933594454e-02  2.6306408650890894e+01  3.1999992281400566e+01  3.1999998248720306e+01  2.4445046370205486e-02  1.1997891692499991e+01  1.1999262053267922e+01  1.2423903031180748e-04  1.2456300831738498e-04  -3.2397800557750064e-07  -1.7268851750947708e-04  1.8341431677638102e-04  1.8939654512242161e-04
7.8400000000003203e+01  3.8310449866539862e+01  3.1999996393075360e+01  3.1999999184263302e+01  2.4558428787971674e-02  2.6312546936238366e+01  3.1999992169625514e+01  3.1999998213558129e+01  2.4444377220021619e-02  1.1997902930301496e+01  1.1999226889843865e+01  1.2564776134046081e-04  1.2595402670091229e-04  -3.0626536045148768e-07  -1.7449246538139569e-04  1.8563127263377044e-04  1.9146749166856690e-04
7.9200000000003598e+01  3.8316909628445295e+01  3.1999996312017441e+01  3.1999999170034584e+01  2.4557442362272284e-02  2.6319148189083336e+01  3.1999992068401792e+01  3.1999998182748389e+01  2.4443051160612916e-02  1.1997761439361959e+01  1.1999192067718058e+01  1.2706005506964280e-04  1.2734616138026554e-04  -2.8610631062274362e-07  -1.7648541694617769e-04  1.8734450601200415e-04  1.9297308040114625e-04
8.0000000000003993e+01  3.8323192215925829e+01  3.1999996220774733e+01  3.1999999151820013e+01  2.4558643377852844e-02  2.6325415140631716e+01  3.1999991978063985e+01  3.1999998159571970e+01  2.4441202316763427e-02  1.1997777075294113e+01  1.1999156004469928e+01  1.2847608555008097e-04  1.2874045653549855e-04  -2.6437098541758010e-07  -1.7853012345142339e-04  1.8930027580162348e-04  1.9507721186668700e-04
8.0800000000004403e+01  3.8329664706990137e+01  3.1999996118086969e+01  3.1999999127086227e+01  2.4558891287184324e-02  2.6332084087014895e+01  3.1999991897066781e+01  3.1999998144494015e+01  2.4439583089624708e-02  1.1997580619975242e+01  1.1999117645127797e+01  1.2989531953028154e-04  1.3013677335481442e-04  -2.4145382453288487e-07  -1.8064482060291227e-04  1.9144513185837038e-04  1.9762175046935277e-04
8.1600000000004798e+01  3.8336240959910569e+01  3.1999996011367475e+01  3.1999999099609671e+01  2.4556243102189401e-02  2.6338924471942150e+01  3.1999991820842645e+01  3.1999998136250795e+01  2.4438583608021557e-02  1.1997316487968419e+01  1.1999077681091745e+01  1.3131746802815675e-04  1.3153507398117268e-04  -2.1760595301592860e-07  -1.8241151751032100e-04  1.9360749634150486e-04  1.9977032922152788e-04
8.2400000000005207e+01  3.8343000656584536e+01  3.1999995904054106e+01  3.1999999071252113e+01  2.4552486828597987e-02  2.6345378895397236e+01  3.1999991750534072e+01  3.1999998135602549e+01  2.4437599867642244e-02  1.1997621761187300e+01  1.1999037872105390e+01  1.3274296027092697e-04  1.3293633963478216e-04  -1.9337936385519275e-07  -1.8408072383076978e-04  1.9577829306277180e-04  2.0171751979535405e-04
8.3200000000005701e+01  3.8349531965106820e+01  3.1999995788378353e+01  3.1999999040401189e+01  2.4550749007718978e-02  2.6351949446911796e+01  3.1999991678285085e+01  3.1999998138252053e+01  2.4435902839818387e-02  1.1997582518195024e+01  1.1998998741264348e+01  1.3417210886430898e-04  1.3434053734801208e-04  -1.6842848370309752e-07  -1.8613739060832272e-04  1.9753660007141823e-04  2.0338528826529715e-04
8.4000000000006096e+01  3.8356529917773550e+01  3.1999995664638256e+01  3.1999999009575227e+01  2.4551203710681892e-02  2.6358526148830546e+01  3.1999991610653328e+01  3.1999998140889591e+01  2.4433705875337504e-02  1.1998003768943004e+01  1.1998958965684523e+01  1.3560432063640084e-04  1.3574655406437387e-04  -1.4223342797303621e-07  -1.8845866089545096e-04  1.9923389603115671e-04  2.0541804840684314e-04
8.4800000000006506e+01  3.8363197830335622e+01  3.1999995533647741e+01  3.1999998981575477e+01  2.4550854871123740e-02  2.6365479312497243e+01  3.1999991537439374e+01  3.1999998140385557e+01  2.4431753930300410e-02  1.1997718517838379e+01  1.1998917145630321e+01  1.3703841910969969e-04  1.3715373805175995e-04  -1.1531894206025695e-07  -1.9029322949177987e-04  2.0169910540204254e-04  2.0818772595862763e-04
8.5600000000006901e+01  3.8370024909598378e+01  3.1999995395624882e+01  3.1999998956630794e+01  2.4547729980881495e-02  2.6372182720925377e+01  3.1999991465347787e+01  3.1999998138840418e+01  2.4430182898525128e-02  1.1997842188673001e+01  1.1998873683411226e+01  1.3847375987953558e-04  1.3856146607347318e-04  -8.7706193937597647e-08  -1.9178161714333711e-04  2.0404604337566191e-04  2.1033132600537972e-04
8.6400000000007296e+01  3.8377292091344266e+01  3.1999995252114939e+01  3.1999998931906092e+01  2.4543556299066155e-02  2.6378950345041368e+01  3.1999991397857734e+01  3.1999998136666420e+01  2.4428465103176783e-02  1.1998341746302899e+01  1.1998830382801582e+01  1.3991086432637030e-04  1.3996977614320197e-04  -5.8911816831666141e-08  -1.9368667451662077e-04  2.0593045224272908e-04  2.1208225469957683e-04
8.7200000000007705e+01  3.8384521100053902e+01  3.1999995102496207e+01  3.1999998904127079e+01  2.4541267204478415e-02  2.6385781589616592e+01  3.1999991335373256e+01  3.1999998134371104e+01  2.4426277374814034e-02  1.1998739510437311e+01  1.1998787777998407e+01  1.4135096610935760e-04  1.4137981240844202e-04  -2.8846299084421198e-08  -1.9578008685150361e-04  2.0804095945030791e-04  2.1431525527574086e-04
8.8000000000008100e+01  3.8391449107808079e+01  3.1999994943889345e+01  3.1999998872918844e+01  2.4541016292101907e-02  2.6392673428639455e+01  3.1999991275089652e+01  3.1999998132409406e+01  2.4423814102130750e-02  1.1998775679168624e+01  1.1998744442677847e+01  1.4279460684872865e-04  1.4279221027688907e-04  2.3965718395804574e-09  -1.9781048858734282e-04  2.1014735935416889e-04  2.1659753268173080e-04
8.8800000000008495e+01  3.8398436867666568e+01  3.1999994779423066e+01  3.1999998839184631e+01  2.4540224673398215e-02  2.6399845179286508e+01  3.1999991216761817e+01  3.1999998131436776e+01  2.4421461388198316e-02  1.1998591688380060e+01  1.1998699092229355e+01  1.4424118900240398e-04  1.4420726275775437e-04  3.3926244649614681e-08  -1.9973699570889771e-04  2.1210262621632582e-04  2.1870447152119805e-04
8.9600000000008905e+01  3.8405912079332396e+01  3.1999994611410749e+01  3.1999998800835073e+01  2.4537138000104375e-02  2.6406860499167241e+01  3.1999991160871136e+01  3.1999998133005242e+01  2.4419422197740421e-02  1.1999051580165155e+01  1.1998652242047223e+01  1.4569034896656999e-04  1.4562532170247174e-04  6.5027264098253303e-08  -2.0150208306492982e-04  2.1409532696577678e-04  2.2074802229963549e-04
9.0400000000009300e+01  3.8413016774688259e+01  3.1999994440010862e+01  3.1999998757515822e+01  2.4532910922313172e-02  2.6413936420730302e+01  3.1999991107113004e+01  3.1999998139235924e+01  2.4417404435731177e-02  1.1999080353957957e+01  1.1998605405061650e+01  1.4714264685617611e-04  1.4704582818142415e-04  9.6818674751952914e-08  -2.0331842818486825e-04  2.1614889079986342e-04  2.2277380082453118e-04
9.1200000000009794e+01  3.8420512800458553e+01  3.1999994263883618e+01  3.1999998711830166e+01  2.4529937439219569e-02  2.6421245923296912e+01  3.1999991048517082e+01  3.1999998150561929e+01  2.4414890065826884e-02  1.1999266877161642e+01  1.1998559088478578e+01  1.4859843453613145e-04  1.4846782747503850e-04  1.3060706109295018e-07  -2.0534371543653933e-04  2.1823072772295454e-04  2.2488978300746194e-04
9.2000000000010203e+01  3.8427758026902772e+01  3.1999994084923767e+01  3.1999998665747832e+01  2.4528722008102917e-02  2.6428617470705916e+01  3.1999990989259498e+01  3.1999998165345513e+01  2.4411906933368373e-02  1.1999140556196856e+01  1.1998512314531919e+01  1.5005729367307638e-04  1.4989100997501304e-04  1.6628369806334403e-07  -2.0743642287486148e-04  2.2025634070287051e-04  2.2707910616309786e-04
9.2800000000010598e+01  3.8435064432193371e+01  3.1999993902957112e+01  3.1999998619832272e+01  2.4527217740092574e-02  2.6435876581093886e+01  3.1999990937502961e+01  3.1999998178377638e+01  2.4409011630801180e-02  1.1999187851099485e+01  1.1998464031692968e+01  1.5151878535377353e-04  1.5131538220168337e-04  2.0340315209015991e-07  -2.0936268602727540e-04  2.2229821852129519e-04  2.2928772015226245e-04
9.3600000000010994e+01  3.8442658840842540e+01  3.1999993718634556e+01  3.1999998575761165e+01  2.4523650140356085e-02  2.6443718272768383e+01  3.1999990890632194e+01  3.1999998187814384e+01  2.4406435798471050e-02  1.1998940568074158e+01  1.1998414419603943e+01  1.5298266851239412e-04  1.5274068746830356e-04  2.4198104409055526e-07  -2.1115244642385983e-04  2.2444762515849774e-04  2.3149805826741461e-04
9.4400000000011403e+01  3.8450090174592745e+01  3.1999993530740102e+01  3.1999998534788563e+01  2.4518947836405711e-02  2.6451099792314622e+01  3.1999990845337528e+01  3.1999998195107917e+01  2.4403781014595269e-02  1.1998990382278123e+01  1.1998364553118490e+01  1.5444902067329012e-04  1.5416668285650725e-04  2.8233781678286998e-07  -2.1295663926405929e-04  2.2658826246013686e-04  2.3362701667572992e-04
9.5200000000011798e+01  3.8457581913739318e+01  3.1999993340985842e+01  3.1999998496668880e+01  2.4515367614348315e-02  2.6459249717412533e+01  3.1999990799605012e+01  3.1999998198505811e+01  2.4400603264521196e-02  1.1998332196326785e+01  1.1998314919803622e+01  1.5591855942792481e-04  1.5559379782315675e-04  3.2476160476805379e-07  -2.1480582547683753e-04  2.2868414125971521e-04  2.3574834176166458e-04
9.6000000000012193e+01  3.8465133556970635e+01  3.1999993152439991e+01  3.1999998458389786e+01  2.4513424323610790e-02  2.6467588970509443e+01  3.1999990750284319e+01  3.1999998198699270e+01  2.4397036671294940e-02  1.1997544586461192e+01  1.1998264686022054e+01  1.5739193703675391e-04  1.5702295844929038e-04  3.6897858746352493e-07  -2.1679905216731417e-04  2.3068311515358906e-04  2.3791041113758077e-04
9.6800000000012602e+01  3.8472747543141040e+01  3.1999992964519844e+01  3.1999998417466600e+01  2.4511278420334039e-02  2.6475146258656324e+01  3.1999990696929320e+01  3.1999998203063690e+01  2.4393621412938511e-02  1.1997601284484716e+01  1.1998212771861670e+01  1.5886919078432824e-04  1.5845488504262196e-04  4.1430574170627128e-07  -2.1886321234606870e-04  2.3256579097936803e-04  2.3999662055946406e-04
9.7600000000012997e+01  3.8480429325352880e+01  3.1999992775263834e+01  3.1999998376232142e+01  2.4507257716545147e-02  2.6482764580310018e+01  3.1999990639791505e+01  3.1999998211127089e+01  2.4390507956571768e-02  1.1997664745042862e+01  1.1998159330483379e+01  1.6034984609956742e-04  1.5988973587428222e-04  4.6011022528520381e-07  -2.2074746433022450e-04  2.3457790745055619e-04  2.4207199572833711e-04
9.8400000000013407e+01  3.8488181139559607e+01  3.1999992586297491e+01  3.1999998336506817e+01  2.4502173043956826e-02  2.6490445868649307e+01  3.1999990580162766e+01  3.1999998216554726e+01  2.4387326460750036e-02  1.1997735270910301e+01  1.1998105495525184e+01  1.6183286490715595e-04  1.6132677243003838e-04  5.0609247711756885e-07  -2.2261633834630233e-04  2.3665682842964749e-04  2.4412122859774252e-04
9.9200000000013802e+01  3.8495998366413730e+01  3.1999992398343508e+01  3.1999998295740248e+01  2.4498102826196591e-02  2.6498188443546130e+01  3.1999990520212396e+01  3.1999998220284837e+01  2.4383819680533020e-02  1.1997809922867599e+01  1.1998051825510377e+01  1.6331756617603656e-04  1.6276489660615326e-04  5.5266956988330698e-07  -2.2456175396031976e-04  2.3862915715755609e-04  2.4609653323549293e-04
1.0000000000001400e+02  3.8506597735654061e+01  3.1999992203476477e+01  3.1999998254177502e+01  2.4500003099756047e-02  2.6505990289877875e+01  3.1999990460344630e+01  3.1999998225076407e+01  2.4385345183530086e-02  1.2000607445776186e+01  1.2003498187100856e+01  1.6480452183632706e-04  1.6420393160298426e-04  6.0059023334279281e-07  -2.3839757501162000e-04  2.4827739718198720e-04  2.4835309097595164e-04
1.0080000000001500e+02  3.8514540872168880e+01  3.1999992010766384e+01  3.1999998217259233e+01  2.4503759610217415e-02  2.6513851931243501e+01  3.1999990401368382e+01  3.1999998229221962e+01  2.4387819908141907e-02  1.2000688940925379e+01  1.2003444751866107e+01  1.6629436987047883e-04  1.6564440930697704e-04  6.4996056350178646e-07  -2.4032772737619376e-04  2.5074912702990302e-04  2.5082575095907697e-04
1.0160000000001500e+02  3.8522547948099870e+01  3.1999991816616220e+01  3.1999998180773851e+01  2.4506268473755106e-02  2.6521773923322183e+01  3.1999990345682974e+01  3.1999998233155832e+01  2.4390358227908863e-02  1.2000774024777687e+01  1.2003389897660840e+01  1.6778711611706892e-04  1.6708681177641832e-04  7.0030434065059834e-07  -2.4253680286450644e-04  2.5281463607751046e-04  2.5288974554024110e-04
1.0240000000001500e+02  3.8530618124483162e+01  3.1999991619711800e+01  3.1999998140052512e+01  2.4507894081761877e-02  2.6530169803728988e+01  3.1999990292589505e+01  3.1999998240498424e+01  2.4392888668315075e-02  1.2000448320754174e+01  1.2003334720955799e+01  1.6928338025465925e-04  1.6853165399427852e-04  7.5172626038072596e-07  -2.4460341579447429e-04  2.5463172253861727e-04  2.5470676762085555e-04
1.0320000000001600e+02  3.8538748359931297e+01  3.1999991419864582e+01  3.1999998098427383e+01  2.4509746453864820e-02  2.6538857001940933e+01  3.1999990233221613e+01  3.1999998251636061e+01  2.4395182619206264e-02  1.1999891357990364e+01  1.2003279975815625e+01  1.7078436639905974e-04  1.6997896060877118e-04  8.0540579028856802e-07  -2.4660914161021749e-04  2.5677994235478655e-04  2.5685546671011370e-04
1.0400000000001600e+02  3.8546939730620473e+01  3.1999991220171825e+01  3.1999998058128561e+01  2.4512511687764523e-02  2.6546983526092298e+01  3.1999990175362925e+01  3.1999998266357711e+01  2.4397172930912345e-02  1.1999956204528175e+01  1.2003224797182362e+01  1.7229015959279248e-04  1.7142795338019712e-04  8.6220621259535920e-07  -2.4883932482902451e-04  2.5910039494117239e-04  2.5917355395921332e-04
1.0480000000001699e+02  3.8555196078595721e+01  3.1999991020799285e+01  3.1999998015990812e+01  2.4515641521923599e-02  2.6555588421817074e+01  3.1999990117715669e+01  3.1999998282981551e+01  2.4399065440423480e-02  1.1999607656778647e+01  1.2003168008200177e+01  1.7379942196024919e-04  1.7287840256332638e-04  9.2101939692281593e-07  -2.5097823773326819e-04  2.6130168901402831e-04  2.6143603235169856e-04
1.0560000000001700e+02  3.8563517903482719e+01  3.1999990816893138e+01  3.1999997972242134e+01  2.4517971876254770e-02  2.6563977914687133e+01  3.1999990056769288e+01  3.1999998299404890e+01  2.4401037667207949e-02  1.1999539988795586e+01  1.2003109663137183e+01  1.7531062936756699e-04  1.7433113173060408e-04  9.7949763696290621e-07  -2.5284177887843323e-04  2.6341823399296771e-04  2.6359719087179696e-04
1.0640000000001800e+02  3.8572325358227026e+01  3.1999990605572453e+01  3.1999997929820204e+01  2.4519232813650239e-02  2.6572627980594497e+01  3.1999990005919678e+01  3.1999998317314329e+01  2.4403013248815723e-02  1.1999697377632529e+01  1.2003050776019728e+01  1.7682310968307390e-04  1.7578652724125617e-04  1.0365824418177253e-06  -2.5478166226688357e-04  2.6541938778819915e-04  2.6561930886237088e-04
1.0720000000001799e+02  3.8581136658829244e+01  3.1999990388239848e+01  3.1999997888934551e+01  2.4520422266100492e-02  2.6580979196694518e+01  3.1999989953339622e+01  3.1999998334315752e+01  2.4404700813056991e-02  1.2000157462134727e+01  1.2002992117572564e+01  1.7833768602588504e-04  1.7724412138556958e-04  1.0935646403154584e-06  -2.5684402795347682e-04  2.6744714479763642e-04  2.6771785740168703e-04
1.0800000000001801e+02  3.8589885896264448e+01  3.1999990172557002e+01  3.1999997850438454e+01  2.4522519331247918e-02  2.6589472113715651e+01  3.1999989890926397e+01  3.1999998348265478e+01  2.4405968087772824e-02  1.2000413782548797e+01  1.2002933473403893e+01  1.7985603306753866e-04  1.7870360511430507e-04  1.1524279532335925e-06  -2.5882391499338129e-04  2.6969785752189112e-04  2.7006614040234547e-04
1.0880000000001900e+02  3.8598761187943488e+01  3.1999989952465064e+01  3.1999997811510369e+01  2.4525174564290944e-02  2.6597938493157983e+01  3.1999989834183125e+01  3.1999998362426265e+01  2.4407177753683451e-02  1.2000822694785505e+01  1.2002873983395791e+01  1.8137901442095869e-04  1.8016480610737718e-04  1.2142083135815052e-06  -2.6092634858646734e-04  2.7192678405742833e-04  2.7246787272271292e-04
1.0960000000001899e+02  3.8607418361807106e+01  3.1999989726695443e+01  3.1999997768818982e+01  2.4527064723788114e-02  2.6606462518869190e+01  3.1999989785767319e+01  3.1999998380042818e+01  2.4408648961252881e-02  1.2000955842937916e+01  1.2002813195817467e+01  1.8290658449552971e-04  1.8162745625857258e-04  1.2791282369571308e-06  -2.6321328031607286e-04  2.7397380071307820e-04  2.7469716753734464e-04
1.1040000000002000e+02  3.8616135024367082e+01  3.1999989489330936e+01  3.1999997722946784e+01  2.4527625647994857e-02  2.6615613133139643e+01  3.1999989751718704e+01  3.1999998402929307e+01  2.4410115320043991e-02  1.2000521891227439e+01  1.2002751539330362e+01  1.8443837827847309e-04  1.8309174639352619e-04  1.3466318849468973e-06  -2.6529789825716603e-04  2.7605044889837834e-04  2.7678943209141858e-04
1.1120000000002000e+02  3.8624912869144808e+01  3.1999989245212799e+01  3.1999997679031850e+01  2.4527909887697631e-02  2.6624257082541909e+01  3.1999989719948939e+01  3.1999998426953198e+01  2.4411218534720464e-02  1.2000655786602898e+01  1.2002689528045064e+01  1.8597376556729825e-04  1.8455798323276554e-04  1.4157823345327131e-06  -2.6719297945226764e-04  2.7814540147514896e-04  2.7883939291075327e-04
1.1200000000001999e+02  3.8634064274159634e+01  3.1999989002607087e+01  3.1999997636482433e+01  2.4529210936146677e-02  2.6633493053109412e+01  3.1999989685529687e+01  3.1999998452040483e+01  2.4411981895778884e-02  1.2000571221050222e+01  1.2002626985754491e+01  1.8751239507703402e-04  1.8602593968364804e-04  1.4864553933859840e-06  -2.6922732499793560e-04  2.8020017290802154e-04  2.8103546755476857e-04
1.1280000000002100e+02  3.8642968037066865e+01  3.1999988751514163e+01  3.1999997588516884e+01  2.4531237525528930e-02  2.6642481266413782e+01  3.1999989662479550e+01  3.1999998482172096e+01  2.4412646661604181e-02  1.2000486770653083e+01  1.2002563466486421e+01  1.8905420860925308e-04  1.8749529086075045e-04  1.5589177485026285e-06  -2.7130769024880753e-04  2.8242034541961676e-04  2.8351758642271589e-04
1.1360000000002100e+02  3.8651939011609159e+01  3.1999988495365599e+01  3.1999997538159441e+01  2.4532507081683936e-02  2.6651329924829362e+01  3.1999989634171630e+01  3.1999998515422789e+01  2.4413414599637737e-02  1.2000609086779797e+01  1.2002499048410417e+01  1.9059912895838096e-04  1.8896592507590157e-04  1.6332038824793836e-06  -2.7330002188350513e-04  2.8470817422354905e-04  2.8597554611793511e-04
1.1440000000002200e+02  3.8661117246546063e+01  3.1999988232553672e+01  3.1999997489422494e+01  2.4532452686738763e-02  2.6660224971435532e+01  3.1999989608036490e+01  3.1999998548645031e+01  2.4414242019598378e-02  1.2000892275110530e+01  1.2002434192205717e+01  1.9214742411432478e-04  1.9043806430598829e-04  1.7093598083364931e-06  -2.7539292841860774e-04  2.8682346974443304e-04  2.8811656565825249e-04
1.1520000000002200e+02  3.8671000439608221e+01  3.1999987979277282e+01  3.1999997444768457e+01  2.4532115140074418e-02  2.6669858795319239e+01  3.1999989570454456e+01  3.1999998575779912e+01  2.4414846208684608e-02  1.2001141644288982e+01  1.2002368919104256e+01  1.9369969601506736e-04  1.9191219778477006e-04  1.7874982302972984e-06  -2.7756224855277328e-04  2.8889343483550834e-04  2.9017717168022578e-04
1.1600000000002200e+02  3.8680153407056537e+01  3.1999987735633081e+01  3.1999997400987414e+01  2.4532639599616084e-02  2.6679234613040421e+01  3.1999989540346309e+01  3.1999998600386469e+01  2.4415085628089743e-02  1.2000918794016115e+01  1.2002302813479954e+01  1.9525636272169669e-04  1.9338815533556720e-04  1.8682073861294856e-06  -2.7957383436281417e-04  2.9098057387866414e-04  2.9235946512782873e-04
1.1680000000002300e+02  3.8689367432966222e+01  3.1999987491505813e+01  3.1999997355405085e+01  2.4533831094773102e-02  2.6688309785140760e+01  3.1999989493715148e+01  3.1999998622452871e+01  2.4415166707863107e-02  1.2001057647825462e+01  1.2002235562555120e+01  1.9681701358666360e-04  1.9486546674633696e-04  1.9515468403266375e-06  -2.8157660730154560e-04  2.9310486716567193e-04  2.9467739130613232e-04
1.1760000000002300e+02  3.8699181889016515e+01  3.1999987230986054e+01  3.1999997306315194e+01  2.4534391551779750e-02  2.6697601040909429e+01  3.1999989447624721e+01  3.1999998645921217e+01  2.4415304993600555e-02  1.2001580848107086e+01  1.2002166912285677e+01  1.9838056581708390e-04  1.9634465134776228e-04  2.0359144693216135e-06  -2.8374677026462636e-04  2.9533010565975634e-04  2.9706748946057307e-04
1.1840000000002399e+02  3.8708913843126240e+01  3.1999986972536867e+01  3.1999997257962384e+01  2.4533662251728382e-02  2.6707013914120889e+01  3.1999989407736312e+01  3.1999998670606697e+01  2.4415415416674052e-02  1.2001899929005351e+01  1.2002097279427829e+01  1.9994655712668547e-04  1.9782648597136020e-04  2.1200711553252707e-06  -2.8571242889177271e-04  2.9735179997484202e-04  2.9913858862947753e-04
1.1920000000002400e+02  3.8718929377185653e+01  3.1999986702715795e+01  3.1999997206334445e+01  2.4532718177606296e-02  2.6716580100076122e+01  3.1999989375454540e+01  3.1999998697191575e+01  2.4415280023526664e-02  1.2002349277109531e+01  1.2002027935950363e+01  2.0151534394374641e-04  1.9931098382826090e-04  2.2043601154855081e-06  -2.8750633685040877e-04  2.9921903388749566e-04  3.0102028204416297e-04
1.2000000000002400e+02  3.8728425819047935e+01  3.1999986425193040e+01  3.1999997152845651e+01  2.4532788467878892e-02  2.6726327683371856e+01  3.1999989343095876e+01  3.1999998726394853e+01  2.4414858081858292e-02  1.2002098135676079e+01  1.2001958816956950e+01  2.0308741828733469e-04  2.0079762669355801e-04  2.2897915937766843e-06  -2.8973202572843372e-04  3.0137050685547802e-04  3.0335403926418694e-04
1.2080000000002499e+02  3.8738048739270681e+01  3.1999986129656179e+01  3.1999997097774127e+01  2.4533339577840974e-02  2.6735696362963896e+01  3.1999989315288303e+01  3.1999998759605770e+01  2.4414317041549071e-02  1.2002352376306785e+01  1.2001888478153973e+01  2.0466348516059895e-04  2.0228547914126919e-04  2.3780060193297659e-06  -2.9202355386204881e-04  3.0360425823911495e-04  3.0583779757308163e-04
1.2160000000002501e+02  3.8748148821669496e+01  3.1999985832992166e+01  3.1999997044338780e+01  2.4533046264502669e-02  2.6745502637130620e+01  3.1999989289121380e+01  3.1999998794372615e+01  2.4413777390778522e-02  1.2002646184538875e+01  1.2001816761413972e+01  2.0624371825058121e-04  2.0377371704867502e-04  2.4700012019061911e-06  -2.9384019119055700e-04  3.0574820100836317e-04  3.0804126899509269e-04
1.2240000000002600e+02  3.8758222713974611e+01  3.1999985540276057e+01  3.1999996992008121e+01  2.4531755722686961e-02  2.6754996031551219e+01  3.1999989264513278e+01  3.1999998828867223e+01  2.4413152410984646e-02  1.2003226682423392e+01  1.2001744386063406e+01  2.0782728430419916e-04  2.0526263480641449e-04  2.5646494977846679e-06  -2.9573187794515752e-04  3.0796844059569761e-04  3.1027660848089665e-04
1.2320000000002599e+02  3.8768066756188468e+01  3.1999985247706753e+01  3.1999996940623358e+01  2.4530319265987775e-02  2.6764546580831780e+01  3.1999989239197543e+01  3.1999998864128550e+01  2.4412311917988587e-02  1.2003520175356687e+01  1.2001671507143783e+01  2.0941411026738113e-04  2.0675343411568673e-04  2.6606761516943995e-06  -2.9789621627894974e-04  3.1007549321294834e-04  3.1254095845872719e-04
1.2400000000002700e+02  3.8777874718992614e+01  3.1999984945229297e+01  3.1999996888003306e+01  2.4529300221361260e-02  2.6774953499921384e+01  3.1999989215259902e+01  3.1999998901564542e+01  2.4411222722832412e-02  1.2002921219071229e+01  1.2001598127184000e+01  2.1100496578020810e-04  2.0824676144840074e-04  2.7582043318073637e-06  -3.0001900776743568e-04  3.1203253628150695e-04  3.1471686193367421e-04
1.2480000000002700e+02  3.8788128240526362e+01  3.1999984635730399e+01  3.1999996832585328e+01  2.4528575598129914e-02  2.6784940333823858e+01  3.1999989186860613e+01  3.1999998940607131e+01  2.4409924176231810e-02  1.2003187906702504e+01  1.2001523981649049e+01  2.1259954081929668e-04  2.0974184237694342e-04  2.8576984423532592e-06  -3.0208042608453298e-04  3.1405173436160796e-04  3.1692766969774105e-04
1.2560000000002699e+02  3.8798078548459337e+01  3.1999984323191661e+01  3.1999996774921978e+01  2.4527620455160139e-02  2.6795045772496639e+01  3.1999989151389169e+01  3.1999998981059658e+01  2.4408559609875029e-02  1.2003032775962698e+01  1.2001448852492663e+01  2.1419697051886728e-04  2.1123764560503514e-04  2.9593249138321369e-06  -3.0391313999256144e-04  3.1622701446333329e-04  3.1919068591693562e-04
1.2640000000002800e+02  3.8808664994069261e+01  3.1999984008172348e+01  3.1999996717350225e+01  2.4525987648528511e-02  2.6804856461647436e+01  3.1999989127634279e+01  3.1999999022798708e+01  2.4407217387206592e-02  1.2003808532421825e+01  1.2001373027361092e+01  2.1579746151567411e-04  2.1273468516510069e-04  3.0627763505734198e-06  -3.0578209020201821e-04  3.1861776632038203e-04  3.2166604119156450e-04
1.2720000000002800e+02  3.8819172235095557e+01  3.1999983686006047e+01  3.1999996659910703e+01  2.4523820805959679e-02  2.6814935047091517e+01  3.1999989106084602e+01  3.1999999063935885e+01  2.4405712264884291e-02  1.2004237188004041e+01  1.2001296461851544e+01  2.1740196379023595e-04  2.1423438474908364e-04  3.1675790411523123e-06  -3.0812116316323158e-04  3.2079616648852157e-04  3.2408305095530423e-04
1.2800000000002899e+02  3.8829310437766061e+01  3.1999983357583893e+01  3.1999996602899746e+01  2.4521773623461036e-02  2.6824853000595429e+01  3.1999989087564089e+01  3.1999999104997116e+01  2.4403858825218290e-02  1.2004457437170633e+01  1.2001219151637082e+01  2.1901059099196644e-04  2.1573701030097773e-04  3.2735806909887097e-06  -3.1030474092017787e-04  3.2244480814141459e-04  3.2593545044814511e-04
1.2880000000002801e+02  3.8840346962167537e+01  3.1999983037985150e+01  3.1999996549550360e+01  2.4520201947092791e-02  2.6835471206928336e+01  3.1999989059186280e+01  3.1999999145510003e+01  2.4401766546692710e-02  1.2004875755239201e+01  1.2001141503390624e+01  2.2062209233619968e-04  2.1724154399095345e-04  3.3805483452462287e-06  -3.1198623076145128e-04  3.2432150794637596e-04  3.2786617926649966e-04
1.2960000000002699e+02  3.8850619068817586e+01  3.1999982709317226e+01  3.1999996495591468e+01  2.4518565042039975e-02  2.6845507565979208e+01  3.1999989036702690e+01  3.1999999186378353e+01  2.4399665561139282e-02  1.2005111502838378e+01  1.2001063246895518e+01  2.2223561690445055e-04  2.1874665886658092e-04  3.4889580378696353e-06  -3.1381678697926124e-04  3.2677003027242860e-04  3.3045967727213157e-04
1.3040000000002601e+02  3.8861031008315031e+01  3.1999982393647802e+01  3.1999996444452837e+01  2.4516071316562953e-02  2.6855600134430890e+01  3.1999989009889692e+01  3.1999999228445191e+01  2.4397619683896834e-02  1.2005430873884141e+01  1.2000983959897493e+01  2.2385217325500051e-04  2.2025195429667819e-04  3.6002189583223183e-06  -3.1600007050944738e-04  3.2909009774708011e-04  3.3305860341144620e-04
1.3120000000002599e+02  3.8871429468729147e+01  3.1999982065890396e+01  3.1999996389550503e+01  2.4512818815200337e-02  2.6866308084414644e+01  3.1999988980624359e+01  3.1999999271975952e+01  2.4395427032751198e-02  1.2005121384314503e+01  1.2000903884534639e+01  2.2547317522642458e-04  2.2175895319271469e-04  3.7142220337098980e-06  -3.1814273201395508e-04  3.3105693216348332e-04  3.3518398131679781e-04
1.3200000000002501e+02  3.8882773391738773e+01  3.1999981723102572e+01  3.1999996331473852e+01  2.4509707449581374e-02  2.6876497376851834e+01  3.1999988948564280e+01  3.1999999315840995e+01  2.4392877076042641e-02  1.2006276014886939e+01  1.2000823386809440e+01  2.2709873365107591e-04  2.2326891824946026e-04  3.8298154016156469e-06  -3.1999625478746252e-04  3.3281373619989391e-04  3.3695827891922522e-04
1.3280000000002400e+02  3.8893305883304109e+01  3.1999981392592044e+01  3.1999996277149211e+01  2.4507264911555655e-02  2.6887089806586175e+01  3.1999988916404092e+01  3.1999999361558238e+01  2.4390107190604964e-02  1.2006216076717934e+01  1.2000742751726921e+01  2.2872845905292809e-04  2.2478062287648471e-04  3.9478361764433748e-06  -3.2187328926380597e-04  3.3461418116431625e-04  3.3890292168501978e-04
1.3360000000002299e+02  3.8903901144750748e+01  3.1999981058778676e+01  3.1999996222118718e+01  2.4504872424687390e-02  2.6897506106257460e+01  3.1999988880630852e+01  3.1999999408997866e+01  2.4387361469442630e-02  1.2006395038493288e+01  1.2000661479635900e+01  2.3036243708208850e-04  2.2629242242652481e-04  4.0700146555636889e-06  -3.2417055266631840e-04  3.3697840574642153e-04  3.4158697215024898e-04
1.3440000000002300e+02  3.8914792580964679e+01  3.1999980711357679e+01  3.1999996163324973e+01  2.4501522970431018e-02  2.6908389679337272e+01  3.1999988856700874e+01  3.1999999457000875e+01  2.4384496696485548e-02  1.2006402901627407e+01  1.2000578669613610e+01  2.3200052858188039e-04  2.2780445622698546e-04  4.1960723548949282e-06  -3.2633928535907706e-04  3.3943813528124054e-04  3.4428946822804451e-04
1.3520000000002199e+02  3.8925521823793325e+01  3.1999980366275619e+01  3.1999996106524332e+01  2.4497416599764434e-02  2.6918837432123372e+01  3.1999988832389992e+01  3.1999999504515031e+01  2.4381241452541360e-02  1.2006684391669953e+01  1.2000494946779684e+01  2.3364188811334752e-04  2.2931812240629761e-04  4.3237657070499091e-06  -3.2794234196440114e-04  3.4128311738830736e-04  3.4618436030543493e-04
1.3600000000002100e+02  3.8936670541501215e+01  3.1999980012074236e+01  3.1999996049934733e+01  2.4493713940488753e-02  2.6929503111213112e+01  3.1999988805457978e+01  3.1999999554341940e+01  2.4377708077479906e-02  1.2007167430288103e+01  1.2000411205270641e+01  2.3528598757620455e-04  2.3083459067833957e-04  4.4513968978649853e-06  -3.2972611122496047e-04  3.4306823758052565e-04  3.4801030217381261e-04
1.3680000000002099e+02  3.8947958774609589e+01  3.1999979655814453e+01  3.1999995992958166e+01  2.4490544560226216e-02  2.6940581636615885e+01  3.1999988795491909e+01  3.1999999607623309e+01  2.4374124055493496e-02  1.2007377137993704e+01  1.2000326787420505e+01  2.3693370390298193e-04  2.3235341550214856e-04  4.5802884008333663e-06  -3.3202460673900273e-04  3.4516367117706765e-04  3.5033330516378653e-04
1.3760000000002000e+02  3.8959058096158792e+01  3.1999979306656545e+01  3.1999995938730539e+01  2.4486856997548011e-02  2.6951511942656786e+01  3.1999988779828861e+01  3.1999999660377341e+01  2.4370432439204084e-02  1.2007546153502005e+01  1.2000241099145239e+01  2.3858611471132000e-04  2.3387321203835760e-04  4.7129026729623969e-06  -3.3424547849297397e-04  3.4726323786581445e-04  3.5277907975953058e-04
1.3840000000001899e+02  3.8970071185383055e+01  3.1999978941278385e+01  3.1999995883392597e+01  2.4482273112677221e-02  2.6962783756386255e+01  3.1999988755306187e+01  3.1999999711856713e+01  2.4366515687462981e-02  1.2007287428996801e+01  1.2000154424069351e+01  2.4024252928542101e-04  2.3539388593837884e-04  4.8486433470421757e-06  -3.3607159885907628e-04  3.4944299619212455e-04  3.5514974661594628e-04
1.3920000000001801e+02  3.8981420048656723e+01  3.1999978581508014e+01  3.1999995827919996e+01  2.4477480978360049e-02  2.6973920343023480e+01  3.1999988734022761e+01  3.1999999763525754e+01  2.4362400941824371e-02  1.2007499705633244e+01  1.2000067173648336e+01  2.4190171863153735e-04  2.3691654414996334e-04  4.9851744815740124e-06  -3.3769250567713450e-04  3.5159476123038113e-04  3.5731276076383369e-04
1.4000000000001799e+02  3.8993271481626287e+01  3.1999978214696441e+01  3.1999995769011178e+01  2.4472883319611470e-02  2.6984735353140209e+01  3.1999988712746667e+01  3.1999999817292419e+01  2.4358110518067865e-02  1.2008536128486078e+01  1.1999979709081861e+01  2.4356439926248287e-04  2.3844177660255303e-04  5.1226226599298381e-06  -3.3957980389509145e-04  3.5338392830668800e-04  3.5926961902025731e-04
1.4080000000001701e+02  3.9004452135845376e+01  3.1999977836686647e+01  3.1999995708420801e+01  2.4471509761997280e-02  2.6995609841838757e+01  3.1999988693796542e+01  3.1999999872689511e+01  2.4353602135571955e-02  1.2008842294006620e+01  1.2502786070430744e+01  2.4523248310879436e-04  2.3996942864058291e-04  5.2630544682114424e-06  -3.5458675133494554e-04  3.5524589798494039e-04  3.6147626359868374e-04
1.4160000000001600e+02  3.9016708761862390e+01  3.1999977441539958e+01  3.1999995645384814e+01  2.4474985551577060e-02  2.7006542992173959e+01  3.1999988677006513e+01  3.1999999928647430e+01  2.4353935020140161e-02  1.2010165769688431e+01  1.2005414887465770e+01  2.4690648001302816e-04  2.4149906406303949e-04  5.4074159499886698e-06  -3.5717416955634258e-04  3.6393253186153683e-04  3.6398696443019684e-04
1.4240000000001501e+02  3.9028200974278917e+01  3.1999977039842840e+01  3.1999995580020741e+01  2.4478289634652452e-02  2.7017533022881235e+01  3.1999988661230155e+01  3.1999999985688572e+01  2.4356960680793082e-02  1.2010667951397682e+01  1.2005326228862135e+01  2.4858489375727283e-04  2.4303029485284050e-04  5.5545989044323218e-06  -3.5945038227746075e-04  3.6622372989822860e-04  3.6627807983350400e-04
1.4320000000001500e+02  3.9039695994307294e+01  3.1999976630343557e+01  3.1999995512739115e+01  2.4481254821191453e-02  2.7028576732634402e+01  3.1999988646905681e+01  3.2000000044516199e+01  2.4359944916941618e-02  1.2011119261672892e+01  1.2005237069105682e+01  2.5026614993341423e-04  2.4456325101525366e-04  5.7028989181605642e-06  -3.6138879422153308e-04  3.6825523097336538e-04  3.6830826636699197e-04
1.4400000000001401e+02  3.9051167370495911e+01  3.1999976229384071e+01  3.1999995448793815e+01  2.4483715708671475e-02  2.7039989283946191e+01  3.1999988633266998e+01  3.2000000104971242e+01  2.4362711070438858e-02  1.2011178086549720e+01  1.2005148247406302e+01  2.5195039561626081e-04  2.4609806641689091e-04  5.8523291993698963e-06  -3.6338962068499135e-04  3.7034497840663755e-04  3.7039498494604694e-04
1.4480000000001300e+02  3.9062702054686824e+01  3.1999975823394660e+01  3.1999995386218359e+01  2.4486055693152209e-02  2.7052042001275741e+01  3.1999988616482291e+01  3.2000000166897664e+01  2.4365095422819810e-02  1.2010660053411083e+01  1.2005059074972831e+01  2.5363872850936274e-04  2.4763446799761830e-04  6.0042605117444385e-06  -3.6563456528528342e-04  3.7262290142772773e-04  3.7267210492174702e-04
1.4560000000001301e+02  3.9074718068045549e+01  3.1999975396199403e+01  3.1999995320393321e+01  2.4488701460446818e-02  2.7063674531747999e+01  3.1999988606476652e+01  3.2000000229605639e+01  2.4367282326372863e-02  1.2011043536297549e+01  1.2004968134885615e+01  2.5533154876911237e-04  2.4917252830190041e-04  6.1590204672119569e-06  -3.6806692113102205e-04  3.7503423294346552e-04  3.7508455678562322e-04
1.4640000000001200e+02  3.9086706956365305e+01  3.1999974985533747e+01  3.1999995257115739e+01  2.4491275893174125e-02  2.7075204496615079e+01  3.1999988600583290e+01  3.2000000293274468e+01  2.4369472398377470e-02  1.2011502459750226e+01  1.2004875281302528e+01  2.5702846722482016e-04  2.5071261453096750e-04  6.3158526938526566e-06  -3.7026586258723162e-04  3.7710421344083766e-04  3.7715409876398607e-04
1.4720000000001099e+02  3.9098734445706143e+01  3.1999974560716435e+01  3.1999995190937199e+01  2.4493065622978295e-02  2.7086519930361000e+01  3.1999988590641355e+01  3.2000000357976624e+01  2.4371484208209188e-02  1.2012214515345143e+01  1.2004782480952054e+01  2.5872879234146919e-04  2.5225466359426666e-04  6.4741287472025347e-06  -3.7222214853891680e-04  3.7897935545747562e-04  3.7902742297500494e-04
1.4800000000001000e+02  3.9110515503469500e+01  3.1999974137668367e+01  3.1999995125726063e+01  2.4494247490490981e-02  2.7097893891026917e+01  3.1999988580675630e+01  3.2000000424267505e+01  2.4373097410752460e-02  1.2012621612442583e+01  1.2004690402722082e+01  2.6043228217410852e-04  2.5379803724418892e-04  6.6342449299195989e-06  -3.7433531025625781e-04  3.8128341708022306e-04  3.8133027850191948e-04
1.4880000000000999e+02  3.9122885002666749e+01  3.1999973691062248e+01  3.1999995056519648e+01  2.4495740250283737e-02  2.7109881408088881e+01  3.1999988570909885e+01  3.2000000492477149e+01  2.4374443119341435e-02  1.2013003594577867e+01  1.2004597616698916e+01  2.6213992854118257e-04  2.5534220538070727e-04  6.7977231604753052e-06  -3.7658862407752964e-04  3.8374107932848930e-04  3.8378783866438568e-04
1.4960000000000900e+02  3.9134807182392485e+01  3.1999973258128268e+01  3.1999994990084335e+01  2.4497709498800268e-02  2.7121617327607456e+01  3.1999988555316261e+01  3.2000000561888619e+01  2.4375723934269934e-02  1.2013189854785029e+01  1.2004503173817191e+01  2.6385295894491514e-04  2.5688774892074228e-04  6.9652100241728563e-06  -3.7895357923134883e-04  3.8596786738817753e-04  3.8601486292419484e-04
1.5040000000000799e+02  3.9147118758944643e+01  3.1999972827134012e+01  3.1999994924988762e+01  2.4499222016838858e-02  2.7133574042996809e+01  3.1999988546449440e+01  3.2000000630782914e+01  2.4376888651901799e-02  1.2013544715947834e+01  1.2004407459229828e+01  2.6557123003850239e-04  2.5843548594920357e-04  7.1357440892988217e-06  -3.8122087767578886e-04  3.8795885600226038e-04  3.8800535521777330e-04
1.5120000000000701e+02  3.9159937780163020e+01  3.1999972385519868e+01  3.1999994858386110e+01  2.4499744425294498e-02  2.7145350292543409e+01  3.1999988541107879e+01  3.2000000699476487e+01  2.4377808620050158e-02  1.2014587487619611e+01  1.2004311617013441e+01  2.6729333706408627e-04  2.5998486863981497e-04  7.3084684242713006e-06  -3.8326302723723407e-04  3.8999303209531988e-04  3.9003855725092395e-04
1.5200000000000699e+02  3.9172068315209650e+01  3.1999971943856281e+01  3.1999994791762028e+01  2.4499955819053898e-02  2.7157563589415695e+01  3.1999988532499291e+01  3.2000000769334818e+01  2.4378486069831343e-02  1.2014504725793955e+01  1.2004215682609543e+01  2.6901824539798312e-04  2.6153500019874008e-04  7.4832451992430399e-06  -3.8536926569885814e-04  3.9237881212865022e-04  3.9242387321034846e-04
1.5280000000000601e+02  3.9184416232131909e+01  3.1999971489877225e+01  3.1999994724177494e+01  2.4500554570411517e-02  2.7169290362877828e+01  3.1999988526451578e+01  3.2000000840712730e+01  2.4378959354039692e-02  1.2015125869254081e+01  1.2004118490222385e+01  2.7074657641436116e-04  2.6308637673822964e-04  7.6601996761315231e-06  -3.8753271512845944e-04  3.9482180915803165e-04  3.9486653552006667e-04
1.5360000000000500e+02  3.9196677936184507e+01  3.1999971031297907e+01  3.1999994657867109e+01  2.4501230249368580e-02  2.7181428444608539e+01  3.1999988522972352e+01  3.2000000913987620e+01  2.4379236845012742e-02  1.2015249491575968e+01  1.2004019716419643e+01  2.7247965616064747e-04  2.6464020696484930e-04  7.8394491957981698e-06  -3.8965577113583290e-04  3.9682951914775513e-04  3.9687340450848271e-04
1.5440000000000501e+02  3.9209572915051474e+01  3.1999970605105517e+01  3.1999994597883330e+01  2.4501366520847941e-02  2.7193640269861231e+01  3.1999988508074814e+01  3.2000000990322107e+01  2.4379369140002022e-02  1.2015932645190244e+01  1.2003920358258895e+01  2.7421761629474499e-04  2.6619670961219806e-04  8.0209066825469343e-06  -3.9184447641439234e-04  3.9859315095407165e-04  3.9863644880099952e-04
1.5520000000000400e+02  3.9221972568888539e+01  3.1999970145155469e+01  3.1999994530715767e+01  2.4500933766921088e-02  2.7205839091069574e+01  3.1999988498994380e+01  3.2000001066913981e+01  2.4379381370370701e-02  1.2016133477818965e+01  1.2003820954868921e+01  2.7595947708229657e-04  2.6775486926796760e-04  8.2046078143289698e-06  -3.9415640520081154e-04  4.0077401241075966e-04  4.0081750352178751e-04
1.5600000000000301e+02  3.9235503695901443e+01  3.1999969684773617e+01  3.1999994464332840e+01  2.4500259406371031e-02  2.7218405251329241e+01  3.1999988492290942e+01  3.2000001142655776e+01  2.4379164007250095e-02  1.2017098444572202e+01  1.2003720680179821e+01  2.7770475602639880e-04  2.6931359923476226e-04  8.3911567916365401e-06  -3.9631708681184160e-04  4.0321975780273502e-04  4.0326289232492027e-04
1.5680000000000200e+02  3.9248024427478477e+01  3.1999969215310870e+01  3.1999994397946615e+01  2.4499566744589751e-02  2.7230441179334360e+01  3.1999988483828634e+01  3.2000001217775548e+01  2.4378632685355318e-02  1.2017583248144117e+01  1.2003619093371558e+01  2.7945392307537594e-04  2.7087284462715193e-04  8.5810784482240094e-06  -3.9817812572592989e-04  4.0540637967118249e-04  4.0544784628326148e-04
1.5760000000000201e+02  3.9260613472224371e+01  3.1999968744034565e+01  3.1999994331134754e+01  2.4498919866266844e-02  2.7242534201611093e+01  3.1999988473097417e+01  3.2000001293759055e+01  2.4377906616640636e-02  1.2018079270613278e+01  1.2003516616377169e+01  2.8120730836701574e-04  2.7243337071261960e-04  8.7739376543961357e-06  -4.0024377764768978e-04  4.0741675483434300e-04  4.0776315895970657e-04
1.5840000000000100e+02  3.9273994881970836e+01  3.1999968265591736e+01  3.1999994261432629e+01  2.4498111365491199e-02  2.7255253674044745e+01  3.1999988454600743e+01  3.2000001373497341e+01  2.4377118207531554e-02  1.2018741207926091e+01  1.2003413416859352e+01  2.8296443955814284e-04  2.7399564880121075e-04  8.9687907569320881e-06  -4.0274529045932389e-04  4.0943888052934717e-04  4.1040706503919056e-04
1.5919999999999999e+02  3.9287445686655666e+01  3.1999967758612872e+01  3.1999994186765935e+01  2.4496719020961802e-02  2.7267575404423447e+01  3.1999988447769116e+01  3.2000001452439463e+01  2.4376169333437163e-02  1.2019870282232219e+01  1.2003309404034766e+01  2.8472463754146611e-04  2.7555944036507067e-04  9.1651971763954346e-06  -4.0504145818042093e-04  4.1154523308572805e-04  4.1296598942707207e-04
1.5999999999999901e+02  3.9300254396878117e+01  3.1999967273292704e+01  3.1999994118105487e+01  2.4494729587794816e-02  2.7279840375636276e+01  3.1999988435995061e+01  3.2000001530885584e+01  2.4374890520431295e-02  1.2020414021241841e+01  1.2003204856734477e+01  2.8648783374124101e-04  2.7712424004925344e-04  9.3635936919875783e-06  -4.0671482537392689e-04  4.1373054092406776e-04  4.1516007931174790e-04
1.6079999999999899e+02  3.9313388115131758e+01  3.1999966757661280e+01  3.1999994045664707e+01  2.4492733324660409e-02  2.7292763140237721e+01  3.1999988427620863e+01  3.2000001609746072e+01  2.4373317538060119e-02  1.2020624974894037e+01  1.2003100020207970e+01  2.8825482117932852e-04  2.7868988394786460e-04  9.5649372314639248e-06  -4.0851255382669895e-04  4.1596080610622398e-04  4.1729450286954236e-04
1.6159999999999800e+02  3.9326320075408418e+01  3.1999966258559805e+01  3.1999993976081285e+01  2.4491017478177547e-02  2.7305139901679507e+01  3.1999988421798278e+01  3.2000001692226782e+01  2.4371606006293983e-02  1.2021180173728911e+01  1.2002994262605361e+01  2.9002689642564430e-04  2.8025668631088057e-04  9.7702101147637325e-06  -4.1098756512720965e-04  4.1811495276393516e-04  4.1986833378325353e-04
1.6239999999999699e+02  3.9339833131888341e+01  3.1999914404773712e+01  3.1999993903612079e+01  2.4489023755125676e-02  2.7318017955669742e+01  3.1999988412542631e+01  3.2000001777995664e+01  2.4369770733189473e-02  1.2021815176218599e+01  1.2002887267637593e+01  2.9180469014570545e-04  2.8182491343142714e-04  9.9797767142783102e-06  -4.1346483730270953e-04  4.2007052740525866e-04  4.2262380659898710e-04
1.6319999999999700e+02  3.9352982039868849e+01  3.1999965234440996e+01  3.1999993832980838e+01  2.4486259739986180e-02  2.7330835402743997e+01  3.1999988403451063e+01  3.2000001862408546e+01  2.4367701883992659e-02  1.2022146637124852e+01  1.2002779602998171e+01  2.9358708511145721e-04  2.8339455290064927e-04  1.0192532210807936e-05  -4.1547944901618861e-04  4.2213918482722425e-04  4.2508256166612764e-04
1.6399999999999599e+02  3.9366116899610127e+01  3.1999964718894518e+01  3.1999993760938256e+01  2.4483105522062971e-02  2.7343386972677571e+01  3.1999988397585817e+01  3.2000001946734976e+01  2.4365378022712009e-02  1.2022729926932556e+01  1.2002671319864234e+01  2.9537245481284392e-04  2.8496546200585277e-04  1.0406992806991154e-05  -4.1725768082639730e-04  4.2445440114931933e-04  4.2727146225857333e-04
1.6479999999999501e+02  3.9379844718273020e+01  3.1999964202911851e+01  3.1999993689190397e+01  2.4480114739494418e-02  2.7356720140185008e+01  3.1999988395038233e+01  3.2000002033281987e+01  2.4362874141210140e-02  1.2023124578088012e+01  1.2002562304580566e+01  2.9716089913521391e-04  2.8653756223599220e-04  1.0623336899221705e-05  -4.1907530053359913e-04  4.2657823125523560e-04  4.2942091151336285e-04
1.6559999999999400e+02  3.9393538522321393e+01  3.1999963650079341e+01  3.1999993612033997e+01  2.4477137536385387e-02  2.7369943360090893e+01  3.1999988402296822e+01  3.2000002118989755e+01  2.4360195997857367e-02  1.2023595162230500e+01  1.2002452797014385e+01  2.9895381463670696e-04  2.8811118370460515e-04  1.0842630932101814e-05  -4.2124929120067073e-04  4.2846344813161810e-04  4.3184366103608189e-04
1.6639999999999401e+02  3.9407265714792494e+01  3.1999963119196000e+01  3.1999993538799817e+01  2.4473707177020885e-02  2.7382914449007231e+01  3.1999988395206646e+01  3.2000002207683643e+01  2.4357294616170550e-02  1.2024351265785263e+01  1.2002342371404646e+01  3.0075197517825285e-04  2.8968665849187246e-04  1.1065316686380397e-05  -4.2365418616895556e-04  4.3050742588449239e-04  4.3453638709269916e-04
1.6719999999999300e+02  3.9420766359445494e+01  3.1999962592507512e+01  3.1999993466081332e+01  2.4469771566226529e-02  2.7395684625489590e+01  3.1999988391751305e+01  3.2000002298262153e+01  2.4354184754019573e-02  1.2025081733955904e+01  1.2002230541568029e+01  3.0255511768625249e-04  2.9126365446020244e-04  1.1291463226050045e-05  -4.2568340254293225e-04  4.3268136384157381e-04  4.3700395917031369e-04
1.6799999999999201e+02  3.9434392200594807e+01  3.1999962032971005e+01  3.1999993389691546e+01  2.4465568616895902e-02  2.7408831486591200e+01  3.1999988386011950e+01  3.2000002390450327e+01  2.4350869023018761e-02  1.2025560714003607e+01  1.2002118018457788e+01  3.0436251846850161e-04  2.9284188547520760e-04  1.1520632993294009e-05  -4.2735856791911280e-04  4.3474263639256625e-04  4.3914893679227964e-04
1.6879999999999100e+02  3.9448740878579542e+01  3.1999961526962270e+01  3.1999993325640308e+01  2.4461185447163927e-02  2.7422098652153242e+01  3.1999988380407302e+01  3.2000002479982207e+01  2.4347270973291577e-02  1.2026642226426301e+01  1.2002005520829332e+01  3.0617371137791650e-04  2.9442177289379937e-04  1.1751938484117137e-05  -4.2929513600508025e-04  4.3674550652829543e-04  4.4142088920254491e-04
1.6959999999999101e+02  3.9462926727747259e+01  3.1999960959222001e+01  3.1999993250454470e+01  2.4456593639137880e-02  2.7435202635352098e+01  3.1999988374631808e+01  3.2000002569002348e+01  2.4343389334020492e-02  1.2027724092395161e+01  1.2001892528599498e+01  3.0798919468980469e-04  2.9600351004092722e-04  1.1985684648877469e-05  -4.3156462313451258e-04  4.3872173662191341e-04  4.4394296048546987e-04
1.7039999999999000e+02  3.9476990049106931e+01  3.1999960406189210e+01  3.1999993174951769e+01  2.4451799386735147e-02  2.7448811883065964e+01  3.1999988361611983e+01  3.2000002663612676e+01  2.4339324351152800e-02  1.2028178166040966e+01  1.2001778325644576e+01  3.0980991494656521e-04  2.9758657218457557e-04  1.2223342761989644e-05  -4.3371227300142344e-04  4.4066359693533714e-04  4.4643453576246841e-04
1.7119999999998899e+02  3.9490742430831943e+01  3.1999959849053951e+01  3.1999993097990750e+01  2.4446730575220770e-02  2.7461859609909872e+01  3.1999988354793924e+01  3.2000002760130322e+01  2.4335081590875489e-02  1.2028882820922071e+01  1.2001662975397911e+01  3.1163578816989398e-04  2.9917069603591784e-04  1.2465092133976145e-05  -4.3557801663423652e-04  4.4275504785704436e-04  4.4876419472075307e-04
1.7199999999998900e+02  3.9504564031383801e+01  3.1999959287985906e+01  3.1999993022489107e+01  2.4444212238166670e-02  2.7475559280640329e+01  3.1999988339169612e+01  3.2000002859866797e+01  2.4330573546967396e-02  1.2029004750743471e+01  1.2504517142732084e+01  3.1346560643225779e-04  3.0075626864286854e-04  1.2709337789389250e-05  -4.5095904079248405e-04  4.4492555694352124e-04  4.5133428091817881e-04
1.7279999999998799e+02  3.9518455336353490e+01  3.1999958723122667e+01  3.1999992948037125e+01  2.4447920002366081e-02  2.7489042741097489e+01  3.1999988330072011e+01  3.2000002956853542e+01  2.4325785936099499e-02  1.2029412595256002e+01  1.2504402133783335e+01  3.1529869612603013e-04  3.0234369279717212e-04  1.2955003328858009e-05  -4.5328238497500972e-04  4.4685413838137662e-04  4.5399839298060043e-04
1.7359999999998701e+02  3.9532411446243991e+01  3.1999958153106927e+01  3.1999992872864503e+01  2.4451364708436642e-02  2.7502281048719453e+01  3.1999988323358806e+01  3.2000003053748507e+01  2.4322510175930932e-02  1.2030130397524537e+01  1.2007017641395697e+01  3.1713590735313243e-04  3.0393310483651240e-04  1.3202802516620025e-05  -4.5561857603956097e-04  4.5374252279689679e-04  4.5658575054510314e-04
1.7439999999998599e+02  3.9547114653124908e+01  3.1999957568575525e+01  3.1999992796184372e+01  2.4454709050985683e-02  2.7515574148317061e+01  3.1999988319276788e+01  3.2000003152049274e+01  2.4325719952778459e-02  1.2031540504807847e+01  1.2006902349963712e+01  3.1897852695053977e-04  3.0552433307098621e-04  1.3454193879553563e-05  -4.5795509161838661e-04  4.5598805256871761e-04  4.5921294806258614e-04
1.7519999999998601e+02  3.9562124116360607e+01  3.1999956953560602e+01  3.1999992716682673e+01  2.4457865390991349e-02  2.7529223478688660e+01  3.1999988319028308e+01  3.2000003251377009e+01  2.4328738522258222e-02  1.2032900637671947e+01  1.2006785800825643e+01  3.2082670743118023e-04  3.0711682941646798e-04  1.3709878014712246e-05  -4.6034662508857014e-04  4.5830411331563686e-04  4.6204115361996305e-04
1.7599999999998499e+02  3.9576549306149474e+01  3.1999956379942009e+01  3.1999992645353565e+01  2.4460512577924014e-02  2.7543108239495130e+01  3.1999988322504667e+01  3.2000003350711722e+01  2.4331540886358301e-02  1.2033441066654344e+01  1.2006668747319672e+01  3.2267952896283087e-04  3.0871022890604670e-04  1.3969300056784176e-05  -4.6278560795065716e-04  4.6060110624048564e-04  4.6490160533313327e-04
1.7679999999998401e+02  3.9590780205396172e+01  3.1999955787018980e+01  3.1999992569872795e+01  2.4462566987226212e-02  2.7557169240348212e+01  3.1999988318363012e+01  3.2000003452074530e+01  2.4334028014911042e-02  1.2033610965047959e+01  1.2006551273250928e+01  3.2453634151139246e-04  3.1030491403233904e-04  1.4231427479053423e-05  -4.6518681681118393e-04  4.6291282773950368e-04  4.6758127644689289e-04
1.7759999999998300e+02  3.9605074609245833e+01  3.1999955188207071e+01  3.1999992492473183e+01  2.4464411218334457e-02  2.7570831209877600e+01  3.1999988313412278e+01  3.2000003554213833e+01  2.4336188966075131e-02  1.2034243399368233e+01  1.2006432622996858e+01  3.2639748493317215e-04  3.1190147115049802e-04  1.4496013782674131e-05  -4.6745066286941887e-04  4.6519901353088742e-04  4.7013660060888089e-04
1.7839999999998301e+02  3.9619988128098278e+01  3.1999954579029172e+01  3.1999992413782046e+01  2.4466350390611295e-02  2.7584404096427207e+01  3.1999988311647410e+01  3.2000003657902759e+01  2.4338156959965804e-02  1.2035584031671071e+01  1.2006312664868062e+01  3.2826364557627882e-04  3.1349994380907019e-04  1.4763701767208628e-05  -4.6961463026322928e-04  4.6734959306813794e-04  4.7272584127039705e-04
1.7919999999998200e+02  3.9635185783425008e+01  3.1999953959254324e+01  3.1999992334120520e+01  2.4468098468123495e-02  2.7598393999869753e+01  3.1999988298331349e+01  3.2000003769028922e+01  2.4339995887299938e-02  1.2036791783555255e+01  1.2006192117442843e+01  3.3013486319893507e-04  3.1510006760458921e-04  1.5034795594345862e-05  -4.7193805316130834e-04  4.6955086998866439e-04  4.7547118151607131e-04
1.7999999999998099e+02  3.9650018983698551e+01  3.1999953351853726e+01  3.1999992256789298e+01  2.4469211948876173e-02  2.7612636342092905e+01  3.1999988294160918e+01  3.2000003877665684e+01  2.4341578077924912e-02  1.2037382641605646e+01  1.2006071153937695e+01  3.3201063905511497e-04  3.1670167833450436e-04  1.5308960720610606e-05  -4.7447753155426556e-04  4.7193374748805410e-04  4.7832325397562721e-04
1.8079999999998100e+02  3.9664782210720254e+01  3.1999952734193066e+01  3.1999992178171581e+01  2.4469790755593000e-02  2.7626836005506082e+01  3.1999988283373611e+01  3.2000003987905927e+01  2.4342817270097048e-02  1.2037946205214173e+01  1.2005949176556051e+01  3.3389093410822473e-04  3.1830457945269361e-04  1.5586354655531122e-05  -4.7683049172436590e-04  4.7420819967417341e-04  4.8101213807281317e-04
1.8159999999998001e+02  3.9679408034193386e+01  3.1999952108106942e+01  3.1999992099253927e+01  2.4470317273422335e-02  2.7641041311460363e+01  3.1999988290228863e+01  3.2000004092069204e+01  2.4343828067875443e-02  1.2038366722733024e+01  1.2005825982668078e+01  3.3577616555496690e-04  3.1990858245660621e-04  1.5867583098360695e-05  -4.7883411398670753e-04  4.7632624972229087e-04  4.8346999590137579e-04
1.8239999999997900e+02  3.9694812455406932e+01  3.1999951424320479e+01  3.1999992011949388e+01  2.4470922465543513e-02  2.7655182520040359e+01  3.1999988285363326e+01  3.2000004201900047e+01  2.4344697535723717e-02  1.2039629935366573e+01  1.2005701973251645e+01  3.3766607156269401e-04  3.2151367407464619e-04  1.6152397488047811e-05  -4.8093673955812639e-04  4.7860626296937768e-04  4.8602763590321684e-04
1.8319999999997799e+02  3.9709790165947609e+01  3.1999950785359964e+01  3.1999991932238864e+01  2.4471199595850847e-02  2.7669354970761891e+01  3.1999988285157755e+01  3.2000004311882520e+01  2.4345332613866136e-02  1.2040435195185719e+01  1.2005577387533064e+01  3.3955972825541069e-04  3.2311985134851276e-04  1.6439876906897935e-05  -4.8339934955941220e-04  4.8095969537184646e-04  4.8883620272652207e-04
1.8399999999997800e+02  3.9725435136455900e+01  3.1999950162846176e+01  3.1999991855373075e+01  2.4470796930015790e-02  2.7683942346685257e+01  3.1999988276966526e+01  3.2000004425321208e+01  2.4345656960046685e-02  1.2041492789770643e+01  1.2005452050208216e+01  3.4145701702128069e-04  3.2472726044609890e-04  1.6729756575181785e-05  -4.8583259925334080e-04  4.8312140755531527e-04  4.9159258635423384e-04
1.8479999999997699e+02  3.9740593797232883e+01  3.1999949536619916e+01  3.1999991778576007e+01  2.4469899280656935e-02  2.7698341180705238e+01  3.1999988271922071e+01  3.2000004537048980e+01  2.4345716298855506e-02  1.2042252616527644e+01  1.2005325813975244e+01  3.4335886070283543e-04  3.2633629428802482e-04  1.7022566414810617e-05  -4.8788578432603269e-04  4.8522700037224419e-04  4.9410468426365549e-04
1.8559999999997601e+02  3.9755590601193546e+01  3.1999948885019265e+01  3.1999991698627596e+01  2.4468946258831056e-02  2.7712422261859565e+01  3.1999988267087364e+01  3.2000004649236139e+01  2.4345540360112050e-02  1.2043168339333981e+01  1.2005198874240943e+01  3.4526561177243364e-04  3.2794684367381491e-04  1.7318768098618725e-05  -4.8986186904236668e-04  4.8740819510872713e-04  4.9661819847671910e-04
1.8639999999997499e+02  3.9770995924644261e+01  3.1999948178900784e+01  3.1999991610735314e+01  2.4468031196358271e-02  2.7727034332437327e+01  3.1999988258023212e+01  3.2000004765245166e+01  2.4345107483446406e-02  1.2043961592206934e+01  1.2005071349634978e+01  3.4717655335732501e-04  3.2955821725969041e-04  1.7618336097634593e-05  -4.9216989143768505e-04  4.8958024262356760e-04  4.9933248672774026e-04
1.8719999999997501e+02  3.9786522434758744e+01  3.1999947514305276e+01  3.1999991530182864e+01  2.4466792145724395e-02  2.7741402023086945e+01  3.1999988252355763e+01  3.2000004880794862e+01  2.4344416963292582e-02  1.2045120411671800e+01  1.2004942990790212e+01  3.4909141292109309e-04  3.3117038235961965e-04  1.7921030561473443e-05  -4.9459610884708817e-04  4.9177517587234302e-04  5.0206928785778379e-04
1.8799999999997399e+02  3.9802185312208437e+01  3.1999946864407828e+01  3.1999991452874262e+01  2.4464935601213690e-02  2.7755643682694743e+01  3.1999988245783179e+01  3.2000004996786899e+01  2.4343468771840637e-02  1.2046541629513694e+01  1.2004813633255910e+01  3.5101092056942675e-04  3.3278407398216569e-04  1.8226846587261053e-05  -4.9675452850766837e-04  4.9400845761294286e-04  5.0467557530898069e-04
1.8879999999997301e+02  3.9817432681009201e+01  3.1999946194076845e+01  3.1999991372573923e+01  2.4462673526998904e-02  2.7770123732271074e+01  3.1999988237695437e+01  3.2000005113100606e+01  2.4342246201349942e-02  1.2047308948738127e+01  1.2004683507399360e+01  3.5293541789954881e-04  3.3439936388055138e-04  1.8536054018997432e-05  -4.9871824501780031e-04  4.9607171082187939e-04  5.0721359328789587e-04
1.8959999999997299e+02  3.9833447427706218e+01  3.1999945578692060e+01  3.1999991300924393e+01  2.4460382588754416e-02  2.7784790673103629e+01  3.1999988227596173e+01  3.2000005231279403e+01  2.4340752268253985e-02  1.2048656754602590e+01  1.2004553029291436e+01  3.5486403492518409e-04  3.3601548780237965e-04  1.8848547122804439e-05  -5.0078936330678241e-04  4.9800029832118976e-04  5.0975975147420853e-04
1.9039999999997201e+02  3.9849328477633868e+01  3.1999944861308339e+01  3.1999991213294422e+01  2.4457999869668828e-02  2.7799359346948627e+01  3.1999988224922298e+01  3.2000005347797163e+01  2.4338999450386159e-02  1.2049969130685241e+01  1.2004422053937143e+01  3.5679579892443190e-04  3.3763210373278114e-04  1.9163695191650766e-05  -5.0313438859315941e-04  5.0021345516426999e-04  5.1242020848903179e-04
1.9119999999997100e+02  3.9865377464077390e+01  3.1999944172547170e+01  3.1999991131341545e+01  2.4455169713590089e-02  2.7814293413134376e+01  3.1999988210439088e+01  3.2000005470438076e+01  2.4337008464973709e-02  1.2051084050943015e+01  1.2004289589649760e+01  3.5873120330338161e-04  3.3924954002314097e-04  1.9481663280240639e-05  -5.0552327504541539e-04  5.0264434600480988e-04  5.1516622257827282e-04
1.9199999999996999e+02  3.9880922291455455e+01  3.1999943480471053e+01  3.1999991049394705e+01  2.4451806669199952e-02  2.7829082134910294e+01  3.1999988198512561e+01  3.2000005592019498e+01  2.4334818096221050e-02  1.2051840156545161e+01  1.2004155523361256e+01  3.6067174689489225e-04  3.4086823993019971e-04  1.9803506964692543e-05  -5.0752767009415336e-04  5.0468645614679087e-04  5.1774316129326540e-04
1.9279999999997000e+02  3.9896799362867455e+01  3.1999942765942805e+01  3.1999990964016209e+01  2.4448080735934866e-02  2.7844047664470182e+01  3.1999988188694825e+01  3.2000005713294449e+01  2.4332406684606941e-02  1.2052751698397273e+01  1.2004021256361806e+01  3.6261766193623703e-04  3.4248862682251816e-04  2.0129035113718868e-05  -5.0939219816986160e-04  5.0642416651085393e-04  5.2017689577360613e-04
1.9359999999996899e+02  3.9912647205748748e+01  3.1999942070224812e+01  3.1999990882860256e+01  2.4444087635158578e-02  2.7859204699124025e+01  3.1999988182907831e+01  3.2000005835307363e+01  2.4329686967275180e-02  1.2053442506624723e+01  1.2003887037315355e+01  3.6456790062402945e-04  3.4411051698525843e-04  2.0457383638771017e-05  -5.1169383191979317e-04  5.0848340368765004e-04  5.2279587992879622e-04
1.9439999999996800e+02  3.9929616469353903e+01  3.1999941357628458e+01  3.1999990800724198e+01  2.4439862073867245e-02  2.7874251688260092e+01  3.1999988174320357e+01  3.2000005959386122e+01  2.4326668352507002e-02  1.2055364781093811e+01  1.2003751412724963e+01  3.6652284987953002e-04  3.4573283998799893e-04  2.0790009891531085e-05  -5.1412840763680905e-04  5.1081909004518065e-04  5.2556583108250043e-04
1.9519999999996699e+02  3.9945452089903739e+01  3.1999940644672947e+01  3.1999990718447130e+01  2.4435406482366584e-02  2.7889286065384216e+01  3.1999988168527093e+01  3.2000006082222903e+01  2.4323463069679887e-02  1.2056166024519523e+01  1.2003613979745342e+01  3.6848427353543316e-04  3.4735527163435968e-04  2.1129001901073476e-05  -5.1613296326205908e-04  5.1302767558333547e-04  5.2814888713216318e-04
1.9599999999996700e+02  3.9961353487369358e+01  3.1999939926190045e+01  3.1999990634716063e+01  2.4430553484156854e-02  2.7904190688090935e+01  3.1999988157005113e+01  3.2000006208901645e+01  2.4320066811327198e-02  1.2057162799278423e+01  1.2003475758215849e+01  3.7045191191715300e-04  3.4897909313759450e-04  2.1472818779558504e-05  -5.1798529466229261e-04  5.1501614321308340e-04  5.3056982278072685e-04
1.9679999999996599e+02  3.9977332511669033e+01  3.1999939201812488e+01  3.1999990550720092e+01  2.4425162936830041e-02  2.7920050147127309e+01  3.1999988141374960e+01  3.2000006340703671e+01  2.4316342941976942e-02  1.2057282364541724e+01  1.2003337250092084e+01  3.7242333145375570e-04  3.5060528706093837e-04  2.1818044392817330e-05  -5.2008051566438394e-04  5.1685981519863672e-04  5.3306819413439285e-04
1.9759999999996501e+02  3.9994356210657607e+01  3.1999938369319409e+01  3.1999990451145813e+01  2.4419424510357581e-02  2.7935255666435015e+01  3.1999988129425514e+01  3.2000006470801111e+01  2.4312264919579774e-02  1.2059100544222591e+01  1.2003197955961188e+01  3.7439802465392264e-04  3.5223320152040456e-04  2.2164823133518079e-05  -5.2218577621595077e-04  5.1879209188294452e-04  5.3556579903639087e-04
1.9839999999996499e+02  4.0011281751920514e+01  3.1999937688194482e+01  3.1999990375777603e+01  2.4419874662216831e-02  2.7950226959232989e+01  3.1999988118357368e+01  3.2000006599439125e+01  2.4307955018425892e-02  1.2061054792687525e+01  1.2506094729074643e+01  3.7637855959387110e-04  3.5386169547213259e-04  2.2516864121738505e-05  -5.3792659093848390e-04  5.2094635453383761e-04  5.3800089328683443e-04
1.9919999999996401e+02  4.0027549479002872e+01  3.1999936958823625e+01  3.1999990293396156e+01  2.4423763809047441e-02  2.7965249524029350e+01  3.1999988107109836e+01  3.2000006728396052e+01  2.4303452413119465e-02  1.2062299954973522e+01  1.2505955323540970e+01  3.7836649761460045e-04  3.5549062031494776e-04  2.2875877299652683e-05  -5.4050360540427447e-04  5.2308023881383967e-04  5.4057690353346514e-04
1.9999999999996299e+02  4.0043878548563427e+01  3.1999936246129543e+01  3.1999990214064297e+01  2.4427368465756900e-02  2.7980450264654039e+01  3.1999988102960312e+01  3.2000006855304257e+01  2.4298643178456841e-02  1.2063428283909388e+01  1.2505815177747934e+01  3.8035994954531540e-04  3.5712102770311493e-04  2.3238921842200471e-05  -5.4312571238582079e-04  5.2500942576929200e-04  5.4319809371927794e-04
2.0000999999996299e+02  4.0044082075747937e+01  3.1999936236718000e+01  3.1999990212996376e+01  2.4427410831446447e-02  2.7980639018937861e+01  3.1999988102828063e+01  3.2000006856943585e+01  2.4298580648873306e-02  1.2063443056810076e+01  1.2505813420181980e+01  3.8038489039968041e-04  3.5714142256744333e-04  2.3243467832237082e-05  -5.4315711340293163e-04  5.2503248324476596e-04  5.4322948680765885e-04
