# downsampled to dt=0.5 from the every-step stream
# time L2_Ham L2_Mom min_rho_req max_rho_req integral_neg_rho L2_Ham_rel L2_Mom_rel pump_force_L2 governor pump_fi_L2 L2_Ham_amr L2_Mom_amr L2_Ham_amr_rel L2_Mom_amr_rel Linf_Ham_amr L2_Ham_amr_ref
   0.0100000    6.9254586950e-04    1.8089439974e-07   -2.3542034067e-04    1.7554255103e-04    4.1850400748e-01    9.6150521374e-01    4.5101297463e-01    0.0000000000e+00    9.9999999988e-01    0.0000000000e+00    1.7736347255e-06    1.9921720855e-07    8.1341867710e-03    4.5090205833e-01    1.1022299995e-04    0.0000000000e+00
   0.5100000    3.6272418930e-04    3.8296181766e-06   -5.0818885480e-05    1.3033655420e-04    2.7350445709e-01    8.7792818904e-01    7.0831160350e-01    0.0000000000e+00    9.9999999991e-01    0.0000000000e+00    2.3392877847e-05    3.3114794201e-06    1.0673038512e-01    6.5690796062e-01    2.2853737846e-04    0.0000000000e+00
   1.0100000    2.2087867974e-04    5.8303450501e-06   -7.7228609592e-05    1.2979749436e-04    1.7327620591e-01    7.4500358583e-01    7.5871129398e-01    0.0000000000e+00    9.9999999991e-01    0.0000000000e+00    3.5897830663e-05    5.0187264776e-06    1.6257290020e-01    7.2941189540e-01    3.8842760283e-04    0.0000000000e+00
   1.5100000    1.6936768289e-04    6.5678158233e-06   -8.0150018410e-05    1.2836307558e-04    1.4171135850e-01    6.5048830119e-01    7.5385818068e-01    0.0000000000e+00    9.9999999992e-01    0.0000000000e+00    3.8502809159e-05    5.6005316586e-06    1.7403734467e-01    7.3502601124e-01    4.0840266523e-04    0.0000000000e+00
   2.0100000    1.3168129747e-04    6.1783336899e-06   -5.8642533992e-05    1.2608544877e-04    1.1668201118e-01    5.5424719594e-01    7.3437001661e-01    0.0000000000e+00    9.9999999992e-01    0.0000000000e+00    3.3456478399e-05    5.2492297824e-06    1.5179161754e-01    7.1340686631e-01    2.9174133958e-04    0.0000000000e+00
   2.5100000    9.5556804105e-05    5.2158168919e-06   -4.9652314602e-05    1.2639038402e-04    9.1953938180e-02    4.3512787040e-01    7.3367962296e-01    0.0000000000e+00    9.9999999992e-01    0.0000000000e+00    2.5887239536e-05    4.4340503822e-06    1.1801361894e-01    7.0611396369e-01    2.1096189965e-04    0.0000000000e+00
   3.0100000    6.8280216061e-05    4.2102034144e-06   -3.9428475043e-05    1.2685158112e-04    6.7625781833e-02    3.2650042745e-01    7.3595887523e-01    0.0000000000e+00    9.9999999992e-01    0.0000000000e+00    1.9851915477e-05    3.5868564356e-06    9.0788040561e-02    7.0315317517e-01    1.5220596997e-04    0.0000000000e+00
   3.5100000    5.2992825634e-05    3.4375480197e-06   -3.2142397763e-05    1.2844363175e-04    5.5348984469e-02    2.5900866179e-01    7.2560369535e-01    0.0000000000e+00    9.9999999992e-01    0.0000000000e+00    1.6684677193e-05    2.9262538658e-06    7.6415128182e-02    6.9174945387e-01    1.2756372375e-04    0.0000000000e+00
   4.0100000    4.5504526722e-05    2.9076526106e-06   -2.1500626702e-05    1.2733029670e-04    4.9889713386e-02    2.2441893348e-01    7.3720543621e-01    0.0000000000e+00    9.9999999992e-01    0.0000000000e+00    1.5245296252e-05    2.4612394653e-06    6.9864504363e-02    7.1728949190e-01    1.7069739984e-04    0.0000000000e+00
   4.5100000    4.0283720156e-05    2.5001889950e-06   -1.5448672439e-05    1.2707156741e-04    4.6298706730e-02    1.9975213734e-01    7.1907586596e-01    0.0000000000e+00    9.9999999992e-01    0.0000000000e+00    1.4087589660e-05    2.0985853467e-06    6.4578800658e-02    6.9207652362e-01    1.6982242505e-04    0.0000000000e+00
   5.0100000    3.4950837274e-05    2.1315451406e-06   -1.2219703424e-05    1.2706147079e-04    4.2164394984e-02    1.7415573133e-01    6.5748133963e-01    0.0000000000e+00    9.9999999992e-01    0.0000000000e+00    1.2713145473e-05    1.7747940314e-06    5.8296030688e-02    6.0137399060e-01    1.4722973751e-04    0.0000000000e+00
   5.5100000    2.9392575784e-05    1.7885844226e-06   -9.9722766252e-06    1.2634351884e-04    3.7357245310e-02    1.4711307643e-01    6.4684252176e-01    0.0000000000e+00    9.9999999993e-01    0.0000000000e+00    1.1213145131e-05    1.4827007227e-06    5.1436792232e-02    5.8436428205e-01    1.7393902289e-04    0.0000000000e+00
   6.0100000    2.4154203105e-05    1.4787708189e-06   -8.6087901636e-06    1.2639043824e-04    3.2640325154e-02    1.2132581710e-01    5.8344244531e-01    0.0000000000e+00    9.9999999993e-01    0.0000000000e+00    9.7648991244e-06    1.2250208080e-06    4.4809376837e-02    5.0532924066e-01    1.7812188024e-04    0.0000000000e+00
   6.5100000    1.9746799050e-05    1.2158269148e-06   -7.5765035432e-06    1.2638410321e-04    2.8591596410e-02    9.9444898928e-02    5.1882565752e-01    0.0000000000e+00    9.9999999993e-01    0.0000000000e+00    8.5228051876e-06    1.0122369869e-06    3.9124675905e-02    4.3599712929e-01    1.8619405778e-04    0.0000000000e+00
   7.0100000    1.6431182987e-05    1.0087989500e-06   -6.7382653792e-06    1.2626306938e-04    2.5525290949e-02    8.2891030343e-02    4.7726720495e-01    0.0000000000e+00    9.9999999993e-01    0.0000000000e+00    7.5575032091e-06    8.5218674543e-07    3.4706386207e-02    3.9864657240e-01    1.9511286388e-04    0.0000000000e+00
   7.5100000    1.4194449274e-05    8.4886148888e-07   -5.9889775990e-06    1.2612817738e-04    2.3350438160e-02    7.1680993445e-02    4.2154384047e-01    0.0000000000e+00    9.9999999993e-01    0.0000000000e+00    6.8525509831e-06    7.3155190731e-07    3.1477339160e-02    3.5130545395e-01    2.0061826882e-04    0.0000000000e+00
   8.0100000    1.2829209316e-05    7.2844005964e-07   -5.1799948182e-06    1.2590035474e-04    2.1877756729e-02    6.4823081919e-02    3.7062211104e-01    0.0000000000e+00    9.9999999993e-01    0.0000000000e+00    6.3652269496e-06    6.4270182179e-07    2.9243489578e-02    3.1091020475e-01    2.0679516359e-04    0.0000000000e+00
   8.5100000    1.2044136402e-05    6.4075292536e-07   -4.4013242468e-06    1.2561651924e-04    2.0928772748e-02    6.0874307514e-02    3.3263778388e-01    0.0000000000e+00    9.9999999993e-01    0.0000000000e+00    6.0317191697e-06    5.8045514027e-07    2.7713777469e-02    2.8327200583e-01    2.1297786025e-04    0.0000000000e+00
   9.0100000    1.1581122819e-05    5.7507822777e-07   -3.6782972963e-06    1.2535190691e-04    2.0310163817e-02    5.8542364805e-02    3.0584655194e-01    0.0000000000e+00    9.9999999993e-01    0.0000000000e+00    5.7929283840e-06    5.3407830973e-07    2.6617438268e-02    2.6502619927e-01    2.1856477022e-04    0.0000000000e+00
   9.5100000    1.1270826060e-05    5.2378671251e-07   -3.0350419585e-06    1.2516653862e-04    1.9895408778e-02    5.6976943949e-02    2.8715689105e-01    0.0000000000e+00    9.9999999993e-01    0.0000000000e+00    5.6101044666e-06    4.9668601021e-07    2.5777038635e-02    2.5281174742e-01    2.2383880090e-04    0.0000000000e+00
  10.0100000    1.1023808631e-05    4.8275160225e-07   -2.5073915213e-06    1.2509122690e-04    1.9578885028e-02    5.5729289269e-02    2.6699326211e-01    0.0000000000e+00    9.9999999993e-01    0.0000000000e+00    5.4592341269e-06    4.6551144380e-07    2.5082987801e-02    2.3798881765e-01    2.2917910480e-04    0.0000000000e+00
  10.5100000    1.0802448548e-05    4.4904123179e-07   -2.1196980571e-06    1.2511212906e-04    1.9311838119e-02    5.4611056777e-02    2.5318454193e-01    0.0000000000e+00    9.9999999993e-01    0.0000000000e+00    5.3270810065e-06    4.3876870824e-07    2.4475019971e-02    2.2803429389e-01    2.3464461151e-04    0.0000000000e+00
  11.0100000    1.0596136681e-05    4.2076739857e-07   -1.8655240856e-06    1.2516575483e-04    1.9068099457e-02    5.3569008288e-02    2.4082198782e-01    0.0000000000e+00    9.9999999993e-01    0.0000000000e+00    5.2074488057e-06    4.1545918170e-07    2.3924764935e-02    2.1868513122e-01    2.4002683934e-04    0.0000000000e+00
  11.5100000    1.0405305284e-05    3.9664794193e-07   -1.8244414978e-06    1.2516886241e-04    1.8832393098e-02    5.2604647700e-02    2.2965508157e-01    0.0000000000e+00    9.9999999993e-01    0.0000000000e+00    5.0980263694e-06    3.9490334747e-07    2.3421292912e-02    2.0990093765e-01    2.4506364463e-04    0.0000000000e+00
  12.0100000    1.0232876860e-05    3.7597153658e-07   -1.8015620121e-06    1.2506688114e-04    1.8606328073e-02    5.1731754724e-02    2.1527379831e-01    0.0000000000e+00    9.9999999993e-01    0.0000000000e+00    4.9982481756e-06    3.7683254503e-07    2.2961569928e-02    1.9771023317e-01    2.4956201851e-04    0.0000000000e+00
  12.5100000    1.0080672069e-05    3.5810668924e-07   -1.7833894303e-06    1.2486505772e-04    1.8395419433e-02    5.0959040707e-02    2.0423215589e-01    0.0000000000e+00    9.9999999993e-01    0.0000000000e+00    4.9080715517e-06    3.6090221461e-07    2.2545183940e-02    1.8834836523e-01    2.5350473402e-04    0.0000000000e+00
  13.0100000    9.9486763584e-06    3.4249585049e-07   -1.7680986502e-06    1.2462508132e-04    1.8203204398e-02    5.0286892022e-02    1.9895359503e-01    0.0000000000e+00    9.9999999993e-01    0.0000000000e+00    4.8274341125e-06    3.4674410540e-07    2.2172047346e-02    1.8417839351e-01    2.5707899122e-04    0.0000000000e+00
  13.5100000    9.8355034018e-06    3.2876736391e-07   -1.7551599760e-06    1.2443005406e-04    1.8031506065e-02    4.9709543615e-02    1.9154035513e-01    0.0000000000e+00    9.9999999993e-01    0.0000000000e+00    4.7560608322e-06    3.3412689572e-07    2.1841432942e-02    1.7785293306e-01    2.6057887542e-04    0.0000000000e+00
  14.0100000    9.7390812224e-06    3.1662152991e-07   -1.7447929351e-06    1.2433712872e-04    1.7882487216e-02    4.9217866352e-02    1.8553266987e-01    0.0000000000e+00    9.9999999993e-01    0.0000000000e+00    4.6934729496e-06    3.2284035118e-07    2.1551713298e-02    1.7273213745e-01    2.6424553285e-04    0.0000000000e+00
  14.5100000    9.6571499944e-06    3.0596667533e-07   -1.7350137380e-06    1.2434514042e-04    1.7752639250e-02    4.8801110512e-02    1.8218954471e-01    0.0000000000e+00    9.9999999993e-01    0.0000000000e+00    4.6390354723e-06    3.1288167403e-07    2.1300242974e-02    1.7004246206e-01    2.6813932387e-04    0.0000000000e+00
  15.0100000    9.5875083128e-06    2.9674042269e-07   -1.7257391222e-06    1.2439615693e-04    1.7637412119e-02    4.8447758796e-02    1.7816446159e-01    0.0000000000e+00    9.9999999993e-01    0.0000000000e+00    4.5919432407e-06    3.0425415213e-07    2.1083130880e-02    1.6665812561e-01    2.7210993908e-04    0.0000000000e+00
  15.5100000    9.5281938507e-06    2.8876722388e-07   -1.7173945492e-06    1.2440977405e-04    1.7535638833e-02    4.8146667166e-02    1.7325859261e-01    0.0000000000e+00    9.9999999993e-01    0.0000000000e+00    4.5512760892e-06    2.9682975907e-07    2.0895600786e-02    1.6241450820e-01    2.7588180392e-04    0.0000000000e+00
  16.0100000    9.4776564156e-06    2.8177022437e-07   -1.7101578266e-06    1.2432987668e-04    1.7445612816e-02    4.7888645522e-02    1.6809431689e-01    0.0000000000e+00    9.9999999993e-01    0.0000000000e+00    4.5162934739e-06    2.9031624710e-07    2.0733654404e-02    1.5791103588e-01    2.7921756189e-04    0.0000000000e+00
  16.5100000    9.4346088252e-06    2.7551256923e-07   -1.7035247743e-06    1.2415675133e-04    1.7364502358e-02    4.7666472358e-02    1.6343699385e-01    0.0000000000e+00    9.9999999993e-01    0.0000000000e+00    4.4865131731e-06    2.8451953763e-07    2.0594762825e-02    1.5385199807e-01    2.8206503725e-04    0.0000000000e+00
  17.0100000    9.3978082157e-06    2.6991210574e-07   -1.6969187101e-06    1.2394589835e-04    1.7291040034e-02    4.7474181564e-02    1.6076250467e-01    0.0000000000e+00    9.9999999993e-01    0.0000000000e+00    4.4612298623e-06    2.7937150836e-07    2.0475820898e-02    1.5175635881e-01    2.8459204847e-04    0.0000000000e+00
  17.5100000    9.3665065365e-06    2.6495431738e-07   -1.6909133297e-06    1.2377480971e-04    1.7224464657e-02    4.7309129792e-02    1.5914440064e-01    0.0000000000e+00    9.9999999993e-01    0.0000000000e+00    4.4393556315e-06    2.7470019256e-07    2.0372324402e-02    1.5079219901e-01    2.8709685656e-04    0.0000000000e+00
  18.0100000    9.3407224896e-06    2.6074699704e-07   -1.6864667028e-06    1.2369778769e-04    1.7166087865e-02    4.7172683108e-02    1.5850055617e-01    0.0000000000e+00    9.9999999993e-01    0.0000000000e+00    4.4203465054e-06    2.7031635475e-07    2.0282325110e-02    1.5037851989e-01    2.8981965776e-04    0.0000000000e+00
  18.5100000    9.3198866127e-06    2.5765320514e-07   -1.6830157640e-06    1.2371550171e-04    1.7116549758e-02    4.7062624238e-02    1.5890986640e-01    0.0000000000e+00    9.9999999993e-01    0.0000000000e+00    4.4047763499e-06    2.6648605843e-07    2.0208732706e-02    1.5085849755e-01    2.9280059683e-04    0.0000000000e+00
  19.0100000    9.3017323733e-06    2.5526378410e-07   -1.6793933909e-06    1.2377503509e-04    1.7072265516e-02    4.6967191237e-02    1.5843305651e-01    0.0000000000e+00    9.9999999993e-01    0.0000000000e+00    4.3933846890e-06    2.6320042012e-07    2.0154786750e-02    1.5049956807e-01    2.9588239065e-04    0.0000000000e+00
  19.5100000    9.2843252478e-06    2.5414211212e-07   -1.6765118075e-06    1.2380140426e-04    1.7027916908e-02    4.6875548754e-02    1.5865481686e-01    0.0000000000e+00    9.9999999993e-01    0.0000000000e+00    4.3856219554e-06    2.6094918531e-07    2.0117494529e-02    1.5033048880e-01    2.9885293412e-04    0.0000000000e+00
  20.0100000    9.2690851995e-06    2.5415493229e-07   -1.6764805085e-06    1.2374172619e-04    1.6982961181e-02    4.6793701238e-02    1.5991119931e-01    0.0000000000e+00    9.9999999993e-01    0.0000000000e+00    4.3799679889e-06    2.5982081051e-07    2.0089388531e-02    1.5101647981e-01    3.0147399714e-04    0.0000000000e+00
  20.5100000    9.2596261988e-06    2.5373731605e-07   -1.6786657028e-06    1.2359739053e-04    1.6941780501e-02    4.6739312390e-02    1.5984633012e-01    0.0000000000e+00    9.9999999993e-01    0.0000000000e+00    4.3755031680e-06    2.5852970212e-07    2.0066019095e-02    1.5050513340e-01    3.0365011022e-04    0.0000000000e+00
  21.0100000    9.2577140018e-06    2.5300161148e-07   -1.6794696123e-06    1.2341678770e-04    1.6908442092e-02    4.6721609377e-02    1.6137664939e-01    0.0000000000e+00    9.9999999993e-01    0.0000000000e+00    4.3723515361e-06    2.5683117104e-07    2.0048101699e-02    1.5146074605e-01    3.0545529391e-04    0.0000000000e+00
  21.5100000    9.2615755257e-06    2.5227186594e-07   -1.6785919780e-06    1.2326828516e-04    1.6883655794e-02    4.6732648037e-02    1.6046052799e-01    0.0000000000e+00    9.9999999993e-01    0.0000000000e+00    4.3711184543e-06    2.5503068289e-07    2.0038838695e-02    1.4997783758e-01    3.0736659018e-04    0.0000000000e+00
  22.0100000    9.2677062221e-06    2.5164873282e-07   -1.6787617189e-06    1.2319776326e-04    1.6862812881e-02    4.6755854923e-02    1.5663844837e-01    0.0000000000e+00    9.9999999993e-01    0.0000000000e+00    4.3719837442e-06    2.5337037473e-07    2.0039514909e-02    1.4568534260e-01    3.0958223760e-04    0.0000000000e+00
  22.5100000    9.2735017260e-06    2.5129997735e-07   -1.6835544821e-06    1.2321036627e-04    1.6845321195e-02    4.6778658466e-02    1.6650827424e-01    0.0000000000e+00    9.9999999993e-01    0.0000000000e+00    4.3746525309e-06    2.5189235185e-07    2.0049007255e-02    1.5458547073e-01    3.1204662707e-04    0.0000000000e+00
  23.0100000    9.2780109175e-06    2.5112513575e-07   -1.6972885310e-06    1.2326341271e-04    1.6828559634e-02    4.6795955237e-02    1.7659217681e-01    0.0000000000e+00    9.9999999993e-01    0.0000000000e+00    4.3788781837e-06    2.5069184928e-07    2.0066046243e-02    1.6407484086e-01    3.1449107583e-04    0.0000000000e+00
  23.5100000    9.2816334384e-06    2.5083778226e-07   -1.7152502783e-06    1.2328939806e-04    1.6811169131e-02    4.6808787730e-02    1.7021027119e-01    0.0000000000e+00    9.9999999993e-01    0.0000000000e+00    4.3847665504e-06    2.4959849683e-07    2.0090697323e-02    1.5754684030e-01    3.1674070062e-04    0.0000000000e+00
  24.0100000    9.2860742833e-06    2.5053082316e-07   -1.7295019754e-06    1.2324172429e-04    1.6793343403e-02    4.6824721812e-02    1.6620879787e-01    0.0000000000e+00    9.9999999993e-01    0.0000000000e+00    4.3922886169e-06    2.4854311499e-07    2.0122388235e-02    1.5323901647e-01    3.1885719467e-04    0.0000000000e+00
  24.5100000    9.2938500331e-06    2.4991680621e-07   -1.7356140813e-06    1.2311780715e-04    1.6775966555e-02    4.6855963185e-02    1.6547026533e-01    0.0000000000e+00    9.9999999993e-01    0.0000000000e+00    4.4006502291e-06    2.4745482044e-07    2.0157283044e-02    1.5263196428e-01    3.2066463466e-04    0.0000000000e+00
  25.0100000    9.3067691336e-06    2.4908817442e-07   -1.7334565043e-06    1.2296289326e-04    1.6763596925e-02    4.6911931964e-02    1.6563874275e-01    0.0000000000e+00    9.9999999993e-01    0.0000000000e+00    4.4092410487e-06    2.4629559754e-07    2.0192727499e-02    1.5294714565e-01    3.2222806435e-04    0.0000000000e+00
  25.5100000    9.3241630095e-06    2.4915447658e-07   -1.7259177605e-06    1.2283473318e-04    1.6759050996e-02    4.6990123237e-02    1.6904433339e-01    0.0000000000e+00    9.9999999993e-01    0.0000000000e+00    4.4189984777e-06    2.4553102232e-07    2.0233386799e-02    1.5595157819e-01    3.2373938559e-04    0.0000000000e+00
  26.0100000    9.3421653598e-06    2.4976561874e-07   -1.7381987338e-06    1.2277391262e-04    1.6759826848e-02    4.7071973558e-02    1.7335177627e-01    0.0000000000e+00    9.9999999993e-01    0.0000000000e+00    4.4308942728e-06    2.4499694341e-07    2.0284087668e-02    1.5996249356e-01    3.2544247887e-04    0.0000000000e+00
  26.5100000    9.3560546588e-06    2.5033812479e-07   -1.7475978686e-06    1.2278229809e-04    1.6759941431e-02    4.7134155853e-02    1.7754756736e-01    0.0000000000e+00    9.9999999993e-01    0.0000000000e+00    4.4436428358e-06    2.4380999028e-07    2.0339119676e-02    1.6337090517e-01    3.2741143914e-04    0.0000000000e+00
  27.0100000    9.3642955017e-06    2.5189800883e-07   -1.7566185770e-06    1.2282335368e-04    1.6755111900e-02    4.7168685187e-02    1.8139721111e-01    0.0000000000e+00    9.9999999993e-01    0.0000000000e+00    4.4545438784e-06    2.4307680775e-07    2.0386009374e-02    1.6574552950e-01    3.2948721159e-04    0.0000000000e+00
  27.5100000    9.3704031678e-06    2.5312293189e-07   -1.7720905201e-06    1.2284401485e-04    1.6746484735e-02    4.7192462494e-02    1.8477533440e-01    0.0000000000e+00    9.9999999993e-01    0.0000000000e+00    4.4638782386e-06    2.4278722420e-07    2.0425709742e-02    1.6780957019e-01    3.3146868904e-04    0.0000000000e+00
  28.0100000    9.3796771634e-06    2.5349440974e-07   -1.7916220533e-06    1.2280561396e-04    1.6740309678e-02    4.7231309545e-02    1.8668968798e-01    0.0000000000e+00    9.9999999993e-01    0.0000000000e+00    4.4743013382e-06    2.4211052232e-07    2.0470016132e-02    1.6873748876e-01    3.3320491261e-04    0.0000000000e+00
  28.5100000    9.3950425856e-06    2.5278064161e-07   -1.8081164275e-06    1.2270521218e-04    1.6741826306e-02    4.7299532917e-02    1.8729616282e-01    0.0000000000e+00    9.9999999993e-01    0.0000000000e+00    4.4873941541e-06    2.4178210404e-07    2.0525988475e-02    1.6931888452e-01    3.3466861963e-04    0.0000000000e+00
  29.0100000    9.4157757891e-06    2.5307298128e-07   -1.8158375943e-06    1.2257528776e-04    1.6751184987e-02    4.7393729876e-02    1.8905329787e-01    0.0000000000e+00    9.9999999993e-01    0.0000000000e+00    4.5026748149e-06    2.4149000464e-07    2.0591523665e-02    1.7041068056e-01    3.3597151509e-04    0.0000000000e+00
  29.5100000    9.4388311089e-06    2.5238844239e-07   -1.8191230155e-06    1.2246368719e-04    1.6763528156e-02    4.7499300809e-02    1.9102886772e-01    0.0000000000e+00    9.9999999993e-01    0.0000000000e+00    4.5188860452e-06    2.4105822033e-07    2.0661177418e-02    1.7223705765e-01    3.3728757229e-04    0.0000000000e+00
  30.0100000    9.4605887758e-06    2.5237080125e-07   -1.8225964709e-06    1.2240607042e-04    1.6774772524e-02    4.7598812233e-02    1.9661038327e-01    0.0000000000e+00    9.9999999993e-01    0.0000000000e+00    4.5354161707e-06    2.4012842020e-07    2.0732476823e-02    1.7670633658e-01    3.3874318221e-04    0.0000000000e+00
  30.5100000    9.4788271090e-06    2.5388800368e-07   -1.8258007094e-06    1.2240617623e-04    1.6782427042e-02    4.7681471620e-02    2.0088248849e-01    0.0000000000e+00    9.9999999993e-01    0.0000000000e+00    4.5514693206e-06    2.3985108582e-07    2.0801940512e-02    1.7947441506e-01    3.4037094315e-04    0.0000000000e+00
  31.0100000    9.4937091187e-06    2.5287450608e-07   -1.8247451371e-06    1.2243529675e-04    1.6787863342e-02    4.7747894798e-02    2.0254813278e-01    0.0000000000e+00    9.9999999993e-01    0.0000000000e+00    4.5668012310e-06    2.4073189945e-07    2.0868362709e-02    1.8218054682e-01    3.4210670077e-04    0.0000000000e+00
  31.5100000    9.5067391085e-06    2.5177907340e-07   -1.8220939734e-06    1.2245060823e-04    1.6794523988e-02    4.7805021208e-02    2.0761043122e-01    0.0000000000e+00    9.9999999993e-01    0.0000000000e+00    4.5824667770e-06    2.3986009207e-07    2.0936293373e-02    1.8671839562e-01    3.4380236264e-04    0.0000000000e+00
  32.0100000    9.5190598503e-06    2.5280116739e-07   -1.8178963006e-06    1.2241988836e-04    1.6802476816e-02    4.7857940631e-02    2.0785446916e-01    0.0000000000e+00    9.9999999993e-01    0.0000000000e+00    4.5986712651e-06    2.3820293480e-07    2.1006384402e-02    1.8495903829e-01    3.4530689771e-04    0.0000000000e+00
  32.5100000    9.5318551975e-06    2.5043518544e-07   -1.8100189776e-06    1.2233827463e-04    1.6811208232e-02    4.7912273689e-02    2.0474027659e-01    0.0000000000e+00    9.9999999993e-01    0.0000000000e+00    4.6159468617e-06    2.3801014548e-07    2.1080921470e-02    1.8334253403e-01    3.4658026343e-04    0.0000000000e+00
  33.0100000    9.5456630580e-06    2.4830693240e-07   -1.8008091817e-06    1.2222938492e-04    1.6821275616e-02    4.7970883333e-02    2.0428885464e-01    0.0000000000e+00    9.9999999993e-01    0.0000000000e+00    4.6351934020e-06    2.3747244585e-07    2.1164079278e-02    1.8370814942e-01    3.4771444407e-04    0.0000000000e+00
  33.5100000    9.5597242609e-06    2.4742822430e-07   -1.7932752391e-06    1.2213110569e-04    1.6832275844e-02    4.8030500066e-02    2.0694204245e-01    0.0000000000e+00    9.9999999993e-01    0.0000000000e+00    4.6551794742e-06    2.3605777839e-07    2.1250469345e-02    1.8548621729e-01    3.4885245787e-04    0.0000000000e+00
  34.0100000    9.5725010643e-06    2.4563978456e-07   -1.7914369642e-06    1.2207390862e-04    1.6843564395e-02    4.8084014854e-02    2.0840785442e-01    0.0000000000e+00    9.9999999993e-01    0.0000000000e+00    4.6737398865e-06    2.3451413131e-07    2.1330477213e-02    1.8679469296e-01    3.5010316893e-04    0.0000000000e+00
  34.5100000    9.5825878201e-06    2.4436198223e-07   -1.7911829656e-06    1.2206415971e-04    1.6854239560e-02    4.8124712867e-02    2.0691781957e-01    0.0000000000e+00    9.9999999993e-01    0.0000000000e+00    4.6894075874e-06    2.3408547067e-07    2.1397561761e-02    1.8567374800e-01    3.5149789158e-04    0.0000000000e+00
  35.0100000    9.5903522099e-06    2.4275008629e-07   -1.7946538219e-06    1.2208185692e-04    1.6864407495e-02    4.8154332112e-02    2.1039233276e-01    0.0000000000e+00    9.9999999993e-01    0.0000000000e+00    4.7042943989e-06    2.3318877215e-07    2.1461313055e-02    1.8882415185e-01    3.5298081578e-04    0.0000000000e+00
  35.5100000    9.5970205290e-06    2.4148463116e-07   -1.7994626591e-06    1.2209316047e-04    1.6877115042e-02    4.8178565689e-02    2.1191982132e-01    0.0000000000e+00    9.9999999993e-01    0.0000000000e+00    4.7205735671e-06    2.3192287126e-07    2.1531439048e-02    1.8998115057e-01    3.5443653944e-04    0.0000000000e+00
  36.0100000    9.6042985555e-06    2.3858517190e-07   -1.8028995403e-06    1.2206970985e-04    1.6892675926e-02    4.8205431301e-02    2.0659267212e-01    0.0000000000e+00    9.9999999993e-01    0.0000000000e+00    4.7391504015e-06    2.3170169429e-07    2.1611826211e-02    1.8652270050e-01    3.5575444835e-04    0.0000000000e+00
  36.5100000    9.6133034626e-06    2.3805753790e-07   -1.8038772862e-06    1.2200372986e-04    1.6911615498e-02    4.8240209304e-02    2.0561617932e-01    0.0000000000e+00    9.9999999993e-01    0.0000000000e+00    4.7591124571e-06    2.3123947368e-07    2.1698168145e-02    1.8529862701e-01    3.5689800218e-04    0.0000000000e+00
  37.0100000    9.6238273549e-06    2.3680959333e-07   -1.8028756460e-06    1.2191118444e-04    1.6931203404e-02    4.8281916580e-02    2.0521248067e-01    0.0000000000e+00    9.9999999993e-01    0.0000000000e+00    4.7790327437e-06    2.3134469724e-07    2.1783984589e-02    1.8567490129e-01    3.5792599585e-04    0.0000000000e+00
  37.5100000    9.6341047913e-06    2.3487626748e-07   -1.8008089534e-06    1.2182216180e-04    1.6948116489e-02    4.8322105042e-02    2.0543417251e-01    0.0000000000e+00    9.9999999993e-01    0.0000000000e+00    4.7987979969e-06    2.3107068010e-07    2.1868934537e-02    1.8679868407e-01    3.5894149740e-04    0.0000000000e+00
  38.0100000    9.6421936193e-06    2.3467412277e-07   -1.7975483706e-06    1.2176394920e-04    1.6962643418e-02    4.8351556258e-02    2.0648989631e-01    0.0000000000e+00    9.9999999993e-01    0.0000000000e+00    4.8182935817e-06    2.3026497763e-07    2.1952721393e-02    1.8730699978e-01    3.6002277389e-04    0.0000000000e+00
  38.5100000    9.6480194482e-06    2.3225853321e-07   -1.7932627713e-06    1.2174583886e-04    1.6974941924e-02    4.8370230397e-02    2.0560018453e-01    0.0000000000e+00    9.9999999993e-01    0.0000000000e+00    4.8375438540e-06    2.3046727137e-07    2.2035606094e-02    1.8824512147e-01    3.6120261744e-04    0.0000000000e+00
  39.0100000    9.6526203666e-06    2.3082010548e-07   -1.7890559276e-06    1.2175448881e-04    1.6987814899e-02    4.8383306367e-02    2.0578373050e-01    0.0000000000e+00    9.9999999993e-01    0.0000000000e+00    4.8575526269e-06    2.3024422942e-07    2.2122152231e-02    1.8911766102e-01    3.6247104211e-04    0.0000000000e+00
  39.5100000    9.6569900686e-06    2.2958399468e-07   -1.7855559349e-06    1.2176254473e-04    1.7000288801e-02    4.8395422348e-02    2.0386839520e-01    0.0000000000e+00    9.9999999993e-01    0.0000000000e+00    4.8774922462e-06    2.2909575920e-07    2.2208440141e-02    1.8744566586e-01    3.6376336693e-04    0.0000000000e+00
  40.0100000    9.6612717356e-06    2.2786386069e-07   -1.7835171677e-06    1.2174461028e-04    1.7013330943e-02    4.8406847383e-02    2.0224697938e-01    0.0000000000e+00    9.9999999993e-01    0.0000000000e+00    4.8971395695e-06    2.2852040078e-07    2.2293249312e-02    1.8657671442e-01    3.6497438183e-04    0.0000000000e+00
  40.5100000    9.6652255943e-06    2.2714716916e-07   -1.7819658444e-06    1.2169093624e-04    1.7026021452e-02    4.8416065978e-02    2.0106957146e-01    0.0000000000e+00    9.9999999993e-01    0.0000000000e+00    4.9163148679e-06    2.2876482171e-07    2.2375614807e-02    1.8598085415e-01    3.6602406529e-04    0.0000000000e+00
  41.0100000    9.6690261545e-06    2.2563514960e-07   -1.7799069697e-06    1.2161161121e-04    1.7038010079e-02    4.8423923452e-02    1.9959001387e-01    0.0000000000e+00    9.9999999993e-01    0.0000000000e+00    4.9353906413e-06    2.2872986519e-07    2.2457216606e-02    1.8554418445e-01    3.6692973875e-04    0.0000000000e+00
  41.5100000    9.6726750896e-06    2.2489963805e-07   -1.7775708290e-06    1.2153006261e-04    1.7052496138e-02    4.8430699259e-02    1.9861795294e-01    0.0000000000e+00    9.9999999993e-01    0.0000000000e+00    4.9545353761e-06    2.2775292442e-07    2.2538944420e-02    1.8473475987e-01    3.6780676324e-04    0.0000000000e+00
  42.0100000    9.6759219071e-06    2.2420191566e-07   -1.7767167882e-06    1.2147048388e-04    1.7070415221e-02    4.8435564895e-02    1.9659315685e-01    0.0000000000e+00    9.9999999993e-01    0.0000000000e+00    4.9737941678e-06    2.2746371866e-07    2.2621198887e-02    1.8451072509e-01    3.6876518234e-04    0.0000000000e+00
  42.5100000    9.6781330832e-06    2.2227613154e-07   -1.7769326416e-06    1.2144505755e-04    1.7083921925e-02    4.8435698399e-02    1.9529245787e-01    0.0000000000e+00    9.9999999993e-01    0.0000000000e+00    4.9941816544e-06    2.2685192679e-07    2.2708750919e-02    1.8634850431e-01    3.6982301549e-04    0.0000000000e+00
  43.0100000    9.6785957659e-06    2.2254128243e-07   -1.7755838531e-06    1.2144679806e-04    1.7084936300e-02    4.8427609726e-02    1.9930118734e-01    0.0000000000e+00    9.9999999993e-01    0.0000000000e+00    5.0153979220e-06    2.2622644869e-07    2.2800267264e-02    1.9037790330e-01    3.7094088543e-04    0.0000000000e+00
  43.5100000    9.6795969479e-06    2.2377487161e-07   -1.7711315288e-06    1.2145340896e-04    1.7072830041e-02    4.8422472619e-02    2.0357185198e-01    0.0000000000e+00    9.9999999993e-01    0.0000000000e+00    5.0365393070e-06    2.2775127212e-07    2.2891526898e-02    1.9485650538e-01    3.7207211219e-04    0.0000000000e+00
  44.0100000    9.6863076984e-06    2.2546349937e-07   -1.7676522491e-06    1.2144065826e-04    1.7063673977e-02    4.8445677401e-02    2.0342000161e-01    0.0000000000e+00    9.9999999993e-01    0.0000000000e+00    5.0570925420e-06    2.3015774972e-07    2.2980005392e-02    1.9542984197e-01    3.7315530377e-04    0.0000000000e+00
  44.5100000    9.7017136308e-06    2.2696696630e-07   -1.7732259436e-06    1.2139623021e-04    1.7081015198e-02    4.8511760988e-02    2.0841579199e-01    0.0000000000e+00    9.9999999993e-01    0.0000000000e+00    5.0768400176e-06    2.3218899638e-07    2.3064554405e-02    1.9900331852e-01    3.7412930430e-04    0.0000000000e+00
  45.0100000    9.7214930529e-06    2.2920490282e-07   -1.7884143050e-06    1.2132600781e-04    1.7133053428e-02    4.8599057021e-02    2.1711856928e-01    0.0000000000e+00    9.9999999993e-01    0.0000000000e+00    5.0964624010e-06    2.3349476359e-07    2.3148225484e-02    2.0711751483e-01    3.7498095288e-04    0.0000000000e+00
  45.5100000    9.7349907623e-06    2.2967376115e-07   -1.8022680028e-06    1.2125008016e-04    1.7196731133e-02    4.8654632674e-02    2.1357441375e-01    0.0000000000e+00    9.9999999993e-01    0.0000000000e+00    5.1169762074e-06    2.3288275373e-07    2.3235731732e-02    2.0737637691e-01    3.7576623115e-04    0.0000000000e+00
  46.0100000    9.7327782601e-06    2.2854207886e-07   -1.7998907207e-06    1.2119106963e-04    1.7233303664e-02    4.8631893180e-02    2.0936618145e-01    0.0000000000e+00    9.9999999993e-01    0.0000000000e+00    5.1382749981e-06    2.3098820835e-07    2.3326769093e-02    2.0355357281e-01    3.7658501497e-04    0.0000000000e+00
  46.5100000    9.7156171587e-06    2.3000892710e-07   -1.7796107098e-06    1.2116171263e-04    1.7222604135e-02    4.8535027190e-02    2.1562570995e-01    0.0000000000e+00    9.9999999993e-01    0.0000000000e+00    5.1593796215e-06    2.3085340932e-07    2.3417056381e-02    2.0479605007e-01    3.7751128252e-04    0.0000000000e+00
  47.0100000    9.6945962957e-06    2.3192388983e-07   -1.7593680921e-06    1.2115832175e-04    1.7181954610e-02    4.8419438968e-02    2.2354960195e-01    0.0000000000e+00    9.9999999993e-01    0.0000000000e+00    5.1799383378e-06    2.3172196187e-07    2.3505051731e-02    2.0837053680e-01    3.7853443411e-04    0.0000000000e+00
  47.5100000    9.6813964054e-06    2.2987048683e-07   -1.7502634309e-06    1.2116299704e-04    1.7145031437e-02    4.8343143105e-02    2.2615149797e-01    0.0000000000e+00    9.9999999993e-01    0.0000000000e+00    5.1998418478e-06    2.3105563392e-07    2.3590173491e-02    2.1057072506e-01    3.7957726230e-04    0.0000000000e+00
  48.0100000    9.6797222204e-06    2.2571619653e-07   -1.7484995788e-06    1.2115366563e-04    1.7134436107e-02    4.8324198507e-02    2.2466575126e-01    0.0000000000e+00    9.9999999993e-01    0.0000000000e+00    5.2190601619e-06    2.2957619607e-07    2.3672108772e-02    2.1056794306e-01    3.8055527842e-04    0.0000000000e+00
  48.5100000    9.6845675068e-06    2.2346203763e-07   -1.7582792089e-06    1.2111659578e-04    1.7152578951e-02    4.8337297599e-02    2.2323010279e-01    0.0000000000e+00    9.9999999993e-01    0.0000000000e+00    5.2382826693e-06    2.2869991327e-07    2.3753815511e-02    2.0995260372e-01    3.8142351452e-04    0.0000000000e+00
  49.0100000    9.6874226330e-06    2.2286455404e-07   -1.7647601883e-06    1.2105401295e-04    1.7188728950e-02    4.8339934668e-02    2.2052342622e-01    0.0000000000e+00    9.9999999993e-01    0.0000000000e+00    5.2583054442e-06    2.2825283992e-07    2.3838839584e-02    2.0737292912e-01    3.8219917655e-04    0.0000000000e+00
  49.5100000    9.6822089394e-06    2.2183821094e-07   -1.7605912730e-06    1.2098275246e-04    1.7222348227e-02    4.8302033948e-02    2.1666986454e-01    0.0000000000e+00    9.9999999993e-01    0.0000000000e+00    5.2792766162e-06    2.2742199461e-07    2.3927931357e-02    2.0378047196e-01    3.8293899672e-04    0.0000000000e+00
  50.0100000    9.6679457141e-06    2.2033397080e-07   -1.7424858728e-06    1.2092459702e-04    1.7238999594e-02    4.8219103795e-02    2.1627836480e-01    0.0000000000e+00    9.9999999993e-01    0.0000000000e+00    5.3004750806e-06    2.2621830013e-07    2.4017998604e-02    2.0365022648e-01    3.8369784460e-04    0.0000000000e+00
  50.5100000    9.6481080336e-06    2.1865150389e-07   -1.7127818364e-06    1.2089342956e-04    1.7237533483e-02    4.8108798289e-02    2.1740171881e-01    0.0000000000e+00    9.9999999993e-01    0.0000000000e+00    5.3210191757e-06    2.2542667918e-07    2.4105216557e-02    2.0549677618e-01    3.8451806411e-04    0.0000000000e+00
  51.0100000    9.6277600138e-06    2.1686854589e-07   -1.6899317253e-06    1.2088732020e-04    1.7224620662e-02    4.7996441278e-02    2.1714155693e-01    0.0000000000e+00    9.9999999993e-01    0.0000000000e+00    5.3408934779e-06    2.2510533391e-07    2.4189579812e-02    2.0647134356e-01    3.8541692447e-04    0.0000000000e+00
  51.5100000    9.6105805682e-06    2.1536829899e-07   -1.6962391480e-06    1.2089036024e-04    1.7208773645e-02    4.7900169899e-02    2.1516194317e-01    0.0000000000e+00    9.9999999993e-01    0.0000000000e+00    5.3605583667e-06    2.2480545037e-07    2.4273097325e-02    2.0559242540e-01    3.8635817868e-04    0.0000000000e+00
  52.0100000    9.5978875084e-06    2.1419636847e-07   -1.6999242300e-06    1.2088216588e-04    1.7195488091e-02    4.7826190579e-02    2.1373298868e-01    0.0000000000e+00    9.9999999993e-01    0.0000000000e+00    5.3803194238e-06    2.2446191543e-07    2.4356983683e-02    2.0495670823e-01    3.8726633624e-04    0.0000000000e+00
  52.5100000    9.5892945454e-06    2.1391023436e-07   -1.7193059507e-06    1.2084929696e-04    1.7187605464e-02    4.7772251826e-02    2.1348959015e-01    0.0000000000e+00    9.9999999993e-01    0.0000000000e+00    5.4001374567e-06    2.2446134524e-07    2.4440898502e-02    2.0497457322e-01    3.8808450508e-04    0.0000000000e+00
  53.0100000    9.5839773392e-06    2.1369853739e-07   -1.7283413463e-06    1.2079264818e-04    1.7185411175e-02    4.7734125463e-02    2.1025717025e-01    0.0000000000e+00    9.9999999993e-01    0.0000000000e+00    5.4200129560e-06    2.2498379077e-07    2.4524780573e-02    2.0242039832e-01    3.8881096748e-04    0.0000000000e+00
  53.5100000    9.5810001038e-06    2.1305533515e-07   -1.7201883114e-06    1.2072681895e-04    1.7187290993e-02    4.7707297130e-02    2.0868638772e-01    0.0000000000e+00    9.9999999993e-01    0.0000000000e+00    5.4402609368e-06    2.2522245120e-07    2.4610126338e-02    2.0161658025e-01    3.8948608792e-04    0.0000000000e+00
  54.0100000    9.5793343770e-06    2.1309784067e-07   -1.6993085175e-06    1.2067149799e-04    1.7191490340e-02    4.7686970457e-02    2.1043311081e-01    0.0000000000e+00    9.9999999993e-01    0.0000000000e+00    5.4606331256e-06    2.2505166620e-07    2.4695976451e-02    2.0317712450e-01    3.9016401205e-04    0.0000000000e+00
  54.5100000    9.5786450259e-06    2.1297704508e-07   -1.6825384031e-06    1.2063969373e-04    1.7196492067e-02    4.7671779687e-02    2.1103648971e-01    0.0000000000e+00    9.9999999993e-01    0.0000000000e+00    5.4808172638e-06    2.2529969129e-07    2.4781077279e-02    2.0408940314e-01    3.9090189879e-04    0.0000000000e+00
  55.0100000    9.5790674639e-06    2.1273266250e-07   -1.6806361779e-06    1.2063040371e-04    1.7201580240e-02    4.7662507859e-02    2.1177315521e-01    0.0000000000e+00    9.9999999993e-01    0.0000000000e+00    5.5010762452e-06    2.2576287906e-07    2.4866678520e-02    2.0539219264e-01    3.9173354669e-04    0.0000000000e+00
  55.5100000    9.5806293967e-06    2.1286464671e-07   -1.6756758017e-06    1.2063029561e-04    1.7206180322e-02    4.7659159389e-02    2.1239515685e-01    0.0000000000e+00    9.9999999993e-01    0.0000000000e+00    5.5214743360e-06    2.2600688457e-07    2.4953004709e-02    2.0609921269e-01    3.9261637936e-04    0.0000000000e+00
  56.0100000    9.5832367178e-06    2.1305218293e-07   -1.6887470212e-06    1.2062187369e-04    1.7210612240e-02    4.7660972178e-02    2.1283727640e-01    0.0000000000e+00    9.9999999993e-01    0.0000000000e+00    5.5418571111e-06    2.2625139028e-07    2.5039206369e-02    2.0656822602e-01    3.9344811028e-04    0.0000000000e+00
  56.5100000    9.5867992474e-06    2.1337771430e-07   -1.7014783821e-06    1.2059258864e-04    1.7214715001e-02    4.7667208284e-02    2.1223629737e-01    0.0000000000e+00    9.9999999993e-01    0.0000000000e+00    5.5621193876e-06    2.2678341621e-07    2.5124657120e-02    2.0613580923e-01    3.9417673414e-04    0.0000000000e+00
  57.0100000    9.5913521860e-06    2.1342846995e-07   -1.7076791445e-06    1.2054149583e-04    1.7218823608e-02    4.7677922732e-02    2.1134403501e-01    0.0000000000e+00    9.9999999993e-01    0.0000000000e+00    5.5823683576e-06    2.2735588534e-07    2.5209778033e-02    2.0568249159e-01    3.9484536428e-04    0.0000000000e+00
  57.5100000    9.5967827676e-06    2.1369667179e-07   -1.7082974293e-06    1.2048057297e-04    1.7223091261e-02    4.7692677719e-02    2.1155987762e-01    0.0000000000e+00    9.9999999993e-01    0.0000000000e+00    5.6026607350e-06    2.2757011641e-07    2.5294889337e-02    2.0585634003e-01    3.9550455006e-04    0.0000000000e+00
  58.0100000    9.6030014892e-06    2.1402816622e-07   -1.7070039543e-06    1.2042792473e-04    1.7227548466e-02    4.7711316411e-02    2.1107348478e-01    0.0000000000e+00    9.9999999993e-01    0.0000000000e+00    5.6228455797e-06    2.2780999152e-07    2.5379463195e-02    2.0531787206e-01    3.9615723240e-04    0.0000000000e+00
  58.5100000    9.6102086308e-06    2.1396432066e-07   -1.7063217913e-06    1.2039602727e-04    1.7232150166e-02    4.7735103307e-02    2.1084135350e-01    0.0000000000e+00    9.9999999993e-01    0.0000000000e+00    5.6430545662e-06    2.2825708232e-07    2.5464240668e-02    2.0550993250e-01    3.9682032233e-04    0.0000000000e+00
  59.0100000    9.6185844638e-06    2.1411805789e-07   -1.7065928758e-06    1.2038418684e-04    1.7237475734e-02    4.7765024866e-02    2.1171367382e-01    0.0000000000e+00    9.9999999993e-01    0.0000000000e+00    5.6634480870e-06    2.2854000085e-07    2.5549997981e-02    2.0645924789e-01    3.9754984242e-04    0.0000000000e+00
  59.5100000    9.6281310530e-06    2.1432420681e-07   -1.7088310171e-06    1.2038055399e-04    1.7243102359e-02    4.7800966700e-02    2.1202819531e-01    0.0000000000e+00    9.9999999993e-01    0.0000000000e+00    5.6839625055e-06    2.2873398659e-07    2.5636384629e-02    2.0676811321e-01    3.9835369387e-04    0.0000000000e+00
  60.0100000    9.6387103479e-06    2.1436684760e-07   -1.7143898211e-06    1.2037008782e-04    1.7249159680e-02    4.7841987660e-02    2.1155337749e-01    0.0000000000e+00    9.9999999993e-01    0.0000000000e+00    5.7046264792e-06    2.2904395573e-07    2.5723393971e-02    2.0656964153e-01    3.9914858872e-04    0.0000000000e+00
  60.5100000    9.6500204049e-06    2.1441681262e-07   -1.7208001439e-06    1.2034238252e-04    1.7256682026e-02    4.7886351167e-02    2.1158382573e-01    0.0000000000e+00    9.9999999993e-01    0.0000000000e+00    5.7254809939e-06    2.2935334419e-07    2.5811081655e-02    2.0689882897e-01    3.9985140709e-04    0.0000000000e+00
  61.0100000    9.6616478455e-06    2.1435033363e-07   -1.7202617539e-06    1.2029658131e-04    1.7264913207e-02    4.7931913239e-02    2.1051952081e-01    0.0000000000e+00    9.9999999993e-01    0.0000000000e+00    5.7463138320e-06    2.2948716498e-07    2.5898438704e-02    2.0606514131e-01    4.0046576392e-04    0.0000000000e+00
  61.5100000    9.6733211671e-06    2.1428698924e-07   -1.7091944313e-06    1.2024194600e-04    1.7272871387e-02    4.7977424689e-02    2.0995284503e-01    0.0000000000e+00    9.9999999993e-01    0.0000000000e+00    5.7666755563e-06    2.2946968887e-07    2.5983491948e-02    2.0552596868e-01    4.0105178791e-04    0.0000000000e+00
  62.0100000    9.6852632512e-06    2.1411590179e-07   -1.7010377337e-06    1.2019276826e-04    1.7280704939e-02    4.8024218269e-02    2.0990503914e-01    0.0000000000e+00    9.9999999993e-01    0.0000000000e+00    5.7862940650e-06    2.2946724909e-07    2.6065142455e-02    2.0558074919e-01    4.0165871695e-04    0.0000000000e+00
  62.5100000    9.6979086530e-06    2.1387710326e-07   -1.7050803105e-06    1.2015984976e-04    1.7289070393e-02    4.8074672767e-02    2.0926500836e-01    0.0000000000e+00    9.9999999993e-01    0.0000000000e+00    5.8054536952e-06    2.2933562867e-07    2.6144798068e-02    2.0500719146e-01    4.0230747740e-04    0.0000000000e+00
  63.0100000    9.7113510306e-06    2.1379198724e-07   -1.7080056109e-06    1.2014427383e-04    1.7298914850e-02    4.8129344312e-02    2.0882487584e-01    0.0000000000e+00    9.9999999993e-01    0.0000000000e+00    5.8246347585e-06    2.2909129873e-07    2.6224674386e-02    2.0445881894e-01    4.0299669855e-04    0.0000000000e+00
  63.5100000    9.7253454201e-06    2.1380065536e-07   -1.7280351360e-06    1.2013726488e-04    1.7311236795e-02    4.8186926779e-02    2.1007038807e-01    0.0000000000e+00    9.9999999993e-01    0.0000000000e+00    5.8442034483e-06    2.2901351472e-07    2.6306369085e-02    2.0564980923e-01    4.0370661583e-04    0.0000000000e+00
  64.0100000    9.7396379890e-06    2.1394925607e-07   -1.7401913722e-06    1.2012551185e-04    1.7325999631e-02    4.8245946484e-02    2.1343111634e-01    0.0000000000e+00    9.9999999993e-01    0.0000000000e+00    5.8642803426e-06    2.2919503885e-07    2.6390304796e-02    2.0898705705e-01    4.0441394631e-04    0.0000000000e+00
  64.5100000    9.7543100458e-06    2.1396070590e-07   -1.7397508737e-06    1.2009896113e-04    1.7342515767e-02    4.8306597017e-02    2.1312884060e-01    0.0000000000e+00    9.9999999993e-01    0.0000000000e+00    5.8847661388e-06    2.2952466039e-07    2.6475919692e-02    2.0895800627e-01    4.0509575905e-04    0.0000000000e+00
  65.0100000    9.7696026174e-06    2.1395214976e-07   -1.7318347795e-06    1.2005679648e-04    1.7357933381e-02    4.8369989199e-02    2.1148701887e-01    0.0000000000e+00    9.9999999993e-01    0.0000000000e+00    5.9054073158e-06    2.2976670749e-07    2.6562029116e-02    2.0754796625e-01    4.0571647154e-04    0.0000000000e+00
  65.5100000    9.7857297596e-06    2.1382630923e-07   -1.7234808563e-06    1.2000735678e-04    1.7371571922e-02    4.8437257292e-02    2.1156992947e-01    0.0000000000e+00    9.9999999993e-01    0.0000000000e+00    5.9258314573e-06    2.2998311788e-07    2.6647002014e-02    2.0794040903e-01    4.0625675750e-04    0.0000000000e+00
  66.0100000    9.8026527583e-06    2.1326790091e-07   -1.7205538274e-06    1.1996211974e-04    1.7385008420e-02    4.8508382761e-02    2.1065828935e-01    0.0000000000e+00    9.9999999993e-01    0.0000000000e+00    5.9459772984e-06    2.2994974995e-07    2.6730660393e-02    2.0756253934e-01    4.0677126328e-04    0.0000000000e+00
  66.5100000    9.8197656631e-06    2.1284742302e-07   -1.7251865446e-06    1.1992908777e-04    1.7398111195e-02    4.8580544532e-02    2.0736204872e-01    0.0000000000e+00    9.9999999993e-01    0.0000000000e+00    5.9658489080e-06    2.2945117832e-07    2.6813118944e-02    2.0429258155e-01    4.0735657623e-04    0.0000000000e+00
  67.0100000    9.8364459908e-06    2.1271300854e-07   -1.7334489245e-06    1.1990972795e-04    1.7413105033e-02    4.8650755537e-02    2.0657055540e-01    0.0000000000e+00    9.9999999993e-01    0.0000000000e+00    5.9853895248e-06    2.2901057613e-07    2.6894171304e-02    2.0327072045e-01    4.0803618977e-04    0.0000000000e+00
  67.5100000    9.8524580341e-06    2.1289739552e-07   -1.7466624074e-06    1.1989882211e-04    1.7430283900e-02    4.8717814015e-02    2.1218822439e-01    0.0000000000e+00    9.9999999993e-01    0.0000000000e+00    6.0047861764e-06    2.2890342269e-07    2.6974636196e-02    2.0858912723e-01    4.0873722136e-04    0.0000000000e+00
  68.0100000    9.8679507443e-06    2.1314446621e-07   -1.7560310086e-06    1.1988650104e-04    1.7449025302e-02    4.8782316822e-02    2.1461817589e-01    0.0000000000e+00    9.9999999993e-01    0.0000000000e+00    6.0242799328e-06    2.2902659912e-07    2.7055518560e-02    2.1086353927e-01    4.0939320869e-04    0.0000000000e+00
  68.5100000    9.8833957250e-06    2.1327663554e-07   -1.7502248624e-06    1.1986347397e-04    1.7468211884e-02    4.8846430858e-02    2.1277203168e-01    0.0000000000e+00    9.9999999993e-01    0.0000000000e+00    6.0440289509e-06    2.2927696798e-07    2.7137438586e-02    2.0914420728e-01    4.0999567912e-04    0.0000000000e+00
  69.0100000    9.8995100879e-06    2.1327871636e-07   -1.7318515953e-06    1.1982686503e-04    1.7486514168e-02    4.8913599939e-02    2.1014519939e-01    0.0000000000e+00    9.9999999993e-01    0.0000000000e+00    6.0639789242e-06    2.2958153767e-07    2.7220100672e-02    2.0679958451e-01    4.1055214850e-04    0.0000000000e+00
  69.5100000    9.9169799305e-06    2.1295415585e-07   -1.7289915219e-06    1.1978145758e-04    1.7504586073e-02    4.8987226644e-02    2.0629798965e-01    0.0000000000e+00    9.9999999993e-01    0.0000000000e+00    6.0840113651e-06    2.2969662605e-07    2.7302985697e-02    2.0333083217e-01    4.1108047816e-04    0.0000000000e+00
  70.0100000    9.9356378503e-06    2.1272625403e-07   -1.7318923415e-06    1.1973629066e-04    1.7521917230e-02    4.9066600373e-02    2.0586658009e-01    0.0000000000e+00    9.9999999993e-01    0.0000000000e+00    6.1039405686e-06    2.2943899056e-07    2.7385327145e-02    2.0300026037e-01    4.1162265337e-04    0.0000000000e+00
  70.5100000    9.9544470197e-06    2.1270280660e-07   -1.7374142934e-06    1.1970022770e-04    1.7539098658e-02    4.9146751888e-02    2.0707359296e-01    0.0000000000e+00    9.9999999993e-01    0.0000000000e+00    6.1234920758e-06    2.2916284067e-07    2.7465974667e-02    2.0414257579e-01    4.1219333285e-04    0.0000000000e+00
  71.0100000    9.9723688164e-06    2.1276618282e-07   -1.7625895381e-06    1.1967741728e-04    1.7558201450e-02    4.9222647627e-02    2.0803573940e-01    0.0000000000e+00    9.9999999993e-01    0.0000000000e+00    6.1427850125e-06    2.2905838781e-07    2.7545509030e-02    2.0493182798e-01    4.1276608400e-04    0.0000000000e+00
  71.5100000    9.9889877441e-06    2.1304267535e-07   -1.7737486066e-06    1.1966411825e-04    1.7578660342e-02    4.9292221933e-02    2.0902975788e-01    0.0000000000e+00    9.9999999993e-01    0.0000000000e+00    6.1622033638e-06    2.2903947264e-07    2.7625638286e-02    2.0550081507e-01    4.1334649135e-04    0.0000000000e+00
  72.0100000    1.0004821260e-05    2.1334568499e-07   -1.7668729214e-06    1.1965107104e-04    1.7599028721e-02    4.9357916680e-02    2.1028926735e-01    0.0000000000e+00    9.9999999993e-01    0.0000000000e+00    6.1819618889e-06    2.2919950158e-07    2.7707262444e-02    2.0648670491e-01    4.1396591737e-04    0.0000000000e+00
  72.5100000    1.0020935562e-05    2.1332947616e-07   -1.7517226797e-06    1.1963028317e-04    1.7619268394e-02    4.9424852062e-02    2.0992218021e-01    0.0000000000e+00    9.9999999993e-01    0.0000000000e+00    6.2020370739e-06    2.2953869676e-07    2.7790202687e-02    2.0638213770e-01    4.1458938238e-04    0.0000000000e+00
  73.0100000    1.0037965019e-05    2.1304903168e-07   -1.7412582539e-06    1.1959923747e-04    1.7638623009e-02    4.9496067565e-02    2.0908266578e-01    0.0000000000e+00    9.9999999993e-01    0.0000000000e+00    6.2221618277e-06    2.2980260288e-07    2.7873217080e-02    2.0601671193e-01    4.1514277072e-04    0.0000000000e+00
  73.5100000    1.0055641187e-05    2.1281363903e-07   -1.7375607615e-06    1.1956033394e-04    1.7657018489e-02    4.9570245222e-02    2.0845119504e-01    0.0000000000e+00    9.9999999993e-01    0.0000000000e+00    6.2420115296e-06    2.2976827419e-07    2.7954855513e-02    2.0564399123e-01    4.1563319397e-04    0.0000000000e+00
  74.0100000    1.0073186954e-05    2.1263015022e-07   -1.7361790749e-06    1.1951929592e-04    1.7675278386e-02    4.9643653043e-02    2.0740381658e-01    0.0000000000e+00    9.9999999993e-01    0.0000000000e+00    6.2615043587e-06    2.2948241473e-07    2.8034803950e-02    2.0459118961e-01    4.1613789999e-04    0.0000000000e+00
  74.5100000    1.0089971708e-05    2.1265827311e-07   -1.7361091715e-06    1.1948340149e-04    1.7693420829e-02    4.9713330319e-02    2.0802760644e-01    0.0000000000e+00    9.9999999993e-01    0.0000000000e+00    6.2807680156e-06    2.2919179299e-07    2.8113712866e-02    2.0497499266e-01    4.1668584994e-04    0.0000000000e+00
  75.0100000    1.0106014214e-05    2.1279619446e-07   -1.7385274518e-06    1.1945758998e-04    1.7711199035e-02    4.9779487003e-02    2.0772661597e-01    0.0000000000e+00    9.9999999993e-01    0.0000000000e+00    6.2999410134e-06    2.2910691856e-07    2.8192267644e-02    2.0442981236e-01    4.1724342967e-04    0.0000000000e+00
  75.5100000    1.0121893120e-05    2.1297012916e-07   -1.7468012326e-06    1.1944065410e-04    1.7729091909e-02    4.9844992158e-02    2.0819894368e-01    0.0000000000e+00    9.9999999993e-01    0.0000000000e+00    6.3191334542e-06    2.2913441698e-07    2.8270974680e-02    2.0464253203e-01    4.1779580338e-04    0.0000000000e+00
  76.0100000    1.0138077014e-05    2.1319519511e-07   -1.7593946506e-06    1.1942600481e-04    1.7747087543e-02    4.9912064423e-02    2.1021298220e-01    0.0000000000e+00    9.9999999993e-01    0.0000000000e+00    6.3383706980e-06    2.2923190331e-07    2.8349900380e-02    2.0654976509e-01    4.1835242591e-04    0.0000000000e+00
  76.5100000    1.0154549586e-05    2.1313958781e-07   -1.7699924761e-06    1.1940622122e-04    1.7764435071e-02    4.9980480018e-02    2.0989023770e-01    0.0000000000e+00    9.9999999993e-01    0.0000000000e+00    6.3576201726e-06    2.2936641734e-07    2.8428818114e-02    2.0640045466e-01    4.1889610892e-04    0.0000000000e+00
  77.0100000    1.0170972992e-05    2.1319669590e-07   -1.7722252852e-06    1.1937688759e-04    1.7781333422e-02    5.0048454449e-02    2.0945284180e-01    0.0000000000e+00    9.9999999993e-01    0.0000000000e+00    6.3768620144e-06    2.2944291257e-07    2.8507567646e-02    2.0598587132e-01    4.1940910756e-04    0.0000000000e+00
  77.5100000    1.0187036662e-05    2.1311149897e-07   -1.7653328210e-06    1.1933852145e-04    1.7798539853e-02    5.0114420575e-02    2.0731772666e-01    0.0000000000e+00    9.9999999993e-01    0.0000000000e+00    6.3961100533e-06    2.2952228888e-07    2.8586185618e-02    2.0405113155e-01    4.1991445441e-04    0.0000000000e+00
  78.0100000    1.0202654057e-05    2.1297805548e-07   -1.7559057874e-06    1.1929707070e-04    1.7816027141e-02    5.0178012718e-02    2.0730740093e-01    0.0000000000e+00    9.9999999993e-01    0.0000000000e+00    6.4153852062e-06    2.2940069345e-07    2.8664797762e-02    2.0400808476e-01    4.2042551955e-04    0.0000000000e+00
  78.5100000    1.0217945023e-05    2.1329562286e-07   -1.7509980096e-06    1.1926093092e-04    1.7833781199e-02    5.0239940998e-02    2.0819280486e-01    0.0000000000e+00    9.9999999993e-01    0.0000000000e+00    6.4346046638e-06    2.2930846363e-07    2.8743103120e-02    2.0455306311e-01    4.2091762280e-04    0.0000000000e+00
  79.0100000    1.0233129898e-05    2.1319042045e-07   -1.7524274653e-06    1.1923504783e-04    1.7851764266e-02    5.0301398111e-02    2.0768052767e-01    0.0000000000e+00    9.9999999993e-01    0.0000000000e+00    6.4537440353e-06    2.2951884583e-07    2.8821056738e-02    2.0436735162e-01    4.2139868161e-04    0.0000000000e+00
  79.5100000    1.0248325538e-05    2.1292234781e-07   -1.7630910842e-06    1.1921795880e-04    1.7869572970e-02    5.0362996688e-02    2.0950631749e-01    0.0000000000e+00    9.9999999993e-01    0.0000000000e+00    6.4728946884e-06    2.2953559214e-07    2.8899089363e-02    2.0638855917e-01    4.2191852064e-04    0.0000000000e+00
  80.0100000    1.0263457370e-05    2.1308007023e-07   -1.7772951946e-06    1.1920408251e-04    1.7887060403e-02    5.0424322918e-02    2.1159141033e-01    0.0000000000e+00    9.9999999993e-01    0.0000000000e+00    6.4920651400e-06    2.2932495789e-07    2.8977211445e-02    2.0811365324e-01    4.2247601954e-04    0.0000000000e+00
  80.5100000    1.0278363929e-05    2.1352175836e-07   -1.7893996725e-06    1.1918703691e-04    1.7903704829e-02    5.0484482720e-02    2.1232832850e-01    0.0000000000e+00    9.9999999993e-01    0.0000000000e+00    6.5111668125e-06    2.2938805316e-07    2.9054968646e-02    2.0857589554e-01    4.2301332052e-04    0.0000000000e+00
  81.0100000    1.0292971214e-05    2.1355863453e-07   -1.7931149720e-06    1.1916186057e-04    1.7920299611e-02    5.0543013957e-02    2.1042285864e-01    0.0000000000e+00    9.9999999993e-01    0.0000000000e+00    6.5301710383e-06    2.2981141428e-07    2.9132175298e-02    2.0709520464e-01    4.2351005002e-04    0.0000000000e+00
  81.5100000    1.0307271393e-05    2.1318011879e-07   -1.7870196274e-06    1.1912763837e-04    1.7937474405e-02    5.0599841794e-02    2.0930070124e-01    0.0000000000e+00    9.9999999993e-01    0.0000000000e+00    6.5491906796e-06    2.2985765143e-07    2.9209312586e-02    2.0623240491e-01    4.2399376253e-04    0.0000000000e+00
  82.0100000    1.0321180150e-05    2.1379838182e-07   -1.7756076407e-06    1.1908898161e-04    1.7953871369e-02    5.0654612795e-02    2.1084954607e-01    0.0000000000e+00    9.9999999993e-01    0.0000000000e+00    6.5681851844e-06    2.2946429315e-07    2.9286233008e-02    2.0686315066e-01    4.2447155965e-04    0.0000000000e+00
  82.5100000    1.0334708721e-05    2.1438237510e-07   -1.7661371835e-06    1.1905333947e-04    1.7969681022e-02    5.0707515895e-02    2.1064178703e-01    0.0000000000e+00    9.9999999993e-01    0.0000000000e+00    6.5870076899e-06    2.2968216826e-07    2.9362359069e-02    2.0647516338e-01    4.2493050208e-04    0.0000000000e+00
  83.0100000    1.0348024372e-05    2.1406018586e-07   -1.7672829678e-06    1.1902595493e-04    1.7985800294e-02    5.0759506304e-02    2.1052579097e-01    0.0000000000e+00    9.9999999993e-01    0.0000000000e+00    6.6057865062e-06    2.3017708665e-07    2.9438341406e-02    2.0706078220e-01    4.2538684557e-04    0.0000000000e+00
  83.5100000    1.0361155985e-05    2.1421260447e-07   -1.7777721968e-06    1.1900688403e-04    1.8001731257e-02    5.0810787129e-02    2.1191465422e-01    0.0000000000e+00    9.9999999993e-01    0.0000000000e+00    6.6246665840e-06    2.3003609737e-07    2.9514861342e-02    2.0816608169e-01    4.2587530788e-04    0.0000000000e+00
  84.0100000    1.0373939214e-05    2.1463867338e-07   -1.7882827785e-06    1.1899147499e-04    1.8016743674e-02    5.0860507686e-02    2.1292350568e-01    0.0000000000e+00    9.9999999993e-01    0.0000000000e+00    6.6435618392e-06    2.2976371776e-07    2.9591508229e-02    2.0865723810e-01    4.2640047252e-04    0.0000000000e+00
  84.5100000    1.0386322127e-05    2.1465610731e-07   -1.7912796222e-06    1.1897306935e-04    1.8030684669e-02    5.0908286001e-02    2.1234541204e-01    0.0000000000e+00    9.9999999993e-01    0.0000000000e+00    6.6623881990e-06    2.2994925953e-07    2.9667832904e-02    2.0820985918e-01    4.2692955798e-04    0.0000000000e+00
  85.0100000    1.0398639238e-05    2.1451478211e-07   -1.7878855941e-06    1.1894658015e-04    1.8044550157e-02    5.0955615016e-02    2.1086644522e-01    0.0000000000e+00    9.9999999993e-01    0.0000000000e+00    6.6811375488e-06    2.3024918182e-07    2.9743715727e-02    2.0694855575e-01    4.2742445946e-04    0.0000000000e+00
  85.5100000    1.0411387770e-05    2.1474167643e-07   -1.7864967472e-06    1.1891140974e-04    1.8059573372e-02    5.1004843748e-02    2.1175883508e-01    0.0000000000e+00    9.9999999993e-01    0.0000000000e+00    6.6997984785e-06    2.3023648389e-07    2.9819058651e-02    2.0756617287e-01    4.2787026639e-04    0.0000000000e+00
  86.0100000    1.0424560436e-05    2.1520387012e-07   -1.7906430367e-06    1.1887195473e-04    1.8076625256e-02    5.1055958494e-02    2.1230666723e-01    0.0000000000e+00    9.9999999993e-01    0.0000000000e+00    6.7183442640e-06    2.3031667522e-07    2.9893756517e-02    2.0798880397e-01    4.2828336914e-04    0.0000000000e+00
  86.5100000    1.0437295144e-05    2.1520002435e-07   -1.7962851287e-06    1.1883518354e-04    1.8096070338e-02    5.1104853986e-02    2.1147355790e-01    0.0000000000e+00    9.9999999993e-01    0.0000000000e+00    6.7368816426e-06    2.3060665001e-07    2.9968346265e-02    2.0782422068e-01    4.2869884554e-04    0.0000000000e+00
  87.0100000    1.0448099994e-05    2.1535057580e-07   -1.7935888715e-06    1.1880664457e-04    1.8113502211e-02    5.1144363829e-02    2.1244947610e-01    0.0000000000e+00    9.9999999993e-01    0.0000000000e+00    6.7555339121e-06    2.3047845353e-07    3.0043443737e-02    2.0913158592e-01    4.2914528814e-04    0.0000000000e+00
  87.5100000    1.0456026116e-05    2.1563958200e-07   -1.7836063494e-06    1.1878723753e-04    1.8123384122e-02    5.1169912912e-02    2.1410863703e-01    0.0000000000e+00    9.9999999993e-01    0.0000000000e+00    6.7740928672e-06    2.3023133484e-07    3.0118152661e-02    2.1049532699e-01    4.2962748257e-04    0.0000000000e+00
  88.0100000    1.0462212470e-05    2.1597685780e-07   -1.7746076631e-06    1.1877271676e-04    1.8125230391e-02    5.1187021814e-02    2.1623075216e-01    0.0000000000e+00    9.9999999993e-01    0.0000000000e+00    6.7922823768e-06    2.3038549176e-07    3.0191218977e-02    2.1207803283e-01    4.3012913118e-04    0.0000000000e+00
  88.5100000    1.0469906681e-05    2.1614997021e-07   -1.7722485559e-06    1.1875633444e-04    1.8125977626e-02    5.1211430373e-02    2.1550982853e-01    0.0000000000e+00    9.9999999993e-01    0.0000000000e+00    6.8101985919e-06    2.3080621252e-07    3.0263005860e-02    2.1151994448e-01    4.3062601399e-04    0.0000000000e+00
  89.0100000    1.0482231803e-05    2.1589441734e-07   -1.7754648380e-06    1.1873297591e-04    1.8135699657e-02    5.1258266182e-02    2.1450623379e-01    0.0000000000e+00    9.9999999993e-01    0.0000000000e+00    6.8282560631e-06    2.3110262311e-07    3.0335295823e-02    2.1100893309e-01    4.3109687638e-04    0.0000000000e+00
  89.5100000    1.0499544137e-05    2.1658010812e-07   -1.7798329260e-06    1.1870206068e-04    1.8158728475e-02    5.1329223966e-02    2.1696309093e-01    0.0000000000e+00    9.9999999993e-01    0.0000000000e+00    6.8466773229e-06    2.3143065367e-07    3.0409060948e-02    2.1272383978e-01    4.3153179723e-04    0.0000000000e+00
  90.0100000    1.0518921856e-05    2.1742188687e-07   -1.7824570206e-06    1.1866741104e-04    1.8192227458e-02    5.1410104977e-02    2.1703737040e-01    0.0000000000e+00    9.9999999993e-01    0.0000000000e+00    6.8654268405e-06    2.3210352660e-07    3.0484179781e-02    2.1255490594e-01    4.3193945058e-04    0.0000000000e+00
  90.5100000    1.0535780504e-05    2.1724612260e-07   -1.7858552080e-06    1.1863452023e-04    1.8225192638e-02    5.1478677697e-02    2.1678457210e-01    0.0000000000e+00    9.9999999993e-01    0.0000000000e+00    6.8843920076e-06    2.3210309865e-07    3.0560221408e-02    2.1288464327e-01    4.3234555601e-04    0.0000000000e+00
  91.0100000    1.0546767550e-05    2.1711988159e-07   -1.7868354366e-06    1.1860729260e-04    1.8245237022e-02    5.1518730382e-02    2.1767879318e-01    0.0000000000e+00    9.9999999993e-01    0.0000000000e+00    6.9031098331e-06    2.3136948558e-07    3.0635198436e-02    2.1350945857e-01    4.3277673392e-04    0.0000000000e+00
  91.5100000    1.0552375610e-05    2.1726750911e-07   -1.7835860273e-06    1.1858618728e-04    1.8248783347e-02    5.1532738608e-02    2.1829591192e-01    0.0000000000e+00    9.9999999993e-01    0.0000000000e+00    6.9212515919e-06    2.3122419566e-07    3.0707686804e-02    2.1353558582e-01    4.3324011039e-04    0.0000000000e+00
  92.0100000    1.0556420800e-05    2.1748691011e-07   -1.7775062563e-06    1.1856835967e-04    1.8242684142e-02    5.1539278403e-02    2.1870244445e-01    0.0000000000e+00    9.9999999993e-01    0.0000000000e+00    6.9390601485e-06    2.3150174153e-07    3.0778749696e-02    2.1353647448e-01    4.3371756138e-04    0.0000000000e+00
  92.5100000    1.0562964077e-05    2.1732932552e-07   -1.7747936874e-06    1.1854928367e-04    1.8239663492e-02    5.1558037166e-02    2.1858576772e-01    0.0000000000e+00    9.9999999993e-01    0.0000000000e+00    6.9567851069e-06    2.3147035388e-07    3.0849442261e-02    2.1330072293e-01    4.3418069727e-04    0.0000000000e+00
  93.0100000    1.0573845024e-05    2.1701742627e-07   -1.7804884775e-06    1.1852502531e-04    1.8246556994e-02    5.1597856545e-02    2.1950164141e-01    0.0000000000e+00    9.9999999993e-01    0.0000000000e+00    6.9745598488e-06    2.3129625528e-07    3.0920294675e-02    2.1422018656e-01    4.3461260425e-04    0.0000000000e+00
  93.5100000    1.0588346089e-05    2.1685545391e-07   -1.7910008466e-06    1.1849429415e-04    1.8263599585e-02    5.1655163927e-02    2.1879721660e-01    0.0000000000e+00    9.9999999993e-01    0.0000000000e+00    6.9925598826e-06    2.3156791719e-07    3.0992044859e-02    2.1393531894e-01    4.3501753999e-04    0.0000000000e+00
  94.0100000    1.0604228061e-05    2.1619948707e-07   -1.7963387288e-06    1.1845928528e-04    1.8287178232e-02    5.1719053638e-02    2.1826965475e-01    0.0000000000e+00    9.9999999993e-01    0.0000000000e+00    7.0110242235e-06    2.3182502904e-07    3.1065750029e-02    2.1420420513e-01    4.3541338060e-04    0.0000000000e+00
  94.5100000    1.0618820391e-05    2.1637086690e-07   -1.7920470225e-06    1.1842463800e-04    1.8311343308e-02    5.1776593793e-02    2.1985527823e-01    0.0000000000e+00    9.9999999993e-01    0.0000000000e+00    7.0297460201e-06    2.3143622563e-07    3.1140529067e-02    2.1529181420e-01    4.3581696222e-04    0.0000000000e+00
  95.0100000    1.0630458089e-05    2.1686599117e-07   -1.7831689662e-06    1.1839489741e-04    1.8329808376e-02    5.1819778846e-02    2.1927953807e-01    0.0000000000e+00    9.9999999993e-01    0.0000000000e+00    7.0479321156e-06    2.3147231283e-07    3.1212922355e-02    2.1439004445e-01    4.3623506209e-04    0.0000000000e+00
  95.5100000    1.0639260648e-05    2.1640590764e-07   -1.7800536788e-06    1.1837193199e-04    1.8341798313e-02    5.1849256361e-02    2.1898163468e-01    0.0000000000e+00    9.9999999993e-01    0.0000000000e+00    7.0653737418e-06    2.3192435672e-07    3.1282041928e-02    2.1479033720e-01    4.3666512395e-04    0.0000000000e+00
  96.0100000    1.0646262440e-05    2.1659613174e-07   -1.7855708706e-06    1.1835384880e-04    1.8350317273e-02    5.1870047499e-02    2.1998933328e-01    0.0000000000e+00    9.9999999993e-01    0.0000000000e+00    7.0825167492e-06    2.3171633427e-07    3.1349852736e-02    2.1532910501e-01    4.3710074895e-04    0.0000000000e+00
  96.5100000    1.0652695465e-05    2.1693030189e-07   -1.7927295735e-06    1.1833603774e-04    1.8357662058e-02    5.1888055318e-02    2.1907405320e-01    0.0000000000e+00    9.9999999993e-01    0.0000000000e+00    7.0997507268e-06    2.3147369611e-07    3.1418024718e-02    2.1393247165e-01    4.3753507621e-04    0.0000000000e+00
  97.0100000    1.0659843010e-05    2.1635527728e-07   -1.7935056589e-06    1.1831381067e-04    1.8366494706e-02    5.1909403190e-02    2.1828699204e-01    0.0000000000e+00    9.9999999993e-01    0.0000000000e+00    7.1174663095e-06    2.3180470591e-07    3.1488216542e-02    2.1388953973e-01    4.3796044409e-04    0.0000000000e+00
  97.5100000    1.0668494868e-05    2.1614830530e-07   -1.7876617972e-06    1.1828522767e-04    1.8377428601e-02    5.1937861816e-02    2.1943955692e-01    0.0000000000e+00    9.9999999993e-01    0.0000000000e+00    7.1358208506e-06    2.3205080809e-07    3.1561084165e-02    2.1533646036e-01    4.3836905773e-04    0.0000000000e+00
  98.0100000    1.0678469574e-05    2.1624562818e-07   -1.7816390807e-06    1.1825239621e-04    1.8389100429e-02    5.1972574122e-02    2.1996308542e-01    0.0000000000e+00    9.9999999993e-01    0.0000000000e+00    7.1544269532e-06    2.3196205160e-07    3.1634931524e-02    2.1565029696e-01    4.3875881533e-04    0.0000000000e+00
  98.5100000    1.0688836137e-05    2.1603695942e-07   -1.7798472649e-06    1.1822019799e-04    1.8400535982e-02    5.2009116933e-02    2.1946814847e-01    0.0000000000e+00    9.9999999993e-01    0.0000000000e+00    7.1728099035e-06    2.3193818747e-07    3.1707721799e-02    2.1533378084e-01    4.3913970730e-04    0.0000000000e+00
  99.0100000    1.0698631516e-05    2.1599129728e-07   -1.7834833184e-06    1.1819308638e-04    1.8410281558e-02    5.2042923843e-02    2.1943786422e-01    0.0000000000e+00    9.9999999993e-01    0.0000000000e+00    7.1908028254e-06    2.3215484761e-07    3.1778784433e-02    2.1552718054e-01    4.3953029609e-04    0.0000000000e+00
  99.5100000    1.0707487770e-05    2.1605009032e-07   -1.7892374867e-06    1.1817217336e-04    1.8418922229e-02    5.2072268041e-02    2.1980759002e-01    0.0000000000e+00    9.9999999993e-01    0.0000000000e+00    7.2085383249e-06    2.3230092641e-07    3.1848740266e-02    2.1591849164e-01    4.3994249132e-04    0.0000000000e+00
 100.0100000    1.0715583219e-05    2.1622108394e-07   -1.7933072799e-06    1.1815471435e-04    1.8428404043e-02    5.2097999860e-02    2.1857036273e-01    0.0000000000e+00    9.9999999993e-01    0.0000000000e+00    7.2261441623e-06    2.3228520129e-07    3.1918143302e-02    2.1453126677e-01    4.4036905539e-04    0.0000000000e+00
 100.5100000    1.0723458849e-05    2.1607250250e-07   -1.7928627771e-06    1.1813617568e-04    1.8438971193e-02    5.2122674897e-02    2.1747977359e-01    0.0000000000e+00    9.9999999993e-01    0.0000000000e+00    7.2436847479e-06    2.3236430293e-07    3.1987235590e-02    2.1364275374e-01    4.4078950238e-04    0.0000000000e+00
 101.0100000    1.0731676635e-05    2.1619516009e-07   -1.7885752608e-06    1.1811311536e-04    1.8449985158e-02    5.2148943226e-02    2.1993618715e-01    0.0000000000e+00    9.9999999993e-01    0.0000000000e+00    7.2612759475e-06    2.3243005110e-07    3.2056482763e-02    2.1598120853e-01    4.4118967561e-04    0.0000000000e+00
 101.5100000    1.0740452273e-05    2.1642367897e-07   -1.7834690702e-06    1.1808488577e-04    1.8460439778e-02    5.2177815867e-02    2.2100540224e-01    0.0000000000e+00    9.9999999993e-01    0.0000000000e+00    7.2789013243e-06    2.3259766708e-07    3.2125791884e-02    2.1699903194e-01    4.4157299279e-04    0.0000000000e+00
 102.0100000    1.0749681013e-05    2.1595203953e-07   -1.7813686432e-06    1.1805349630e-04    1.8470163671e-02    5.2208809171e-02    2.2051480395e-01    0.0000000000e+00    9.9999999993e-01    0.0000000000e+00    7.2966024615e-06    2.3269073071e-07    3.2195361871e-02    2.1696834128e-01    4.4195182900e-04    0.0000000000e+00
 102.5100000    1.0759005316e-05    2.1624180023e-07   -1.7844491834e-06    1.1802225989e-04    1.8478497407e-02    5.2240251878e-02    2.2092603097e-01    0.0000000000e+00    9.9999999993e-01    0.0000000000e+00    7.3143186325e-06    2.3254635278e-07    3.2264962944e-02    2.1697747238e-01    4.4233284645e-04    0.0000000000e+00
 103.0100000    1.0768276676e-05    2.1627233331e-07   -1.7914202967e-06    1.1799412674e-04    1.8485819173e-02    5.2271478778e-02    2.1939878780e-01    0.0000000000e+00    9.9999999993e-01    0.0000000000e+00    7.3318976621e-06    2.3275843215e-07    3.2333958178e-02    2.1566241349e-01    4.4271531036e-04    0.0000000000e+00
 103.5100000    1.0777602525e-05    2.1597937703e-07   -1.7983634192e-06    1.1797033499e-04    1.8493993524e-02    5.2303025097e-02    2.1809046709e-01    0.0000000000e+00    9.9999999993e-01    0.0000000000e+00    7.3494941314e-06    2.3298162251e-07    3.2403038427e-02    2.1474317664e-01    4.4310027609e-04    0.0000000000e+00
 104.0100000    1.0787013659e-05    2.1622677303e-07   -1.8017887244e-06    1.1794987245e-04    1.8502566355e-02    5.2335016763e-02    2.1769288425e-01    0.0000000000e+00    9.9999999993e-01    0.0000000000e+00    7.3671337338e-06    2.3290002958e-07    3.2472302765e-02    2.1403258493e-01    4.4349302328e-04    0.0000000000e+00
 104.5100000    1.0796486887e-05    2.1612715603e-07   -1.8015800713e-06    1.1793009409e-04    1.8511764660e-02    5.2367301724e-02    2.1840401120e-01    0.0000000000e+00    9.9999999993e-01    0.0000000000e+00    7.3847259392e-06    2.3291365254e-07    3.2541328087e-02    2.1483588071e-01    4.4389367200e-04    0.0000000000e+00
 105.0100000    1.0805994721e-05    2.1623125534e-07   -1.7986078205e-06    1.1790824597e-04    1.8521122282e-02    5.2399713035e-02    2.1975333315e-01    0.0000000000e+00    9.9999999993e-01    0.0000000000e+00    7.4022357037e-06    2.3313450382e-07    3.2609939325e-02    2.1628001145e-01    4.4429125680e-04    0.0000000000e+00
 105.5100000    1.0815556050e-05    2.1621296471e-07   -1.7942149881e-06    1.1788294489e-04    1.8529994917e-02    5.2432325113e-02    2.1987320143e-01    0.0000000000e+00    9.9999999993e-01    0.0000000000e+00    7.4197168452e-06    2.3335082134e-07    3.2678363031e-02    2.1657021297e-01    4.4467312056e-04    0.0000000000e+00
 106.0100000    1.0825088579e-05    2.1629647814e-07   -1.7904114592e-06    1.1785467814e-04    1.8539075659e-02    5.2464741366e-02    2.1986337756e-01    0.0000000000e+00    9.9999999993e-01    0.0000000000e+00    7.4371640935e-06    2.3327827125e-07    3.2746576878e-02    2.1645654218e-01    4.4503903622e-04    0.0000000000e+00
 106.5100000    1.0834646550e-05    2.1638258369e-07   -1.7888229877e-06    1.1782521352e-04    1.8547941025e-02    5.2497239336e-02    2.1907505535e-01    0.0000000000e+00    9.9999999993e-01    0.0000000000e+00    7.4544558771e-06    2.3336554082e-07    3.2814055937e-02    2.1572997565e-01    4.4540127089e-04    0.0000000000e+00
 107.0100000    1.0844535745e-05    2.1617330199e-07   -1.7906989263e-06    1.1779657962e-04    1.8556096768e-02    5.2531319585e-02    2.1828482085e-01    0.0000000000e+00    9.9999999993e-01    0.0000000000e+00    7.4717387264e-06    2.3357576390e-07    3.2881459605e-02    2.1523474337e-01    4.4577026923e-04    0.0000000000e+00
 107.5100000    1.0854919130e-05    2.1633263566e-07   -1.7946484040e-06    1.1777027402e-04    1.8564843233e-02    5.2567793277e-02    2.1776777996e-01    0.0000000000e+00    9.9999999993e-01    0.0000000000e+00    7.4891053597e-06    2.3347926826e-07    3.2949211379e-02    2.1444931085e-01    4.4614469542e-04    0.0000000000e+00
 108.0100000    1.0865741582e-05    2.1633658494e-07   -1.7984639370e-06    1.1774683894e-04    1.8574360518e-02    5.2606411658e-02    2.1712462396e-01    0.0000000000e+00    9.9999999993e-01    0.0000000000e+00    7.5064768227e-06    2.3352295300e-07    3.3016976274e-02    2.1382082436e-01    4.4651770184e-04    0.0000000000e+00
 108.5100000    1.0876862989e-05    2.1622347167e-07   -1.8007804004e-06    1.1772564680e-04    1.8583915375e-02    5.2646498413e-02    2.1826848750e-01    0.0000000000e+00    9.9999999993e-01    0.0000000000e+00    7.5238930731e-06    2.3378090774e-07    3.3084930967e-02    2.1522154770e-01    4.4688870621e-04    0.0000000000e+00
 109.0100000    1.0888086969e-05    2.1630261880e-07   -1.8017455462e-06    1.1770493054e-04    1.8594681185e-02    5.2687078395e-02    2.2020540957e-01    0.0000000000e+00    9.9999999993e-01    0.0000000000e+00    7.5413379606e-06    2.3387387052e-07    3.3152987902e-02    2.1717641146e-01    4.4726333423e-04    0.0000000000e+00
 109.5100000    1.0899243618e-05    2.1621634725e-07   -1.8017009389e-06    1.1768235909e-04    1.8606415990e-02    5.2727280184e-02    2.2007220814e-01    0.0000000000e+00    9.9999999993e-01    0.0000000000e+00    7.5587088059e-06    2.3393962745e-07    3.3220663842e-02    2.1724420971e-01    4.4764208961e-04    0.0000000000e+00
 110.0100000    1.0910333081e-05    2.1618947401e-07   -1.8000687799e-06    1.1765626024e-04    1.8617413320e-02    5.2767054470e-02    2.1885274126e-01    0.0000000000e+00    9.9999999993e-01    0.0000000000e+00    7.5760059004e-06    2.3407331224e-07    3.3287928503e-02    2.1618984472e-01    4.4801494388e-04    0.0000000000e+00
 110.5100000    1.0921531809e-05    2.1628062716e-07   -1.7970607715e-06    1.1762691607e-04    1.8628158946e-02    5.2807237413e-02    2.1805961367e-01    0.0000000000e+00    9.9999999993e-01    0.0000000000e+00    7.5932401514e-06    2.3415792826e-07    3.3354820403e-02    2.1539389051e-01    4.4837111072e-04    0.0000000000e+00
 111.0100000    1.0933040426e-05    2.1617711235e-07   -1.7959531980e-06    1.1759686411e-04    1.8638743880e-02    5.2848836970e-02    2.1747281193e-01    0.0000000000e+00    9.9999999993e-01    0.0000000000e+00    7.6104529430e-06    2.3414874998e-07    3.3421547249e-02    2.1483272422e-01    4.4871242324e-04    0.0000000000e+00
 111.5100000    1.0944889005e-05    2.1639032149e-07   -1.8007908020e-06    1.1756956427e-04    1.8648821603e-02    5.2892076061e-02    2.1712590103e-01    0.0000000000e+00    9.9999999993e-01    0.0000000000e+00    7.6276525433e-06    2.3411285816e-07    3.3488195501e-02    2.1420066180e-01    4.4905370332e-04    0.0000000000e+00
 112.0100000    1.0957008356e-05    2.1644730165e-07   -1.8101967401e-06    1.1754705635e-04    1.8658851913e-02    5.2936686081e-02    2.1718657600e-01    0.0000000000e+00    9.9999999993e-01    0.0000000000e+00    7.6448188654e-06    2.3430927558e-07    3.3554719154e-02    2.1433253556e-01    4.4940962445e-04    0.0000000000e+00
 112.5100000    1.0969206847e-05    2.1628509344e-07   -1.8160814314e-06    1.1752829072e-04    1.8669906662e-02    5.2981747736e-02    2.1854609704e-01    0.0000000000e+00    9.9999999993e-01    0.0000000000e+00    7.6620507398e-06    2.3447204000e-07    3.3621554737e-02    2.1593296221e-01    4.4978234186e-04    0.0000000000e+00
 113.0100000    1.0981163517e-05    2.1655907426e-07   -1.8113086595e-06    1.1750958818e-04    1.8681614126e-02    5.3025653729e-02    2.1962866654e-01    0.0000000000e+00    9.9999999993e-01    0.0000000000e+00    7.6792954045e-06    2.3449948305e-07    3.3688431899e-02    2.1686202217e-01    4.5016078880e-04    0.0000000000e+00
 113.5100000    1.0992837874e-05    2.1647111193e-07   -1.7981655492e-06    1.1748713010e-04    1.8692565588e-02    5.3068127804e-02    2.1831450362e-01    0.0000000000e+00    9.9999999993e-01    0.0000000000e+00    7.6964639799e-06    2.3475102642e-07    3.3754908918e-02    2.1591991313e-01    4.5052953142e-04    0.0000000000e+00
 114.0100000    1.1004505269e-05    2.1638469560e-07   -1.7921308556e-06    1.1745966543e-04    1.8703380973e-02    5.3110452947e-02    2.1720176546e-01    0.0000000000e+00    9.9999999993e-01    0.0000000000e+00    7.7136158057e-06    2.3485059776e-07    3.3821218246e-02    2.1498056553e-01    4.5087891200e-04    0.0000000000e+00
 114.5100000    1.1016472093e-05    2.1654348900e-07   -1.7943932806e-06    1.1742928775e-04    1.8714688994e-02    5.3154126199e-02    2.1736031833e-01    0.0000000000e+00    9.9999999993e-01    0.0000000000e+00    7.7307131062e-06    2.3473754624e-07    3.3887208955e-02    2.1488878677e-01    4.5121102784e-04    0.0000000000e+00
 115.0100000    1.1028909849e-05    2.1657639014e-07   -1.8090226219e-06    1.1739971419e-04    1.8725122104e-02    5.3200039067e-02    2.1814459910e-01    0.0000000000e+00    9.9999999993e-01    0.0000000000e+00    7.7477634742e-06    2.3475091074e-07    3.3952957640e-02    2.1559236569e-01    4.5153911237e-04    0.0000000000e+00
 115.5100000    1.1041765232e-05    2.1673435598e-07   -1.8208589383e-06    1.1737364871e-04    1.8735166335e-02    5.3247999350e-02    2.1816285312e-01    0.0000000000e+00    9.9999999993e-01    0.0000000000e+00    7.7647999838e-06    2.3489366398e-07    3.4018651427e-02    2.1554311275e-01    4.5187883620e-04    0.0000000000e+00
 116.0100000    1.1054845399e-05    2.1665052748e-07   -1.8219528684e-06    1.1735137251e-04    1.8746695976e-02    5.3297104860e-02    2.1807842047e-01    0.0000000000e+00    9.9999999993e-01    0.0000000000e+00    7.7818678959e-06    2.3505304214e-07    3.4084505499e-02    2.1563072234e-01    4.5223532199e-04    0.0000000000e+00
 116.5100000    1.1067854411e-05    2.1681113568e-07   -1.8151621085e-06    1.1733118231e-04    1.8759316182e-02    5.3345909189e-02    2.1959890900e-01    0.0000000000e+00    9.9999999993e-01    0.0000000000e+00    7.7989595850e-06    2.3510346892e-07    3.4150471707e-02    2.1707015447e-01    4.5259785375e-04    0.0000000000e+00
 117.0100000    1.1080656308e-05    2.1690927469e-07   -1.8079428805e-06    1.1731063573e-04    1.8771460226e-02    5.3393702739e-02    2.1906350261e-01    0.0000000000e+00    9.9999999993e-01    0.0000000000e+00    7.8159766748e-06    2.3528864071e-07    3.4216083620e-02    2.1666334189e-01    4.5295080783e-04    0.0000000000e+00
 117.5100000    1.1093359707e-05    2.1667554290e-07   -1.8048134652e-06    1.1728759908e-04    1.8783659266e-02    5.3440948965e-02    2.1745474361e-01    0.0000000000e+00    9.9999999993e-01    0.0000000000e+00    7.8329905950e-06    2.3541443987e-07    3.4281615811e-02    2.1535540011e-01    4.5329034081e-04    0.0000000000e+00
 118.0100000    1.1106018021e-05    2.1688043668e-07   -1.8066767801e-06    1.1726108585e-04    1.8796732509e-02    5.3487872765e-02    2.1823513184e-01    0.0000000000e+00    9.9999999993e-01    0.0000000000e+00    7.8500052725e-06    2.3530365396e-07    3.4347064792e-02    2.1586112985e-01    4.5362580356e-04    0.0000000000e+00
 118.5100000    1.1118696295e-05    2.1697811271e-07   -1.8138338534e-06    1.1723194904e-04    1.8808279023e-02    5.3534794773e-02    2.1828436589e-01    0.0000000000e+00    9.9999999993e-01    0.0000000000e+00    7.8669365318e-06    2.3535915737e-07    3.4412067909e-02    2.1587717299e-01    4.5396374965e-04    0.0000000000e+00
 119.0100000    1.1131511190e-05    2.1696525275e-07   -1.8236417513e-06    1.1720274098e-04    1.8819011759e-02    5.3582313891e-02    2.1745891269e-01    0.0000000000e+00    9.9999999993e-01    0.0000000000e+00    7.8838425096e-06    2.3551139706e-07    3.4476904425e-02    2.1515196847e-01    4.5429823695e-04    0.0000000000e+00
 119.5100000    1.1144455298e-05    2.1703592820e-07   -1.8303623763e-06    1.1717625086e-04    1.8830542418e-02    5.3630442425e-02    2.1732659925e-01    0.0000000000e+00    9.9999999993e-01    0.0000000000e+00    7.9007681681e-06    2.3556872546e-07    3.4541801928e-02    2.1497536673e-01    4.5462296510e-04    0.0000000000e+00
 120.0100000    1.1157357858e-05    2.1700651232e-07   -1.8271099965e-06    1.1715363439e-04    1.8841989544e-02    5.3678393314e-02    2.1780389865e-01    0.0000000000e+00    9.9999999993e-01    0.0000000000e+00    7.9176922942e-06    2.3555795445e-07    3.4606688839e-02    2.1547606775e-01    4.5494636488e-04    0.0000000000e+00
 120.5100000    1.1170025360e-05    2.1705153431e-07   -1.8146670453e-06    1.1713372248e-04    1.8852631491e-02    5.3725236112e-02    2.1842510481e-01    0.0000000000e+00    9.9999999993e-01    0.0000000000e+00    7.9345453276e-06    2.3560975659e-07    3.4671260031e-02    2.1612314920e-01    4.5528364484e-04    0.0000000000e+00
 121.0100000    1.1182427413e-05    2.1700221067e-07   -1.8058435133e-06    1.1711395428e-04    1.8862910077e-02    5.3770785858e-02    2.1779310358e-01    0.0000000000e+00    9.9999999993e-01    0.0000000000e+00    7.9513307697e-06    2.3574103120e-07    3.4735505144e-02    2.1563131078e-01    4.5563513970e-04    0.0000000000e+00
 121.5100000    1.1194650782e-05    2.1693135796e-07   -1.8084109008e-06    1.1709194065e-04    1.8873843310e-02    5.3815404895e-02    2.1758810370e-01    0.0000000000e+00    9.9999999993e-01    0.0000000000e+00    7.9681660546e-06    2.3574485715e-07    3.4799901347e-02    2.1547502833e-01    4.5598354258e-04    0.0000000000e+00
 122.0100000    1.1206829112e-05    2.1696858189e-07   -1.8220454853e-06    1.1706662747e-04    1.8885363082e-02    5.3859704644e-02    2.1818791335e-01    0.0000000000e+00    9.9999999993e-01    0.0000000000e+00    7.9850929092e-06    2.3572105013e-07    3.4864611088e-02    2.1603272687e-01    4.5631480763e-04    0.0000000000e+00
 122.5100000    1.1219135072e-05    2.1693502287e-07   -1.8438113712e-06    1.1703879316e-04    1.8896109652e-02    5.3904533114e-02    2.1720678469e-01    0.0000000000e+00    9.9999999993e-01    0.0000000000e+00    8.0020397528e-06    2.3582066746e-07    3.4929335215e-02    2.1515775269e-01    4.5663222082e-04    0.0000000000e+00
 123.0100000    1.1231609924e-05    2.1688340791e-07   -1.8540527662e-06    1.1701075509e-04    1.8907264036e-02    5.3950145944e-02    2.1676557575e-01    0.0000000000e+00    9.9999999993e-01    0.0000000000e+00    8.0188936844e-06    2.3588667720e-07    3.4993619489e-02    2.1479012632e-01    4.5694674323e-04    0.0000000000e+00
 123.5100000    1.1244080289e-05    2.1698055498e-07   -1.8479047910e-06    1.1698503853e-04    1.8918993741e-02    5.3995768264e-02    2.1725559366e-01    0.0000000000e+00    9.9999999993e-01    0.0000000000e+00    8.0355298719e-06    2.3592480713e-07    3.5056956695e-02    2.1524870094e-01    4.5726407728e-04    0.0000000000e+00
 124.0100000    1.1256381941e-05    2.1700491772e-07   -1.8346073516e-06    1.1696256650e-04    1.8930162345e-02    5.4040632936e-02    2.1732265178e-01    0.0000000000e+00    9.9999999993e-01    0.0000000000e+00    8.0519644934e-06    2.3600022315e-07    3.5119430537e-02    2.1537410856e-01    4.5758716729e-04    0.0000000000e+00
 124.5100000    1.1268504022e-05    2.1707190867e-07   -1.8241843347e-06    1.1694193681e-04    1.8941263715e-02    5.4084668360e-02    2.1783697842e-01    0.0000000000e+00    9.9999999993e-01    0.0000000000e+00    8.0683718891e-06    2.3604041412e-07    3.5181787920e-02    2.1584174219e-01    4.5792051112e-04    0.0000000000e+00
 125.0100000    1.1280601638e-05    2.1716315066e-07   -1.8213442594e-06    1.1692065312e-04    1.8952489319e-02    5.4128581441e-02    2.1715242706e-01    0.0000000000e+00    9.9999999993e-01    0.0000000000e+00    8.0848974328e-06    2.3612517628e-07    3.5244638605e-02    2.1515890241e-01    4.5826147886e-04    0.0000000000e+00
 125.5100000    1.1292877376e-05    2.1715979417e-07   -1.8270864139e-06    1.1689711192e-04    1.8964407314e-02    5.4173313831e-02    2.1675492246e-01    0.0000000000e+00    9.9999999993e-01    0.0000000000e+00    8.1015868998e-06    2.3620849235e-07    3.5308163570e-02    2.1483215392e-01    4.5859487855e-04    0.0000000000e+00
 126.0100000    1.1305386648e-05    2.1724838248e-07   -1.8347282547e-06    1.1687139490e-04    1.8976559525e-02    5.4219117912e-02    2.1658427511e-01    0.0000000000e+00    9.9999999993e-01    0.0000000000e+00    8.1183476956e-06    2.3626522683e-07    3.5371951533e-02    2.1460012920e-01    4.5890841291e-04    0.0000000000e+00
 126.5100000    1.1318037559e-05    2.1716331446e-07   -1.8411172275e-06    1.1684451675e-04    1.8988193925e-02    5.4265549824e-02    2.1542639957e-01    0.0000000000e+00    9.9999999993e-01    0.0000000000e+00    8.1351000163e-06    2.3636438230e-07    3.5435652643e-02    2.1356797369e-01    4.5920997614e-04    0.0000000000e+00
 127.0100000    1.1330580311e-05    2.1722209877e-07   -1.8446763273e-06    1.1681747375e-04    1.8999364322e-02    5.4311414330e-02    2.1592505354e-01    0.0000000000e+00    9.9999999993e-01    0.0000000000e+00    8.1518048269e-06    2.3638370192e-07    3.5499096559e-02    2.1403396463e-01    4.5951840221e-04    0.0000000000e+00
 127.5100000    1.1342757019e-05    2.1732066795e-07   -1.8443687647e-06    1.1679109297e-04    1.9010070287e-02    5.4355483259e-02    2.1631792609e-01    0.0000000000e+00    9.9999999993e-01    0.0000000000e+00    8.1683526219e-06    2.3645370129e-07    3.5561809608e-02    2.1443778440e-01    4.5983906765e-04    0.0000000000e+00
 128.0100000    1.1354474727e-05    2.1729467007e-07   -1.8402767527e-06    1.1676623806e-04    1.9020537169e-02    5.4397329304e-02    2.1677413527e-01    0.0000000000e+00    9.9999999993e-01    0.0000000000e+00    8.1847429637e-06    2.3658999002e-07    3.5623800452e-02    2.1506803320e-01    4.6016001982e-04    0.0000000000e+00
 128.5100000    1.1365780821e-05    2.1755254229e-07   -1.8349874537e-06    1.1674353825e-04    1.9031090485e-02    5.4437202696e-02    2.1725839260e-01    0.0000000000e+00    9.9999999993e-01    0.0000000000e+00    8.2010556558e-06    2.3663421378e-07    3.5685431014e-02    2.1542627012e-01    4.6047256219e-04    0.0000000000e+00
 129.0100000    1.1376939693e-05    2.1750476399e-07   -1.8327500769e-06    1.1672270460e-04    1.9041452548e-02    5.4476378713e-02    2.1698884224e-01    0.0000000000e+00    9.9999999993e-01    0.0000000000e+00    8.2174360302e-06    2.3667697185e-07    3.5747340559e-02    2.1523147020e-01    4.6078390485e-04    0.0000000000e+00
 129.5100000    1.1388394728e-05    2.1744187233e-07   -1.8361548616e-06    1.1670223913e-04    1.9051311521e-02    5.4516957158e-02    2.1725857105e-01    0.0000000000e+00    9.9999999993e-01    0.0000000000e+00    8.2340480339e-06    2.3672063525e-07    3.5810229857e-02    2.1549679672e-01    4.6110404232e-04    0.0000000000e+00
 130.0100000    1.1400621240e-05    2.1755586471e-07   -1.8436800039e-06    1.1668008454e-04    1.9062116459e-02    5.4561162427e-02    2.1624858787e-01    0.0000000000e+00    9.9999999993e-01    0.0000000000e+00    8.2508557522e-06    2.3680895546e-07    3.5873914215e-02    2.1438671843e-01    4.6142805787e-04    0.0000000000e+00
 130.5100000    1.1413720256e-05    2.1749596267e-07   -1.8508957231e-06    1.1665493617e-04    1.9074703077e-02    5.4609434412e-02    2.1635338168e-01    0.0000000000e+00    9.9999999993e-01    0.0000000000e+00    8.2676697004e-06    2.3695416455e-07    3.5937544560e-02    2.1464642292e-01    4.6174033815e-04    0.0000000000e+00
 131.0100000    1.1427020089e-05    2.1763927398e-07   -1.8539302042e-06    1.1662731410e-04    1.9088132682e-02    5.4658566251e-02    2.1739659144e-01    0.0000000000e+00    9.9999999993e-01    0.0000000000e+00    8.2842434932e-06    2.3709984675e-07    3.6000051299e-02    2.1574102749e-01    4.6203537835e-04    0.0000000000e+00
 131.5100000    1.1439348225e-05    2.1783520140e-07   -1.8521801749e-06    1.1659951322e-04    1.9101179003e-02    5.4703017530e-02    2.1685880450e-01    0.0000000000e+00    9.9999999993e-01    0.0000000000e+00    8.3005036952e-06    2.3722568641e-07    3.6061149917e-02    2.1530142870e-01    4.6232691645e-04    0.0000000000e+00
 132.0100000    1.1449734942e-05    2.1793383586e-07   -1.8484479272e-06    1.1657424049e-04    1.9111820520e-02    5.4738244304e-02    2.1684553398e-01    0.0000000000e+00    9.9999999993e-01    0.0000000000e+00    8.3166337825e-06    2.3722742717e-07    3.6121686515e-02    2.1536203439e-01    4.6263225052e-04    0.0000000000e+00
 132.5100000    1.1458214602e-05    2.1799327034e-07   -1.8462523644e-06    1.1655271335e-04    1.9118599095e-02    5.4764465271e-02    2.1705542375e-01    0.0000000000e+00    9.9999999993e-01    0.0000000000e+00    8.3328275929e-06    2.3717278810e-07    3.6182533705e-02    2.1542856143e-01    4.6295150678e-04    0.0000000000e+00
 133.0100000    1.1466147168e-05    2.1805054216e-07   -1.8466524155e-06    1.1653357081e-04    1.9123244119e-02    5.4788150061e-02    2.1675912433e-01    0.0000000000e+00    9.9999999993e-01    0.0000000000e+00    8.3491731238e-06    2.3720852292e-07    3.6244062198e-02    2.1492876759e-01    4.6326918311e-04    0.0000000000e+00
 133.5100000    1.1475465362e-05    2.1805529548e-07   -1.8481581877e-06    1.1651360371e-04    1.9129135735e-02    5.4818434171e-02    2.1600753729e-01    0.0000000000e+00    9.9999999993e-01    0.0000000000e+00    8.3656380263e-06    2.3732890212e-07    3.6306084085e-02    2.1416792262e-01    4.6357525698e-04    0.0000000000e+00
 134.0100000    1.1487337755e-05    2.1792812314e-07   -1.8488952277e-06    1.1649002533e-04    1.9138954585e-02    5.4860802159e-02    2.1607266530e-01    0.0000000000e+00    9.9999999993e-01    0.0000000000e+00    8.3821048981e-06    2.3745956343e-07    3.6368040975e-02    2.1439158853e-01    4.6387578451e-04    0.0000000000e+00
 134.5100000    1.1501378706e-05    2.1798546713e-07   -1.8489828558e-06    1.1646260574e-04    1.9152900525e-02    5.4913388019e-02    2.1735004538e-01    0.0000000000e+00    9.9999999993e-01    0.0000000000e+00    8.3984868930e-06    2.3760554091e-07    3.6429542866e-02    2.1568916768e-01    4.6417918470e-04    0.0000000000e+00
 135.0100000    1.1515925573e-05    2.1819975694e-07   -1.8498802811e-06    1.1643384965e-04    1.9169281137e-02    5.4968318960e-02    2.1792431718e-01    0.0000000000e+00    9.9999999993e-01    0.0000000000e+00    8.4148105433e-06    2.3781585398e-07    3.6490736599e-02    2.1631108951e-01    4.6448144140e-04    0.0000000000e+00
 135.5100000    1.1529075144e-05    2.1820588006e-07   -1.8516926173e-06    1.1640701109e-04    1.9184610898e-02    5.5016615345e-02    2.1770780240e-01    0.0000000000e+00    9.9999999993e-01    0.0000000000e+00    8.4311552605e-06    2.3794078855e-07    3.6552017340e-02    2.1629307575e-01    4.6477389723e-04    0.0000000000e+00
 136.0100000    1.1539793542e-05    2.1820226689e-07   -1.8527818192e-06    1.1638368066e-04    1.9195221754e-02    5.5053411633e-02    2.1773257881e-01    0.0000000000e+00    9.9999999993e-01    0.0000000000e+00    8.4475218338e-06    2.3783927014e-07    3.6613419500e-02    2.1624378591e-01    4.6506033144e-04    0.0000000000e+00
 136.5100000    1.1548439547e-05    2.1835540109e-07   -1.8521224686e-06    1.1636291846e-04    1.9201101807e-02    5.5080407595e-02    2.1754066978e-01    0.0000000000e+00    9.9999999993e-01    0.0000000000e+00    8.4638140218e-06    2.3778035021e-07    3.6674516449e-02    2.1582814199e-01    4.6535507147e-04    0.0000000000e+00
 137.0100000    1.1556415282e-05    2.1834402212e-07   -1.8513422079e-06    1.1634230359e-04    1.9204704760e-02    5.5104216396e-02    2.1686662345e-01    0.0000000000e+00    9.9999999993e-01    0.0000000000e+00    8.4800009439e-06    2.3790146122e-07    3.6735134967e-02    2.1521675598e-01    4.6566403782e-04    0.0000000000e+00
 137.5100000    1.1565165185e-05    2.1836231689e-07   -1.8528100212e-06    1.1631971381e-04    1.9209419921e-02    5.5131646769e-02    2.1671364402e-01    0.0000000000e+00    9.9999999993e-01    0.0000000000e+00    8.4961297895e-06    2.3794842253e-07    3.6795440424e-02    2.1502235083e-01    4.6597647834e-04    0.0000000000e+00
 138.0100000    1.1575439431e-05    2.1845900575e-07   -1.8561587468e-06    1.1629453374e-04    1.9217134301e-02    5.5166240310e-02    2.1637157660e-01    0.0000000000e+00    9.9999999993e-01    0.0000000000e+00    8.5122225533e-06    2.3797970793e-07    3.6855514771e-02    2.1461179320e-01    4.6627790575e-04    0.0000000000e+00
 138.5100000    1.1587175192e-05    2.1846809033e-07   -1.8588833531e-06    1.1626779172e-04    1.9228407408e-02    5.5207716876e-02    2.1635924782e-01    0.0000000000e+00    9.9999999993e-01    0.0000000000e+00    8.5283427693e-06    2.3814913832e-07    3.6915648754e-02    2.1473640070e-01    4.6656517244e-04    0.0000000000e+00
 139.0100000    1.1599738019e-05    2.1854808293e-07   -1.8595826702e-06    1.1624136382e-04    1.9242213351e-02    5.5253100969e-02    2.1646040161e-01    0.0000000000e+00    9.9999999993e-01    0.0000000000e+00    8.5445573439e-06    2.3832081567e-07    3.6976160113e-02    2.1489726047e-01    4.6684630298e-04    0.0000000000e+00
 139.5100000    1.1612354047e-05    2.1861204407e-07   -1.8591359207e-06    1.1621672126e-04    1.9255679709e-02    5.5298743564e-02    2.1607376571e-01    0.0000000000e+00    9.9999999993e-01    0.0000000000e+00    8.5608594898e-06    2.3838928809e-07    3.7037038025e-02    2.1451418147e-01    4.6713037678e-04    0.0000000000e+00
 140.0100000    1.1624433596e-05    2.1866942076e-07   -1.8590194352e-06    1.1619399092e-04    1.9267746081e-02    5.5341838727e-02    2.1692233248e-01    0.0000000000e+00    9.9999999993e-01    0.0000000000e+00    8.5771773249e-06    2.3845330529e-07    3.7097967099e-02    2.1538136704e-01    4.6742078169e-04    0.0000000000e+00
 140.5100000    1.1635778920e-05    2.1874350146e-07   -1.8597192792e-06    1.1617202699e-04    1.9277851270e-02    5.5381417117e-02    2.1753718722e-01    0.0000000000e+00    9.9999999993e-01    0.0000000000e+00    8.5934368600e-06    2.3859340256e-07    3.7158605606e-02    2.1604257955e-01    4.6771554936e-04    0.0000000000e+00
 141.0100000    1.1646535704e-05    2.1883299409e-07   -1.8612172834e-06    1.1614944392e-04    1.9286584378e-02    5.5418143449e-02    2.1743302276e-01    0.0000000000e+00    9.9999999993e-01    0.0000000000e+00    8.6096269875e-06    2.3869742118e-07    3.7218886192e-02    2.1592987390e-01    4.6801116669e-04    0.0000000000e+00
 141.5100000    1.1656954296e-05    2.1888804175e-07   -1.8638556816e-06    1.1612572728e-04    1.9295353743e-02    5.5453208117e-02    2.1705773450e-01    0.0000000000e+00    9.9999999993e-01    0.0000000000e+00    8.6257503249e-06    2.3873928758e-07    3.7278820937e-02    2.1553937389e-01    4.6830559602e-04    0.0000000000e+00
 142.0100000    1.1667293642e-05    2.1894466973e-07   -1.8674659575e-06    1.1610148489e-04    1.9304290206e-02    5.5487869699e-02    2.1652834167e-01    0.0000000000e+00    9.9999999993e-01    0.0000000000e+00    8.6418111613e-06    2.3878083891e-07    3.7338448455e-02    2.1499510783e-01    4.6859739083e-04    0.0000000000e+00
 142.5100000    1.1677785659e-05    2.1906442291e-07   -1.8699110994e-06    1.1607766238e-04    1.9313772039e-02    5.5523257268e-02    2.1657622657e-01    0.0000000000e+00    9.9999999993e-01    0.0000000000e+00    8.6578335181e-06    2.3887713812e-07    3.7397892485e-02    2.1501094312e-01    4.6888353266e-04    0.0000000000e+00
 143.0100000    1.1688557083e-05    2.1905868653e-07   -1.8680900621e-06    1.1605446840e-04    1.9323637361e-02    5.5559971150e-02    2.1602468622e-01    0.0000000000e+00    9.9999999993e-01    0.0000000000e+00    8.6738818072e-06    2.3897264944e-07    3.7457431202e-02    2.1452013598e-01    4.6916267653e-04    0.0000000000e+00
 143.5100000    1.1699539132e-05    2.1916304020e-07   -1.8615891169e-06    1.1603111454e-04    1.9333431943e-02    5.5597655991e-02    2.1602549671e-01    0.0000000000e+00    9.9999999993e-01    0.0000000000e+00    8.6899746304e-06    2.3897953955e-07    3.7517125537e-02    2.1443675332e-01    4.6944031133e-04    0.0000000000e+00
 144.0100000    1.1710587984e-05    2.1931948366e-07   -1.8547975896e-06    1.1600676965e-04    1.9343250281e-02    5.5635604060e-02    2.1661692658e-01    0.0000000000e+00    9.9999999993e-01    0.0000000000e+00    8.7060520355e-06    2.3910017670e-07    3.7576699509e-02    2.1501041165e-01    4.6972385092e-04    0.0000000000e+00
 144.5100000    1.1721640990e-05    2.1929146057e-07   -1.8538416594e-06    1.1598173458e-04    1.9353035044e-02    5.5673526877e-02    2.1645323601e-01    0.0000000000e+00    9.9999999993e-01    0.0000000000e+00    8.7221341941e-06    2.3929961081e-07    3.7636245728e-02    2.1502130149e-01    4.7001204809e-04    0.0000000000e+00
 145.0100000    1.1732639923e-05    2.1938090725e-07   -1.8607336279e-06    1.1595737238e-04    1.9363207869e-02    5.5711190010e-02    2.1693051332e-01    0.0000000000e+00    9.9999999993e-01    0.0000000000e+00    8.7382550512e-06    2.3931749560e-07    3.7695938310e-02    2.1542063237e-01    4.7029786787e-04    0.0000000000e+00
 145.5100000    1.1743530457e-05    2.1954604898e-07   -1.8711515100e-06    1.1593471794e-04    1.9373301326e-02    5.5748375811e-02    2.1738648066e-01    0.0000000000e+00    9.9999999993e-01    0.0000000000e+00    8.7543631863e-06    2.3933856196e-07    3.7755582333e-02    2.1576304563e-01    4.7058169429e-04    0.0000000000e+00
 146.0100000    1.1754336255e-05    2.1958761044e-07   -1.8784078593e-06    1.1591330561e-04    1.9382700777e-02    5.5785197572e-02    2.1677055552e-01    0.0000000000e+00    9.9999999993e-01    0.0000000000e+00    8.7704373081e-06    2.3951758302e-07    3.7815086923e-02    2.1526563795e-01    4.7086956526e-04    0.0000000000e+00
 146.5100000    1.1765076336e-05    2.1962544133e-07   -1.8791551203e-06    1.1589144224e-04    1.9392301083e-02    5.5821703310e-02    2.1614853664e-01    0.0000000000e+00    9.9999999993e-01    0.0000000000e+00    8.7864985347e-06    2.3962345208e-07    3.7874514492e-02    2.1468124296e-01    4.7115772511e-04    0.0000000000e+00
 147.0100000    1.1775706701e-05    2.1977196288e-07   -1.8751862451e-06    1.1586753871e-04    1.9402286334e-02    5.5857630849e-02    2.1599934987e-01    0.0000000000e+00    9.9999999993e-01    0.0000000000e+00    8.8025305983e-06    2.3962798311e-07    3.7933758139e-02    2.1440887479e-01    4.7143425513e-04    0.0000000000e+00
 147.5100000    1.1786212614e-05    2.1994781415e-07   -1.8708771096e-06    1.1584135403e-04    1.9411713312e-02    5.5892886793e-02    2.1572933523e-01    0.0000000000e+00    9.9999999993e-01    0.0000000000e+00    8.8185222209e-06    2.3974359796e-07    3.7992752941e-02    2.1409664908e-01    4.7169913800e-04    0.0000000000e+00
 148.0100000    1.1796647596e-05    2.1999815970e-07   -1.8697895567e-06    1.1581436753e-04    1.9420676122e-02    5.5927750110e-02    2.1579546101e-01    0.0000000000e+00    9.9999999993e-01    0.0000000000e+00    8.8345135791e-06    2.3991839111e-07    3.8051689144e-02    2.1425190723e-01    4.7196715488e-04    0.0000000000e+00
 148.5100000    1.1807058780e-05    2.1998778537e-07   -1.8727764372e-06    1.1578893004e-04    1.9429875410e-02    5.5962499360e-02    2.1665843789e-01    0.0000000000e+00    9.9999999993e-01    0.0000000000e+00    8.8505155150e-06    2.3997015729e-07    3.8110651227e-02    2.1513372598e-01    4.7224667230e-04    0.0000000000e+00
 149.0100000    1.1817454068e-05    2.2013658189e-07   -1.8775763074e-06    1.1576648637e-04    1.9439018631e-02    5.5997213454e-02    2.1738164974e-01    0.0000000000e+00    9.9999999993e-01    0.0000000000e+00    8.8664659634e-06    2.3998262314e-07    3.8169400738e-02    2.1572783232e-01    4.7253041392e-04    0.0000000000e+00
 149.5100000    1.1827866811e-05    2.2024462494e-07   -1.8799794679e-06    1.1574624252e-04    1.9447968378e-02    5.6032043589e-02    2.1723050435e-01    0.0000000000e+00    9.9999999993e-01    0.0000000000e+00    8.8823333858e-06    2.4011338630e-07    3.8227798094e-02    2.1560787003e-01    4.7281104207e-04    0.0000000000e+00
 150.0100000    1.1838357423e-05    2.2022491467e-07   -1.8769208037e-06    1.1572570830e-04    1.9457577061e-02    5.6067225819e-02    2.1664364779e-01    0.0000000000e+00    9.9999999993e-01    0.0000000000e+00    8.8981996881e-06    2.4024326448e-07    3.8286161995e-02    2.1513822419e-01    4.7309056825e-04    0.0000000000e+00
 150.5100000    1.1848943174e-05    2.2030081739e-07   -1.8697152915e-06    1.1570275557e-04    1.9467634542e-02    5.6102789211e-02    2.1652700221e-01    0.0000000000e+00    9.9999999993e-01    0.0000000000e+00    8.9141511697e-06    2.4029867476e-07    3.8344827430e-02    2.1501151711e-01    4.7337125673e-04    0.0000000000e+00
 151.0100000    1.1859613125e-05    2.2037535013e-07   -1.8640171236e-06    1.1567722851e-04    1.9477281656e-02    5.6138666335e-02    2.1619451028e-01    0.0000000000e+00    9.9999999993e-01    0.0000000000e+00    8.9301824731e-06    2.4037179877e-07    3.8403760439e-02    2.1469244884e-01    4.7364741367e-04    0.0000000000e+00
 151.5100000    1.1870345058e-05    2.2044130428e-07   -1.8649023444e-06    1.1565077119e-04    1.9486713824e-02    5.6174780012e-02    2.1564945144e-01    0.0000000000e+00    9.9999999993e-01    0.0000000000e+00    8.9462201610e-06    2.4046878816e-07    3.8462664545e-02    2.1416127713e-01    4.7391274590e-04    0.0000000000e+00
 152.0100000    1.1881094250e-05    2.2042590803e-07   -1.8723058969e-06    1.1562536218e-04    1.9496348873e-02    5.6210962689e-02    2.1613289475e-01    0.0000000000e+00    9.9999999993e-01    0.0000000000e+00    8.9622009494e-06    2.4054080702e-07    3.8521298001e-02    2.1468901232e-01    4.7417170229e-04    0.0000000000e+00
 152.5100000    1.1891773802e-05    2.2052104909e-07   -1.8810862547e-06    1.1560192695e-04    1.9505790360e-02    5.6246830360e-02    2.1670209737e-01    0.0000000000e+00    9.9999999993e-01    0.0000000000e+00    8.9780996232e-06    2.4055965128e-07    3.8579570546e-02    2.1517034388e-01    4.7443476434e-04    0.0000000000e+00
 153.0100000    1.1902342543e-05    2.2066791342e-07   -1.8851730951e-06    1.1557999164e-04    1.9514835190e-02    5.6282186172e-02    2.1663686306e-01    0.0000000000e+00    9.9999999993e-01    0.0000000000e+00    8.9939202788e-06    2.4068194583e-07    3.8637498013e-02    2.1508189941e-01    4.7471082448e-04    0.0000000000e+00
 153.5100000    1.1912869278e-05    2.2059311832e-07   -1.8831019332e-06    1.1555840936e-04    1.9524048895e-02    5.6317336493e-02    2.1682317268e-01    0.0000000000e+00    9.9999999993e-01    0.0000000000e+00    9.0097453134e-06    2.4084582404e-07    3.8695421500e-02    2.1545652109e-01    4.7499714477e-04    0.0000000000e+00
 154.0100000    1.1923419942e-05    2.2074856431e-07   -1.8787413451e-06    1.1553631758e-04    1.9533573835e-02    5.6352576529e-02    2.1718387103e-01    0.0000000000e+00    9.9999999993e-01    0.0000000000e+00    9.0256052578e-06    2.4088686005e-07    3.8753461184e-02    2.1573268622e-01    4.7527823615e-04    0.0000000000e+00
 154.5100000    1.1934065466e-05    2.2088798274e-07   -1.8772314348e-06    1.1551341196e-04    1.9543753434e-02    5.6388232900e-02    2.1669181618e-01    0.0000000000e+00    9.9999999993e-01    0.0000000000e+00    9.0414683678e-06    2.4099773319e-07    3.8811475809e-02    2.1524391656e-01    4.7554221000e-04    0.0000000000e+00
 155.0100000    1.1944876865e-05    2.2085679291e-07   -1.8804105964e-06    1.1548961570e-04    1.9554239533e-02    5.6424636243e-02    2.1575207199e-01    0.0000000000e+00    9.9999999993e-01    0.0000000000e+00    9.0573656796e-06    2.4113261688e-07    3.8869596001e-02    2.1442996792e-01    4.7579727952e-04    0.0000000000e+00
 155.5100000    1.1955851468e-05    2.2095030339e-07   -1.8857936933e-06    1.1546497551e-04    1.9564469077e-02    5.6461772877e-02    2.1550379181e-01    0.0000000000e+00    9.9999999993e-01    0.0000000000e+00    9.0732878534e-06    2.4116429750e-07    3.8927781281e-02    2.1410814291e-01    4.7606138298e-04    0.0000000000e+00
 156.0100000    1.1966930981e-05    2.2103394359e-07   -1.8891831330e-06    1.1543996928e-04    1.9574465757e-02    5.6499376229e-02    2.1598795629e-01    0.0000000000e+00    9.9999999993e-01    0.0000000000e+00    9.0891820383e-06    2.4120821749e-07    3.8985810996e-02    2.1453338773e-01    4.7633629818e-04    0.0000000000e+00
 156.5100000    1.1978030307e-05    2.2118143969e-07   -1.8878344117e-06    1.1541550546e-04    1.9583628147e-02    5.6537066183e-02    2.1629803091e-01    0.0000000000e+00    9.9999999993e-01    0.0000000000e+00    9.1050145609e-06    2.4134078020e-07    3.9043555352e-02    2.1480717186e-01    4.7660643701e-04    0.0000000000e+00
 157.0100000    1.1989107298e-05    2.2123231321e-07   -1.8830837587e-06    1.1539230354e-04    1.9592757278e-02    5.6574669261e-02    2.1666914626e-01    0.0000000000e+00    9.9999999993e-01    0.0000000000e+00    9.1208072741e-06    2.4152442035e-07    3.9101125340e-02    2.1528712577e-01    4.7686500175e-04    0.0000000000e+00
 157.5100000    1.2000156264e-05    2.2122959796e-07   -1.8791162213e-06    1.1537031290e-04    1.9602813525e-02    5.6612172221e-02    2.1760594604e-01    0.0000000000e+00    9.9999999993e-01    0.0000000000e+00    9.1366415643e-06    2.4160161004e-07    3.9158878757e-02    2.1628999644e-01    4.7712516196e-04    0.0000000000e+00
 158.0100000    1.2011165360e-05    2.2135487726e-07   -1.8796400471e-06    1.1534874942e-04    1.9612897923e-02    5.6649510596e-02    2.1747868347e-01    0.0000000000e+00    9.9999999993e-01    0.0000000000e+00    9.1525390544e-06    2.4162202305e-07    3.9216901909e-02    2.1609018454e-01    4.7739870407e-04    0.0000000000e+00
 158.5100000    1.2022162002e-05    2.2142068714e-07   -1.8855052021e-06    1.1532654504e-04    1.9622843730e-02    5.6686784678e-02    2.1636299027e-01    0.0000000000e+00    9.9999999993e-01    0.0000000000e+00    9.1684534891e-06    2.4173105381e-07    3.9274976898e-02    2.1501212614e-01    4.7767698407e-04    0.0000000000e+00
 159.0100000    1.2033194373e-05    2.2144649233e-07   -1.8930770892e-06    1.1530283652e-04    1.9632794011e-02    5.6724188026e-02    2.1533430619e-01    0.0000000000e+00    9.9999999993e-01    0.0000000000e+00    9.1843326609e-06    2.4185864044e-07    3.9332857628e-02    2.1405016336e-01    4.7794296235e-04    0.0000000000e+00
 159.5100000    1.2044251042e-05    2.2153952280e-07   -1.8966683013e-06    1.1527745169e-04    1.9642424624e-02    5.6761651069e-02    2.1478741080e-01    0.0000000000e+00    9.9999999993e-01    0.0000000000e+00    9.2001452456e-06    2.4190282398e-07    3.9390399342e-02    2.1342502686e-01    4.7819417529e-04    0.0000000000e+00
 160.0100000    1.2055271458e-05    2.2174163415e-07   -1.8938538824e-06    1.1525124934e-04    1.9651936847e-02    5.6798904471e-02    2.1520697524e-01    0.0000000000e+00    9.9999999993e-01    0.0000000000e+00    9.2158826536e-06    2.4194197419e-07    3.9447576033e-02    2.1369489145e-01    4.7844390771e-04    0.0000000000e+00
 160.5100000    1.2066270929e-05    2.2176661803e-07   -1.8885133618e-06    1.1522583255e-04    1.9661345241e-02    5.6836059082e-02    2.1573938412e-01    0.0000000000e+00    9.9999999993e-01    0.0000000000e+00    9.2315896432e-06    2.4210989101e-07    3.9504606210e-02    2.1435049407e-01    4.7870304029e-04    0.0000000000e+00
 161.0100000    1.2077332606e-05    2.2171448719e-07   -1.8868651088e-06    1.1520249108e-04    1.9671146921e-02    5.6873539065e-02    2.1679273745e-01    0.0000000000e+00    9.9999999993e-01    0.0000000000e+00    9.2473566382e-06    2.4222256227e-07    3.9561899803e-02    2.1552324288e-01    4.7896941130e-04    0.0000000000e+00
 161.5100000    1.2088497270e-05    2.2191008208e-07   -1.8913236827e-06    1.1518110917e-04    1.9681336252e-02    5.6911533563e-02    2.1762820999e-01    0.0000000000e+00    9.9999999993e-01    0.0000000000e+00    9.2631713300e-06    2.4222442915e-07    3.9619402755e-02    2.1619368873e-01    4.7923526112e-04    0.0000000000e+00
 162.0100000    1.2099786382e-05    2.2199433248e-07   -1.8979927862e-06    1.1516008282e-04    1.9691502853e-02    5.6950099491e-02    2.1691114119e-01    0.0000000000e+00    9.9999999993e-01    0.0000000000e+00    9.2789686487e-06    2.4234589352e-07    3.9676806921e-02    2.1551074654e-01    4.7949781186e-04    0.0000000000e+00
 162.5100000    1.2111200403e-05    2.2197183989e-07   -1.9011830948e-06    1.1513748813e-04    1.9701822985e-02    5.6989181885e-02    2.1596385888e-01    0.0000000000e+00    9.9999999993e-01    0.0000000000e+00    9.2947557984e-06    2.4249656750e-07    3.9734103549e-02    2.1468913590e-01    4.7975845138e-04    0.0000000000e+00
 163.0100000    1.2122665314e-05    2.2209044448e-07   -1.8996685445e-06    1.1511258467e-04    1.9711750591e-02    5.7028403866e-02    2.1519907962e-01    0.0000000000e+00    9.9999999993e-01    0.0000000000e+00    9.3105302186e-06    2.4254653887e-07    3.9791261169e-02    2.1385259077e-01    4.8001571655e-04    0.0000000000e+00
 163.5100000    1.2134078494e-05    2.2222613511e-07   -1.8969051662e-06    1.1508639205e-04    1.9721379824e-02    5.7067302007e-02    2.1520600797e-01    0.0000000000e+00    9.9999999993e-01    0.0000000000e+00    9.3262689127e-06    2.4260237623e-07    3.9848194080e-02    2.1377850787e-01    4.8026583605e-04    0.0000000000e+00
 164.0100000    1.2145397717e-05    2.2229312336e-07   -1.8963409733e-06    1.1506088353e-04    1.9731051491e-02    5.7105727317e-02    2.1564945617e-01    0.0000000000e+00    9.9999999993e-01    0.0000000000e+00    9.3419811329e-06    2.4274777330e-07    3.9904975874e-02    2.1428761602e-01    4.8051108819e-04    0.0000000000e+00
 164.5100000    1.2156643847e-05    2.2227841997e-07   -1.8980060278e-06    1.1503750958e-04    1.9740924809e-02    5.7143820157e-02    2.1642335043e-01    0.0000000000e+00    9.9999999993e-01    0.0000000000e+00    9.3577035307e-06    2.4286179026e-07    3.9961792496e-02    2.1516080714e-01    4.8076191296e-04    0.0000000000e+00
 165.0100000    1.2167830204e-05    2.2239905043e-07   -1.8999211219e-06    1.1501622841e-04    1.9751197482e-02    5.7181651021e-02    2.1784832561e-01    0.0000000000e+00    9.9999999993e-01    0.0000000000e+00    9.3734330129e-06    2.4284335626e-07    4.0018636282e-02    2.1645412277e-01    4.8102600827e-04    0.0000000000e+00
 165.5100000    1.2179023151e-05    2.2250555457e-07   -1.9010467260e-06    1.1499567733e-04    1.9761734837e-02    5.7219505239e-02    2.1757763197e-01    0.0000000000e+00    9.9999999993e-01    0.0000000000e+00    9.3891296122e-06    2.4293238500e-07    4.0075318964e-02    2.1617085998e-01    4.8129729178e-04    0.0000000000e+00
 166.0100000    1.2190335982e-05    2.2247893449e-07   -1.9023737493e-06    1.1497419789e-04    1.9772369874e-02    5.7257879036e-02    2.1648160534e-01    0.0000000000e+00    9.9999999993e-01    0.0000000000e+00    9.4048370577e-06    2.4310016418e-07    4.0132003008e-02    2.1521122468e-01    4.8156067235e-04    0.0000000000e+00
 166.5100000    1.2201760346e-05    2.2264781190e-07   -1.9041432092e-06    1.1495091178e-04    1.9782427228e-02    5.7296718164e-02    2.1569174079e-01    0.0000000000e+00    9.9999999993e-01    0.0000000000e+00    9.4205667525e-06    2.4313925519e-07    4.0188726576e-02    2.1430851162e-01    4.8180854777e-04    0.0000000000e+00
 167.0100000    1.2213218326e-05    2.2267613723e-07   -1.9049483983e-06    1.1492616228e-04    1.9791970616e-02    5.7335672977e-02    2.1469477808e-01    0.0000000000e+00    9.9999999993e-01    0.0000000000e+00    9.4362702853e-06    2.4322494332e-07    4.0245294209e-02    2.1336109825e-01    4.8204894251e-04    0.0000000000e+00
 167.5100000    1.2224647930e-05    2.2265697904e-07   -1.9037462297e-06    1.1490112403e-04    1.9801991345e-02    5.7374486621e-02    2.1481059139e-01    0.0000000000e+00    9.9999999993e-01    0.0000000000e+00    9.4519643532e-06    2.4333440215e-07    4.0301800448e-02    2.1355909858e-01    4.8229564884e-04    0.0000000000e+00
 168.0100000    1.2235999696e-05    2.2280484233e-07   -1.9022924393e-06    1.1487691257e-04    1.9812071022e-02    5.7412954400e-02    2.1545273037e-01    0.0000000000e+00    9.9999999993e-01    0.0000000000e+00    9.4676355629e-06    2.4337133667e-07    4.0358207034e-02    2.1411695806e-01    4.8255317881e-04    0.0000000000e+00
 168.5100000    1.2247276757e-05    2.2275652031e-07   -1.9039018149e-06    1.1485383917e-04    1.9822341984e-02    5.7451092412e-02    2.1607794154e-01    0.0000000000e+00    9.9999999993e-01    0.0000000000e+00    9.4832789184e-06    2.4343931178e-07    4.0414493671e-02    2.1484055435e-01    4.8281387748e-04    0.0000000000e+00
 169.0100000    1.2258527568e-05    2.2282516796e-07   -1.9092981819e-06    1.1483133483e-04    1.9833030113e-02    5.7489103421e-02    2.1678721554e-01    0.0000000000e+00    9.9999999993e-01    0.0000000000e+00    9.4989287801e-06    2.4353043850e-07    4.0470789758e-02    2.1554951619e-01    4.8306797591e-04    0.0000000000e+00
 169.5100000    1.2269837510e-05    2.2295771428e-07   -1.9146885612e-06    1.1480853058e-04    1.9843321502e-02    5.7527354862e-02    2.1649780981e-01    0.0000000000e+00    9.9999999993e-01    0.0000000000e+00    9.5145900862e-06    2.4363800163e-07    4.0527093976e-02    2.1523511498e-01    4.8331356664e-04    0.0000000000e+00
 170.0100000    1.2281252227e-05    2.2290605662e-07   -1.9149858607e-06    1.1478496689e-04    1.9853449404e-02    5.7566041419e-02    2.1570874328e-01    0.0000000000e+00    9.9999999993e-01    0.0000000000e+00    9.5302781210e-06    2.4371349563e-07    4.0583458302e-02    2.1454735368e-01    4.8355698062e-04    0.0000000000e+00
 170.5100000    1.2292726269e-05    2.2297984919e-07   -1.9097516169e-06    1.1476088358e-04    1.9863685536e-02    5.7604954864e-02    2.1526845697e-01    0.0000000000e+00    9.9999999993e-01    0.0000000000e+00    9.5459694372e-06    2.4375770411e-07    4.0639786084e-02    2.1407325561e-01    4.8380521889e-04    0.0000000000e+00
 171.0100000    1.2304239291e-05    2.2302547703e-07   -1.9037354983e-06    1.1473695698e-04    1.9873892236e-02    5.7644019749e-02    2.1533314489e-01    0.0000000000e+00    9.9999999993e-01    0.0000000000e+00    9.5616302617e-06    2.4385141412e-07    4.0695947742e-02    2.1415439677e-01    4.8405843060e-04    0.0000000000e+00
 171.5100000    1.2315795783e-05    2.2305085987e-07   -1.9027501234e-06    1.1471374641e-04    1.9884284400e-02    5.7683274417e-02    2.1561194417e-01    0.0000000000e+00    9.9999999993e-01    0.0000000000e+00    9.5772817199e-06    2.4394356490e-07    4.0752045528e-02    2.1447009310e-01    4.8431009997e-04    0.0000000000e+00
 172.0100000    1.2327342524e-05    2.2317768108e-07   -1.9081576874e-06    1.1469124884e-04    1.9894883328e-02    5.7722471464e-02    2.1546199873e-01    0.0000000000e+00    9.9999999993e-01    0.0000000000e+00    9.5929249477e-06    2.4404034749e-07    4.0808085114e-02    2.1430558127e-01    4.8455571091e-04    0.0000000000e+00
 172.5100000    1.2338804154e-05    2.2316589181e-07   -1.9158265778e-06    1.1466889635e-04    1.9905755136e-02    5.7761244088e-02    2.1565712135e-01    0.0000000000e+00    9.9999999993e-01    0.0000000000e+00    9.6085600151e-06    2.4413803532e-07    4.0864056055e-02    2.1459880917e-01    4.8479980228e-04    0.0000000000e+00
 173.0100000    1.2350087664e-05    2.2325936864e-07   -1.9203763564e-06    1.1464605347e-04    1.9916261530e-02    5.7799141783e-02    2.1595968243e-01    0.0000000000e+00    9.9999999993e-01    0.0000000000e+00    9.6241929989e-06    2.4417848750e-07    4.0919972125e-02    2.1486918216e-01    4.8505040705e-04    0.0000000000e+00
 173.5100000    1.2361137429e-05    2.2340573443e-07   -1.9202384624e-06    1.1462261192e-04    1.9925802612e-02    5.7835905156e-02    2.1504342015e-01    0.0000000000e+00    9.9999999993e-01    0.0000000000e+00    9.6398040419e-06    2.4426088796e-07    4.0975748575e-02    2.1391992123e-01    4.8530656663e-04    0.0000000000e+00
 174.0100000    1.2372067098e-05    2.2334685589e-07   -1.9176542678e-06    1.1459909172e-04    1.9935141434e-02    5.7872086919e-02    2.1458495925e-01    0.0000000000e+00    9.9999999993e-01    0.0000000000e+00    9.6554112666e-06    2.4435905646e-07    4.1031477979e-02    2.1356929470e-01    4.8555750432e-04    0.0000000000e+00
 174.5100000    1.2383149597e-05    2.2342192606e-07   -1.9161960510e-06    1.1457612518e-04    1.9944536010e-02    5.7908992721e-02    2.1507189683e-01    0.0000000000e+00    9.9999999993e-01    0.0000000000e+00    9.6710284552e-06    2.4439188830e-07    4.1087242381e-02    2.1397339454e-01    4.8579719184e-04    0.0000000000e+00
 175.0100000    1.2394688688e-05    2.2355143805e-07   -1.9170777194e-06    1.1455385886e-04    1.9954351409e-02    5.7948060366e-02    2.1520211069e-01    0.0000000000e+00    9.9999999993e-01    0.0000000000e+00    9.6866332080e-06    2.4448324556e-07    4.1142963170e-02    2.1404482065e-01    4.8603389643e-04    0.0000000000e+00
 175.5100000    1.2406781481e-05    2.2355713712e-07   -1.9182608977e-06    1.1453182350e-04    1.9965582036e-02    5.7989737943e-02    2.1544462743e-01    0.0000000000e+00    9.9999999993e-01    0.0000000000e+00    9.7022354570e-06    2.4464459597e-07    4.1198680721e-02    2.1440810833e-01    4.8627969859e-04    0.0000000000e+00
 176.0100000    1.2419118113e-05    2.2359180118e-07   -1.9185864837e-06    1.1450925439e-04    1.9977639461e-02    5.8032554216e-02    2.1575058096e-01    0.0000000000e+00    9.9999999993e-01    0.0000000000e+00    9.7178478660e-06    2.4475543028e-07    4.1254430166e-02    2.1478805908e-01    4.8653443976e-04    0.0000000000e+00
 176.5100000    1.2431094059e-05    2.2372767334e-07   -1.9191154368e-06    1.1448552817e-04    1.9989226268e-02    5.8073662299e-02    2.1586771878e-01    0.0000000000e+00    9.9999999993e-01    0.0000000000e+00    9.7334536573e-06    2.4478636518e-07    4.1310118057e-02    2.1486087379e-01    4.8678666818e-04    0.0000000000e+00
 177.0100000    1.2442214289e-05    2.2386514429e-07   -1.9211966629e-06    1.1446055594e-04    1.9999287788e-02    5.8110745399e-02    2.1509683721e-01    0.0000000000e+00    9.9999999993e-01    0.0000000000e+00    9.7490269285e-06    2.4484659981e-07    4.1365624792e-02    2.1406875099e-01    4.8702873321e-04    0.0000000000e+00
 177.5100000    1.2452504222e-05    2.2382651883e-07   -1.9240099481e-06    1.1443504067e-04    2.0007550907e-02    5.8143939852e-02    2.1413807296e-01    0.0000000000e+00    9.9999999993e-01    0.0000000000e+00    9.7645839649e-06    2.4494081345e-07    4.1421030077e-02    2.1319221111e-01    4.8726434840e-04    0.0000000000e+00
 178.0100000    1.2462530130e-05    2.2390839953e-07   -1.9249731382e-06    1.1441028252e-04    2.0015283542e-02    5.8175916630e-02    2.1445565449e-01    0.0000000000e+00    9.9999999993e-01    0.0000000000e+00    9.7801510135e-06    2.4493727265e-07    4.1476469030e-02    2.1338038200e-01    4.8750103516e-04    0.0000000000e+00
 178.5100000    1.2473068799e-05    2.2402264852e-07   -1.9231767818e-06    1.1438733622e-04    2.0023790630e-02    5.8210314239e-02    2.1470846158e-01    0.0000000000e+00    9.9999999993e-01    0.0000000000e+00    9.7957142344e-06    2.4498995972e-07    4.1531900727e-02    2.1355326182e-01    4.8774125808e-04    0.0000000000e+00
 179.0100000    1.2484634864e-05    2.2398268522e-07   -1.9212921718e-06    1.1436603438e-04    2.0033847126e-02    5.8249514486e-02    2.1505764002e-01    0.0000000000e+00    9.9999999993e-01    0.0000000000e+00    9.8113026334e-06    2.4517922202e-07    4.1587441336e-02    2.1405863266e-01    4.8798362944e-04    0.0000000000e+00
 179.5100000    1.2497112466e-05    2.2406812688e-07   -1.9224251925e-06    1.1434485510e-04    2.0045762799e-02    5.8292930716e-02    2.1580979752e-01    0.0000000000e+00    9.9999999993e-01    0.0000000000e+00    9.8269356548e-06    2.4532665520e-07    4.1643141359e-02    2.1485034293e-01    4.8822841595e-04    0.0000000000e+00
 180.0100000    1.2509825036e-05    2.2415715756e-07   -1.9268887506e-06    1.1432202089e-04    2.0058686009e-02    5.8337364058e-02    2.1576808193e-01    0.0000000000e+00    9.9999999993e-01    0.0000000000e+00    9.8425720908e-06    2.4542169146e-07    4.1698789683e-02    2.1483998032e-01    4.8847686960e-04    0.0000000000e+00
 180.5100000    1.2521960703e-05    2.2428708826e-07   -1.9315987010e-06    1.1429700751e-04    2.0070641423e-02    5.8379021190e-02    2.1503052023e-01    0.0000000000e+00    9.9999999993e-01    0.0000000000e+00    9.8581577480e-06    2.4550029411e-07    4.1754142547e-02    2.1408720803e-01    4.8872552908e-04    0.0000000000e+00
 181.0100000    1.2533090822e-05    2.2440581210e-07   -1.9333702599e-06    1.1427109573e-04    2.0080517631e-02    5.8415941268e-02    2.1398476338e-01    0.0000000000e+00    9.9999999993e-01    0.0000000000e+00    9.8736619775e-06    2.4558079554e-07    4.1809090641e-02    2.1301208898e-01    4.8896594927e-04    0.0000000000e+00
 181.5100000    1.2543376537e-05    2.2444305892e-07   -1.9321374847e-06    1.1424638342e-04    2.0088867727e-02    5.8448934716e-02    2.1379764369e-01    0.0000000000e+00    9.9999999993e-01    0.0000000000e+00    9.8891420799e-06    2.4562344646e-07    4.1863918263e-02    2.1279730655e-01    4.8919402724e-04    0.0000000000e+00
 182.0100000    1.2553352762e-05    2.2460623710e-07   -1.9300541509e-06    1.1422408597e-04    2.0096439139e-02    5.8480536055e-02    2.1429265371e-01    0.0000000000e+00    9.9999999993e-01    0.0000000000e+00    9.9046573899e-06    2.4563132142e-07    4.1918910712e-02    2.1314750913e-01    4.8941853867e-04    0.0000000000e+00
 182.5100000    1.2563623511e-05    2.2460920230e-07   -1.9291504612e-06    1.1420360115e-04    2.0104266046e-02    5.8513554738e-02    2.1472800032e-01    0.0000000000e+00    9.9999999993e-01    0.0000000000e+00    9.9202212526e-06    2.4572940788e-07    4.1974127838e-02    2.1365016130e-01    4.8965527370e-04    0.0000000000e+00
 183.0100000    1.2574530644e-05    2.2458802244e-07   -1.9297198978e-06    1.1418305593e-04    2.0113502589e-02    5.8549535899e-02    2.1565032284e-01    0.0000000000e+00    9.9999999993e-01    0.0000000000e+00    9.9358289267e-06    2.4584353575e-07    4.2029520727e-02    2.1465274387e-01    4.8990958849e-04    0.0000000000e+00
 183.5100000    1.2585990566e-05    2.2478235730e-07   -1.9306553148e-06    1.1416070827e-04    2.0123917644e-02    5.8588032944e-02    2.1591886259e-01    0.0000000000e+00    9.9999999993e-01    0.0000000000e+00    9.9513990698e-06    2.4592878127e-07    4.2084705236e-02    2.1482789232e-01    4.9016770285e-04    0.0000000000e+00
 184.0100000    1.2597668905e-05    2.2486546546e-07   -1.9313959852e-06    1.1413602182e-04    2.0134910802e-02    5.8627458093e-02    2.1506318605e-01    0.0000000000e+00    9.9999999993e-01    0.0000000000e+00    9.9668709292e-06    2.4607503264e-07    4.2139399832e-02    2.1404181333e-01    4.9040984204e-04    0.0000000000e+00
 184.5100000    1.2609240343e-05    2.2489318715e-07   -1.9320105915e-06    1.1410982057e-04    2.0145814775e-02    5.8666310973e-02    2.1412728162e-01    0.0000000000e+00    9.9999999993e-01    0.0000000000e+00    9.9822951867e-06    2.4621319818e-07    4.2193824941e-02    2.1318877700e-01    4.9063147474e-04    0.0000000000e+00
 185.0100000    1.2620567772e-05    2.2500988694e-07   -1.9327927669e-06    1.1408373956e-04    2.0156247486e-02    5.8704002387e-02    2.1378535783e-01    0.0000000000e+00    9.9999999993e-01    0.0000000000e+00    9.9977516843e-06    2.4625131442e-07    4.2248350580e-02    2.1276763898e-01    4.9084757064e-04    0.0000000000e+00
 185.5100000    1.2631721840e-05    2.2511198869e-07   -1.9345447840e-06    1.1405938693e-04    2.0166544834e-02    5.8740911947e-02    2.1408203407e-01    0.0000000000e+00    9.9999999993e-01    0.0000000000e+00    1.0013273740e-05    2.4628704030e-07    4.2303154178e-02    2.1301241476e-01    4.9107562768e-04    0.0000000000e+00
 186.0100000    1.2642871358e-05    2.2510171312e-07   -1.9375813869e-06    1.1403747005e-04    2.0176523389e-02    5.8777841395e-02    2.1464078957e-01    0.0000000000e+00    9.9999999993e-01    0.0000000000e+00    1.0028853955e-05    2.4639101830e-07    4.2358218121e-02    2.1365583534e-01    4.9131867285e-04    0.0000000000e+00
 186.5100000    1.2654117907e-05    2.2514571077e-07   -1.9412826097e-06    1.1401722891e-04    2.0186262266e-02    5.8815229697e-02    2.1527613893e-01    0.0000000000e+00    9.9999999993e-01    0.0000000000e+00    1.0044453885e-05    2.4646367817e-07    4.2413357470e-02    2.1429190953e-01    4.9156650046e-04    0.0000000000e+00
 187.0100000    1.2665409262e-05    2.2525973091e-07   -1.9435518215e-06    1.1399670875e-04    2.0195902230e-02    5.8852769627e-02    2.1518978304e-01    0.0000000000e+00    9.9999999993e-01    0.0000000000e+00    1.0060006399e-05    2.4652123581e-07    4.2468242328e-02    2.1414868471e-01    4.9180917203e-04    0.0000000000e+00
 187.5100000    1.2676606407e-05    2.2532570715e-07   -1.9418422576e-06    1.1397402594e-04    2.0205273501e-02    5.8889763472e-02    2.1452572288e-01    0.0000000000e+00    9.9999999993e-01    0.0000000000e+00    1.0075479098e-05    2.4662759914e-07    4.2522697261e-02    2.1351677966e-01    4.9204476563e-04    0.0000000000e+00
 188.0100000    1.2687628937e-05    2.2539902472e-07   -1.9372114178e-06    1.1394885518e-04    2.0214352225e-02    5.8925837674e-02    2.1386005894e-01    0.0000000000e+00    9.9999999993e-01    0.0000000000e+00    1.0090890669e-05    2.4676086990e-07    4.2576799850e-02    2.1289471359e-01    4.9227562481e-04    0.0000000000e+00
 188.5100000    1.2698548422e-05    2.2544018357e-07   -1.9339845194e-06    1.1392285967e-04    2.0223420622e-02    5.8961379616e-02    2.1364518243e-01    0.0000000000e+00    9.9999999993e-01    0.0000000000e+00    1.0106308534e-05    2.4685651069e-07    4.2630874316e-02    2.1270647184e-01    4.9250298706e-04    0.0000000000e+00
 189.0100000    1.2709512648e-05    2.2555901505e-07   -1.9354032202e-06    1.1389848646e-04    2.0232889407e-02    5.8997148321e-02    2.1415188518e-01    0.0000000000e+00    9.9999999993e-01    0.0000000000e+00    1.0121794262e-05    2.4689566163e-07    4.2685234140e-02    2.1314417005e-01    4.9272839939e-04    0.0000000000e+00
 189.5100000    1.2720663662e-05    2.2558536606e-07   -1.9403004363e-06    1.1387699166e-04    2.0242902325e-02    5.9033841678e-02    2.1468539144e-01    0.0000000000e+00    9.9999999993e-01    0.0000000000e+00    1.0137355886e-05    2.4699008162e-07    4.2739942805e-02    2.1373836837e-01    4.9295746026e-04    0.0000000000e+00
 190.0100000    1.2732044501e-05    2.2558129699e-07   -1.9443884585e-06    1.1385736907e-04    2.0253599719e-02    5.9071638162e-02    2.1518288599e-01    0.0000000000e+00    9.9999999993e-01    0.0000000000e+00    1.0152971684e-05    2.4708762402e-07    4.2794894407e-02    2.1429578329e-01    4.9319674099e-04    0.0000000000e+00
 190.5100000    1.2743545971e-05    2.2575374744e-07   -1.9460425279e-06    1.1383715045e-04    2.0264579781e-02    5.9109972034e-02    2.1473732585e-01    0.0000000000e+00    9.9999999993e-01    0.0000000000e+00    1.0168552180e-05    2.4715626564e-07    4.2849668796e-02    2.1375595592e-01    4.9344482640e-04    0.0000000000e+00
 191.0100000    1.2754990592e-05    2.2581226450e-07   -1.9466032826e-06    1.1381440193e-04    2.0275276444e-02    5.9147973362e-02    2.1388470629e-01    0.0000000000e+00    9.9999999993e-01    0.0000000000e+00    1.0184033481e-05    2.4726328820e-07    4.2903961553e-02    2.1294389779e-01    4.9368945999e-04    0.0000000000e+00
 191.5100000    1.2766220327e-05    2.2592713957e-07   -1.9472709479e-06    1.1378919779e-04    2.0285186759e-02    5.9184914207e-02    2.1369757847e-01    0.0000000000e+00    9.9999999993e-01    0.0000000000e+00    1.0199432661e-05    2.4736513476e-07    4.2957846153e-02    2.1273855190e-01    4.9391826751e-04    0.0000000000e+00
 192.0100000    1.2777243074e-05    2.2604079288e-07   -1.9467690778e-06    1.1376338692e-04    2.0294034091e-02    5.9220883184e-02    2.1339174170e-01    0.0000000000e+00    9.9999999993e-01    0.0000000000e+00    1.0214811664e-05    2.4747672104e-07    4.3011620521e-02    2.1242125777e-01    4.9413323487e-04    0.0000000000e+00
 192.5100000    1.2788213869e-05    2.2605073006e-07   -1.9437766582e-06    1.1373900359e-04    2.0302733405e-02    5.9256656634e-02    2.1370172215e-01    0.0000000000e+00    9.9999999993e-01    0.0000000000e+00    1.0230261502e-05    2.4754002349e-07    4.3065710632e-02    2.1276453991e-01    4.9435095387e-04    0.0000000000e+00
 193.0100000    1.2799275806e-05    2.2614137812e-07   -1.9407220328e-06    1.1371673242e-04    2.0311940637e-02    5.9292916979e-02    2.1452089395e-01    0.0000000000e+00    9.9999999993e-01    0.0000000000e+00    1.0245779894e-05    2.4757030211e-07    4.3120122570e-02    2.1353160672e-01    4.9458561957e-04    0.0000000000e+00
 193.5100000    1.2810519329e-05    2.2617198352e-07   -1.9421070017e-06    1.1369557906e-04    2.0321759785e-02    5.9330049343e-02    2.1467596510e-01    0.0000000000e+00    9.9999999993e-01    0.0000000000e+00    1.0261307184e-05    2.4766862471e-07    4.3174582413e-02    2.1372692237e-01    4.9483350504e-04    0.0000000000e+00
 194.0100000    1.2821926623e-05    2.2625158729e-07   -1.9489983256e-06    1.1367380829e-04    2.0332223460e-02    5.9367911042e-02    2.1407374204e-01    0.0000000000e+00    9.9999999993e-01    0.0000000000e+00    1.0276808724e-05    2.4778162782e-07    4.3228901098e-02    2.1313926744e-01    4.9507723465e-04    0.0000000000e+00
 194.5100000    1.2833372340e-05    2.2634732281e-07   -1.9565136804e-06    1.1365031222e-04    2.0342928522e-02    5.9405880991e-02    2.1333950710e-01    0.0000000000e+00    9.9999999993e-01    0.0000000000e+00    1.0292268131e-05    2.4787934559e-07    4.3282979055e-02    2.1240420133e-01    4.9530450276e-04    0.0000000000e+00
 195.0100000    1.2844723984e-05    2.2637915830e-07   -1.9579662141e-06    1.1362539909e-04    2.0353342413e-02    5.9443352962e-02    2.1334337197e-01    0.0000000000e+00    9.9999999993e-01    0.0000000000e+00    1.0307708323e-05    2.4795406663e-07    4.3336916131e-02    2.1243843737e-01    4.9551966982e-04    0.0000000000e+00
 195.5100000    1.2855946742e-05    2.2645211486e-07   -1.9525385503e-06    1.1360047786e-04    2.0362995941e-02    5.9480211390e-02    2.1344331991e-01    0.0000000000e+00    9.9999999993e-01    0.0000000000e+00    1.0323155185e-05    2.4803537608e-07    4.3390853512e-02    2.1254059107e-01    4.9573750853e-04    0.0000000000e+00
 196.0100000    1.2867110996e-05    2.2646008788e-07   -1.9460661350e-06    1.1357692118e-04    2.0372339320e-02    5.9516828500e-02    2.1366857913e-01    0.0000000000e+00    9.9999999993e-01    0.0000000000e+00    1.0338630430e-05    2.4812539262e-07    4.3444916900e-02    2.1282747174e-01    4.9596867174e-04    0.0000000000e+00
 196.5100000    1.2878272972e-05    2.2649004392e-07   -1.9446815403e-06    1.1355500735e-04    2.0381680472e-02    5.9553476918e-02    2.1430621483e-01    0.0000000000e+00    9.9999999993e-01    0.0000000000e+00    1.0354132093e-05    2.4816756723e-07    4.3499107790e-02    2.1346228691e-01    4.9621116885e-04    0.0000000000e+00
 197.0100000    1.2889453273e-05    2.2656940349e-07   -1.9489287028e-06    1.1353375296e-04    2.0390909396e-02    5.9590221631e-02    2.1399179618e-01    0.0000000000e+00    9.9999999993e-01    0.0000000000e+00    1.0369619774e-05    2.4823159311e-07    4.3553234916e-02    2.1312486583e-01    4.9645292614e-04    0.0000000000e+00
 197.5100000    1.2900675048e-05    2.2658908159e-07   -1.9546417589e-06    1.1351169251e-04    2.0400503724e-02    5.9627119752e-02    2.1298774752e-01    0.0000000000e+00    9.9999999993e-01    0.0000000000e+00    1.0385087014e-05    2.4834475027e-07    4.3607235083e-02    2.1218743541e-01    4.9668236027e-04    0.0000000000e+00
 198.0100000    1.2911933560e-05    2.2667349321e-07   -1.9581339586e-06    1.1348795304e-04    2.0410605105e-02    5.9664118480e-02    2.1257909183e-01    0.0000000000e+00    9.9999999993e-01    0.0000000000e+00    1.0400544965e-05    2.4843800223e-07    4.3661132469e-02    2.1178123827e-01    4.9689918241e-04    0.0000000000e+00
 198.5100000    1.2923216867e-05    2.2677595110e-07   -1.9590118546e-06    1.1346288284e-04    2.0420856432e-02    5.9701174844e-02    2.1271332681e-01    0.0000000000e+00    9.9999999993e-01    0.0000000000e+00    1.0415989447e-05    2.4852467995e-07    4.3714918425e-02    2.1189985834e-01    4.9711501382e-04    0.0000000000e+00
 199.0100000    1.2934523429e-05    2.2683026771e-07   -1.9585741224e-06    1.1343785849e-04    2.0431211321e-02    5.9738329076e-02    2.1301988884e-01    0.0000000000e+00    9.9999999993e-01    0.0000000000e+00    1.0431430017e-05    2.4861734209e-07    4.3768667774e-02    2.1223833323e-01    4.9734104150e-04    0.0000000000e+00
 199.5100000    1.2945842408e-05    2.2689802368e-07   -1.9575544085e-06    1.1341433574e-04    2.0441511543e-02    5.9775578329e-02    2.1331785372e-01    0.0000000000e+00    9.9999999993e-01    0.0000000000e+00    1.0446874592e-05    2.4869433439e-07    4.3822448282e-02    2.1254193028e-01    4.9757605066e-04    0.0000000000e+00
 200.0100000    1.2957165081e-05    2.2698467856e-07   -1.9563049550e-06    1.1339268430e-04    2.0451579405e-02    5.9812890786e-02    2.1359626957e-01    0.0000000000e+00    9.9999999993e-01    0.0000000000e+00    1.0462325218e-05    2.4876068813e-07    4.3876274719e-02    2.1279210864e-01    4.9781003248e-04    0.0000000000e+00
