# time  chi_mean_R8  chi_min_R8  chi_max_R8  lapse_mean_R8  lapse_min_R8  lapse_max_R8  K_mean_R8  K_min_R8  K_max_R8  chi_mean_R16  chi_min_R16  chi_max_R16  lapse_mean_R16  lapse_min_R16  lapse_max_R16  K_mean_R16  K_min_R16  K_max_R16
0.0000000000000000e+00  9.9674065926864652e-01  9.9655770081471506e-01  9.9690320150158973e-01  9.9820335163717111e-01  9.9811243508293468e-01  9.9828247769246792e-01  0.0000000000000000e+00  0.0000000000000000e+00  0.0000000000000000e+00  9.9857116668219059e-01  9.9852534135936144e-01  9.9861299731769737e-01  9.9910281482455443e-01  9.9908022721491807e-01  9.9912330770328595e-01  0.0000000000000000e+00  0.0000000000000000e+00  0.0000000000000000e+00
8.0000000000000004e-01  9.9674070910474333e-01  9.9655759870234584e-01  9.9690311783065910e-01  9.9820320986268640e-01  9.9811241648538451e-01  9.9828255909875596e-01  8.8034046282084551e-08  -1.1904768243408461e-06  9.3576965564635712e-07  9.9857116749285990e-01  9.9852533822045242e-01  9.9861299565127204e-01  9.9910281386022892e-01  9.9908022907261207e-01  9.9912330957641116e-01  2.4253581246814550e-09  -1.1964329373032502e-08  1.7525222351987934e-08
1.6000000000000001e+00  9.9674145860234042e-01  9.9656075160678792e-01  9.9690254555845936e-01  9.9820263041789681e-01  9.9810770430980700e-01  9.9828346277072100e-01  5.6927423145006258e-06  -1.4391783418908210e-06  1.2654155744723734e-05  9.9857116922453026e-01  9.9852533194291304e-01  9.9861299160168604e-01  9.9910281066248774e-01  9.9908024038967325e-01  9.9912331662434262e-01  4.1079025190765648e-09  -1.7804159070222531e-08  2.8257786133261092e-08
2.3999999999999901e+00  9.9674728363002885e-01  9.9656256598168158e-01  9.9690867423303542e-01  9.9818869496939266e-01  9.9809725196546384e-01  9.9827250694758041e-01  4.5553027381797199e-06  -2.4745704881141611e-06  9.9509824043811667e-06  9.9857117180852195e-01  9.9852532239300351e-01  9.9861298637858686e-01  9.9910280489386494e-01  9.9908026124313565e-01  9.9912332842820462e-01  5.6193223693088803e-09  -2.5545023605239751e-08  3.8220042408677794e-08
3.1999999999999802e+00  9.9674425690506752e-01  9.9655934680696201e-01  9.9690677627338253e-01  9.9818839613572985e-01  9.9809940155329624e-01  9.9826990910857538e-01  -9.4155120432614774e-07  -2.5238452704615249e-06  1.5917701170063779e-07  9.9857117524310790e-01  9.9852530994831035e-01  9.9861297899608936e-01  9.9910279658706569e-01  9.9908029105305796e-01  9.9912334589478680e-01  7.1192091022355412e-09  -3.2206926937443723e-08  4.7402354447848974e-08
3.9999999999999600e+00  9.9674343404499388e-01  9.9656000628754149e-01  9.9690543517038410e-01  9.9818904993417357e-01  9.9809849223233826e-01  9.9827047145243508e-01  1.6983928277893360e-07  -7.6104861460994965e-07  1.1562618039039913e-06  9.9857117992431021e-01  9.9852529475303109e-01  9.9861297010034844e-01  9.9910278520741402e-01  9.9908032918739575e-01  9.9912336817623060e-01  1.0568889421550371e-08  -3.7858986625384817e-08  6.9416370118884618e-08
4.7999999999999403e+00  9.9674394047808967e-01  9.9656073349809859e-01  9.9690609270929631e-01  9.9818814866015493e-01  9.9809650179001219e-01  9.9826922341553626e-01  7.9447203742810768e-07  -2.8370544697991287e-07  2.0537331999761989e-06  9.9857118239424714e-01  9.9852527978815575e-01  9.9861295893408164e-01  9.9910277548993687e-01  9.9908037123984339e-01  9.9912339683037177e-01  -9.2320710835430154e-10  -3.9900221794289186e-08  5.3058121212300629e-08
5.5999999999999304e+00  9.9674437841751984e-01  9.9656164774666933e-01  9.9690679215708067e-01  9.9818674878949087e-01  9.9809379711738144e-01  9.9826732928939854e-01  1.4264825590927473e-06  6.7619014533811207e-07  2.9488140802697701e-06  9.9857121053731634e-01  9.9852526190744140e-01  9.9861293920418248e-01  9.9910272832601232e-01  9.9908043137189173e-01  9.9912343913575818e-01  1.1197541922653460e-07  -9.7678633623504740e-08  2.6402059109910056e-07
6.3999999999999098e+00  9.9674621218075798e-01  9.9656342878413562e-01  9.9690785540682014e-01  9.9818245174445663e-01  9.9808897076425973e-01  9.9826413857668395e-01  3.5243822396510695e-06  1.8503495856096849e-06  5.0523820975628651e-06  9.9857110978665853e-01  9.9852507239811517e-01  9.9861300783042894e-01  9.9910284597611265e-01  9.9908071981452395e-01  9.9912333652281460e-01  -5.1540340893528621e-07  -8.6882870016938539e-07  1.2310572188106597e-07
7.1999999999998900e+00  9.9674652377904360e-01  9.9656168400153822e-01  9.9690888069461325e-01  9.9817995380344171e-01  9.9809038032696851e-01  9.9826058939482709e-01  -1.0938406851443121e-06  -3.4512567026383094e-06  2.2163341038689330e-06  9.9857153020232725e-01  9.9852647928721483e-01  9.9861264158442109e-01  9.9910234010983712e-01  9.9907853356585419e-01  9.9912403095722868e-01  2.4788518525256436e-06  -1.1954615562367541e-08  4.8579266948405296e-06
7.9999999999998703e+00  9.9674457045609044e-01  9.9656093966941672e-01  9.9690670820630978e-01  9.9818290497167927e-01  9.9809180646734263e-01  9.9826364501330911e-01  -1.3841549908137668e-06  -3.5077596938472594e-06  6.6197608966246219e-07  9.9857439724432684e-01  9.9852878812549317e-01  9.9861535067875584e-01  9.9909625415207515e-01  9.9907257084722578e-01  9.9911909552090017e-01  3.0543668305471139e-06  3.3471440531830101e-07  4.8196407010215271e-06
8.7999999999998604e+00  9.9674535606806192e-01  9.9656283334381113e-01  9.9690695745028723e-01  9.9818186014046439e-01  9.9808823856334272e-01  9.9826364159361247e-01  3.9958287882463296e-06  4.6677133238904848e-07  7.7595185124574726e-06  9.9857399184494344e-01  9.9852767118049657e-01  9.9861596697914223e-01  9.9909515774131397e-01  9.9907340715480331e-01  9.9911597621344739e-01  -7.4413767339557208e-07  -1.1131636083356284e-06  1.6918408350377239e-07
9.5999999999998398e+00  9.9675077259063727e-01  9.9656893267701074e-01  9.9691060891649541e-01  9.9817032052018151e-01  9.9807409744693876e-01  9.9825641966257328e-01  7.6163514778911698e-06  4.8900088286030638e-06  9.6215997345022859e-06  9.9857345960460531e-01  9.9852792576404570e-01  9.9861527133330508e-01  9.9909584590358924e-01  9.9907277335255484e-01  9.9911654693502594e-01  3.8291224142333749e-08  -1.2738452820755525e-06  7.3038918005042594e-07
1.0399999999999800e+01  9.9675124264570880e-01  9.9656672216619790e-01  9.9691404162718755e-01  9.9816511817056153e-01  9.9807384477577743e-01  9.9824618991232050e-01  -5.6827664973412824e-07  -2.4335467799726370e-06  1.4910909405946038e-06  9.9857360093789271e-01  9.9852816489276663e-01  9.9861543172772504e-01  9.9909559317014962e-01  9.9907209986640666e-01  9.9911623835229357e-01  7.8206631752352602e-08  -1.4137031333497898e-06  7.7106882793091898e-07
1.1199999999999800e+01  9.9674958749199938e-01  9.9656589640152216e-01  9.9691157176198486e-01  9.9816642829962587e-01  9.9807441253675711e-01  9.9824805191977961e-01  -2.5790998618847580e-07  -8.9025564942588713e-07  1.0733938096446515e-07  9.9857357939557811e-01  9.9852856128385603e-01  9.9861587212047598e-01  9.9909556660471166e-01  9.9907105555833020e-01  9.9911524099410198e-01  2.5271611777699322e-07  -1.6230118113802527e-06  1.7743294255044496e-06
1.1999999999999799e+01  9.9674934256035908e-01  9.9656558691552055e-01  9.9691141407258466e-01  9.9816636205508258e-01  9.9807429280500259e-01  9.9824785449438891e-01  5.4247834304989489e-08  -3.4957178339366257e-07  2.6235778887048978e-07  9.9857432287963699e-01  9.9852943336785127e-01  9.9861636832055689e-01  9.9909408815341871e-01  9.9906889419889067e-01  9.9911593178880087e-01  1.3449123549561490e-06  -6.1133939982476007e-07  4.4822235190125466e-06
1.2799999999999800e+01  9.9674902046842173e-01  9.9656516512044602e-01  9.9691111604291294e-01  9.9816644610558325e-01  9.9807450300526201e-01  9.9824788098571648e-01  -1.7450946560555300e-07  -6.1877742932364163e-07  6.1103624836753251e-08  9.9857437099512003e-01  9.9852885430976013e-01  9.9861645457859616e-01  9.9909333201963113e-01  9.9906909330547244e-01  9.9911548648033199e-01  -8.2638322487359957e-07  -2.7176412896769282e-06  2.3733132219430494e-06
1.3599999999999801e+01  9.9674856106227072e-01  9.9656461377314931e-01  9.9691071298868017e-01  9.9816686632114104e-01  9.9807508390095889e-01  9.9824821844984168e-01  -3.4745676639730412e-07  -7.1139387404222088e-07  -7.5037555153512758e-08  9.9857293634726862e-01  9.9852839897092482e-01  9.9861541203776250e-01  9.9909595142909979e-01  9.9906983309518760e-01  9.9911807887762016e-01  -1.9011870623144084e-06  -3.9882716291805077e-06  1.0882295106818703e-06
1.4399999999999700e+01  9.9674808036694840e-01  9.9656415431989098e-01  9.9691026860828635e-01  9.9816740297228990e-01  9.9807555442427820e-01  9.9824876272396446e-01  -2.6498795673033366e-07  -5.3720917649354244e-07  7.9161775534313898e-08  9.9857252600134050e-01  9.9852822715688150e-01  9.9861556491829451e-01  9.9909763150689901e-01  9.9906900940385823e-01  9.9912185006167520e-01  4.3733768008471820e-07  -3.3518764967288328e-06  4.2540109996759950e-06
1.5199999999999701e+01  9.9674780104042582e-01  9.9656390110512649e-01  9.9690995300554197e-01  9.9816755269936652e-01  9.9807556961112198e-01  9.9824911160565011e-01  6.5818660385297341e-08  -4.9880988161055633e-07  5.0102779626914025e-07  9.9857430768341626e-01  9.9852984374598730e-01  9.9861742608738602e-01  9.9909459558960401e-01  9.9906441551517267e-01  9.9912014803452720e-01  2.2386011914520655e-06  -6.3267372349963188e-07  7.3329561555358993e-06
1.5999999999999700e+01  9.9674756884480775e-01  9.9656380561840496e-01  9.9690987339337833e-01  9.9816748102356445e-01  9.9807517342658503e-01  9.9824901162247803e-01  -7.8648593041268753e-08  -9.2798544182161642e-07  5.6494455897329299e-07  9.9857391011092078e-01  9.9852677407026347e-01  9.9861969632051606e-01  9.9909425118923623e-01  9.9906109334472804e-01  9.9912014352091072e-01  -1.9301461365426076e-06  -6.5695332502360567e-06  2.5776368172187193e-06
1.6799999999999802e+01  9.9674704541455217e-01  9.9656380353847651e-01  9.9690994088612250e-01  9.9816798758077985e-01  9.9807439184641122e-01  9.9824868153949731e-01  -4.9870486344324953e-07  -1.6210975814347971e-06  1.0684720062111144e-06  9.9857182188362625e-01  9.9852473813919918e-01  9.9861686742370548e-01  9.9909836124151719e-01  9.9905910935959830e-01  9.9912562048282261e-01  -2.5647928243965561e-06  -5.8544831867535978e-06  2.4213989359451396e-06
1.7600000000000001e+01  9.9674641128811470e-01  9.9656301286097038e-01  9.9690962444969922e-01  9.9816892745512298e-01  9.9807433853688410e-01  9.9825059152373719e-01  -6.2571336287357470e-07  -2.7239811886001500e-06  2.4209413850013892e-06  9.9857042578308375e-01  9.9852267566611685e-01  9.9861433038627467e-01  9.9910223079944549e-01  9.9906236761970946e-01  9.9913115437059108e-01  -2.4537440170814175e-06  -5.7000085485766267e-06  8.6207072262737853e-07
1.8400000000000102e+01  9.9674565536102855e-01  9.9656124898412468e-01  9.9690851989890827e-01  9.9817019007480501e-01  9.9807682693465816e-01  9.9825478788515465e-01  -9.8977453342524070e-07  -4.3973210899572412e-06  2.1966436552855081e-06  9.9856889308774233e-01  9.9851961685721535e-01  9.9861387623713327e-01  9.9910649324819145e-01  9.9907066241027087e-01  9.9913816026704771e-01  -2.8858922380774846e-06  -5.9093470241120064e-06  5.4596108174895490e-07
1.9200000000000198e+01  9.9674450279023352e-01  9.9655882581804955e-01  9.9690906257320278e-01  9.9817229965312393e-01  9.9807697503988391e-01  9.9825967014690387e-01  -1.5980614013107273e-06  -5.5159143560689874e-06  3.0989643062429615e-06  9.9856710586198338e-01  9.9851696196405648e-01  9.9861275330784116e-01  9.9911142344151582e-01  9.9907876427061193e-01  9.9914490935072420e-01  -3.2603203021416215e-06  -5.9502437141793120e-06  5.7842526213554506e-07
2.0000000000000298e+01  9.9674300552403072e-01  9.9655599661030037e-01  9.9690914757203319e-01  9.9817534857733969e-01  9.9807359127240924e-01  9.9826653649012653e-01  -2.1656062540188894e-06  -5.5561812381213021e-06  3.2010690354775984e-06  9.9856519368730878e-01  9.9851477976610981e-01  9.9860963608559161e-01  9.9911682289141601e-01  9.9908481798927007e-01  9.9915206326024397e-01  -3.4584268746188432e-06  -6.0961789711039871e-06  6.8757086814404789e-07
2.0800000000000502e+01  9.9674113586046831e-01  9.9655310916907980e-01  9.9690809566425831e-01  9.9817947132505636e-01  9.9807456945082795e-01  9.9827415885550941e-01  -2.9856661112132690e-06  -6.3233928463749442e-06  1.6324439986653736e-06  9.9856327483453344e-01  9.9851262337030855e-01  9.9860636974951311e-01  9.9912240275677489e-01  9.9909022512900147e-01  9.9915967385167670e-01  -3.5119745415294768e-06  -5.7375944629201805e-06  7.5154355085616442e-07
2.1600000000000598e+01  9.9673870152798560e-01  9.9655032390988296e-01  9.9690498455711851e-01  9.9818512279556537e-01  9.9807954977423430e-01  9.9828151932525444e-01  -3.9946246627678927e-06  -7.0673854084691308e-06  1.3991787284702718e-06  9.9856134398520724e-01  9.9851060313085482e-01  9.9860393648196866e-01  9.9912807691983585e-01  9.9909676605705167e-01  9.9916606810947839e-01  -3.5971419043093824e-06  -5.3714949754684764e-06  1.0085119796267541e-06
2.2400000000000698e+01  9.9673581562929203e-01  9.9654748805351534e-01  9.9690199001788482e-01  9.9819218249485075e-01  9.9808603506106097e-01  9.9828922417035493e-01  -4.6793196609384786e-06  -7.3545468395622264e-06  -2.0068261261645961e-08  9.9855934074614028e-01  9.9850867300978630e-01  9.9860187997799466e-01  9.9913393495963343e-01  9.9910371003239518e-01  9.9917124985342953e-01  -3.7348339101839105e-06  -6.5852021031910226e-06  2.7056962259905392e-09
2.3200000000000799e+01  9.9673272378125066e-01  9.9654444201575887e-01  9.9689835137963223e-01  9.9820008162561069e-01  9.9809550361175992e-01  9.9829649971505474e-01  -5.1178631242064222e-06  -7.5517452193339451e-06  -1.5974804041753009e-06  9.9855724144379421e-01  9.9850696697294805e-01  9.9859973889268694e-01  9.9914004239906085e-01  9.9910902795264622e-01  9.9917583416008915e-01  -3.9122734461663118e-06  -6.3680604995834727e-06  -2.2840149133981401e-06
2.4000000000000998e+01  9.9672934445297801e-01  9.9654139602407121e-01  9.9689429727515300e-01  9.9820883711151520e-01  9.9810636570197175e-01  9.9830421036297368e-01  -5.7992633700449618e-06  -9.7674530095209102e-06  -1.5308927811213961e-06  9.9855503145696889e-01  9.9850575342278802e-01  9.9859770191588471e-01  9.9914645316838846e-01  9.9911777207557484e-01  9.9918011314636646e-01  -4.0955347627294043e-06  -8.1612887101329613e-06  -1.5232135183108043e-06
2.4800000000001098e+01  9.9672548706632980e-01  9.9653791370576639e-01  9.9689038970545341e-01  9.9821889435194922e-01  9.9811814469385129e-01  9.9831381107300299e-01  -6.6814717808506151e-06  -9.3860223124458392e-06  -1.4521098987132548e-06  9.9855277617575544e-01  9.9850473471645484e-01  9.9859589152253370e-01  9.9915306380440194e-01  9.9912447067720223e-01  9.9918352827993817e-01  -4.1414411063200291e-06  -8.3219975562011315e-06  -8.8724578967739822e-07
2.5600000000001199e+01  9.9672121750622100e-01  9.9653345446041042e-01  9.9688625718859980e-01  9.9823025987577574e-01  9.9813119136347295e-01  9.9832353764657511e-01  -7.3927212710831779e-06  -1.1405166083421399e-05  -1.7627435730673025e-06  9.9855058312813783e-01  9.9850337367576514e-01  9.9859445334195440e-01  9.9915962515999612e-01  9.9913093980114698e-01  9.9918694258720586e-01  -4.0539301219515320e-06  -7.5696358629080017e-06  -5.4502518708344785e-07
2.6400000000001299e+01  9.9671669941182717e-01  9.9653152773065212e-01  9.9688103642369930e-01  9.9824256048849214e-01  9.9814607368674046e-01  9.9833174771918454e-01  -7.8390268527000603e-06  -1.1232219461908885e-05  -3.1786920562436101e-07  9.9854846237622019e-01  9.9850193974285129e-01  9.9859303091024831e-01  9.9916603531863857e-01  9.9913708873816898e-01  9.9919083474291581e-01  -3.9702835261257629e-06  -6.6886501853356292e-06  -1.7630860322893173e-07
2.7200000000001499e+01  9.9671217845677651e-01  9.9652758601816638e-01  9.9687840852458920e-01  9.9825519265426088e-01  9.9815739712124352e-01  9.9833942166208234e-01  -7.7285725520564467e-06  -1.0809986172211971e-05  -1.6468398713007805e-06  9.9854636402332342e-01  9.9850041770589659e-01  9.9859045586050665e-01  9.9917235575559782e-01  9.9914320288303804e-01  9.9919588359694111e-01  -3.9437744198494384e-06  -6.3338409098350554e-06  1.3101593745071676e-07
2.8000000000001599e+01  9.9670809628250678e-01  9.9652286693988268e-01  9.9687543402307888e-01  9.9826710227127635e-01  9.9816664242372910e-01  9.9835031949616826e-01  -7.0312675150281434e-06  -9.6086080307595322e-06  -4.0152859184763496e-06  9.9854425680129966e-01  9.9849883870731504e-01  9.9858852041919333e-01  9.9917866413368350e-01  9.9914470153654678e-01  9.9920244879595477e-01  -3.9370853226077494e-06  -6.0829764503105671e-06  1.9964667937468432e-07
2.8800000000001699e+01  9.9670439567414060e-01  9.9651815642996311e-01  9.9687044591085772e-01  9.9827806473935554e-01  9.9817948093427966e-01  9.9836263973914552e-01  -6.7034623822444414e-06  -9.3518385691519268e-06  -2.8586231575214497e-06  9.9854220385394954e-01  9.9849632981488434e-01  9.9858875520843049e-01  9.9918486828936048e-01  9.9914995924769612e-01  9.9920908272988695e-01  -3.7843449090929692e-06  -6.9168064431485376e-06  3.9274498275170180e-07
2.9600000000001799e+01  9.9670058959491270e-01  9.9651368527281847e-01  9.9686542512999843e-01  9.9828898646717223e-01  9.9819290511425030e-01  9.9837578392908954e-01  -6.8611236494182919e-06  -8.9599147144498314e-06  -4.2291937453605622e-06  9.9854032798099923e-01  9.9849440629428499e-01  9.9858735382408126e-01  9.9919069012434303e-01  9.9915916577547770e-01  9.9921467874791325e-01  -3.4920913526154346e-06  -6.9262374424489376e-06  8.9691538495237669e-07
3.0400000000001999e+01  9.9669678834023367e-01  9.9650965076640541e-01  9.9686125825983873e-01  9.9829989295445010e-01  9.9820508356219650e-01  9.9838767595541078e-01  -6.5556818015717177e-06  -8.1538521313808481e-06  -5.4011651065799113e-06  9.9853859715128190e-01  9.9849128771796680e-01  9.9858445715189637e-01  9.9919609841887858e-01  9.9916482689836439e-01  9.9921951094736805e-01  -3.2961973391637099e-06  -6.8354360591073321e-06  4.0915461937304348e-07
3.1200000000002099e+01  9.9669350584314675e-01  9.9650655656089038e-01  9.9685811781885225e-01  9.9830973545108370e-01  9.9821487261010644e-01  9.9839776580527062e-01  -5.5915075087571232e-06  -6.5220069787335476e-06  -4.8541380317134214e-06  9.9853689441644211e-01  9.9848830224969465e-01  9.9858086691919656e-01  9.9920131307489424e-01  9.9916684818996460e-01  9.9922686126944249e-01  -3.2473230107422546e-06  -6.6236990455965514e-06  1.1780688393174931e-06
3.2000000000002203e+01  9.9669093908483741e-01  9.9650418458193846e-01  9.9685570943931223e-01  9.9831782730597207e-01  9.9822252232734643e-01  9.9840546739292468e-01  -4.4507555513649323e-06  -5.4032770212526868e-06  -3.3388313961568939e-06  9.9853513381316805e-01  9.9848592174053896e-01  9.9858029023573847e-01  9.9920656428657884e-01  9.9917229190306067e-01  9.9923280530820158e-01  -3.3328341380469337e-06  -6.3945292507593849e-06  -8.6968372090577292e-07
3.2800000000002001e+01  9.9668897131633682e-01  9.9650243737582556e-01  9.9685413333101591e-01  9.9832420522934662e-01  9.9822826058076231e-01  9.9841108352549746e-01  -3.5002700276334366e-06  -4.5438352293632977e-06  -2.6825123172719275e-06  9.9853333395025712e-01  9.9848368721539160e-01  9.9857724676602877e-01  9.9921190963999429e-01  9.9918133573607248e-01  9.9923946956861709e-01  -3.2885655897326019e-06  -6.2768587467511870e-06  6.3950701297476200e-08
3.3600000000001899e+01  9.9668736878988684e-01  9.9650108883177579e-01  9.9685258895825068e-01  9.9832931547125436e-01  9.9823321820956923e-01  9.9841528325695150e-01  -2.8638339320882954e-06  -3.6598085892476210e-06  -2.2171529071351518e-06  9.9853175263153771e-01  9.9848175529926386e-01  9.9857525818551174e-01  9.9921686257215248e-01  9.9919041796352004e-01  9.9924499296356084e-01  -2.8620573752675254e-06  -5.3760077840824944e-06  6.4315915603360752e-07
3.4400000000001697e+01  9.9668603612550488e-01  9.9650006648227485e-01  9.9685089897020296e-01  9.9833345622663250e-01  9.9823787778345641e-01  9.9841851845074070e-01  -2.2161596388581066e-06  -3.1457030038651520e-06  -1.4228451001264538e-06  9.9853043031814659e-01  9.9848043307351675e-01  9.9857271877324039e-01  9.9922116008809669e-01  9.9919433637123067e-01  9.9924953634276781e-01  -2.5951668750661265e-06  -5.4145886946585974e-06  1.3148828135284718e-06
3.5200000000001602e+01  9.9668517752534869e-01  9.9649964277012071e-01  9.9684942348410333e-01  9.9833629712877647e-01  9.9824133663980275e-01  9.9842076169485561e-01  -1.2520804623859987e-06  -2.4933892815532088e-06  -3.2229780930036764e-07  9.9852900812215539e-01  9.9847972216253145e-01  9.9857027800747122e-01  9.9922543826795396e-01  9.9920004843829047e-01  9.9925327003329545e-01  -2.7922352301859545e-06  -4.4671136403693067e-06  -1.0348141923124051e-06
3.6000000000001400e+01  9.9668490446112623e-01  9.9649949906428392e-01  9.9684867731791893e-01  9.9833752538101073e-01  9.9824342384251330e-01  9.9842204317935201e-01  -2.9967414401913848e-07  -1.8854154570817823e-06  7.9602907298698300e-07  9.9852744098236623e-01  9.9847893927252418e-01  9.9856841339003577e-01  9.9923000213022828e-01  9.9920549680491100e-01  9.9925699878297247e-01  -2.8323583239923888e-06  -4.2555702167328088e-06  -8.0912294072793917e-07
3.6800000000001198e+01  9.9668499488054851e-01  9.9649987409015006e-01  9.9684848617578625e-01  9.9833751520004510e-01  9.9824449280308314e-01  9.9842174443901688e-01  2.4820759715357638e-07  -1.1466559456253970e-06  1.3500691523103341e-06  9.9852608099024409e-01  9.9847811554239740e-01  9.9856749987919480e-01  9.9923424386662496e-01  9.9921028040575821e-01  9.9925968638829388e-01  -2.4123722973875525e-06  -4.0003745480501650e-06  -9.7618702555963183e-07
3.7600000000001103e+01  9.9668516642816374e-01  9.9650047891626958e-01  9.9684851394961194e-01  9.9833694061545541e-01  9.9824426178240722e-01  9.9842034001232494e-01  4.2451958223440082e-07  -7.3316729636977316e-07  1.4576913249537446e-06  9.9852507719222716e-01  9.9847748681329618e-01  9.9856723705258599e-01  9.9923767970303112e-01  9.9921442290483031e-01  9.9926207378301501e-01  -1.8947770156150230e-06  -3.0355730872118007e-06  -4.7315247669807263e-07
3.8400000000000901e+01  9.9668532905893292e-01  9.9650110273027981e-01  9.9684853699084308e-01  9.9833616826055205e-01  9.9824402632012621e-01  9.9841820297618489e-01  5.2801078505207719e-07  -6.3597945691967475e-07  1.5338871781195580e-06  9.9852430875643339e-01  9.9847712318693904e-01  9.9856654587703564e-01  9.9924039558202771e-01  9.9921783310494428e-01  9.9926347092013412e-01  -1.5166072754054622e-06  -2.7725780579529208e-06  4.2870492344184657e-07
3.9200000000000799e+01  9.9668558305402755e-01  9.9650141689864014e-01  9.9684908449414145e-01  9.9833511102795824e-01  9.9824261127692948e-01  9.9841636737244965e-01  7.7492226553650788e-07  -4.1612517096632040e-07  1.6475453619996384e-06  9.9852369165326982e-01  9.9847712691783230e-01  9.9856564204899334e-01  9.9924257129367389e-01  9.9921912946310132e-01  9.9926440200965316e-01  -1.1969135430302848e-06  -2.4344811109738478e-06  2.6806208710723117e-07
4.0000000000000597e+01  9.9668603472331696e-01  9.9650180579191128e-01  9.9684948599120016e-01  9.9833355592368411e-01  9.9824039107659224e-01  9.9841537181020745e-01  1.0923458828438349e-06  -2.6995871088283433e-07  2.2708856493359240e-06  9.9852324253432767e-01  9.9847686694740823e-01  9.9856494121318584e-01  9.9924422280784075e-01  9.9922028813665942e-01  9.9926620873665961e-01  -8.5689555064709946e-07  -2.2206143009737742e-06  5.7479439968262999e-07
4.0800000000000502e+01  9.9668661259377322e-01  9.9650208351445257e-01  9.9684997500940487e-01  9.9833160269114563e-01  9.9823839025606986e-01  9.9841435688391200e-01  1.2055098204233339e-06  1.6093112985956529e-07  1.8504515574502792e-06  9.9852298745878154e-01  9.9847631853654140e-01  9.9856471460582330e-01  9.9924530856462734e-01  9.9922206536757363e-01  9.9926719905791794e-01  -4.8482230425061864e-07  -1.9919669960989240e-06  6.9270188104071295e-07
4.1600000000000300e+01  9.9668711097240459e-01  9.9650252867655442e-01  9.9685068627602513e-01  9.9832969350270317e-01  9.9823632332137158e-01  9.9841265518361455e-01  1.0332784207787600e-06  -1.1973839332795885e-07  2.2768038066752077e-06  9.9852295304342165e-01  9.9847611752259258e-01  9.9856509417113082e-01  9.9924576547851540e-01  9.9922283719647520e-01  9.9926687795228941e-01  -7.8919359358297357e-08  -1.5714134072828274e-06  9.8548725995065851e-07
4.2400000000000098e+01  9.9668745316707930e-01  9.9650289856922170e-01  9.9685122471587495e-01  9.9832810171600528e-01  9.9823432036562743e-01  9.9841088179555593e-01  8.2856568359268856e-07  -1.8072974710909116e-07  1.6205090881711688e-06  9.9852310154372781e-01  9.9847652076335935e-01  9.9856551528777382e-01  9.9924563842705016e-01  9.9922126231039410e-01  9.9926616307920380e-01  2.1109402663902173e-07  -1.4302971323607652e-06  1.3324880075375510e-06
4.3200000000000003e+01  9.9668771694477587e-01  9.9650275197852001e-01  9.9685120810003813e-01  9.9832674207855310e-01  9.9823323041202450e-01  9.9841036711410436e-01  7.0399655930872981e-07  -8.1800219621887063e-07  1.7630617545699743e-06  9.9852329023347675e-01  9.9847673283239458e-01  9.9856548301349290e-01  9.9924522405299909e-01  9.9921953715919520e-01  9.9926684967111534e-01  2.9159503383228449e-07  -1.0182702854043068e-06  1.4292092248026071e-06
4.3999999999999801e+01  9.9668792131716755e-01  9.9650269310970874e-01  9.9685112921192454e-01  9.9832557027619329e-01  9.9823255209182493e-01  9.9841029813170390e-01  5.5536576760110712e-07  -4.7040891730880738e-07  1.4161467638433748e-06  9.9852346111078605e-01  9.9847649065763500e-01  9.9856578682335728e-01  9.9924473813580128e-01  9.9921900832033450e-01  9.9926707750074995e-01  3.3423728752357358e-07  -7.6371444136164587e-07  1.1703731452568786e-06
4.4799999999999699e+01  9.9668806607741234e-01  9.9650316216400958e-01  9.9685149547176177e-01  9.9832460863469408e-01  9.9823118036205938e-01  9.9840936328263585e-01  4.3190921701063569e-07  -4.4429120047430814e-07  1.0215290683071548e-06  9.9852366729535302e-01  9.9847633158161342e-01  9.9856641473030117e-01  9.9924414447906384e-01  9.9921884780673387e-01  9.9926611702017987e-01  4.2345682223129624e-07  -6.0651251085609207e-07  1.5552750512454756e-06
4.5599999999999497e+01  9.9668819711280277e-01  9.9650352188509672e-01  9.9685195849841091e-01  9.9832377084021018e-01  9.9823008584638528e-01  9.9840763688241452e-01  3.4931681098453506e-07  -5.2074719542389027e-07  1.2441030721648432e-06  9.9852393455814648e-01  9.9847671767996338e-01  9.9856652268837243e-01  9.9924338992979034e-01  9.9921791598927689e-01  9.9926552887300357e-01  5.3695849092588778e-07  -1.7331422382117671e-07  1.1902699584630536e-06
4.6399999999999302e+01  9.9668825457102683e-01  9.9650349825502593e-01  9.9685200678229868e-01  9.9832312180080951e-01  9.9822982547238681e-01  9.9840639637005157e-01  1.4547500731197390e-07  -8.0481188133628099e-07  7.0184229132303114e-07  9.9852426911837366e-01  9.9847721385802890e-01  9.9856642386861882e-01  9.9924244609773871e-01  9.9921655911891205e-01  9.9926563618194608e-01  6.4239950973980186e-07  -1.7550050969226745e-07  1.4622799275134094e-06
4.7199999999999200e+01  9.9668815938861699e-01  9.9650346101855458e-01  9.9685168215339237e-01  9.9832283181786896e-01  9.9822983162048551e-01  9.9840607155054528e-01  -8.9094415981666359e-08  -1.2795798304312911e-06  1.1016025842650318e-06  9.9852459131629767e-01  9.9847735297309059e-01  9.9856694065792373e-01  9.9924145165719613e-01  9.9921566423582964e-01  9.9926486917537605e-01  5.7603855631021985e-07  -3.6072858336804452e-07  1.2166430290291185e-06
4.7999999999998998e+01  9.9668801032779741e-01  9.9650348887907447e-01  9.9685143650628927e-01  9.9832276597397429e-01  9.9822984891128874e-01  9.9840591945608836e-01  -1.5946637429084614e-07  -8.1444123625981970e-07  3.0273907640863078e-07  9.9852477893977132e-01  9.9847734328886451e-01  9.9856771145785650e-01  9.9924070026846246e-01  9.9921524172892962e-01  9.9926344935697442e-01  3.7677127286255844e-07  -6.6015144568018873e-07  1.2716477749899068e-06
4.8799999999998903e+01  9.9668789906296973e-01  9.9650348954520129e-01  9.9685147509275485e-01  9.9832271613230528e-01  9.9822979961864267e-01  9.9840536236136146e-01  -1.7590468398319143e-07  -9.6028335236554565e-07  6.3095781217675697e-07  9.9852487829085834e-01  9.9847740918048478e-01  9.9856775261172470e-01  9.9924020089717902e-01  9.9921506721216413e-01  9.9926336975886176e-01  2.9101276031090298e-07  -5.9822617934837887e-07  1.6203691946855188e-06
4.9599999999998701e+01  9.9668777908458639e-01  9.9650329897995360e-01  9.9685142524113401e-01  9.9832271897180980e-01  9.9822992652075437e-01  9.9840499179808007e-01  -2.6787129954543329e-07  -1.3312583365670972e-06  2.5191182114597414e-07  9.9852499996841626e-01  9.9847787921147935e-01  9.9856733324682656e-01  9.9923973577058511e-01  9.9921432594286130e-01  9.9926301417832175e-01  3.0679463015111997e-07  -6.3343877233737384e-07  1.4772913198184761e-06
5.0399999999998499e+01  9.9668757764139704e-01  9.9650286806164079e-01  9.9685094289071507e-01  9.9832290803143708e-01  9.9823068165469464e-01  9.9840551952883749e-01  -4.4140855963068124e-07  -1.7439614274155123e-06  4.2150569702975984e-07  9.9852512166968266e-01  9.9847848319094934e-01  9.9856738534487532e-01  9.9923928318465638e-01  9.9921299178132794e-01  9.9926293437654490e-01  2.5935074043723294e-07  -9.3974359695247133e-07  1.4541386641707253e-06
5.1199999999998397e+01  9.9668727152538694e-01  9.9650243352430312e-01  9.9685041923260020e-01  9.9832335640196168e-01  9.9823162236682716e-01  9.9840644517183197e-01  -5.9743753021744158e-07  -1.4925446641574754e-06  7.8301147175802772e-08  9.9852517614604741e-01  9.9847832425265015e-01  9.9856791403209089e-01  9.9923896958153069e-01  9.9921291456282502e-01  9.9926160828272459e-01  1.4343377698736931e-07  -5.6432802768632884e-07  1.0298108294495937e-06
5.1999999999998202e+01  9.9668697120532657e-01  9.9650233089528939e-01  9.9685029711596795e-01  9.9832388083488754e-01  9.9823199642510341e-01  9.9840670209801630e-01  -5.5619601104753962e-07  -1.0016754713919710e-06  -1.8047704949676876e-07  9.9852514627244726e-01  9.9847775001303130e-01  9.9856813349704543e-01  9.9923886404162665e-01  9.9921411382967218e-01  9.9926117291271488e-01  6.2827407354329739e-09  -1.0038512270051839e-06  1.0892985065977088e-06
5.2799999999998100e+01  9.9668679958444573e-01  9.9650234219276357e-01  9.9685054758788560e-01  9.9832419110564330e-01  9.9823194877607746e-01  9.9840616662231152e-01  -4.1060047320185071e-07  -9.5310719709724180e-07  2.1021326581976864e-07  9.9852505734211272e-01  9.9847760087434978e-01  9.9856763739348953e-01  9.9923894579339168e-01  9.9921480701519094e-01  9.9926188324063114e-01  -6.4995682698986166e-08  -9.7359414081282235e-07  1.0766638580395196e-06
5.3599999999997898e+01  9.9668667838929603e-01  9.9650224544597577e-01  9.9685044628931219e-01  9.9832435010982423e-01  9.9823192356610191e-01  9.9840632001153040e-01  -4.4518675258205150e-07  -1.5556068626429839e-06  5.2320617970899653e-07  9.9852501132986027e-01  9.9847778178420321e-01  9.9856694783987032e-01  9.9923901095813694e-01  9.9921463842758906e-01  9.9926225507599120e-01  2.4240813265508087e-08  -9.2497385613512321e-07  9.5797061852251103e-07
5.4399999999997704e+01  9.9668642153175324e-01  9.9650192968350526e-01  9.9684987133760261e-01  9.9832473231779706e-01  9.9823231582637340e-01  9.9840653700198445e-01  -7.0064284994044948e-07  -1.8530644824890582e-06  -2.0269259532407898e-07  9.9852503766410716e-01  9.9847781656016388e-01  9.9856685586037264e-01  9.9923892440417084e-01  9.9921457374565292e-01  9.9926278523633305e-01  7.5088499652865018e-08  -1.4454347720169363e-06  1.1436216012776763e-06
5.5199999999997601e+01  9.9668601878340679e-01  9.9650127569137970e-01  9.9684933427106437e-01  9.9832546796945709e-01  9.9823357866497842e-01  9.9840777100441447e-01  -8.6828689850746922e-07  -1.8590961790177165e-06  2.3898297605270317e-08  9.9852500359848295e-01  9.9847750248442135e-01  9.9856751927912124e-01  9.9923890803696935e-01  9.9921532258151236e-01  9.9926154282984636e-01  -4.4752759218445353e-08  -1.2866166954401380e-06  1.4861752658350585e-06
5.5999999999997399e+01  9.9668565819218458e-01  9.9650081807986146e-01  9.9684899805982086e-01  9.9832622976213847e-01  9.9823471398815666e-01  9.9840868662777793e-01  -7.8310142294006664e-07  -1.6796918860411698e-06  -1.7238084992425045e-07  9.9852490036685815e-01  9.9847726796926040e-01  9.9856790128146922e-01  9.9923905619978037e-01  9.9921618810512824e-01  9.9926143740373563e-01  -8.2726701329146281e-08  -1.3388409373810193e-06  1.1313021425917885e-06
5.6799999999997297e+01  9.9668542623775114e-01  9.9650087554064004e-01  9.9684896424933844e-01  9.9832675708863972e-01  9.9823480584542346e-01  9.9840886858110689e-01  -6.6837375510293124e-07  -1.7697199294789723e-06  -3.1018749146859787e-08  9.9852486046882194e-01  9.9847750246867506e-01  9.9856730580949937e-01  9.9923912872305976e-01  9.9921649923618605e-01  9.9926191437867451e-01  2.5378686737235608e-08  -1.6781712282907573e-06  1.0888355433680127e-06
5.7599999999997102e+01  9.9668519273757372e-01  9.9650069906576533e-01  9.9684898576022507e-01  9.9832722826098408e-01  9.9823502286876997e-01  9.9840898414959367e-01  -7.7729586876935960e-07  -1.7435621433101921e-06  5.5263528141939893e-07  9.9852487842452042e-01  9.9847792472866315e-01  9.9856683911887656e-01  9.9923906012356445e-01  9.9921619265344375e-01  9.9926293043742520e-01  6.3361409629712743e-08  -1.0819899585236247e-06  1.3363782602726340e-06
5.8399999999997000e+01  9.9668481375793350e-01  9.9650024545071358e-01  9.9684860295378441e-01  9.9832797657619943e-01  9.9823585414906479e-01  9.9840971873094120e-01  -9.9608926846626698e-07  -1.6604306270790198e-06  -3.6930597684682254e-07  9.9852484962984600e-01  9.9847779481386367e-01  9.9856724067548086e-01  9.9923903932847591e-01  9.9921522925227935e-01  9.9926261019152862e-01  -2.1857594408712117e-08  -1.3729720790520001e-06  1.7922294933747929e-06
5.9199999999996798e+01  9.9668441976272404e-01  9.9649971411923033e-01  9.9684800341000146e-01  9.9832884403354671e-01  9.9823678999970766e-01  9.9841070836792412e-01  -9.2196383900666788e-07  -2.9011136043036874e-06  1.5010810373429510e-07  9.9852473713382861e-01  9.9847681248445042e-01  9.9856742916884622e-01  9.9923919486453960e-01  9.9921458470160185e-01  9.9926245595365704e-01  -1.4568240044481182e-07  -1.4606078073614689e-06  1.4768387951597551e-06
5.9999999999996597e+01  9.9668422333662421e-01  9.9649911325718177e-01  9.9684764911080448e-01  9.9832934820543906e-01  9.9823808083490984e-01  9.9841159362160270e-01  -6.5511467672932709e-07  -1.8718174211596659e-06  6.6821807333203642e-07  9.9852454554604220e-01  9.9847616581039689e-01  9.9856698577902747e-01  9.9923955911408502e-01  9.9921478340525050e-01  9.9926270203795398e-01  -2.7695580538686027e-07  -2.5596712108428255e-06  1.3801167012895246e-06
6.0799999999996501e+01  9.9668414336872901e-01  9.9649912847838151e-01  9.9684754041649803e-01  9.9832951100307410e-01  9.9823872831186444e-01  9.9841155470482423e-01  -5.6677944182942301e-07  -1.6860030496190193e-06  1.1340701061155332e-06  9.9852430056633890e-01  9.9847660621028822e-01  9.9856716825280922e-01  9.9924010083891146e-01  9.9921505194576443e-01  9.9926338199504450e-01  -3.5157096992926517e-07  -1.5636439559249344e-06  1.0958362230869178e-06
6.1599999999996299e+01  9.9668404757174933e-01  9.9649948430490443e-01  9.9684765081426208e-01  9.9832961273442689e-01  9.9823781170597214e-01  9.9841167209128767e-01  -5.8786905064071084e-07  -2.4576265664127215e-06  1.1012331815039394e-06  9.9852406200522026e-01  9.9847710291234659e-01  9.9856770157676900e-01  9.9924069261015025e-01  9.9921532512175648e-01  9.9926383226400306e-01  -3.4837251895591116e-07  -1.6957927357028478e-06  1.2435792323961337e-06
6.2399999999996197e+01  9.9668393592871096e-01  9.9649871077339769e-01  9.9684812448820592e-01  9.9832971854580466e-01  9.9823740652697979e-01  9.9841280393664522e-01  -6.2692570421715929e-07  -2.5885698913025185e-06  1.0286500489734232e-06  9.9852383134200107e-01  9.9847693185543973e-01  9.9856735000213148e-01  9.9924128738833840e-01  9.9921608887447810e-01  9.9926480334107470e-01  -3.7076373102763726e-07  -1.8534760002583178e-06  1.1985217621842523e-06
6.3199999999996002e+01  9.9668375956692545e-01  9.9649757855789789e-01  9.9684834270980238e-01  9.9832993268108083e-01  9.9823726834135207e-01  9.9841405402170946e-01  -7.7189542265702174e-07  -3.5229525832040011e-06  7.3058546780261332e-07  9.9852355910354673e-01  9.9847681666057142e-01  9.9856676951968115e-01  9.9924196864485593e-01  9.9921666442073165e-01  9.9926460542320583e-01  -4.4915452354576505e-07  -2.0069551935013482e-06  1.4863543027827892e-06
6.3999999999995801e+01  9.9668351254130205e-01  9.9649757154223007e-01  9.9684816205716797e-01  9.9833032071760874e-01  9.9823676874047040e-01  9.9841491884962075e-01  -8.2959396202925713e-07  -2.3332737926099005e-06  4.6226937217643683e-07  9.9852323265383447e-01  9.9847679943461354e-01  9.9856613902935454e-01  9.9924278630041141e-01  9.9921724837904846e-01  9.9926417683509772e-01  -5.2993600288631224e-07  -2.3276822729307230e-06  7.5993508533091049e-07
6.4799999999996203e+01  9.9668337590177958e-01  9.9649802152414835e-01  9.9684812709919635e-01  9.9833055484676336e-01  9.9823606971851353e-01  9.9841394933692662e-01  -6.6124393610027901e-07  -2.1153278565243101e-06  1.3791634592652676e-06  9.9852288493722419e-01  9.9847637569082459e-01  9.9856541882585537e-01  9.9924369360465870e-01  9.9921896385161524e-01  9.9926509893881088e-01  -5.4779615485920205e-07  -2.1849610529554909e-06  7.3620807162610695e-07
6.5599999999996697e+01  9.9668329545761525e-01  9.9649801599527765e-01  9.9684795511782731e-01  9.9833062345940671e-01  9.9823601334493983e-01  9.9841377485968807e-01  -7.5476539868647130e-07  -2.1637034034483556e-06  9.7945580258583920e-07  9.9852257493653940e-01  9.9847619497901008e-01  9.9856556038612720e-01  9.9924456035913856e-01  9.9922044200751903e-01  9.9926552656637357e-01  -4.9034578499289419e-07  -1.7519992038796713e-06  1.1790060746228617e-06
6.6399999999997107e+01  9.9668299903274038e-01  9.9649772672319359e-01  9.9684742718736374e-01  9.9833107608732452e-01  9.9823680051963160e-01  9.9841468962932167e-01  -1.1026699270734283e-06  -3.3805623144238284e-06  4.2166781619629232e-07  9.9852228186268832e-01  9.9847624017196546e-01  9.9856534063589575e-01  9.9924537894926091e-01  9.9922078492586652e-01  9.9926541462590435e-01  -5.1645449524817234e-07  -1.5618789729427839e-06  1.2154560581737748e-06
6.7199999999997502e+01  9.9668257362068124e-01  9.9649744580957766e-01  9.9684670314782808e-01  9.9833190321633380e-01  9.9823854626714437e-01  9.9841429283703764e-01  -1.2392659081793683e-06  -2.9935556678493168e-06  9.5438136670637622e-07  9.9852190573417854e-01  9.9847551801681556e-01  9.9856389637187881e-01  9.9924634802829737e-01  9.9922210380751952e-01  9.9926802886280730e-01  -6.5185550753435902e-07  -2.1938279410743480e-06  1.1480492455766978e-06
6.7999999999997897e+01  9.9668216812969701e-01  9.9649688338534048e-01  9.9684582977593916e-01  9.9833279663359498e-01  9.9824081099590245e-01  9.9841515498116418e-01  -1.2642824122441590e-06  -3.1882053078803714e-06  4.7160254098413308e-07  9.9852146831782540e-01  9.9847467826627967e-01  9.9856312273913561e-01  9.9924749059822471e-01  9.9922392789712067e-01  9.9927057383444917e-01  -7.1175159873390924e-07  -2.7205457099011966e-06  7.4834423544296821e-07
6.8799999999998306e+01  9.9668180957635855e-01  9.9649615706297889e-01  9.9684556433279614e-01  9.9833363825074795e-01  9.9824147306744071e-01  9.9841642343916825e-01  -1.2171580105219537e-06  -3.7397932579780818e-06  2.6122470816528444e-07  9.9852103137859083e-01  9.9847425907390974e-01  9.9856315762788894e-01  9.9924868569734904e-01  9.9922522999076291e-01  9.9927125328173427e-01  -7.4156306987512945e-07  -2.1733268723589129e-06  9.3340576560458489e-07
6.9599999999998701e+01  9.9668147367588378e-01  9.9649564386255118e-01  9.9684545873935571e-01  9.9833442195842703e-01  9.9824030864586122e-01  9.9841916890301907e-01  -1.3115348760792663e-06  -3.8886337867928507e-06  -3.4187825181386920e-08  9.9852056724862659e-01  9.9847367979699420e-01  9.9856285103016729e-01  9.9924995864110178e-01  9.9922713779095840e-01  9.9927253621528089e-01  -7.9328908418209725e-07  -2.2954645022074503e-06  4.4562325880457140e-07
7.0399999999999096e+01  9.9668091236315437e-01  9.9649419329193345e-01  9.9684540409709488e-01  9.9833562560444578e-01  9.9824118867489708e-01  9.9842184459393057e-01  -1.7677225579316892e-06  -3.9253064864339658e-06  -2.6225556196645534e-07  9.9852010751998277e-01  9.9847274462463920e-01  9.9856226515131041e-01  9.9925125678078153e-01  9.9922876404987193e-01  9.9927407839062699e-01  -7.6461619322926581e-07  -2.3406923651458032e-06  7.8643930053956088e-07
7.1199999999999505e+01  9.9668007169954165e-01  9.9649352978198624e-01  9.9684496357912322e-01  9.9833752133233544e-01  9.9824298805324840e-01  9.9842359506581924e-01  -2.1280712815885811e-06  -3.5622659619846536e-06  -1.1646667171794601e-06  9.9851968259162927e-01  9.9847210618475379e-01  9.9856183169728696e-01  9.9925249323791454e-01  9.9923028980016315e-01  9.9927662198714484e-01  -7.4163559282319126e-07  -2.5342817014029789e-06  9.8192203456560600e-07
7.1999999999999901e+01  9.9667922616298532e-01  9.9649377551777407e-01  9.9684426757824962e-01  9.9833964870862557e-01  9.9824437167563085e-01  9.9842420399306298e-01  -2.1233586676174268e-06  -3.2643341729926160e-06  -1.0686596525978060e-06  9.9851923006459686e-01  9.9847167577664842e-01  9.9856146464544548e-01  9.9925376651422160e-01  9.9923200976248405e-01  9.9927971873014954e-01  -8.0426022528313146e-07  -2.3344884555112212e-06  6.3076201465496920e-07
7.2800000000000296e+01  9.9667847140158072e-01  9.9649294655895404e-01  9.9684298926638804e-01  9.9834167387796369e-01  9.9824733198611615e-01  9.9842555134497291e-01  -2.1391396062137059e-06  -4.1240508034069650e-06  -7.3971896302713074e-07  9.9851872907218753e-01  9.9847192512429683e-01  9.9856085782152515e-01  9.9925515102318918e-01  9.9923266986688120e-01  9.9928103017350245e-01  -8.6141684545908671e-07  -2.5473536036219711e-06  9.0740846015018442e-07
7.3600000000000705e+01  9.9667756912247807e-01  9.9649170345476190e-01  9.9684136495579256e-01  9.9834396801713854e-01  9.9825128987534151e-01  9.9842791616193649e-01  -2.5135936057369004e-06  -5.0787818042382670e-06  -1.0037575041549658e-06  9.9851821996567991e-01  9.9847177807968968e-01  9.9856015219480165e-01  9.9925658836426479e-01  9.9923210035745857e-01  9.9928096994886872e-01  -8.7229470643517774e-07  -2.1701762541360331e-06  6.8692853486487326e-07
7.4400000000001199e+01  9.9667638870720077e-01  9.9649082511822917e-01  9.9684028147491699e-01  9.9834691413904997e-01  9.9825515031883616e-01  9.9842986450288862e-01  -2.9058413476809636e-06  -4.3117049049201096e-06  -1.6422894873900447e-06  9.9851772231938773e-01  9.9847064924222650e-01  9.9856018998578100e-01  9.9925802464332314e-01  9.9923351234378843e-01  9.9928109175500079e-01  -8.5733882053738844e-07  -2.6766726748604236e-06  1.1984667907358146e-06
7.5200000000001594e+01  9.9667516668976175e-01  9.9648968101812174e-01  9.9683987562811072e-01  9.9835015699323626e-01  9.9825800878072779e-01  9.9843163315569150e-01  -2.9197268600241406e-06  -4.1512170468955675e-06  -1.2273413581187529e-06  9.9851725369295086e-01  9.9847051325359637e-01  9.9856028857392887e-01  9.9925940886412579e-01  9.9923592746312295e-01  9.9928336616020852e-01  -8.1117784822216411e-07  -2.0240910983087070e-06  5.7195257450448563e-07
7.6000000000002004e+01  9.9667410509574439e-01  9.9648844253445035e-01  9.9683933547652293e-01  9.9835318018522701e-01  9.9825983826367959e-01  9.9843472037227299e-01  -2.7276937296787641e-06  -4.0505403692989609e-06  -1.7861970652916309e-06  9.9851679132727345e-01  9.9847010760759580e-01  9.9856016041199702e-01  9.9926076134292940e-01  9.9923712557553857e-01  9.9928357127175094e-01  -8.3893552626044647e-07  -2.1002437739079046e-06  9.1035938172680036e-07
7.6800000000002399e+01  9.9667320817159299e-01  9.9648715939339794e-01  9.9683820561423575e-01  9.9835582470812756e-01  9.9826259150781926e-01  9.9843804764229815e-01  -2.5114089691498452e-06  -4.6906097308951723e-06  -5.0169786974936666e-07  9.9851625844852643e-01  9.9846936723899060e-01  9.9855907876171879e-01  9.9926224474668057e-01  9.9923855732562417e-01  9.9928311622588650e-01  -9.4990403177722495e-07  -2.2675545733434358e-06  4.7511593510682060e-07
7.7600000000002794e+01  9.9667240518115219e-01  9.9648605857792272e-01  9.9683690046016826e-01  9.9835816420013468e-01  9.9826542560460485e-01  9.9844179133376465e-01  -2.4315994184317123e-06  -3.8937343141030503e-06  -1.4282022286894204e-06  9.9851569121662109e-01  9.9846833254861245e-01  9.9855840688728170e-01  9.9926384501101340e-01  9.9924085674379526e-01  9.9928571058285298e-01  -9.5741644276463979e-07  -1.9589024572794280e-06  2.8330219016717202e-07
7.8400000000003203e+01  9.9667154919881196e-01  9.9648519678983494e-01  9.9683620900729786e-01  9.9836050449788782e-01  9.9826807531665207e-01  9.9844410357439262e-01  -2.5289050779348543e-06  -3.8851313176671802e-06  -1.4538128580578164e-06  9.9851518968720865e-01  9.9846775146025579e-01  9.9855859067605524e-01  9.9926535513930870e-01  9.9924244381214467e-01  9.9928684216534391e-01  -8.5981324845918810e-07  -2.1958219505330285e-06  2.9895359430044669e-07
7.9200000000003598e+01  9.9667066846227748e-01  9.9648459094756925e-01  9.9683575961381687e-01  9.9836289108532950e-01  9.9827014047532348e-01  9.9844557994344207e-01  -2.4950891810204572e-06  -3.8698018215841863e-06  -1.6760026579017256e-06  9.9851472727383639e-01  9.9846734023494466e-01  9.9855841206374318e-01  9.9926675902047379e-01  9.9924322892609518e-01  9.9928827071066439e-01  -8.5590435628867238e-07  -2.1598761858537120e-06  2.0415568299527121e-07
8.0000000000003993e+01  9.9666990554541401e-01  9.9648370968864519e-01  9.9683497732088522e-01  9.9836504593899433e-01  9.9827239676027169e-01  9.9844802258314180e-01  -2.3235416318219097e-06  -3.5854968204028367e-06  -1.5112407943211750e-06  9.9851418767355848e-01  9.9846674182689699e-01  9.9855762955336358e-01  9.9926828357127939e-01  9.9924414641797410e-01  9.9929059114449692e-01  -9.8540361523429271e-07  -1.7943608066630471e-06  9.2010676862470694e-09
8.0800000000004403e+01  9.9666924684338243e-01  9.9648279112198646e-01  9.9683403863468889e-01  9.9836691617736717e-01  9.9827476086027711e-01  9.9844981917457620e-01  -2.2091128949709976e-06  -3.8437916006549034e-06  -1.2540745033145443e-06  9.9851358894872777e-01  9.9846619685270677e-01  9.9855691643579814e-01  9.9926996980829785e-01  9.9924519866536898e-01  9.9929302047343016e-01  -1.0212222184498954e-06  -2.2710346157780314e-06  1.4881716167662001e-07
8.1600000000004798e+01  9.9666862074492168e-01  9.9648235215713732e-01  9.9683336781842269e-01  9.9836863268752785e-01  9.9827610803177802e-01  9.9845169629548147e-01  -2.1694563732298654e-06  -3.1949099473174898e-06  -9.9040369411074462e-07  9.9851304440370647e-01  9.9846533921296554e-01  9.9855648537348352e-01  9.9927160154501615e-01  9.9924717501024840e-01  9.9929463343150415e-01  -9.3859354667600629e-07  -1.9895948350680269e-06  1.8159514096131890e-07
8.2400000000005207e+01  9.9666803299009099e-01  9.9648188813122518e-01  9.9683301652172840e-01  9.9837022436537526e-01  9.9827745620963804e-01  9.9845272419931996e-01  -2.0818192208116075e-06  -3.0576577818474544e-06  -1.2391306506445395e-06  9.9851256787457565e-01  9.9846442090811427e-01  9.9855607682385705e-01  9.9927308863664921e-01  9.9924981435537830e-01  9.9929587623840987e-01  -8.4098910699344233e-07  -1.9817739743526495e-06  1.2309393807115891e-07
8.3200000000005701e+01  9.9666754048539152e-01  9.9648145476856809e-01  9.9683284363195168e-01  9.9837157769468665e-01  9.9827870213254544e-01  9.9845337071647999e-01  -1.9421179920300418e-06  -3.0561220438847571e-06  -8.2048058350247381e-07  9.9851216515795949e-01  9.9846445169766884e-01  9.9855575492701232e-01  9.9927439153103748e-01  9.9925093826116873e-01  9.9929690498807411e-01  -7.0793862579225804e-07  -1.7257495767486119e-06  1.7369568271750642e-07
8.4000000000006096e+01  9.9666712538507007e-01  9.9648085104584394e-01  9.9683237477040954e-01  9.9837269126025507e-01  9.9827997563831972e-01  9.9845459218457966e-01  -1.8261548953118948e-06  -2.9995876984238435e-06  -5.3680238455195511e-07  9.9851182859750720e-01  9.9846447703675745e-01  9.9855542057303182e-01  9.9927550119176056e-01  9.9925146811507426e-01  9.9929806289495648e-01  -6.1567889388797458e-07  -1.3010560782244225e-06  1.2373516125844049e-07
8.4800000000006506e+01  9.9666680195370461e-01  9.9648033159983862e-01  9.9683166324381078e-01  9.9837354382946253e-01  9.9828128837075047e-01  9.9845605473748078e-01  -1.6677724523955582e-06  -2.5949976920669722e-06  -8.5218991651357187e-07  9.9851149997907418e-01  9.9846391938755530e-01  9.9855475898272406e-01  9.9927653081768775e-01  9.9925288428001557e-01  9.9929949055239753e-01  -6.0029669766606052e-07  -1.4419465004866673e-06  9.2126852685366499e-08
8.5600000000006901e+01  9.9666654741030425e-01  9.9648014948327857e-01  9.9683133904550481e-01  9.9837416468275053e-01  9.9828193620191641e-01  9.9845690914820184e-01  -1.6220558343063040e-06  -2.4648270239683382e-06  -1.0282344586594941e-06  9.9851116648492777e-01  9.9846342803876631e-01  9.9855453714960185e-01  9.9927754438615279e-01  9.9925423268821867e-01  9.9930051003709142e-01  -5.7362438146557815e-07  -1.5526513394165155e-06  2.8454170908914343e-07
8.6400000000007296e+01  9.9666625029877309e-01  9.9647983707635412e-01  9.9683125743574397e-01  9.9837479259869633e-01  9.9828245369994395e-01  9.9845712162692446e-01  -1.6956074413188566e-06  -2.5202309242368257e-06  -1.0572848324636511e-06  9.9851089434947260e-01  9.9846326322981405e-01  9.9855459848099382e-01  9.9927843433420338e-01  9.9925486553177634e-01  9.9930075133391905e-01  -4.3889845139000281e-07  -1.1189136421450710e-06  2.6825971698604468e-07
8.7200000000007705e+01  9.9666593024576189e-01  9.9647942198811590e-01  9.9683099464381175e-01  9.9837546097644359e-01  9.9828307276804695e-01  9.9845759133650402e-01  -1.7105159857517776e-06  -2.5193529442448996e-06  -1.1548431162845614e-06  9.9851073036990168e-01  9.9846320699071012e-01  9.9855423000244370e-01  9.9927906967296809e-01  9.9925508959586229e-01  9.9930184830021029e-01  -2.8378220654797338e-07  -9.9635648228834484e-07  6.4941764964064114e-07
8.8000000000008100e+01  9.9666564517970746e-01  9.9647911722321847e-01  9.9683071599904527e-01  9.9837606161817072e-01  9.9828378400076445e-01  9.9845833158926400e-01  -1.6640889695045269e-06  -2.5426496100027132e-06  -9.7885994644459789e-07  9.9851060970168837e-01  9.9846309237290687e-01  9.9855400073719047e-01  9.9927953617356557e-01  9.9925551164314219e-01  9.9930259386162890e-01  -2.3168424598300070e-07  -1.1424056515462585e-06  3.1649041955650931e-07
8.8800000000008495e+01  9.9666543774804572e-01  9.9647883795662195e-01  9.9683057094047089e-01  9.9837648681736435e-01  9.9828418434430499e-01  9.9845890560347672e-01  -1.5416341069815134e-06  -2.5009102496209174e-06  -8.2512242972858131e-07  9.9851047288896089e-01  9.9846294899110544e-01  9.9855406562739357e-01  9.9927997861481321e-01  9.9925636153082642e-01  9.9930248486517148e-01  -2.3958750831273918e-07  -8.9956034869001346e-07  3.1321907041026317e-07
8.9600000000008905e+01  9.9666532505219441e-01  9.9647867555498926e-01  9.9683060968141324e-01  9.9837666582035123e-01  9.9828434321464465e-01  9.9845900686032640e-01  -1.4350763183053614e-06  -2.3155792695644344e-06  -8.2588939419290865e-07  9.9851032858010857e-01  9.9846274164964521e-01  9.9855385167784838e-01  9.9928042627758440e-01  9.9925759413881166e-01  9.9930282359768940e-01  -2.1957704802724476e-07  -9.0608905479441038e-07  5.0386747957203125e-07
9.0400000000009300e+01  9.9666522888063624e-01  9.9647849036211988e-01  9.9683065061197362e-01  9.9837672940019950e-01  9.9828426351191479e-01  9.9845891112434759e-01  -1.4498771303286510e-06  -2.4097063536294379e-06  -7.7022244355585441e-07  9.9851024464986171e-01  9.9846272688361737e-01  9.9855345672204909e-01  9.9928075981018427e-01  9.9925839634201141e-01  9.9930366735102416e-01  -9.4807168787134255e-08  -7.3591463895628343e-07  4.9042095222468320e-07
9.1200000000009794e+01  9.9666509519610713e-01  9.9647822348934467e-01  9.9683043000723526e-01  9.9837682379815584e-01  9.9828438699887778e-01  9.9845912983150542e-01  -1.5047709222493273e-06  -2.7128756950871537e-06  -1.0022128168127735e-06  9.9851025000229843e-01  9.9846295007806773e-01  9.9855341062613001e-01  9.9928087818970468e-01  9.9925826160402964e-01  9.9930392861537476e-01  1.6969267359478480e-08  -4.7434717921766692e-07  4.9165216127275381e-07
9.2000000000010203e+01  9.9666495229349139e-01  9.9647805485919794e-01  9.9683013653196273e-01  9.9837693518791770e-01  9.9828449614200720e-01  9.9845970025314756e-01  -1.5163409750365892e-06  -2.6604072958540700e-06  -8.5684893913805225e-07  9.9851025818302608e-01  9.9846298605112183e-01  9.9855355745458463e-01  9.9928092046077754e-01  9.9925801183859475e-01  9.9930358293016408e-01  3.5547208607291564e-09  -5.6388201579238693e-07  7.2882693465578433e-07
9.2800000000010598e+01  9.9666484668609900e-01  9.9647789094819605e-01  9.9683013874732718e-01  9.9837697478473175e-01  9.9828451459824585e-01  9.9845984708620372e-01  -1.4653846644575935e-06  -2.2588595548542282e-06  -8.5273373083531506e-07  9.9851022328217343e-01  9.9846278404726230e-01  9.9855359303799895e-01  9.9928102364074367e-01  9.9925829533487365e-01  9.9930336211835913e-01  -3.7653032832953867e-08  -5.9044268067796583e-07  4.1649926273784180e-07
9.3600000000010994e+01  9.9666480752423825e-01  9.9647781194153395e-01  9.9683042075648243e-01  9.9837686218357935e-01  9.9828435468838417e-01  9.9845922719469093e-01  -1.3962946459521053e-06  -2.2082321428689662e-06  -6.3815012282654407e-07  9.9851017856507240e-01  9.9846259477663457e-01  9.9855349041198371e-01  9.9928116355152530e-01  9.9925884934428211e-01  9.9930353428618157e-01  -3.9638477631323087e-08  -7.2987917022239509e-07  5.4740856800804903e-07
9.4400000000011403e+01  9.9666477510444806e-01  9.9647786948684791e-01  9.9683050680050955e-01  9.9837668353523390e-01  9.9828397787661305e-01  9.9845874432925430e-01  -1.4568063937771279e-06  -2.3279988844397123e-06  -9.9107335368800667e-07  9.9851015237377672e-01  9.9846274945650626e-01  9.9855332006636299e-01  9.9928128057803223e-01  9.9925895711855772e-01  9.9930381792515555e-01  -1.1290615083072030e-08  -4.9227386093499168e-07  6.4660859905018378e-07
9.5200000000011798e+01  9.9666464989274117e-01  9.9647778371242068e-01  9.9683014671325321e-01  9.9837666351540566e-01  9.9828391005639805e-01  9.9845866621325363e-01  -1.6100267320467802e-06  -2.7061747954421742e-06  -8.4425023578650938e-07  9.9851015099095441e-01  9.9846321264643123e-01  9.9855331644538015e-01  9.9928134465882268e-01  9.9925835500387306e-01  9.9930407002451738e-01  2.1561872529801993e-08  -5.7985198282636750e-07  6.8422801953221573e-07
9.6000000000012193e+01  9.9666450407053331e-01  9.9647748059377572e-01  9.9682985857762585e-01  9.9837673458853726e-01  9.9828430030060034e-01  9.9845903405798775e-01  -1.5870473443251976e-06  -2.6435644150879116e-06  -9.3829305604554198e-07  9.9851015719076885e-01  9.9846341055324361e-01  9.9855350407783849e-01  9.9928137780329873e-01  9.9925802155529286e-01  9.9930379437559747e-01  2.2920183029704610e-08  -7.1423411589085765e-07  4.6328673728008567e-07
9.6800000000012602e+01  9.9666448144784892e-01  9.9647730723763372e-01  9.9682998525903033e-01  9.9837658421223363e-01  9.9828442313326882e-01  9.9845875253587379e-01  -1.4334582926807941e-06  -2.3391528071803922e-06  -5.2554100691340346e-07  9.9851014411110695e-01  9.9846312438506368e-01  9.9855371696338280e-01  9.9928143968984329e-01  9.9925861844288599e-01  9.9930331458635480e-01  -8.3959661640055305e-09  -7.1432193460807630e-07  6.0515821109938997e-07
9.7600000000012997e+01  9.9666450490735647e-01  9.9647735399836501e-01  9.9683009716276660e-01  9.9837626561261861e-01  9.9828410835322079e-01  9.9845834322693583e-01  -1.4653169299531879e-06  -2.3023287046792881e-06  -8.4249009840622901e-07  9.9851011593133832e-01  9.9846283025062676e-01  9.9855377795295075e-01  9.9928154303816696e-01  9.9925941596793111e-01  9.9930336673076936e-01  -1.8576767526984278e-08  -8.1165039916891548e-07  9.1231443370797077e-07
9.8400000000013407e+01  9.9666441980331122e-01  9.9647726946248694e-01  9.9682989107600928e-01  9.9837610930341580e-01  9.9828396843902123e-01  9.9845842783074090e-01  -1.6471397089690590e-06  -2.7338609100838779e-06  -8.6794515225526437e-07  9.9851010446389832e-01  9.9846299652797177e-01  9.9855357732925454e-01  9.9928162879352755e-01  9.9925936076370458e-01  9.9930361643606769e-01  8.7880639642999497e-09  -6.8566289594306238e-07  5.7340132569349767e-07
9.9200000000013802e+01  9.9666425763096644e-01  9.9647704992501596e-01  9.9682974488448006e-01  9.9837615264490776e-01  9.9828405431786127e-01  9.9845852089220810e-01  -1.7460256184593704e-06  -2.6953123797427996e-06  -1.0091858508998183e-06  9.9851010954340769e-01  9.9846343000873938e-01  9.9855345671829299e-01  9.9928167755749975e-01  9.9925855175476508e-01  9.9930407861333681e-01  1.9257687197001489e-08  -7.9450944291338286e-07  1.2202977075673285e-06
1.0000000000001400e+02  9.9666409474969220e-01  9.9647680006862804e-01  9.9682982511843221e-01  9.9837625138120112e-01  9.9828412532118005e-01  9.9845825817218170e-01  -1.7901728539243255e-06  -2.6342897997129560e-06  -9.5246362721584577e-07  9.9851010573556986e-01  9.9846346955628662e-01  9.9855368752813156e-01  9.9928173478288840e-01  9.9925837875795875e-01  9.9930390585547690e-01  4.4808482499187586e-09  -5.4323920175461228e-07  6.2674216060412233e-07
1.0080000000001500e+02  9.9666391719508773e-01  9.9647658168028996e-01  9.9682978257564481e-01  9.9837639719883242e-01  9.9828418263735064e-01  9.9845812587131977e-01  -1.8572544688535752e-06  -2.5975826024970839e-06  -1.3161963597282891e-06  9.9851009628975651e-01  9.9846304121172091e-01  9.9855380979922725e-01  9.9928180801485778e-01  9.9925932394661687e-01  9.9930380387291406e-01  3.3459047603929893e-09  -1.2319794806040549e-06  5.3291258455886919e-07
1.0160000000001500e+02  9.9666371402768039e-01  9.9647635821945701e-01  9.9682946951680429e-01  9.9837661295531044e-01  9.9828421090657737e-01  9.9845865448163396e-01  -1.9307205350684992e-06  -3.2255556653227213e-06  -1.3653063212642995e-06  9.9851009101296984e-01  9.9846279304156305e-01  9.9855359297835156e-01  9.9928187844118599e-01  9.9925987319997345e-01  9.9930416442067915e-01  1.0468775106486551e-09  -6.5919823154182137e-07  5.4644695233979058e-07
1.0240000000001500e+02  9.9666347026257518e-01  9.9647598337667709e-01  9.9682916107185604e-01  9.9837693218048096e-01  9.9828449250592088e-01  9.9845937324684475e-01  -2.0417759996657619e-06  -3.1118174456783744e-06  -1.2964925897005758e-06  9.9851007124785718e-01  9.9846295953783271e-01  9.9855335996641714e-01  9.9928197781848149e-01  9.9925925539229676e-01  9.9930442616318138e-01  -3.3512062680604971e-08  -7.5762572381099062e-07  8.4976824768473541e-07
1.0320000000001600e+02  9.9666318429994627e-01  9.9647557985430202e-01  9.9682910793210144e-01  9.9837737326321352e-01  9.9828503086008069e-01  9.9845951674349132e-01  -2.1075006095542083e-06  -3.0519595289324303e-06  -1.3424866790640809e-06  9.9851002502232800e-01  9.9846317918683136e-01  9.9855320849394968e-01  9.9928214187667042e-01  9.9925882457208048e-01  9.9930480585807069e-01  -7.0129620582384151e-08  -7.0416484596602670e-07  6.7820412665551918e-07
1.0400000000001600e+02  9.9666294101607278e-01  9.9647537246518347e-01  9.9682907997028281e-01  9.9837776896342634e-01  9.9828538273928569e-01  9.9845989886064879e-01  -2.0500176431384480e-06  -2.9765507343551967e-06  -9.2465443150952154e-07  9.9850997761371174e-01  9.9846312148611860e-01  9.9855333822352488e-01  9.9928233259388510e-01  9.9925973470428631e-01  9.9930527594494956e-01  -6.3670945365465098e-08  -9.7337890980551701e-07  7.1272069640755464e-07
1.0480000000001699e+02  9.9666273124417493e-01  9.9647508913788574e-01  9.9682877243100809e-01  9.9837807293662173e-01  9.9828557738402468e-01  9.9846004892013718e-01  -2.0895094497545360e-06  -3.1785427721176820e-06  -6.6948773001957723e-07  9.9850995038337398e-01  9.9846290155167017e-01  9.9855379929216881e-01  9.9928249399690328e-01  9.9926108676086167e-01  9.9930497152153241e-01  -4.5647625087507294e-08  -1.0432800577346160e-06  7.8037317247785349e-07
1.0560000000001700e+02  9.9666242678589645e-01  9.9647447435411196e-01  9.9682842685027673e-01  9.9837853577738078e-01  9.9828589928078504e-01  9.9846147854617673e-01  -2.2633147850723889e-06  -3.6158956369175406e-06  -1.3974111162562116e-06  9.9850991440112291e-01  9.9846297980781185e-01  9.9855383381816898e-01  9.9928266454395265e-01  9.9926124133065486e-01  9.9930454378302880e-01  -8.0039377547627550e-08  -9.2070506321813256e-07  5.3282364552599339e-07
1.0640000000001800e+02  9.9666208342758700e-01  9.9647378147686316e-01  9.9682833343038491e-01  9.9837913478634333e-01  9.9828624715219283e-01  9.9846262886382464e-01  -2.2756803238976181e-06  -3.4635261717137393e-06  -1.2936234776186662e-06  9.9850984050692226e-01  9.9846326371609306e-01  9.9855323080050862e-01  9.9928291617829568e-01  9.9926061824320989e-01  9.9930512151106055e-01  -1.3325627072168947e-07  -1.0670104133322729e-06  1.1477787430311451e-06
1.0720000000001799e+02  9.9666181993652159e-01  9.9647340442215460e-01  9.9682827015458042e-01  9.9837961017447219e-01  9.9828670813016951e-01  9.9846293936311947e-01  -2.2221058003333119e-06  -3.2477379605835311e-06  -1.0750812521470060e-06  9.9850975459947477e-01  9.9846316465878204e-01  9.9855285027629215e-01  9.9928322045687867e-01  9.9926083264873389e-01  9.9930603406664886e-01  -1.4276244616486741e-07  -8.6741947041623554e-07  4.2942326008628699e-07
1.0800000000001801e+02  9.9666150773118722e-01  9.9647328631895993e-01  9.9682791563868012e-01  9.9838013122921909e-01  9.9828720068055787e-01  9.9846298889006824e-01  -2.3996456096453066e-06  -3.5243783777025714e-06  -1.3281927045265441e-06  9.9850967960930181e-01  9.9846282018431565e-01  9.9855306877147643e-01  9.9928352183454106e-01  9.9926166178264031e-01  9.9930615197529438e-01  -1.3965268080408794e-07  -1.3648668960832712e-06  6.5868567339866056e-07
1.0880000000001900e+02  9.9666104827662538e-01  9.9647307306460520e-01  9.9682734113074445e-01  9.9838096208800764e-01  9.9828776489532978e-01  9.9846333000190868e-01  -2.5925340690974731e-06  -3.7900545738369823e-06  -1.7277907795739458e-06  9.9850959993889887e-01  9.9846278830864954e-01  9.9855340334482190e-01  9.9928383507726659e-01  9.9926209777579433e-01  9.9930583255684324e-01  -1.5783558209094360e-07  -7.9750692206077970e-07  6.0327153601424814e-07
1.0960000000001899e+02  9.9666060476590368e-01  9.9647260100894741e-01  9.9682693026950508e-01  9.9838186372172033e-01  9.9828890168037876e-01  9.9846387936425152e-01  -2.5352036462204875e-06  -3.8595342021134806e-06  -1.5013581321221253e-06  9.9850950574928621e-01  9.9846289074775885e-01  9.9855336578340104e-01  9.9928418397571006e-01  9.9926207300389536e-01  9.9930594456203059e-01  -1.8097156996134726e-07  -8.5782232143211104e-07  9.3611525286869579e-07
1.1040000000002000e+02  9.9666028833193643e-01  9.9647209584105267e-01  9.9682671661973232e-01  9.9838253673385124e-01  9.9829006876858084e-01  9.9846469200895260e-01  -2.4066710308493076e-06  -3.5667668907561097e-06  -1.4778330300140474e-06  9.9850940357883533e-01  9.9846280356871564e-01  9.9855297495337558e-01  9.9928456262466892e-01  9.9926219656264459e-01  9.9930676681387065e-01  -1.9240886758611864e-07  -1.0175389339824912e-06  5.1533355649905173e-07
1.1120000000002000e+02  9.9666001634531609e-01  9.9647170706173416e-01  9.9682647969247817e-01  9.9838304997617633e-01  9.9829068327725090e-01  9.9846519328412886e-01  -2.3985515474509035e-06  -3.8589062274466678e-06  -1.5272471643794413e-06  9.9850930975015062e-01  9.9846267967471802e-01  9.9855278750886378e-01  9.9928493820465225e-01  9.9926240146360035e-01  9.9930744980558373e-01  -1.7648241918770416e-07  -1.0927408596112789e-06  3.1071014766243992e-07
1.1200000000001999e+02  9.9665969719088987e-01  9.9647131774821129e-01  9.9682614593299845e-01  9.9838359804517018e-01  9.9829083344998104e-01  9.9846609245437612e-01  -2.4896403217841720e-06  -3.5206392271886756e-06  -1.3645111429546409e-06  9.9850923230787414e-01  9.9846257381463455e-01  9.9855306739574334e-01  9.9928528217284152e-01  9.9926272108999259e-01  9.9930745075112459e-01  -1.6393455933346918e-07  -9.5171305918405822e-07  4.7404133031136321e-07
1.1280000000002100e+02  9.9665932227711040e-01  9.9647085421410775e-01  9.9682585908537957e-01  9.9838425927272056e-01  9.9829180421956654e-01  9.9846658456877779e-01  -2.5678917331591096e-06  -4.0051952477578722e-06  -1.5448142330396609e-06  9.9850914054387274e-01  9.9846250613510301e-01  9.9855325114341686e-01  9.9928564512485951e-01  9.9926331985444161e-01  9.9930754059872262e-01  -2.0140968122147041e-07  -1.1486898453791656e-06  5.0875058863718383e-07
1.1360000000002100e+02  9.9665897542671922e-01  9.9647046963016084e-01  9.9682552856489770e-01  9.9838490241588018e-01  9.9829269252775443e-01  9.9846742071567962e-01  -2.5091017468306306e-06  -3.4915318920433753e-06  -1.4541328952907779e-06  9.9850901983644647e-01  9.9846256081104123e-01  9.9855294074092660e-01  9.9928607532496416e-01  9.9926346416186229e-01  9.9930820960515698e-01  -2.3250607150328635e-07  -8.6486012011785494e-07  5.1091839391402909e-07
1.1440000000002200e+02  9.9665872415013257e-01  9.9647017533565452e-01  9.9682529691200483e-01  9.9838534851632732e-01  9.9829273822702635e-01  9.9846771400731971e-01  -2.4141124424917424e-06  -3.5644124689542157e-06  -1.7176237897513977e-06  9.9850891021523169e-01  9.9846248692124007e-01  9.9855247865245100e-01  9.9928650806416508e-01  9.9926349539463744e-01  9.9930889454892313e-01  -2.0834084048739546e-07  -8.5837096979138240e-07  1.0369257800245378e-06
1.1520000000002200e+02  9.9665847002895147e-01  9.9646978146717236e-01  9.9682527360167050e-01  9.9838572993917696e-01  9.9829265176755555e-01  9.9846811894207077e-01  -2.4961159782313661e-06  -3.5696019970660567e-06  -1.5966230206173525e-06  9.9850881998275165e-01  9.9846208217361032e-01  9.9855234118035274e-01  9.9928690380259333e-01  9.9926416482859903e-01  9.9930938694579807e-01  -2.0254634286135023e-07  -9.9543769029411267e-07  6.7489158645197695e-07
1.1600000000002200e+02  9.9665811974413487e-01  9.9646913045336105e-01  9.9682522213064617e-01  9.9838627977820193e-01  9.9829293952689324e-01  9.9846906571345972e-01  -2.6263926135455792e-06  -4.0074224077736863e-06  -1.8899335636510596e-06  9.9850870614688469e-01  9.9846176097662243e-01  9.9855258399635738e-01  9.9928733693984506e-01  9.9926524556314367e-01  9.9930986525896981e-01  -2.5021710341906473e-07  -9.9710335155865649e-07  5.6800361412201519e-07
1.1680000000002300e+02  9.9665778021577356e-01  9.9646844533926437e-01  9.9682495172631058e-01  9.9838686013864730e-01  9.9829356719224716e-01  9.9847011308686862e-01  -2.5747670939347265e-06  -3.7704279531951064e-06  -1.6801906364121278e-06  9.9850856195301718e-01  9.9846195944898597e-01  9.9855269047953810e-01  9.9928784539080873e-01  9.9926622787871522e-01  9.9931066107563105e-01  -2.8602911062881204e-07  -1.1224923339560386e-06  3.8861920570797652e-07
1.1760000000002300e+02  9.9665753930248546e-01  9.9646814889012614e-01  9.9682468673628410e-01  9.9838724764842512e-01  9.9829371567314296e-01  9.9847100864966920e-01  -2.4840959863155432e-06  -3.4141438908777597e-06  -1.6273584545624861e-06  9.9850841671304069e-01  9.9846222323936984e-01  9.9855227899521692e-01  9.9928838168330603e-01  9.9926652070863620e-01  9.9931164861965360e-01  -2.9034247658890784e-07  -1.2433340142635445e-06  3.4387222361196112e-07
1.1840000000002399e+02  9.9665730327060409e-01  9.9646800017346704e-01  9.9682459616539298e-01  9.9838756188843403e-01  9.9829378608037789e-01  9.9847126352413162e-01  -2.5398301157315729e-06  -3.5156884275777253e-06  -1.5548360248330653e-06  9.9850827418675592e-01  9.9846190672135626e-01  9.9855182860587011e-01  9.9928892431810978e-01  9.9926666155512667e-01  9.9931274666194447e-01  -2.9833768255678416e-07  -1.1976288218615562e-06  4.6818572412539128e-07
1.1920000000002400e+02  9.9665700525466705e-01  9.9646773918984266e-01  9.9682442770981028e-01  9.9838797575883587e-01  9.9829420077760245e-01  9.9847127576877592e-01  -2.6301542618202360e-06  -3.5537440332042975e-06  -1.9939590492792700e-06  9.9850813002800265e-01  9.9846132222033057e-01  9.9855191551246969e-01  9.9928947716504957e-01  9.9926708117702989e-01  9.9931303586715448e-01  -2.9760328299240277e-07  -1.0919895379683477e-06  2.7201709117471945e-07
1.2000000000002400e+02  9.9665669380043809e-01  9.9646741511597092e-01  9.9682400505809010e-01  9.9838844068474375e-01  9.9829467796675209e-01  9.9847181925109885e-01  -2.6573650176727367e-06  -3.9442662713955506e-06  -1.9364161561159960e-06  9.9850800198809131e-01  9.9846112302998558e-01  9.9855219561818043e-01  9.9929000476469132e-01  9.9926749383670121e-01  9.9931359167515810e-01  -2.6996223776231253e-07  -1.0083876610573981e-06  3.7072823037059589e-07
1.2080000000002499e+02  9.9665638907561516e-01  9.9646698825328606e-01  9.9682364028884329e-01  9.9838890065188191e-01  9.9829529323158961e-01  9.9847248307435410e-01  -2.6901151965765206e-06  -3.8654842753837410e-06  -1.9779595151693187e-06  9.9850788955976122e-01  9.9846125384227669e-01  9.9855213562696987e-01  9.9929049405403614e-01  9.9926779688551381e-01  9.9931375825373703e-01  -2.6086675673288151e-07  -7.9096441895752651e-07  2.4981851538149121e-07
1.2160000000002501e+02  9.9665605945925728e-01  9.9646655291637343e-01  9.9682349194709485e-01  9.9838940641505336e-01  9.9829593597438693e-01  9.9847266469191709e-01  -2.7640516080729085e-06  -3.8073045809952273e-06  -2.0939073761708733e-06  9.9850775853465246e-01  9.9846125444772615e-01  9.9855184722046630e-01  9.9929100864203468e-01  9.9926833036102414e-01  9.9931450070802808e-01  -3.0071071244717801e-07  -7.7937058665550972e-07  4.0907727567580838e-07
1.2240000000002600e+02  9.9665569403939092e-01  9.9646629852645496e-01  9.9682326150134337e-01  9.9838999791053418e-01  9.9829623307873072e-01  9.9847291721913967e-01  -2.8416870957084454e-06  -3.6668851802479621e-06  -2.1982425107580456e-06  9.9850759748965534e-01  9.9846104534768632e-01  9.9855155116940597e-01  9.9929159336543572e-01  9.9926912269741430e-01  9.9931502126436611e-01  -3.3580727375401745e-07  -8.2284752505455560e-07  1.8732651370105900e-07
1.2320000000002599e+02  9.9665530929178547e-01  9.9646592806654732e-01  9.9682282465674410e-01  9.9839065439371477e-01  9.9829672428968408e-01  9.9847369244187456e-01  -2.8971861938097434e-06  -3.9488738519108583e-06  -2.1699683925868986e-06  9.9850744677758929e-01  9.9846092410047416e-01  9.9855137007346217e-01  9.9929218399528019e-01  9.9926973957620979e-01  9.9931580881774229e-01  -3.0565260226457450e-07  -9.0410945744648235e-07  1.5010802157764855e-07
1.2400000000002700e+02  9.9665491145393581e-01  9.9646509150428453e-01  9.9682240746266237e-01  9.9839135451188976e-01  9.9829791698189951e-01  9.9847470417879058e-01  -2.9539194108485848e-06  -4.2948495016368924e-06  -2.2264140421926478e-06  9.9850733878620823e-01  9.9846102464931863e-01  9.9855146878293688e-01  9.9929269448096791e-01  9.9926999741376388e-01  9.9931606216806623e-01  -2.5204317115783865e-07  -6.9762612849657054e-07  2.9680413935607824e-07
1.2480000000002700e+02  9.9665449140126117e-01  9.9646456249089099e-01  9.9682205978947913e-01  9.9839211057512012e-01  9.9829879405166677e-01  9.9847563218859414e-01  -3.0109948660532897e-06  -4.0776802634000520e-06  -2.1100161445290401e-06  9.9850724228463084e-01  9.9846105341709535e-01  9.9855149932719900e-01  9.9929315777236805e-01  9.9927039818132979e-01  9.9931616012804103e-01  -2.5428880046779827e-07  -8.7851788681083512e-07  2.8090896927150689e-07
1.2560000000002699e+02  9.9665407815332929e-01  9.9646429161688088e-01  9.9682175641723314e-01  9.9839287262335796e-01  9.9829904593234209e-01  9.9847638111789316e-01  -3.0053242941521607e-06  -4.0288779704499481e-06  -2.0648055946408210e-06  9.9850712277653209e-01  9.9846082917751222e-01  9.9855121679298198e-01  9.9929365396149694e-01  9.9927128722923830e-01  9.9931701354327296e-01  -2.7956866694460721e-07  -8.4982730470608512e-07  1.8424750847857101e-07
1.2640000000002800e+02  9.9665370699136202e-01  9.9646374155272877e-01  9.9682152627581877e-01  9.9839355183991640e-01  9.9829985162320201e-01  9.9847684169157569e-01  -2.9806904086029897e-06  -4.2161172324129252e-06  -2.0524037800436059e-06  9.9850700675009385e-01  9.9846072017830056e-01  9.9855110342668740e-01  9.9929415572374181e-01  9.9927200775079483e-01  9.9931721697024178e-01  -2.5897824887380528e-07  -8.1531935822143037e-07  4.3202980963041267e-07
1.2720000000002800e+02  9.9665332277339058e-01  9.9646329485834184e-01  9.9682118127494612e-01  9.9839422540148126e-01  9.9830059167323315e-01  9.9847751546892816e-01  -3.0617989547202701e-06  -4.2802574244972075e-06  -2.1584352140171766e-06  9.9850691593604002e-01  9.9846087520601978e-01  9.9855116002988342e-01  9.9929460940570469e-01  9.9927217752878617e-01  9.9931779300759405e-01  -2.3438558685882447e-07  -6.5781387827437178e-07  2.5033404019830008e-07
1.2800000000002899e+02  9.9665285830291972e-01  9.9646289404890931e-01  9.9682062974369734e-01  9.9839505239719217e-01  9.9830117933614304e-01  9.9847852284753580e-01  -3.2000233957940914e-06  -4.5351354893159411e-06  -2.3215615401685098e-06  9.9850682120614276e-01  9.9846087741103551e-01  9.9855097839168572e-01  9.9929505717733258e-01  9.9927253368176816e-01  9.9931799129258592e-01  -2.5191558895042118e-07  -8.7295409947626215e-07  3.2982718583658838e-07
1.2880000000002801e+02  9.9665235307956990e-01  9.9646202261761563e-01  9.9682013932359981e-01  9.9839600591419209e-01  9.9830256157132635e-01  9.9847964907812292e-01  -3.2560326305668487e-06  -4.5563041578499582e-06  -2.5411067546311326e-06  9.9850670929443741e-01  9.9846060854151619e-01  9.9855081094721421e-01  9.9929553960151540e-01  9.9927341090701016e-01  9.9931863816027033e-01  -2.7089562364058278e-07  -7.5255660795854307e-07  1.1607075552836813e-07
1.2960000000002699e+02  9.9665188531337745e-01  9.9646160500970116e-01  9.9681986335203321e-01  9.9839692484956100e-01  9.9830349058900658e-01  9.9848029058192422e-01  -3.2169165250029801e-06  -4.2061235832863301e-06  -2.5370426316392056e-06  9.9850659562667765e-01  9.9846043409636620e-01  9.9855077040474716e-01  9.9929603731893402e-01  9.9927418120998457e-01  9.9931895924362713e-01  -2.7418893534221025e-07  -8.4941424814775324e-07  2.2502900446511515e-07
1.3040000000002601e+02  9.9665147803510257e-01  9.9646154047796565e-01  9.9681964031007608e-01  9.9839771476881278e-01  9.9830357690912430e-01  9.9848056899253079e-01  -3.1606829613174358e-06  -4.2571543710029776e-06  -2.4682706091668771e-06  9.9850648907102724e-01  9.9846047087976408e-01  9.9855052226939123e-01  9.9929652897792853e-01  9.9927462473913287e-01  9.9931965716572790e-01  -2.6151781990654242e-07  -8.2008290495507509e-07  2.7548160981010961e-07
1.3120000000002599e+02  9.9665109818357966e-01  9.9646081149009957e-01  9.9681928950182008e-01  9.9839840773385946e-01  9.9830460385342790e-01  9.9848132937068013e-01  -3.1514933165498583e-06  -4.6232905292326369e-06  -1.9907652193190619e-06  9.9850640629831022e-01  9.9846052643989536e-01  9.9855037108495726e-01  9.9929697545827800e-01  9.9927515465701600e-01  9.9932008712046416e-01  -2.2206829087807005e-07  -6.6047341829067375e-07  1.6647109423948687e-07
1.3200000000002501e+02  9.9665071656405613e-01  9.9646013766945862e-01  9.9681879938627815e-01  9.9839906898673569e-01  9.9830581536650553e-01  9.9848207376433729e-01  -3.1606098743807446e-06  -4.4139431298167653e-06  -2.3780703449678471e-06  9.9850634184433951e-01  9.9846057359266283e-01  9.9855050021485126e-01  9.9929737099011340e-01  9.9927576247670002e-01  9.9932024862943314e-01  -2.1193259651622562e-07  -7.6369378151212764e-07  3.8905372044445868e-07
1.3280000000002400e+02  9.9665035109821520e-01  9.9645993464350702e-01  9.9681837811610807e-01  9.9839968166449800e-01  9.9830605126145044e-01  9.9848309179606642e-01  -3.1427885523925991e-06  -4.0507261867944093e-06  -2.4662513879649784e-06  9.9850625420253669e-01  9.9846060958834482e-01  9.9855053725108567e-01  9.9929779658634432e-01  9.9927620929225280e-01  9.9932046935598806e-01  -2.5466209830895036e-07  -6.2869936821586491e-07  3.0682865713848322e-07
1.3360000000002299e+02  9.9665000506096912e-01  9.9645947307421767e-01  9.9681816283636993e-01  9.9840023303651726e-01  9.9830659986440839e-01  9.9848365487593538e-01  -3.1451818001201317e-06  -4.4215790748054219e-06  -2.2007437499194269e-06  9.9850614336122023e-01  9.9846049631755152e-01  9.9855035769772249e-01  9.9929828058751557e-01  9.9927667136040244e-01  9.9932107486279864e-01  -2.7171903124111458e-07  -9.6194623419836628e-07  4.5648552977572782e-07
1.3440000000002300e+02  9.9664965505542269e-01  9.9645890236229151e-01  9.9681795294343922e-01  9.9840077058019772e-01  9.9830742086916491e-01  9.9848402864849972e-01  -3.1653614167947592e-06  -4.1329045187853117e-06  -2.4423802687593766e-06  9.9850605815636906e-01  9.9846031088035336e-01  9.9855015350172205e-01  9.9929873531960189e-01  9.9927723116344802e-01  9.9932181740029524e-01  -2.2232016150136621e-07  -9.5260057454388871e-07  1.0735232301637402e-07
1.3520000000002199e+02  9.9664932618970004e-01  9.9645863936406920e-01  9.9681768418599559e-01  9.9840126142481400e-01  9.9830759884727494e-01  9.9848443333167491e-01  -3.1314849025117859e-06  -4.1348774230783691e-06  -2.1619887854323435e-06  9.9850601622978807e-01  9.9846029028993433e-01  9.9855016307887834e-01  9.9929909656522686e-01  9.9927760964056556e-01  9.9932216096823301e-01  -1.7415349947430925e-07  -8.2030719826152996e-07  5.0172507287432943e-07
1.3600000000002100e+02  9.9664904745249172e-01  9.9645823154320368e-01  9.9681744275969242e-01  9.9840163274144955e-01  9.9830783774773535e-01  9.9848486533333702e-01  -3.0848264333119311e-06  -4.1689227521570132e-06  -2.2485586414982453e-06  9.9850596718696161e-01  9.9846034780778703e-01  9.9855033805402571e-01  9.9929944151855188e-01  9.9927788801919271e-01  9.9932233399158743e-01  -2.0916391108133967e-07  -7.2634418322855375e-07  2.1323045352184428e-07
1.3680000000002099e+02  9.9664877550918041e-01  9.9645781332973926e-01  9.9681720551324071e-01  9.9840194455219811e-01  9.9830822827237908e-01  9.9848531715060374e-01  -3.1149200625432642e-06  -4.0581491996269878e-06  -2.2549495838276530e-06  9.9850587024189075e-01  9.9846030858873680e-01  9.9855026673986047e-01  9.9929987789576269e-01  9.9927836306639495e-01  9.9932251307564524e-01  -2.6760747767056836e-07  -9.5243750649459649e-07  2.8083667377754630e-07
1.3760000000002000e+02  9.9664846826289621e-01  9.9645759842603066e-01  9.9681708089492416e-01  9.9840230192257018e-01  9.9830820672982956e-01  9.9848559239794454e-01  -3.1723482984944044e-06  -4.1545911138205982e-06  -2.3759750836080262e-06  9.9850577697018539e-01  9.9846028913003071e-01  9.9854992619054106e-01  9.9930033981479216e-01  9.9927885782376624e-01  9.9932346647870229e-01  -2.3402458427159797e-07  -6.9906099684937486e-07  1.9821359083927172e-07
1.3840000000001899e+02  9.9664817295453378e-01  9.9645718190870347e-01  9.9681695826478556e-01  9.9840264876126417e-01  9.9830844027008980e-01  9.9848582580308587e-01  -3.1410083915697556e-06  -4.3334504863339904e-06  -2.3781336663707430e-06  9.9850574396653502e-01  9.9846029469020969e-01  9.9854982910794798e-01  9.9930069235461239e-01  9.9927928352925088e-01  9.9932416347523656e-01  -1.5136456646174783e-07  -5.1796449817987637e-07  3.6622377503081844e-07
1.3920000000001801e+02  9.9664795122676098e-01  9.9645666675860167e-01  9.9681663973495260e-01  9.9840284429352988e-01  9.9830896287536597e-01  9.9848633900751560e-01  -3.0551560762788122e-06  -4.2082787933867083e-06  -1.7951818660798230e-06  9.9850574856210328e-01  9.9846028205874848e-01  9.9855010091474472e-01  9.9930093791801555e-01  9.9927966761490539e-01  9.9932415803577779e-01  -1.1045361823603314e-07  -6.3657755405280040e-07  5.2920758343393236e-07
1.4000000000001799e+02  9.9664776663013188e-01  9.9645645059661769e-01  9.9681639297798097e-01  9.9840291186478269e-01  9.9830897761284942e-01  9.9848675339887227e-01  -3.0491206912644919e-06  -3.9288305406406447e-06  -2.3298152730274895e-06  9.9850574646580781e-01  9.9846039063977365e-01  9.9855025634500028e-01  9.9930116239650957e-01  9.9927973525676661e-01  9.9932396327355877e-01  -1.2673296367326845e-07  -5.0579738408915289e-07  3.9544691376702342e-07
1.4080000000001701e+02  9.9664753900756453e-01  9.9645629099384037e-01  9.9681635551273096e-01  9.9840301515124730e-01  9.9830874333708852e-01  9.9848666014345688e-01  -3.1417941887776269e-06  -4.0221165150604077e-06  -2.4816898026238651e-06  9.9850571001400379e-01  9.9846046220220497e-01  9.9855010726563953e-01  9.9930144593723869e-01  9.9927977905046328e-01  9.9932435792738228e-01  -1.7712759765373062e-07  -8.3323064190534524e-07  3.9298021582521259e-07
1.4160000000001600e+02  9.9664724998160481e-01  9.9645584865729797e-01  9.9681618566353858e-01  9.9840324442085837e-01  9.9830892830725704e-01  9.9848673887598660e-01  -3.2378467766004197e-06  -4.3273278226526672e-06  -2.4375502745136747e-06  9.9850566127416118e-01  9.9846035791538446e-01  9.9854998922460492e-01  9.9930177591357572e-01  9.9928022463182631e-01  9.9932489909162703e-01  -1.6995817573353672e-07  -7.2500377527974139e-07  2.4116285074237089e-07
1.4240000000001501e+02  9.9664695800528880e-01  9.9645534300258598e-01  9.9681587242206249e-01  9.9840351939729688e-01  9.9830937667548769e-01  9.9848731713257832e-01  -3.2425173979937524e-06  -4.3336697712825010e-06  -2.3062886832422061e-06  9.9850566221157111e-01  9.9846040619079290e-01  9.9855008850188576e-01  9.9930202495041942e-01  9.9928052568358705e-01  9.9932521146509201e-01  -9.4059174632100419e-08  -5.6160703648039236e-07  4.3226014719350890e-07
1.4320000000001500e+02  9.9664671133697513e-01  9.9645504970978094e-01  9.9681571302339100e-01  9.9840371765023894e-01  9.9830951392439393e-01  9.9848769213767929e-01  -3.2189062937897190e-06  -4.1874926156321476e-06  -2.0148691475221738e-06  9.9850569198950145e-01  9.9846058205306509e-01  9.9855026543677161e-01  9.9930218965590911e-01  9.9928054966453606e-01  9.9932526899561469e-01  -8.6170048217065572e-08  -4.5655847179243227e-07  3.2073555652637939e-07
1.4400000000001401e+02  9.9664645473108371e-01  9.9645477682130257e-01  9.9681559621216231e-01  9.9840390699470805e-01  9.9830954338766620e-01  9.9848777375405251e-01  -3.2855102056334343e-06  -4.2583766391601200e-06  -2.6789889258831653e-06  9.9850568691252417e-01  9.9846055638579656e-01  9.9855025446587531e-01  9.9930239941084453e-01  9.9928086473655020e-01  9.9932550970844858e-01  -1.2962853294466744e-07  -6.4830822649801332e-07  2.7695563066181875e-07
1.4480000000001300e+02  9.9664616015276764e-01  9.9645440104310379e-01  9.9681538815877857e-01  9.9840416948828936e-01  9.9830972573232302e-01  9.9848788327382532e-01  -3.3302055437776163e-06  -4.3144209559123117e-06  -2.5056034618776396e-06  9.9850568215030278e-01  9.9846049504496248e-01  9.9855005836864785e-01  9.9930262554361615e-01  9.9928117238912906e-01  9.9932604326595653e-01  -1.0087741097815684e-07  -6.3028204842087142e-07  2.5497263718498410e-07
1.4560000000001301e+02  9.9664590208254544e-01  9.9645405652955121e-01  9.9681515514060370e-01  9.9840437950177041e-01  9.9830979263802999e-01  9.9848811067545373e-01  -3.2846105868213652e-06  -4.3216674748502331e-06  -2.5452312353564888e-06  9.9850571517486886e-01  9.9846059084769234e-01  9.9855007681532815e-01  9.9930277984267135e-01  9.9928112192653384e-01  9.9932618501290649e-01  -6.4174864103071112e-08  -4.3279217815173808e-07  3.2074170210998689e-07
1.4640000000001200e+02  9.9664567172993768e-01  9.9645360307432196e-01  9.9681486964508215e-01  9.9840451068819802e-01  9.9831002330133123e-01  9.9848856489052495e-01  -3.3093849487783259e-06  -4.5494485341871859e-06  -2.2967051169906316e-06  9.9850574491817601e-01  9.9846073971039440e-01  9.9855035532286973e-01  9.9930291969950535e-01  9.9928117079373202e-01  9.9932600988310105e-01  -7.9331364496566244e-08  -4.3649954924871580e-07  4.3369572534389091e-07
1.4720000000001099e+02  9.9664538215856036e-01  9.9645319951206546e-01  9.9681463711083707e-01  9.9840473188168177e-01  9.9831034296095711e-01  9.9848899302428651e-01  -3.4296310795901363e-06  -4.3387937089002337e-06  -2.4041260975011255e-06  9.9850576554052828e-01  9.9846086026134029e-01  9.9855047071317193e-01  9.9930307589327061e-01  9.9928155803420649e-01  9.9932624977078999e-01  -7.9216599360389280e-08  -3.8570179103489300e-07  2.8032281217288074e-07
1.4800000000001000e+02  9.9664504345420302e-01  9.9645297601077010e-01  9.9681460087315854e-01  9.9840507796177347e-01  9.9831035789109879e-01  9.9848904745440448e-01  -3.4924086843933659e-06  -4.4328201664828823e-06  -2.7849584689883927e-06  9.9850578794334288e-01  9.9846095981657657e-01  9.9855035856083718e-01  9.9930323100551610e-01  9.9928192169579966e-01  9.9932674789164144e-01  -9.4547724275976978e-08  -5.7843445294330531e-07  2.9566964421128425e-07
1.4880000000000999e+02  9.9664473829070332e-01  9.9645257400624976e-01  9.9681452580250307e-01  9.9840539510778248e-01  9.9831043294957389e-01  9.9848911919653760e-01  -3.4533752487003953e-06  -4.5896639731243376e-06  -2.5536904890968696e-06  9.9850577782764705e-01  9.9846107884563984e-01  9.9855033024990769e-01  9.9930345082597882e-01  9.9928195048707824e-01  9.9932700815158515e-01  -1.5444377134798667e-07  -5.2932154801613607e-07  2.0442740662153173e-07
1.4960000000000900e+02  9.9664448481074086e-01  9.9645210618828228e-01  9.9681419429985729e-01  9.9840559813684648e-01  9.9831064369898970e-01  9.9848958526447051e-01  -3.4210028879819678e-06  -4.7754819522011898e-06  -2.3931095668259632e-06  9.9850574575671713e-01  9.9846108267583944e-01  9.9855038439278887e-01  9.9930373955937912e-01  9.9928206003116271e-01  9.9932690230384402e-01  -1.6822973283714670e-07  -4.9909431757757720e-07  1.7872073261037584e-07
1.5040000000000799e+02  9.9664422508690120e-01  9.9645171139748601e-01  9.9681372678803704e-01  9.9840577306342326e-01  9.9831094559477829e-01  9.9849019374187553e-01  -3.4736456315993039e-06  -4.7713685058981016e-06  -2.0493521036996067e-06  9.9850574410108162e-01  9.9846090447369162e-01  9.9855032771309271e-01  9.9930399245649393e-01  9.9928266502861252e-01  9.9932728396446568e-01  -1.2202841601361586e-07  -5.3040010302327751e-07  4.1395906776641911e-07
1.5120000000000701e+02  9.9664390265165659e-01  9.9645123083716114e-01  9.9681335810613814e-01  9.9840605637799573e-01  9.9831149816500797e-01  9.9849056797143021e-01  -3.5984339865144725e-06  -4.7440893394432248e-06  -2.8831071943720190e-06  9.9850577356757730e-01  9.9846087566190633e-01  9.9855034113980490e-01  9.9930417410838612e-01  9.9928316546191098e-01  9.9932756742621320e-01  -9.3617105639588432e-08  -3.3872771975856433e-07  1.9059856861121031e-07
1.5200000000000699e+02  9.9664352288646607e-01  9.9645078357198835e-01  9.9681324880767086e-01  9.9840648657130515e-01  9.9831200723500468e-01  9.9849057332514524e-01  -3.6784545807838862e-06  -4.6565836665170944e-06  -2.7811744545189733e-06  9.9850579523755201e-01  9.9846113894749489e-01  9.9855047354201210e-01  9.9930434952763525e-01  9.9928306270169354e-01  9.9932788683348139e-01  -1.1726094589686905e-07  -6.1580748149240950e-07  2.9761722352326786e-07
1.5280000000000601e+02  9.9664319184686656e-01  9.9645048940512093e-01  9.9681316924050356e-01  9.9840687099064662e-01  9.9831216845509219e-01  9.9849057932341967e-01  -3.5903133153316433e-06  -4.5358271034705941e-06  -2.8409425248379789e-06  9.9850578201973417e-01  9.9846132206142424e-01  9.9855041984150350e-01  9.9930459134932481e-01  9.9928299117356956e-01  9.9932821318613196e-01  -1.7282870703001629e-07  -6.6736503212392606e-07  2.1453771401154806e-07
1.5360000000000500e+02  9.9664295531422864e-01  9.9645015822301686e-01  9.9681284135922088e-01  9.9840704630577037e-01  9.9831221391555280e-01  9.9849103928298910e-01  -3.5223327544327980e-06  -4.7577477295892512e-06  -2.4923055828201722e-06  9.9850574312622342e-01  9.9846123018751620e-01  9.9855034938960285e-01  9.9930490697771868e-01  9.9928348389051413e-01  9.9932869631876209e-01  -1.9955657800085129e-07  -5.7857358856494500e-07  1.8162087791679338e-07
1.5440000000000501e+02  9.9664266512816591e-01  9.9644971362989465e-01  9.9681250810137945e-01  9.9840725238049777e-01  9.9831236692951442e-01  9.9849170250761710e-01  -3.6769058437182488e-06  -4.7282484867281432e-06  -2.9210780431918046e-06  9.9850572815160366e-01  9.9846112845672819e-01  9.9855050395480827e-01  9.9930520299371972e-01  9.9928410694996461e-01  9.9932878338019770e-01  -1.5231456732435439e-07  -4.7722803553091010e-07  3.5598712950364252e-07
1.5520000000000400e+02  9.9664225857164390e-01  9.9644929158969753e-01  9.9681233493735233e-01  9.9840770085499042e-01  9.9831258092461761e-01  9.9849203153621513e-01  -3.8159565862019465e-06  -4.8496234231663506e-06  -2.8719718886121527e-06  9.9850575612463044e-01  9.9846118378018012e-01  9.9855056740424952e-01  9.9930540863258743e-01  9.9928448585888552e-01  9.9932899555427668e-01  -1.1096359344040096e-07  -6.2175700700496629e-07  4.2985125311440693e-07
1.5600000000000301e+02  9.9664188350064042e-01  9.9644874734481959e-01  9.9681213527915002e-01  9.9840816364104468e-01  9.9831308426849408e-01  9.9849219886061924e-01  -3.7516031914227487e-06  -4.9883635504342794e-06  -2.9103089359747048e-06  9.9850576954345038e-01  9.9846139463912331e-01  9.9855042663994320e-01  9.9930561420671138e-01  9.9928457824186867e-01  9.9932923048998679e-01  -1.5547151732214481e-07  -5.4179741241217711e-07  2.6998356321062162e-07
1.5680000000000200e+02  9.9664159790695361e-01  9.9644817023553045e-01  9.9681174202120715e-01  9.9840844804953521e-01  9.9831367394295623e-01  9.9849265148388366e-01  -3.6892463646879451e-06  -5.0914444209392018e-06  -2.6015023177571439e-06  9.9850573541904608e-01  9.9846164376711211e-01  9.9855041653942345e-01  9.9930591542268321e-01  9.9928440702191823e-01  9.9932959494878715e-01  -2.1592768560221837e-07  -8.8801827677170909e-07  2.6697904501672763e-07
1.5760000000000201e+02  9.9664129248143185e-01  9.9644781526665738e-01  9.9681136489939925e-01  9.9840871142331655e-01  9.9831382873708052e-01  9.9849338350873795e-01  -3.7727283885473251e-06  -4.7314937189405731e-06  -2.8528803799922088e-06  9.9850568710419163e-01  9.9846153819925620e-01  9.9855053283775874e-01  9.9930627567320818e-01  9.9928464551308083e-01  9.9932979473138239e-01  -2.3013097188965926e-07  -6.3652223953287399e-07  2.1309667086486412e-07
1.5840000000000100e+02  9.9664091340258654e-01  9.9644749930302956e-01  9.9681116964003158e-01  9.9840911060932602e-01  9.9831382992814477e-01  9.9849397359901160e-01  -3.8819813996351487e-06  -4.9872492257687083e-06  -2.9592932031343718e-06  9.9850565630255306e-01  9.9846121101944940e-01  9.9855050374329879e-01  9.9930662322843045e-01  9.9928551878266636e-01  9.9933000418143869e-01  -2.0477993677341365e-07  -6.5604419793286245e-07  4.1696779869011709e-07
1.5919999999999999e+02  9.9664051556452449e-01  9.9644705370769793e-01  9.9681110395528050e-01  9.9840958647252465e-01  9.9831398344499889e-01  9.9849417773748594e-01  -3.9121187039867383e-06  -4.8747428934472933e-06  -3.2039330276034779e-06  9.9850565766081767e-01  9.9846133972997386e-01  9.9855052649906417e-01  9.9930690720081539e-01  9.9928598086286369e-01  9.9933048136026825e-01  -1.6039523158993374e-07  -5.9299852159293578e-07  2.2619162621915107e-07
1.5999999999999901e+02  9.9664016013712109e-01  9.9644659738953623e-01  9.9681091110383069e-01  9.9841000325724383e-01  9.9831432027421174e-01  9.9849429365657849e-01  -3.8628082204317347e-06  -5.0905978362996110e-06  -2.9422977537519988e-06  9.9850567337919927e-01  9.9846178811748543e-01  9.9855067617185345e-01  9.9930714233164708e-01  9.9928586488517035e-01  9.9933087379510710e-01  -1.5716122958135833e-07  -8.3456434596204018e-07  2.7644414037157434e-07
1.6079999999999899e+02  9.9663986309618036e-01  9.9644607031169785e-01  9.9681047044143622e-01  9.9841028335052662e-01  9.9831481728347049e-01  9.9849482286945346e-01  -3.8133611130914064e-06  -4.9850007334590933e-06  -2.8738715195298922e-06  9.9850566166306498e-01  9.9846186408934767e-01  9.9855060967646658e-01  9.9930741601743323e-01  9.9928599213597802e-01  9.9933099021733407e-01  -2.0283659147373055e-07  -6.8777239528006491e-07  2.1626879307571623e-07
1.6159999999999800e+02  9.9663955536953175e-01  9.9644557416284441e-01  9.9681006457250121e-01  9.9841053242355493e-01  9.9831525298107404e-01  9.9849548651420628e-01  -3.8832886749749679e-06  -5.0612819890699166e-06  -3.0768720577233609e-06  9.9850562872902837e-01  9.9846158984282685e-01  9.9855047599897251e-01  9.9930774584410498e-01  9.9928656757810852e-01  9.9933138224215101e-01  -2.1801537031947121e-07  -6.8362723826528619e-07  2.3989936956378752e-07
1.6239999999999699e+02  9.9663917721720796e-01  9.9644513799162249e-01  9.9680986380670644e-01  9.9841090739211524e-01  9.9831554614696405e-01  9.9849579027060309e-01  -3.9889458376775452e-06  -4.9902419497571836e-06  -3.1904986518706170e-06  9.9850561403774929e-01  9.9846147076931102e-01  9.9855053508566571e-01  9.9930805815586332e-01  9.9928705426008324e-01  9.9933183479129939e-01  -1.9354971305586918e-07  -6.6107040976010887e-07  4.3782490394193323e-07
1.6319999999999700e+02  9.9663878898805880e-01  9.9644469287512982e-01  9.9680970695224369e-01  9.9841133923036973e-01  9.9831580794390906e-01  9.9849597416405733e-01  -4.0032878132036377e-06  -5.0120869248579040e-06  -3.3030494735298396e-06  9.9850560963186730e-01  9.9846163734593651e-01  9.9855055441320872e-01  9.9930834522677436e-01  9.9928730094115958e-01  9.9933239282301956e-01  -1.9771816291687410e-07  -6.4710378633929047e-07  2.4052397523016866e-07
1.6399999999999599e+02  9.9663842215435627e-01  9.9644418026969361e-01  9.9680939957303005e-01  9.9841174110788411e-01  9.9831618525661947e-01  9.9849642870708688e-01  -4.0229895167229476e-06  -5.1618273183017424e-06  -3.1393593947191143e-06  9.9850558926404864e-01  9.9846189275990116e-01  9.9855047202210745e-01  9.9930865864787433e-01  9.9928742451482011e-01  9.9933247235760914e-01  -2.2052720088334992e-07  -1.0948885026610161e-06  2.5971701802680545e-07
1.6479999999999501e+02  9.9663804114746080e-01  9.9644364753655934e-01  9.9680903277973920e-01  9.9841216321246495e-01  9.9831664098966244e-01  9.9849704166811604e-01  -4.0605246809099320e-06  -5.1310775460669185e-06  -3.3127192816660923e-06  9.9850556419776737e-01  9.9846199232421939e-01  9.9855053739106869e-01  9.9930899085259139e-01  9.9928763476914184e-01  9.9933269665830460e-01  -2.2381554253658047e-07  -6.6448082826674377e-07  6.3562686884762955e-08
1.6559999999999400e+02  9.9663768313128309e-01  9.9644322045878919e-01  9.9680880803252259e-01  9.9841254629548259e-01  9.9831690692943620e-01  9.9849740173143708e-01  -4.0202784540467489e-06  -5.1464412807154729e-06  -3.1533143977210973e-06  9.9850554289302562e-01  9.9846181417381119e-01  9.9855064815848471e-01  9.9930932190302879e-01  9.9928828521936452e-01  9.9933285245035941e-01  -2.2585971103128608e-07  -6.3911935924520775e-07  5.7386306293077843e-07
1.6639999999999401e+02  9.9663737215516301e-01  9.9644281399983847e-01  9.9680864152774729e-01  9.9841281570367912e-01  9.9831704704627089e-01  9.9849757055057664e-01  -3.9948184861360900e-06  -5.0380630626361058e-06  -3.2255383541858071e-06  9.9850552305985540e-01  9.9846166196776920e-01  9.9855056898490879e-01  9.9930965242553993e-01  9.9928901989555619e-01  9.9933359005615041e-01  -2.2288714557984175e-07  -5.5200275431197929e-07  1.0153970933674413e-07
1.6719999999999300e+02  9.9663704076191317e-01  9.9644231958898632e-01  9.9680840548854777e-01  9.9841308468322598e-01  9.9831734866399258e-01  9.9849785821970583e-01  -4.0651194205988836e-06  -5.1819868047995649e-06  -3.1475535838309897e-06  9.9850551310347480e-01  9.9846185754416872e-01  9.9855048744689812e-01  9.9930996482701273e-01  9.9928917699840547e-01  9.9933392773055885e-01  -2.0926763452226631e-07  -1.0425113777429922e-06  1.4583452944983352e-07
1.6799999999999201e+02  9.9663666273299278e-01  9.9644178814633411e-01  9.9680810389635599e-01  9.9841344405265198e-01  9.9831775699170111e-01  9.9849827435742000e-01  -4.1391961183998205e-06  -5.1671190990335078e-06  -3.4430241768142341e-06  9.9850550873235133e-01  9.9846206825999506e-01  9.9855049786796513e-01  9.9931026070816453e-01  9.9928924565712429e-01  9.9933392633497609e-01  -2.0918512348554065e-07  -5.5389965348723211e-07  2.7141008033305679e-07
1.6879999999999100e+02  9.9663627801834709e-01  9.9644126993157978e-01  9.9680777992065872e-01  9.9841384123999499e-01  9.9831816470743961e-01  9.9849878404666303e-01  -4.1612503199078137e-06  -5.2314167328750017e-06  -3.3532601530013975e-06  9.9850549518639076e-01  9.9846202160118336e-01  9.9855045229532446e-01  9.9931057001177681e-01  9.9928971503027009e-01  9.9933424252505287e-01  -2.2852895285175987e-07  -5.2498859566721948e-07  3.9507940778945867e-07
1.6959999999999101e+02  9.9663591871427348e-01  9.9644076936324799e-01  9.9680751395081701e-01  9.9841419838212486e-01  9.9831854270757525e-01  9.9849922193076635e-01  -4.1415432283994037e-06  -5.1882346766177468e-06  -3.3938216165042938e-06  9.9850546557628606e-01  9.9846193073839795e-01  9.9855046924064916e-01  9.9931091582404263e-01  9.9929034402104211e-01  9.9933472681095759e-01  -2.5526872659229384e-07  -7.1346312525925242e-07  9.3795755539863317e-08
1.7039999999999000e+02  9.9663558992197809e-01  9.9644034897496747e-01  9.9680739424690867e-01  9.9841447948648032e-01  9.9831874751048444e-01  9.9849934368583504e-01  -4.1309215523944801e-06  -5.0856036076434301e-06  -3.3242180348641958e-06  9.9850542855402202e-01  9.9846196404680798e-01  9.9855056117047347e-01  9.9931129003008590e-01  9.9929068000681998e-01  9.9933509242393892e-01  -2.6186227629572121e-07  -8.9808430126363481e-07  4.6824894777006719e-08
1.7119999999998899e+02  9.9663523900485951e-01  9.9643991320413261e-01  9.9680721737620970e-01  9.9841477381566479e-01  9.9831891820056462e-01  9.9849945207203494e-01  -4.2139853997268024e-06  -5.2346095153954828e-06  -3.5223304702967389e-06  9.9850540939864196e-01  9.9846205444522806e-01  9.9855049604157520e-01  9.9931164082059354e-01  9.9929094970726118e-01  9.9933535213302327e-01  -2.3061479465342144e-07  -6.6722324055250251e-07  3.7057342054857012e-07
1.7199999999998900e+02  9.9663482493659372e-01  9.9643935347391377e-01  9.9680680698228563e-01  9.9841519613130880e-01  9.9831931983881717e-01  9.9850001859772552e-01  -4.3105575015518824e-06  -5.4656859275783604e-06  -3.5191656508088862e-06  9.9850541726326336e-01  9.9846210909061017e-01  9.9855041641770226e-01  9.9931193164369359e-01  9.9929120611751554e-01  9.9933576725865392e-01  -2.0126005903034270e-07  -5.0062369309494074e-07  1.9610419431442462e-07
1.7279999999998799e+02  9.9663442089528576e-01  9.9643880183130373e-01  9.9680637039674180e-01  9.9841563903802932e-01  9.9831977824037466e-01  9.9850079486864018e-01  -4.2830486040415334e-06  -5.3567497573469403e-06  -3.4650670272331331e-06  9.9850542027446088e-01  9.9846210102123112e-01  9.9855050440049975e-01  9.9931221232816569e-01  9.9929165938618669e-01  9.9933612261694649e-01  -2.2531228894132999e-07  -6.5150541917454797e-07  1.7640702486749452e-07
1.7359999999998701e+02  9.9663408060132763e-01  9.9643834893541972e-01  9.9680613543565166e-01  9.9841595615025858e-01  9.9832004742533775e-01  9.9850123818647696e-01  -4.2346103168590725e-06  -5.2711531075662566e-06  -3.3565625007518808e-06  9.9850539038895936e-01  9.9846212141982305e-01  9.9855055460443043e-01  9.9931255564326726e-01  9.9929197806939041e-01  9.9933639050765821e-01  -2.6929949840966483e-07  -7.5120695798737904e-07  1.1218604506765970e-07
1.7439999999998599e+02  9.9663374030803342e-01  9.9643791040755580e-01  9.9680603715668425e-01  9.9841622987151313e-01  9.9832023545558490e-01  9.9850130374285839e-01  -4.2765776907875221e-06  -5.3048642095024200e-06  -3.5047613475012622e-06  9.9850536000822832e-01  9.9846222615535440e-01  9.9855056547794840e-01  9.9931292278753125e-01  9.9929224410566408e-01  9.9933661573595933e-01  -2.4901247946988033e-07  -6.8872401546763699e-07  9.2301120757189062e-08
1.7519999999998601e+02  9.9663337003989017e-01  9.9643746244920128e-01  9.9680583731266892e-01  9.9841654767641441e-01  9.9832040867707217e-01  9.9850144747917413e-01  -4.3221089854926636e-06  -5.3479346611293575e-06  -3.5415799405585070e-06  9.9850537609270473e-01  9.9846225872303551e-01  9.9855062301181885e-01  9.9931320687065739e-01  9.9929259303916240e-01  9.9933694330834133e-01  -1.8529909554635533e-07  -6.0491773788105380e-07  6.0709031285044182e-07
1.7599999999998499e+02  9.9663299280135487e-01  9.9643698568924988e-01  9.9680541106537135e-01  9.9841688517666061e-01  9.9832061824047214e-01  9.9850203249656788e-01  -4.3633291525488283e-06  -5.4460460717357150e-06  -3.5058514053709314e-06  9.9850540879375482e-01  9.9846223155437064e-01  9.9855053258797832e-01  9.9931343017341867e-01  9.9929307185878458e-01  9.9933729049147535e-01  -1.9277538800526326e-07  -4.6372513569451166e-07  1.7755332280523399e-07
1.7679999999998401e+02  9.9663258644053665e-01  9.9643639216072333e-01  9.9680497753045727e-01  9.9841728188177092e-01  9.9832106614019844e-01  9.9850279858178470e-01  -4.4375285086944450e-06  -5.6064425068834732e-06  -3.5786848308505735e-06  9.9850539099993374e-01  9.9846236318629755e-01  9.9855043849558267e-01  9.9931373386109001e-01  9.9929328113130300e-01  9.9933770144148826e-01  -2.7456601844221082e-07  -9.1943552239111443e-07  2.6983595307458429e-07
1.7759999999998300e+02  9.9663217473104693e-01  9.9643581034327133e-01  9.9680477657150002e-01  9.9841771084252717e-01  9.9832157870464855e-01  9.9850315717418026e-01  -4.4340971487404761e-06  -5.4770746240922062e-06  -3.6597208507716393e-06  9.9850533613138293e-01  9.9846248068459931e-01  9.9855057449762907e-01  9.9931413912496347e-01  9.9929337630664150e-01  9.9933808319290696e-01  -3.0233615815733524e-07  -8.0693581675071923e-07  -4.8375195381005062e-08
1.7839999999998301e+02  9.9663181935076328e-01  9.9643542505942839e-01  9.9680464949742964e-01  9.9841803433580212e-01  9.9832171396562930e-01  9.9850324469569951e-01  -4.3829515148447734e-06  -5.4503395662156358e-06  -3.6576713227423093e-06  9.9850531972047940e-01  9.9846232211851405e-01  9.9855065446356384e-01  9.9931450317142423e-01  9.9929398652714407e-01  9.9933842468009715e-01  -2.3593525763647525e-07  -7.1625336056134201e-07  4.1355744570897928e-07
1.7919999999998200e+02  9.9663146599206875e-01  9.9643501760538777e-01  9.9680435654199095e-01  9.9841831325234365e-01  9.9832175459268135e-01  9.9850355293239212e-01  -4.4369590325607448e-06  -5.5059718926413035e-06  -3.6125089553003648e-06  9.9850535326433354e-01  9.9846222097562420e-01  9.9855061547622714e-01  9.9931475580538887e-01  9.9929456442557973e-01  9.9933869567857125e-01  -1.8973538256436056e-07  -4.2630027415488245e-07  1.6147500010076106e-07
1.7999999999998099e+02  9.9663106647433075e-01  9.9643439542113776e-01  9.9680394577303266e-01  9.9841866945181335e-01  9.9832219723368354e-01  9.9850415477491428e-01  -4.4949717818936911e-06  -5.7842563413206144e-06  -3.6599701598544957e-06  9.9850537097634218e-01  9.9846249203939175e-01  9.9855065221518025e-01  9.9931500447660859e-01  9.9929467899358293e-01  9.9933902637673999e-01  -2.3211213148507415e-07  -6.5391638900286059e-07  2.5446677652594412e-07
1.8079999999998100e+02  9.9663069127703618e-01  9.9643384251695155e-01  9.9680362258188027e-01  9.9841899767221498e-01  9.9832263194780202e-01  9.9850469189611557e-01  -4.4597869326143535e-06  -5.4970817811183171e-06  -3.7138707561960216e-06  9.9850534616340647e-01  9.9846272632198507e-01  9.9855060048799182e-01  9.9931533714846887e-01  9.9929452490895632e-01  9.9933938403817435e-01  -2.7891055605938887e-07  -6.2475940671354834e-07  4.2015687857457627e-08
1.8159999999998001e+02  9.9663034626128366e-01  9.9643346263021471e-01  9.9680346032927569e-01  9.9841924852396402e-01  9.9832270128065803e-01  9.9850488495258005e-01  -4.4725502375457289e-06  -5.5301134243291801e-06  -3.7317635939797697e-06  9.9850532457170871e-01  9.9846258639176610e-01  9.9855053840108443e-01  9.9931569078396831e-01  9.9929506979635241e-01  9.9933973376900997e-01  -2.6190609352231615e-07  -6.9117580734085660e-07  1.1229443598102022e-07
1.8239999999997900e+02  9.9662996193148268e-01  9.9643297974706846e-01  9.9680327281403291e-01  9.9841955007159011e-01  9.9832285911222562e-01  9.9850500905207429e-01  -4.5551080266484773e-06  -5.6593773212296567e-06  -3.7773521897279686e-06  9.9850533290892063e-01  9.9846243739954132e-01  9.9855070825488268e-01  9.9931599255007542e-01  9.9929579542461600e-01  9.9934006738690040e-01  -2.3052875551225680e-07  -5.6185894165918952e-07  1.4584414545687416e-07
1.8319999999997799e+02  9.9662955011496002e-01  9.9643241042964059e-01  9.9680292265928616e-01  9.9841991928833207e-01  9.9832321975241289e-01  9.9850543156301852e-01  -4.5935512495530050e-06  -5.6953821392029527e-06  -3.7484578105762863e-06  9.9850534794904366e-01  9.9846259426379291e-01  9.9855078490662541e-01  9.9931626621452274e-01  9.9929608299829265e-01  9.9934032108570947e-01  -2.3343236042821870e-07  -4.9753420703944134e-07  2.8579384844922675e-08
1.8399999999997800e+02  9.9662915740897018e-01  9.9643189114925257e-01  9.9680254343961538e-01  9.9842026763101621e-01  9.9832352724823181e-01  9.9850600918711774e-01  -4.5857802279966670e-06  -5.6854460422312203e-06  -3.8560066439943706e-06  9.9850534586764095e-01  9.9846284999542645e-01  9.9855064222729084e-01  9.9931656519325074e-01  9.9929595347541478e-01  9.9934057273128074e-01  -2.6162074545855805e-07  -5.9319882888077099e-07  9.9757823971367701e-08
1.8479999999997699e+02  9.9662879017987316e-01  9.9643135332365662e-01  9.9680226488451051e-01  9.9842055793095563e-01  9.9832385973322546e-01  9.9850641933913076e-01  -4.5757130234416815e-06  -5.6887059952719341e-06  -3.7687827278739071e-06  9.9850533102114625e-01  9.9846289016049994e-01  9.9855064830386875e-01  9.9931689853483907e-01  9.9929611829185416e-01  9.9934095509996546e-01  -2.7046542367520229e-07  -6.3005619355148137e-07  6.9819201111229388e-08
1.8559999999997601e+02  9.9662842638962412e-01  9.9643087855219203e-01  9.9680207148701394e-01  9.9842081939189320e-01  9.9832408311253062e-01  9.9850662407228685e-01  -4.6069490329838557e-06  -5.6773348674753568e-06  -3.8593459718979113e-06  9.9850534107075362e-01  9.9846271343643933e-01  9.9855075537346727e-01  9.9931719629521987e-01  9.9929679616397149e-01  9.9934138720929688e-01  -2.2198658861100865e-07  -7.3218995033493369e-07  2.5976959782874405e-08
1.8639999999997499e+02  9.9662802690614338e-01  9.9643045187059742e-01  9.9680187357699890e-01  9.9842113701855206e-01  9.9832415064091096e-01  9.9850676198660748e-01  -4.6846874599863179e-06  -5.7204330551692521e-06  -3.7195293576337592e-06  9.9850538687829582e-01  9.9846268684553230e-01  9.9855076091713946e-01  9.9931741086755355e-01  9.9929707159020476e-01  9.9934166556947124e-01  -1.9169539846940452e-07  -5.4752547611970432e-07  1.9259886618836015e-07
1.8719999999997501e+02  9.9662761096356811e-01  9.9642984735558338e-01  9.9680154636800888e-01  9.9842150436389066e-01  9.9832452039832653e-01  9.9850712981110534e-01  -4.6978408971576893e-06  -5.9258541057387162e-06  -3.8126615134161104e-06  9.9850540724482073e-01  9.9846299730160215e-01  9.9855080301500199e-01  9.9931764776736376e-01  9.9929721527422954e-01  9.9934180706842779e-01  -2.5055592155481205e-07  -6.1116657951582164e-07  2.0329914342235889e-07
1.8799999999997399e+02  9.9662724780502865e-01  9.9642925725204479e-01  9.9680115154558346e-01  9.9842178036984197e-01  9.9832497356537908e-01  9.9850769159374686e-01  -4.6388462757673117e-06  -5.7735580188907102e-06  -3.8051126701814080e-06  9.9850538574986947e-01  9.9846321409372862e-01  9.9855086867001119e-01  9.9931797778568021e-01  9.9929724569834344e-01  9.9934204180566455e-01  -2.8623454515295198e-07  -5.9138800552363118e-07  -1.8417659105648706e-08
1.8879999999997301e+02  9.9662690748389582e-01  9.9642887889855358e-01  9.9680089871636701e-01  9.9842197588491599e-01  9.9832501185073985e-01  9.9850804833264573e-01  -4.6685210348313867e-06  -5.6710347411458041e-06  -3.8968554474012655e-06  9.9850539040119202e-01  9.9846303712888385e-01  9.9855083654035603e-01  9.9931828660848421e-01  9.9929781148516683e-01  9.9934246868304732e-01  -2.3737012540861303e-07  -7.7909604392466810e-07  1.5986245878532776e-07
1.8959999999997299e+02  9.9662650789242868e-01  9.9642840093719320e-01  9.9680071680760030e-01  9.9842226070699480e-01  9.9832510807244623e-01  9.9850818712379674e-01  -4.7730315281727218e-06  -5.9150364022146795e-06  -3.7465400722144460e-06  9.9850542898256778e-01  9.9846292567195538e-01  9.9855083643241804e-01  9.9931852053167303e-01  9.9929820735047326e-01  9.9934286505882874e-01  -2.1549914680807681e-07  -5.4771421044037640e-07  1.8277211331607890e-07
1.9039999999997201e+02  9.9662608907431061e-01  9.9642780083849003e-01  9.9680042337526598e-01  9.9842261053629522e-01  9.9832547972603303e-01  9.9850849103077755e-01  -4.7776951587603201e-06  -5.8979104261546075e-06  -3.8218714693722095e-06  9.9850545263427659e-01  9.9846318581711258e-01  9.9855090438829164e-01  9.9931876271444531e-01  9.9929841157775645e-01  9.9934310490343581e-01  -2.4149701109998916e-07  -6.2364186385592232e-07  1.7819257662929416e-07
1.9119999999997100e+02  9.9662573375724173e-01  9.9642735221515066e-01  9.9680010478674630e-01  9.9842284973423989e-01  9.9832561969688438e-01  9.9850887718902304e-01  -4.7107063889927560e-06  -5.7850787118758213e-06  -3.8892055989092680e-06  9.9850546238123417e-01  9.9846337808475516e-01  9.9855092230435594e-01  9.9931903558633506e-01  9.9929872301908163e-01  9.9934329707932101e-01  -2.5334212325397308e-07  -5.3334484128743573e-07  1.1134421792227539e-08
1.9199999999996999e+02  9.9662539790241844e-01  9.9642688028124049e-01  9.9679982173763793e-01  9.9842300951669105e-01  9.9832571831700057e-01  9.9850920493371598e-01  -4.7471600372003883e-06  -5.9388211461382341e-06  -3.9367815767103678e-06  9.9850547145620361e-01  9.9846329521893695e-01  9.9855098123645647e-01  9.9931931805687035e-01  9.9929900274637495e-01  9.9934350254380167e-01  -2.6204200085243107e-07  -8.6153552827634296e-07  1.4875959847384936e-07
1.9279999999997000e+02  9.9662499811274785e-01  9.9642626099956022e-01  9.9679953396565701e-01  9.9842326948835924e-01  9.9832611476484567e-01  9.9850954303755191e-01  -4.8562893448487252e-06  -6.0064708180399755e-06  -4.0678249433638335e-06  9.9850548087056712e-01  9.9846324349762461e-01  9.9855107357043538e-01  9.9931960565208611e-01  9.9929919212855511e-01  9.9934381879938683e-01  -2.5666086091971898e-07  -5.6310044418457576e-07  6.6387523011641636e-09
1.9359999999996899e+02  9.9662458080053251e-01  9.9642578084073175e-01  9.9679931336043781e-01  9.9842359552323345e-01  9.9832632505498220e-01  9.9850974891084265e-01  -4.8572487219620540e-06  -5.8004789085224261e-06  -4.1058890389409496e-06  9.9850551297996948e-01  9.9846336526352208e-01  9.9855097732964881e-01  9.9931985207130358e-01  9.9929941130716660e-01  9.9934427022116179e-01  -2.2026694551352644e-07  -5.5344786796719226e-07  2.6261111550362558e-07
1.9439999999996800e+02  9.9662423228556174e-01  9.9642540569241167e-01  9.9679911349430050e-01  9.9842380029115685e-01  9.9832624368137601e-01  9.9850985698360917e-01  -4.7818317923899873e-06  -5.7934841018992452e-06  -3.9211102214583568e-06  9.9850555725747370e-01  9.9846351586524307e-01  9.9855089876689718e-01  9.9932005923252476e-01  9.9929976246056595e-01  9.9934455470987638e-01  -2.2552063905389619e-07  -5.1284200428541135e-07  1.8929924169157615e-07
1.9519999999996699e+02  9.9662390685085001e-01  9.9642484741980386e-01  9.9679881485763766e-01  9.9842391355778592e-01  9.9832643546381461e-01  9.9851012760383562e-01  -4.8126124032096988e-06  -6.0873770470904282e-06  -3.8422116590275500e-06  9.9850556833241044e-01  9.9846359261802153e-01  9.9855111991479584e-01  9.9932031989218562e-01  9.9930015585430343e-01  9.9934458265928694e-01  -2.7911527086461361e-07  -6.6932156562303919e-07  7.8737418226459016e-08
1.9599999999996700e+02  9.9662351359225221e-01  9.9642423131748536e-01  9.9679849987376334e-01  9.9842412910815526e-01  9.9832683380349929e-01  9.9851048169593137e-01  -4.9343277391038152e-06  -6.1013319112750051e-06  -4.1048988290615134e-06  9.9850556207359120e-01  9.9846356916419243e-01  9.9855132028817117e-01  9.9932063443443986e-01  9.9930051376458873e-01  9.9934474423571695e-01  -2.8422376127180003e-07  -6.3406683977104592e-07  3.2382135134436098e-08
1.9679999999996599e+02  9.9662307888524504e-01  9.9642375840045305e-01  9.9679823072087470e-01  9.9842445756998033e-01  9.9832699928020818e-01  9.9851076379958958e-01  -4.9779683569914440e-06  -6.0110510330896191e-06  -4.1334105683881201e-06  9.9850558529004052e-01  9.9846352153713369e-01  9.9855123421831460e-01  9.9932090797477757e-01  9.9930052064084451e-01  9.9934518236413994e-01  -2.4520098512730410e-07  -5.3143987769692730e-07  4.0396163474177397e-08
1.9759999999996501e+02  9.9662269538328285e-01  9.9642330463268491e-01  9.9679796157552125e-01  9.9842471705004920e-01  9.9832704896092128e-01  9.9851102619353393e-01  -4.9097042605631409e-06  -5.9815855525425447e-06  -3.9343804326453241e-06  9.9850562484971372e-01  9.9846362026989299e-01  9.9855113872635304e-01  9.9932113653278765e-01  9.9930060570485157e-01  9.9934558631160431e-01  -2.4057096283851194e-07  -6.1601084869944484e-07  1.1700640251009322e-07
1.9839999999996499e+02  9.9662236810471061e-01  9.9642279988694005e-01  9.9679770679869728e-01  9.9842483705089191e-01  9.9832716476681571e-01  9.9851125325551471e-01  -4.8823821391487650e-06  -6.0169938006837094e-06  -3.8880205640718143e-06  9.9850564914103435e-01  9.9846380505506127e-01  9.9855118439633306e-01  9.9932138257194580e-01  9.9930115681404397e-01  9.9934582008206052e-01  -2.6363781336429622e-07  -6.8035201051562629e-07  1.4171533866362927e-07
1.9919999999996401e+02  9.9662200022137171e-01  9.9642228864962812e-01  9.9679744513191537e-01  9.9842498698399007e-01  9.9832730003860215e-01  9.9851146670724733e-01  -4.9915968166646770e-06  -6.1576571839505113e-06  -4.1239228241555451e-06  9.9850566259643858e-01  9.9846383831840990e-01  9.9855133627858372e-01  9.9932165551199859e-01  9.9930161090251513e-01  9.9934604401305671e-01  -2.7572076959178398e-07  -7.1691303287374002e-07  5.4306796556652244e-08
1.9999999999996299e+02  9.9662155589083412e-01  9.9642172016371455e-01  9.9679715070016617e-01  9.9842529628573340e-01  9.9832755002518558e-01  9.9851174454620684e-01  -5.0932630141303303e-06  -6.2122264230880044e-06  -4.2759278856822684e-06  9.9850567771179799e-01  9.9846378765153654e-01  9.9855149551873634e-01  9.9932193382031986e-01  9.9930168871169034e-01  9.9934629454413826e-01  -2.7573089513305650e-07  -6.4061036000418715e-07  1.0640418055749478e-07
2.0000999999996299e+02  9.9662155020940535e-01  9.9642171277343661e-01  9.9679714712504108e-01  9.9842530073343916e-01  9.9832755393076189e-01  9.9851174800431830e-01  -5.0936219867836585e-06  -6.2149090302336688e-06  -4.2773795247662190e-06  9.9850567793841705e-01  9.9846378763572330e-01  9.9855149650164010e-01  9.9932193725852358e-01  9.9930168918265982e-01  9.9934629755495230e-01  -2.7565843797620925e-07  -6.3619898922769821e-07  1.0212021137107362e-07
