# time  total_activity  peak_activity  rms_radius  confined_frac  bary_x  bary_y  bary_z  r_conf  total_activity_proper  rms_radius_proper  confined_frac_proper  rms_radius_canon  confined_frac_canon  rms_radius_phantom  confined_frac_phantom  canon_mass_frac  min_chi
0.0000000000000000e+00  3.6915196871599662e+01  4.0785617391827927e-02  6.5893578015419525e+00  3.0272163035070127e-01  3.1445228453271866e+01  3.2000017047295152e+01  3.2000016985091548e+01  4.7999999999999998e+00  3.6694955194858792e+01  6.5932414059357676e+00  3.0184431161370118e-01  5.0453441459613870e+00  5.6450626805318149e-01  5.4267136622343841e+00  4.6030160502045853e-01  4.3040495293745235e-01  9.8430171842202940e-01
2.0000000000000001e-01  3.6917260204823869e+01  4.0788466771749757e-02  6.5893412063188022e+00  3.0272584140354714e-01  3.1445016912229985e+01  3.2000017438952540e+01  3.2000017379115953e+01  4.7999999999999998e+00  3.6696894573664792e+01  6.5932312116483578e+00  3.0182998044992876e-01  5.0454402894198633e+00  5.6450092083432124e-01  5.4266428009883629e+00  4.6034185088665930e-01  4.3037434671838870e-01  9.8429119866364689e-01
4.0000000000000002e-01  3.6919659751335438e+01  4.0791582109393765e-02  6.5892955766627699e+00  3.0273765311018785e-01  3.1444399929005076e+01  3.2000018535579024e+01  3.2000018480403021e+01  4.7999999999999998e+00  3.6698976322000611e+01  6.5932019076212240e+00  3.0183943660401064e-01  5.0457222006868561e+00  5.6444127578520975e-01  5.4264401533940170e+00  4.6041802714951008e-01  4.3028498887167682e-01  9.8425935419279542e-01
5.9999999999999998e-01  3.6922267088994175e+01  4.0794796204084924e-02  6.5892304765663949e+00  3.0256817118207407e-01  3.1443445238563008e+01  3.2000020210211161e+01  3.2000020161366614e+01  4.7999999999999998e+00  3.6701103315773878e+01  6.5931605297173066e+00  3.0185346039261612e-01  5.0461593539387746e+00  5.6439009980370269e-01  5.4261375122559361e+00  4.6049327724850692e-01  4.3014645460704620e-01  9.8420617536236976e-01
8.0000000000000104e-01  3.6924947205033803e+01  4.0798351726413259e-02  6.5891574633867958e+00  3.0258795167789904e-01  3.1442252813779604e+01  3.2000022325703519e+01  3.2000022286352085e+01  4.7999999999999998e+00  3.6703162946417422e+01  6.5931170683642213e+00  3.0186954455505621e-01  5.0467041864225077e+00  5.6427016999698532e-01  5.4257789813189152e+00  4.6067211616432252e-01  4.2997289909252961e-01  9.8413476111940079e-01
1.0000000000000000e+00  3.6927588909948064e+01  4.0802806909182254e-02  6.5890879352014364e+00  3.0260725984237602e-01  3.1440938761376511e+01  3.2000024742562950e+01  3.2000024718101599e+01  4.7999999999999998e+00  3.6705064963815339e+01  6.5930815354615477e+00  3.0186557249078161e-01  5.0473000385126046e+00  5.6415328843763246e-01  5.4254126555837532e+00  4.6075484456754279e-01  4.2978080562405635e-01  9.8404458166472175e-01
1.2000000000000000e+00  3.6930127495239951e+01  4.0808659063304012e-02  6.5890311883078478e+00  3.0266359399311310e-01  3.1439617322106987e+01  3.2000027338467021e+01  3.2000027336414206e+01  4.7999999999999998e+00  3.6706764418603896e+01  6.5930619280777378e+00  3.0177881944291257e-01  5.0478907803676210e+00  5.6412529766986685e-01  5.4250820508461608e+00  4.6075421346185508e-01  4.2958646640808434e-01  9.8392586854125341e-01
1.3999999999999899e+00  3.6932553046208611e+01  4.0815908843162427e-02  6.5889931051027277e+00  3.0275639223142098e-01  3.1438384533519685e+01  3.2000030024283959e+01  3.2000030053572303e+01  4.7999999999999998e+00  3.6708268350599354e+01  6.5930630318029602e+00  3.0182404849313499e-01  5.0484303649455100e+00  5.6401919403219691e-01  5.4248187910249648e+00  4.6073987901412278e-01  4.2940369394199729e-01  9.8378612217850081e-01
1.5999999999999901e+00  3.6934906080172183e+01  4.0823922354899164e-02  6.5889756485714797e+00  3.0276275436127070e-01  3.1437306670190882e+01  3.2000032754299845e+01  3.2000032824341346e+01  4.7999999999999998e+00  3.6709629780669090e+01  6.5930860609819053e+00  3.0182761925471363e-01  5.0488904255421829e+00  5.6392768999135279e-01  5.4246378485127957e+00  4.6068168359131517e-01  4.2924219622777937e-01  9.8365941753892150e-01
1.7999999999999801e+00  3.6937265281740920e+01  4.0831708674054834e-02  6.5889771190389297e+00  3.0261420443922799e-01  3.1436415450002659e+01  3.2000035531222032e+01  3.2000035651011217e+01  4.7999999999999998e+00  3.6710934799398558e+01  6.5931290022890421e+00  3.0182658642350801e-01  5.0492643818349032e+00  5.6388402399548976e-01  5.4245360449063531e+00  4.6066171150906865e-01  4.2910689064536195e-01  9.8353188801099423e-01
1.9999999999999800e+00  3.6939730603576479e+01  4.0838393967324721e-02  6.5889930213358898e+00  3.0256422909284286e-01  3.1435710519822408e+01  3.2000038406583869e+01  3.2000038583888312e+01  4.7999999999999998e+00  3.6712286451194629e+01  6.5931874635999419e+00  3.0182192513262862e-01  5.0495673350554844e+00  5.6388765352478232e-01  5.4244938442008177e+00  4.6050351793462274e-01  4.2899822518340380e-01  9.8334973754993449e-01
2.1999999999999802e+00  3.6942403780032222e+01  4.0843594031685922e-02  6.5890173955040368e+00  3.0255994441016260e-01  3.1435168124768499e+01  3.2000041474830653e+01  3.2000041715470928e+01  4.7999999999999998e+00  3.6713786931129619e+01  6.5932558751378529e+00  3.0181497650403943e-01  5.0498320935825918e+00  5.6398387220939583e-01  5.4244799137442596e+00  4.6037891549036308e-01  4.2891335452613655e-01  9.8311941064595354e-01
2.3999999999999702e+00  3.6945369731854292e+01  4.0847448655830135e-02  6.5890444543531723e+00  3.0253710689153696e-01  3.1434753315988480e+01  3.2000044853928792e+01  3.2000045161284937e+01  4.7999999999999998e+00  3.6715520684357458e+01  6.5933289264101278e+00  3.0180708627336061e-01  5.0501025202685561e+00  5.6408151370350279e-01  5.4244575273827884e+00  4.6019715089677043e-01  4.2884780813381529e-01  9.8286751183666432e-01
2.5999999999999699e+00  3.6948682119451249e+01  4.0850349626041983e-02  6.5890702088771178e+00  3.0251541461550369e-01  3.1434432441860110e+01  3.2000048651308369e+01  3.2000049026242515e+01  4.7999999999999998e+00  3.6717541258771391e+01  6.5934029829865795e+00  3.0176260134035049e-01  5.0504257922336020e+00  5.6416590432386293e-01  5.4243914314606831e+00  4.6007831738483207e-01  4.2879719848989278e-01  9.8260772619674563e-01
2.7999999999999599e+00  3.6952355483509272e+01  4.0852678333491529e-02  6.5890936442872805e+00  3.0251381508449149e-01  3.1434183011872957e+01  3.2000052926361306e+01  3.2000053367544382e+01  4.7999999999999998e+00  3.6719864537847108e+01  6.5934770966627259e+00  3.0177689642075345e-01  5.0508451086454009e+00  5.6424863035374362e-01  5.4242536512846753e+00  4.5992740381106012e-01  4.2875855938580126e-01  9.8234340197435754e-01
2.9999999999999600e+00  3.6956366181291344e+01  4.0854710625321533e-02  6.5891170935726482e+00  3.0251365004313191e-01  3.1433998844012152e+01  3.2000057666454524e+01  3.2000058170847574e+01  4.7999999999999998e+00  3.6722470709608416e+01  6.5935532858653092e+00  3.0186688477560902e-01  5.0513940070317149e+00  5.6431740422786181e-01  5.4240271257792250e+00  4.5983001405414953e-01  4.2873101893927545e-01  9.8208190806050188e-01
3.1999999999999500e+00  3.6960662352024535e+01  4.0856617587922875e-02  6.5891457002155400e+00  3.0251364949096415e-01  3.1433889565935370e+01  3.2000062788121632e+01  3.2000063351411768e+01  4.7999999999999998e+00  3.6725314865055303e+01  6.5936359941540532e+00  3.0185839905707934e-01  5.0520929689657290e+00  5.6439013672245075e-01  5.4237067551355533e+00  4.5973422630905586e-01  4.2871567856334780e-01  9.8183692338989936e-01
3.3999999999999502e+00  3.6965179799771228e+01  4.0858484421242985e-02  6.5891861633881543e+00  3.0251186101770661e-01  3.1433874854655794e+01  3.2000068162517941e+01  3.2000068779544144e+01  4.7999999999999998e+00  3.6728342635472799e+01  6.5937309226677980e+00  3.0184726927263450e-01  5.0529485282212443e+00  5.6438463847503806e-01  5.4232981532351845e+00  4.5963589162034263e-01  4.2871475830347294e-01  9.8162605309033313e-01
3.5999999999999499e+00  3.6969858531026873e+01  4.0860325122025733e-02  6.5892451777323178e+00  3.0250602894235051e-01  3.1433975002672348e+01  3.2000073654395386e+01  3.2000074319695571e+01  4.7999999999999998e+00  3.6731505494176204e+01  6.5938436318748286e+00  3.0183175918307525e-01  5.0539546286314163e+00  5.6438041756448509e-01  5.4228149297813939e+00  4.5957962109415179e-01  4.2873024083478889e-01  9.8141215335278731e-01
3.7999999999999399e+00  3.6974655205825215e+01  4.0862072525684953e-02  6.5893280160722076e+00  3.0249400669400711e-01  3.1434200265311546e+01  3.2000079162418423e+01  3.2000079870930179e+01  4.7999999999999998e+00  3.6734771336162829e+01  6.5939783245695383e+00  3.0186251171981249e-01  5.0550955236498947e+00  5.6431687935497921e-01  5.4222755578754489e+00  4.5952861264174472e-01  4.2876236778733290e-01  9.8120114910185630e-01
3.9999999999999400e+00  3.6979549456628561e+01  4.0863641586099717e-02  6.5894375785403536e+00  3.0248327679458453e-01  3.1434541767633856e+01  3.2000084652654088e+01  3.2000085400564693e+01  4.7999999999999998e+00  3.6738128901331869e+01  6.5941370845136822e+00  3.0185133227716032e-01  5.0563491816639283e+00  5.6422801773436460e-01  5.4217007970133446e+00  4.5947294608923106e-01  4.2880838464796772e-01  9.8101566470605395e-01
4.1999999999999300e+00  3.6984544875734549e+01  4.0864956125483784e-02  6.5895740530037532e+00  3.0246366874800840e-01  3.1434966406512345e+01  3.2000090180996416e+01  3.2000090966729083e+01  4.7999999999999998e+00  3.6741587443107768e+01  6.5943196662303611e+00  3.0184697351437673e-01  5.0576901263377980e+00  5.6416265166007507e-01  5.4211123267190446e+00  4.5940478566981413e-01  4.2886187854641400e-01  9.8090144381167821e-01
4.3999999999999302e+00  3.6989666643658879e+01  4.0865995979921452e-02  6.5897351941245361e+00  3.0243495046044638e-01  3.1435417232800116e+01  3.2000095902031305e+01  3.2000096727220779e+01  4.7999999999999998e+00  3.6745174011810789e+01  6.5945238076199431e+00  3.0176141929386846e-01  5.0590909724398063e+00  5.6410458687254061e-01  5.4205328231344847e+00  4.5931890288177296e-01  4.2891291603456783e-01  9.8085449735984587e-01
4.5999999999999197e+00  3.6994957263684171e+01  4.0866777014257935e-02  6.5899171461472701e+00  3.0239760288844802e-01  3.1435819488993076e+01  3.2000102062371845e+01  3.2000102932603788e+01  4.7999999999999998e+00  3.6748929918215765e+01  6.5947459795592112e+00  3.0171043275020532e-01  5.0605225001186991e+00  5.6410249884598240e-01  5.4199872763671202e+00  4.5921239425368565e-01  4.2894900108890266e-01  9.8092754038485575e-01
4.7999999999999199e+00  3.7000470989384731e+01  4.0867361661414615e-02  6.5901156698553356e+00  3.0236728331214646e-01  3.1436091142832211e+01  3.2000108978131280e+01  3.2000109903316357e+01  4.7999999999999998e+00  3.6752906743551208e+01  6.5949824518172440e+00  3.0166218138885709e-01  5.0619527248948293e+00  5.6412510933873883e-01  5.4195049674811733e+00  4.5908405124875401e-01  4.2895668397794212e-01  9.8107423145591932e-01
4.9999999999999201e+00  3.7006267320618434e+01  4.0867853043629998e-02  6.5903275662883800e+00  3.0230696343220459e-01  3.1436155722598489e+01  3.2000116999498758e+01  3.2000117993900339e+01  4.7999999999999998e+00  3.6757161826766165e+01  6.5952305110695271e+00  3.0160060255869453e-01  5.0633458576482759e+00  5.6419172794863270e-01  5.4191212753692621e+00  4.5896006357808616e-01  4.2892350444682764e-01  9.8122403115506063e-01
5.1999999999999096e+00  3.7012404642679769e+01  4.0868377054524278e-02  6.5905520305726384e+00  3.0222996085182707e-01  3.1435954804415349e+01  3.2000126468963174e+01  3.2000127550990427e+01  4.7999999999999998e+00  3.6761753808715042e+01  6.5954896172762627e+00  3.0153562212174401e-01  5.0646621353022869e+00  5.6435894040311263e-01  5.4188784503088918e+00  4.5878744044371506e-01  4.2883988548625840e-01  9.8136876811160045e-01
5.3999999999999098e+00  3.7018935944272428e+01  4.0869059221776333e-02  6.5907916586159310e+00  3.0213117294213643e-01  3.1435457706882669e+01  3.2000137681509777e+01  3.2000138873351865e+01  4.7999999999999998e+00  3.6766739748382875e+01  6.5957622690009989e+00  3.0146832698235715e-01  5.0658592353460214e+00  5.6453713461829158e-01  5.4188247123396609e+00  4.5861855826026204e-01  4.2870061887610711e-01  9.8152140191863779e-01
5.5999999999999002e+00  3.7025908170162467e+01  4.0870026850319152e-02  6.5910529170399963e+00  3.0206025800678621e-01  3.1434666648454780e+01  3.2000150853785421e+01  3.2000152180841859e+01  4.7999999999999998e+00  3.6772175141610965e+01  6.5960544182809375e+00  3.0139954266741975e-01  5.0668955605582129e+00  5.6472624613288602e-01  5.4190114729650629e+00  4.5843893866381535e-01  4.2850568059351690e-01  9.8166271814891115e-01
5.7999999999999003e+00  3.7033364937814170e+01  4.0871422929924246e-02  6.5913460567357998e+00  3.0196940792126559e-01  3.1433616598583434e+01  3.2000166105694163e+01  3.2000167595757425e+01  4.7999999999999998e+00  3.6778116535882219e+01  6.5963754266331334e+00  3.0132091479693507e-01  5.0677352315361990e+00  5.6493716202290289e-01  5.4194890207933755e+00  4.5823360882704739e-01  4.2826025336342338e-01  9.8178761490627731e-01
5.9999999999998899e+00  3.7041350631970204e+01  4.0873402201802682e-02  6.5916846064550958e+00  3.0204262777988500e-01  3.1432370119124972e+01  3.2000183454563640e+01  3.2000185136853389e+01  4.7999999999999998e+00  3.6784624880567250e+01  6.5967376913995004e+00  3.0132430126219634e-01  5.0683541604735485e+00  5.6517859314496566e-01  5.4203014782706163e+00  4.5796129880457004e-01  4.2797398762990807e-01  9.8189763810820208e-01
6.1999999999998900e+00  3.7049913622000687e+01  4.0876106060548881e-02  6.5920846516629990e+00  3.0199506816348010e-01  3.1431008450913403e+01  3.2000202821626964e+01  3.2000204725860769e+01  4.7999999999999998e+00  3.6791767610557535e+01  6.5971561221953126e+00  3.0120565299299512e-01  5.0687461528261650e+00  5.6544398290120257e-01  5.4214820966504291e+00  4.5771345589145374e-01  4.2765967140562555e-01  9.8199984061116041e-01
6.3999999999998902e+00  3.7059107373314689e+01  4.0879627824524520e-02  6.5925640978163988e+00  3.0185763521342318e-01  3.1429620763570622e+01  3.2000224052739675e+01  3.2000226208367174e+01  4.7999999999999998e+00  3.6799618521171581e+01  6.5976476252053224e+00  3.0110167840647062e-01  5.0689277275951152e+00  5.6572472195086576e-01  5.4230499876170040e+00  4.5731944805412011e-01  4.2733157629901897e-01  9.8208774864871562e-01
6.5999999999998797e+00  3.7068989760787886e+01  4.0883975871172616e-02  6.5931420762369113e+00  3.0183882950693580e-01  3.1428293702707126e+01  3.2000246956106999e+01  3.2000249391757883e+01  4.7999999999999998e+00  3.6808255832548170e+01  6.5982307102368845e+00  3.0097881666583454e-01  5.0689403852976040e+00  5.6606314680893943e-01  5.4250092079558847e+00  4.5692721121070334e-01  4.2700378068040884e-01  9.8216544630217328e-01
6.7999999999998799e+00  3.7079621902259092e+01  4.0889039102604441e-02  6.5938386184792339e+00  3.0185795506091329e-01  3.1427103084195004e+01  3.2000271356252242e+01  3.2000274099459055e+01  4.7999999999999998e+00  3.6817759601589394e+01  6.5989253122765197e+00  3.0090865000692757e-01  5.0688494426731028e+00  5.6632961325216380e-01  5.4273507773234293e+00  4.5658218936138023e-01  4.2668873573874677e-01  9.8222857776258854e-01
6.9999999999998703e+00  3.7091067663377217e+01  4.0894559578036629e-02  6.5946747207056022e+00  3.0186612140408675e-01  3.1426108888635337e+01  3.2000297156595337e+01  3.2000300233865843e+01  4.7999999999999998e+00  3.6828209567796236e+01  6.5997529184064794e+00  3.0077953512270761e-01  5.0687392324239777e+00  5.6657856593318001e-01  5.4300577874132836e+00  4.5625022954308414e-01  4.2639625182747515e-01  9.8227773840303911e-01
7.1999999999998696e+00  3.7103393988837027e+01  4.0900136492688567e-02  6.5956728958048014e+00  3.0171921988650491e-01  3.1425353764543967e+01  3.2000324397154699e+01  3.2000327834360561e+01  4.7999999999999998e+00  3.6839683774735320e+01  6.6007370800644205e+00  3.0064698253770600e-01  5.0687052470002882e+00  5.6681301879285217e-01  5.4331132034752967e+00  4.5593852536433621e-01  4.2613297107371489e-01  9.8231454154095776e-01
7.3999999999998600e+00  3.7116670579002445e+01  4.0905298982132923e-02  6.5968581873421233e+00  3.0164321910407238e-01  3.1424864202009147e+01  3.2000353293238945e+01  3.2000357116092076e+01  4.7999999999999998e+00  3.6852256874849679e+01  6.6019042927228941e+00  3.0057435699325041e-01  5.0688444698231381e+00  5.6699851256818457e-01  5.4365090340828726e+00  4.5560210524073375e-01  4.2590229479514308e-01  9.8234181599402648e-01
7.5999999999998602e+00  3.7130964836174684e+01  4.0909640081534152e-02  6.5982592840240475e+00  3.0156541836688755e-01  3.1424652491798003e+01  3.2000384244698573e+01  3.2000388478902224e+01  4.7999999999999998e+00  3.6865994412075047e+01  6.6032849209059687e+00  3.0053499229303809e-01  5.0692455225254900e+00  5.6714288373331712e-01  5.4402538830960037e+00  4.5532479222028177e-01  4.2570468632302411e-01  9.8236009072799269e-01
7.7999999999998604e+00  3.7146326367118178e+01  4.0912935987736557e-02  6.5999088316299179e+00  3.0148407926971965e-01  3.1424717090437181e+01  3.2000417801762737e+01  3.2000422472432966e+01  4.7999999999999998e+00  3.6880937612764647e+01  6.6049133186275917e+00  3.0044527028142176e-01  5.0699802859216598e+00  5.6721780246664788e-01  5.4443742168077556e+00  4.5492593936796766e-01  4.2553826472654677e-01  9.8236641191227125e-01
7.9999999999998499e+00  3.7162762996401383e+01  4.0915173036215301e-02  6.6018419487505486e+00  3.0139718897273227e-01  3.1425040808909706e+01  3.2000454556759820e+01  3.2000459687078688e+01  4.7999999999999998e+00  3.6897080671379953e+01  6.6068261951163647e+00  3.0032172654947914e-01  5.0710983532927676e+00  5.6722421709345994e-01  5.4489072033872628e+00  4.5448584438359391e-01  4.2539953907285233e-01  9.8235879998255804e-01
8.1999999999998803e+00  3.7180225879707606e+01  4.0916477099640594e-02  6.6040931547813235e+00  3.0131395350496781e-01  3.1425590029016107e+01  3.2000494941392382e+01  3.2000500550992939e+01  4.7999999999999998e+00  3.6914357901106058e+01  6.6090594512578074e+00  3.0024539940433892e-01  5.0726251413975829e+00  5.6719081034917651e-01  5.4538910901090940e+00  4.5408089640903532e-01  4.2528400107197872e-01  9.8233367800642835e-01
8.3999999999999098e+00  3.7198616523850305e+01  4.0917014620428759e-02  6.6066929226495104e+00  3.0125285179578282e-01  3.1426317861253878e+01  3.2000538982425084e+01  3.2000545086202663e+01  4.7999999999999998e+00  3.6932652845223330e+01  6.6116447019690909e+00  3.0016212192228514e-01  5.0745638074491408e+00  5.6716096133021354e-01  5.4593600599389154e+00  4.5381443218579010e-01  4.2518640296818688e-01  9.8228623590546083e-01
8.5999999999999392e+00  3.7217806312785200e+01  4.0916944152273718e-02  6.6096643619128592e+00  3.0106425343573029e-01  3.1427169996957343e+01  3.2000586143234031e+01  3.2000592751036613e+01  4.7999999999999998e+00  3.6951819022727591e+01  6.6146059847809857e+00  3.0010444531497860e-01  5.0769003832011510e+00  5.6708932758666419e-01  5.4653419499533751e+00  4.5368176406724864e-01  4.2510084938436371e-01  9.8222719572388550e-01
8.7999999999999794e+00  3.7237655494266072e+01  4.0916434867664164e-02  6.6130201755215996e+00  3.0085652235049465e-01  3.1428090973184350e+01  3.2000635394281638e+01  3.2000642511577496e+01  4.7999999999999998e+00  3.6971699016052185e+01  6.6179567687154259e+00  2.9999683726903592e-01  5.0796108646223326e+00  5.6700791772605252e-01  5.4718550897318305e+00  4.5341737447541941e-01  4.2502090295408634e-01  9.8215950516652317e-01
9.0000000000000107e+00  3.7258028590141635e+01  4.0915700074205454e-02  6.6167609812304446e+00  3.0070440316574204e-01  3.1429029588272243e+01  3.2000685561541594e+01  3.2000693190885585e+01  4.7999999999999998e+00  3.6992139454872856e+01  6.6216983168500265e+00  2.9987689917068794e-01  5.0826685603825288e+00  5.6693624573437362e-01  5.4789050734918314e+00  4.5304416371358575e-01  4.2493979205106730e-01  9.8208145415977854e-01
9.2000000000000401e+00  3.7278807359383535e+01  4.0914989973679330e-02  6.6208765382768027e+00  3.0055736679792860e-01  3.1429942488865130e+01  3.2000735782849148e+01  3.2000743925755238e+01  4.7999999999999998e+00  3.7013003924301699e+01  6.6258209271451456e+00  2.9976526457513525e-01  5.0860499885818680e+00  5.6677459725095969e-01  5.4864844402861834e+00  4.5295557597458302e-01  4.2485073855318889e-01  9.8199022159081051e-01
9.4000000000000696e+00  3.7299899397475471e+01  4.0914538489291899e-02  6.6253499748742612e+00  3.0043101841670122e-01  3.1430795583944093e+01  3.2000785769018485e+01  3.2000794427631824e+01  4.7999999999999998e+00  3.7034182426053725e+01  6.6303081557402663e+00  2.9966044643658674e-01  5.0897381350962991e+00  5.6672300749264037e-01  5.4945759440920945e+00  4.5270271706907522e-01  4.2474742146442296e-01  9.8188582183258766e-01
9.6000000000000991e+00  3.7321237697839642e+01  4.0914500570774254e-02  6.6301628211719121e+00  3.0018596074316095e-01  3.1431564355688234e+01  3.2000835720782632e+01  3.2000844898750444e+01  4.7999999999999998e+00  3.7055592477756534e+01  6.6351418406817020e+00  2.9949979723438847e-01  5.0937228660046836e+00  5.6661241660174821e-01  5.5031566507873251e+00  4.5231492515268162e-01  4.2462458724759150e-01  9.8177023468519875e-01
9.8000000000001304e+00  3.7342769239386541e+01  4.0914918652071718e-02  6.6352979753314383e+00  3.0003085616089736e-01  3.1432234667632414e+01  3.2000886020375674e+01  3.2000895722703000e+01  4.7999999999999998e+00  3.7077169084243728e+01  6.6403050565110693e+00  2.9927794982406575e-01  5.0979993485939907e+00  5.6645859042841784e-01  5.5121993266513378e+00  4.5200165243951435e-01  4.2447875967793225e-01  9.8164432816049429e-01
1.0000000000000201e+01  3.7364436812517951e+01  4.0915735031861952e-02  6.6407393467533460e+00  2.9988622714981777e-01  3.1432804566498159e+01  3.2000936915110103e+01  3.2000947147286475e+01  4.7999999999999998e+00  3.7098847098105118e+01  6.6457817382242679e+00  2.9913140883184769e-01  5.1025659774441259e+00  5.6641779112711577e-01  5.5216699247253000e+00  4.5154483714463750e-01  4.2430891877162019e-01  9.8150716579513464e-01
1.0200000000000200e+01  3.7386162151919535e+01  4.0916841140412392e-02  6.6464689274746975e+00  2.9970993034445026e-01  3.1433286304424460e+01  3.2000988339677050e+01  3.2000999106518016e+01  4.7999999999999998e+00  3.7120544011393797e+01  6.6515537213834861e+00  2.9893220688886152e-01  5.1074233100254949e+00  5.6629232517423767e-01  5.5315225749794150e+00  4.5089411322827599e-01  4.2411697924916691e-01  9.8135781298387614e-01
1.0400000000000199e+01  3.7407838359481850e+01  4.0918137399959781e-02  6.6524632476210064e+00  2.9955285999880565e-01  3.1433707284940308e+01  3.2001039923701995e+01  3.2001051228204780e+01  4.7999999999999998e+00  3.7142151626003432e+01  6.6575971630395774e+00  2.9872118710501833e-01  5.1125751734595086e+00  5.6616085783982684e-01  5.5416947996890444e+00  4.5047072931162896e-01  4.2390792730974391e-01  9.8118990767399927e-01
1.0600000000000300e+01  3.7429336923130165e+01  4.0919576900023971e-02  6.6586912938537433e+00  2.9941313674849523e-01  3.1434108937875962e+01  3.2001091156606478e+01  3.2001102999013860e+01  4.7999999999999998e+00  3.7163542305896215e+01  6.6638804432982637e+00  2.9849515669523552e-01  5.1180328472638275e+00  5.6607259574148416e-01  5.5521054979985163e+00  4.5004323385140893e-01  4.2368955361789240e-01  9.8101017906564592e-01
1.0800000000000299e+01  3.7450531195032411e+01  4.0921179427057967e-02  6.6651155322197599e+00  2.9923943877403913e-01  3.1434542861154650e+01  3.2001141633799669e+01  3.2001154010763479e+01  4.7999999999999998e+00  3.7184591713030279e+01  6.6703652130852245e+00  2.9834878908901974e-01  5.1238233454019255e+00  5.6595881139171067e-01  5.5626571884110421e+00  4.4978224813295603e-01  4.2347182707306058e-01  9.8081755947813321e-01
1.1000000000000300e+01  3.7471336056829031e+01  4.0923016702094264e-02  6.6716967679615937e+00  2.9910668810416041e-01  3.1435064188934909e+01  3.2001191305171027e+01  3.2001204209037766e+01  4.7999999999999998e+00  3.7205217564020003e+01  6.6770113325699407e+00  2.9826795208774759e-01  5.1300037870335080e+00  5.6582752354032639e-01  5.5732426633293075e+00  4.4935554919691123e-01  4.2326607649044479e-01  9.8060896603405967e-01
1.1200000000000401e+01  3.7491765989482232e+01  4.0925177102464280e-02  6.6784025441189057e+00  2.9897291483562022e-01  3.1435722182476635e+01  3.2001240703587385e+01  3.2001254121304775e+01  4.7999999999999998e+00  3.7225436376519674e+01  6.6837854007114919e+00  2.9821232150409499e-01  5.1366873857269795e+00  5.6564469235083625e-01  5.5837542120841368e+00  4.4914179741561350e-01  4.2308430887259418e-01  9.8038086303085847e-01
1.1400000000000400e+01  3.7512014339457714e+01  4.0927721409083559e-02  6.6852194083629737e+00  2.9884934797711554e-01  3.1436549455789891e+01  3.2001291228786833e+01  3.2001305139570320e+01  4.7999999999999998e+00  3.7245441136355133e+01  6.6906731754707982e+00  2.9817385738486829e-01  5.1440878606650760e+00  5.6532411336684107e-01  5.5940935206959779e+00  4.4896114932446807e-01  4.2293900794581085e-01  9.8011026229673648e-01
1.1600000000000399e+01  3.7532477545464658e+01  4.0930644449613487e-02  6.6921700380049627e+00  2.9874506749602731e-01  3.1437566224351027e+01  3.2001345678586290e+01  3.2001360048841889e+01  4.7999999999999998e+00  3.7265626968551686e+01  6.6976966846662327e+00  2.9809197811249094e-01  5.1525401528198032e+00  5.6500032245812470e-01  5.6041801296701523e+00  4.4878874513594064e-01  4.2284248145937037e-01  9.7981646597546790e-01
1.1800000000000400e+01  3.7553622809973618e+01  4.0933858567462178e-02  6.6993318970091877e+00  2.9861392146257820e-01  3.1438817878418462e+01  3.2001409023374613e+01  3.2001423798858340e+01  4.7999999999999998e+00  3.7286464851893115e+01  6.7049326212906593e+00  2.9790077404762300e-01  5.1624274275068114e+00  5.6463336267500674e-01  5.6139578696336043e+00  4.4850929742306295e-01  4.2280431180111555e-01  9.7949951421663584e-01
1.2000000000000499e+01  3.7575905598959146e+01  4.0937208092795378e-02  6.7068549372141657e+00  2.9851797398442331e-01  3.1440410499003484e+01  3.2001488540486861e+01  3.2001503625950605e+01  4.7999999999999998e+00  3.7308418643613855e+01  6.7125299188333800e+00  2.9787414067487311e-01  5.1741330340819269e+00  5.6421037931705931e-01  5.6233988786282270e+00  4.4831582025220901e-01  4.2283010106590641e-01  9.7915560529208179e-01
1.2200000000000500e+01  3.7599651968150006e+01  4.0940509484379536e-02  6.7149440417865858e+00  2.9833521449420192e-01  3.1442509531222218e+01  3.2001581916064843e+01  3.2001597199106506e+01  4.7999999999999998e+00  3.7331823723318976e+01  6.7206922671653642e+00  2.9779953250974439e-01  5.1879637919479249e+00  5.6370036183754779e-01  5.6325052541790050e+00  4.4815436506483897e-01  4.2292012836627718e-01  9.7879997163681864e-01
1.2400000000000500e+01  3.7624476223092145e+01  4.0943597899323975e-02  6.7236468070506206e+00  2.9824341464463472e-01  3.1445167318825529e+01  3.2001667572801878e+01  3.2001683044356959e+01  4.7999999999999998e+00  3.7356301519473021e+01  6.7294666787980146e+00  2.9768956534285773e-01  5.2037352316430185e+00  5.6310024146798854e-01  5.6413081757690051e+00  4.4795824864590789e-01  4.2306120671578712e-01  9.7843226781579629e-01
1.2600000000000600e+01  3.7649473489279572e+01  4.0946357359186170e-02  6.7327882671401076e+00  2.9823535610182589e-01  3.1448225582483769e+01  3.2001741165223180e+01  3.2001756851744801e+01  4.7999999999999998e+00  3.7380950227002941e+01  6.7386785169798662e+00  2.9736650235734086e-01  5.2208431438635188e+00  5.6245167458825995e-01  5.6498644312750956e+00  4.4764544875854512e-01  4.2323061890175828e-01  9.7804991630396576e-01
1.2800000000000599e+01  3.7673968213929101e+01  4.0948721083386028e-02  6.7422061358253940e+00  2.9813445413997547e-01  3.1451515278365758e+01  3.2001806600146246e+01  3.2001822524715735e+01  4.7999999999999998e+00  3.7405096528908643e+01  6.7481659676946668e+00  2.9703285431735454e-01  5.2387653104680769e+00  5.6186753186557203e-01  5.6582508271325844e+00  4.4762726522074231e-01  4.2340853529916805e-01  9.7764425566118418e-01
1.3000000000000600e+01  3.7697578081845002e+01  4.0950645145469755e-02  6.7518023470507220e+00  2.9792445851008004e-01  3.1454915946985967e+01  3.2001866414425479e+01  3.2001882599892831e+01  4.7999999999999998e+00  3.7428360686176532e+01  6.7578313406710491e+00  2.9676577538571997e-01  5.2571308470186233e+00  5.6131643048115321e-01  5.6665566085610291e+00  4.4722000307641968e-01  4.2357975143258714e-01  9.7721933173150777e-01
1.3200000000000699e+01  3.7720111650147246e+01  4.0952072932966641e-02  6.7615172409681961e+00  2.9759711722582693e-01  3.1458339529187789e+01  3.2001922273219861e+01  3.2001938742627075e+01  4.7999999999999998e+00  3.7450553833387076e+01  6.7676152872229993e+00  2.9655078718275840e-01  5.2756693156287646e+00  5.6066096397212650e-01  5.6748752912531835e+00  4.4707135582655994e-01  4.2373265013482841e-01  9.7678911253365752e-01
1.3400000000000700e+01  3.7741515872961273e+01  4.0952912408240484e-02  6.7713158729264640e+00  2.9741945552444937e-01  3.1461722235727326e+01  3.2001975511954171e+01  3.2001992287155659e+01  4.7999999999999998e+00  3.7471624998453947e+01  6.7774831351344798e+00  2.9655622603421211e-01  5.2941892603975500e+00  5.6011378263008060e-01  5.6832967487004362e+00  4.4701841143246202e-01  4.2385870018052690e-01  9.7635511797149621e-01
1.3600000000000700e+01  3.7761846966250033e+01  4.0953040549354641e-02  6.7811814178105330e+00  2.9717111599534335e-01  3.1465020706206783e+01  3.2002027350539024e+01  3.2002044450412150e+01  4.7999999999999998e+00  3.7491631394379510e+01  6.7874183170303928e+00  2.9643798631673635e-01  5.3125700963281925e+00  5.5983469004807551e-01  5.6919010023870520e+00  4.4681185248737709e-01  4.2395211970342800e-01  9.7591674575596643e-01
1.3800000000000800e+01  3.7781249270225665e+01  4.0952333548923178e-02  6.7911115469376648e+00  2.9688774965435333e-01  3.1468209371698691e+01  3.2002078998832580e+01  3.2002096437823859e+01  4.7999999999999998e+00  3.7510716775128060e+01  6.7974187649227940e+00  2.9625190202187424e-01  5.3307576607678619e+00  5.5969526517730073e-01  5.7007541862029854e+00  4.4674591113538553e-01  4.2400955723833761e-01  9.7547171176936809e-01
1.4000000000000799e+01  3.7799935091548200e+01  4.0950706284734628e-02  6.8011164614847894e+00  2.9679231029464037e-01  3.1471278190209041e+01  3.2002131697178221e+01  3.2002149483806207e+01  4.7999999999999998e+00  3.7529091007411402e+01  6.8074949475533222e+00  2.9608980939108670e-01  5.3487594558603968e+00  5.5954965622647224e-01  5.7099067464053386e+00  4.4671374983310891e-01  4.2402979011338182e-01  9.7501823243858021e-01
1.4200000000000800e+01  3.7818159947090251e+01  4.0948139641602044e-02  6.8112173807158465e+00  2.9668434701007762e-01  3.1474230579332975e+01  3.2002186673223072e+01  3.2002204809208862e+01  4.7999999999999998e+00  3.7547005415432665e+01  6.8176683435003502e+00  2.9603905877642644e-01  5.3666372833026124e+00  5.5931466779616767e-01  5.7193927412317391e+00  4.4663857582562055e-01  4.2401346780168470e-01  9.7455658106936383e-01
1.4400000000000899e+01  3.7836189284562366e+01  4.0944682691047486e-02  6.8214443979420256e+00  2.9655127255761765e-01  3.1477081061097408e+01  3.2002244999317483e+01  3.2002263479638536e+01  4.7999999999999998e+00  3.7564720018220214e+01  6.8279692682350790e+00  2.9578275699409229e-01  5.3844958718652585e+00  5.5915710044261768e-01  5.7292287186740856e+00  4.4645473490318849e-01  4.2396291012599457e-01  9.7408794233713547e-01
1.4600000000000900e+01  3.7854257332065785e+01  4.0940432166263974e-02  6.8318326585204527e+00  2.9632513293248858e-01  3.1479852437382664e+01  3.2002307376860450e+01  3.2002326191145549e+01  4.7999999999999998e+00  3.7582463251459508e+01  6.8384330148480297e+00  2.9555969693455181e-01  5.4024669406645751e+00  5.5917754029436373e-01  5.7394114716181512e+00  4.4634804940559714e-01  4.2388192745819370e-01  9.7361297230042898e-01
1.4800000000000900e+01  3.7872525785552895e+01  4.0935502883757295e-02  6.8424166323143059e+00  2.9616041944811045e-01  3.1482572563832161e+01  3.2002373939798851e+01  3.2002393074487728e+01  4.7999999999999998e+00  3.7600391734239409e+01  6.8490940880170355e+00  2.9544156907965541e-01  5.4206899226920155e+00  5.5902493174847823e-01  5.7499156202519721e+00  4.4601215911540798e-01  4.2377558894151179e-01  9.7313135347753954e-01
1.5000000000000901e+01  3.7891054896945022e+01  4.0930003131737676e-02  6.8532238227876707e+00  2.9599679317110544e-01  3.1485271407420424e+01  3.2002444197531666e+01  3.2002463638020757e+01  4.7999999999999998e+00  3.7618562427794750e+01  6.8599798803809486e+00  2.9541284149515151e-01  5.4392918160422443e+00  5.5887441078676880e-01  5.7606944650093883e+00  4.4564760324666408e-01  4.2364985263984040e-01  9.7264219835567278e-01
1.5200000000000999e+01  3.7909795508182434e+01  4.0924021202928179e-02  6.8642695801350273e+00  2.9584326426196816e-01  3.1487978781639566e+01  3.2002517163899242e+01  3.2002536896432332e+01  4.7999999999999998e+00  3.7636925472867517e+01  6.8711054678506231e+00  2.9546572693345657e-01  5.4583701429442657e+00  5.5863988168868950e-01  5.7716852855339411e+00  4.4524295526043162e-01  4.2351104759826469e-01  9.7214455717826120e-01
1.5400000000001000e+01  3.7928602215733072e+01  4.0917620963708490e-02  6.8755549366450959e+00  2.9568845542275735e-01  3.1490722493882565e+01  3.2002591606810171e+01  3.2002611619729535e+01  4.7999999999999998e+00  3.7655337670231546e+01  6.8824714576676804e+00  2.9535443852181209e-01  5.4779823458052412e+00  5.5826445789723333e-01  5.7828183643830089e+00  4.4477223275403510e-01  4.2336527130557644e-01  9.7163765435571947e-01
1.5600000000001000e+01  3.7947260868670739e+01  4.0910841228199338e-02  6.8870674522398003e+00  2.9551862012963676e-01  3.1493526571108255e+01  3.2002666303973079e+01  3.2002686588736346e+01  4.7999999999999998e+00  3.7673589720136988e+01  6.8940648817546046e+00  2.9535300946160320e-01  5.4981428334509790e+00  5.5800538548685585e-01  5.7940264874941780e+00  4.4438434387779263e-01  4.2321779132374321e-01  9.7111375510987630e-01
1.5800000000001100e+01  3.7965522645508287e+01  4.0917350405298550e-02  6.8987844735879689e+00  2.9526644600436436e-01  3.1496409090518696e+01  3.2002740233655743e+01  3.2002760785065149e+01  4.7999999999999998e+00  3.7691439529928630e+01  6.9058625390190160e+00  2.9512906839730613e-01  5.5188264281819022e+00  5.5778307123431403e-01  5.8052530610278303e+00  4.4395568460180129e-01  4.2307250786605549e-01  9.7057572704510087e-01
1.6000000000001101e+01  3.7983138943126136e+01  4.0925673988650976e-02  6.9106775190166285e+00  2.9511700314295658e-01  3.1499379919107355e+01  3.2002812675635440e+01  3.2002833491952117e+01  4.7999999999999998e+00  3.7708646005679576e+01  6.9178354814867351e+00  2.9498426209678347e-01  5.5399758057375381e+00  5.5745916835908638e-01  5.8164582801877849e+00  4.4369849821707819e-01  4.2293151689799890e-01  9.7002548016497436e-01
1.6200000000001101e+01  3.7999894123334457e+01  4.0934980462813193e-02  6.9227170569770689e+00  2.9499553444257609e-01  3.1502438693077508e+01  3.2002883256402221e+01  3.2002904339423431e+01  4.7999999999999998e+00  3.7725000615903845e+01  6.9299538924660808e+00  2.9490243350708467e-01  5.5615110926427169e+00  5.5725553523911553e-01  5.8276237713382475e+00  4.4346864218123055e-01  4.2279481816501219e-01  9.6946229163230990e-01
1.6400000000001000e+01  3.8015635574737772e+01  4.0945204856737978e-02  6.9348777009350311e+00  2.9496545750699088e-01  3.1505573996582392e+01  3.2002951969697484e+01  3.2002973323815802e+01  4.7999999999999998e+00  3.7740356435205911e+01  6.9421923538390633e+00  2.9473679283534804e-01  5.5833403371315455e+00  5.5706059454227330e-01  5.8387573334600109e+00  4.4334247903789725e-01  4.2266020289173478e-01  9.6888576166721496e-01
1.6600000000001000e+01  3.8030301598740920e+01  4.0956165658117882e-02  6.9471437871736637e+00  2.9484161612306026e-01  3.1508764411120730e+01  3.2003019224939159e+01  3.2003040858055243e+01  4.7999999999999998e+00  3.7754655374474574e+01  6.9545354478824644e+00  2.9441109762006107e-01  5.6053699627683811e+00  5.5712511037663837e-01  5.8498989325863437e+00  4.4331577818253476e-01  4.2252332943391030e-01  9.6829599805457389e-01
1.6800000000000900e+01  3.8043949143581088e+01  4.0967593527564038e-02  6.9595161112958683e+00  2.9473578276670764e-01  3.1511981901443100e+01  3.2003085994310503e+01  3.2003107918051612e+01  4.7999999999999998e+00  3.7767955720593079e+01  6.9669844598663175e+00  2.9415539801378965e-01  5.6275139454265490e+00  5.5703371362234755e-01  5.8611306903858997e+00  4.4286519071874897e-01  4.2237793641298688e-01  9.6769355349485897e-01
1.7000000000000899e+01  3.8056781604424167e+01  4.0979175240992205e-02  6.9720201050213868e+00  2.9457100166715572e-01  3.1515197026783433e+01  3.2003154075773203e+01  3.2003176304416698e+01  4.7999999999999998e+00  3.7780460155399297e+01  6.9795654705016856e+00  2.9400307466533543e-01  5.6497012056150870e+00  5.5697438710040348e-01  5.8725916284147655e+00  4.4243711194645130e-01  4.2221613569029659e-01  9.6707922173805172e-01
1.7200000000000902e+01  3.8069158606891207e+01  4.0990600951587713e-02  6.9847134475927799e+00  2.9459633333760249e-01  3.1518381805629868e+01  3.2003226240859846e+01  3.2003248787980802e+01  4.7999999999999998e+00  3.7792525956801128e+01  6.9923368993713559e+00  2.9392935059824321e-01  5.6718811396825126e+00  5.5692941080413316e-01  5.8844876103657189e+00  4.4206490310316687e-01  4.2202891172509283e-01  9.6645387579286712e-01
1.7400000000000801e+01  3.8081530135511130e+01  4.1001603476667522e-02  6.9976815625104800e+00  2.9455014826314208e-01  3.1521502729794300e+01  3.2003305129100319e+01  3.2003328005338609e+01  4.7999999999999998e+00  3.7804599610352163e+01  7.0053850662781585e+00  2.9392054975848264e-01  5.6940268040689341e+00  5.5702520007056300e-01  5.8970608125135699e+00  4.4184105131410012e-01  4.2180738242834470e-01  9.6581839574421591e-01
1.7600000000000801e+01  3.8094300842367439e+01  4.1011982276305710e-02  7.0110135455704636e+00  2.9449177345177430e-01  3.1524512486574991e+01  3.2003391228356392e+01  3.2003414447184760e+01  4.7999999999999998e+00  3.7817081975685227e+01  7.0188001940836680e+00  2.9382194668202755e-01  5.7161361274595670e+00  5.5721459783427396e-01  5.9105134660530245e+00  4.4151419786738288e-01  4.2154468974465525e-01  9.6517363185769645e-01
1.7800000000000701e+01  3.8107780290796065e+01  4.1021610038224868e-02  7.0247826303466079e+00  2.9429752208217430e-01  3.1527362642140826e+01  3.2003483383417183e+01  3.2003506965483901e+01  4.7999999999999998e+00  3.7830279562287288e+01  7.0326566319861392e+00  2.9374118070531130e-01  5.7382304050329083e+00  5.5742168889624710e-01  5.9249734105573504e+00  4.4106355994721902e-01  4.2123674092876340e-01  9.6452040225236524e-01
1.8000000000000700e+01  3.8122232088438707e+01  4.1030424386050486e-02  7.0390449677708515e+00  2.9417777990048227e-01  3.1530024680515460e+01  3.2003580261625380e+01  3.2003604232367145e+01  4.7999999999999998e+00  3.7844454128225649e+01  7.0470112854168780e+00  2.9356448379366235e-01  5.7603508629309221e+00  5.5741005484644524e-01  5.9405181357612395e+00  4.4036882115575199e-01  4.2088165777719660e-01  9.6385625608175352e-01
1.8200000000000699e+01  3.8137908715733360e+01  4.1038410043023360e-02  7.0538422332498758e+00  2.9402951918241066e-01  3.1532498932188684e+01  3.2003680841349286e+01  3.2003705228622877e+01  4.7999999999999998e+00  3.7859857340995951e+01  7.0619060752556759e+00  2.9331009379327555e-01  5.7825542523887989e+00  5.5760318362267092e-01  5.9571956567748305e+00  4.3980118975432392e-01  4.2047921813392336e-01  9.6318217150891716e-01
1.8400000000000599e+01  3.8155047220870230e+01  4.1045577567966229e-02  7.0692048290192506e+00  2.9395875376874653e-01  3.1534806662576084e+01  3.2003784542729228e+01  3.2003809375990905e+01  4.7999999999999998e+00  3.7876725741591571e+01  7.0773712692268802e+00  2.9313262188559064e-01  5.8049070995694914e+00  5.5804009505484564e-01  5.9750286902673020e+00  4.3918132265842863e-01  4.2003060496866768e-01  9.6250228614387934e-01
1.8600000000000598e+01  3.8173826412127752e+01  4.1051943939307445e-02  7.0851543402252997e+00  2.9388987891243901e-01  3.1536970008846971e+01  3.2003890699627021e+01  3.2003916007864198e+01  4.7999999999999998e+00  3.7895236859950991e+01  7.0934282749411972e+00  2.9298086493866643e-01  5.8274801381715484e+00  5.5852413016889568e-01  5.9940031085677781e+00  4.3849696057158027e-01  4.1953852648388262e-01  9.6181710869823500e-01
1.8800000000000502e+01  3.8194317430044066e+01  4.1057518444754665e-02  7.1017018497717332e+00  2.9375661868007696e-01  3.1538996869154381e+01  3.2003997657248419e+01  3.2004023462738431e+01  4.7999999999999998e+00  3.7915459490088892e+01  7.1100882264699354e+00  2.9284689252343427e-01  5.8503421207561992e+00  5.5904984318988304e-01  6.0140535685835754e+00  4.3774126601474345e-01  4.1900740390412966e-01  9.6112668174091465e-01
1.9000000000000501e+01  3.8216470424951069e+01  4.1062295142015329e-02  7.1188429882928803e+00  2.9360131913519588e-01  3.1540886113000177e+01  3.2004102507252369e+01  3.2004128820493158e+01  4.7999999999999998e+00  3.7937341547965488e+01  7.1273469618592404e+00  2.9283800677248722e-01  5.8735547572492930e+00  5.5942425660383388e-01  6.0350646367365011e+00  4.3706388298333232e-01  4.1844321844191834e-01  9.6043043353061941e-01
1.9200000000000500e+01  3.8240114520620878e+01  4.1066251095392560e-02  7.1365482533822080e+00  2.9346010423408181e-01  3.1542646754115843e+01  3.2004202001578257e+01  3.2004228824923281e+01  4.7999999999999998e+00  3.7960711518715136e+01  7.1451749565822560e+00  2.9261146057010751e-01  5.8971686974620345e+00  5.5965004946373897e-01  6.0568754300089402e+00  4.3632709601969089e-01  4.1785329205646443e-01  9.5972731142634971e-01
1.9400000000000400e+01  3.8264978794279031e+01  4.1069348109579983e-02  7.1547593064210826e+00  2.9326677843909588e-01  3.1544313367246033e+01  3.2004294338683707e+01  3.2004321674067796e+01  4.7999999999999998e+00  3.7985300310086217e+01  7.1635132565929185e+00  2.9236709078120865e-01  5.9212212661067003e+00  5.6012645713977072e-01  6.0792923188373162e+00  4.3567250446111822e-01  4.1724592234564506e-01  9.5901612495298338e-01
1.9600000000000399e+01  3.8290758608282545e+01  4.1071535125255167e-02  7.1734024211608487e+00  2.9308712140028981e-01  3.1545945781870518e+01  3.2004379753780775e+01  3.2004407605330776e+01  4.7999999999999998e+00  3.8010807900759161e+01  7.1822868887392639e+00  2.9212044583227137e-01  5.9457360374750827e+00  5.6026581489538352e-01  6.1021234518240801e+00  4.3508713145826888e-01  4.1662958507557296e-01  9.5829589114354830e-01
1.9800000000000299e+01  3.8317182580240619e+01  4.1072748951171287e-02  7.1924090099588831e+00  2.9292211088891446e-01  3.1547616965666602e+01  3.2004459563435113e+01  3.2004487935660201e+01  4.7999999999999998e+00  3.8036970354693224e+01  7.2014256167070432e+00  2.9186483166511862e-01  5.9707236666510184e+00  5.6065954516512218e-01  6.1252147487982453e+00  4.3421129160223915e-01  4.1601215171857492e-01  9.5756599268039333e-01
2.0000000000000298e+01  3.8344042304321093e+01  4.1072912395699046e-02  7.2117296746909236e+00  2.9269232282035096e-01  3.1549401025814728e+01  3.2004535308423797e+01  3.2004564205547872e+01  4.7999999999999998e+00  3.8063589416222982e+01  7.2208782410464050e+00  2.9156602583879238e-01  5.9961850026481578e+00  5.6095159012192952e-01  6.1484671782190912e+00  4.3370325238553697e-01  4.1540050309299292e-01  9.5682611201703172e-01
2.0200000000000301e+01  3.8371190414040385e+01  4.1071930591373401e-02  7.2313377904808185e+00  2.9255349513474815e-01  3.1551366879030315e+01  3.2004608441078354e+01  3.2004637868707796e+01  4.7999999999999998e+00  3.8090530166677745e+01  7.2406163279177065e+00  2.9129718288176615e-01  6.0221145201777047e+00  5.6096906948215086e-01  6.1718353420918657e+00  4.3313284720697676e-01  4.1480043027293773e-01  9.5607606909063092e-01
2.0400000000000201e+01  3.8398525207678283e+01  4.1069687671930408e-02  7.2512276659779351e+00  2.9228239501890846e-01  3.1553575845911318e+01  3.2004680281831710e+01  3.2004710247810927e+01  4.7999999999999998e+00  3.8117704850397345e+01  7.2606324530101736e+00  2.9106636838355787e-01  6.0485039931517317e+00  5.6099956642908133e-01  6.1953181620272533e+00  4.3246471089428351e-01  4.1421662074813209e-01  9.5531572602479198e-01
2.0600000000000200e+01  3.8425972179610866e+01  4.1066046402562249e-02  7.2714100916759650e+00  2.9196650153419351e-01  3.1556080467240360e+01  3.2004752025009573e+01  3.2004782536557947e+01  4.7999999999999998e+00  3.8145053231846120e+01  7.2809358216832516e+00  2.9090927909038217e-01  6.0753455369236340e+00  5.6119760053222045e-01  6.2189470135142200e+00  4.3162037691143224e-01  4.1365263755756038e-01  9.5454501134646852e-01
2.0800000000000100e+01  3.8453466913603435e+01  4.1060852723879479e-02  7.2919068209464131e+00  2.9173982994580233e-01  3.1558923428063959e+01  3.2004824714971541e+01  3.2004855778270525e+01  4.7999999999999998e+00  3.8172524099791318e+01  7.3015468241559942e+00  2.9058571953206586e-01  6.1026340193422799e+00  5.6156234856171450e-01  6.2427731090864507e+00  4.3116435818198778e-01  4.1311089230891856e-01  9.5376398752633917e-01
2.1000000000000099e+01  3.8480942063134265e+01  4.1053945723764113e-02  7.3127445475986441e+00  2.9150237673774332e-01  3.1562137127195886e+01  3.2004899203744678e+01  3.2004930826340590e+01  4.7999999999999998e+00  3.8200060892558483e+01  7.3224910668748011e+00  2.9035019766453196e-01  6.1303708670347010e+00  5.6163660729293607e-01  6.2668535367528939e+00  4.3049338000796139e-01  4.1259266388208637e-01  9.5297287143239673e-01
2.1200000000000099e+01  3.8508319444204616e+01  4.1045171829449667e-02  7.3339470043698824e+00  2.9125834460774996e-01  3.1565744242340656e+01  3.2004976079365314e+01  3.2005008274735125e+01  4.7999999999999998e+00  3.8227592728777296e+01  7.3437914766438999e+00  2.9011238877437173e-01  6.1585669183856693e+00  5.6189805285113714e-01  6.2912349970959607e+00  4.2973104493793934e-01  4.1209819550043769e-01  9.5217200999854346e-01
2.1399999999999999e+01  3.8535512016866988e+01  4.1055850801326836e-02  7.3555300841832212e+00  2.9116871534506661e-01  3.1569757740159503e+01  3.2005055660844441e+01  3.2005088448101105e+01  4.7999999999999998e+00  3.8255035799722634e+01  7.3654634205840255e+00  2.8995448727913542e-01  6.1872440520174896e+00  5.6187099468649104e-01  6.3159436328021092e+00  4.2894068531528723e-01  4.1162686606117849e-01  9.5136188538584154e-01
2.1600000000000001e+01  3.8562437748090971e+01  4.1073417141570992e-02  7.3775029520265036e+00  2.9106758434059260e-01  3.1574179822698394e+01  3.2005138089512549e+01  3.2005171487167793e+01  4.7999999999999998e+00  3.8282307179888790e+01  7.3875158295547925e+00  2.8982505322913132e-01  6.2164363882937153e+00  5.6196373594966165e-01  6.3409854016772229e+00  4.2837340985384520e-01  4.1117744441137083e-01  9.5054317680579148e-01
2.1799999999999901e+01  3.8589042973154946e+01  4.1089048976506601e-02  7.3998740846356723e+00  2.9091291422662346e-01  3.1579002406233382e+01  3.2005223377770591e+01  3.2005257402517685e+01  4.7999999999999998e+00  3.8309348612471211e+01  7.4099572127503039e+00  2.8959846026988734e-01  6.2461945421881095e+00  5.6226564530175283e-01  6.3663526930695715e+00  4.2815070780266529e-01  4.1074847526301594e-01  9.4971678631035494e-01
2.1999999999999901e+01  3.8615331994179407e+01  4.1102602819724984e-02  7.4226567375567303e+00  2.9062721218623783e-01  3.1584211364760442e+01  3.2005311479489222e+01  3.2005346147068565e+01  4.7999999999999998e+00  3.8336156768048198e+01  7.4328010025472677e+00  2.8958223646346626e-01  6.2765969362888354e+00  5.6257600182630374e-01  6.3920264472623369e+00  4.2741455865794781e-01  4.1033886976226730e-01  9.4888369431495778e-01
2.2199999999999900e+01  3.8641407075847390e+01  4.1114022672406103e-02  7.4458722231133798e+00  2.9040015217913595e-01  3.1589791616791967e+01  3.2005402345800192e+01  3.2005437675030613e+01  4.7999999999999998e+00  3.8362823653994553e+01  7.4560686709906214e+00  2.8942370519975652e-01  6.3077660090347267e+00  5.6238458251262025e-01  6.4179752301482615e+00  4.2694198112167042e-01  4.0994871808047439e-01  9.4804463781604487e-01
2.2399999999999800e+01  3.8667508875085332e+01  4.1123265648363064e-02  7.4695544084433356e+00  2.9015311386267739e-01  3.1595731928669522e+01  3.2005496038006477e+01  3.2005532050297717e+01  4.7999999999999998e+00  3.8389578039045908e+01  7.4797940637690106e+00  2.8942634018441415e-01  6.3398837237678141e+00  5.6219258431638996e-01  6.4441574160606345e+00  4.2619049667532316e-01  4.0958006725855012e-01  9.4719980592476383e-01
2.2599999999999799e+01  3.8693991454039022e+01  4.1130422031477855e-02  7.4937530810154964e+00  2.8995221631898482e-01  3.1602034664182671e+01  3.2005593063099703e+01  3.2005629786454030e+01  4.7999999999999998e+00  3.8416765309793632e+01  7.5040265291725410e+00  2.8936514340372721e-01  6.3731739789082180e+00  5.6211894783746275e-01  6.4705264485155274e+00  4.2532627235474141e-01  4.0923662731975935e-01  9.4634881287938233e-01
2.2799999999999699e+01  3.8721217769386840e+01  4.1135656405336854e-02  7.5185246378799446e+00  2.8997295162642550e-01  3.1608711262652729e+01  3.2005693900116576e+01  3.2005731370643481e+01  4.7999999999999998e+00  3.8444745500746613e+01  7.5288218269123934e+00  2.8908672455611484e-01  6.4078510272049058e+00  5.6185631943486958e-01  6.4970394263313560e+00  4.2471460407415429e-01  4.0892217791037860e-01  9.4549102797106321e-01
2.2999999999999702e+01  3.8749246902382545e+01  4.1139180582744087e-02  7.5438801212832773e+00  2.8992645950961909e-01  3.1615753883587278e+01  3.2005795685996809e+01  3.2005833901990570e+01  4.7999999999999998e+00  3.8473578607596949e+01  7.5541908478210029e+00  2.8871443917853196e-01  6.4439685266147677e+00  5.6159107396116270e-01  6.5236563552671463e+00  4.2442700630199504e-01  4.0863585671553498e-01  9.4462604556311314e-01
2.3199999999999701e+01  3.8777713204327256e+01  4.1141227157717064e-02  7.5697538236420625e+00  2.8983480232668163e-01  3.1623117704444294e+01  3.2005895149077325e+01  3.2005934078021880e+01  4.7999999999999998e+00  3.8502901423943243e+01  7.5800685729479191e+00  2.8870636198855615e-01  6.4813513377644005e+00  5.6111000135536138e-01  6.5503380905443507e+00  4.2380901294578582e-01  4.0837040358278992e-01  9.4375393507818250e-01
2.3399999999999601e+01  3.8806211469115553e+01  4.1142025095600540e-02  7.5960541010177201e+00  2.8956728736353771e-01  3.1630750056204970e+01  3.2005992131753679e+01  3.2006031743478296e+01  4.7999999999999998e+00  3.8532311753775858e+01  7.6063642365620581e+00  2.8849502601476534e-01  6.5197714391458419e+00  5.6111722190255531e-01  6.5770457099893953e+00  4.2311407431365239e-01  4.0811814914823086e-01  9.4287506837254942e-01
2.3599999999999600e+01  3.8834462044868680e+01  4.1141780219653395e-02  7.6226995391118528e+00  2.8916602226044341e-01  3.1638612266999189e+01  3.2006087049611203e+01  3.2006127314113463e+01  4.7999999999999998e+00  3.8561533623532412e+01  7.6329970111647141e+00  2.8819945730161894e-01  6.5590325556449569e+00  5.6098779083392114e-01  6.6037476933857535e+00  4.2280118741404860e-01  4.0787360792846483e-01  9.4198965569969340e-01
2.3799999999999500e+01  3.8862282752976270e+01  4.1140661419320539e-02  7.6496235434477775e+00  2.8881185967345263e-01  3.1646681268333559e+01  3.2006180171325077e+01  3.2006221056463204e+01  4.7999999999999998e+00  3.8590389608907429e+01  7.6599005476198609e+00  2.8822046346475383e-01  6.5989682078463456e+00  5.6086848125729771e-01  6.6304248234921825e+00  4.2225143907774121e-01  4.0763317997939069e-01  9.4109734626313213e-01
2.3999999999999499e+01  3.8889550305920267e+01  4.1138791655463247e-02  7.6767714376744847e+00  2.8854620909665796e-01  3.1654947699341697e+01  3.2006271692437927e+01  3.2006313166982281e+01  4.7999999999999998e+00  3.8618762692994366e+01  7.6870200748721906e+00  2.8817194696922172e-01  6.6394380527729409e+00  5.6057835003447498e-01  6.6570658524771602e+00  4.2166487493646898e-01  4.0739479363824294e-01  9.4019718325063584e-01
2.4199999999999498e+01  3.8916173889063813e+01  4.1136241948408772e-02  7.7040974515982317e+00  2.8856173553747905e-01  3.1663415292280749e+01  3.2006361843041837e+01  3.2006403881540336e+01  4.7999999999999998e+00  3.8646570264210837e+01  7.7143093469237636e+00  2.8819020980101356e-01  6.6803263196983842e+00  5.6068691278591232e-01  6.6836634055935900e+00  4.2124628563681576e-01  4.0715771571462306e-01  9.3928792285447549e-01
2.4399999999999402e+01  3.8942080796282653e+01  4.1133026625220802e-02  7.7315653647645677e+00  2.8841467871820708e-01  3.1672098763012855e+01  3.2006450959764571e+01  3.2006493542049895e+01  4.7999999999999998e+00  3.8673750031426231e+01  7.7417312938854383e+00  2.8779717731868315e-01  6.7215382611681553e+00  5.6083135311273036e-01  6.7102186797208088e+00  4.2098298017395158e-01  4.0692238057689334e-01  9.3836847548945046e-01
2.4599999999999401e+01  3.8967210910288237e+01  4.1129098900846317e-02  7.7591512508671689e+00  2.8804378306152034e-01  3.1681020077920138e+01  3.2006539543924518e+01  3.2006582647427486e+01  4.7999999999999998e+00  3.8700254523477106e+01  7.7692608373032694e+00  2.8745787632454778e-01  6.7629975341414168e+00  5.6017585112540047e-01  6.7367492851960220e+00  4.2038792765615596e-01  4.0669019411927426e-01  9.3743818986058436e-01
2.4799999999999400e+01  3.8991516777250837e+01  4.1124346967020685e-02  7.7868463370446737e+00  2.8788667995548839e-01  3.1690205228429033e+01  3.2006628251480436e+01  3.2006671845013180e+01  4.7999999999999998e+00  3.8726050831460348e+01  7.7968878348030879e+00  2.8740307208979804e-01  6.8046504794942573e+00  5.5973959715924237e-01  6.7632910965954469e+00  4.2009860511358738e-01  4.0646333737376827e-01  9.3649686548720767e-01
2.4999999999999300e+01  3.9014962858058922e+01  4.1118591792153630e-02  7.8146526238042986e+00  2.8782277085911406e-01  3.1699681835984183e+01  3.2006717837424489e+01  3.2006761890503981e+01  4.7999999999999998e+00  3.8751119150618173e+01  7.8246127610769785e+00  2.8742451986286599e-01  6.8464719191340055e+00  5.5967524590658846e-01  6.7898842004074291e+00  4.1987923222346885e-01  4.0624456987942198e-01  9.3554458805698082e-01
2.5199999999999299e+01  3.9037527512026983e+01  4.1111827777315049e-02  7.8425784616513496e+00  2.8767318951300591e-01  3.1709477298561126e+01  3.2006809144423748e+01  3.2006853639715324e+01  4.7999999999999998e+00  3.8775453726984111e+01  7.8524423581733940e+00  2.8707583801087949e-01  6.8884642086045096e+00  5.5953404285908070e-01  6.8165631300402394e+00  4.1961209188996462e-01  4.0603693083662179e-01  9.3458157624403926e-01
2.5399999999999199e+01  3.9059208617738065e+01  4.1140698815289631e-02  7.8706386568621376e+00  2.8731733889563510e-01  3.1719617402375171e+01  3.2006903090645345e+01  3.2006948020511636e+01  4.7999999999999998e+00  3.8799067246680494e+01  7.8803898399169929e+00  2.8715160557391750e-01  6.9306516034473313e+00  5.5905024404710857e-01  6.8433595566761465e+00  4.1922802869478221e-01  4.0584334619710138e-01  9.3360816186977202e-01
2.5599999999999199e+01  3.9080030432504266e+01  4.1168401018157968e-02  7.8988596422596862e+00  2.8723519928995972e-01  3.1730124789317070e+01  3.2007000650114911e+01  3.2007045996110335e+01  4.7999999999999998e+00  3.8821996459505563e+01  7.9084801879027005e+00  2.8690985304895145e-01  6.9730812205870558e+00  5.5911358517949250e-01  6.8703105970847167e+00  4.1923781852360559e-01  4.0566625313073540e-01  9.3262487492044355e-01
2.5799999999999201e+01  3.9100042201664365e+01  4.1194527263512706e-02  7.9272781895708633e+00  2.8698611463436674e-01  3.1741015903831535e+01  3.2007102675869120e+01  3.2007148399783041e+01  4.7999999999999998e+00  3.8844299766155451e+01  7.9367489891560208e+00  2.8673645392343122e-01  7.0158237174012843e+00  5.5916219988440019e-01  6.8974550127017435e+00  4.1879006108357436e-01  4.0550733210659207e-01  9.3163250074557558e-01
2.5999999999999101e+01  3.9119306134042489e+01  4.1218684221810006e-02  7.9559299525195515e+00  2.8684239585121968e-01  3.1752297536428980e+01  3.2007209702336887e+01  3.2007255771744795e+01  4.7999999999999998e+00  3.8866044579319023e+01  7.9652310580332859e+00  2.8654410471047270e-01  7.0589657222614584e+00  5.5884788126323892e-01  6.9248157242002817e+00  4.1853760398313927e-01  4.0536735908295279e-01  9.3063200006911717e-01
2.6199999999999100e+01  3.9137882554307410e+01  4.1240363961536970e-02  7.9848375430302800e+00  2.8676217938609044e-01  3.1763963897888303e+01  3.2007321881940072e+01  3.2007368295554933e+01  4.7999999999999998e+00  3.8887292384702775e+01  7.9939485602282945e+00  2.8647878133400889e-01  7.1025910985114562e+00  5.5863645312986421e-01  6.9523886920530158e+00  4.1846841967772958e-01  4.0524610999647009e-01  9.2962430490096193e-01
2.6399999999999000e+01  3.9155823824407818e+01  4.1259100105039512e-02  8.0140137844938426e+00  2.8666521824368751e-01  3.1775994542048448e+01  3.2007439106176925e+01  3.2007485870322199e+01  4.7999999999999998e+00  3.8908093113694193e+01  8.0229143385173618e+00  2.8654940817160629e-01  7.1467622342073120e+00  5.5785447317176051e-01  6.9801609488414904e+00  4.1822368714328717e-01  4.0514227289180360e-01  9.2861011401688676e-01
2.6599999999999000e+01  3.9173176247834327e+01  4.1274502946701604e-02  8.0434774420869104e+00  2.8666038917242737e-01  3.1788355964785165e+01  3.2007561003127648e+01  3.2007608096769957e+01  4.7999999999999998e+00  3.8928487985105249e+01  8.0521476547922113e+00  2.8653804184660525e-01  7.1915284059506233e+00  5.5776552719258654e-01  7.0081342316600015e+00  4.1789596987162975e-01  4.0505352021653063e-01  9.2758981392663808e-01
2.6799999999998999e+01  3.9189972235928586e+01  4.1286257655352709e-02  8.0732545700063092e+00  2.8672651916012398e-01  3.1801007060772093e+01  3.2007686938542207e+01  3.2007734315154451e+01  4.7999999999999998e+00  3.8948502952457915e+01  8.0816753751384098e+00  2.8674324462577716e-01  7.2369353726298824e+00  5.5734167466577700e-01  7.0363202749824136e+00  4.1747852786612499e-01  4.0497672384027372e-01  9.2656354766873295e-01
2.6999999999998899e+01  3.9206214431592642e+01  4.1294140057924929e-02  8.1033666116002419e+00  2.8645628446005150e-01  3.1813906212193004e+01  3.2007815950294756e+01  3.2007863581932391e+01  4.7999999999999998e+00  3.8968134181547448e+01  8.1115198055476583e+00  2.8648400147884501e-01  7.2830266696899724e+00  5.5711057152897347e-01  7.0647166721662238e+00  4.1741253863126887e-01  4.0490819992134985e-01  9.2553134013401617e-01
2.7199999999998902e+01  3.9221858981445003e+01  4.1298022601878565e-02  8.1338113555669391e+00  2.8651335992225135e-01  3.1827015554515373e+01  3.2007946907904547e+01  3.2007994809646817e+01  4.7999999999999998e+00  3.8987332423451242e+01  8.1416794353150603e+00  2.8654627311673986e-01  7.3298198230978659e+00  5.5666008590606053e-01  7.0932875796500561e+00  4.1684235368332978e-01  4.0484383578391991e-01  9.2449316333270126e-01
2.7399999999998801e+01  3.9236821708516494e+01  4.1297870704274361e-02  8.1645672957985624e+00  2.8629461699490938e-01  3.1840301782391393e+01  3.2008078797526267e+01  3.2008126981919609e+01  4.7999999999999998e+00  3.9006009830608534e+01  8.1721332792164105e+00  2.8639952547984227e-01  7.3772906779413150e+00  5.5666763377296191e-01  7.1219862465386043e+00  4.1668522414811204e-01  4.0477913690375938e-01  9.2344890009299552e-01
2.7599999999998801e+01  3.9250997496115176e+01  4.1293731303316115e-02  8.1956063824113663e+00  2.8631472204005692e-01  3.1853736195003520e+01  3.2008210768437046e+01  3.2008259211513810e+01  4.7999999999999998e+00  3.9024059613661869e+01  8.2028536685020033e+00  2.8668123037048981e-01  7.4253826355728849e+00  5.5621394407676017e-01  7.1507779578816786e+00  4.1656195727530282e-01  4.0470942355754536e-01  9.2239826206519593e-01
2.7799999999998800e+01  3.9264278814479326e+01  4.1285716326536576e-02  8.2269001802421666e+00  2.8652466650862601e-01  3.1867294320165708e+01  3.2008342066587062e+01  3.2008390709195766e+01  4.7999999999999998e+00  3.9041374666154383e+01  8.2338124371363399e+00  2.8686520822920791e-01  7.4740218271579053e+00  5.5554716999306142e-01  7.1796448541226168e+00  4.1624114027793663e-01  4.0463013804001252e-01  9.2134074931867971e-01
2.7999999999998700e+01  3.9276565413539750e+01  4.1273983810931683e-02  8.2584144006149636e+00  2.8649565374854913e-01  3.1880955737760637e+01  3.2008472058677143e+01  3.2008520893595559e+01  4.7999999999999998e+00  3.9057857301926042e+01  8.2649754341605437e+00  2.8657891105689592e-01  7.5231323172823181e+00  5.5523046281224941e-01  7.2085657591209440e+00  4.1605592599887969e-01  4.0453721852631513e-01  9.2027568770529655e-01
2.8199999999998699e+01  3.9287772236675707e+01  4.1258718698476984e-02  8.2901069187818717e+00  2.8610868348755158e-01  3.1894702797039855e+01  3.2008600346393109e+01  3.2008649421485487e+01  4.7999999999999998e+00  3.9073427182500453e+01  8.2963005665756491e+00  2.8652347063931038e-01  7.5726300495034886e+00  5.5478205126539148e-01  7.2375162796028736e+00  4.1602548213913204e-01  4.0442727208884949e-01  9.1920230865589247e-01
2.8399999999998599e+01  3.9297837250619736e+01  4.1265440163074943e-02  8.3219327252650679e+00  2.8594053194213953e-01  3.1908520608099362e+01  3.2008726898500079e+01  3.2008776274481924e+01  4.7999999999999998e+00  3.9088029136553445e+01  8.3277427574862539e+00  2.8659622499502774e-01  7.6224134295865014e+00  5.5446518332962158e-01  7.2664843939122381e+00  4.1580137127365097e-01  4.0429761935555275e-01  9.1811981608925153e-01
2.8599999999998602e+01  3.9306731857730320e+01  4.1288969751319710e-02  8.3538584179702067e+00  2.8604165448207591e-01  3.1922399272672589e+01  3.2008852166227662e+01  3.2008901869767520e+01  4.7999999999999998e+00  3.9101643530158611e+01  8.3592684007257319e+00  2.8651286072002419e-01  7.6723747095247044e+00  5.5448680451844412e-01  7.2954896311277819e+00  4.1562053275496413e-01  4.0414634610721895e-01  9.1702742542431304e-01
2.8799999999998601e+01  3.9314467375608857e+01  4.1310403320705569e-02  8.3858744532691372e+00  2.8581065966065539e-01  3.1936337636718118e+01  3.2008977092068328e+01  3.2009027091238160e+01  4.7999999999999998e+00  3.9114292654417184e+01  8.3908675098938481e+00  2.8651902939001472e-01  7.7224201362284566e+00  5.5446156346054021e-01  7.3245910203139584e+00  4.1577796737465827e-01  4.0397237797935442e-01  9.1592440360862082e-01
2.8999999999998501e+01  3.9321089475433034e+01  4.1329947157710406e-02  8.4179917254910119e+00  2.8591392543746419e-01  3.1950347375871925e+01  3.2009102858013684e+01  3.2009153106062996e+01  4.7999999999999998e+00  3.9126034979507523e+01  8.4225501255746629e+00  2.8655169397170344e-01  7.7724945539900867e+00  5.5444750543750643e-01  7.3538621341966506e+00  4.1567397799596850e-01  4.0377564113134795e-01  9.1481013370285114e-01
2.9199999999998500e+01  3.9326663693481223e+01  4.1347736781397838e-02  8.4502254455556400e+00  2.8576354707558421e-01  3.1964455384300077e+01  3.2009230634923149e+01  3.2009281138131016e+01  4.7999999999999998e+00  3.9136950322766396e+01  8.4543300319548447e+00  2.8643360629435971e-01  7.8225943546700956e+00  5.5493852777025876e-01  7.3833524482945840e+00  4.1570341795622173e-01  4.0355716289145516e-01  9.1368418509409965e-01
2.9399999999998400e+01  3.9331265761989314e+01  4.1363614700333826e-02  8.4825823692091511e+00  2.8566895856551550e-01  3.1978702414495423e+01  3.2009361434766156e+01  3.2009412247546180e+01  4.7999999999999998e+00  3.9147129621495438e+01  8.4862119612454130e+00  2.8656707685934391e-01  7.8727497233971624e+00  5.5461461024851177e-01  7.4130784046298812e+00  4.1557271164927945e-01  4.0331884980365362e-01  9.1254634860024120e-01
2.9599999999998399e+01  3.9334982597604821e+01  4.1377461100679871e-02  8.5150538488945156e+00  2.8559281985156992e-01  3.1993139779221082e+01  3.2009495983843387e+01  3.2009547163380589e+01  4.7999999999999998e+00  3.9156675170739589e+01  8.5181847233003243e+00  2.8664098231026197e-01  7.9229847899329213e+00  5.5447940154824349e-01  7.4430408095667255e+00  4.1516851251257608e-01  4.0306296249482437e-01  9.1139662275337752e-01
2.9799999999998398e+01  3.9337940991819792e+01  4.1389057233239032e-02  8.5476256259545416e+00  2.8555413480023345e-01  3.2007828390955140e+01  3.2009634951478127e+01  3.2009686516092856e+01  4.7999999999999998e+00  3.9165728511943030e+01  8.5502310783804898e+00  2.8704554829737217e-01  7.9732971574642821e+00  5.5463342806646543e-01  7.4732603269922553e+00  4.1511533631162073e-01  4.0279141731971840e-01  9.1023517785947838e-01
2.9999999999998298e+01  3.9340352451722993e+01  4.1398085473730389e-02  8.5802962215795446e+00  2.8559502817770488e-01  3.2022839330301210e+01  3.2009779211378472e+01  3.2009831132816572e+01  4.7999999999999998e+00  3.9174514950959079e+01  8.5823462121793366e+00  2.8695626567529509e-01  8.0236654890049177e+00  5.5472384115883244e-01  7.5038101732713622e+00  4.1449592280022612e-01  4.0250510602131162e-01  9.0906232841632206e-01
3.0199999999998301e+01  3.9342291875851842e+01  4.1404135374402823e-02  8.6130708764391368e+00  2.8567266694983912e-01  3.2038202382895761e+01  3.2009928113301797e+01  3.2009980348302584e+01  4.7999999999999998e+00  3.9183119259296973e+01  8.6145333382180791e+00  2.8714548808312873e-01  8.0740740620931195e+00  5.5474635574416531e-01  7.5347331905615604e+00  4.1438321820573021e-01  4.0220606930684188e-01  9.0787851365674910e-01
3.0399999999998201e+01  3.9343603712294474e+01  4.1406716809200272e-02  8.6459521504458827e+00  2.8569648866884018e-01  3.2053882982900639e+01  3.2010079729712999e+01  3.2010132276513751e+01  4.7999999999999998e+00  3.9191388590461912e+01  8.6467950406480369e+00  2.8721408742863708e-01  8.1245417265985260e+00  5.5524739885929331e-01  7.5659789705792937e+00  4.1423207704771092e-01  4.0189842740172427e-01  9.0668426657981316e-01
3.0599999999998200e+01  3.9344204102705632e+01  4.1405280240857795e-02  8.6789463305563022e+00  2.8577852131693882e-01  3.2069852985313382e+01  3.2010232394165108e+01  3.2010285302316142e+01  4.7999999999999998e+00  3.9199239856966493e+01  8.6791375907817354e+00  2.8765274395056284e-01  8.1751303261652577e+00  5.5527314649376280e-01  7.5974783455119699e+00  4.1401086505480666e-01  4.0158519102949619e-01  9.0548016822707411e-01
3.0799999999998199e+01  3.9344058066756276e+01  4.1407677046937000e-02  8.7120484454130214e+00  2.8573111961856384e-01  3.2086091466423099e+01  3.2010384613243211e+01  3.2010437945373781e+01  4.7999999999999998e+00  3.9206636220863828e+01  8.7115558902924057e+00  2.8766071639002405e-01  8.2259218423096989e+00  5.5539198069554740e-01  7.6291279961930147e+00  4.1383235412554653e-01  4.0126824844301767e-01  9.0426680535838311e-01
3.0999999999998099e+01  3.9343149918945713e+01  4.1452358950070947e-02  8.7452266344532941e+00  2.8578899788092282e-01  3.2102581350517106e+01  3.2010534809611762e+01  3.2010588602600869e+01  4.7999999999999998e+00  3.9213557622407833e+01  8.7440179044281834e+00  2.8755025754533836e-01  8.2769782858883723e+00  5.5508320167836600e-01  7.6607885025373381e+00  4.1354705097074879e-01  4.0094833725703860e-01  9.0304473719343614e-01
3.1199999999998099e+01  3.9341474983501435e+01  4.1492067847942737e-02  8.7784225551534334e+00  2.8609622639853571e-01  3.2119306989619432e+01  3.2010681326218979e+01  3.2010735579007026e+01  4.7999999999999998e+00  3.9219993196695881e+01  8.7764651432927039e+00  2.8781625516148296e-01  8.3283137398075713e+00  5.5536353866867105e-01  7.6923086861390351e+00  4.1380040523192740e-01  4.0062492275487954e-01  9.0181444571411273e-01
3.1399999999997998e+01  3.9339046776035048e+01  4.1526238917348038e-02  8.8115692058413426e+00  2.8595423270420950e-01  3.2136249802945919e+01  3.2010822627221415e+01  3.2010877324814658e+01  4.7999999999999998e+00  3.9225949408142000e+01  8.8088306520575976e+00  2.8785287412106009e-01  8.3798913760445828e+00  5.5555491761393150e-01  7.7235656093710618e+00  4.1362087424881216e-01  4.0029614844735384e-01  9.0057624882569909e-01
3.1599999999998001e+01  3.9335905656649174e+01  4.1554393679642379e-02  8.8446093118052183e+00  2.8585796574090810e-01  3.2153383589570645e+01  3.2010957517983599e+01  3.2011012672389882e+01  4.7999999999999998e+00  3.9231459753258250e+01  8.8410575616725833e+00  2.8791115859576705e-01  8.4316293367987214e+00  5.5559560891191428e-01  7.7544966650950737e+00  4.1345452980684749e-01  3.9995892176037245e-01  8.9933021047862693e-01
3.1799999999998001e+01  3.9332121392479287e+01  4.1576318489298200e-02  8.8775034852942429e+00  2.8600924367542546e-01  3.2170671608344399e+01  3.2011085276193036e+01  3.2011140940258251e+01  4.7999999999999998e+00  3.9236588347515287e+01  8.8731073244422625e+00  2.8794049865974186e-01  8.4834182478206284e+00  5.5614735080890354e-01  7.7851008976359530e+00  4.1301951036757728e-01  3.9960923821195737e-01  8.9807612461541564e-01
3.1999999999997900e+01  3.9327790810546233e+01  4.1591492271002325e-02  8.9102302692285207e+00  2.8588364580570569e-01  3.2188068138376288e+01  3.2011205682850026e+01  3.2011261921342189e+01  4.7999999999999998e+00  3.9241428484271495e+01  8.9049596711859564e+00  2.8819716421191199e-01  8.5351524957143585e+00  5.5607180635952058e-01  7.8154138544641549e+00  4.1276740534852896e-01  3.9924273315576359e-01  8.9681361271774529e-01
3.2199999999997999e+01  3.9323033078615936e+01  4.1599665845907692e-02  8.9427850047563293e+00  2.8599109703469938e-01  3.2205525844119904e+01  3.2011319027664115e+01  3.2011375882690011e+01  4.7999999999999998e+00  3.9246098639073615e+01  8.9366112008611651e+00  2.8844782389498397e-01  8.5867611473069960e+00  5.5608722535482846e-01  7.8454820281256543e+00  4.1241671462693730e-01  3.9885530032684252e-01  8.9554227725829816e-01
3.2399999999998101e+01  3.9317975458878415e+01  4.1600704832998783e-02  8.9751733514112111e+00  2.8588695573181727e-01  3.2223005814219228e+01  3.2011425972289658e+01  3.2011483457317205e+01  4.7999999999999998e+00  3.9250728730079032e+01  8.9680685178261488e+00  2.8885219552551067e-01  8.6382191557516208e+00  5.5608946194944375e-01  7.8753425126106755e+00  4.1205991903767880e-01  3.9844365976109491e-01  8.9426179304498987e-01
3.2599999999998197e+01  3.9312729491404035e+01  4.1594557640577359e-02  9.0073972058710492e+00  2.8587375408853199e-01  3.2240486786734571e+01  3.2011527010012891e+01  3.2011585124819689e+01  4.7999999999999998e+00  3.9255436587533978e+01  8.9993337826503979e+00  2.8899263663482799e-01  8.6895311117386314e+00  5.5637580730224956e-01  7.9050070396866525e+00  4.1183048780506598e-01  3.9800576525983927e-01  8.9297186303532528e-01
3.2799999999998299e+01  3.9307380386960816e+01  4.1581241355033868e-02  9.0394448154921019e+00  2.8594969827610706e-01  3.2257968835923677e+01  3.2011621807665939e+01  3.2011680554718588e+01  4.7999999999999998e+00  3.9260317413462246e+01  9.0303946758166873e+00  2.8905914068203092e-01  8.7406950393484735e+00  5.5688303202546852e-01  7.9344638811770514e+00  4.1153476594609595e-01  3.9754084660801914e-01  8.9167207810211713e-01
3.2999999999998401e+01  3.9301996716249462e+01  4.1591305455953832e-02  9.0712943212943991e+00  2.8611103622162931e-01  3.2275467733290192e+01  3.2011709770821525e+01  3.2011769166278881e+01  4.7999999999999998e+00  3.9265453292559627e+01  9.0612281360887810e+00  2.8958956573031136e-01  8.7916761628620943e+00  5.5740726611415092e-01  7.9636986913030885e+00  4.1122054694805260e-01  3.9704917090127634e-01  8.9036180360585637e-01
3.3199999999998496e+01  3.9296576905262668e+01  4.1627832719372856e-02  9.1029093413602880e+00  2.8625860867834640e-01  3.2293025824898066e+01  3.2011792030517178e+01  3.2011852103528739e+01  4.7999999999999998e+00  3.9270859187874805e+01  9.0917954213338064e+00  2.8987085920757183e-01  8.8423975882555368e+00  5.5825639127028059e-01  7.9927040223632977e+00  4.1136093755882169e-01  3.9653238224546689e-01  8.8904020567033881e-01
3.3399999999998599e+01  3.9291038055488038e+01  4.1658267198673063e-02  9.1342486275816412e+00  2.8630319513219393e-01  3.2310709047635505e+01  3.2011869338544265e+01  3.2011930116958169e+01  4.7999999999999998e+00  3.9276471059126180e+01  9.1220517904326730e+00  2.8986260376296130e-01  8.8927523151617915e+00  5.5858603833029530e-01  8.0214982484652460e+00  4.1124843569212816e-01  3.9599347545127145e-01  8.8770643659198400e-01
3.3599999999998701e+01  3.9285316675901086e+01  4.1682667288104769e-02  9.1653036398729402e+00  2.8655339122843088e-01  3.2328573162826252e+01  3.2011942732143353e+01  3.2012004225211037e+01  4.7999999999999998e+00  3.9282245841209686e+01  9.1519854283580209e+00  2.9025234686956425e-01  8.9426444380000483e+00  5.5884827561409933e-01  8.0501590346113687e+00  4.1105040785747454e-01  3.9543591338561135e-01  8.8635988056197212e-01
3.3799999999998803e+01  3.9279371830487840e+01  4.1701071904915975e-02  9.1961040675927421e+00  2.8660584994758559e-01  3.2346668711190596e+01  3.2012014401270470e+01  3.2012076598988664e+01  4.7999999999999998e+00  3.9288163626313974e+01  9.1816228021521340e+00  2.9026339301532461e-01  8.9920414899321592e+00  5.5928079667465835e-01  8.0787945707297180e+00  4.1060412048563061e-01  3.9486392719837865e-01  8.8500029493382659e-01
3.3999999999998899e+01  3.9273161763388842e+01  4.1713818522411794e-02  9.2267072653275193e+00  2.8681189439199012e-01  3.2365052405966622e+01  3.2012088055430809e+01  3.2012150942700458e+01  4.7999999999999998e+00  3.9294203228406140e+01  9.2110176717451413e+00  2.9051538608055238e-01  9.0409957486722909e+00  5.5976353249418043e-01  8.1075004600264204e+00  4.0997245663274579e-01  3.9428292046566132e-01  8.8362773380653659e-01
3.4199999999999001e+01  3.9266615304049623e+01  4.1720567755484488e-02  9.2571693104515642e+00  2.8698355680778725e-01  3.2383790028535913e+01  3.2012167333151481e+01  3.2012230903906151e+01  4.7999999999999998e+00  3.9300312582251763e+01  9.2402220539384761e+00  2.9070189635279753e-01  9.0896154224044210e+00  5.6065761152114857e-01  8.1363135287974622e+00  4.0965392529754374e-01  3.9369949851830521e-01  8.8224230234565504e-01
3.4399999999999103e+01  3.9259623438628623e+01  4.1721156863004913e-02  9.2875156549942623e+00  2.8696507806509136e-01  3.2402949092028010e+01  3.2012253395170212e+01  3.2012317650495397e+01  4.7999999999999998e+00  3.9306399487790458e+01  9.2692572080799529e+00  2.9099529728653578e-01  9.1380169973118530e+00  5.6109664484627009e-01  8.1651844718649684e+00  4.0928367541207789e-01  3.9312099375694937e-01  8.8084394140505873e-01
3.4599999999999199e+01  3.9252061085852674e+01  4.1715397507209019e-02  9.3177311583388498e+00  2.8710804895479053e-01  3.2422590030715284e+01  3.2012344836771554e+01  3.2012409768429613e+01  4.7999999999999998e+00  3.9312352829807239e+01  9.2981041000045028e+00  2.9139252422597406e-01  9.1862880032955907e+00  5.6131391656716023e-01  8.1939894877038757e+00  4.0896785418422388e-01  3.9255463222943071e-01  8.7943242983193115e-01
3.4799999999999400e+01  3.9243816141525144e+01  4.1717814413028846e-02  9.3477683411150867e+00  2.8704455665701900e-01  3.2442759500823740e+01  3.2012439379602633e+01  3.2012504960359792e+01  4.7999999999999998e+00  3.9318071368084546e+01  9.3267119963858462e+00  2.9177218776091013e-01  9.2344712656675814e+00  5.6144064476605726e-01  8.2225675228643738e+00  4.0898998631213884e-01  3.9200672384829810e-01  8.7800759989119137e-01
3.4999999999999503e+01  3.9234814282524411e+01  4.1769398056132320e-02  9.3775689880327135e+00  2.8723262236881691e-01  3.2463485731214952e+01  3.2012535096109744e+01  3.2012601294367883e+01  4.7999999999999998e+00  3.9323488515909951e+01  9.3550202945211520e+00  2.9219434239918163e-01  9.2825656196243589e+00  5.6201317155488206e-01  8.2507722536376633e+00  4.0873034725617502e-01  3.9148205240244754e-01  8.7656956443342338e-01
3.5199999999999598e+01  3.9225041951799597e+01  4.1814166651366981e-02  9.4070907658561467e+00  2.8725292567855115e-01  3.2484776973016054e+01  3.2012630754269523e+01  3.2012697562035910e+01  4.7999999999999998e+00  3.9328595405678847e+01  9.3829852151241404e+00  2.9253230977785866e-01  9.3305333230939276e+00  5.6212075336157896e-01  8.2785239915065585e+00  4.0861547531863540e-01  3.9098349313678382e-01  8.7511874951315827e-01
3.5399999999999700e+01  3.9214558483534901e+01  4.1851709437511063e-02  9.4363223714196298e+00  2.8744220790512748e-01  3.2506624577705864e+01  3.2012725688096936e+01  3.2012793133162262e+01  4.7999999999999998e+00  3.9333453227099412e+01  9.4105948215584618e+00  2.9302411551109347e-01  9.3783074542445313e+00  5.6269585810681289e-01  8.3058305566944490e+00  4.0826308821578144e-01  3.9051199043270535e-01  8.7365571335194125e-01
3.5599999999999802e+01  3.9203490160541207e+01  4.1881586750703095e-02  9.4652819880453016e+00  2.8770448718705782e-01  3.2529009782144307e+01  3.2012819501974711e+01  3.2012887630143616e+01  4.7999999999999998e+00  3.9338187749285034e+01  9.4378671874179201e+00  2.9329762361748712e-01  9.4258104131437239e+00  5.6265948179816794e-01  8.3327600399227588e+00  4.0753973695169404e-01  3.9006704136545511e-01  8.7218091464625735e-01
3.5799999999999898e+01  3.9192009049384261e+01  4.1903643011346081e-02  9.4940055320836141e+00  2.8799976681961870e-01  3.2551911880595334e+01  3.2012911746502581e+01  3.2012980581942102e+01  4.7999999999999998e+00  3.9342968904952642e+01  9.4648382854460618e+00  2.9376332278521561e-01  9.4729870961137177e+00  5.6262057139023280e-01  8.3593842906140470e+00  4.0747990902552927e-01  3.8964752998502289e-01  8.7069459787105030e-01
3.6000000000000000e+01  3.9180289439109458e+01  4.1917265543479729e-02  9.5225229661284416e+00  2.8823844834344214e-01  3.2575316347105968e+01  3.2013001741190408e+01  3.2013071259446612e+01  4.7999999999999998e+00  3.9347968257334493e+01  9.4915379523650163e+00  2.9412170599729143e-01  9.5198269512171692e+00  5.6244661622718417e-01  8.3857187960415409e+00  4.0731546086536480e-01  3.8925237599413037e-01  8.6919681970135954e-01
3.6200000000000102e+01  3.9168413653436879e+01  4.1921899515918598e-02  9.5508235150687248e+00  2.8831194931680437e-01  3.2599207710332351e+01  3.2013088899579770e+01  3.2013159058548410e+01  4.7999999999999998e+00  3.9353266233167481e+01  9.5179553934358481e+00  2.9437877682444430e-01  9.5663548368151829e+00  5.6297236836815479e-01  8.4116830691470827e+00  4.0728107611149117e-01  3.8888008741234587e-01  8.6768751699772062e-01
3.6400000000000198e+01  3.9156275635609489e+01  4.1917167045862874e-02  9.5788393403779626e+00  2.8867120457473622e-01  3.2623550019801577e+01  3.2013172493166870e+01  3.2013243297895265e+01  4.7999999999999998e+00  3.9358757244839914e+01  9.5440236320478515e+00  2.9478940812919086e-01  9.6126001427490024e+00  5.6318748546073483e-01  8.4371174411543990e+00  4.0740048415673080e-01  3.8852752619405961e-01  8.6616652379889880e-01
3.6600000000000300e+01  3.9143631855716443e+01  4.1959916368520978e-02  9.6064695577351298e+00  2.8883348383137919e-01  3.2648297239140490e+01  3.2013251150175400e+01  3.2013322666330367e+01  4.7999999999999998e+00  3.9364201265215470e+01  9.5696430472534892e+00  2.9530108356734902e-01  9.6585721335481178e+00  5.6402012069877516e-01  8.4618440606299377e+00  4.0745708529737373e-01  3.8819039809695022e-01  8.6463354125711389e-01
3.6800000000000402e+01  3.9130207706598227e+01  4.2012181277846297e-02  9.6336077735496239e+00  2.8904231745385406e-01  3.2673411251966400e+01  3.2013323440921013e+01  3.2013395751728545e+01  4.7999999999999998e+00  3.9369330366455458e+01  9.5947081031152095e+00  2.9582458805416484e-01  9.7042314424469041e+00  5.6376142118960448e-01  8.4857279500050247e+00  4.0731639024134336e-01  3.8786448143477575e-01  8.6308813398117301e-01
3.7000000000000497e+01  3.9115741218624407e+01  4.2055012405732027e-02  9.6601524020947682e+00  2.8922975189753802e-01  3.2698865252700905e+01  3.2013388638456220e+01  3.2013461789928563e+01  4.7999999999999998e+00  3.9373892699182335e+01  9.6191174687053866e+00  2.9633161698326610e-01  9.7494623378239158e+00  5.6406084083010122e-01  8.5087109414259370e+00  4.0701947329386751e-01  3.8754596794258850e-01  8.6152980172224791e-01
3.7200000000000600e+01  3.9099996487556062e+01  4.2088237004683469e-02  9.6860162267273431e+00  2.8939312925725541e-01  3.2724642578304071e+01  3.2013446944494113e+01  3.2013520928284628e+01  4.7999999999999998e+00  3.9377666166307321e+01  9.6427835759492417e+00  2.9711140105585238e-01  9.7940787162082010e+00  5.6404688100140465e-01  8.5308171434293634e+00  4.0684270889892638e-01  3.8723150270003193e-01  8.5995808676999230e-01
3.7400000000000702e+01  3.9082779911919744e+01  4.2111746171778930e-02  9.7111436706803467e+00  2.8967928631395301e-01  3.2750736646386812e+01  3.2013499190503374e+01  3.2013573974145523e+01  4.7999999999999998e+00  3.9380474713415779e+01  9.6656498246069003e+00  2.9762280426316245e-01  9.8378749146311311e+00  5.6470233327567809e-01  8.5521383714063290e+00  4.0665044725575872e-01  3.8691848302304055e-01  8.5837261371931906e-01
3.7600000000000797e+01  3.9063952667560592e+01  4.2125907075090493e-02  9.7355237476606113e+00  2.9002551456120673e-01  3.2777151863287692e+01  3.2013546291657718e+01  3.2013621867024867e+01  4.7999999999999998e+00  3.9382200628984222e+01  9.6877034257223187e+00  2.9827333973885384e-01  9.8806920932956963e+00  5.6492723751734664e-01  8.5728021260706715e+00  4.0677363692986673e-01  3.8660556688300834e-01  8.5677299377494065e-01
3.7800000000000900e+01  3.9043421160839273e+01  4.2130454594184755e-02  9.7591808513709140e+00  2.9041759453756444e-01  3.2803905131060610e+01  3.2013589041596397e+01  3.2013665441111719e+01  4.7999999999999998e+00  3.9382774607633038e+01  9.7089661242750953e+00  2.9867565333014395e-01  9.9224666997834134e+00  5.6464978557300538e-01  8.5929154883366810e+00  4.0700300766772424e-01  3.8629319582227539e-01  8.5515865364284227e-01
3.8000000000001002e+01  3.9021119922256190e+01  4.2125346787230650e-02  9.7821545780463666e+00  2.9085767617607156e-01  3.2831027709945594e+01  3.2013628196040443e+01  3.2013705454084203e+01  4.7999999999999998e+00  3.9382158010925806e+01  9.7294740062092906e+00  2.9918403180566716e-01  9.9632481714701928e+00  5.6498751705937122e-01  8.6125166459552656e+00  4.0717382178400180e-01  3.8598381266023868e-01  8.5352876413334722e-01
3.8200000000001097e+01  3.8997013197672423e+01  4.2186273306109558e-02  9.8044955864036858e+00  2.9132117627113219e-01  3.2858563882178338e+01  3.2013664503933953e+01  3.2013742630720813e+01  4.7999999999999998e+00  3.9380343549136541e+01  9.7492734426262171e+00  2.9991161110979109e-01  1.0003181900152414e+01  5.6491373290307412e-01  8.6315870145711653e+00  4.0733825091566250e-01  3.8568144747949706e-01  8.5186044067632360e-01
3.8400000000001199e+01  3.8971095037669429e+01  4.2243425454086332e-02  9.8262618135960302e+00  2.9175561208158457e-01  3.2886566104701224e+01  3.2013699126435249e+01  3.2013778115647668e+01  4.7999999999999998e+00  3.9377354257874643e+01  9.7684175371259006e+00  3.0079185114879209e-01  1.0042446975077640e+01  5.6533056236711166e-01  8.6500999218988674e+00  4.0724863015961577e-01  3.8539075861944133e-01  8.5016726695638223e-01
3.8600000000001302e+01  3.8943377485871899e+01  4.2291078723264208e-02  9.8475031693998964e+00  2.9206706541657174e-01  3.2915087512003971e+01  3.2013734121831646e+01  3.2013813963597066e+01  4.7999999999999998e+00  3.9373230498731800e+01  9.7869512361593056e+00  3.0161006811689667e-01  1.0081167026390446e+01  5.6530446859971417e-01  8.6680650363717060e+00  4.0713306863163068e-01  3.8511593654857051e-01  8.4845571199887160e-01
3.8800000000001397e+01  3.8913883122746967e+01  4.2329221920897928e-02  9.8682531697134319e+00  2.9241339934179111e-01  3.2944173524873001e+01  3.2013772291545209e+01  3.2013852967941844e+01  4.7999999999999998e+00  3.9368021411827797e+01  9.8049034292925779e+00  3.0242505109497930e-01  1.0119367498029456e+01  5.6504395454054890e-01  8.6855439395022742e+00  4.0718154225663922e-01  3.8486015801373019e-01  8.4672604174532784e-01
3.9000000000001499e+01  3.8882630265322945e+01  4.2358128105720191e-02  9.8885330257054562e+00  2.9288134741277733e-01  3.2973853154822983e+01  3.2013815522914179e+01  3.2013896996184364e+01  4.7999999999999998e+00  3.9361769420758684e+01  9.8222914453112740e+00  3.0335131321393971e-01  1.0157000145836644e+01  5.6535197923726344e-01  8.7026287711786221e+00  4.0756330611008829e-01  3.8462581931640138e-01  8.4497863443747301e-01
3.9200000000001602e+01  3.8849609759266670e+01  4.2377866733135316e-02  9.9083559770555762e+00  2.9337830019423117e-01  3.3004134892285009e+01  3.2013863143675906e+01  3.2013945359393446e+01  4.7999999999999998e+00  3.9354486873165065e+01  9.8391255665307167e+00  3.0416612801117682e-01  1.0193989569703293e+01  5.6582121176121358e-01  8.7194024153704550e+00  4.0809416546834382e-01  3.8441497361052890e-01  8.4321352880323996e-01
3.9400000000001697e+01  3.8814791507436603e+01  4.2388062129187193e-02  9.9277291463305275e+00  2.9392406420474493e-01  3.3035014123916618e+01  3.2013913300253272e+01  3.2013996205454021e+01  4.7999999999999998e+00  3.9346162657078963e+01  9.8554106379196025e+00  3.0486411146012538e-01  1.0230274280505666e+01  5.6646478425324465e-01  8.7359080611218580e+00  4.0837930177189596e-01  3.8422930407855088e-01  8.4143019685884879e-01
3.9600000000001799e+01  3.8778138088079771e+01  4.2444017652409613e-02  9.9466540562398507e+00  2.9459723890658029e-01  3.3066480925413060e+01  3.2013964340187840e+01  3.2014047903655047e+01  4.7999999999999998e+00  3.9336775626929111e+01  9.8711463500544774e+00  3.0564849056890259e-01  1.0265835526452397e+01  5.6609907953477878e-01  8.7521320411877266e+00  4.0853400669612200e-01  3.8406992678278801e-01  8.3962779341994098e-01
3.9800000000001901e+01  3.8739606551027904e+01  4.2516077082727796e-02  9.9651222330776008e+00  2.9521107976519539e-01  3.3098520618360105e+01  3.2014014964105094e+01  3.2014099179088404e+01  4.7999999999999998e+00  3.9326295861096924e+01  9.8863229041336353e+00  3.0667847846694390e-01  1.0300697158334462e+01  5.6632746857896554e-01  8.7680019257202559e+00  4.0861210235393625e-01  3.8393728154812007e-01  8.3780577200282369e-01
4.0000000000001997e+01  3.8699150624165142e+01  4.2577497406662543e-02  9.9831137667139753e+00  2.9597909893794805e-01  3.3131109233195652e+01  3.2014064248079933e+01  3.2014149118354901e+01  4.7999999999999998e+00  3.9314686582416833e+01  9.9009197738234054e+00  3.0778815636789814e-01  1.0334899470185858e+01  5.6658495745525139e-01  8.7834115018508943e+00  4.0876581150102093e-01  3.8383102115850348e-01  8.3596441765590501e-01
4.0200000000002099e+01  3.8656730408492102e+01  4.2628154871323931e-02  1.0000609908636520e+01  2.9642278117238680e-01  3.3164210746476748e+01  3.2014111598958799e+01  3.2014197133603552e+01  4.7999999999999998e+00  3.9301914366476275e+01  9.9149182928569548e+00  3.0886563504326803e-01  1.0368472760284840e+01  5.6713873514521995e-01  8.7982723423744371e+00  4.0928597770909220e-01  3.8374983136579482e-01  8.3410484180907030e-01
4.0400000000002201e+01  3.8612318824314450e+01  4.2668273840221843e-02  1.0017602607092309e+01  2.9704943924538857e-01  3.3197781997349288e+01  3.2014156536604872e+01  3.2014242755078094e+01  4.7999999999999998e+00  3.9287956738314591e+01  9.9283108557069610e+00  3.1019400333669078e-01  1.0401419852953287e+01  5.6676361394053709e-01  8.8125516241477175e+00  4.1004545821978461e-01  3.8369132152799351e-01  8.3222836535378220e-01
4.0600000000002296e+01  3.8565902458262656e+01  4.2697570036465293e-02  1.0034093666880059e+01  2.9758699671796118e-01  3.3231782226836565e+01  3.2014198586236823e+01  3.2014285521632168e+01  4.7999999999999998e+00  3.9272804363270289e+01  9.9410996149470687e+00  3.1116956452331429e-01  1.0433719867916494e+01  5.6705722545650206e-01  8.8262706946881799e+00  4.1050833139721637e-01  3.8365221452320647e-01  8.3033569687492847e-01
4.0800000000002399e+01  3.8517481158681427e+01  4.2715666836216158e-02  1.0050092817883744e+01  2.9837905424907984e-01  3.3266180478688021e+01  3.2014237236837026e+01  3.2014324935656305e+01  4.7999999999999998e+00  3.9256461883044288e+01  9.9532941686314977e+00  3.1219645538996632e-01  1.0465352692145864e+01  5.6690337363406318e-01  8.8394801160143590e+00  4.1094756540199201e-01  3.8362881867460197e-01  8.2842649460657825e-01
4.1000000000002501e+01  3.8467059250658266e+01  4.2777867436800066e-02  1.0065610764393623e+01  2.9928790874358280e-01  3.3300960128886381e+01  3.2014271780632370e+01  3.2014360295044902e+01  4.7999999999999998e+00  3.9238940158260533e+01  9.9649043881272323e+00  3.1323771432528585e-01  1.0496307412222226e+01  5.6716289962519839e-01  8.8522321995733346e+00  4.1115329543601892e-01  3.8361747736203683e-01  8.2649961950567663e-01
4.1200000000002603e+01  3.8414624025398766e+01  4.2853944121274620e-02  1.0080642383315112e+01  3.0001164987922191e-01  3.3336121440667448e+01  3.2014301145316857e+01  3.2014390519385991e+01  4.7999999999999998e+00  3.9220235530074525e+01  9.9759235950223974e+00  3.1461126594916522e-01  1.0526560522032764e+01  5.6706448394018560e-01  8.8645566722634701e+00  4.1178398777533254e-01  3.8361481952878274e-01  8.2455386446638346e-01
4.1400000000002699e+01  3.8360126323824275e+01  4.2918033762038149e-02  1.0095152564273761e+01  3.0104242889210742e-01  3.3371678554610078e+01  3.2014323920095009e+01  3.2014414187856801e+01  4.7999999999999998e+00  3.9200310868578235e+01  9.9863146328790595e+00  3.1588434495360018e-01  1.0556058638437049e+01  5.6694427823157700e-01  8.8764425961456599e+00  4.1232975726047083e-01  3.8361787683800114e-01  8.2258860362600916e-01
4.1600000000002801e+01  3.8303479679434275e+01  4.2970147082462724e-02  1.0109079744641919e+01  3.0173626508023077e-01  3.3407652871778311e+01  3.2014338651715498e+01  3.2014429854943536e+01  4.7999999999999998e+00  3.9179094859275629e+01  9.9960136456731021e+00  3.1728589330100204e-01  1.0584730072974427e+01  5.6739680527697522e-01  8.8878395183903738e+00  4.1306879463854262e-01  3.8362413035245796e-01  8.2060391133618482e-01
4.1800000000002903e+01  3.8244569703026094e+01  4.3010664541506344e-02  1.0122347403334315e+01  3.0248288779809268e-01  3.3444067857206889e+01  3.2014344202808189e+01  3.2014436399916619e+01  4.7999999999999998e+00  3.9156491270618105e+01  1.0004941672842284e+01  3.1884659296973389e-01  1.0612508239233716e+01  5.6800656980636832e-01  8.8986690204123668e+00  4.1394114407130572e-01  3.8363154385923026e-01  8.1860014222079658e-01
4.2000000000002998e+01  3.8183267221034953e+01  4.3039675078364266e-02  1.0134878093958720e+01  3.0332828306715465e-01  3.3480946518479904e+01  3.2014340253312561e+01  3.2014433502094320e+01  4.7999999999999998e+00  3.9132391819722244e+01  1.0013018653625872e+01  3.2020060821489232e-01  1.0639347330335275e+01  5.6810513360750692e-01  8.9088453409117090e+00  4.1441904011183511e-01  3.8363860206084177e-01  8.1657736365509570e-01
4.2200000000003101e+01  3.8119452222117765e+01  4.3061782747683575e-02  1.0146618920355760e+01  3.0427224229114286e-01  3.3518310414772600e+01  3.2014327611317583e+01  3.2014421957759666e+01  4.7999999999999998e+00  3.9106699804549493e+01  1.0020188703130126e+01  3.2144791628649066e-01  1.0665228469078007e+01  5.6852048807365652e-01  8.9183196106987879e+00  4.1502968174286692e-01  3.8364429902823938e-01  8.1453507788884039e-01
4.2400000000003203e+01  3.8053047156064672e+01  4.3150100567194538e-02  1.0157566600085126e+01  3.0536780844651751e-01  3.3556177923297561e+01  3.2014308587315654e+01  3.2014404071153621e+01  4.7999999999999998e+00  3.9079363063651712e+01  1.0026444998089117e+01  3.2290166351667032e-01  1.0690151661120719e+01  5.6899544869433627e-01  8.9271282787685280e+00  4.1578140071559644e-01  3.8364797694182234e-01  8.1247237414113649e-01
4.2600000000003298e+01  3.7984036137083223e+01  4.3226159118927937e-02  1.0167772740315149e+01  3.0649046256703977e-01  3.3594562600905135e+01  3.2014287070491577e+01  3.2014383720384032e+01  4.7999999999999998e+00  3.9050392695888732e+01  1.0031835048991791e+01  3.2463326271488835e-01  1.0714120009708287e+01  5.6978649283096050e-01  8.9354065455294940e+00  4.1689188916379333e-01  3.8364919681768878e-01  8.1038830124163119e-01
4.2800000000003401e+01  3.7912443883583506e+01  4.3290161810615152e-02  1.0177326189079599e+01  3.0777006674662871e-01  3.3633475663857261e+01  3.2014266629381815e+01  3.2014364451943926e+01  4.7999999999999998e+00  3.9019841333938970e+01  1.0036443069771256e+01  3.2625720411103615e-01  1.0737146184505793e+01  5.6970278153403686e-01  8.9433404387652136e+00  4.1772713975536330e-01  3.8364811474045968e-01  8.0828213542590333e-01
4.3000000000003503e+01  3.7838308325583121e+01  4.3342657189775612e-02  1.0186335660974192e+01  3.0870974562491865e-01  3.3672931293504831e+01  3.2014248264793331e+01  3.2014347260307325e+01  4.7999999999999998e+00  3.8987774883623899e+01  1.0040372499358627e+01  3.2810468826672146e-01  1.0759287206527324e+01  5.7043504699499692e-01  8.9511014548310257e+00  4.1829934519387985e-01  3.8364604358019505e-01  8.0615337995622927e-01
4.3200000000003598e+01  3.7761679787882571e+01  4.3384150745381690e-02  1.0194924892487322e+01  3.0958419222548356e-01  3.3712941812474959e+01  3.2014232165573254e+01  3.2014332342700826e+01  4.7999999999999998e+00  3.8954270647780994e+01  1.0043741413439797e+01  3.2975866447763741e-01  1.0780676614756736e+01  5.7075707138039566e-01  8.9588115396728103e+00  4.1912588336405165e-01  3.8364550753748616e-01  8.0400158503624897e-01
4.3400000000003800e+01  3.7682618411854818e+01  4.3414579564619263e-02  1.0203216967874999e+01  3.1087055733147695e-01  3.3753506433045771e+01  3.2014218694298876e+01  3.2014320064533713e+01  4.7999999999999998e+00  3.8919413629472537e+01  1.0046667587369809e+01  3.3123115050837820e-01  1.0801517517878372e+01  5.7099793771072427e-01  8.9665224295826551e+00  4.1993608905559066e-01  3.8364988609618528e-01  8.0182620038251606e-01
4.3600000000003902e+01  3.7601188562013192e+01  4.3508985820482557e-02  1.0211307284271770e+01  3.1216001870604959e-01  3.3794606199523486e+01  3.2014207719221055e+01  3.2014310287321912e+01  4.7999999999999998e+00  3.8883290380233852e+01  1.0049242189259205e+01  3.3316559073236085e-01  1.0822031420470113e+01  5.7139672471903491e-01  8.9742118603878005e+00  4.2108896690134112e-01  3.8366276394191812e-01  7.9962660178989686e-01
4.3800000000003998e+01  3.7517451041936916e+01  4.3596706620521050e-02  1.0219238385393165e+01  3.1344820893538838e-01  3.3836209338303526e+01  3.2014198385558728e+01  3.2014302144508385e+01  4.7999999999999998e+00  3.8845981355440117e+01  1.0051504956115554e+01  3.3518194972828091e-01  1.0842385572289640e+01  5.7206609090874661e-01  8.9817993794027053e+00  4.2218924089905463e-01  3.8368713888509726e-01  7.9740226493390176e-01
4.4000000000004100e+01  3.7431453864739446e+01  4.3672045511346819e-02  1.0226989780952740e+01  3.1500209657942158e-01  3.3878283064314047e+01  3.2014189472047036e+01  3.2014294405945478e+01  4.7999999999999998e+00  3.8807551752507521e+01  1.0053433879260121e+01  3.3707700681312419e-01  1.0862632710668871e+01  5.7272382098655106e-01  8.9891779321718612e+00  4.2295113659299355e-01  3.8372484521995409e-01  7.9515294124375235e-01
4.4200000000004202e+01  3.7343239013461243e+01  4.3736002496829365e-02  1.0234497785891017e+01  3.1620488488255166e-01  3.3920804465792557e+01  3.2014179427334902e+01  3.2014285525701496e+01  4.7999999999999998e+00  3.8768058237560680e+01  1.0054964440730217e+01  3.3940264330471581e-01  1.0882719414413403e+01  5.7356057804211602e-01  8.9962468807920040e+00  4.2381726983433926e-01  3.8377650037626393e-01  7.9287869850956871e-01
4.4400000000004297e+01  3.7252864371670562e+01  4.3788367666843353e-02  1.0241690397502182e+01  3.1734788595650176e-01  3.3963762696991040e+01  3.2014166932392023e+01  3.2014274203514894e+01  4.7999999999999998e+00  3.8727571038328684e+01  1.0056023922560284e+01  3.4130646960026667e-01  1.0902536951343755e+01  5.7404846086376571e-01  9.0029395139079931e+00  4.2484609450031013e-01  3.8384169179814315e-01  7.9053854810418944e-01
4.4600000000004400e+01  3.7160397969134870e+01  4.3836678518132235e-02  1.0248508075490363e+01  3.1881878674973757e-01  3.4007154604477314e+01  3.2014149725365066e+01  3.2014258201021185e+01  4.7999999999999998e+00  3.8686168551200367e+01  1.0056551896679190e+01  3.4317991150652261e-01  1.0921963290248215e+01  5.7468166343549676e-01  9.0092293560170678e+00  4.2631837090208946e-01  3.8391937461452169e-01  7.8814924422579691e-01
4.4800000000004502e+01  3.7065884297613906e+01  4.3941095862864495e-02  1.0254907187075839e+01  3.2044906771267323e-01  3.4050978778245835e+01  3.2014126848037648e+01  3.2014236553548116e+01  4.7999999999999998e+00  3.8643904222880657e+01  1.0056503587151052e+01  3.4526676717366001e-01  1.0940882721593113e+01  5.7568868992176692e-01  9.0151183344321755e+00  4.2744503376047316e-01  3.8400841177150580e-01  7.8573339786218932e-01
4.5000000000004597e+01  3.6969378917585033e+01  4.4031805889353598e-02  1.0260873163835976e+01  3.2193888422106709e-01  3.4095226747725093e+01  3.2014098684135945e+01  3.2014209624549295e+01  4.7999999999999998e+00  3.8600842011065041e+01  1.0055863232037641e+01  3.4758179862890803e-01  1.0959198478861683e+01  5.7591533849893706e-01  9.0206501463740807e+00  4.2837946907951252e-01  3.8410735453859302e-01  7.8329091749734980e-01
4.5200000000004700e+01  3.6870964148059308e+01  4.4109772266846231e-02  1.0266426628141177e+01  3.2362545264986192e-01  3.4139885094421018e+01  3.2014065978955728e+01  3.2014178152966309e+01  4.7999999999999998e+00  3.8557072872825628e+01  1.0054649925976543e+01  3.5002984467624620e-01  1.0976857377497792e+01  5.7686986576429500e-01  9.0259049782816607e+00  4.2949362707672445e-01  3.8421440439360349e-01  7.8082151046358927e-01
4.5400000000004802e+01  3.6770744744710782e+01  4.4175336310143962e-02  1.0271618905006553e+01  3.2501334313444408e-01  3.4184942076587433e+01  3.2014029775313517e+01  3.2014143190862377e+01  4.7999999999999998e+00  3.8512711122550080e+01  1.0052912758747054e+01  3.5229168730240024e-01  1.0993872800514215e+01  5.7724783577292027e-01  9.0309758678469496e+00  4.3093120542785696e-01  3.8432757827581565e-01  7.7832482957785687e-01
4.5600000000004897e+01  3.6668830493828743e+01  4.4228796537604559e-02  1.0276511670550423e+01  3.2652927662448478e-01  3.4230395841128164e+01  3.2013991035691454e+01  3.2014105707353188e+01  4.7999999999999998e+00  3.8467877541428528e+01  1.0050710372939074e+01  3.5455090257052502e-01  1.1010318963967968e+01  5.7769838036730992e-01  9.0359367842856759e+00  4.3199062947710987e-01  3.8444494632154480e-01  7.7580059651695421e-01
4.5800000000004999e+01  3.6565278973367285e+01  4.4297867234256369e-02  1.0281141213879534e+01  3.2828508077103419e-01  3.4276261165605128e+01  3.2013950707272976e+01  3.2014066637089194e+01  4.7999999999999998e+00  3.8422642433791893e+01  1.0048075441302196e+01  3.5688667368593130e-01  1.1026290074222002e+01  5.7835074218615179e-01  9.0408049423749528e+00  4.3312999021246790e-01  3.8456517249177652e-01  7.7324861854075633e-01
4.6000000000005102e+01  3.6460023687423025e+01  4.4395303138549030e-02  1.0285486272228146e+01  3.3018977147884693e-01  3.4322568154080464e+01  3.2013909218012301e+01  3.2014026381458606e+01  4.7999999999999998e+00  3.8376953858658432e+01  1.0044982999877810e+01  3.5943588650534575e-01  1.1041842288292532e+01  5.7922461170855533e-01  9.0455168717542609e+00  4.3430812841949479e-01  3.8468814658539796e-01  7.7066868712589320e-01
4.6200000000005197e+01  3.6352897207640638e+01  4.4479067108972890e-02  1.0289471255775611e+01  3.3203897016051620e-01  3.4369348146581075e+01  3.2013865744520849e+01  3.2013984094327967e+01  4.7999999999999998e+00  3.8330660675743324e+01  1.0041354470199643e+01  3.6212095403343164e-01  1.1056947249263752e+01  5.8029424572108923e-01  9.0499638452445925e+00  4.3581781435747713e-01  3.8481459472445056e-01  7.6806042171440747e-01
4.6400000000005299e+01  3.6243680317814778e+01  4.4550222444300042e-02  1.0293001230164689e+01  3.3366238144613630e-01  3.4416615848129126e+01  3.2013818209219757e+01  3.2013937687509916e+01  4.7999999999999998e+00  3.8283561381221013e+01  1.0037092869071609e+01  3.6495941161980194e-01  1.1071482419848047e+01  5.8114430777014348e-01  9.0540625106506596e+00  4.3732895376165359e-01  3.8494547272787560e-01  7.6542315741293032e-01
4.6600000000005402e+01  3.6132139871341458e+01  4.4609186204458244e-02  1.0296003543779722e+01  3.3530933143506864e-01  3.4464361708517472e+01  3.2013764048033920e+01  3.2013884598958299e+01  4.7999999999999998e+00  3.8235441552270480e+01  1.0032123808963352e+01  3.6738476622553939e-01  1.1085273635751074e+01  5.8186403130435049e-01  9.0578028098029613e+00  4.3844106403325317e-01  3.8508172738534430e-01  7.6275595007768693e-01
4.6800000000005497e+01  3.6018072394794928e+01  4.4656356896486345e-02  1.0298457026681755e+01  3.3716295735367058e-01  3.4512560439418010e+01  3.2013702868210103e+01  3.2013824445649895e+01  4.7999999999999998e+00  3.8186117037336487e+01  1.0026423614984475e+01  3.7000411718366805e-01  1.1098178496644149e+01  5.8317844523679230e-01  9.0612443284030206e+00  4.3969287863808726e-01  3.8522423029300779e-01  7.6005769613230922e-01
4.7000000000005599e+01  3.5901346847898083e+01  4.4756901910118212e-02  1.0300394818374068e+01  3.3919397407707785e-01  3.4561185619681901e+01  3.2013636379060955e+01  3.2013758948843225e+01  4.7999999999999998e+00  3.8135476157674645e+01  1.0020021538536108e+01  3.7278276236875413e-01  1.1110166238843918e+01  5.8429493537996391e-01  9.0644662417671018e+00  4.4132885200519356e-01  3.8537398350805430e-01  7.5732728169048469e-01
4.7200000000005701e+01  3.5781922530406540e+01  4.4844870798866475e-02  1.0301889743214112e+01  3.4145439025441859e-01  3.4610222818133003e+01  3.2013566869605484e+01  3.2013690407227088e+01  4.7999999999999998e+00  3.8083497099915874e+01  1.0012985041184811e+01  3.7590308482323492e-01  1.1121332127185592e+01  5.8494284960620824e-01  9.0675306389936310e+00  4.4298584941247438e-01  3.8553229799018934e-01  7.5456364411138865e-01
4.7400000000005797e+01  3.5659836139737067e+01  4.4920414314035657e-02  1.0303029740763730e+01  3.4341602685788286e-01  3.4659677586158388e+01  3.2013496787334596e+01  3.2013621265056223e+01  4.7999999999999998e+00  3.8030234560825292e+01  1.0005395542501104e+01  3.7902077373411208e-01  1.1131854531541247e+01  5.8572086787109623e-01  9.0704675064733724e+00  4.4416559302953335e-01  3.8570085703520390e-01  7.5176568200137384e-01
4.7600000000005899e+01  3.5535170983791765e+01  4.4984224213042233e-02  1.0303899159057623e+01  3.4533908198294888e-01  3.4709573928530574e+01  3.2013428417249614e+01  3.2013553791000469e+01  4.7999999999999998e+00  3.7975788618045236e+01  9.9973301682416231e+00  3.8189306074163082e-01  1.1141944523569983e+01  5.8657752838911903e-01  9.0732773096163211e+00  4.4580630923160580e-01  3.8588175776054234e-01  7.4893206182458050e-01
4.7800000000006001e+01  3.5408021407453134e+01  4.5041974497165793e-02  1.0304573133137533e+01  3.4747060573008109e-01  3.4759941811303563e+01  3.2013363339481799e+01  3.2013489549255986e+01  4.7999999999999998e+00  3.7920268966955888e+01  9.9888566244991104e+00  3.8471138480676648e-01  1.1151800134748465e+01  5.8757800051950282e-01  9.0759569711537100e+00  4.4751402795191841e-01  3.8607736518849062e-01  7.4606106423912810e-01
4.8000000000006096e+01  3.5278460084291986e+01  4.5147935296907166e-02  1.0305113692437946e+01  3.4978495501331269e-01  3.4810801870832563e+01  3.2013302903317808e+01  3.2013429882952593e+01  4.7999999999999998e+00  3.7863762182632968e+01  9.9800299170311657e+00  3.8783376952191961e-01  1.1161568706214462e+01  5.8867268772509740e-01  9.0785189766574543e+00  4.4937436156039512e-01  3.8629019856936675e-01  7.4315061560616880e-01
4.8200000000006199e+01  3.5146514933129041e+01  4.5240731959769021e-02  1.0305566582151716e+01  3.5237801764401827e-01  3.4862151875535424e+01  3.2013246938149074e+01  3.2013374617011266e+01  4.7999999999999998e+00  3.7806308706357555e+01  9.9708897501353579e+00  3.9139189723897477e-01  1.1171329930692828e+01  5.8978651513607128e-01  9.0809876084401946e+00  4.5078614987887144e-01  3.8652305671799220e-01  7.4019854603405943e-01
4.8400000000006301e+01  3.5012219306846355e+01  4.5321235215396424e-02  1.0305983140010515e+01  3.5457438062574576e-01  3.4913955702413631e+01  3.2013193814460521e+01  3.2013322115988629e+01  4.7999999999999998e+00  3.7747953101391971e+01  9.9614825061280232e+00  3.9490176143653594e-01  1.1181089110876357e+01  5.9097573804396508e-01  9.0834369749022770e+00  4.5258635419685173e-01  3.8677836288137629e-01  7.3720296952203113e-01
4.8600000000006403e+01  3.4875645552312463e+01  4.5390170888747444e-02  1.0306433037234671e+01  3.5687664760710103e-01  3.4966150963833861e+01  3.2013142400045545e+01  3.2013271257361318e+01  4.7999999999999998e+00  3.7688777697657386e+01  9.9518734185504130e+00  3.9807904743065947e-01  1.1190776950419478e+01  5.9194748121607776e-01  9.0860137122145925e+00  4.5455073645132987e-01  3.8705767464211455e-01  7.3416259290294839e-01
4.8800000000006499e+01  3.4736873955763514e+01  4.5487582866751849e-02  1.0306979738091893e+01  3.5926289099927877e-01  3.5018687866878416e+01  3.2013092738051697e+01  3.2013222103991389e+01  4.7999999999999998e+00  3.7628871929291833e+01  9.9421210686822814e+00  4.0127883987595098e-01  1.1200282598040177e+01  5.9302122701851667e-01  9.0888703120207239e+00  4.5645918823691323e-01  3.8736220424261120e-01  7.3107678943239363e-01
4.9000000000006601e+01  3.4595925425084516e+01  4.5595297045085456e-02  1.0307641801765474e+01  3.6208703514376378e-01  3.5071577108677459e+01  3.2013045133018800e+01  3.2013174969594402e+01  4.7999999999999998e+00  3.7568265187784313e+01  9.9322377152795429e+00  4.0481835547642020e-01  1.1209528893844801e+01  5.9407903805345497e-01  9.0920457532053529e+00  4.5809765033960015e-01  3.8769396516094906e-01  7.2794540103653793e-01
4.9200000000006703e+01  3.4452722983570865e+01  4.5689494982610754e-02  1.0308384407112721e+01  3.6467001550539424e-01  3.5124870413008132e+01  3.2012999262898546e+01  3.2013129531318853e+01  4.7999999999999998e+00  3.7506889441914375e+01  9.9221819353726843e+00  4.0850120629635528e-01  1.1218528090276589e+01  5.9508618446277717e-01  9.0954302022947466e+00  4.6001258473399259e-01  3.8805488372870028e-01  7.2476837801624650e-01
4.9400000000006798e+01  3.4307155588788696e+01  4.5771636223397194e-02  1.0309144782229309e+01  3.6737091629468510e-01  3.5178641477452011e+01  3.2012954143538657e+01  3.2013084793340198e+01  4.7999999999999998e+00  3.7444643749152903e+01  9.9118845362664967e+00  4.1256127267690706e-01  1.1227367440546908e+01  5.9614199705217963e-01  9.0988203701888377e+00  4.6236633594652732e-01  3.8844677935264432e-01  7.2154543984976449e-01
4.9600000000006901e+01  3.4159099743763342e+01  4.5867783284819774e-02  1.0309837085588200e+01  3.6977897901339896e-01  3.5232954748356960e+01  3.2012908656415931e+01  3.2013039634837256e+01  4.7999999999999998e+00  3.7381415459619426e+01  9.9012549039463629e+00  4.1593340955328367e-01  1.1236118200307377e+01  5.9667360260528834e-01  9.1020008573743354e+00  4.6417328179615519e-01  3.8887120911330142e-01  7.1827591098242105e-01
4.9800000000007003e+01  3.4008426491884350e+01  4.5984152083901844e-02  1.0310364210437449e+01  3.7258263269426767e-01  3.5287831310222472e+01  3.2012861924367677e+01  3.2012993199848637e+01  4.7999999999999998e+00  3.7317086167434361e+01  9.8901939258525537e+00  4.1963051766223830e-01  1.1244772099454600e+01  5.9789067468172197e-01  9.1048207336169593e+00  4.6624885771152347e-01  3.8932895334234541e-01  7.1495878258092194e-01
5.0000000000007098e+01  3.3855025524380935e+01  4.6086473578298134e-02  1.0310655056220321e+01  3.7566411680120232e-01  3.5343229829287289e+01  3.2012813244879538e+01  3.2012944815786270e+01  4.7999999999999998e+00  3.7251554853141322e+01  9.8786304890592227e+00  4.2396417901870576e-01  1.1253235904962111e+01  5.9856414117472612e-01  9.1072590290204385e+00  4.6864788771067800e-01  3.8981976022462678e-01  7.1151396420314150e-01
5.0200000000007201e+01  3.3698821889912651e+01  4.6176673646038169e-02  1.0310694398056842e+01  3.7867392152073381e-01  3.5399054272316846e+01  3.2012762188301387e+01  3.2012894072690976e+01  4.7999999999999998e+00  3.7184753903606577e+01  9.8665494010403965e+00  4.2778054065675314e-01  1.1261331349014636e+01  5.9965417781811969e-01  9.1094591040257278e+00  4.7086135994245970e-01  3.9034250572149565e-01  7.0800496629706566e-01
5.0400000000007303e+01  3.3539754680278044e+01  4.6269878490384671e-02  1.0310513821000626e+01  3.8152663059157887e-01  3.5455197416529671e+01  3.2012708919419175e+01  3.2012841144425600e+01  4.7999999999999998e+00  3.7116627388431837e+01  9.8539803242965771e+00  4.3195037257664776e-01  1.1268794062199397e+01  6.0079316298944052e-01  9.1116953642540572e+00  4.7304879413312051e-01  3.9089551841256154e-01  7.0444070751429688e-01
5.0600000000007398e+01  3.3377759379187999e+01  4.6389430229281770e-02  1.0310173581822905e+01  3.8447196400548250e-01  3.5511597241715492e+01  3.2012654015645978e+01  3.2012786621078867e+01  4.7999999999999998e+00  3.7047113169384765e+01  9.8409778080197423e+00  4.3602755520577635e-01  1.1275378181196764e+01  6.0188556891652523e-01  9.1142569742296882e+00  4.7543546365537198e-01  3.9147751621043364e-01  7.0082009721617033e-01
5.0800000000007500e+01  3.3212772428135075e+01  4.6495565440858852e-02  1.0309765505639035e+01  3.8794413821505541e-01  3.5568273545475066e+01  3.2012597978897574e+01  3.2012731015516103e+01  4.7999999999999998e+00  3.6976147285432631e+01  9.8276224316929781e+00  4.4023636668106614e-01  1.1281010889927416e+01  6.0301541816991600e-01  9.1173388993932765e+00  4.7818494235375958e-01  3.9208842106558006e-01  6.9714242355141764e-01
5.1000000000007603e+01  3.3044738055522892e+01  4.6590533958340341e-02  1.0309410920168016e+01  3.9124489722988692e-01  3.5625317079015296e+01  3.2012540782318588e+01  3.2012674277236691e+01  4.7999999999999998e+00  3.6903670602419751e+01  9.8140191927965148e+00  4.4482839296072468e-01  1.1285857802162797e+01  6.0412293805043482e-01  9.1209980774953117e+00  4.8038602687513471e-01  3.9272946937267739e-01  6.9340718448616001e-01
5.1200000000007698e+01  3.2873595221485971e+01  4.6676284855467320e-02  1.0309219405769948e+01  3.9451074219494320e-01  3.5682833130321583e+01  3.2012481852648108e+01  3.2012615785124375e+01  4.7999999999999998e+00  3.6829615613973139e+01  9.8002606134802832e+00  4.4959239117957644e-01  1.1290216716426887e+01  6.0522553764739417e-01  9.1251795926567123e+00  4.8311265205120157e-01  3.9340247126838729e-01  6.8961380378144688e-01
5.1400000000007800e+01  3.2699267085092082e+01  4.6797968932237630e-02  1.0309248823265609e+01  3.9767087809682672e-01  3.5740887034298005e+01  3.2012420337513966e+01  3.2012554664901621e+01  4.7999999999999998e+00  3.6753895833684489e+01  9.7863912983491819e+00  4.5382919761755791e-01  1.1294355891236744e+01  6.0630025912168717e-01  9.1297849269806015e+00  4.8585997745513004e-01  3.9410885795182615e-01  6.8576141256414513e-01
5.1600000000007903e+01  3.2521671326069551e+01  4.6908733434936706e-02  1.0309511353312447e+01  4.0156089087257724e-01  3.5799478537291037e+01  3.2012355258970167e+01  3.2012489946044646e+01  4.7999999999999998e+00  3.6676416154607402e+01  9.7724150629059139e+00  4.5814152374174705e-01  1.1298453541139239e+01  6.0747060183477519e-01  9.1347260312830159e+00  4.8867681554341080e-01  3.9484940215220155e-01  6.8184881313398649e-01
5.1800000000007998e+01  3.2340711940310307e+01  4.7010239135930998e-02  1.0309982846928898e+01  4.0526624029687941e-01  3.5858544271866940e+01  3.2012285507928731e+01  3.2012420537746408e+01  4.7999999999999998e+00  3.6597064835730201e+01  9.7583037566469102e+00  4.6323277126637874e-01  1.1302562587600923e+01  6.0819510967476942e-01  9.1399506817986431e+00  4.9121653436251639e-01  3.9562437249003096e-01  6.7787459973657072e-01
5.2000000000008100e+01  3.2156264204298687e+01  4.7104238157533618e-02  1.0310611355691893e+01  4.0900593180861455e-01  3.5917981040350313e+01  3.2012209463635322e+01  3.2012344842697388e+01  4.7999999999999998e+00  3.6515698715603641e+01  9.7440042740046078e+00  4.6795868938428881e-01  1.1306584070775051e+01  6.0956970859784454e-01  9.1454623198911182e+00  4.9447663685118087e-01  3.9643365718783813e-01  6.7383732658695450e-01
5.2200000000008302e+01  3.1968189565035214e+01  4.7220035111327455e-02  1.0311350807255906e+01  4.1246836096984929e-01  3.5977683084966728e+01  3.2012126631087853e+01  3.2012262375310549e+01  4.7999999999999998e+00  3.6432158265404496e+01  9.7294687578306398e+00  4.7295680579846355e-01  1.1310302489328446e+01  6.1051905992868916e-01  9.1513506848114456e+00  4.9746875696919041e-01  3.9727670446690272e-01  6.6973563906914457e-01
5.2400000000008397e+01  3.1776317364521780e+01  4.7341337214979892e-02  1.0312173614196968e+01  4.1647970966831888e-01  3.6037578913543072e+01  3.2012038173999336e+01  3.2012174290262685e+01  4.7999999999999998e+00  3.6346249738947165e+01  9.7146645087980641e+00  4.7798895132891450e-01  1.1313464207966939e+01  6.1164394917457932e-01  9.1577508858775882e+00  5.0048626813564945e-01  3.9815308922249421e-01  6.6556834196861314e-01
5.2600000000008500e+01  3.1580445164096290e+01  4.7455300935030503e-02  1.0313078204869484e+01  4.2062534239432103e-01  3.6097661007654267e+01  3.2011945925894878e+01  3.2012082403025943e+01  4.7999999999999998e+00  3.6257745909860027e+01  9.6995796849708142e+00  4.8296234903936613e-01  1.1315890290392918e+01  6.1293607283264218e-01  9.1647718118633161e+00  5.0380036081675328e-01  3.9906320048958488e-01  6.6133438188004778e-01
5.2800000000008602e+01  3.1380406853875826e+01  4.7563217742238179e-02  1.0314120327366199e+01  4.2483396321836542e-01  3.6157990719287341e+01  3.2011851528524382e+01  3.2011988330584110e+01  4.7999999999999998e+00  3.6166454245938425e+01  9.6842529834214073e+00  4.8847861160925626e-01  1.1317605900433298e+01  6.1429757436006072e-01  9.1724678633779586e+00  5.0709253885806771e-01  4.0000824259656431e-01  6.5703270199570407e-01
5.3000000000008697e+01  3.1176141185698395e+01  4.7685698616507857e-02  1.0315435669897852e+01  4.2893583470057695e-01  3.6218657416362738e+01  3.2011756387429180e+01  3.2011893446187109e+01  4.7999999999999998e+00  3.6072285503004679e+01  9.6687967798037011e+00  4.9409466319343975e-01  1.1318898999135286e+01  6.1555688901305483e-01  9.1808515789123302e+00  5.1040548159737020e-01  4.0098973188394693e-01  6.5266198892100180e-01
5.3200000000008799e+01  3.0967703462848945e+01  4.7823984695834119e-02  1.0317227996505002e+01  4.3327479780264250e-01  3.6279716728732566e+01  3.2011662119354533e+01  3.2011799351549136e+01  4.7999999999999998e+00  3.5975265660390420e+01  9.6533880789906004e+00  4.9925681883940665e-01  1.1320253127693995e+01  6.1669252143379905e-01  9.1899289673419737e+00  5.1372441760565746e-01  4.0200900408619422e-01  6.4822047127358995e-01
5.3400000000008902e+01  3.0755216953527938e+01  4.7955896605702861e-02  1.0319706258657526e+01  4.3786685070716674e-01  3.6341154712857794e+01  3.2011570040197256e+01  3.2011707383920921e+01  4.7999999999999998e+00  3.5875487648839076e+01  9.6382105892456220e+00  5.0449873023480696e-01  1.1322170293991935e+01  6.1821120794296414e-01  9.1997125703796474e+00  5.1767494785634582e-01  4.0306701879724327e-01  6.4370598857671646e-01
5.3600000000008997e+01  3.0538803053750453e+01  4.8082313825985337e-02  1.0322998047204713e+01  4.4246145530559083e-01  3.6402887133732662e+01  3.2011480273932648e+01  3.2011617709582374e+01  4.7999999999999998e+00  3.5773041820306801e+01  9.6233740216742234e+00  5.1057815499112635e-01  1.1324965839606255e+01  6.1968310955646555e-01  9.2102062524361834e+00  5.2107248885515567e-01  4.0416445574665616e-01  6.3911638756135980e-01
5.3800000000009099e+01  3.0318545997854297e+01  4.8220197251011794e-02  1.0327119557884465e+01  4.4701056941247375e-01  3.6464782526569934e+01  3.2011391949757908e+01  3.2011529498051743e+01  4.7999999999999998e+00  3.5667980798752453e+01  9.6088857694001977e+00  5.1674572578364841e-01  1.1328668399219897e+01  6.2082859268418722e-01  9.2214150779010051e+00  5.2480235184580482e-01  4.0530204045096413e-01  6.3445001355674280e-01
5.4000000000009202e+01  3.0094483916207579e+01  4.8377445714728046e-02  1.0331986958437685e+01  4.5177013371698571e-01  3.6526703235476113e+01  3.2011303526147437e+01  3.2011441225763740e+01  4.7999999999999998e+00  3.5560310452328174e+01  9.5946606401309875e+00  5.2235811576447388e-01  1.1333019839454849e+01  6.2225862215949401e-01  9.2333622276152436e+00  5.2910745070586906e-01  4.0648059921693908e-01  6.2970592458142693e-01
5.4200000000009297e+01  2.9866600666049443e+01  4.8528305156245205e-02  1.0337430538875793e+01  4.5689502914687513e-01  3.6588560725928168e+01  3.2011213011518940e+01  3.2011350883631088e+01  4.7999999999999998e+00  3.5449981418681148e+01  9.5805326231286063e+00  5.2804225822269035e-01  1.1337552452113426e+01  6.2311306471090144e-01  9.2460595748528682e+00  5.3275996355641175e-01  4.0770080269508135e-01  6.2488363764730781e-01
5.4400000000009399e+01  2.9634866209011797e+01  4.8673600123606220e-02  1.0343277403455778e+01  4.6199406562855871e-01  3.6650344946001972e+01  3.2011118287619162e+01  3.2011256318486240e+01  4.7999999999999998e+00  3.5336929140438613e+01  9.5663307341363932e+00  5.3432323797664305e-01  1.1341804671100205e+01  6.2443700583214534e-01  9.2595071120294712e+00  5.3671980093397731e-01  4.0896332840314070e-01  6.1998258237465398e-01
5.4600000000009501e+01  2.9399310746240193e+01  4.8819075695656661e-02  1.0349479939596842e+01  4.6699111669443749e-01  3.6712108477433333e+01  3.2011017268429896e+01  3.2011155411076622e+01  4.7999999999999998e+00  3.5221147729959718e+01  9.5519976610334556e+00  5.4046132859953933e-01  1.1345559684810061e+01  6.2603017573332065e-01  9.2737590357202890e+00  5.4128957439479297e-01  4.1026903338433879e-01  6.1500166572064119e-01
5.4800000000009597e+01  2.9160050877539462e+01  4.8991765691086223e-02  1.0356145562881473e+01  4.7222067262059247e-01  3.6773929430413624e+01  3.2010909605324414e+01  3.2011047801736929e+01  4.7999999999999998e+00  3.5102715903156081e+01  9.5376173996067788e+00  5.4671925434192725e-01  1.1348942831136426e+01  6.2740580574542582e-01  9.2889115856070141e+00  5.4520019892825977e-01  4.1161902628985486e-01  6.0990576531598606e-01
5.5000000000009699e+01  2.8917268698979523e+01  4.9158162042934980e-02  1.0363474277843483e+01  4.7793460434623120e-01  3.6835869228827399e+01  3.2010796161955000e+01  3.2010934358682803e+01  4.7999999999999998e+00  3.4981775816595075e+01  9.5233585431906889e+00  5.5321812793241620e-01  1.1352360928278095e+01  6.2882995431503175e-01  9.3050361939259787e+00  5.4943545797923765e-01  4.1301453509504243e-01  6.0455490278141077e-01
5.5200000000009801e+01  2.8671176900842855e+01  4.9319449460377224e-02  1.0371690681955421e+01  4.8352710422688971e-01  3.6897942367054604e+01  3.2010678482061017e+01  3.2010816637226299e+01  4.7999999999999998e+00  3.4858497788472278e+01  9.5094124851094577e+00  5.5961414801718112e-01  1.1356337586118009e+01  6.3035969638975653e-01  9.3221713875916254e+00  5.5427474428847145e-01  4.1445652153440454e-01  5.9910746995503106e-01
5.5400000000009904e+01  2.8421954559536342e+01  4.9476781641434556e-02  1.0380934119511689e+01  4.8895065306308666e-01  3.6960114894156469e+01  3.2010559292076458e+01  3.2010697381647262e+01  4.7999999999999998e+00  3.4733015452715591e+01  9.4958932031339831e+00  5.6655707875833294e-01  1.1361229342553775e+01  6.3193194924641638e-01  9.3403289210482185e+00  5.5849131361504856e-01  4.1594518555259025e-01  5.9356294515978802e-01
5.5600000000009999e+01  2.8169694920025137e+01  4.9631365945562757e-02  1.0391200098547950e+01  4.9463950816651403e-01  3.7022320912994012e+01  3.2010439710553051e+01  3.2010577720349261e+01  4.7999999999999998e+00  3.4605372825298005e+01  9.4827838517912326e+00  5.7358389018438349e-01  1.1367048893988120e+01  6.3338267646090352e-01  9.3595126175240022e+00  5.6292978446327313e-01  4.1748016723202519e-01  5.8792121873847836e-01
5.5800000000010101e+01  2.7914408665415415e+01  4.9805403858279557e-02  1.0402384074578993e+01  5.0092119390681866e-01  3.7084489443773052e+01  3.2010318395519860e+01  3.2010456307944146e+01  4.7999999999999998e+00  3.4475527195375292e+01  9.4699763945497217e+00  5.7995022359174442e-01  1.1373522468211450e+01  6.3470508258436054e-01  9.3797480967204265e+00  5.6797292981773218e-01  4.1906115951731249e-01  5.8218179172441564e-01
5.6000000000010203e+01  2.7656048276348589e+01  4.9980615139537089e-02  1.0414279949811599e+01  5.0680753885521657e-01  3.7146602608520730e+01  3.2010192856245936e+01  3.2010330639541344e+01  4.7999999999999998e+00  3.4343373178219849e+01  9.4572703081911929e+00  5.8660559559334036e-01  1.1380115133777082e+01  6.3630614374332806e-01  9.4010644837898116e+00  5.7232493446399058e-01  4.2068759553742852e-01  5.7634318290670150e-01
5.6200000000010299e+01  2.7394564370570173e+01  5.0154545028127870e-02  1.0426683195340885e+01  5.1289487611185791e-01  3.7208705939602645e+01  3.2010060025701080e+01  3.2010197636671549e+01  4.7999999999999998e+00  3.4208798990805278e+01  9.4444664182175586e+00  5.9403004387114378e-01  1.1386287475003753e+01  6.3807387402785709e-01  9.4234915178731065e+00  5.7715576543730707e-01  4.2235875239934284e-01  5.7040301477663269e-01
5.6400000000010401e+01  2.7129938041743106e+01  5.0328846705310737e-02  1.0439517228646089e+01  5.1894338054251754e-01  3.7270865238049488e+01  3.2009917440890860e+01  3.2010054827778006e+01  4.7999999999999998e+00  3.4071719156819519e+01  9.4314806496486963e+00  6.0133059355841800e-01  1.1391788840426438e+01  6.3965960999565818e-01  9.4470655631565172e+00  5.8221517908895493e-01  4.2407440054150214e-01  5.6435876976032517e-01
5.6600000000010503e+01  2.6862159211687601e+01  5.0505172192014079e-02  1.0452868845348515e+01  5.2561643179992390e-01  3.7333110242817924e+01  3.2009763818030088e+01  3.2009900913003797e+01  4.7999999999999998e+00  3.3932053491538007e+01  9.4183744318175542e+00  6.0845163201610719e-01  1.1396768186062095e+01  6.4098069112987022e-01  9.4718067163973316e+00  5.8691752883203807e-01  4.2583557242016845e-01  5.5820865411993703e-01
5.6800000000010598e+01  2.6591277719623655e+01  5.0685158988231512e-02  1.0466964993675658e+01  5.3200965591188876e-01  3.7395418197301595e+01  3.2009598180913855e+01  3.2009734904810735e+01  4.7999999999999998e+00  3.3789778114391730e+01  9.4053340425007903e+00  6.1545253188101079e-01  1.1401710961395111e+01  6.4265809872961144e-01  9.4977381505577956e+00  5.9193582729839112e-01  4.2764346537386821e-01  5.5195189532117950e-01
5.7000000000010701e+01  2.6317404770831367e+01  5.0870387706807949e-02  1.0482107402770763e+01  5.3839583453112705e-01  3.7457720078845320e+01  3.2009423090617460e+01  3.2009559381819244e+01  4.7999999999999998e+00  3.3644927238734958e+01  9.3926114607867675e+00  6.2274334026740541e-01  1.1407239245772503e+01  6.4439375426214007e-01  9.5249306765959680e+00  5.9724925967724718e-01  4.2949834998163983e-01  5.4558827963858103e-01
5.7200000000010803e+01  2.6040604270404533e+01  5.1062320924558466e-02  1.0498576577468922e+01  5.4484901450902623e-01  3.7519895371085056e+01  3.2009243940645526e+01  3.2009379779117801e+01  4.7999999999999998e+00  3.3497485993931626e+01  9.3804361714246962e+00  6.3026387005290929e-01  1.1413881023847868e+01  6.4568205551789293e-01  9.5534963759290417e+00  6.0179986598458557e-01  4.3140026547405136e-01  5.3911737358329870e-01
5.7400000000010898e+01  2.5760912119371440e+01  5.1262236714006662e-02  1.0516538345481635e+01  5.5182002658038887e-01  3.7581806609818010e+01  3.2009065849688163e+01  3.2009201245136950e+01  4.7999999999999998e+00  3.3347409952546307e+01  9.3689337352551654e+00  6.3793500297894890e-01  1.1421898698350423e+01  6.4734823803578134e-01  9.5835499315689123e+00  6.0717425556978810e-01  4.3334831769848831e-01  5.3253807428700461e-01
5.7600000000011001e+01  2.5478310417454210e+01  5.1471170079012002e-02  1.0535963168997828e+01  5.5867828110166007e-01  3.7643329573510776e+01  3.2008888785320686e+01  3.2009023739136047e+01  4.7999999999999998e+00  3.3194600076040516e+01  9.3580557205264778e+00  6.4541758695409779e-01  1.1431198766798277e+01  6.4922194946322032e-01  9.6151207149438509e+00  6.1235972153329388e-01  4.3534103229984161e-01  5.2584877456669576e-01
5.7800000000011103e+01  2.5192712930028307e+01  5.1689872588183972e-02  1.0556642231529711e+01  5.6531769062447412e-01  3.7704381422730300e+01  3.2008711242200945e+01  3.2008845723906717e+01  4.7999999999999998e+00  3.3038888980354592e+01  9.3475946956490183e+00  6.5261662388096053e-01  1.1441372217665366e+01  6.5077580990581785e-01  9.6481485705091306e+00  6.1737718956705334e-01  4.3737686150132382e-01  5.1904792919531439e-01
5.8000000000011198e+01  2.4904040263375570e+01  5.1918796677807258e-02  1.0578364583668833e+01  5.7188609603088958e-01  3.7764917074580829e+01  3.2008531341373015e+01  3.2008665300674949e+01  4.7999999999999998e+00  3.2880116833973752e+01  9.3373414722819295e+00  6.6044330950131713e-01  1.1451943541826742e+01  6.5226329083474255e-01  9.6826204980026933e+00  6.2259584865975948e-01  4.3945446975419283e-01  5.1213461834301832e-01
5.8200000000011300e+01  2.4612288377874595e+01  5.2158107649410840e-02  1.0601063910222477e+01  5.7911387255303803e-01  3.7824910465854245e+01  3.2008348019675367e+01  3.2008481412657190e+01  4.7999999999999998e+00  3.2718200659935739e+01  9.3272138948144274e+00  6.6843583235388915e-01  1.1462629839590390e+01  6.5394864101507610e-01  9.7186411047798789e+00  6.2768020807339209e-01  4.4157271200338655e-01  5.0510884652496379e-01
5.8400000000011403e+01  2.4317526491453648e+01  5.2407723400066671e-02  1.0624836205719188e+01  5.8628134381722163e-01  3.7884348166653687e+01  3.2008160650783338e+01  3.2008293430635739e+01  4.7999999999999998e+00  3.2553132969786994e+01  9.3172701384278636e+00  6.7582697497873512e-01  1.1473437413993896e+01  6.5566308605414558e-01  9.7563870820142586e+00  6.3289094107801247e-01  4.4373044017077284e-01  4.9797151657887517e-01
5.8600000000011498e+01  2.4019882290063283e+01  5.2675190055682775e-02  1.0649903418888547e+01  5.9267556933012133e-01  3.7943229304169350e+01  3.2007967478377140e+01  3.2008099574117978e+01  4.7999999999999998e+00  3.2384967640954287e+01  9.3076751511608755e+00  6.8309819855067844e-01  1.1484673792575414e+01  6.5739317111248274e-01  9.7960218947837436e+00  6.3812903707796653e-01  4.4592678401138514e-01  4.9072412562934631e-01
5.8800000000011600e+01  2.3719531816335515e+01  5.2958720474570883e-02  1.0676555520749286e+01  5.9916085797654284e-01  3.8001550179282901e+01  3.2007766792744349e+01  3.2007898124415924e+01  4.7999999999999998e+00  3.2213810138786215e+01  9.2986499747826539e+00  6.9070479032774412e-01  1.1496893539961549e+01  6.5920643498486398e-01  9.8376252028525819e+00  6.4298180311618947e-01  4.4816164755396659e-01  4.8320885127482799e-01
5.9000000000011703e+01  2.3416687366415996e+01  5.3254623420829053e-02  1.0705070589713371e+01  6.0627908879691295e-01  3.8059279940866126e+01  3.2007558351455543e+01  3.2007688869330515e+01  4.7999999999999998e+00  3.2039805405866630e+01  9.2904035898458233e+00  6.9853922964561110e-01  1.1510739022350434e+01  6.6111118208670028e-01  9.8811759071931196e+00  6.4815042986002736e-01  4.5043563075332682e-01  4.7531536541245373e-01
5.9200000000011798e+01  2.3111564259320286e+01  5.3562704675923833e-02  1.0735598128275715e+01  6.1330604848423342e-01  3.8116357975378335e+01  3.2007341151051563e+01  3.2007470843484043e+01  4.7999999999999998e+00  3.1863104529462003e+01  9.2830338685912608e+00  7.0631548528268873e-01  1.1526589443513929e+01  6.6265325196152414e-01  9.9266428097629245e+00  6.5330183201373926e-01  4.5274869885216101e-01  4.6728351488837494e-01
5.9400000000011900e+01  2.2804321522401956e+01  5.3882737271584956e-02  1.0768068256216115e+01  6.1974903654807278e-01  3.8172719551625306e+01  3.2007113416445748e+01  3.2007242262256504e+01  4.7999999999999998e+00  3.1683805287201409e+01  9.2764502876422057e+00  7.1336459496936122e-01  1.1544295749704027e+01  6.6446444728000698e-01  9.9740470975990299e+00  6.5803993827576757e-01  4.5509943749868309e-01  4.5911353924287635e-01
5.9600000000012002e+01  2.2495071884662842e+01  5.4214550419415253e-02  1.0802310422886681e+01  6.2590750355166536e-01  3.8228294370488207e+01  3.2006874377098839e+01  3.2007002294054523e+01  4.7999999999999998e+00  3.1501961825954403e+01  9.2704763100025573e+00  7.2039273686892447e-01  1.1563364408474204e+01  6.6614161524310500e-01  1.0023525119463953e+01  6.6280120160427025e-01  4.5748535353621739e-01  4.5080649068508977e-01
5.9800000000012098e+01  2.2183948871934220e+01  5.4558112479625553e-02  1.0838281673791190e+01  6.3207512569144675e-01  3.8282969462938347e+01  3.2006623922020275e+01  3.2006750767733898e+01  4.7999999999999998e+00  3.1317651278370075e+01  9.2650440330168546e+00  7.2748285423922587e-01  1.1583360590915296e+01  6.6776222213966474e-01  1.0075404354511093e+01  6.6790642002827383e-01  4.5990355897250967e-01  4.4236418666483512e-01
6.0000000000012200e+01  2.1871119397067826e+01  5.4913597013759793e-02  1.0876098887161568e+01  6.3842248038396665e-01  3.8336599691826265e+01  3.2006363633994077e+01  3.2006489256786175e+01  4.7999999999999998e+00  3.1130985828402039e+01  9.2602193023663038e+00  7.3479705578255439e-01  1.1604117244942803e+01  6.6930685908350063e-01  1.0130072870014320e+01  6.7205887320021118e-01  4.6235168579310776e-01  4.3378903711625477e-01
