# downsampled to dt=0.5 from the every-step stream
# time L2_Ham L2_Mom min_rho_req max_rho_req integral_neg_rho L2_Ham_rel L2_Mom_rel pump_force_L2 governor pump_fi_L2 L2_Ham_amr L2_Mom_amr L2_Ham_amr_rel L2_Mom_amr_rel Linf_Ham_amr L2_Ham_amr_ref
   0.0100000    3.2636132003e-04    2.8467058234e-07   -1.2920791797e-04    1.3136944737e-04    1.7828349774e-01    7.5816709143e-01    4.4696758451e-01    0.0000000000e+00    9.9999999991e-01    0.0000000000e+00    2.1469675405e-06    3.1359784656e-07    6.9430517246e-03    4.4695791908e-01    1.1422436244e-04    0.0000000000e+00
   0.5100000    1.7118472486e-04    1.9401540902e-06   -1.2815868388e-04    1.3034792093e-04    1.2263804450e-01    5.2088038192e-01    4.0411739281e-01    0.0000000000e+00    9.9999999992e-01    0.0000000000e+00    1.1156787588e-05    1.7465599388e-06    3.6075866589e-02    3.4540238162e-01    1.8693217538e-04    0.0000000000e+00
   1.0100000    1.0304641139e-04    2.7825979787e-06   -1.2762833736e-04    1.2987218842e-04    8.2336798047e-02    3.4486450013e-01    5.2237119441e-01    0.0000000000e+00    9.9999999992e-01    0.0000000000e+00    1.6906850407e-05    2.4210241601e-06    5.4636294257e-02    4.5380695483e-01    2.8057980626e-04    0.0000000000e+00
   1.5100000    7.8394383089e-05    3.1055392401e-06   -1.2611799807e-04    1.2853943746e-04    6.9857107204e-02    2.6921237686e-01    5.5415039620e-01    0.0000000000e+00    9.9999999992e-01    0.0000000000e+00    1.8026505947e-05    2.6736466716e-06    5.8247571852e-02    4.8967355892e-01    2.5078527523e-04    0.0000000000e+00
   2.0100000    6.0372939389e-05    2.8880496232e-06   -1.2385891022e-04    1.2640543009e-04    5.9453742300e-02    2.1045136780e-01    5.4275925517e-01    0.0000000000e+00    9.9999999992e-01    0.0000000000e+00    1.5536951494e-05    2.4879931701e-06    5.0225074227e-02    4.7781494131e-01    1.5568326582e-04    0.0000000000e+00
   2.5100000    4.2985465402e-05    2.4162518808e-06   -1.2430689182e-04    1.2688177547e-04    4.9574620476e-02    1.5152456384e-01    5.3615089485e-01    0.0000000000e+00    9.9999999992e-01    0.0000000000e+00    1.1990653825e-05    2.1101381265e-06    3.8786271723e-02    4.7039774424e-01    1.1649405248e-04    0.0000000000e+00
   3.0100000    3.0163029791e-05    1.9332366563e-06   -1.2447608696e-04    1.2746221822e-04    3.9594723455e-02    1.0698008062e-01    5.0442101826e-01    0.0000000000e+00    9.9999999992e-01    0.0000000000e+00    9.3494750992e-06    1.7183328494e-06    3.0260263022e-02    4.3994234325e-01    1.5039793412e-04    0.0000000000e+00
   3.5100000    2.3600693124e-05    1.5751831480e-06   -1.2623987652e-04    1.2904608929e-04    3.4453731399e-02    8.3909593964e-02    4.3907843994e-01    0.0000000000e+00    9.9999999993e-01    0.0000000000e+00    8.1143026196e-06    1.4139851661e-06    2.6271166668e-02    3.7904271748e-01    1.0371836700e-04    0.0000000000e+00
   4.0100000    2.0788792452e-05    1.3573761042e-06   -1.2494010087e-04    1.2776414031e-04    3.2367466954e-02    7.3976710128e-02    4.2979453937e-01    0.0000000000e+00    9.9999999993e-01    0.0000000000e+00    7.6568369526e-06    1.2197806174e-06    2.4793061528e-02    3.7156885096e-01    1.6951974343e-04    0.0000000000e+00
   4.5100000    1.8689035425e-05    1.1902254631e-06   -1.2507705420e-04    1.2729408568e-04    3.1070252412e-02    6.6534753670e-02    3.9364212407e-01    0.0000000000e+00    9.9999999993e-01    0.0000000000e+00    7.2046037525e-06    1.0602968702e-06    2.3327806178e-02    3.3486799575e-01    1.6389280122e-04    0.0000000000e+00
   5.0100000    1.6284777463e-05    1.0262359684e-06   -1.2530127182e-04    1.2703065264e-04    2.9502187062e-02    5.8001015762e-02    3.1480819765e-01    0.0000000000e+00    9.9999999993e-01    0.0000000000e+00    6.5817776126e-06    9.0241723152e-07    2.1310174056e-02    2.5976650941e-01    1.4184660872e-04    0.0000000000e+00
   5.5100000    1.3729404801e-05    8.7900864368e-07   -1.2477698994e-04    1.2616121921e-04    2.7605825250e-02    4.8922954771e-02    3.0898907852e-01    0.0000000000e+00    9.9999999993e-01    0.0000000000e+00    5.9418601106e-06    7.7153217999e-07    1.9238901602e-02    2.5415467503e-01    1.6824705519e-04    0.0000000000e+00
   6.0100000    1.1344430080e-05    7.3906415321e-07   -1.2489618070e-04    1.2619708631e-04    2.5695100916e-02    4.0441132222e-02    2.5965677706e-01    0.0000000000e+00    9.9999999993e-01    0.0000000000e+00    5.3098531894e-06    6.5015191159e-07    1.7193776598e-02    2.1195556857e-01    1.7243019236e-04    0.0000000000e+00
   6.5100000    9.3947837507e-06    6.2199112987e-07   -1.2468782176e-04    1.2630650375e-04    2.4067287796e-02    3.3504356358e-02    2.2285667010e-01    0.0000000000e+00    9.9999999993e-01    0.0000000000e+00    4.7925944353e-06    5.5391475130e-07    1.5521498892e-02    1.8296988857e-01    1.8141313757e-04    0.0000000000e+00
   7.0100000    7.9854736626e-06    5.4285715043e-07   -1.2435933306e-04    1.2638690450e-04    2.2808740272e-02    2.8488391970e-02    2.0751674427e-01    0.0000000000e+00    9.9999999993e-01    0.0000000000e+00    4.4273227758e-06    4.9896113065e-07    1.4341579769e-02    1.7523266391e-01    1.9088369773e-04    0.0000000000e+00
   7.5100000    7.0655022677e-06    4.7504706813e-07   -1.2406242135e-04    1.2641912251e-04    2.1919146148e-02    2.5211948881e-02    1.8215906696e-01    0.0000000000e+00    9.9999999993e-01    0.0000000000e+00    4.1687380126e-06    4.4814304516e-07    1.3505894517e-02    1.5730908362e-01    1.9689660572e-04    0.0000000000e+00
   8.0100000    6.5264004907e-06    4.2292027521e-07   -1.2379456933e-04    1.2623128450e-04    2.1323479417e-02    2.3291057695e-02    1.6312492675e-01    0.0000000000e+00    9.9999999993e-01    0.0000000000e+00    4.0153954721e-06    4.0864840989e-07    1.3010134922e-02    1.4396190956e-01    2.0377554896e-04    0.0000000000e+00
   8.5100000    6.2244085734e-06    3.9152425373e-07   -1.2362751270e-04    1.2586456216e-04    2.0943199767e-02    2.2214562640e-02    1.5238655015e-01    0.0000000000e+00    9.9999999993e-01    0.0000000000e+00    3.9288939729e-06    3.8827337364e-07    1.2730307390e-02    1.3782407258e-01    2.0996062859e-04    0.0000000000e+00
   9.0100000    6.0441009672e-06    3.6840403499e-07   -1.2355678101e-04    1.2545563057e-04    2.0708592151e-02    2.1571052945e-02    1.4481502629e-01    0.0000000000e+00    9.9999999993e-01    0.0000000000e+00    3.8752480404e-06    3.7289533656e-07    1.2556334593e-02    1.3354990739e-01    2.1487993038e-04    0.0000000000e+00
   9.5100000    5.9210169685e-06    3.4941150366e-07   -1.2353275980e-04    1.2514801016e-04    2.0559311399e-02    2.1130902801e-02    1.3978463399e-01    0.0000000000e+00    9.9999999993e-01    0.0000000000e+00    3.8425492868e-06    3.5893573378e-07    1.2449772900e-02    1.3074341149e-01    2.1970495340e-04    0.0000000000e+00
  10.0100000    5.8232699396e-06    3.3414335697e-07   -1.2350500469e-04    1.2504994089e-04    2.0443940513e-02    2.0780872986e-02    1.3537308085e-01    0.0000000000e+00    9.9999999993e-01    0.0000000000e+00    3.8223209725e-06    3.4700197085e-07    1.2383443460e-02    1.2793678385e-01    2.2504829468e-04    0.0000000000e+00
  10.5100000    5.7385397453e-06    3.2183570192e-07   -1.2343619142e-04    1.2516430052e-04    2.0337464101e-02    2.0477412151e-02    1.3137797681e-01    0.0000000000e+00    9.9999999993e-01    0.0000000000e+00    3.8099408538e-06    3.3695284491e-07    1.2342604627e-02    1.2513171101e-01    2.3095619909e-04    0.0000000000e+00
  11.0100000    5.6636272490e-06    3.1226862855e-07   -1.2331891162e-04    1.2537444496e-04    2.0234157381e-02    2.0209145073e-02    1.2834337482e-01    0.0000000000e+00    9.9999999993e-01    0.0000000000e+00    3.8033422352e-06    3.2902138144e-07    1.2320585251e-02    1.2298427918e-01    2.3702032675e-04    0.0000000000e+00
  11.5100000    5.5981560107e-06    3.0470104930e-07   -1.2317133784e-04    1.2550794243e-04    2.0133909269e-02    1.9974445340e-02    1.2544663291e-01    0.0000000000e+00    9.9999999993e-01    0.0000000000e+00    3.8014401304e-06    3.2263799595e-07    1.2313698828e-02    1.2081759773e-01    2.4260681025e-04    0.0000000000e+00
  12.0100000    5.5426676416e-06    2.9856483002e-07   -1.2302694455e-04    1.2543317894e-04    2.0041106765e-02    1.9774896106e-02    1.2210585626e-01    0.0000000000e+00    9.9999999993e-01    0.0000000000e+00    3.8037694712e-06    3.1727403953e-07    1.2320219476e-02    1.1806569598e-01    2.4738950855e-04    0.0000000000e+00
  12.5100000    5.4978498866e-06    2.9375705461e-07   -1.2292034708e-04    1.2514042592e-04    1.9959120857e-02    1.9612799593e-02    1.2034389894e-01    0.0000000000e+00    9.9999999993e-01    0.0000000000e+00    3.8102189897e-06    3.1269966627e-07    1.2339684108e-02    1.1659599419e-01    2.5127552027e-04    0.0000000000e+00
  13.0100000    5.4628854139e-06    2.8972785568e-07   -1.2286323087e-04    1.2474707768e-04    1.9887303351e-02    1.9485419687e-02    1.1973709422e-01    0.0000000000e+00    9.9999999993e-01    0.0000000000e+00    3.8211644304e-06    3.0858600463e-07    1.2373413557e-02    1.1617742389e-01    2.5444980192e-04    0.0000000000e+00
  13.5100000    5.4348039609e-06    2.8614807253e-07   -1.2283775612e-04    1.2442414455e-04    1.9823117405e-02    1.9382599199e-02    1.1936218035e-01    0.0000000000e+00    9.9999999993e-01    0.0000000000e+00    3.8366930200e-06    3.0459246832e-07    1.2421961632e-02    1.1581215173e-01    2.5752097927e-04    0.0000000000e+00
  14.0100000    5.4115392094e-06    2.8364136031e-07   -1.2281058907e-04    1.2430002349e-04    1.9763754046e-02    1.9297411387e-02    1.1938739944e-01    0.0000000000e+00    9.9999999993e-01    0.0000000000e+00    3.8558133134e-06    3.0131757812e-07    1.2482403036e-02    1.1563431965e-01    2.6104544072e-04    0.0000000000e+00
  14.5100000    5.3946009268e-06    2.8154214354e-07   -1.2275047934e-04    1.2438903920e-04    1.9708980472e-02    1.9235413494e-02    1.1954286205e-01    0.0000000000e+00    9.9999999993e-01    0.0000000000e+00    3.8776116134e-06    2.9861814766e-07    1.2551902908e-02    1.1561948155e-01    2.6517012941e-04    0.0000000000e+00
  15.0100000    5.3862324047e-06    2.7981693376e-07   -1.2264673025e-04    1.2458269018e-04    1.9661182116e-02    1.9204397192e-02    1.1925512220e-01    0.0000000000e+00    9.9999999993e-01    0.0000000000e+00    3.9018371650e-06    2.9635005808e-07    1.2629527668e-02    1.1517363854e-01    2.6972134215e-04    0.0000000000e+00
  15.5100000    5.3858669106e-06    2.7883307529e-07   -1.2251722590e-04    1.2471722498e-04    1.9620867062e-02    1.9201869554e-02    1.1880609000e-01    0.0000000000e+00    9.9999999993e-01    0.0000000000e+00    3.9283323916e-06    2.9490832553e-07    1.2714462740e-02    1.1458202414e-01    2.7416777686e-04    0.0000000000e+00
  16.0100000    5.3904484988e-06    2.7825850925e-07   -1.2239472356e-04    1.2467116547e-04    1.9585554272e-02    1.9216457443e-02    1.1929468934e-01    0.0000000000e+00    9.9999999993e-01    0.0000000000e+00    3.9567947675e-06    2.9405660259e-07    1.2805409098e-02    1.1497136423e-01    2.7782123496e-04    0.0000000000e+00
  16.5100000    5.3970085261e-06    2.7779286620e-07   -1.2230630882e-04    1.2443028932e-04    1.9553296150e-02    1.9237350857e-02    1.1971868825e-01    0.0000000000e+00    9.9999999993e-01    0.0000000000e+00    3.9868272639e-06    2.9323882316e-07    1.2900921362e-02    1.1525661050e-01    2.8046285298e-04    0.0000000000e+00
  17.0100000    5.4041437037e-06    2.7719832289e-07   -1.2226152521e-04    1.2409209856e-04    1.9522912035e-02    1.9259693903e-02    1.1961225630e-01    0.0000000000e+00    9.9999999993e-01    0.0000000000e+00    4.0181501637e-06    2.9212681390e-07    1.3000181918e-02    1.1508103501e-01    2.8252882307e-04    0.0000000000e+00
  17.5100000    5.4118618589e-06    2.7634455299e-07   -1.2224854093e-04    1.2380986521e-04    1.9493532188e-02    1.9283947636e-02    1.1996298986e-01    0.0000000000e+00    9.9999999993e-01    0.0000000000e+00    4.0506895776e-06    2.9073961942e-07    1.3103237043e-02    1.1549579287e-01    2.8465904314e-04    0.0000000000e+00
  18.0100000    5.4210793079e-06    2.7624718731e-07   -1.2223904347e-04    1.2370296645e-04    1.9467891992e-02    1.9313835695e-02    1.2153472798e-01    0.0000000000e+00    9.9999999993e-01    0.0000000000e+00    4.0844578338e-06    2.8955842472e-07    1.3210438105e-02    1.1666037825e-01    2.8729015763e-04    0.0000000000e+00
  18.5100000    5.4329540898e-06    2.7774403040e-07   -1.2220398608e-04    1.2378711117e-04    1.9450741092e-02    1.9353687398e-02    1.2372871842e-01    0.0000000000e+00    9.9999999993e-01    0.0000000000e+00    4.1193573336e-06    2.8943459536e-07    1.3321615038e-02    1.1842898484e-01    2.9052542305e-04    0.0000000000e+00
  19.0100000    5.4477402622e-06    2.7897141501e-07   -1.2213127700e-04    1.2396825116e-04    1.9436180850e-02    1.9404243433e-02    1.2509605077e-01    0.0000000000e+00    9.9999999993e-01    0.0000000000e+00    4.1550458589e-06    2.8971888151e-07    1.3435555657e-02    1.1980957453e-01    2.9410794020e-04    0.0000000000e+00
  19.5100000    5.4650855488e-06    2.8215628993e-07   -1.2203222621e-04    1.2410081221e-04    1.9416665115e-02    1.9463833627e-02    1.2745309457e-01    0.0000000000e+00    9.9999999993e-01    0.0000000000e+00    4.1909724519e-06    2.9033916000e-07    1.3550195026e-02    1.2108249269e-01    2.9753282617e-04    0.0000000000e+00
  20.0100000    5.4853855470e-06    2.8735404077e-07   -1.2193359639e-04    1.2407303031e-04    1.9399165860e-02    1.9533452648e-02    1.3036554649e-01    0.0000000000e+00    9.9999999993e-01    0.0000000000e+00    4.2272875951e-06    2.9215091676e-07    1.3665731357e-02    1.2258119365e-01    3.0033367729e-04    0.0000000000e+00
  20.5100000    5.5082393668e-06    2.9075232766e-07   -1.2186162709e-04    1.2387001903e-04    1.9383808842e-02    1.9611495976e-02    1.3205404368e-01    0.0000000000e+00    9.9999999993e-01    0.0000000000e+00    4.2643833075e-06    2.9335012642e-07    1.3783304272e-02    1.2339462768e-01    3.0237475719e-04    0.0000000000e+00
  21.0100000    5.5324763235e-06    2.9367063032e-07   -1.2182707448e-04    1.2357863175e-04    1.9372395588e-02    1.9693950199e-02    1.3356681584e-01    0.0000000000e+00    9.9999999993e-01    0.0000000000e+00    4.3019782277e-06    2.9363225053e-07    1.3902108047e-02    1.2376088765e-01    3.0392526540e-04    0.0000000000e+00
  21.5100000    5.5582244243e-06    2.9632338015e-07   -1.2181982846e-04    1.2333369653e-04    1.9365007156e-02    1.9781661290e-02    1.3698443077e-01    0.0000000000e+00    9.9999999993e-01    0.0000000000e+00    4.3399647699e-06    2.9382064188e-07    1.4022068742e-02    1.2599345317e-01    3.0549678104e-04    0.0000000000e+00
  22.0100000    5.5864893600e-06    2.9841152633e-07   -1.2181503634e-04    1.2323855733e-04    1.9357957925e-02    1.9878600266e-02    1.4119474947e-01    0.0000000000e+00    9.9999999993e-01    0.0000000000e+00    4.3783624473e-06    2.9394227157e-07    1.4143530516e-02    1.2910282974e-01    3.0751809944e-04    0.0000000000e+00
  22.5100000    5.6176212402e-06    3.0000297874e-07   -1.2178815200e-04    1.2330764780e-04    1.9351010494e-02    1.9986171900e-02    1.4338343684e-01    0.0000000000e+00    9.9999999993e-01    0.0000000000e+00    4.4168689158e-06    2.9402875104e-07    1.4265636369e-02    1.3046404550e-01    3.1010103273e-04    0.0000000000e+00
  23.0100000    5.6497583842e-06    3.0132651159e-07   -1.2172854946e-04    1.2346198606e-04    1.9344662183e-02    2.0097592340e-02    1.4555174143e-01    0.0000000000e+00    9.9999999993e-01    0.0000000000e+00    4.4548530769e-06    2.9402433443e-07    1.4386237890e-02    1.3209058382e-01    3.1300054475e-04    0.0000000000e+00
  23.5100000    5.6796898008e-06    3.0226932005e-07   -1.2164528332e-04    1.2357789409e-04    1.9336102974e-02    2.0201068377e-02    1.4777768510e-01    0.0000000000e+00    9.9999999993e-01    0.0000000000e+00    4.4921062321e-06    2.9416533353e-07    1.4504394345e-02    1.3381105901e-01    3.1577277444e-04    0.0000000000e+00
  24.0100000    5.7066549118e-06    3.0382576875e-07   -1.2156144847e-04    1.2355974065e-04    1.9324190617e-02    2.0293536832e-02    1.4960622662e-01    0.0000000000e+00    9.9999999993e-01    0.0000000000e+00    4.5294754394e-06    2.9425306558e-07    1.4622578685e-02    1.3481098872e-01    3.1803856465e-04    0.0000000000e+00
  24.5100000    5.7333291754e-06    3.0504544844e-07   -1.2150033664e-04    1.2339329708e-04    1.9310053476e-02    2.0384367965e-02    1.5032031062e-01    0.0000000000e+00    9.9999999993e-01    0.0000000000e+00    4.5673318389e-06    2.9486457571e-07    1.4741881169e-02    1.3572199638e-01    3.1968281648e-04    0.0000000000e+00
  25.0100000    5.7630014977e-06    3.0659530943e-07   -1.2147198604e-04    1.2315021108e-04    1.9299086460e-02    2.0485394718e-02    1.5216839763e-01    0.0000000000e+00    9.9999999993e-01    0.0000000000e+00    4.6055131710e-06    2.9589191042e-07    1.4861879125e-02    1.3753675409e-01    3.2092613796e-04    0.0000000000e+00
  25.5100000    5.7965284286e-06    3.1084805071e-07   -1.2146741858e-04    1.2294277990e-04    1.9301046201e-02    2.0599994830e-02    1.5711496256e-01    0.0000000000e+00    9.9999999993e-01    0.0000000000e+00    4.6440684753e-06    2.9751538038e-07    1.4982976067e-02    1.4117714172e-01    3.2218795758e-04    0.0000000000e+00
  26.0100000    5.8301362136e-06    3.1527187770e-07   -1.2146477850e-04    1.2285817137e-04    1.9314995168e-02    2.0715092908e-02    1.6286157826e-01    0.0000000000e+00    9.9999999993e-01    0.0000000000e+00    4.6833833625e-06    2.9937736177e-07    1.5106659740e-02    1.4611947354e-01    3.2382757104e-04    0.0000000000e+00
  26.5100000    5.8585956531e-06    3.1896832755e-07   -1.2144286858e-04    1.2291059170e-04    1.9323132221e-02    2.0812257532e-02    1.6820851841e-01    0.0000000000e+00    9.9999999993e-01    0.0000000000e+00    4.7229069471e-06    3.0008740242e-07    1.5231254171e-02    1.5025440078e-01    3.2594114130e-04    0.0000000000e+00
  27.0100000    5.8808535583e-06    3.2455279550e-07   -1.2139291312e-04    1.2303684002e-04    1.9323523448e-02    2.0887625710e-02    1.7361057160e-01    0.0000000000e+00    9.9999999993e-01    0.0000000000e+00    4.7613891410e-06    3.0151843531e-07    1.5352633254e-02    1.5349476088e-01    3.2832791654e-04    0.0000000000e+00
  27.5100000    5.9014933690e-06    3.2858901063e-07   -1.2132238213e-04    1.2313564589e-04    1.9321411642e-02    2.0957165873e-02    1.7840235139e-01    0.0000000000e+00    9.9999999993e-01    0.0000000000e+00    4.7993633161e-06    3.0335827773e-07    1.5472289140e-02    1.5693725392e-01    3.3062859284e-04    0.0000000000e+00
  28.0100000    5.9252154387e-06    3.3171473173e-07   -1.2125040163e-04    1.2312673109e-04    1.9315751015e-02    2.1037263330e-02    1.8082403240e-01    0.0000000000e+00    9.9999999993e-01    0.0000000000e+00    4.8373313023e-06    3.0378513978e-07    1.5591617554e-02    1.5765507761e-01    3.3252831750e-04    0.0000000000e+00
  28.5100000    5.9541124228e-06    3.3371404567e-07   -1.2119721946e-04    1.2299513902e-04    1.9309666071e-02    2.1135221170e-02    1.8209539529e-01    0.0000000000e+00    9.9999999993e-01    0.0000000000e+00    4.8751224928e-06    3.0453534683e-07    1.5709980094e-02    1.5796375287e-01    3.3392752121e-04    0.0000000000e+00
  29.0100000    5.9877880766e-06    3.3369070920e-07   -1.2117232827e-04    1.2279617066e-04    1.9309201133e-02    2.1249744713e-02    1.8442303360e-01    0.0000000000e+00    9.9999999993e-01    0.0000000000e+00    4.9133431844e-06    3.0518993497e-07    1.5829418742e-02    1.6013921773e-01    3.3499525003e-04    0.0000000000e+00
  29.5100000    6.0229549707e-06    3.3284045951e-07   -1.2116838869e-04    1.2262034325e-04    1.9314437805e-02    2.1369444902e-02    1.8780730971e-01    0.0000000000e+00    9.9999999993e-01    0.0000000000e+00    4.9517959137e-06    3.0493740064e-07    1.5949505167e-02    1.6312374350e-01    3.3606698698e-04    0.0000000000e+00
  30.0100000    6.0553222529e-06    3.3223447420e-07   -1.2116596363e-04    1.2254078621e-04    1.9316646334e-02    2.1479380108e-02    1.9110144928e-01    0.0000000000e+00    9.9999999993e-01    0.0000000000e+00    4.9894214695e-06    3.0400714319e-07    1.6067034731e-02    1.6573143193e-01    3.3744020927e-04    0.0000000000e+00
  30.5100000    6.0823971447e-06    3.3003210601e-07   -1.2114603009e-04    1.2257357219e-04    1.9313334996e-02    2.1570836043e-02    1.9274525570e-01    0.0000000000e+00    9.9999999993e-01    0.0000000000e+00    5.0257302384e-06    3.0398828283e-07    1.6180520806e-02    1.6815117513e-01    3.3920191240e-04    0.0000000000e+00
  31.0100000    6.1054348379e-06    3.2542869720e-07   -1.2110127356e-04    1.2267186924e-04    1.9312529115e-02    2.1648172412e-02    1.9456142768e-01    0.0000000000e+00    9.9999999993e-01    0.0000000000e+00    5.0626961236e-06    3.0297624675e-07    1.6296244294e-02    1.7113599882e-01    3.4119640520e-04    0.0000000000e+00
  31.5100000    6.1268991739e-06    3.2404953403e-07   -1.2103927917e-04    1.2275511418e-04    1.9309707448e-02    2.1719882328e-02    1.9562690455e-01    0.0000000000e+00    9.9999999993e-01    0.0000000000e+00    5.1005589366e-06    3.0142075145e-07    1.6414791330e-02    1.7168117307e-01    3.4313659281e-04    0.0000000000e+00
  32.0100000    6.1500165139e-06    3.2189096975e-07   -1.2097712335e-04    1.2275544894e-04    1.9302209889e-02    2.1797155037e-02    1.9406523975e-01    0.0000000000e+00    9.9999999993e-01    0.0000000000e+00    5.1383742627e-06    3.0168391532e-07    1.6532937026e-02    1.7129797705e-01    3.4477184842e-04    0.0000000000e+00
  32.5100000    6.1767293940e-06    3.1888554563e-07   -1.2093137424e-04    1.2265488133e-04    1.9299610569e-02    2.1886759522e-02    1.9323525960e-01    0.0000000000e+00    9.9999999993e-01    0.0000000000e+00    5.1759581341e-06    3.0207119463e-07    1.6650006183e-02    1.7193687007e-01    3.4601974213e-04    0.0000000000e+00
  33.0100000    6.2051616289e-06    3.1856295122e-07   -1.2090891444e-04    1.2249277024e-04    1.9301545994e-02    2.1982124536e-02    1.9448430123e-01    0.0000000000e+00    9.9999999993e-01    0.0000000000e+00    5.2132429606e-06    3.0193599093e-07    1.6765841357e-02    1.7300069869e-01    3.4699865436e-04    0.0000000000e+00
  33.5100000    6.2316149810e-06    3.1867687546e-07   -1.2090335200e-04    1.2234092513e-04    1.9304790389e-02    2.2070370382e-02    1.9630079964e-01    0.0000000000e+00    9.9999999993e-01    0.0000000000e+00    5.2499630621e-06    3.0159566559e-07    1.6879753101e-02    1.7434244580e-01    3.4795207012e-04    0.0000000000e+00
  34.0100000    6.2545341274e-06    3.1619078461e-07   -1.2089903112e-04    1.2226202132e-04    1.9305116435e-02    2.2146224294e-02    1.9646409135e-01    0.0000000000e+00    9.9999999993e-01    0.0000000000e+00    5.2860754584e-06    3.0205682513e-07    1.6991777937e-02    1.7587204146e-01    3.4911250308e-04    0.0000000000e+00
  34.5100000    6.2748322772e-06    3.1494625339e-07   -1.2088036483e-04    1.2227548086e-04    1.9306675551e-02    2.2213036614e-02    2.0099966470e-01    0.0000000000e+00    9.9999999993e-01    0.0000000000e+00    5.3228250402e-06    3.0106804800e-07    1.7106002752e-02    1.7991957261e-01    3.5057783103e-04    0.0000000000e+00
  35.0100000    6.2937890713e-06    3.1698087020e-07   -1.2084090886e-04    1.2234914246e-04    1.9308700991e-02    2.2275280447e-02    2.0224195319e-01    0.0000000000e+00    9.9999999993e-01    0.0000000000e+00    5.3588914321e-06    3.0010350034e-07    1.7218140860e-02    1.7942872984e-01    3.5226104686e-04    0.0000000000e+00
  35.5100000    6.3147881176e-06    3.1358229436e-07   -1.2078675996e-04    1.2241956737e-04    1.9308015528e-02    2.2344740924e-02    2.0119479988e-01    0.0000000000e+00    9.9999999993e-01    0.0000000000e+00    5.3946072785e-06    3.0123824737e-07    1.7329120288e-02    1.8061800737e-01    3.5394337590e-04    0.0000000000e+00
  36.0100000    6.3379562676e-06    3.1410308858e-07   -1.2073246793e-04    1.2242827936e-04    1.9307473304e-02    2.2421661285e-02    2.0242185072e-01    0.0000000000e+00    9.9999999993e-01    0.0000000000e+00    5.4313296500e-06    3.0175555499e-07    1.7443142985e-02    1.8140256180e-01    3.5540363026e-04    0.0000000000e+00
  36.5100000    6.3622513202e-06    3.1493853219e-07   -1.2069219234e-04    1.2235354159e-04    1.9308304647e-02    2.2502243716e-02    2.0255847575e-01    0.0000000000e+00    9.9999999993e-01    0.0000000000e+00    5.4677501466e-06    3.0139178005e-07    1.7555921179e-02    1.8072303461e-01    3.5654519194e-04    0.0000000000e+00
  37.0100000    6.3859352920e-06    3.1436290681e-07   -1.2067152269e-04    1.2222062033e-04    1.9307248649e-02    2.2580379531e-02    2.0315016682e-01    0.0000000000e+00    9.9999999993e-01    0.0000000000e+00    5.5030607600e-06    3.0179832115e-07    1.7664889337e-02    1.8155478543e-01    3.5744581425e-04    0.0000000000e+00
  37.5100000    6.4083607508e-06    3.1489844181e-07   -1.2066474898e-04    1.2208589242e-04    1.9305345042e-02    2.2653939592e-02    2.0309821823e-01    0.0000000000e+00    9.9999999993e-01    0.0000000000e+00    5.5373740576e-06    3.0249084641e-07    1.7770532723e-02    1.8141038175e-01    3.5830129812e-04    0.0000000000e+00
  38.0100000    6.4309824263e-06    3.1291991568e-07   -1.2065879829e-04    1.2200465543e-04    1.9305049066e-02    2.2728255033e-02    2.0458554829e-01    0.0000000000e+00    9.9999999993e-01    0.0000000000e+00    5.5718398212e-06    3.0311161073e-07    1.7876689789e-02    1.8386950702e-01    3.5930411697e-04    0.0000000000e+00
  38.5100000    6.4539151274e-06    3.1214215518e-07   -1.2064100110e-04    1.2200081131e-04    1.9304848471e-02    2.2803847303e-02    2.0628428262e-01    0.0000000000e+00    9.9999999993e-01    0.0000000000e+00    5.6077520055e-06    3.0150513668e-07    1.7987601908e-02    1.8488540138e-01    3.6054140741e-04    0.0000000000e+00
  39.0100000    6.4772147596e-06    3.1065697089e-07   -1.2060611833e-04    1.2205479295e-04    1.9302163259e-02    2.2880894196e-02    2.0497700915e-01    0.0000000000e+00    9.9999999993e-01    0.0000000000e+00    5.6432031037e-06    3.0149870767e-07    1.8097137124e-02    1.8433096915e-01    3.6196684211e-04    0.0000000000e+00
  39.5100000    6.5017153448e-06    3.0879575775e-07   -1.2055901281e-04    1.2211586134e-04    1.9300957417e-02    2.2962200552e-02    2.0437601369e-01    0.0000000000e+00    9.9999999993e-01    0.0000000000e+00    5.6790451586e-06    3.0198371254e-07    1.8207918988e-02    1.8473546039e-01    3.6343555170e-04    0.0000000000e+00
  40.0100000    6.5266112368e-06    3.0857809985e-07   -1.2051164827e-04    1.2213139414e-04    1.9303908579e-02    2.3044744435e-02    2.0348641882e-01    0.0000000000e+00    9.9999999993e-01    0.0000000000e+00    5.7141209410e-06    3.0166773187e-07    1.8316099023e-02    1.8378654182e-01    3.6477199372e-04    0.0000000000e+00
  40.5100000    6.5505417587e-06    3.0680482460e-07   -1.2047598210e-04    1.2207616221e-04    1.9307904794e-02    2.3123607197e-02    2.0268396257e-01    0.0000000000e+00    9.9999999993e-01    0.0000000000e+00    5.7484220627e-06    3.0177196427e-07    1.8421558250e-02    1.8385711047e-01    3.6585322236e-04    0.0000000000e+00
  41.0100000    6.5727915129e-06    3.0617180553e-07   -1.2045681434e-04    1.2196506900e-04    1.9309963126e-02    2.3196268731e-02    2.0220643160e-01    0.0000000000e+00    9.9999999993e-01    0.0000000000e+00    5.7823275437e-06    3.0167255460e-07    1.8525511709e-02    1.8354029548e-01    3.6668835835e-04    0.0000000000e+00
  41.5100000    6.5941081453e-06    3.0534405914e-07   -1.2044914163e-04    1.2184316705e-04    1.9310543584e-02    2.3265484427e-02    1.9964213350e-01    0.0000000000e+00    9.9999999993e-01    0.0000000000e+00    5.8157105344e-06    3.0177262766e-07    1.8627644464e-02    1.8167778724e-01    3.6743340184e-04    0.0000000000e+00
  42.0100000    6.6159425516e-06    3.0304440763e-07   -1.2044185074e-04    1.2176000694e-04    1.9312567217e-02    2.3336537589e-02    1.9893477718e-01    0.0000000000e+00    9.9999999993e-01    0.0000000000e+00    5.8490065856e-06    3.0176328215e-07    1.8729484419e-02    1.8211698194e-01    3.6829085642e-04    0.0000000000e+00
  42.5100000    6.6384022218e-06    3.0229345260e-07   -1.2042476114e-04    1.2174274277e-04    1.9313261320e-02    2.3409932196e-02    1.9950193776e-01    0.0000000000e+00    9.9999999993e-01    0.0000000000e+00    5.8823438363e-06    3.0129511475e-07    1.8831543976e-02    1.8301233182e-01    3.6936522337e-04    0.0000000000e+00
  43.0100000    6.6614500202e-06    3.0026218749e-07   -1.2039398873e-04    1.2178163428e-04    1.9312273238e-02    2.3485551851e-02    1.9810755351e-01    0.0000000000e+00    9.9999999993e-01    0.0000000000e+00    5.9154604943e-06    3.0045492304e-07    1.8932999419e-02    1.8332660191e-01    3.7061516607e-04    0.0000000000e+00
  43.5100000    6.6842526355e-06    2.9893521091e-07   -1.2035337250e-04    1.2183578380e-04    1.9308729143e-02    2.3560355652e-02    1.9724025375e-01    0.0000000000e+00    9.9999999993e-01    0.0000000000e+00    5.9486328570e-06    3.0011291032e-07    1.9034652182e-02    1.8365022278e-01    3.7191464885e-04    0.0000000000e+00
  44.0100000    6.7070728017e-06    2.9881485594e-07   -1.2031222870e-04    1.2185671231e-04    1.9302305061e-02    2.3635105633e-02    1.9964977204e-01    0.0000000000e+00    9.9999999993e-01    0.0000000000e+00    5.9818296471e-06    3.0075517829e-07    1.9136269818e-02    1.8558515430e-01    3.7312066099e-04    0.0000000000e+00
  44.5100000    6.7311776476e-06    2.9863651026e-07   -1.2028018799e-04    1.2181607081e-04    1.9296349048e-02    2.3714132806e-02    2.0190021124e-01    0.0000000000e+00    9.9999999993e-01    0.0000000000e+00    6.0151574915e-06    3.0145614793e-07    1.9238086800e-02    1.8773335201e-01    3.7412658689e-04    0.0000000000e+00
  45.0100000    6.7566911929e-06    2.9778490390e-07   -1.2026153286e-04    1.2172101261e-04    1.9297999831e-02    2.3797845280e-02    1.9915340652e-01    0.0000000000e+00    9.9999999993e-01    0.0000000000e+00    6.0480568371e-06    3.0129044764e-07    1.9338293018e-02    1.8669118710e-01    3.7492049551e-04    0.0000000000e+00
  45.5100000    6.7825761015e-06    2.9670323920e-07   -1.2025274678e-04    1.2160907514e-04    1.9308952763e-02    2.3882680969e-02    1.9591968268e-01    0.0000000000e+00    9.9999999993e-01    0.0000000000e+00    6.0799258729e-06    3.0201741931e-07    1.9435040800e-02    1.8519409430e-01    3.7560433019e-04    0.0000000000e+00
  46.0100000    6.8078676870e-06    2.9808933101e-07   -1.2024490956e-04    1.2152633104e-04    1.9329017386e-02    2.3965401547e-02    1.9846822214e-01    0.0000000000e+00    9.9999999993e-01    0.0000000000e+00    6.1118810558e-06    3.0347689486e-07    1.9532026587e-02    1.8680079876e-01    3.7633917430e-04    0.0000000000e+00
  46.5100000    6.8310725960e-06    3.0107812237e-07   -1.2022916071e-04    1.2150137315e-04    1.9347684772e-02    2.4040888125e-02    2.0209101097e-01    0.0000000000e+00    9.9999999993e-01    0.0000000000e+00    6.1445081952e-06    3.0416711754e-07    1.9631228915e-02    1.8806832056e-01    3.7725199124e-04    0.0000000000e+00
  47.0100000    6.8509227243e-06    2.9970468388e-07   -1.2020171666e-04    1.2152975055e-04    1.9357435354e-02    2.4104719939e-02    2.0177562423e-01    0.0000000000e+00    9.9999999993e-01    0.0000000000e+00    6.1773705313e-06    3.0324341657e-07    1.9731279026e-02    1.8757388458e-01    3.7836058126e-04    0.0000000000e+00
  47.5100000    6.8678882096e-06    2.9614393584e-07   -1.2016568328e-04    1.2157736271e-04    1.9357519097e-02    2.4158475045e-02    2.0092159805e-01    0.0000000000e+00    9.9999999993e-01    0.0000000000e+00    6.2094470494e-06    3.0128304649e-07    1.9828849553e-02    1.8731556766e-01    3.7955824812e-04    0.0000000000e+00
  48.0100000    6.8847818572e-06    2.9359857110e-07   -1.2012903361e-04    1.2160038833e-04    1.9352149086e-02    2.4211896210e-02    2.0062246455e-01    0.0000000000e+00    9.9999999993e-01    0.0000000000e+00    6.2403023829e-06    3.0008168458e-07    1.9922429441e-02    1.8762839850e-01    3.8067383790e-04    0.0000000000e+00
  48.5100000    6.9042138293e-06    2.9277337702e-07   -1.2009987403e-04    1.2157001278e-04    1.9345830723e-02    2.4274021813e-02    1.9911811695e-01    0.0000000000e+00    9.9999999993e-01    0.0000000000e+00    6.2704833830e-06    2.9989166968e-07    2.0013656075e-02    1.8651691352e-01    3.8158281638e-04    0.0000000000e+00
  49.0100000    6.9266975032e-06    2.9183474456e-07   -1.2008162312e-04    1.2148811119e-04    1.9344553928e-02    2.4346606780e-02    1.9577284925e-01    0.0000000000e+00    9.9999999993e-01    0.0000000000e+00    6.3007287146e-06    3.0003081119e-07    2.0104851943e-02    1.8396554494e-01    3.8229348181e-04    0.0000000000e+00
  49.5100000    6.9506979925e-06    2.8994226317e-07   -1.2007137678e-04    1.2138577917e-04    1.9348392078e-02    2.4424327224e-02    1.9339436963e-01    0.0000000000e+00    9.9999999993e-01    0.0000000000e+00    6.3315451468e-06    2.9972661919e-07    2.0197693999e-02    1.8259715878e-01    3.8292564823e-04    0.0000000000e+00
  50.0100000    6.9742646093e-06    2.8852848265e-07   -1.2006227564e-04    1.2130556629e-04    1.9354052740e-02    2.4500480667e-02    1.9281040917e-01    0.0000000000e+00    9.9999999993e-01    0.0000000000e+00    6.3626044717e-06    2.9902666803e-07    2.0291258621e-02    1.8248070699e-01    3.8361160936e-04    0.0000000000e+00
  50.5100000    6.9969968946e-06    2.8721135596e-07   -1.2004747611e-04    1.2127681153e-04    1.9358467816e-02    2.4573801060e-02    1.9246363684e-01    0.0000000000e+00    9.9999999993e-01    0.0000000000e+00    6.3934066018e-06    2.9883580092e-07    2.0384066136e-02    1.8285522548e-01    3.8443194633e-04    0.0000000000e+00
  51.0100000    7.0196837943e-06    2.8564265431e-07   -1.2002346674e-04    1.2129861604e-04    1.9363071466e-02    2.4647103280e-02    1.9188708132e-01    0.0000000000e+00    9.9999999993e-01    0.0000000000e+00    6.4241204632e-06    2.9899961178e-07    2.0476692613e-02    1.8332557231e-01    3.8540491548e-04    0.0000000000e+00
  51.5100000    7.0429193034e-06    2.8479142625e-07   -1.1999183761e-04    1.2134116802e-04    1.9370793075e-02    2.4722397731e-02    1.9171313723e-01    0.0000000000e+00    9.9999999993e-01    0.0000000000e+00    6.4548527270e-06    2.9886059152e-07    2.0569417579e-02    1.8357956553e-01    3.8647285379e-04    0.0000000000e+00
  52.0100000    7.0669591225e-06    2.8453465402e-07   -1.1995854684e-04    1.2136400687e-04    1.9378505749e-02    2.4800436718e-02    1.9081322200e-01    0.0000000000e+00    9.9999999993e-01    0.0000000000e+00    6.4853132065e-06    2.9875235210e-07    2.0661198125e-02    1.8279647101e-01    3.8750658153e-04    0.0000000000e+00
  52.5100000    7.0921145526e-06    2.8429680182e-07   -1.1993048321e-04    1.2133940935e-04    1.9383541600e-02    2.4882182005e-02    1.8908764419e-01    0.0000000000e+00    9.9999999993e-01    0.0000000000e+00    6.5154141270e-06    2.9902044258e-07    2.0751648977e-02    1.8140586841e-01    3.8837716143e-04    0.0000000000e+00
  53.0100000    7.1184692540e-06    2.8387842362e-07   -1.1991133465e-04    1.2126740928e-04    1.9389395280e-02    2.4967882362e-02    1.8810576998e-01    0.0000000000e+00    9.9999999993e-01    0.0000000000e+00    6.5453879549e-06    2.9930110210e-07    2.0841475974e-02    1.8084548486e-01    3.8905131504e-04    0.0000000000e+00
  53.5100000    7.1455251785e-06    2.8354305884e-07   -1.1989955620e-04    1.2117476584e-04    1.9400312575e-02    2.5055854259e-02    1.8747196066e-01    0.0000000000e+00    9.9999999993e-01    0.0000000000e+00    6.5752792176e-06    2.9925387786e-07    2.0930875203e-02    1.8039938416e-01    3.8961809217e-04    0.0000000000e+00
  54.0100000    7.1727490372e-06    2.8331204143e-07   -1.1988956033e-04    1.2109920500e-04    1.9411552109e-02    2.5144361008e-02    1.8704359863e-01    0.0000000000e+00    9.9999999993e-01    0.0000000000e+00    6.6048916781e-06    2.9921494335e-07    2.1019334155e-02    1.8009556358e-01    3.9022048693e-04    0.0000000000e+00
  54.5100000    7.2000111980e-06    2.8254628502e-07   -1.1987506316e-04    1.2106793307e-04    1.9419730145e-02    2.5233073113e-02    1.8700935989e-01    0.0000000000e+00    9.9999999993e-01    0.0000000000e+00    6.6343877525e-06    2.9929558413e-07    2.1107474664e-02    1.8053061588e-01    3.9095964270e-04    0.0000000000e+00
  55.0100000    7.2270550510e-06    2.8218852099e-07   -1.1985261814e-04    1.2108237295e-04    1.9429311622e-02    2.5321135906e-02    1.8735420121e-01    0.0000000000e+00    9.9999999993e-01    0.0000000000e+00    6.6639087247e-06    2.9916155028e-07    2.1195783207e-02    1.8099017367e-01    3.9184958245e-04    0.0000000000e+00
  55.5100000    7.2537467872e-06    2.8210207812e-07   -1.1982352775e-04    1.2111792910e-04    1.9441633731e-02    2.5408020219e-02    1.8688917551e-01    0.0000000000e+00    9.9999999993e-01    0.0000000000e+00    6.6932329989e-06    2.9920966870e-07    2.1283504249e-02    1.8062561152e-01    3.9282509612e-04    0.0000000000e+00
  56.0100000    7.2801616671e-06    2.8148570487e-07   -1.1979293645e-04    1.2113892718e-04    1.9452805453e-02    2.5493862134e-02    1.8606658588e-01    0.0000000000e+00    9.9999999993e-01    0.0000000000e+00    6.7225033055e-06    2.9943102155e-07    2.1370984451e-02    1.8030897767e-01    3.9377166608e-04    0.0000000000e+00
  56.5100000    7.3059899753e-06    2.8141755459e-07   -1.1976657362e-04    1.2111944445e-04    1.9461694624e-02    2.5577460517e-02    1.8555133011e-01    0.0000000000e+00    9.9999999993e-01    0.0000000000e+00    6.7517428842e-06    2.9947134995e-07    2.1458198438e-02    1.7989388182e-01    3.9458118416e-04    0.0000000000e+00
  57.0100000    7.3312789265e-06    2.8131325239e-07   -1.1974747685e-04    1.2105758621e-04    1.9471866851e-02    2.5658942689e-02    1.8429475026e-01    0.0000000000e+00    9.9999999993e-01    0.0000000000e+00    6.7807675638e-06    2.9962278721e-07    2.1544527939e-02    1.7882072253e-01    3.9522281094e-04    0.0000000000e+00
  57.5100000    7.3564814920e-06    2.8099645144e-07   -1.1973464120e-04    1.2097558106e-04    1.9482853681e-02    2.5739955135e-02    1.8263439719e-01    0.0000000000e+00    9.9999999993e-01    0.0000000000e+00    6.8096820159e-06    2.9980120763e-07    2.1630356771e-02    1.7746960900e-01    3.9576652310e-04    0.0000000000e+00
  58.0100000    7.3819068123e-06    2.8069745807e-07   -1.1972369976e-04    1.2090635109e-04    1.9491843868e-02    2.5821703174e-02    1.8219176889e-01    0.0000000000e+00    9.9999999993e-01    0.0000000000e+00    6.8385220486e-06    2.9981398906e-07    2.1715903300e-02    1.7721797837e-01    3.9633082502e-04    0.0000000000e+00
  58.5100000    7.4075440439e-06    2.8042575475e-07   -1.1970918857e-04    1.2087439454e-04    1.9500035196e-02    2.5904262643e-02    1.8273068489e-01    0.0000000000e+00    9.9999999993e-01    0.0000000000e+00    6.8672235806e-06    2.9975741682e-07    2.1801060692e-02    1.7786040115e-01    3.9700709195e-04    0.0000000000e+00
  59.0100000    7.4331748219e-06    2.8035835662e-07   -1.1968777200e-04    1.2088201801e-04    1.9512029489e-02    2.5986909315e-02    1.8280093040e-01    0.0000000000e+00    9.9999999993e-01    0.0000000000e+00    6.8957089870e-06    2.9988795497e-07    2.1885616386e-02    1.7804126816e-01    3.9781632745e-04    0.0000000000e+00
  59.5100000    7.4585192099e-06    2.8000847914e-07   -1.1966043602e-04    1.2090891852e-04    1.9524099042e-02    2.6068611255e-02    1.8297129426e-01    0.0000000000e+00    9.9999999993e-01    0.0000000000e+00    6.9241024123e-06    3.0008752043e-07    2.1969919246e-02    1.7852226330e-01    3.9870430045e-04    0.0000000000e+00
  60.0100000    7.4831229559e-06    2.7996380836e-07   -1.1963166221e-04    1.2092486341e-04    1.9534571475e-02    2.6147671697e-02    1.8288165812e-01    0.0000000000e+00    9.9999999993e-01    0.0000000000e+00    6.9524549717e-06    3.0011713004e-07    2.2054037781e-02    1.7848617659e-01    3.9956800788e-04    0.0000000000e+00
  60.5100000    7.5069341394e-06    2.8002758759e-07   -1.1960637512e-04    1.2090728769e-04    1.9544662432e-02    2.6223808880e-02    1.8214097915e-01    0.0000000000e+00    9.9999999993e-01    0.0000000000e+00    6.9806669583e-06    3.0028829422e-07    2.2137569405e-02    1.7784229648e-01    4.0031337434e-04    0.0000000000e+00
  61.0100000    7.5303707216e-06    2.7979753526e-07   -1.1958723602e-04    1.2085344302e-04    1.9554236633e-02    2.6298446754e-02    1.8002192274e-01    0.0000000000e+00    9.9999999993e-01    0.0000000000e+00    7.0088329510e-06    3.0056455346e-07    2.2220782702e-02    1.7605581385e-01    4.0091752609e-04    0.0000000000e+00
  61.5100000    7.5538364632e-06    2.7977817739e-07   -1.1957355863e-04    1.2078087437e-04    1.9563503289e-02    2.6373041759e-02    1.7853831151e-01    0.0000000000e+00    9.9999999993e-01    0.0000000000e+00    7.0369224003e-06    3.0067841833e-07    2.2303620149e-02    1.7467139232e-01    4.0144248225e-04    0.0000000000e+00
  62.0100000    7.5776017850e-06    2.7970780391e-07   -1.1956176791e-04    1.2071682706e-04    1.9570411618e-02    2.6448637730e-02    1.7944546682e-01    0.0000000000e+00    9.9999999993e-01    0.0000000000e+00    7.0648263939e-06    3.0075120945e-07    2.2385822060e-02    1.7565441608e-01    4.0198388620e-04    0.0000000000e+00
  62.5100000    7.6016351233e-06    2.7965218854e-07   -1.1954728309e-04    1.2068273822e-04    1.9578202140e-02    2.6525217680e-02    1.7943334672e-01    0.0000000000e+00    9.9999999993e-01    0.0000000000e+00    7.0925366202e-06    3.0094416271e-07    2.2467442224e-02    1.7578445356e-01    4.0260783080e-04    0.0000000000e+00
  63.0100000    7.6255988156e-06    2.7970651200e-07   -1.1952705088e-04    1.2068233758e-04    1.9589153625e-02    2.6601635202e-02    1.7924657851e-01    0.0000000000e+00    9.9999999993e-01    0.0000000000e+00    7.1201265825e-06    3.0117785782e-07    2.2548740670e-02    1.7572279341e-01    4.0333209814e-04    0.0000000000e+00
  63.5100000    7.6488156873e-06    2.7990289394e-07   -1.1950120025e-04    1.2070022395e-04    1.9600655702e-02    2.6675484222e-02    1.7961006982e-01    0.0000000000e+00    9.9999999993e-01    0.0000000000e+00    7.1476450057e-06    3.0137370056e-07    2.2629832863e-02    1.7611160220e-01    4.0413153245e-04    0.0000000000e+00
  64.0100000    7.6709826507e-06    2.7997605199e-07   -1.1947306727e-04    1.2071170789e-04    1.9612454644e-02    2.6745619388e-02    1.7875576232e-01    0.0000000000e+00    9.9999999993e-01    0.0000000000e+00    7.1750872646e-06    3.0165621637e-07    2.2710626822e-02    1.7539410883e-01    4.0493380832e-04    0.0000000000e+00
  64.5100000    7.6925006245e-06    2.8010337732e-07   -1.1944759614e-04    1.2069726978e-04    1.9623668764e-02    2.6813357833e-02    1.7766068241e-01    0.0000000000e+00    9.9999999993e-01    0.0000000000e+00    7.2025554453e-06    3.0186086919e-07    2.2791375603e-02    1.7434341185e-01    4.0564223926e-04    0.0000000000e+00
  65.0100000    7.7141081803e-06    2.8046515208e-07   -1.1942834907e-04    1.2065258439e-04    1.9632790997e-02    2.6881241704e-02    1.7683333398e-01    0.0000000000e+00    9.9999999993e-01    0.0000000000e+00    7.2299549526e-06    3.0207527625e-07    2.2871752946e-02    1.7343291171e-01    4.0621379300e-04    0.0000000000e+00
  65.5100000    7.7365976476e-06    2.8042521964e-07   -1.1941495281e-04    1.2058974308e-04    1.9641401295e-02    2.6952059356e-02    1.7675982613e-01    0.0000000000e+00    9.9999999993e-01    0.0000000000e+00    7.2572276844e-06    3.0240967725e-07    2.2951600939e-02    1.7357497236e-01    4.0670899369e-04    0.0000000000e+00
  66.0100000    7.7599042233e-06    2.8050478193e-07   -1.1940354393e-04    1.2053043233e-04    1.9648458444e-02    2.7025656599e-02    1.7698743064e-01    0.0000000000e+00    9.9999999993e-01    0.0000000000e+00    7.2843834066e-06    3.0259862921e-07    2.3031013608e-02    1.7385360968e-01    4.0722670733e-04    0.0000000000e+00
  66.5100000    7.7833185233e-06    2.8069986032e-07   -1.1938968488e-04    1.2049412919e-04    1.9656159014e-02    2.7099642450e-02    1.7715216425e-01    0.0000000000e+00    9.9999999993e-01    0.0000000000e+00    7.3112844347e-06    3.0276111130e-07    2.3109624109e-02    1.7399064523e-01    4.0781571092e-04    0.0000000000e+00
  67.0100000    7.8061385468e-06    2.8073702052e-07   -1.1937080513e-04    1.2048692054e-04    1.9666265639e-02    2.7171618772e-02    1.7851523567e-01    0.0000000000e+00    9.9999999993e-01    0.0000000000e+00    7.3380017911e-06    3.0288387808e-07    2.3187694997e-02    1.7538590434e-01    4.0847728832e-04    0.0000000000e+00
  67.5100000    7.8280367249e-06    2.8101744227e-07   -1.1934713338e-04    1.2049809769e-04    1.9677173919e-02    2.7240433098e-02    1.7821185198e-01    0.0000000000e+00    9.9999999993e-01    0.0000000000e+00    7.3645628641e-06    3.0307609985e-07    2.3265300480e-02    1.7504605064e-01    4.0919305537e-04    0.0000000000e+00
  68.0100000    7.8494519203e-06    2.8092063501e-07   -1.1932151437e-04    1.2050708319e-04    1.9690177604e-02    2.7307548752e-02    1.7687952637e-01    0.0000000000e+00    9.9999999993e-01    0.0000000000e+00    7.3911129307e-06    3.0339672004e-07    2.3342844178e-02    1.7396893786e-01    4.0991511059e-04    0.0000000000e+00
  68.5100000    7.8707137493e-06    2.8109577911e-07   -1.1929771075e-04    1.2049540065e-04    1.9702082943e-02    2.7374037188e-02    1.7692504568e-01    0.0000000000e+00    9.9999999993e-01    0.0000000000e+00    7.4177148125e-06    3.0357431183e-07    2.3420459830e-02    1.7400007045e-01    4.1058288343e-04    0.0000000000e+00
  69.0100000    7.8921278769e-06    2.8156411643e-07   -1.1927807319e-04    1.2045652941e-04    1.9713887802e-02    2.7440920736e-02    1.7585796926e-01    0.0000000000e+00    9.9999999993e-01    0.0000000000e+00    7.4441926541e-06    3.0388256282e-07    2.3497558042e-02    1.7286565733e-01    4.1116817762e-04    0.0000000000e+00
  69.5100000    7.9138613514e-06    2.8167857304e-07   -1.1926265706e-04    1.2039932469e-04    1.9726420310e-02    2.7508794862e-02    1.7556269810e-01    0.0000000000e+00    9.9999999993e-01    0.0000000000e+00    7.4706667954e-06    3.0427145400e-07    2.3574531922e-02    1.7275799828e-01    4.1167386607e-04    0.0000000000e+00
  70.0100000    7.9355407047e-06    2.8185082742e-07   -1.1924945822e-04    1.2034261943e-04    1.9735554599e-02    2.7576416257e-02    1.7572458221e-01    0.0000000000e+00    9.9999999993e-01    0.0000000000e+00    7.4970779009e-06    3.0453807221e-07    2.3651240961e-02    1.7297714279e-01    4.1212790957e-04    0.0000000000e+00
  70.5100000    7.9569948558e-06    2.8216037999e-07   -1.1923486940e-04    1.2030349945e-04    1.9745797189e-02    2.7643248158e-02    1.7603204345e-01    0.0000000000e+00    9.9999999993e-01    0.0000000000e+00    7.5233212233e-06    3.0477722143e-07    2.3727404021e-02    1.7322099916e-01    4.1261477014e-04    0.0000000000e+00
  71.0100000    7.9782363622e-06    2.8253013679e-07   -1.1921574613e-04    1.2028811426e-04    1.9758495470e-02    2.7709365767e-02    1.7613036572e-01    0.0000000000e+00    9.9999999993e-01    0.0000000000e+00    7.5494733584e-06    3.0496271485e-07    2.3803289590e-02    1.7320464630e-01    4.1322522209e-04    0.0000000000e+00
  71.5100000    7.9992743456e-06    2.8275046172e-07   -1.1919232731e-04    1.2029049476e-04    1.9771265348e-02    2.7774794529e-02    1.7478606826e-01    0.0000000000e+00    9.9999999993e-01    0.0000000000e+00    7.5754976161e-06    3.0524772491e-07    2.3878776590e-02    1.7192118609e-01    4.1392613267e-04    0.0000000000e+00
  72.0100000    8.0202059798e-06    2.8303217554e-07   -1.1916795940e-04    1.2029635785e-04    1.9783942338e-02    2.7839828893e-02    1.7546135826e-01    0.0000000000e+00    9.9999999993e-01    0.0000000000e+00    7.6013925622e-06    3.0561394357e-07    2.3953823790e-02    1.7260555376e-01    4.1458736843e-04    0.0000000000e+00
  72.5100000    8.0411907332e-06    2.8346085511e-07   -1.1914571552e-04    1.2028913619e-04    1.9799362187e-02    2.7904959932e-02    1.7498295695e-01    0.0000000000e+00    9.9999999993e-01    0.0000000000e+00    7.6271863745e-06    3.0595532358e-07    2.4028466710e-02    1.7203797330e-01    4.1516309183e-04    0.0000000000e+00
  73.0100000    8.0621828803e-06    2.8382481969e-07   -1.1912670824e-04    1.2025899029e-04    1.9814518384e-02    2.7969983384e-02    1.7446034460e-01    0.0000000000e+00    9.9999999993e-01    0.0000000000e+00    7.6528968047e-06    3.0624869414e-07    2.4102722099e-02    1.7149420935e-01    4.1571388883e-04    0.0000000000e+00
  73.5100000    8.0828955385e-06    2.8419054908e-07   -1.1911095886e-04    1.2021013561e-04    1.9825941725e-02    2.8033907913e-02    1.7503379376e-01    0.0000000000e+00    9.9999999993e-01    0.0000000000e+00    7.6784745499e-06    3.0650702913e-07    2.4176437353e-02    1.7201501725e-01    4.1625221865e-04    0.0000000000e+00
  74.0100000    8.1032495299e-06    2.8448183598e-07   -1.1909729501e-04    1.2015811380e-04    1.9837687003e-02    2.8096510696e-02    1.7504001054e-01    0.0000000000e+00    9.9999999993e-01    0.0000000000e+00    7.7038876841e-06    3.0678087822e-07    2.4249555954e-02    1.7198338090e-01    4.1673188478e-04    0.0000000000e+00
  74.5100000    8.1233780901e-06    2.8491906216e-07   -1.1908253811e-04    1.2011871624e-04    1.9846809854e-02    2.8158319440e-02    1.7587461898e-01    0.0000000000e+00    9.9999999993e-01    0.0000000000e+00    7.7291637428e-06    3.0702608834e-07    2.4322221163e-02    1.7268500836e-01    4.1718799390e-04    0.0000000000e+00
  75.0100000    8.1435617967e-06    2.8540312544e-07   -1.1906352744e-04    1.2009924850e-04    1.9854214165e-02    2.8220350079e-02    1.7523118147e-01    0.0000000000e+00    9.9999999993e-01    0.0000000000e+00    7.7543020082e-06    3.0732200131e-07    2.4394468964e-02    1.7195491585e-01    4.1771888855e-04    0.0000000000e+00
  75.5100000    8.1640886603e-06    2.8563833075e-07   -1.1904042449e-04    1.2009658731e-04    1.9863721128e-02    2.8283603855e-02    1.7496438148e-01    0.0000000000e+00    9.9999999993e-01    0.0000000000e+00    7.7793824940e-06    3.0760954684e-07    2.4466555190e-02    1.7170914927e-01    4.1833257600e-04    0.0000000000e+00
  76.0100000    8.1848311728e-06    2.8611862248e-07   -1.1901624954e-04    1.2009893544e-04    1.9875258455e-02    2.8347604281e-02    1.7544252568e-01    0.0000000000e+00    9.9999999993e-01    0.0000000000e+00    7.8044607853e-06    3.0785107642e-07    2.4538625167e-02    1.7203247035e-01    4.1895098451e-04    0.0000000000e+00
  76.5100000    8.2053947951e-06    2.8679209902e-07   -1.1899367952e-04    1.2009107947e-04    1.9887620906e-02    2.8410929557e-02    1.7426926961e-01    0.0000000000e+00    9.9999999993e-01    0.0000000000e+00    7.8294806662e-06    3.0825327204e-07    2.4610453687e-02    1.7072989209e-01    4.1953062052e-04    0.0000000000e+00
  77.0100000    8.2255487622e-06    2.8719653739e-07   -1.1897405762e-04    1.2006346562e-04    1.9901297955e-02    2.8472732498e-02    1.7441823414e-01    0.0000000000e+00    9.9999999993e-01    0.0000000000e+00    7.8544596574e-06    3.0870716152e-07    2.4682052932e-02    1.7090530271e-01    4.2006339119e-04    0.0000000000e+00
  77.5100000    8.2452754085e-06    2.8759842373e-07   -1.1895788313e-04    1.2001838350e-04    1.9914852208e-02    2.8532936588e-02    1.7439669875e-01    0.0000000000e+00    9.9999999993e-01    0.0000000000e+00    7.8794166675e-06    3.0899154651e-07    2.4753467810e-02    1.7080731505e-01    4.2053174173e-04    0.0000000000e+00
  78.0100000    8.2648081016e-06    2.8809700559e-07   -1.1894377442e-04    1.1996756216e-04    1.9927271698e-02    2.8592373213e-02    1.7437746605e-01    0.0000000000e+00    9.9999999993e-01    0.0000000000e+00    7.9042786891e-06    3.0925037773e-07    2.4824489417e-02    1.7064932599e-01    4.2095923393e-04    0.0000000000e+00
  78.5100000    8.2844953377e-06    2.8848150239e-07   -1.1892841845e-04    1.1992506078e-04    1.9938583682e-02    2.8652296616e-02    1.7464096710e-01    0.0000000000e+00    9.9999999993e-01    0.0000000000e+00    7.9290202616e-06    3.0963100924e-07    2.4895080902e-02    1.7091374021e-01    4.2141818209e-04    0.0000000000e+00
  79.0100000    8.3044607367e-06    2.8872746897e-07   -1.1890947742e-04    1.1990076657e-04    1.9950407281e-02    2.8713182971e-02    1.7433981104e-01    0.0000000000e+00    9.9999999993e-01    0.0000000000e+00    7.9536611518e-06    3.0993681806e-07    2.4965347688e-02    1.7063715968e-01    4.2193294680e-04    0.0000000000e+00
  79.5100000    8.3245382377e-06    2.8921191539e-07   -1.1888731475e-04    1.1989519860e-04    1.9962859161e-02    2.8774481242e-02    1.7481170365e-01    0.0000000000e+00    9.9999999993e-01    0.0000000000e+00    7.9781785207e-06    3.1010721913e-07    2.5035238794e-02    1.7092358697e-01    4.2247017855e-04    0.0000000000e+00
  80.0100000    8.3445984711e-06    2.8961862774e-07   -1.1886356460e-04    1.1989805382e-04    1.9976192946e-02    2.8835726727e-02    1.7425909938e-01    0.0000000000e+00    9.9999999993e-01    0.0000000000e+00    8.0025463000e-06    3.1041443719e-07    2.5104657531e-02    1.7033053746e-01    4.2302368394e-04    0.0000000000e+00
  80.5100000    8.3646651780e-06    2.8982178221e-07   -1.1884014413e-04    1.1989404864e-04    1.9990626839e-02    2.8896951917e-02    1.7373334373e-01    0.0000000000e+00    9.9999999993e-01    0.0000000000e+00    8.0268320115e-06    3.1073571424e-07    2.5173772865e-02    1.6986086292e-01    4.2360171334e-04    0.0000000000e+00
  81.0100000    8.3846763432e-06    2.9046009382e-07   -1.1881942530e-04    1.1987246149e-04    2.0003724634e-02    2.8957892609e-02    1.7408924928e-01    0.0000000000e+00    9.9999999993e-01    0.0000000000e+00    8.0510494857e-06    3.1096956037e-07    2.5242584591e-02    1.6997525585e-01    4.2415608938e-04    0.0000000000e+00
  81.5100000    8.4045959074e-06    2.9090875955e-07   -1.1880268518e-04    1.1983279238e-04    2.0016829166e-02    2.9018405096e-02    1.7351370160e-01    0.0000000000e+00    9.9999999993e-01    0.0000000000e+00    8.0751542828e-06    3.1133924295e-07    2.5310936610e-02    1.6937001121e-01    4.2462448489e-04    0.0000000000e+00
  82.0100000    8.4244812134e-06    2.9108265274e-07   -1.1878812220e-04    1.1978415230e-04    2.0031284334e-02    2.9078710588e-02    1.7352499020e-01    0.0000000000e+00    9.9999999993e-01    0.0000000000e+00    8.0991750740e-06    3.1173352194e-07    2.5378939126e-02    1.6948680340e-01    4.2502175977e-04    0.0000000000e+00
  82.5100000    8.4443194389e-06    2.9164624904e-07   -1.1877216833e-04    1.1974039184e-04    2.0042830205e-02    2.9138820835e-02    1.7417843188e-01    0.0000000000e+00    9.9999999993e-01    0.0000000000e+00    8.1231101242e-06    3.1195676445e-07    2.5446635643e-02    1.6993462130e-01    4.2542442871e-04    0.0000000000e+00
  83.0100000    8.4640707902e-06    2.9201605166e-07   -1.1875274071e-04    1.1971283826e-04    2.0053557841e-02    2.9198661485e-02    1.7412003544e-01    0.0000000000e+00    9.9999999993e-01    0.0000000000e+00    8.1469383325e-06    3.1218033256e-07    2.5514015137e-02    1.6979798324e-01    4.2588609294e-04    0.0000000000e+00
  83.5100000    8.4838038070e-06    2.9198305849e-07   -1.1873026699e-04    1.1970348317e-04    2.0067747195e-02    2.9258504273e-02    1.7389696934e-01    0.0000000000e+00    9.9999999993e-01    0.0000000000e+00    8.1707473325e-06    3.1242468048e-07    2.5581383063e-02    1.6972246617e-01    4.2640560144e-04    0.0000000000e+00
  84.0100000    8.5036293869e-06    2.9226192515e-07   -1.1870642222e-04    1.1970318432e-04    2.0080579020e-02    2.9318714908e-02    1.7370148524e-01    0.0000000000e+00    9.9999999993e-01    0.0000000000e+00    8.1945888434e-06    3.1253272375e-07    2.5648887084e-02    1.6942184252e-01    4.2695530753e-04    0.0000000000e+00
  84.5100000    8.5236031732e-06    2.9276742007e-07   -1.1868313241e-04    1.1969711505e-04    2.0091083568e-02    2.9379422902e-02    1.7361922694e-01    0.0000000000e+00    9.9999999993e-01    0.0000000000e+00    8.2183520724e-06    3.1280156989e-07    2.5716126645e-02    1.6920588656e-01    4.2750178604e-04    0.0000000000e+00
  85.0100000    8.5437566523e-06    2.9293008083e-07   -1.1866196181e-04    1.1967411117e-04    2.0105216585e-02    2.9440665510e-02    1.7303266881e-01    0.0000000000e+00    9.9999999993e-01    0.0000000000e+00    8.2419846914e-06    3.1326362793e-07    2.5782876458e-02    1.6877401247e-01    4.2800452001e-04    0.0000000000e+00
  85.5100000    8.5639423407e-06    2.9322120468e-07   -1.1864302734e-04    1.1963332235e-04    2.0120968909e-02    2.9501896893e-02    1.7255605091e-01    0.0000000000e+00    9.9999999993e-01    0.0000000000e+00    8.2655136015e-06    3.1351589150e-07    2.5849187850e-02    1.6828921585e-01    4.2843512393e-04    0.0000000000e+00
  86.0100000    8.5838725135e-06    2.9372499958e-07   -1.1862476097e-04    1.1958407590e-04    2.0134509259e-02    2.9562142600e-02    1.7274950226e-01    0.0000000000e+00    9.9999999993e-01    0.0000000000e+00    8.2888901604e-06    3.1372255643e-07    2.5914922765e-02    1.6839153179e-01    4.2881390456e-04    0.0000000000e+00
  86.5100000    8.6034875827e-06    2.9365323258e-07   -1.1860543524e-04    1.1954008313e-04    2.0147378135e-02    2.9621254152e-02    1.7254170310e-01    0.0000000000e+00    9.9999999993e-01    0.0000000000e+00    8.3121899725e-06    3.1394496061e-07    2.5980366566e-02    1.6837184074e-01    4.2920127119e-04    0.0000000000e+00
  87.0100000    8.6229415618e-06    2.9387113524e-07   -1.1858450150e-04    1.1951176839e-04    2.0160361563e-02    2.9679818792e-02    1.7272744965e-01    0.0000000000e+00    9.9999999993e-01    0.0000000000e+00    8.3354866931e-06    3.1394413191e-07    2.6045799179e-02    1.6837777832e-01    4.2964065987e-04    0.0000000000e+00
  87.5100000    8.6427150287e-06    2.9433495897e-07   -1.1856225812e-04    1.1950041578e-04    2.0171615611e-02    2.9739507129e-02    1.7327596470e-01    0.0000000000e+00    9.9999999993e-01    0.0000000000e+00    8.3586489008e-06    3.1415461284e-07    2.6110826164e-02    1.6875583054e-01    4.3013017686e-04    0.0000000000e+00
  88.0100000    8.6634904843e-06    2.9441953318e-07   -1.1853922576e-04    1.1949740102e-04    2.0182159721e-02    2.9802631442e-02    1.7303914245e-01    0.0000000000e+00    9.9999999993e-01    0.0000000000e+00    8.3816902570e-06    3.1464905370e-07    2.6175462029e-02    1.6880923749e-01    4.3064549504e-04    0.0000000000e+00
  88.5100000    8.6853178511e-06    2.9479144823e-07   -1.1851638473e-04    1.1948962454e-04    2.0198457448e-02    2.9869301627e-02    1.7253273933e-01    0.0000000000e+00    9.9999999993e-01    0.0000000000e+00    8.4047202377e-06    3.1510423565e-07    2.6239997101e-02    1.6839242183e-01    4.3115806971e-04    0.0000000000e+00
  89.0100000    8.7073431690e-06    2.9550468746e-07   -1.1849520030e-04    1.1946768584e-04    2.0220765585e-02    2.9936536462e-02    1.7283129007e-01    0.0000000000e+00    9.9999999993e-01    0.0000000000e+00    8.4277603665e-06    3.1562707424e-07    2.6304459180e-02    1.6849663401e-01    4.3163484236e-04    0.0000000000e+00
  89.5100000    8.7283904645e-06    2.9625417706e-07   -1.1847661561e-04    1.1943102632e-04    2.0243157070e-02    3.0000292575e-02    1.7345176783e-01    0.0000000000e+00    9.9999999993e-01    0.0000000000e+00    8.4508177940e-06    3.1615066345e-07    2.6368866549e-02    1.6890823375e-01    4.3205531069e-04    0.0000000000e+00
  90.0100000    8.7476066897e-06    2.9637088059e-07   -1.1846002430e-04    1.1938720430e-04    2.0261438908e-02    3.0057679384e-02    1.7300575783e-01    0.0000000000e+00    9.9999999993e-01    0.0000000000e+00    8.4738561305e-06    3.1629766963e-07    2.6433136446e-02    1.6850960941e-01    4.3243547793e-04    0.0000000000e+00
  90.5100000    8.7648558912e-06    2.9608587806e-07   -1.1844336962e-04    1.1934691159e-04    2.0276459688e-02    3.0108289951e-02    1.7211660277e-01    0.0000000000e+00    9.9999999993e-01    0.0000000000e+00    8.4967355283e-06    3.1598107600e-07    2.6496880727e-02    1.6760377744e-01    4.3281752533e-04    0.0000000000e+00
  91.0100000    8.7811484178e-06    2.9597452401e-07   -1.1842432556e-04    1.1931812161e-04    2.0284130629e-02    3.0155644227e-02    1.7155703617e-01    0.0000000000e+00    9.9999999993e-01    0.0000000000e+00    8.5193383086e-06    3.1578289485e-07    2.6559775127e-02    1.6694562930e-01    4.3323428369e-04    0.0000000000e+00
  91.5100000    8.7982450490e-06    2.9605943063e-07   -1.1840177996e-04    1.1930216177e-04    2.0287688138e-02    3.0205805564e-02    1.7151167893e-01    0.0000000000e+00    9.9999999993e-01    0.0000000000e+00    8.5417783694e-06    3.1599155931e-07    2.6622193753e-02    1.6692027074e-01    4.3369000915e-04    0.0000000000e+00
  92.0100000    8.8173441909e-06    2.9621285414e-07   -1.1837665976e-04    1.1929325616e-04    2.0294627679e-02    3.0262867746e-02    1.7122649055e-01    0.0000000000e+00    9.9999999993e-01    0.0000000000e+00    8.5641545792e-06    3.1625832175e-07    2.6684433339e-02    1.6668469733e-01    4.3416782142e-04    0.0000000000e+00
  92.5100000    8.8383991432e-06    2.9580872323e-07   -1.1835138344e-04    1.1928164987e-04    2.0307938443e-02    3.0326625754e-02    1.7041740689e-01    0.0000000000e+00    9.9999999993e-01    0.0000000000e+00    8.5864756740e-06    3.1636873546e-07    2.6746486867e-02    1.6615187949e-01    4.3464358714e-04    0.0000000000e+00
  93.0100000    8.8605126294e-06    2.9559013307e-07   -1.1832820044e-04    1.1925887884e-04    2.0325424413e-02    3.0393953729e-02    1.7030028119e-01    0.0000000000e+00    9.9999999993e-01    0.0000000000e+00    8.6088026542e-06    3.1652560569e-07    2.6808504557e-02    1.6621131765e-01    4.3509376446e-04    0.0000000000e+00
  93.5100000    8.8828355698e-06    2.9586101522e-07   -1.1830770084e-04    1.1922255538e-04    2.0344644319e-02    3.0461910413e-02    1.7057426138e-01    0.0000000000e+00    9.9999999993e-01    0.0000000000e+00    8.6312051481e-06    3.1686064642e-07    2.6870677321e-02    1.6650094815e-01    4.3550262602e-04    0.0000000000e+00
  94.0100000    8.9046846238e-06    2.9600314501e-07   -1.1828864699e-04    1.1917791208e-04    2.0365265429e-02    3.0528154957e-02    1.6998016758e-01    0.0000000000e+00    9.9999999993e-01    0.0000000000e+00    8.6536615081e-06    3.1714023104e-07    2.6932937886e-02    1.6598551310e-01    4.3587245565e-04    0.0000000000e+00
  94.5100000    8.9255852123e-06    2.9576091438e-07   -1.1826908004e-04    1.1913489961e-04    2.0383435484e-02    3.0591091717e-02    1.6902799155e-01    0.0000000000e+00    9.9999999993e-01    0.0000000000e+00    8.6760400279e-06    3.1736020675e-07    2.6994901286e-02    1.6526803172e-01    4.3622842670e-04    0.0000000000e+00
  95.0100000    8.9455759316e-06    2.9574125132e-07   -1.1824766145e-04    1.1910238241e-04    2.0399551894e-02    3.0650893310e-02    1.6910877692e-01    0.0000000000e+00    9.9999999993e-01    0.0000000000e+00    8.6982882645e-06    3.1738298498e-07    2.7056437984e-02    1.6533077472e-01    4.3660705618e-04    0.0000000000e+00
  95.5100000    8.9648516837e-06    2.9624808426e-07   -1.1822428475e-04    1.1908299489e-04    2.0413083290e-02    3.0708251187e-02    1.6913525610e-01    0.0000000000e+00    9.9999999993e-01    0.0000000000e+00    8.7203088354e-06    3.1737311681e-07    2.7117264970e-02    1.6508584494e-01    4.3703148446e-04    0.0000000000e+00
  96.0100000    8.9836184783e-06    2.9614182636e-07   -1.1819981007e-04    1.1907182403e-04    2.0426557508e-02    3.0763860915e-02    1.6834353663e-01    0.0000000000e+00    9.9999999993e-01    0.0000000000e+00    8.7421052933e-06    3.1773881446e-07    2.7177383914e-02    1.6455081485e-01    4.3749361774e-04    0.0000000000e+00
  96.5100000    9.0021743201e-06    2.9574994216e-07   -1.1817542384e-04    1.1905957795e-04    2.0440341944e-02    3.0818703881e-02    1.6785436431e-01    0.0000000000e+00    9.9999999993e-01    0.0000000000e+00    8.7639231284e-06    3.1801985307e-07    2.7237523060e-02    1.6437896576e-01    4.3795943614e-04    0.0000000000e+00
  97.0100000    9.0207212705e-06    2.9599615900e-07   -1.1815210886e-04    1.1903813477e-04    2.0453549362e-02    3.0873429678e-02    1.6814275429e-01    0.0000000000e+00    9.9999999993e-01    0.0000000000e+00    8.7858522538e-06    3.1791912469e-07    2.7297924418e-02    1.6446209675e-01    4.3839284434e-04    0.0000000000e+00
  97.5100000    9.0393206222e-06    2.9638669194e-07   -1.1813032485e-04    1.1900508012e-04    2.0467952932e-02    3.0928230727e-02    1.6820538084e-01    0.0000000000e+00    9.9999999993e-01    0.0000000000e+00    8.8077249156e-06    3.1808860344e-07    2.7358051810e-02    1.6442170269e-01    4.3877876960e-04    0.0000000000e+00
  98.0100000    9.0581201599e-06    2.9594865934e-07   -1.1810981999e-04    1.1896465973e-04    2.0481513396e-02    3.0983628936e-02    1.6725072436e-01    0.0000000000e+00    9.9999999993e-01    0.0000000000e+00    8.8295634308e-06    3.1859850529e-07    2.7417989645e-02    1.6394520814e-01    4.3913086550e-04    0.0000000000e+00
  98.5100000    9.0770368176e-06    2.9591447889e-07   -1.1808963778e-04    1.1892486975e-04    2.0497172784e-02    3.1039378572e-02    1.6680551185e-01    0.0000000000e+00    9.9999999993e-01    0.0000000000e+00    8.8514612693e-06    3.1861975635e-07    2.7478062120e-02    1.6349880834e-01    4.3948052911e-04    0.0000000000e+00
  99.0100000    9.0957039040e-06    2.9650509636e-07   -1.1806849249e-04    1.1889268639e-04    2.0514166705e-02    3.1094264358e-02    1.6678272772e-01    0.0000000000e+00    9.9999999993e-01    0.0000000000e+00    8.8731580398e-06    3.1859819852e-07    2.7537494708e-02    1.6317107812e-01    4.3985541234e-04    0.0000000000e+00
  99.5100000    9.1140638670e-06    2.9626815348e-07   -1.1804548211e-04    1.1887030123e-04    2.0529656784e-02    3.1148108804e-02    1.6601047734e-01    0.0000000000e+00    9.9999999993e-01    0.0000000000e+00    8.8946089949e-06    3.1904507893e-07    2.7596165436e-02    1.6274696484e-01    4.4026316621e-04    0.0000000000e+00
 100.0100000    9.1322669676e-06    2.9620119724e-07   -1.1802073292e-04    1.1885432804e-04    2.0545699855e-02    3.1201419791e-02    1.6558464251e-01    0.0000000000e+00    9.9999999993e-01    0.0000000000e+00    8.9160333670e-06    3.1923962172e-07    2.7654749243e-02    1.6243433656e-01    4.4069129254e-04    0.0000000000e+00
 100.5100000    9.1504310365e-06    2.9651510294e-07   -1.1799542766e-04    1.1883806668e-04    2.0561675030e-02    3.1254576858e-02    1.6566819460e-01    0.0000000000e+00    9.9999999993e-01    0.0000000000e+00    8.9374472405e-06    3.1920392648e-07    2.7713275677e-02    1.6233248144e-01    4.4111874237e-04    0.0000000000e+00
 101.0100000    9.1687122800e-06    2.9654416355e-07   -1.1797103963e-04    1.1881526731e-04    2.0576083409e-02    3.1308086711e-02    1.6549959841e-01    0.0000000000e+00    9.9999999993e-01    0.0000000000e+00    8.9588206678e-06    3.1945480225e-07    2.7771628705e-02    1.6227327271e-01    4.4152709909e-04    0.0000000000e+00
 101.5100000    9.1873092151e-06    2.9639206576e-07   -1.1794828598e-04    1.1878330636e-04    2.0589423510e-02    3.1362609961e-02    1.6506543463e-01    0.0000000000e+00    9.9999999993e-01    0.0000000000e+00    8.9802208187e-06    3.1978825317e-07    2.7830002174e-02    1.6207158634e-01    4.4190666330e-04    0.0000000000e+00
 102.0100000    9.2060996934e-06    2.9660308779e-07   -1.1792665891e-04    1.1874431392e-04    2.0605124558e-02    3.1417730630e-02    1.6451170191e-01    0.0000000000e+00    9.9999999993e-01    0.0000000000e+00    9.0016525410e-06    3.1986385662e-07    2.7888412243e-02    1.6143713759e-01    4.4226037151e-04    0.0000000000e+00
 102.5100000    9.2247062184e-06    2.9687859373e-07   -1.1790491041e-04    1.1870392367e-04    2.0621142112e-02    3.1472178298e-02    1.6417968947e-01    0.0000000000e+00    9.9999999993e-01    0.0000000000e+00    9.0229536765e-06    3.2000313926e-07    2.7946371865e-02    1.6104530901e-01    4.4260359984e-04    0.0000000000e+00
 103.0100000    9.2430127134e-06    2.9676176427e-07   -1.1788198186e-04    1.1866831500e-04    2.0634924584e-02    3.1525580465e-02    1.6407227552e-01    0.0000000000e+00    9.9999999993e-01    0.0000000000e+00    9.0441323015e-06    3.2035791694e-07    2.8003926331e-02    1.6116266341e-01    4.4295653873e-04    0.0000000000e+00
 103.5100000    9.2611254775e-06    2.9692505478e-07   -1.1785755482e-04    1.1864094019e-04    2.0649447501e-02    3.1578316203e-02    1.6385070657e-01    0.0000000000e+00    9.9999999993e-01    0.0000000000e+00    9.0653173125e-06    3.2056358855e-07    2.8061488967e-02    1.6094556990e-01    4.4333273903e-04    0.0000000000e+00
 104.0100000    9.2791402288e-06    2.9706162287e-07   -1.1783195459e-04    1.1862067096e-04    2.0666906071e-02    3.1630713419e-02    1.6359118075e-01    0.0000000000e+00    9.9999999993e-01    0.0000000000e+00    9.0864742193e-06    3.2059884044e-07    2.8118954359e-02    1.6063860013e-01    4.4373262481e-04    0.0000000000e+00
 104.5100000    9.2971305948e-06    2.9713088726e-07   -1.1780580408e-04    1.1860255794e-04    2.0681800314e-02    3.1683010539e-02    1.6334625428e-01    0.0000000000e+00    9.9999999993e-01    0.0000000000e+00    9.1075146822e-06    3.2076355920e-07    2.8176038395e-02    1.6043685710e-01    4.4414412909e-04    0.0000000000e+00
 105.0100000    9.3152728885e-06    2.9730004394e-07   -1.1777981983e-04    1.1858081173e-04    2.0696820542e-02    3.1735790480e-02    1.6298321597e-01    0.0000000000e+00    9.9999999993e-01    0.0000000000e+00    9.1284590665e-06    3.2115303284e-07    2.8232789016e-02    1.6017413696e-01    4.4454734939e-04    0.0000000000e+00
 105.5100000    9.3336035932e-06    2.9730843241e-07   -1.1775466000e-04    1.1855204589e-04    2.0714258868e-02    3.1789165414e-02    1.6243274908e-01    0.0000000000e+00    9.9999999993e-01    0.0000000000e+00    9.1494212156e-06    3.2133620543e-07    2.8289547948e-02    1.5970350117e-01    4.4492398923e-04    0.0000000000e+00
 106.0100000    9.3517994633e-06    2.9761144756e-07   -1.1773056343e-04    1.1851674680e-04    2.0730737571e-02    3.1842033755e-02    1.6187460887e-01    0.0000000000e+00    9.9999999993e-01    0.0000000000e+00    9.1703218117e-06    3.2133922078e-07    2.8346068796e-02    1.5900132297e-01    4.4527036927e-04    0.0000000000e+00
 106.5100000    9.3697651629e-06    2.9773481621e-07   -1.1770693885e-04    1.1847845116e-04    2.0743837041e-02    3.1894078137e-02    1.6164460871e-01    0.0000000000e+00    9.9999999993e-01    0.0000000000e+00    9.1910779945e-06    3.2167805793e-07    2.8402101590e-02    1.5887101047e-01    4.4560306740e-04    0.0000000000e+00
 107.0100000    9.3876979150e-06    2.9774513727e-07   -1.1768247485e-04    1.1844167683e-04    2.0759674520e-02    3.1945981387e-02    1.6152450289e-01    0.0000000000e+00    9.9999999993e-01    0.0000000000e+00    9.2118388812e-06    3.2197298028e-07    2.8458117420e-02    1.5887010285e-01    4.4594633653e-04    0.0000000000e+00
 107.5100000    9.4056017560e-06    2.9794534891e-07   -1.1765603178e-04    1.1840990249e-04    2.0776207957e-02    3.1997773144e-02    1.6095955279e-01    0.0000000000e+00    9.9999999993e-01    0.0000000000e+00    9.2325984962e-06    3.2202798921e-07    2.8514111943e-02    1.5823357367e-01    4.4631188163e-04    0.0000000000e+00
 108.0100000    9.4234100810e-06    2.9802782650e-07   -1.1762769651e-04    1.1838415871e-04    2.0789823097e-02    3.2049242565e-02    1.6063243162e-01    0.0000000000e+00    9.9999999993e-01    0.0000000000e+00    9.2532676090e-06    3.2215596132e-07    2.8569823604e-02    1.5792598978e-01    4.4669229950e-04    0.0000000000e+00
 108.5100000    9.4411694921e-06    2.9827665066e-07   -1.1759894732e-04    1.1836237101e-04    2.0805670623e-02    3.2100552747e-02    1.6054639604e-01    0.0000000000e+00    9.9999999993e-01    0.0000000000e+00    9.2738329596e-06    3.2247780060e-07    2.8625215824e-02    1.5786914278e-01    4.4707443834e-04    0.0000000000e+00
 109.0100000    9.4589362594e-06    2.9815757471e-07   -1.1757159053e-04    1.1833987726e-04    2.0823788398e-02    3.2151879510e-02    1.5993433894e-01    0.0000000000e+00    9.9999999993e-01    0.0000000000e+00    9.2944024409e-06    3.2279856137e-07    2.8680607839e-02    1.5746400962e-01    4.4745188834e-04    0.0000000000e+00
 109.5100000    9.4764561598e-06    2.9836128075e-07   -1.1754635622e-04    1.1831156098e-04    2.0840798701e-02    3.2202327722e-02    1.5959344806e-01    0.0000000000e+00    9.9999999993e-01    0.0000000000e+00    9.3149788791e-06    3.2275076183e-07    2.8735979708e-02    1.5700129622e-01    4.4782146683e-04    0.0000000000e+00
 110.0100000    9.4936002685e-06    2.9866367822e-07   -1.1752240836e-04    1.1827497725e-04    2.0855564864e-02    3.2251429222e-02    1.5946686845e-01    0.0000000000e+00    9.9999999993e-01    0.0000000000e+00    9.3353702904e-06    3.2294227113e-07    2.8790711811e-02    1.5682495966e-01    4.4817524011e-04    0.0000000000e+00
 110.5100000    9.5106301342e-06    2.9851638503e-07   -1.1749810781e-04    1.1823246931e-04    2.0869153232e-02    3.2300062203e-02    1.5939335267e-01    0.0000000000e+00    9.9999999993e-01    0.0000000000e+00    9.3557229805e-06    3.2337040620e-07    2.8845246154e-02    1.5700187654e-01    4.4850655857e-04    0.0000000000e+00
 111.0100000    9.5276931273e-06    2.9883664740e-07   -1.1747222204e-04    1.1819031153e-04    2.0884141012e-02    3.2348746005e-02    1.5898637763e-01    0.0000000000e+00    9.9999999993e-01    0.0000000000e+00    9.3760754878e-06    3.2343891826e-07    2.8899718607e-02    1.5647179464e-01    4.4882397345e-04    0.0000000000e+00
 111.5100000    9.5448386571e-06    2.9883800316e-07   -1.1744458378e-04    1.1815493952e-04    2.0898116216e-02    3.2397686398e-02    1.5840984756e-01    0.0000000000e+00    9.9999999993e-01    0.0000000000e+00    9.3963417426e-06    3.2357449479e-07    2.8953898420e-02    1.5595768019e-01    4.4915198763e-04    0.0000000000e+00
 112.0100000    9.5620066746e-06    2.9901549877e-07   -1.1741590533e-04    1.1812873830e-04    2.0912714715e-02    3.2446712626e-02    1.5843223061e-01    0.0000000000e+00    9.9999999993e-01    0.0000000000e+00    9.4165814518e-06    3.2381485748e-07    2.9007999144e-02    1.5599826481e-01    4.4951055764e-04    0.0000000000e+00
 112.5100000    9.5791585512e-06    2.9914027309e-07   -1.1738714163e-04    1.1810839121e-04    2.0930766458e-02    3.2495697482e-02    1.5791165749e-01    0.0000000000e+00    9.9999999993e-01    0.0000000000e+00    9.4367625590e-06    3.2406442103e-07    2.9061925619e-02    1.5555230613e-01    4.4989545472e-04    0.0000000000e+00
 113.0100000    9.5962323012e-06    2.9895482651e-07   -1.1735893531e-04    1.1808692924e-04    2.0947375332e-02    3.2544400393e-02    1.5757713070e-01    0.0000000000e+00    9.9999999993e-01    0.0000000000e+00    9.4569629547e-06    3.2420200954e-07    2.9115890241e-02    1.5536352515e-01    4.5028184993e-04    0.0000000000e+00
 113.5100000    9.6131426369e-06    2.9953474702e-07   -1.1733143892e-04    1.1805803320e-04    2.0961742291e-02    3.2592488357e-02    1.5771970544e-01    0.0000000000e+00    9.9999999993e-01    0.0000000000e+00    9.4770884279e-06    3.2430927075e-07    2.9169563524e-02    1.5527103356e-01    4.5064546894e-04    0.0000000000e+00
 114.0100000    9.6301946265e-06    2.9947039722e-07   -1.1730447711e-04    1.1801980999e-04    2.0976647261e-02    3.2640969536e-02    1.5710592487e-01    0.0000000000e+00    9.9999999993e-01    0.0000000000e+00    9.4970935440e-06    3.2465550262e-07    2.9222783368e-02    1.5485302125e-01    4.5097779149e-04    0.0000000000e+00
 114.5100000    9.6475105150e-06    2.9953918230e-07   -1.1727776105e-04    1.1797578629e-04    2.0992314831e-02    3.2690269832e-02    1.5668134727e-01    0.0000000000e+00    9.9999999993e-01    0.0000000000e+00    9.5171123229e-06    3.2478794553e-07    2.9275973185e-02    1.5444464229e-01    4.5128609577e-04    0.0000000000e+00
 115.0100000    9.6649846409e-06    2.9997692110e-07   -1.1725092358e-04    1.1793261735e-04    2.1007935446e-02    3.2740070551e-02    1.5637138531e-01    0.0000000000e+00    9.9999999993e-01    0.0000000000e+00    9.5370315083e-06    3.2494758252e-07    2.9328820419e-02    1.5399727833e-01    4.5158846842e-04    0.0000000000e+00
 115.5100000    9.6825681830e-06    2.9989303156e-07   -1.1722350041e-04    1.1789599056e-04    2.1023424222e-02    3.2790243797e-02    1.5591165320e-01    0.0000000000e+00    9.9999999993e-01    0.0000000000e+00    9.5569061525e-06    3.2524481235e-07    2.9381528253e-02    1.5371449480e-01    4.5190828156e-04    0.0000000000e+00
 116.0100000    9.7000200809e-06    3.0016075812e-07   -1.1719513629e-04    1.1786730371e-04    2.1042030773e-02    3.2839986774e-02    1.5556623399e-01    0.0000000000e+00    9.9999999993e-01    0.0000000000e+00    9.5767741508e-06    3.2539484776e-07    2.9434224650e-02    1.5331960008e-01    4.5226071341e-04    0.0000000000e+00
 116.5100000    9.7171756462e-06    3.0026466698e-07   -1.1716591690e-04    1.1784311898e-04    2.1059943195e-02    3.2888728451e-02    1.5540764316e-01    0.0000000000e+00    9.9999999993e-01    0.0000000000e+00    9.5965869862e-06    3.2560658957e-07    2.9486747611e-02    1.5320471700e-01    4.5263670624e-04    0.0000000000e+00
 117.0100000    9.7340734366e-06    3.0038597942e-07   -1.1713637607e-04    1.1781751018e-04    2.1075667652e-02    3.2936571552e-02    1.5544647542e-01    0.0000000000e+00    9.9999999993e-01    0.0000000000e+00    9.6163885693e-06    3.2580183067e-07    2.9539206545e-02    1.5326717744e-01    4.5300669365e-04    0.0000000000e+00
 117.5100000    9.7508799385e-06    3.0061793663e-07   -1.1710705982e-04    1.1778566464e-04    2.1092622396e-02    3.2984054734e-02    1.5508231904e-01    0.0000000000e+00    9.9999999993e-01    0.0000000000e+00    9.6361280272e-06    3.2598808779e-07    2.9591423276e-02    1.5288990438e-01    4.5334740259e-04    0.0000000000e+00
 118.0100000    9.7677528727e-06    3.0060520658e-07   -1.1707810952e-04    1.1774656961e-04    2.1108058658e-02    3.3031702562e-02    1.5477615356e-01    0.0000000000e+00    9.9999999993e-01    0.0000000000e+00    9.6558140974e-06    3.2619412237e-07    2.9643417138e-02    1.5267609785e-01    4.5366129093e-04    0.0000000000e+00
 118.5100000    9.7847289288e-06    3.0089062923e-07   -1.1704924940e-04    1.1770331515e-04    2.1122568221e-02    3.3079649060e-02    1.5456488010e-01    0.0000000000e+00    9.9999999993e-01    0.0000000000e+00    9.6754274241e-06    3.2634371299e-07    2.9695138158e-02    1.5239278389e-01    4.5396634152e-04    0.0000000000e+00
 119.0100000    9.8018119525e-06    3.0101380518e-07   -1.1702000774e-04    1.1766096929e-04    2.1137903282e-02    3.3127928136e-02    1.5393382928e-01    0.0000000000e+00    9.9999999993e-01    0.0000000000e+00    9.6949536433e-06    3.2660235025e-07    2.9746561547e-02    1.5182452045e-01    4.5427534976e-04    0.0000000000e+00
 119.5100000    9.8188760064e-06    3.0106337443e-07   -1.1698990208e-04    1.1762346727e-04    2.1154509825e-02    3.3176132963e-02    1.5351579393e-01    0.0000000000e+00    9.9999999993e-01    0.0000000000e+00    9.7144571754e-06    3.2676319864e-07    2.9797901618e-02    1.5146010631e-01    4.5459293285e-04    0.0000000000e+00
 120.0100000    9.8357973162e-06    3.0131243876e-07   -1.1695868061e-04    1.1759154141e-04    2.1170536130e-02    3.3223851019e-02    1.5343048968e-01    0.0000000000e+00    9.9999999993e-01    0.0000000000e+00    9.7338914175e-06    3.2688406016e-07    2.9849020207e-02    1.5131331587e-01    4.5492424392e-04    0.0000000000e+00
 120.5100000    9.8526837075e-06    3.0141709244e-07   -1.1692666214e-04    1.1756280690e-04    2.1185852516e-02    3.3271437542e-02    1.5314950329e-01    0.0000000000e+00    9.9999999993e-01    0.0000000000e+00    9.7532745633e-06    3.2717285372e-07    2.9899965254e-02    1.5110733721e-01    4.5527220817e-04    0.0000000000e+00
 121.0100000    9.8697155406e-06    3.0146586472e-07   -1.1689474743e-04    1.1753349274e-04    2.1202708166e-02    3.3319485310e-02    1.5284293361e-01    0.0000000000e+00    9.9999999993e-01    0.0000000000e+00    9.7726949209e-06    3.2733609541e-07    2.9950993340e-02    1.5085423588e-01    4.5562597088e-04    0.0000000000e+00
 121.5100000    9.8868878143e-06    3.0165489213e-07   -1.1686377869e-04    1.1750046088e-04    2.1219925258e-02    3.3367963022e-02    1.5279437762e-01    0.0000000000e+00    9.9999999993e-01    0.0000000000e+00    9.7921058037e-06    3.2743216686e-07    3.0001948851e-02    1.5076064176e-01    4.5596399329e-04    0.0000000000e+00
 122.0100000    9.9042057225e-06    3.0180648313e-07   -1.1683375510e-04    1.1746253461e-04    2.1236229546e-02    3.3416879717e-02    1.5245173222e-01    0.0000000000e+00    9.9999999993e-01    0.0000000000e+00    9.8114536982e-06    3.2770771653e-07    3.0052660793e-02    1.5046640938e-01    4.5627493099e-04    0.0000000000e+00
 122.5100000    9.9216461947e-06    3.0194033239e-07   -1.1680377928e-04    1.1742087265e-04    2.1254029620e-02    3.3466157384e-02    1.5195373673e-01    0.0000000000e+00    9.9999999993e-01    0.0000000000e+00    9.8307756334e-06    3.2793922577e-07    3.0103242734e-02    1.5000979448e-01    4.5657086736e-04    0.0000000000e+00
 123.0100000    9.9389485038e-06    3.0215410140e-07   -1.1677283611e-04    1.1737840839e-04    2.1272183524e-02    3.3514926728e-02    1.5166134446e-01    0.0000000000e+00    9.9999999993e-01    0.0000000000e+00    9.8500193951e-06    3.2806976131e-07    3.0153543378e-02    1.4968134674e-01    4.5687439015e-04    0.0000000000e+00
 123.5100000    9.9559954328e-06    3.0220682138e-07   -1.1674056760e-04    1.1733844296e-04    2.1289385923e-02    3.3562809937e-02    1.5130736627e-01    0.0000000000e+00    9.9999999993e-01    0.0000000000e+00    9.8691456132e-06    3.2830146338e-07    3.0203457393e-02    1.4940744392e-01    4.5719483003e-04    0.0000000000e+00
 124.0100000    9.9728674097e-06    3.0236881095e-07   -1.1670732176e-04    1.1730285937e-04    2.1306705471e-02    3.3610095331e-02    1.5105713881e-01    0.0000000000e+00    9.9999999993e-01    0.0000000000e+00    9.8882188318e-06    3.2848691643e-07    3.0253197535e-02    1.4916387935e-01    4.5752286980e-04    0.0000000000e+00
 124.5100000    9.9896531115e-06    3.0250925235e-07   -1.1667367007e-04    1.1727095601e-04    2.1324228138e-02    3.3657090062e-02    1.5089435310e-01    0.0000000000e+00    9.9999999993e-01    0.0000000000e+00    9.9072697084e-06    3.2861701776e-07    3.0302865037e-02    1.4899474880e-01    4.5784790749e-04    0.0000000000e+00
 125.0100000    1.0006446230e-05    3.0251754187e-07   -1.1664006409e-04    1.1723979756e-04    2.1341388734e-02    3.3704104696e-02    1.5078581310e-01    0.0000000000e+00    9.9999999993e-01    0.0000000000e+00    9.9263616748e-06    3.2879932887e-07    3.0352649345e-02    1.4896086511e-01    4.5817173680e-04    0.0000000000e+00
 125.5100000    1.0023280818e-05    3.0274506821e-07   -1.1660685034e-04    1.1720593188e-04    2.1357464362e-02    3.3751238308e-02    1.5050712197e-01    0.0000000000e+00    9.9999999993e-01    0.0000000000e+00    9.9454755789e-06    3.2899009522e-07    3.0402477968e-02    1.4866514426e-01    4.5849947185e-04    0.0000000000e+00
 126.0100000    1.0040147879e-05    3.0280214760e-07   -1.1657427794e-04    1.1716725254e-04    2.1373438265e-02    3.3798442687e-02    1.4999970754e-01    0.0000000000e+00    9.9999999993e-01    0.0000000000e+00    9.9645425585e-06    3.2920314296e-07    3.0452124529e-02    1.4822910326e-01    4.5882439496e-04    0.0000000000e+00
 126.5100000    1.0056924622e-05    3.0297090382e-07   -1.1654225145e-04    1.1712388794e-04    2.1390598668e-02    3.3845292875e-02    1.4968693903e-01    0.0000000000e+00    9.9999999993e-01    0.0000000000e+00    9.9835219551e-06    3.2939937896e-07    3.0501454133e-02    1.4792069521e-01    4.5913281123e-04    0.0000000000e+00
 127.0100000    1.0073562290e-05    3.0320842385e-07   -1.1651013732e-04    1.1707800191e-04    2.1407821186e-02    3.3891624035e-02    1.4927235755e-01    0.0000000000e+00    9.9999999993e-01    0.0000000000e+00    1.0002363932e-05    3.2959053232e-07    3.0550313804e-02    1.4747830393e-01    4.5942296365e-04    0.0000000000e+00
 127.5100000    1.0090109311e-05    3.0331597031e-07   -1.1647705520e-04    1.1703291936e-04    2.1425335348e-02    3.3937609954e-02    1.4898578846e-01    0.0000000000e+00    9.9999999993e-01    0.0000000000e+00    1.0021114090e-05    3.2976864873e-07    3.0598852630e-02    1.4722205774e-01    4.5971009877e-04    0.0000000000e+00
 128.0100000    1.0106619743e-05    3.0343503259e-07   -1.1644256398e-04    1.1699173597e-04    2.1442826376e-02    3.3983450981e-02    1.4882567971e-01    0.0000000000e+00    9.9999999993e-01    0.0000000000e+00    1.0039822052e-05    3.2996236606e-07    3.0647238895e-02    1.4709514807e-01    4.6001126003e-04    0.0000000000e+00
 128.5100000    1.0123232553e-05    3.0348288010e-07   -1.1640713561e-04    1.1695563029e-04    2.1460607402e-02    3.4029629811e-02    1.4857820550e-01    0.0000000000e+00    9.9999999993e-01    0.0000000000e+00    1.0058563390e-05    3.3013580745e-07    3.0695717550e-02    1.4689442412e-01    4.6033057583e-04    0.0000000000e+00
 129.0100000    1.0139962280e-05    3.0374611297e-07   -1.1637189543e-04    1.1692280195e-04    2.1477913911e-02    3.4076194890e-02    1.4849756234e-01    0.0000000000e+00    9.9999999993e-01    0.0000000000e+00    1.0077364418e-05    3.3027192742e-07    3.0744368667e-02    1.4675127058e-01    4.6065917122e-04    0.0000000000e+00
 129.5100000    1.0156724990e-05    3.0375291643e-07   -1.1633773043e-04    1.1688911626e-04    2.1494678018e-02    3.4122842304e-02    1.4802154248e-01    0.0000000000e+00    9.9999999993e-01    0.0000000000e+00    1.0096176613e-05    3.3048563713e-07    3.0793024474e-02    1.4637621474e-01    4.6098353123e-04    0.0000000000e+00
 130.0100000    1.0173381452e-05    3.0381441399e-07   -1.1630450126e-04    1.1685045350e-04    2.1511161862e-02    3.4169072266e-02    1.4754400041e-01    0.0000000000e+00    9.9999999993e-01    0.0000000000e+00    1.0114959804e-05    3.3063738780e-07    3.0841533133e-02    1.4592903590e-01    4.6129350203e-04    0.0000000000e+00
 130.5100000    1.0189876545e-05    3.0415519208e-07   -1.1627113279e-04    1.1680541012e-04    2.1527462738e-02    3.4214680803e-02    1.4750334799e-01    0.0000000000e+00    9.9999999993e-01    0.0000000000e+00    1.0133608878e-05    3.3081540212e-07    3.0889557069e-02    1.4580111395e-01    4.6158735594e-04    0.0000000000e+00
 131.0100000    1.0206307626e-05    3.0420949657e-07   -1.1623658313e-04    1.1675655470e-04    2.1544500128e-02    3.4260007401e-02    1.4724231353e-01    0.0000000000e+00    9.9999999993e-01    0.0000000000e+00    1.0152145111e-05    3.3110106906e-07    3.0937172756e-02    1.4564663781e-01    4.6187146708e-04    0.0000000000e+00
 131.5100000    1.0222667738e-05    3.0438283759e-07   -1.1620074949e-04    1.1670911967e-04    2.1563433698e-02    3.4305069024e-02    1.4690486509e-01    0.0000000000e+00    9.9999999993e-01    0.0000000000e+00    1.0170616895e-05    3.3130259286e-07    3.0984563984e-02    1.4532711959e-01    4.6215483861e-04    0.0000000000e+00
 132.0100000    1.0238969664e-05    3.0455567116e-07   -1.1616436820e-04    1.1666757523e-04    2.1583142993e-02    3.4349949467e-02    1.4670570216e-01    0.0000000000e+00    9.9999999993e-01    0.0000000000e+00    1.0189042887e-05    3.3153402485e-07    3.1031824508e-02    1.4514543146e-01    4.6244524486e-04    0.0000000000e+00
 132.5100000    1.0255226832e-05    3.0470416321e-07   -1.1612807634e-04    1.1663598911e-04    2.1601570530e-02    3.4394706704e-02    1.4642636619e-01    0.0000000000e+00    9.9999999993e-01    0.0000000000e+00    1.0207532521e-05    3.3178334598e-07    3.1079298952e-02    1.4489821305e-01    4.6274921641e-04    0.0000000000e+00
 133.0100000    1.0271352127e-05    3.0487286851e-07   -1.1610644854e-04    1.1663876771e-04    2.1619348456e-02    3.4439027312e-02    1.4599690925e-01    0.0000000000e+00    9.9999999993e-01    0.0000000000e+00    1.0226089739e-05    3.3188988061e-07    3.1126979447e-02    1.4444651241e-01    4.6306860959e-04    0.0000000000e+00
 133.5100000    1.0287289148e-05    3.0493056967e-07   -1.1610290968e-04    1.1663770939e-04    2.1635809342e-02    3.4482686241e-02    1.4565241801e-01    0.0000000000e+00    9.9999999993e-01    0.0000000000e+00    1.0244605214e-05    3.3198055230e-07    3.1174500390e-02    1.4411763861e-01    4.6339329820e-04    0.0000000000e+00
 134.0100000    1.0303158649e-05    3.0513739240e-07   -1.1609933310e-04    1.1663000321e-04    2.1650907148e-02    3.4526066113e-02    1.4551597112e-01    0.0000000000e+00    9.9999999993e-01    0.0000000000e+00    1.0262995015e-05    3.3221024487e-07    3.1221586826e-02    1.4397360063e-01    4.6370306110e-04    0.0000000000e+00
 134.5100000    1.0319197023e-05    3.0533949814e-07   -1.1609586496e-04    1.1661736223e-04    2.1666972954e-02    3.4569965601e-02    1.4532333809e-01    0.0000000000e+00    9.9999999993e-01    0.0000000000e+00    1.0281292986e-05    3.3244057932e-07    3.1268348679e-02    1.4377522168e-01    4.6398419616e-04    0.0000000000e+00
 135.0100000    1.0335448393e-05    3.0543761978e-07   -1.1609240081e-04    1.1660423555e-04    2.1685196759e-02    3.4614559280e-02    1.4503201567e-01    0.0000000000e+00    9.9999999993e-01    0.0000000000e+00    1.0299551799e-05    3.3254894767e-07    3.1314971025e-02    1.4348701519e-01    4.6424495671e-04    0.0000000000e+00
 135.5100000    1.0351820704e-05    3.0548807058e-07   -1.1608857251e-04    1.1659425946e-04    2.1704225876e-02    3.4659563002e-02    1.4475691154e-01    0.0000000000e+00    9.9999999993e-01    0.0000000000e+00    1.0317763234e-05    3.3270976179e-07    3.1361451008e-02    1.4326132644e-01    4.6451107098e-04    0.0000000000e+00
 136.0100000    1.0368259861e-05    3.0559467441e-07   -1.1608403683e-04    1.1658806782e-04    2.1722802596e-02    3.4704799133e-02    1.4439613375e-01    0.0000000000e+00    9.9999999993e-01    0.0000000000e+00    1.0335971964e-05    3.3299030571e-07    3.1407927615e-02    1.4296708247e-01    4.6480314337e-04    0.0000000000e+00
 136.5100000    1.0384704576e-05    3.0572853398e-07   -1.1607873738e-04    1.1658386508e-04    2.1742079843e-02    3.4750045533e-02    1.4396873891e-01    0.0000000000e+00    9.9999999993e-01    0.0000000000e+00    1.0354222605e-05    3.3321644472e-07    3.1454520781e-02    1.4257146988e-01    4.6511713878e-04    0.0000000000e+00
 137.0100000    1.0401006046e-05    3.0584920572e-07   -1.1607290059e-04    1.1657943849e-04    2.1760682729e-02    3.4794782085e-02    1.4380367786e-01    0.0000000000e+00    9.9999999993e-01    0.0000000000e+00    1.0372467202e-05    3.3332009259e-07    3.1501064176e-02    1.4239737796e-01    4.6542869842e-04    0.0000000000e+00
 137.5100000    1.0417051916e-05    3.0606306184e-07   -1.1606683696e-04    1.1657347484e-04    2.1777689471e-02    3.4838620826e-02    1.4370344097e-01    0.0000000000e+00    9.9999999993e-01    0.0000000000e+00    1.0390612513e-05    3.3348588757e-07    3.1547263156e-02    1.4227235101e-01    4.6571934160e-04    0.0000000000e+00
 138.0100000    1.0432963578e-05    3.0618991323e-07   -1.1606078723e-04    1.1656558491e-04    2.1795000040e-02    3.4881969890e-02    1.4337917014e-01    0.0000000000e+00    9.9999999993e-01    0.0000000000e+00    1.0408667277e-05    3.3376178810e-07    3.1593146314e-02    1.4200346062e-01    4.6599531130e-04    0.0000000000e+00
 138.5100000    1.0448859064e-05    3.0626613787e-07   -1.1605491625e-04    1.1655594515e-04    2.1813064407e-02    3.4925234150e-02    1.4317812439e-01    0.0000000000e+00    9.9999999993e-01    0.0000000000e+00    1.0426716300e-05    3.3391109783e-07    3.1638980425e-02    1.4182301559e-01    4.6627467094e-04    0.0000000000e+00
 139.0100000    1.0464684319e-05    3.0650351476e-07   -1.1604930061e-04    1.1654519182e-04    2.1831217976e-02    3.4968240775e-02    1.4297279077e-01    0.0000000000e+00    9.9999999993e-01    0.0000000000e+00    1.0444737029e-05    3.3396680207e-07    3.1684703976e-02    1.4153932393e-01    4.6656077992e-04    0.0000000000e+00
 139.5100000    1.0480448592e-05    3.0667362110e-07   -1.1604377094e-04    1.1653427338e-04    2.1849073790e-02    3.5011019494e-02    1.4250668094e-01    0.0000000000e+00    9.9999999993e-01    0.0000000000e+00    1.0462685540e-05    3.3422849206e-07    3.1730182770e-02    1.4111501939e-01    4.6684133260e-04    0.0000000000e+00
 140.0100000    1.0496240467e-05    3.0673655893e-07   -1.1603782400e-04    1.1652404291e-04    2.1866845072e-02    3.5053859301e-02    1.4216070114e-01    0.0000000000e+00    9.9999999993e-01    0.0000000000e+00    1.0480634326e-05    3.3454512158e-07    3.1775630519e-02    1.4086469329e-01    4.6711235229e-04    0.0000000000e+00
 140.5100000    1.0512030067e-05    3.0694682807e-07   -1.1603095795e-04    1.1651493493e-04    2.1885083126e-02    3.5096657503e-02    1.4196971982e-01    0.0000000000e+00    9.9999999993e-01    0.0000000000e+00    1.0498614326e-05    3.3462971940e-07    3.1821138202e-02    1.4061200477e-01    4.6738676168e-04    0.0000000000e+00
 141.0100000    1.0527720855e-05    3.0718383649e-07   -1.1602326663e-04    1.1650690258e-04    2.1902524472e-02    3.5139098291e-02    1.4181359631e-01    0.0000000000e+00    9.9999999993e-01    0.0000000000e+00    1.0516542463e-05    3.3473217531e-07    3.1866459698e-02    1.4040236492e-01    4.6767425834e-04    0.0000000000e+00
 141.5100000    1.0543360769e-05    3.0730200114e-07   -1.1601557133e-04    1.1649935321e-04    2.1919643397e-02    3.5181351717e-02    1.4161377337e-01    0.0000000000e+00    9.9999999993e-01    0.0000000000e+00    1.0534401544e-05    3.3506247017e-07    3.1911552198e-02    1.4028635951e-01    4.6796617928e-04    0.0000000000e+00
 142.0100000    1.0559067480e-05    3.0740599873e-07   -1.1600872932e-04    1.1649107900e-04    2.1938247961e-02    3.5223812562e-02    1.4127463749e-01    0.0000000000e+00    9.9999999993e-01    0.0000000000e+00    1.0552270398e-05    3.3530500104e-07    3.1956656714e-02    1.3999308765e-01    4.6824764735e-04    0.0000000000e+00
 142.5100000    1.0574775290e-05    3.0766016719e-07   -1.1600275103e-04    1.1648062398e-04    2.1957477484e-02    3.5266251221e-02    1.4108026694e-01    0.0000000000e+00    9.9999999993e-01    0.0000000000e+00    1.0570121762e-05    3.3532624969e-07    3.2001681164e-02    1.3969728403e-01    4.6851612450e-04    0.0000000000e+00
 143.0100000    1.0590384286e-05    3.0790791123e-07   -1.1599668898e-04    1.1646722570e-04    2.1975769125e-02    3.5308318591e-02    1.4073199962e-01    0.0000000000e+00    9.9999999993e-01    0.0000000000e+00    1.0587857144e-05    3.3553223217e-07    3.2046312901e-02    1.3933401055e-01    4.6878161453e-04    0.0000000000e+00
 143.5100000    1.0605963624e-05    3.0798467181e-07   -1.1598946474e-04    1.1645172008e-04    2.1994092520e-02    3.5350238181e-02    1.4018124767e-01    0.0000000000e+00    9.9999999993e-01    0.0000000000e+00    1.0605537727e-05    3.3589240276e-07    3.2090730814e-02    1.3889438634e-01    4.6905231479e-04    0.0000000000e+00
 144.0100000    1.0621537115e-05    3.0814609146e-07   -1.1598080715e-04    1.1643648582e-04    2.2013333472e-02    3.5392100155e-02    1.4001913832e-01    0.0000000000e+00    9.9999999993e-01    0.0000000000e+00    1.0623242821e-05    3.3601701124e-07    3.2135184546e-02    1.3870716133e-01    4.6932409461e-04    0.0000000000e+00
 144.5100000    1.0637030272e-05    3.0832370202e-07   -1.1597137295e-04    1.1642403069e-04    2.2031602063e-02    3.5433677750e-02    1.3994248121e-01    0.0000000000e+00    9.9999999993e-01    0.0000000000e+00    1.0640927193e-05    3.3607820514e-07    3.2179556489e-02    1.3858090497e-01    4.6958662684e-04    0.0000000000e+00
 145.0100000    1.0652434320e-05    3.0852435870e-07   -1.1596200411e-04    1.1641503474e-04    2.2049294574e-02    3.5474955959e-02    1.3978607515e-01    0.0000000000e+00    9.9999999993e-01    0.0000000000e+00    1.0658550659e-05    3.3630989069e-07    3.2223738006e-02    1.3843459473e-01    4.6984163221e-04    0.0000000000e+00
 145.5100000    1.0667841971e-05    3.0864536867e-07   -1.1595299983e-04    1.1640757697e-04    2.2067002199e-02    3.5516239232e-02    1.3958121442e-01    0.0000000000e+00    9.9999999993e-01    0.0000000000e+00    1.0676136994e-05    3.3660373733e-07    3.2267797360e-02    1.3829400571e-01    4.7010725592e-04    0.0000000000e+00
 146.0100000    1.0683280101e-05    3.0865636418e-07   -1.1594415399e-04    1.1639848412e-04    2.2085835890e-02    3.5557599076e-02    1.3923984653e-01    0.0000000000e+00    9.9999999993e-01    0.0000000000e+00    1.0693740006e-05    3.3671605813e-07    3.2311880861e-02    1.3799004654e-01    4.7039331668e-04    0.0000000000e+00
 146.5100000    1.0698635416e-05    3.0898095965e-07   -1.1593526075e-04    1.1638564386e-04    2.2104033900e-02    3.5598640768e-02    1.3900565793e-01    0.0000000000e+00    9.9999999993e-01    0.0000000000e+00    1.0711304018e-05    3.3677548107e-07    3.2355803979e-02    1.3764679038e-01    4.7067984085e-04    0.0000000000e+00
 147.0100000    1.0713945521e-05    3.0914673254e-07   -1.1592627125e-04    1.1636923162e-04    2.2121396565e-02    3.5639481770e-02    1.3856445441e-01    0.0000000000e+00    9.9999999993e-01    0.0000000000e+00    1.0728793572e-05    3.3710239278e-07    3.2399452835e-02    1.3727024206e-01    4.7093818031e-04    0.0000000000e+00
 147.5100000    1.0729337056e-05    3.0912599869e-07   -1.1591700643e-04    1.1635120457e-04    2.2140026007e-02    3.5680547663e-02    1.3802998225e-01    0.0000000000e+00    9.9999999993e-01    0.0000000000e+00    1.0746306476e-05    3.3734647318e-07    3.2443126982e-02    1.3683586126e-01    4.7116924013e-04    0.0000000000e+00
 148.0100000    1.0744750275e-05    3.0938630744e-07   -1.1590706933e-04    1.1633401039e-04    2.2158365778e-02    3.5721653486e-02    1.3787522183e-01    0.0000000000e+00    9.9999999993e-01    0.0000000000e+00    1.0763810861e-05    3.3736408140e-07    3.2486742687e-02    1.3657828994e-01    4.7140135148e-04    0.0000000000e+00
 148.5100000    1.0760109091e-05    3.0957255787e-07   -1.1589620856e-04    1.1631940887e-04    2.2176408861e-02    3.5762562139e-02    1.3764811204e-01    0.0000000000e+00    9.9999999993e-01    0.0000000000e+00    1.0781224597e-05    3.3755015915e-07    3.2530066538e-02    1.3635070869e-01    4.7165359827e-04    0.0000000000e+00
 149.0100000    1.0775441807e-05    3.0963300502e-07   -1.1588464448e-04    1.1630766317e-04    2.2195143670e-02    3.5803378203e-02    1.3745001856e-01    0.0000000000e+00    9.9999999993e-01    0.0000000000e+00    1.0798597402e-05    3.3784051033e-07    3.2573258157e-02    1.3623812553e-01    4.7192101937e-04    0.0000000000e+00
 149.5100000    1.0790745386e-05    3.0975298917e-07   -1.1587293186e-04    1.1629740972e-04    2.2214985959e-02    3.5844091932e-02    1.3739819324e-01    0.0000000000e+00    9.9999999993e-01    0.0000000000e+00    1.0815972955e-05    3.3797363337e-07    3.2616449461e-02    1.3618525795e-01    4.7219215635e-04    0.0000000000e+00
 150.0100000    1.0805953720e-05    3.1001299600e-07   -1.1586149244e-04    1.1628646009e-04    2.2234105346e-02    3.5884474126e-02    1.3708991652e-01    0.0000000000e+00    9.9999999993e-01    0.0000000000e+00    1.0833313664e-05    3.3807460021e-07    3.2659518121e-02    1.3581184093e-01    4.7245977864e-04    0.0000000000e+00
 150.5100000    1.0821101466e-05    3.1014257325e-07   -1.1585023154e-04    1.1627300025e-04    2.2252580263e-02    3.5924625749e-02    1.3673132581e-01    0.0000000000e+00    9.9999999993e-01    0.0000000000e+00    1.0850612310e-05    3.3833803022e-07    3.2702429550e-02    1.3550550614e-01    4.7271616812e-04    0.0000000000e+00
 151.0100000    1.0836301937e-05    3.1007637806e-07   -1.1583859452e-04    1.1625633856e-04    2.2271160788e-02    3.5964912794e-02    1.3632252916e-01    0.0000000000e+00    9.9999999993e-01    0.0000000000e+00    1.0867930669e-05    3.3853329363e-07    3.2745360899e-02    1.3519605652e-01    4.7295654109e-04    0.0000000000e+00
 151.5100000    1.0851555946e-05    3.1034237876e-07   -1.1582607994e-04    1.1623708539e-04    2.2288664491e-02    3.6005339385e-02    1.3602450941e-01    0.0000000000e+00    9.9999999993e-01    0.0000000000e+00    1.0885229635e-05    3.3858270803e-07    3.2788195876e-02    1.3480582857e-01    4.7318779897e-04    0.0000000000e+00
 152.0100000    1.0866848151e-05    3.1056342230e-07   -1.1581269929e-04    1.1621704533e-04    2.2306745923e-02    3.6045867774e-02    1.3587643494e-01    0.0000000000e+00    9.9999999993e-01    0.0000000000e+00    1.0902428342e-05    3.3880252592e-07    3.2830703327e-02    1.3465551164e-01    4.7342162968e-04    0.0000000000e+00
 152.5100000    1.0882196848e-05    3.1049377544e-07   -1.1579886198e-04    1.1619857856e-04    2.2325427782e-02    3.6086576109e-02    1.3560064618e-01    0.0000000000e+00    9.9999999993e-01    0.0000000000e+00    1.0919578499e-05    3.3907241162e-07    3.2873055112e-02    1.3451025529e-01    4.7366245171e-04    0.0000000000e+00
 153.0100000    1.0897540453e-05    3.1062294644e-07   -1.1578491618e-04    1.1618319746e-04    2.2344146609e-02    3.6127272114e-02    1.3550908857e-01    0.0000000000e+00    9.9999999993e-01    0.0000000000e+00    1.0936731095e-05    3.3916745108e-07    3.2915415390e-02    1.3439874890e-01    4.7391000615e-04    0.0000000000e+00
 153.5100000    1.0912804493e-05    3.1083688654e-07   -1.1577097531e-04    1.1617026978e-04    2.2364504049e-02    3.6167707592e-02    1.3528679081e-01    0.0000000000e+00    9.9999999993e-01    0.0000000000e+00    1.0953871009e-05    3.3926467550e-07    3.2957737157e-02    1.3413045776e-01    4.7416368910e-04    0.0000000000e+00
 154.0100000    1.0927990652e-05    3.1093416157e-07   -1.1575706653e-04    1.1615716152e-04    2.2384046621e-02    3.6207872359e-02    1.3483792996e-01    0.0000000000e+00    9.9999999993e-01    0.0000000000e+00    1.0970998279e-05    3.3950657400e-07    3.3000006013e-02    1.3373717160e-01    4.7441578803e-04    0.0000000000e+00
 154.5100000    1.0943163725e-05    3.1095560331e-07   -1.1574317382e-04    1.1614093467e-04    2.2403321257e-02    3.6247959198e-02    1.3452350299e-01    0.0000000000e+00    9.9999999993e-01    0.0000000000e+00    1.0988131408e-05    3.3973554518e-07    3.3042257716e-02    1.3349917997e-01    4.7465258813e-04    0.0000000000e+00
 155.0100000    1.0958345832e-05    3.1115201504e-07   -1.1572915844e-04    1.1612030846e-04    2.2422220718e-02    3.6288026386e-02    1.3424547977e-01    0.0000000000e+00    9.9999999993e-01    0.0000000000e+00    1.1005239030e-05    3.3981994375e-07    3.3084384454e-02    1.3317166227e-01    4.7487196258e-04    0.0000000000e+00
 155.5100000    1.0973517773e-05    3.1143884782e-07   -1.1571483341e-04    1.1609652843e-04    2.2440475268e-02    3.6328011977e-02    1.3399995296e-01    0.0000000000e+00    9.9999999993e-01    0.0000000000e+00    1.1022259921e-05    3.3999240035e-07    3.3126203907e-02    1.3287563023e-01    4.7508916180e-04    0.0000000000e+00
 156.0100000    1.0988701876e-05    3.1145039830e-07   -1.1570007963e-04    1.1607265042e-04    2.2458615957e-02    3.6368006802e-02    1.3371016208e-01    0.0000000000e+00    9.9999999993e-01    0.0000000000e+00    1.1039229091e-05    3.4026524028e-07    3.3167836874e-02    1.3268554116e-01    4.7531742083e-04    0.0000000000e+00
 156.5100000    1.1003884165e-05    3.1154945531e-07   -1.1568477786e-04    1.1605163975e-04    2.2476459960e-02    3.6407985596e-02    1.3345605170e-01    0.0000000000e+00    9.9999999993e-01    0.0000000000e+00    1.1056195259e-05    3.4041282682e-07    3.3209448778e-02    1.3244661123e-01    4.7555300127e-04    0.0000000000e+00
 157.0100000    1.1019027663e-05    3.1176391055e-07   -1.1566878894e-04    1.1603444165e-04    2.2496323978e-02    3.6447837397e-02    1.3323023246e-01    0.0000000000e+00    9.9999999993e-01    0.0000000000e+00    1.1073152078e-05    3.4053300977e-07    3.3251030788e-02    1.3218021379e-01    4.7578502917e-04    0.0000000000e+00
 157.5100000    1.1034106431e-05    3.1185891736e-07   -1.1565220086e-04    1.1601939761e-04    2.2516836526e-02    3.6487471902e-02    1.3294095995e-01    0.0000000000e+00    9.9999999993e-01    0.0000000000e+00    1.1090106673e-05    3.4069970987e-07    3.3292599975e-02    1.3191673548e-01    4.7600996663e-04    0.0000000000e+00
 158.0100000    1.1049094588e-05    3.1196994180e-07   -1.1563546115e-04    1.1600344515e-04    2.2535797666e-02    3.6526788637e-02    1.3266160072e-01    0.0000000000e+00    9.9999999993e-01    0.0000000000e+00    1.1107040311e-05    3.4089963101e-07    3.3334086318e-02    1.3166899816e-01    4.7623131992e-04    0.0000000000e+00
 158.5100000    1.1064028815e-05    3.1206618604e-07   -1.1561901350e-04    1.1598410989e-04    2.2555374488e-02    3.6565894618e-02    1.3247967817e-01    0.0000000000e+00    9.9999999993e-01    0.0000000000e+00    1.1123940662e-05    3.4108692859e-07    3.3375439854e-02    1.3151628433e-01    4.7645286565e-04    0.0000000000e+00
 159.0100000    1.1078940151e-05    3.1228227125e-07   -1.1560279673e-04    1.1596086686e-04    2.2574642012e-02    3.6604886625e-02    1.3236493433e-01    0.0000000000e+00    9.9999999993e-01    0.0000000000e+00    1.1140794896e-05    3.4121555212e-07    3.3416616948e-02    1.3136071091e-01    4.7667512007e-04    0.0000000000e+00
 159.5100000    1.1093859222e-05    3.1246749862e-07   -1.1558622591e-04    1.1593520744e-04    2.2593227940e-02    3.6643871094e-02    1.3211811131e-01    0.0000000000e+00    9.9999999993e-01    0.0000000000e+00    1.1157575830e-05    3.4141855189e-07    3.3457541173e-02    1.3111723836e-01    4.7689336857e-04    0.0000000000e+00
 160.0100000    1.1108866392e-05    3.1249145344e-07   -1.1556868409e-04    1.1590961865e-04    2.2611961740e-02    3.6683126469e-02    1.3177464302e-01    0.0000000000e+00    9.9999999993e-01    0.0000000000e+00    1.1174341948e-05    3.4164379785e-07    3.3498400123e-02    1.3084889234e-01    4.7710044568e-04    0.0000000000e+00
 160.5100000    1.1123961225e-05    3.1267114900e-07   -1.1555002849e-04    1.1588612459e-04    2.2630899723e-02    3.6722666610e-02    1.3144850551e-01    0.0000000000e+00    9.9999999993e-01    0.0000000000e+00    1.1191137964e-05    3.4177475068e-07    3.3539341892e-02    1.3049937645e-01    4.7729681593e-04    0.0000000000e+00
 161.0100000    1.1139061107e-05    3.1287761501e-07   -1.1553068918e-04    1.1586521142e-04    2.2650727284e-02    3.6762228828e-02    1.3122066467e-01    0.0000000000e+00    9.9999999993e-01    0.0000000000e+00    1.1207924613e-05    3.4192240026e-07    3.3580257899e-02    1.3024367487e-01    4.7749417562e-04    0.0000000000e+00
 161.5100000    1.1154124932e-05    3.1294228894e-07   -1.1551129889e-04    1.1584571737e-04    2.2670634183e-02    3.6801675375e-02    1.3095689679e-01    0.0000000000e+00    9.9999999993e-01    0.0000000000e+00    1.1224683895e-05    3.4213895733e-07    3.3621092228e-02    1.3003477984e-01    4.7770269879e-04    0.0000000000e+00
 162.0100000    1.1169109564e-05    3.1311197906e-07   -1.1549215289e-04    1.1582558044e-04    2.2689962849e-02    3.6840848768e-02    1.3072623368e-01    0.0000000000e+00    9.9999999993e-01    0.0000000000e+00    1.1241412740e-05    3.4231631315e-07    3.3661821615e-02    1.2980131010e-01    4.7791851884e-04    0.0000000000e+00
 162.5100000    1.1183943822e-05    3.1335833528e-07   -1.1547299468e-04    1.1580288704e-04    2.2709819413e-02    3.6879493810e-02    1.3065718477e-01    0.0000000000e+00    9.9999999993e-01    0.0000000000e+00    1.1258077631e-05    3.4247291862e-07    3.3702326718e-02    1.2969159165e-01    4.7812937902e-04    0.0000000000e+00
 163.0100000    1.1198664809e-05    3.1342642072e-07   -1.1545335286e-04    1.1577681905e-04    2.2729331435e-02    3.6917718546e-02    1.3038617591e-01    0.0000000000e+00    9.9999999993e-01    0.0000000000e+00    1.1274698004e-05    3.4268915539e-07    3.3742652517e-02    1.2947248548e-01    4.7832798067e-04    0.0000000000e+00
 163.5100000    1.1213357763e-05    3.1358609273e-07   -1.1543305040e-04    1.1574822515e-04    2.2748229520e-02    3.6955805063e-02    1.3004733466e-01    0.0000000000e+00    9.9999999993e-01    0.0000000000e+00    1.1291329536e-05    3.4286577910e-07    3.3782966639e-02    1.2913491672e-01    4.7851459949e-04    0.0000000000e+00
 164.0100000    1.1228060147e-05    3.1381931438e-07   -1.1541231459e-04    1.1571935528e-04    2.2766465352e-02    3.6993892156e-02    1.2975720420e-01    0.0000000000e+00    9.9999999993e-01    0.0000000000e+00    1.1307945258e-05    3.4302120569e-07    3.3823202609e-02    1.2881358076e-01    4.7873946895e-04    0.0000000000e+00
 164.5100000    1.1242821382e-05    3.1386022728e-07   -1.1539143426e-04    1.1569254857e-04    2.2785579038e-02    3.7032160119e-02    1.2947511392e-01    0.0000000000e+00    9.9999999993e-01    0.0000000000e+00    1.1324526646e-05    3.4321530066e-07    3.3863321373e-02    1.2858551252e-01    4.7898734288e-04    0.0000000000e+00
 165.0100000    1.1257653012e-05    3.1395871330e-07   -1.1537043993e-04    1.1566862220e-04    2.2804780133e-02    3.7070653737e-02    1.2931625958e-01    0.0000000000e+00    9.9999999993e-01    0.0000000000e+00    1.1341104016e-05    3.4337435144e-07    3.3903419943e-02    1.2844310467e-01    4.7923944464e-04    0.0000000000e+00
 165.5100000    1.1272483825e-05    3.1418743973e-07   -1.1534915375e-04    1.1564626490e-04    2.2823874985e-02    3.7109129686e-02    1.2918293867e-01    0.0000000000e+00    9.9999999993e-01    0.0000000000e+00    1.1357656139e-05    3.4349376766e-07    3.3943426715e-02    1.2826499932e-01    4.7949928656e-04    0.0000000000e+00
 166.0100000    1.1287255757e-05    3.1432614589e-07   -1.1532745706e-04    1.1562299044e-04    2.2843647380e-02    3.7147379665e-02    1.2905111425e-01    0.0000000000e+00    9.9999999993e-01    0.0000000000e+00    1.1374154130e-05    3.4369166352e-07    3.3983239568e-02    1.2815237985e-01    4.7976600590e-04    0.0000000000e+00
 166.5100000    1.1301997471e-05    3.1429958595e-07   -1.1530543110e-04    1.1559686642e-04    2.2863813639e-02    3.7185485137e-02    1.2885195477e-01    0.0000000000e+00    9.9999999993e-01    0.0000000000e+00    1.1390649305e-05    3.4392799680e-07    3.4022999948e-02    1.2804620735e-01    4.8003011889e-04    0.0000000000e+00
 167.0100000    1.1316702848e-05    3.1454264096e-07   -1.1528325308e-04    1.1556767510e-04    2.2883852344e-02    3.7223426652e-02    1.2869548431e-01    0.0000000000e+00    9.9999999993e-01    0.0000000000e+00    1.1407150154e-05    3.4400951373e-07    3.4062733699e-02    1.2782262563e-01    4.8028097514e-04    0.0000000000e+00
 167.5100000    1.1331371452e-05    3.1479867615e-07   -1.1526098826e-04    1.1553678272e-04    2.2903317775e-02    3.7261215888e-02    1.2838176011e-01    0.0000000000e+00    9.9999999993e-01    0.0000000000e+00    1.1423582648e-05    3.4417953058e-07    3.4102231964e-02    1.2747672842e-01    4.8051855326e-04    0.0000000000e+00
 168.0100000    1.1346092827e-05    3.1469420178e-07   -1.1523847194e-04    1.1550604539e-04    2.2923250148e-02    3.7299162344e-02    1.2790503081e-01    0.0000000000e+00    9.9999999993e-01    0.0000000000e+00    1.1440000000e-05    3.4446978764e-07    3.4141667678e-02    1.2714427177e-01    4.8075535772e-04    0.0000000000e+00
 168.5100000    1.1360832803e-05    3.1489068779e-07   -1.1521539139e-04    1.1547664690e-04    2.2943212223e-02    3.7337161015e-02    1.2773826375e-01    0.0000000000e+00    9.9999999993e-01    0.0000000000e+00    1.1456443960e-05    3.4454508079e-07    3.4181171974e-02    1.2692538818e-01    4.8100475502e-04    0.0000000000e+00
 169.0100000    1.1375508522e-05    3.1512050422e-07   -1.1519153180e-04    1.1544856359e-04    2.2962650839e-02    3.7374934764e-02    1.2757520420e-01    0.0000000000e+00    9.9999999993e-01    0.0000000000e+00    1.1472837675e-05    3.4465137501e-07    3.4220511032e-02    1.2671562462e-01    4.8126767468e-04    0.0000000000e+00
 169.5100000    1.1390132033e-05    3.1515405236e-07   -1.1516698592e-04    1.1542079135e-04    2.2982185360e-02    3.7412510115e-02    1.2729322478e-01    0.0000000000e+00    9.9999999993e-01    0.0000000000e+00    1.1489196062e-05    3.4491661118e-07    3.4259717354e-02    1.2651553117e-01    4.8153245555e-04    0.0000000000e+00
 170.0100000    1.1404713234e-05    3.1530957296e-07   -1.1514210762e-04    1.1539207265e-04    2.3001824496e-02    3.7449907994e-02    1.2710641027e-01    0.0000000000e+00    9.9999999993e-01    0.0000000000e+00    1.1505546877e-05    3.4510190240e-07    3.4298862965e-02    1.2633344331e-01    4.8178793667e-04    0.0000000000e+00
 170.5100000    1.1419254794e-05    3.1543407656e-07   -1.1511722709e-04    1.1536171471e-04    2.3021793891e-02    3.7487135631e-02    1.2696269809e-01    0.0000000000e+00    9.9999999993e-01    0.0000000000e+00    1.1521871426e-05    3.4521253967e-07    3.4337890742e-02    1.2618057231e-01    4.8203434677e-04    0.0000000000e+00
 171.0100000    1.1433761923e-05    3.1563632324e-07   -1.1509240247e-04    1.1533002491e-04    2.3041271057e-02    3.7524218253e-02    1.2673215371e-01    0.0000000000e+00    9.9999999993e-01    0.0000000000e+00    1.1538160846e-05    3.4538047051e-07    3.4376781740e-02    1.2593356173e-01    4.8228025473e-04    0.0000000000e+00
 171.5100000    1.1448285630e-05    3.1573936274e-07   -1.1506742326e-04    1.1529800793e-04    2.3060700952e-02    3.7561334172e-02    1.2637779079e-01    0.0000000000e+00    9.9999999993e-01    0.0000000000e+00    1.1554423492e-05    3.4561866566e-07    3.4415571064e-02    1.2562627332e-01    4.8253188761e-04    0.0000000000e+00
 172.0100000    1.1462853402e-05    3.1577082176e-07   -1.1504199042e-04    1.1526648925e-04    2.3081373602e-02    3.7598578164e-02    1.2618062132e-01    0.0000000000e+00    9.9999999993e-01    0.0000000000e+00    1.1570698760e-05    3.4575924746e-07    3.4454380350e-02    1.2546560941e-01    4.8278872142e-04    0.0000000000e+00
 172.5100000    1.1477380415e-05    3.1600667232e-07   -1.1501587074e-04    1.1523542287e-04    2.3101385605e-02    3.7635668332e-02    1.2606771143e-01    0.0000000000e+00    9.9999999993e-01    0.0000000000e+00    1.1586961754e-05    3.4585830764e-07    3.4493131861e-02    1.2529906832e-01    4.8304777380e-04    0.0000000000e+00
 173.0100000    1.1491838662e-05    3.1613957078e-07   -1.1498896509e-04    1.1520406929e-04    2.3120533211e-02    3.7672506039e-02    1.2582445998e-01    0.0000000000e+00    9.9999999993e-01    0.0000000000e+00    1.1603174972e-05    3.4607108291e-07    3.4531707672e-02    1.2508145013e-01    4.8330742893e-04    0.0000000000e+00
 173.5100000    1.1506292431e-05    3.1617651135e-07   -1.1496135000e-04    1.1517186277e-04    2.3140353399e-02    3.7709301834e-02    1.2557805094e-01    0.0000000000e+00    9.9999999993e-01    0.0000000000e+00    1.1619373817e-05    3.4626909982e-07    3.4570213084e-02    1.2488864887e-01    4.8356600948e-04    0.0000000000e+00
 174.0100000    1.1520758134e-05    3.1637172363e-07   -1.1493328534e-04    1.1513901777e-04    2.3160006410e-02    3.7746120940e-02    1.2543584120e-01    0.0000000000e+00    9.9999999993e-01    0.0000000000e+00    1.1635561897e-05    3.4641319705e-07    3.4608669419e-02    1.2472175911e-01    4.8382082478e-04    0.0000000000e+00
 174.5100000    1.1535247144e-05    3.1656056569e-07   -1.1490510733e-04    1.1510617991e-04    2.3179831452e-02    3.7783017184e-02    1.2527448111e-01    0.0000000000e+00    9.9999999993e-01    0.0000000000e+00    1.1651715584e-05    3.4659671164e-07    3.4647021813e-02    1.2455339488e-01    4.8407223886e-04    0.0000000000e+00
 175.0100000    1.1549776292e-05    3.1665468626e-07   -1.1487700789e-04    1.1507349141e-04    2.3200469933e-02    3.7820054741e-02    1.2495780743e-01    0.0000000000e+00    9.9999999993e-01    0.0000000000e+00    1.1667856429e-05    3.4679799715e-07    3.4685342788e-02    1.2427246800e-01    4.8432661355e-04    0.0000000000e+00
 175.5100000    1.1564249782e-05    3.1684095294e-07   -1.1484884531e-04    1.1504013288e-04    2.3221406943e-02    3.7856914106e-02    1.2470918624e-01    0.0000000000e+00    9.9999999993e-01    0.0000000000e+00    1.1683995732e-05    3.4697026105e-07    3.4723660210e-02    1.2401560992e-01    4.8459017132e-04    0.0000000000e+00
 176.0100000    1.1578542906e-05    3.1702599247e-07   -1.1482016694e-04    1.1500492661e-04    2.3241882329e-02    3.7893170738e-02    1.2453878801e-01    0.0000000000e+00    9.9999999993e-01    0.0000000000e+00    1.1700114365e-05    3.4711879002e-07    3.4761901592e-02    1.2382970330e-01    4.8485894594e-04    0.0000000000e+00
 176.5100000    1.1592637787e-05    3.1713496609e-07   -1.1479050040e-04    1.1496745876e-04    2.3261509480e-02    3.7928751775e-02    1.2426739531e-01    0.0000000000e+00    9.9999999993e-01    0.0000000000e+00    1.1716205938e-05    3.4728512427e-07    3.4800034315e-02    1.2357694656e-01    4.8511974392e-04    0.0000000000e+00
 177.0100000    1.1606627038e-05    3.1728545040e-07   -1.1475974241e-04    1.1492863411e-04    2.3279949357e-02    3.7963958330e-02    1.2402186837e-01    0.0000000000e+00    9.9999999993e-01    0.0000000000e+00    1.1732264073e-05    3.4745734223e-07    3.4838037767e-02    1.2333465827e-01    4.8536526140e-04    0.0000000000e+00
 177.5100000    1.1620691261e-05    3.1744928456e-07   -1.1472831132e-04    1.1489014239e-04    2.3298701443e-02    3.7999392304e-02    1.2389971915e-01    0.0000000000e+00    9.9999999993e-01    0.0000000000e+00    1.1748275832e-05    3.4762027701e-07    3.4875884586e-02    1.2320617845e-01    4.8560545426e-04    0.0000000000e+00
 178.0100000    1.1635013224e-05    3.1755874012e-07   -1.1469685566e-04    1.1485329315e-04    2.3318430643e-02    3.8035665717e-02    1.2374437052e-01    0.0000000000e+00    9.9999999993e-01    0.0000000000e+00    1.1764266447e-05    3.4781142396e-07    3.4913664018e-02    1.2307446977e-01    4.8585817199e-04    0.0000000000e+00
 178.5100000    1.1649611822e-05    3.1773939137e-07   -1.1466572066e-04    1.1481810401e-04    2.3338526071e-02    3.8072845799e-02    1.2352369440e-01    0.0000000000e+00    9.9999999993e-01    0.0000000000e+00    1.1780266646e-05    3.4799258742e-07    3.4951472944e-02    1.2284932257e-01    4.8612873881e-04    0.0000000000e+00
 179.0100000    1.1664338136e-05    3.1793118370e-07   -1.1463467085e-04    1.1478323689e-04    2.3359650877e-02    3.8110436485e-02    1.2334774489e-01    0.0000000000e+00    9.9999999993e-01    0.0000000000e+00    1.1796266376e-05    3.4818782508e-07    3.4989272880e-02    1.2266994234e-01    4.8640443989e-04    0.0000000000e+00
 179.5100000    1.1678987211e-05    3.1806721578e-07   -1.1460315027e-04    1.1474681623e-04    2.3381461571e-02    3.8147748837e-02    1.2318243184e-01    0.0000000000e+00    9.9999999993e-01    0.0000000000e+00    1.1812272784e-05    3.4838807436e-07    3.5027066536e-02    1.2252090825e-01    4.8667043793e-04    0.0000000000e+00
 180.0100000    1.1693355841e-05    3.1835736533e-07   -1.1457080706e-04    1.1470765114e-04    2.3402347752e-02    3.8184102564e-02    1.2298246117e-01    0.0000000000e+00    9.9999999993e-01    0.0000000000e+00    1.1828254880e-05    3.4853612276e-07    3.5064745689e-02    1.2226583775e-01    4.8692530553e-04    0.0000000000e+00
 180.5100000    1.1707399481e-05    3.1847506006e-07   -1.1453774249e-04    1.1466605999e-04    2.3422255709e-02    3.8219349765e-02    1.2271298580e-01    0.0000000000e+00    9.9999999993e-01    0.0000000000e+00    1.1844168699e-05    3.4873411846e-07    3.5102177071e-02    1.2202274630e-01    4.8717775024e-04    0.0000000000e+00
 181.0100000    1.1721232582e-05    3.1852124580e-07   -1.1450428433e-04    1.1462366410e-04    2.3441491245e-02    3.8253878340e-02    1.2250811952e-01    0.0000000000e+00    9.9999999993e-01    0.0000000000e+00    1.1860057016e-05    3.4890044561e-07    3.5139500318e-02    1.2185391959e-01    4.8743367557e-04    0.0000000000e+00
 181.5100000    1.1735008071e-05    3.1880072519e-07   -1.1447061908e-04    1.1458227177e-04    2.3460664076e-02    3.8288210686e-02    1.2234198356e-01    0.0000000000e+00    9.9999999993e-01    0.0000000000e+00    1.1875920845e-05    3.4900535923e-07    3.5176740166e-02    1.2162177388e-01    4.8769246173e-04    0.0000000000e+00
 182.0100000    1.1748908437e-05    3.1884451249e-07   -1.1443671052e-04    1.1454269634e-04    2.3480182360e-02    3.8322960352e-02    1.2203473331e-01    0.0000000000e+00    9.9999999993e-01    0.0000000000e+00    1.1891762239e-05    3.4921824451e-07    3.5213920239e-02    1.2137326693e-01    4.8795313034e-04    0.0000000000e+00
 182.5100000    1.1763010648e-05    3.1891480550e-07   -1.1440251435e-04    1.1450429832e-04    2.3499744977e-02    3.8358380358e-02    1.2184528427e-01    0.0000000000e+00    9.9999999993e-01    0.0000000000e+00    1.1907623965e-05    3.4940004365e-07    3.5251169569e-02    1.2121745674e-01    4.8821721374e-04    0.0000000000e+00
 183.0100000    1.1777261713e-05    3.1918371535e-07   -1.1436812413e-04    1.1446537115e-04    2.3519749675e-02    3.8394281707e-02    1.2175507679e-01    0.0000000000e+00    9.9999999993e-01    0.0000000000e+00    1.1923469923e-05    3.4952070351e-07    3.5288366755e-02    1.2107035821e-01    4.8848456836e-04    0.0000000000e+00
 183.5100000    1.1791588659e-05    3.1928297929e-07   -1.1433361832e-04    1.1442402152e-04    2.3541035087e-02    3.8430400920e-02    1.2155226639e-01    0.0000000000e+00    9.9999999993e-01    0.0000000000e+00    1.1939287001e-05    3.4973445499e-07    3.5325449558e-02    1.2090433007e-01    4.8875090300e-04    0.0000000000e+00
 184.0100000    1.1805897663e-05    3.1942327928e-07   -1.1429882236e-04    1.1437919347e-04    2.3562312823e-02    3.8466412247e-02    1.2139802942e-01    0.0000000000e+00    9.9999999993e-01    0.0000000000e+00    1.1955097248e-05    3.4992785418e-07    3.5362464529e-02    1.2076337947e-01    4.8901156135e-04    0.0000000000e+00
 184.5100000    1.1820110509e-05    3.1966363590e-07   -1.1426335876e-04    1.1433146933e-04    2.3582977955e-02    3.8502059174e-02    1.2124859253e-01    0.0000000000e+00    9.9999999993e-01    0.0000000000e+00    1.1970870609e-05    3.5007722230e-07    3.5399320915e-02    1.2057705596e-01    4.8926569502e-04    0.0000000000e+00
 185.0100000    1.1834234230e-05    3.1978695080e-07   -1.1422700765e-04    1.1428307874e-04    2.3603790979e-02    3.8537383142e-02    1.2095873206e-01    0.0000000000e+00    9.9999999993e-01    0.0000000000e+00    1.1986605149e-05    3.5027885294e-07    3.5436029928e-02    1.2031026131e-01    4.8951578877e-04    0.0000000000e+00
 185.5100000    1.1848306923e-05    3.1992918731e-07   -1.1418997787e-04    1.1423672894e-04    2.3624095141e-02    3.8572534064e-02    1.2064139827e-01    0.0000000000e+00    9.9999999993e-01    0.0000000000e+00    1.2002333555e-05    3.5044467486e-07    3.5472711905e-02    1.1999794432e-01    4.8976542892e-04    0.0000000000e+00
 186.0100000    1.1862360063e-05    3.2008869701e-07   -1.1415274320e-04    1.1419376089e-04    2.3644031872e-02    3.8607628268e-02    1.2038433240e-01    0.0000000000e+00    9.9999999993e-01    0.0000000000e+00    1.2018053102e-05    3.5058112440e-07    3.5509371619e-02    1.1972964079e-01    4.9001908677e-04    0.0000000000e+00
 186.5100000    1.1876427061e-05    3.2018667403e-07   -1.1411558541e-04    1.1415299996e-04    2.3663834781e-02    3.8642763545e-02    1.2021216456e-01    0.0000000000e+00    9.9999999993e-01    0.0000000000e+00    1.2033776036e-05    3.5074820585e-07    3.5546035272e-02    1.1957658086e-01    4.9028154196e-04    0.0000000000e+00
 187.0100000    1.1890492479e-05    3.2040282764e-07   -1.1407832309e-04    1.1411540954e-04    2.3683524869e-02    3.8677859177e-02    1.2007519322e-01    0.0000000000e+00    9.9999999993e-01    0.0000000000e+00    1.2049493162e-05    3.5092137328e-07    3.5582647655e-02    1.1941998225e-01    4.9055344805e-04    0.0000000000e+00
 187.5100000    1.1904541187e-05    3.2050373938e-07   -1.1404050507e-04    1.1411548467e-04    2.3703994169e-02    3.8712836744e-02    1.1992988903e-01    0.0000000000e+00    9.9999999993e-01    0.0000000000e+00    1.2065175414e-05    3.5112837820e-07    3.5619096111e-02    1.1930727127e-01    4.9082701144e-04    0.0000000000e+00
 188.0100000    1.1918539823e-05    3.2064859730e-07   -1.1400185920e-04    1.1411125698e-04    2.3724756505e-02    3.8747581379e-02    1.1986668675e-01    0.0000000000e+00    9.9999999993e-01    0.0000000000e+00    1.2080833222e-05    3.5128455166e-07    3.5655405373e-02    1.1924085257e-01    4.9109001101e-04    0.0000000000e+00
 188.5100000    1.1932453600e-05    3.2095072110e-07   -1.1396254928e-04    1.1410549140e-04    2.3745453123e-02    3.8782002155e-02    1.1965070712e-01    0.0000000000e+00    9.9999999993e-01    0.0000000000e+00    1.2096440751e-05    3.5145248621e-07    3.5691519449e-02    1.1897409481e-01    4.9133747057e-04    0.0000000000e+00
 189.0100000    1.1946356098e-05    3.2093804618e-07   -1.1393670049e-04    1.1410160880e-04    2.3766606175e-02    3.8816373045e-02    1.1924354993e-01    0.0000000000e+00    9.9999999993e-01    0.0000000000e+00    1.2112030907e-05    3.5167796393e-07    3.5727567638e-02    1.1864711875e-01    4.9157812572e-04    0.0000000000e+00
 189.5100000    1.1960292356e-05    3.2107391942e-07   -1.1393790597e-04    1.1410128665e-04    2.3787599929e-02    3.8850863577e-02    1.1898512025e-01    0.0000000000e+00    9.9999999993e-01    0.0000000000e+00    1.2127649350e-05    3.5178293346e-07    3.5763706025e-02    1.1837307663e-01    4.9182648408e-04    0.0000000000e+00
 190.0100000    1.1974277296e-05    3.2133230642e-07   -1.1393899087e-04    1.1410340279e-04    2.3808083018e-02    3.8885518565e-02    1.1875716556e-01    0.0000000000e+00    9.9999999993e-01    0.0000000000e+00    1.2143246261e-05    3.5191508829e-07    3.5799784665e-02    1.1809813849e-01    4.9208903147e-04    0.0000000000e+00
 190.5100000    1.1988330836e-05    3.2136729640e-07   -1.1393966699e-04    1.1410493275e-04    2.3828559724e-02    3.8920377521e-02    1.1853945915e-01    0.0000000000e+00    9.9999999993e-01    0.0000000000e+00    1.2158825174e-05    3.5213423218e-07    3.5835791070e-02    1.1794035972e-01    4.9236036249e-04    0.0000000000e+00
 191.0100000    1.2002389092e-05    3.2153126275e-07   -1.1393962687e-04    1.1410308247e-04    2.3849172279e-02    3.8955208053e-02    1.1847188298e-01    0.0000000000e+00    9.9999999993e-01    0.0000000000e+00    1.2174390311e-05    3.5230754048e-07    3.5871714527e-02    1.1787016931e-01    4.9263092018e-04    0.0000000000e+00
 191.5100000    1.2016392808e-05    3.2169502962e-07   -1.1393887078e-04    1.1409718813e-04    2.3869654914e-02    3.8989812904e-02    1.1839185781e-01    0.0000000000e+00    9.9999999993e-01    0.0000000000e+00    1.2189928819e-05    3.5246475794e-07    3.5907512389e-02    1.1778242651e-01    4.9289420981e-04    0.0000000000e+00
 192.0100000    1.2030316346e-05    3.2187338963e-07   -1.1393768515e-04    1.1408909573e-04    2.3890009533e-02    3.9024127833e-02    1.1817836655e-01    0.0000000000e+00    9.9999999993e-01    0.0000000000e+00    1.2205444716e-05    3.5262355855e-07    3.5943213727e-02    1.1755890487e-01    4.9314743636e-04    0.0000000000e+00
 192.5100000    1.2044201364e-05    3.2197475096e-07   -1.1393630115e-04    1.1408175862e-04    2.3910771828e-02    3.9058316035e-02    1.1780997547e-01    0.0000000000e+00    9.9999999993e-01    0.0000000000e+00    1.2220931914e-05    3.5282526467e-07    3.5978826563e-02    1.1722162066e-01    4.9339162602e-04    0.0000000000e+00
 193.0100000    1.2058121572e-05    3.2202510042e-07   -1.1393460488e-04    1.1407706943e-04    2.3931796764e-02    3.9092633271e-02    1.1748547431e-01    0.0000000000e+00    9.9999999993e-01    0.0000000000e+00    1.2236427903e-05    3.5297531039e-07    3.6014476894e-02    1.1692697652e-01    4.9363400187e-04    0.0000000000e+00
 193.5100000    1.2072073501e-05    3.2229874341e-07   -1.1393221408e-04    1.1407454065e-04    2.3952494317e-02    3.9127063016e-02    1.1723244945e-01    0.0000000000e+00    9.9999999993e-01    0.0000000000e+00    1.2251914085e-05    3.5309274240e-07    3.6050105263e-02    1.1661758119e-01    4.9388545105e-04    0.0000000000e+00
 194.0100000    1.2086060961e-05    3.2234204743e-07   -1.1392886459e-04    1.1407180662e-04    2.3973330017e-02    3.9161596887e-02    1.1694315948e-01    0.0000000000e+00    9.9999999993e-01    0.0000000000e+00    1.2267376157e-05    3.5330498902e-07    3.6085650674e-02    1.1638264499e-01    4.9415070154e-04    0.0000000000e+00
 194.5100000    1.2100029119e-05    3.2242610453e-07   -1.1392472538e-04    1.1406649901e-04    2.3994777593e-02    3.9196038695e-02    1.1687385040e-01    0.0000000000e+00    9.9999999993e-01    0.0000000000e+00    1.2282848070e-05    3.5345959950e-07    3.6121195629e-02    1.1633221660e-01    4.9442217435e-04    0.0000000000e+00
 195.0100000    1.2113900591e-05    3.2271584713e-07   -1.1392030139e-04    1.1405800254e-04    2.4015409197e-02    3.9230136073e-02    1.1686552733e-01    0.0000000000e+00    9.9999999993e-01    0.0000000000e+00    1.2298285161e-05    3.5361915124e-07    3.6156606936e-02    1.1627438806e-01    4.9468673648e-04    0.0000000000e+00
 195.5100000    1.2127712313e-05    3.2274713425e-07   -1.1391598335e-04    1.1404775773e-04    2.4036093839e-02    3.9264023020e-02    1.1665694012e-01    0.0000000000e+00    9.9999999993e-01    0.0000000000e+00    1.2313693498e-05    3.5383266762e-07    3.6191915709e-02    1.1612347808e-01    4.9493815893e-04    0.0000000000e+00
 196.0100000    1.2141473152e-05    3.2288962682e-07   -1.1391168122e-04    1.1403796637e-04    2.4056998042e-02    3.9297747210e-02    1.1645550651e-01    0.0000000000e+00    9.9999999993e-01    0.0000000000e+00    1.2329096049e-05    3.5394974105e-07    3.6227206805e-02    1.1590926769e-01    4.9518127632e-04    0.0000000000e+00
 196.5100000    1.2155208901e-05    3.2307558649e-07   -1.1390691525e-04    1.1402979722e-04    2.4077551202e-02    3.9331400229e-02    1.1620187663e-01    0.0000000000e+00    9.9999999993e-01    0.0000000000e+00    1.2344461572e-05    3.5409049645e-07    3.6262396090e-02    1.1563698199e-01    4.9542538205e-04    0.0000000000e+00
 197.0100000    1.2169013004e-05    3.2313959518e-07   -1.1390127253e-04    1.1402251522e-04    2.4098241277e-02    3.9365275891e-02    1.1587495146e-01    0.0000000000e+00    9.9999999993e-01    0.0000000000e+00    1.2359817836e-05    3.5429320378e-07    3.6297557661e-02    1.1535323416e-01    4.9567623262e-04    0.0000000000e+00
 197.5100000    1.2182911583e-05    3.2331308126e-07   -1.1389476709e-04    1.1401416606e-04    2.4119521310e-02    3.9399440114e-02    1.1560863265e-01    0.0000000000e+00    9.9999999993e-01    0.0000000000e+00    1.2375181381e-05    3.5445686322e-07    3.6332723217e-02    1.1507895445e-01    4.9593374697e-04    0.0000000000e+00
 198.0100000    1.2196852107e-05    3.2343474216e-07   -1.1388777188e-04    1.1400321495e-04    2.4141306099e-02    3.9433709334e-02    1.1542658473e-01    0.0000000000e+00    9.9999999993e-01    0.0000000000e+00    1.2390537596e-05    3.5460580310e-07    3.6367837241e-02    1.1490273108e-01    4.9619385380e-04    0.0000000000e+00
 198.5100000    1.2210743247e-05    3.2357728703e-07   -1.1388065037e-04    1.1398982012e-04    2.4162671066e-02    3.9467789685e-02    1.1530693236e-01    0.0000000000e+00    9.9999999993e-01    0.0000000000e+00    1.2405876969e-05    3.5478086240e-07    3.6402872785e-02    1.1478988131e-01    4.9645077799e-04    0.0000000000e+00
 199.0100000    1.2224545485e-05    3.2371864985e-07   -1.1387348459e-04    1.1397571945e-04    2.4183693019e-02    3.9501568972e-02    1.1513776827e-01    0.0000000000e+00    9.9999999993e-01    0.0000000000e+00    1.2421191074e-05    3.5495965622e-07    3.6437819196e-02    1.1462876937e-01    4.9669959006e-04    0.0000000000e+00
 199.5100000    1.2238262228e-05    3.2383452182e-07   -1.1386611715e-04    1.1396279184e-04    2.4204780021e-02    3.9535074998e-02    1.1497222842e-01    0.0000000000e+00    9.9999999993e-01    0.0000000000e+00    1.2436486788e-05    3.5509696846e-07    3.6472711975e-02    1.1446629792e-01    4.9693966915e-04    0.0000000000e+00
 200.0100000    1.2251923416e-05    3.2398165156e-07   -1.1385836084e-04    1.1395144076e-04    2.4225262337e-02    3.9568408754e-02    1.1477140959e-01    0.0000000000e+00    9.9999999993e-01    0.0000000000e+00    1.2451759298e-05    3.5524335773e-07    3.6507540978e-02    1.1426163547e-01    4.9717641759e-04    0.0000000000e+00
