# downsampled to dt=0.5 from the every-step stream
# time min_lapse min_chi max_abs_K min_lapse_x min_lapse_y min_lapse_z max_ah_r min_theta_plus r_at_min_theta_plus min_phi max_phi min_Pi max_Pi pump_work
   0.0100000    1.0001789492e+00    1.0000000794e+00    7.6027775877e-06    6.3750000000e+01    6.3750000000e+01    6.3750000000e+01    0.0000000000e+00                 nan    0.0000000000e+00    0.0000000000e+00    0.0000000000e+00    0.0000000000e+00    0.0000000000e+00    0.0000000000e+00
   0.5100000    1.0002203940e+00    1.0000672329e+00    4.2312485209e-05    6.3750000000e+01    6.3750000000e+01    6.3750000000e+01    0.0000000000e+00                 nan    0.0000000000e+00    0.0000000000e+00    0.0000000000e+00    0.0000000000e+00    0.0000000000e+00    0.0000000000e+00
   1.0100000    1.0002426568e+00    1.0001285318e+00    5.8309719475e-05    2.5000000000e-01    6.2750000000e+01    6.3750000000e+01    0.0000000000e+00                 nan    0.0000000000e+00    0.0000000000e+00    0.0000000000e+00    0.0000000000e+00    0.0000000000e+00    0.0000000000e+00
   1.5100000    1.0002395135e+00    1.0001215967e+00    6.1329628027e-05    1.7500000000e+00    6.2750000000e+01    1.7500000000e+00    0.0000000000e+00                 nan    0.0000000000e+00    0.0000000000e+00    0.0000000000e+00    0.0000000000e+00    0.0000000000e+00    0.0000000000e+00
   2.0100000    1.0002329445e+00    1.0001100817e+00    6.0409008682e-05    1.7500000000e+00    6.2750000000e+01    1.7500000000e+00    0.0000000000e+00                 nan    0.0000000000e+00    0.0000000000e+00    0.0000000000e+00    0.0000000000e+00    0.0000000000e+00    0.0000000000e+00
   2.5100000    1.0002280804e+00    1.0000957247e+00    5.8385405519e-05    1.7500000000e+00    6.2750000000e+01    1.7500000000e+00    0.0000000000e+00                 nan    0.0000000000e+00    0.0000000000e+00    0.0000000000e+00    0.0000000000e+00    0.0000000000e+00    0.0000000000e+00
   3.0100000    1.0002253117e+00    1.0000881707e+00    1.5556399524e-04    1.7500000000e+00    6.2750000000e+01    1.7500000000e+00    0.0000000000e+00                 nan    0.0000000000e+00    0.0000000000e+00    0.0000000000e+00    0.0000000000e+00    0.0000000000e+00    0.0000000000e+00
   3.5100000    1.0002245564e+00    1.0000890493e+00    1.5280779804e-04    1.7500000000e+00    6.2750000000e+01    1.7500000000e+00    0.0000000000e+00                 nan    0.0000000000e+00    0.0000000000e+00    0.0000000000e+00    0.0000000000e+00    0.0000000000e+00    0.0000000000e+00
   4.0100000    1.0002217522e+00    1.0000943292e+00    1.6966373497e-04    1.7500000000e+00    6.3250000000e+01    6.2250000000e+01    0.0000000000e+00                 nan    0.0000000000e+00    0.0000000000e+00    0.0000000000e+00    0.0000000000e+00    0.0000000000e+00    0.0000000000e+00
   4.5100000    1.0002199837e+00    1.0000928840e+00    7.9175353003e-05    1.2500000000e+00    6.3750000000e+01    1.2500000000e+00    0.0000000000e+00                 nan    0.0000000000e+00    0.0000000000e+00    0.0000000000e+00    0.0000000000e+00    0.0000000000e+00    0.0000000000e+00
   5.0100000    1.0002170524e+00    1.0000928944e+00    6.5943065698e-05    1.2500000000e+00    6.3750000000e+01    1.2500000000e+00    0.0000000000e+00                 nan    0.0000000000e+00    0.0000000000e+00    0.0000000000e+00    0.0000000000e+00    0.0000000000e+00    0.0000000000e+00
   5.5100000    1.0002164757e+00    1.0000934990e+00    3.3398776796e-05    1.2500000000e+00    6.3750000000e+01    6.2750000000e+01    0.0000000000e+00                 nan    0.0000000000e+00    0.0000000000e+00    0.0000000000e+00    0.0000000000e+00    0.0000000000e+00    0.0000000000e+00
   6.0100000    1.0002175897e+00    1.0001007410e+00    3.3682831429e-05    1.2500000000e+00    6.3750000000e+01    6.2750000000e+01    0.0000000000e+00                 nan    0.0000000000e+00    0.0000000000e+00    0.0000000000e+00    0.0000000000e+00    0.0000000000e+00    0.0000000000e+00
   6.5100000    1.0002196703e+00    1.0001079448e+00    2.9289914134e-05    1.2500000000e+00    6.3750000000e+01    6.2750000000e+01    0.0000000000e+00                 nan    0.0000000000e+00    0.0000000000e+00    0.0000000000e+00    0.0000000000e+00    0.0000000000e+00    0.0000000000e+00
   7.0100000    1.0002220982e+00    1.0001153619e+00    3.1267179976e-05    1.2500000000e+00    6.3750000000e+01    6.2750000000e+01    0.0000000000e+00                 nan    0.0000000000e+00    0.0000000000e+00    0.0000000000e+00    0.0000000000e+00    0.0000000000e+00    0.0000000000e+00
   7.5100000    1.0002244332e+00    1.0001226937e+00    3.4822755861e-05    1.2500000000e+00    6.3750000000e+01    1.2500000000e+00    0.0000000000e+00                 nan    0.0000000000e+00    0.0000000000e+00    0.0000000000e+00    0.0000000000e+00    0.0000000000e+00    0.0000000000e+00
   8.0100000    1.0002264105e+00    1.0001293591e+00    3.9515237646e-05    1.2500000000e+00    6.3750000000e+01    1.2500000000e+00    0.0000000000e+00                 nan    0.0000000000e+00    0.0000000000e+00    0.0000000000e+00    0.0000000000e+00    0.0000000000e+00    0.0000000000e+00
   8.5100000    1.0002278689e+00    1.0001350237e+00    4.3226444230e-05    7.5000000000e-01    6.3750000000e+01    7.5000000000e-01    0.0000000000e+00                 nan    0.0000000000e+00    0.0000000000e+00    0.0000000000e+00    0.0000000000e+00    0.0000000000e+00    0.0000000000e+00
   9.0100000    1.0002284760e+00    1.0001395761e+00    4.3935325249e-05    7.5000000000e-01    6.3750000000e+01    7.5000000000e-01    0.0000000000e+00                 nan    0.0000000000e+00    0.0000000000e+00    0.0000000000e+00    0.0000000000e+00    0.0000000000e+00    0.0000000000e+00
   9.5100000    1.0002287115e+00    1.0001429566e+00    4.1508789494e-05    7.5000000000e-01    6.3750000000e+01    7.5000000000e-01    0.0000000000e+00                 nan    0.0000000000e+00    0.0000000000e+00    0.0000000000e+00    0.0000000000e+00    0.0000000000e+00    0.0000000000e+00
  10.0100000    1.0002286154e+00    1.0001453812e+00    3.7542064750e-05    7.5000000000e-01    6.3750000000e+01    7.5000000000e-01    0.0000000000e+00                 nan    0.0000000000e+00    0.0000000000e+00    0.0000000000e+00    0.0000000000e+00    0.0000000000e+00    0.0000000000e+00
  10.5100000    1.0002282522e+00    1.0001472724e+00    3.4445905473e-05    7.5000000000e-01    6.3750000000e+01    7.5000000000e-01    0.0000000000e+00                 nan    0.0000000000e+00    0.0000000000e+00    0.0000000000e+00    0.0000000000e+00    0.0000000000e+00    0.0000000000e+00
  11.0100000    1.0002276991e+00    1.0001487865e+00    3.4240572343e-05    7.5000000000e-01    6.3750000000e+01    7.5000000000e-01    0.0000000000e+00                 nan    0.0000000000e+00    0.0000000000e+00    0.0000000000e+00    0.0000000000e+00    0.0000000000e+00    0.0000000000e+00
  11.5100000    1.0002270296e+00    1.0001500663e+00    3.7367699588e-05    7.5000000000e-01    6.3750000000e+01    7.5000000000e-01    0.0000000000e+00                 nan    0.0000000000e+00    0.0000000000e+00    0.0000000000e+00    0.0000000000e+00    0.0000000000e+00    0.0000000000e+00
  12.0100000    1.0002263012e+00    1.0001512235e+00    4.2349144256e-05    7.5000000000e-01    6.3750000000e+01    7.5000000000e-01    0.0000000000e+00                 nan    0.0000000000e+00    0.0000000000e+00    0.0000000000e+00    0.0000000000e+00    0.0000000000e+00    0.0000000000e+00
  12.5100000    1.0002255070e+00    1.0001523303e+00    4.6664430164e-05    2.5000000000e-01    6.3750000000e+01    2.5000000000e-01    0.0000000000e+00                 nan    0.0000000000e+00    0.0000000000e+00    0.0000000000e+00    0.0000000000e+00    0.0000000000e+00    0.0000000000e+00
  13.0100000    1.0002246824e+00    1.0001533891e+00    4.8251528375e-05    2.5000000000e-01    6.3750000000e+01    2.5000000000e-01    0.0000000000e+00                 nan    0.0000000000e+00    0.0000000000e+00    0.0000000000e+00    0.0000000000e+00    0.0000000000e+00    0.0000000000e+00
  13.5100000    1.0002238641e+00    1.0001544605e+00    4.6658555398e-05    2.5000000000e-01    6.3750000000e+01    2.5000000000e-01    0.0000000000e+00                 nan    0.0000000000e+00    0.0000000000e+00    0.0000000000e+00    0.0000000000e+00    0.0000000000e+00    0.0000000000e+00
  14.0100000    1.0002230493e+00    1.0001554967e+00    4.3255697296e-05    2.5000000000e-01    6.3750000000e+01    2.5000000000e-01    0.0000000000e+00                 nan    0.0000000000e+00    0.0000000000e+00    0.0000000000e+00    0.0000000000e+00    0.0000000000e+00    0.0000000000e+00
  14.5100000    1.0002222355e+00    1.0001564096e+00    4.0422884540e-05    2.5000000000e-01    6.3750000000e+01    2.5000000000e-01    0.0000000000e+00                 nan    0.0000000000e+00    0.0000000000e+00    0.0000000000e+00    0.0000000000e+00    0.0000000000e+00    0.0000000000e+00
  15.0100000    1.0002214200e+00    1.0001573361e+00    4.0163744041e-05    2.5000000000e-01    6.3750000000e+01    2.5000000000e-01    0.0000000000e+00                 nan    0.0000000000e+00    0.0000000000e+00    0.0000000000e+00    0.0000000000e+00    0.0000000000e+00    0.0000000000e+00
  15.5100000    1.0002205984e+00    1.0001582685e+00    4.2816857717e-05    2.5000000000e-01    6.3750000000e+01    2.5000000000e-01    0.0000000000e+00                 nan    0.0000000000e+00    0.0000000000e+00    0.0000000000e+00    0.0000000000e+00    0.0000000000e+00    0.0000000000e+00
  16.0100000    1.0002197646e+00    1.0001591961e+00    4.6980840399e-05    2.5000000000e-01    6.3750000000e+01    2.5000000000e-01    0.0000000000e+00                 nan    0.0000000000e+00    0.0000000000e+00    0.0000000000e+00    0.0000000000e+00    0.0000000000e+00    0.0000000000e+00
  16.5100000    1.0002189128e+00    1.0001601083e+00    5.0448285146e-05    2.5000000000e-01    6.3750000000e+01    2.5000000000e-01    0.0000000000e+00                 nan    0.0000000000e+00    0.0000000000e+00    0.0000000000e+00    0.0000000000e+00    0.0000000000e+00    0.0000000000e+00
  17.0100000    1.0002180402e+00    1.0001609990e+00    5.2082522095e-05    2.5000000000e-01    6.3750000000e+01    2.5000000000e-01    0.0000000000e+00                 nan    0.0000000000e+00    0.0000000000e+00    0.0000000000e+00    0.0000000000e+00    0.0000000000e+00    0.0000000000e+00
  17.5100000    1.0002171480e+00    1.0001618678e+00    5.0954243633e-05    2.5000000000e-01    6.3750000000e+01    2.5000000000e-01    0.0000000000e+00                 nan    0.0000000000e+00    0.0000000000e+00    0.0000000000e+00    0.0000000000e+00    0.0000000000e+00    0.0000000000e+00
  18.0100000    1.0002162397e+00    1.0001627172e+00    4.7692167018e-05    2.5000000000e-01    6.3750000000e+01    2.5000000000e-01    0.0000000000e+00                 nan    0.0000000000e+00    0.0000000000e+00    0.0000000000e+00    0.0000000000e+00    0.0000000000e+00    0.0000000000e+00
  18.5100000    1.0002153188e+00    1.0001635502e+00    4.4085293550e-05    2.5000000000e-01    6.3750000000e+01    2.5000000000e-01    0.0000000000e+00                 nan    0.0000000000e+00    0.0000000000e+00    0.0000000000e+00    0.0000000000e+00    0.0000000000e+00    0.0000000000e+00
  19.0100000    1.0002143883e+00    1.0001643685e+00    4.1711375777e-05    2.5000000000e-01    6.3750000000e+01    2.5000000000e-01    0.0000000000e+00                 nan    0.0000000000e+00    0.0000000000e+00    0.0000000000e+00    0.0000000000e+00    0.0000000000e+00    0.0000000000e+00
  19.5100000    1.0002134501e+00    1.0001651735e+00    4.2823354485e-05    2.5000000000e-01    6.3750000000e+01    2.5000000000e-01    0.0000000000e+00                 nan    0.0000000000e+00    0.0000000000e+00    0.0000000000e+00    0.0000000000e+00    0.0000000000e+00    0.0000000000e+00
  20.0100000    1.0002125056e+00    1.0001659670e+00    4.8080242210e-05    2.5000000000e-01    6.3750000000e+01    2.5000000000e-01    0.0000000000e+00                 nan    0.0000000000e+00    0.0000000000e+00    0.0000000000e+00    0.0000000000e+00    0.0000000000e+00    0.0000000000e+00
  20.5100000    1.0002115560e+00    1.0001667508e+00    5.3625517329e-05    2.5000000000e-01    6.3750000000e+01    2.5000000000e-01    0.0000000000e+00                 nan    0.0000000000e+00    0.0000000000e+00    0.0000000000e+00    0.0000000000e+00    0.0000000000e+00    0.0000000000e+00
  21.0100000    1.0002106021e+00    1.0001675258e+00    5.7298034083e-05    2.5000000000e-01    6.3750000000e+01    2.5000000000e-01    0.0000000000e+00                 nan    0.0000000000e+00    0.0000000000e+00    0.0000000000e+00    0.0000000000e+00    0.0000000000e+00    0.0000000000e+00
  21.5100000    1.0002096439e+00    1.0001682922e+00    5.8597272619e-05    2.5000000000e-01    6.3750000000e+01    2.5000000000e-01    0.0000000000e+00                 nan    0.0000000000e+00    0.0000000000e+00    0.0000000000e+00    0.0000000000e+00    0.0000000000e+00    0.0000000000e+00
  22.0100000    1.0002086809e+00    1.0001690498e+00    5.7286163569e-05    2.5000000000e-01    6.3750000000e+01    2.5000000000e-01    0.0000000000e+00                 nan    0.0000000000e+00    0.0000000000e+00    0.0000000000e+00    0.0000000000e+00    0.0000000000e+00    0.0000000000e+00
  22.5100000    1.0002077132e+00    1.0001697988e+00    5.4093560721e-05    2.5000000000e-01    6.3750000000e+01    2.5000000000e-01    0.0000000000e+00                 nan    0.0000000000e+00    0.0000000000e+00    0.0000000000e+00    0.0000000000e+00    0.0000000000e+00    0.0000000000e+00
  23.0100000    1.0002067415e+00    1.0001705403e+00    5.1826177283e-05    2.5000000000e-01    6.3750000000e+01    2.5000000000e-01    0.0000000000e+00                 nan    0.0000000000e+00    0.0000000000e+00    0.0000000000e+00    0.0000000000e+00    0.0000000000e+00    0.0000000000e+00
  23.5100000    1.0002057674e+00    1.0001712755e+00    5.3459712883e-05    2.5000000000e-01    6.3750000000e+01    2.5000000000e-01    0.0000000000e+00                 nan    0.0000000000e+00    0.0000000000e+00    0.0000000000e+00    0.0000000000e+00    0.0000000000e+00    0.0000000000e+00
  24.0100000    1.0002047922e+00    1.0001720055e+00    5.7883782216e-05    2.5000000000e-01    6.3750000000e+01    2.5000000000e-01    0.0000000000e+00                 nan    0.0000000000e+00    0.0000000000e+00    0.0000000000e+00    0.0000000000e+00    0.0000000000e+00    0.0000000000e+00
  24.5100000    1.0002038167e+00    1.0001727309e+00    6.2182528082e-05    2.5000000000e-01    6.3750000000e+01    2.5000000000e-01    0.0000000000e+00                 nan    0.0000000000e+00    0.0000000000e+00    0.0000000000e+00    0.0000000000e+00    0.0000000000e+00    0.0000000000e+00
  25.0100000    1.0002028413e+00    1.0001734520e+00    6.4210538755e-05    2.5000000000e-01    6.3750000000e+01    2.5000000000e-01    0.0000000000e+00                 nan    0.0000000000e+00    0.0000000000e+00    0.0000000000e+00    0.0000000000e+00    0.0000000000e+00    0.0000000000e+00
  25.5100000    1.0002018663e+00    1.0001741684e+00    6.3574860660e-05    2.5000000000e-01    6.3750000000e+01    2.5000000000e-01    0.0000000000e+00                 nan    0.0000000000e+00    0.0000000000e+00    0.0000000000e+00    0.0000000000e+00    0.0000000000e+00    0.0000000000e+00
  26.0100000    1.0002008922e+00    1.0001748805e+00    6.1420680725e-05    2.5000000000e-01    6.3750000000e+01    2.5000000000e-01    0.0000000000e+00                 nan    0.0000000000e+00    0.0000000000e+00    0.0000000000e+00    0.0000000000e+00    0.0000000000e+00    0.0000000000e+00
  26.5100000    1.0001999194e+00    1.0001755884e+00    5.9625229737e-05    2.5000000000e-01    6.3750000000e+01    2.5000000000e-01    0.0000000000e+00                 nan    0.0000000000e+00    0.0000000000e+00    0.0000000000e+00    0.0000000000e+00    0.0000000000e+00    0.0000000000e+00
  27.0100000    1.0001989480e+00    1.0001762924e+00    5.9514207597e-05    2.5000000000e-01    6.3750000000e+01    2.5000000000e-01    0.0000000000e+00                 nan    0.0000000000e+00    0.0000000000e+00    0.0000000000e+00    0.0000000000e+00    0.0000000000e+00    0.0000000000e+00
  27.5100000    1.0001979777e+00    1.0001769925e+00    6.1043957692e-05    2.5000000000e-01    6.3750000000e+01    2.5000000000e-01    0.0000000000e+00                 nan    0.0000000000e+00    0.0000000000e+00    0.0000000000e+00    0.0000000000e+00    0.0000000000e+00    0.0000000000e+00
  28.0100000    1.0001970083e+00    1.0001776880e+00    6.3198550844e-05    2.5000000000e-01    6.3750000000e+01    2.5000000000e-01    0.0000000000e+00                 nan    0.0000000000e+00    0.0000000000e+00    0.0000000000e+00    0.0000000000e+00    0.0000000000e+00    0.0000000000e+00
  28.5100000    1.0001960398e+00    1.0001783782e+00    6.4466229248e-05    2.5000000000e-01    6.3750000000e+01    2.5000000000e-01    0.0000000000e+00                 nan    0.0000000000e+00    0.0000000000e+00    0.0000000000e+00    0.0000000000e+00    0.0000000000e+00    0.0000000000e+00
  29.0100000    1.0001950723e+00    1.0001790625e+00    6.4280163281e-05    2.5000000000e-01    6.3750000000e+01    2.5000000000e-01    0.0000000000e+00                 nan    0.0000000000e+00    0.0000000000e+00    0.0000000000e+00    0.0000000000e+00    0.0000000000e+00    0.0000000000e+00
  29.5100000    1.0001941060e+00    1.0001797405e+00    6.2979524149e-05    2.5000000000e-01    6.3750000000e+01    2.5000000000e-01    0.0000000000e+00                 nan    0.0000000000e+00    0.0000000000e+00    0.0000000000e+00    0.0000000000e+00    0.0000000000e+00    0.0000000000e+00
  30.0100000    1.0001931409e+00    1.0001804124e+00    6.0867270468e-05    2.5000000000e-01    6.3750000000e+01    2.5000000000e-01    0.0000000000e+00                 nan    0.0000000000e+00    0.0000000000e+00    0.0000000000e+00    0.0000000000e+00    0.0000000000e+00    0.0000000000e+00
  30.5100000    1.0001921768e+00    1.0001810781e+00    5.8842545343e-05    2.5000000000e-01    6.3750000000e+01    2.5000000000e-01    0.0000000000e+00                 nan    0.0000000000e+00    0.0000000000e+00    0.0000000000e+00    0.0000000000e+00    0.0000000000e+00    0.0000000000e+00
  31.0100000    1.0001912138e+00    1.0001817378e+00    5.7700543581e-05    2.5000000000e-01    6.3750000000e+01    2.5000000000e-01    0.0000000000e+00                 nan    0.0000000000e+00    0.0000000000e+00    0.0000000000e+00    0.0000000000e+00    0.0000000000e+00    0.0000000000e+00
  31.5100000    1.0001902517e+00    1.0001823916e+00    5.8068332788e-05    2.5000000000e-01    6.3750000000e+01    2.5000000000e-01    0.0000000000e+00                 nan    0.0000000000e+00    0.0000000000e+00    0.0000000000e+00    0.0000000000e+00    0.0000000000e+00    0.0000000000e+00
  32.0100000    1.0001892907e+00    1.0001830395e+00    5.9517743192e-05    2.5000000000e-01    6.3750000000e+01    2.5000000000e-01    0.0000000000e+00                 nan    0.0000000000e+00    0.0000000000e+00    0.0000000000e+00    0.0000000000e+00    0.0000000000e+00    0.0000000000e+00
  32.5100000    1.0001883312e+00    1.0001836816e+00    6.0555764658e-05    2.5000000000e-01    6.3750000000e+01    2.5000000000e-01    0.0000000000e+00                 nan    0.0000000000e+00    0.0000000000e+00    0.0000000000e+00    0.0000000000e+00    0.0000000000e+00    0.0000000000e+00
  33.0100000    1.0001873735e+00    1.0001843180e+00    5.9894990808e-05    2.5000000000e-01    6.3750000000e+01    2.5000000000e-01    0.0000000000e+00                 nan    0.0000000000e+00    0.0000000000e+00    0.0000000000e+00    0.0000000000e+00    0.0000000000e+00    0.0000000000e+00
  33.5100000    1.0001864180e+00    1.0001849488e+00    5.7741917801e-05    2.5000000000e-01    6.3750000000e+01    2.5000000000e-01    0.0000000000e+00                 nan    0.0000000000e+00    0.0000000000e+00    0.0000000000e+00    0.0000000000e+00    0.0000000000e+00    0.0000000000e+00
  34.0100000    1.0001854654e+00    1.0001855742e+00    5.5121120399e-05    2.5000000000e-01    6.3750000000e+01    2.5000000000e-01    0.0000000000e+00                 nan    0.0000000000e+00    0.0000000000e+00    0.0000000000e+00    0.0000000000e+00    0.0000000000e+00    0.0000000000e+00
  34.5100000    1.0001845155e+00    1.0001861949e+00    5.3251439353e-05    2.5000000000e-01    6.3750000000e+01    2.5000000000e-01    0.0000000000e+00                 nan    0.0000000000e+00    0.0000000000e+00    0.0000000000e+00    0.0000000000e+00    0.0000000000e+00    0.0000000000e+00
  35.0100000    1.0001835690e+00    1.0001868109e+00    5.2734759560e-05    2.5000000000e-01    6.3750000000e+01    2.5000000000e-01    0.0000000000e+00                 nan    0.0000000000e+00    0.0000000000e+00    0.0000000000e+00    0.0000000000e+00    0.0000000000e+00    0.0000000000e+00
  35.5100000    1.0001826310e+00    1.0001874201e+00    5.3465436796e-05    2.5000000000e-01    6.3750000000e+01    2.5000000000e-01    0.0000000000e+00                 nan    0.0000000000e+00    0.0000000000e+00    0.0000000000e+00    0.0000000000e+00    0.0000000000e+00    0.0000000000e+00
  36.0100000    1.0001816993e+00    1.0001880243e+00    5.4819058033e-05    2.5000000000e-01    6.3750000000e+01    2.5000000000e-01    0.0000000000e+00                 nan    0.0000000000e+00    0.0000000000e+00    0.0000000000e+00    0.0000000000e+00    0.0000000000e+00    0.0000000000e+00
  36.5100000    1.0001807566e+00    1.0001886331e+00    5.5838457335e-05    2.5000000000e-01    6.3750000000e+01    2.5000000000e-01    0.0000000000e+00                 nan    0.0000000000e+00    0.0000000000e+00    0.0000000000e+00    0.0000000000e+00    0.0000000000e+00    0.0000000000e+00
  37.0100000    1.0001798154e+00    1.0001892386e+00    5.5718074242e-05    2.5000000000e-01    6.3750000000e+01    2.5000000000e-01    0.0000000000e+00                 nan    0.0000000000e+00    0.0000000000e+00    0.0000000000e+00    0.0000000000e+00    0.0000000000e+00    0.0000000000e+00
  37.5100000    1.0001789719e+00    1.0001897868e+00    5.4466300422e-05    2.5000000000e-01    6.3750000000e+01    2.5000000000e-01    0.0000000000e+00                 nan    0.0000000000e+00    0.0000000000e+00    0.0000000000e+00    0.0000000000e+00    0.0000000000e+00    0.0000000000e+00
  38.0100000    1.0001783290e+00    1.0001902213e+00    5.3123708874e-05    2.5000000000e-01    6.3750000000e+01    2.5000000000e-01    0.0000000000e+00                 nan    0.0000000000e+00    0.0000000000e+00    0.0000000000e+00    0.0000000000e+00    0.0000000000e+00    0.0000000000e+00
  38.5100000    1.0001778211e+00    1.0001905824e+00    5.2761867973e-05    2.5000000000e-01    6.3750000000e+01    2.5000000000e-01    0.0000000000e+00                 nan    0.0000000000e+00    0.0000000000e+00    0.0000000000e+00    0.0000000000e+00    0.0000000000e+00    0.0000000000e+00
  39.0100000    1.0001772079e+00    1.0001910084e+00    5.3391238455e-05    2.5000000000e-01    6.3750000000e+01    2.5000000000e-01    0.0000000000e+00                 nan    0.0000000000e+00    0.0000000000e+00    0.0000000000e+00    0.0000000000e+00    0.0000000000e+00    0.0000000000e+00
  39.5100000    1.0001763292e+00    1.0001915925e+00    5.4327321542e-05    2.5000000000e-01    6.3750000000e+01    2.5000000000e-01    0.0000000000e+00                 nan    0.0000000000e+00    0.0000000000e+00    0.0000000000e+00    0.0000000000e+00    0.0000000000e+00    0.0000000000e+00
  40.0100000    1.0001752938e+00    1.0001922735e+00    5.5106766413e-05    2.5000000000e-01    6.3750000000e+01    2.5000000000e-01    0.0000000000e+00                 nan    0.0000000000e+00    0.0000000000e+00    0.0000000000e+00    0.0000000000e+00    0.0000000000e+00    0.0000000000e+00
  40.5100000    1.0001743337e+00    1.0001929135e+00    5.5509156515e-05    2.5000000000e-01    6.3750000000e+01    2.5000000000e-01    0.0000000000e+00                 nan    0.0000000000e+00    0.0000000000e+00    0.0000000000e+00    0.0000000000e+00    0.0000000000e+00    0.0000000000e+00
  41.0100000    1.0001735375e+00    1.0001934509e+00    5.5571679130e-05    2.5000000000e-01    6.3750000000e+01    2.5000000000e-01    0.0000000000e+00                 nan    0.0000000000e+00    0.0000000000e+00    0.0000000000e+00    0.0000000000e+00    0.0000000000e+00    0.0000000000e+00
  41.5100000    1.0001728199e+00    1.0001939279e+00    5.5425687868e-05    2.5000000000e-01    6.3750000000e+01    2.5000000000e-01    0.0000000000e+00                 nan    0.0000000000e+00    0.0000000000e+00    0.0000000000e+00    0.0000000000e+00    0.0000000000e+00    0.0000000000e+00
  42.0100000    1.0001720893e+00    1.0001944023e+00    5.5070880726e-05    2.5000000000e-01    6.3750000000e+01    2.5000000000e-01    0.0000000000e+00                 nan    0.0000000000e+00    0.0000000000e+00    0.0000000000e+00    0.0000000000e+00    0.0000000000e+00    0.0000000000e+00
  42.5100000    1.0001713297e+00    1.0001948942e+00    5.4770247000e-05    2.5000000000e-01    6.3750000000e+01    2.5000000000e-01    0.0000000000e+00                 nan    0.0000000000e+00    0.0000000000e+00    0.0000000000e+00    0.0000000000e+00    0.0000000000e+00    0.0000000000e+00
  43.0100000    1.0001705386e+00    1.0001954099e+00    5.4954830058e-05    2.5000000000e-01    6.3750000000e+01    2.5000000000e-01    0.0000000000e+00                 nan    0.0000000000e+00    0.0000000000e+00    0.0000000000e+00    0.0000000000e+00    0.0000000000e+00    0.0000000000e+00
  43.5100000    1.0001696878e+00    1.0001959622e+00    5.5592309587e-05    2.5000000000e-01    6.3750000000e+01    2.5000000000e-01    0.0000000000e+00                 nan    0.0000000000e+00    0.0000000000e+00    0.0000000000e+00    0.0000000000e+00    0.0000000000e+00    0.0000000000e+00
  44.0100000    1.0001687833e+00    1.0001965423e+00    5.6278016584e-05    2.5000000000e-01    6.3750000000e+01    2.5000000000e-01    0.0000000000e+00                 nan    0.0000000000e+00    0.0000000000e+00    0.0000000000e+00    0.0000000000e+00    0.0000000000e+00    0.0000000000e+00
  44.5100000    1.0001679290e+00    1.0001970882e+00    5.6631936060e-05    2.5000000000e-01    6.3750000000e+01    2.5000000000e-01    0.0000000000e+00                 nan    0.0000000000e+00    0.0000000000e+00    0.0000000000e+00    0.0000000000e+00    0.0000000000e+00    0.0000000000e+00
  45.0100000    1.0001672791e+00    1.0001975127e+00    5.6747442463e-05    2.5000000000e-01    6.3750000000e+01    2.5000000000e-01    0.0000000000e+00                 nan    0.0000000000e+00    0.0000000000e+00    0.0000000000e+00    0.0000000000e+00    0.0000000000e+00    0.0000000000e+00
  45.5100000    1.0001668734e+00    1.0001977968e+00    5.6996527962e-05    2.5000000000e-01    6.3750000000e+01    2.5000000000e-01    0.0000000000e+00                 nan    0.0000000000e+00    0.0000000000e+00    0.0000000000e+00    0.0000000000e+00    0.0000000000e+00    0.0000000000e+00
  46.0100000    1.0001665264e+00    1.0001980519e+00    5.7226705811e-05    2.5000000000e-01    6.3750000000e+01    2.5000000000e-01    0.0000000000e+00                 nan    0.0000000000e+00    0.0000000000e+00    0.0000000000e+00    0.0000000000e+00    0.0000000000e+00    0.0000000000e+00
  46.5100000    1.0001659622e+00    1.0001984415e+00    5.7143637639e-05    2.5000000000e-01    6.3750000000e+01    2.5000000000e-01    0.0000000000e+00                 nan    0.0000000000e+00    0.0000000000e+00    0.0000000000e+00    0.0000000000e+00    0.0000000000e+00    0.0000000000e+00
  47.0100000    1.0001650964e+00    1.0001990164e+00    5.6817203693e-05    2.5000000000e-01    6.3750000000e+01    2.5000000000e-01    0.0000000000e+00                 nan    0.0000000000e+00    0.0000000000e+00    0.0000000000e+00    0.0000000000e+00    0.0000000000e+00    0.0000000000e+00
  47.5100000    1.0001641217e+00    1.0001996621e+00    5.6517054084e-05    2.5000000000e-01    6.3750000000e+01    2.5000000000e-01    0.0000000000e+00                 nan    0.0000000000e+00    0.0000000000e+00    0.0000000000e+00    0.0000000000e+00    0.0000000000e+00    0.0000000000e+00
  48.0100000    1.0001632735e+00    1.0002002309e+00    5.6772856424e-05    2.5000000000e-01    6.3750000000e+01    2.5000000000e-01    0.0000000000e+00                 nan    0.0000000000e+00    0.0000000000e+00    0.0000000000e+00    0.0000000000e+00    0.0000000000e+00    0.0000000000e+00
  48.5100000    1.0001625822e+00    1.0002006930e+00    5.7700631655e-05    2.5000000000e-01    6.3750000000e+01    2.5000000000e-01    0.0000000000e+00                 nan    0.0000000000e+00    0.0000000000e+00    0.0000000000e+00    0.0000000000e+00    0.0000000000e+00    0.0000000000e+00
  49.0100000    1.0001619080e+00    1.0002011293e+00    5.8573250073e-05    2.5000000000e-01    6.3750000000e+01    2.5000000000e-01    0.0000000000e+00                 nan    0.0000000000e+00    0.0000000000e+00    0.0000000000e+00    0.0000000000e+00    0.0000000000e+00    0.0000000000e+00
  49.5100000    1.0001611510e+00    1.0002016127e+00    5.8684592043e-05    2.5000000000e-01    6.3750000000e+01    2.5000000000e-01    0.0000000000e+00                 nan    0.0000000000e+00    0.0000000000e+00    0.0000000000e+00    0.0000000000e+00    0.0000000000e+00    0.0000000000e+00
  50.0100000    1.0001603441e+00    1.0002021397e+00    5.8067297931e-05    2.5000000000e-01    6.3750000000e+01    2.5000000000e-01    0.0000000000e+00                 nan    0.0000000000e+00    0.0000000000e+00    0.0000000000e+00    0.0000000000e+00    0.0000000000e+00    0.0000000000e+00
  50.5100000    1.0001595605e+00    1.0002026678e+00    5.7551513154e-05    2.5000000000e-01    6.3750000000e+01    2.5000000000e-01    0.0000000000e+00                 nan    0.0000000000e+00    0.0000000000e+00    0.0000000000e+00    0.0000000000e+00    0.0000000000e+00    0.0000000000e+00
  51.0100000    1.0001588116e+00    1.0002031739e+00    5.7350091070e-05    2.5000000000e-01    6.3750000000e+01    2.5000000000e-01    0.0000000000e+00                 nan    0.0000000000e+00    0.0000000000e+00    0.0000000000e+00    0.0000000000e+00    0.0000000000e+00    0.0000000000e+00
  51.5100000    1.0001580558e+00    1.0002036654e+00    5.7453783237e-05    2.5000000000e-01    6.3750000000e+01    2.5000000000e-01    0.0000000000e+00                 nan    0.0000000000e+00    0.0000000000e+00    0.0000000000e+00    0.0000000000e+00    0.0000000000e+00    0.0000000000e+00
  52.0100000    1.0001572615e+00    1.0002041570e+00    5.7643359212e-05    2.5000000000e-01    6.3750000000e+01    2.5000000000e-01    0.0000000000e+00                 nan    0.0000000000e+00    0.0000000000e+00    0.0000000000e+00    0.0000000000e+00    0.0000000000e+00    0.0000000000e+00
  52.5100000    1.0001564333e+00    1.0002046566e+00    5.8049699156e-05    2.5000000000e-01    6.3750000000e+01    2.5000000000e-01    0.0000000000e+00                 nan    0.0000000000e+00    0.0000000000e+00    0.0000000000e+00    0.0000000000e+00    0.0000000000e+00    0.0000000000e+00
  53.0100000    1.0001555903e+00    1.0002051686e+00    5.9161768693e-05    2.5000000000e-01    6.3750000000e+01    2.5000000000e-01    0.0000000000e+00                 nan    0.0000000000e+00    0.0000000000e+00    0.0000000000e+00    0.0000000000e+00    0.0000000000e+00    0.0000000000e+00
  53.5100000    1.0001547433e+00    1.0002056959e+00    5.9992848856e-05    2.5000000000e-01    6.3750000000e+01    2.5000000000e-01    0.0000000000e+00                 nan    0.0000000000e+00    0.0000000000e+00    0.0000000000e+00    0.0000000000e+00    0.0000000000e+00    0.0000000000e+00
  54.0100000    1.0001538936e+00    1.0002062362e+00    5.9634453177e-05    2.5000000000e-01    6.3750000000e+01    2.5000000000e-01    0.0000000000e+00                 nan    0.0000000000e+00    0.0000000000e+00    0.0000000000e+00    0.0000000000e+00    0.0000000000e+00    0.0000000000e+00
  54.5100000    1.0001530410e+00    1.0002067799e+00    5.8555292386e-05    2.5000000000e-01    6.3750000000e+01    2.5000000000e-01    0.0000000000e+00                 nan    0.0000000000e+00    0.0000000000e+00    0.0000000000e+00    0.0000000000e+00    0.0000000000e+00    0.0000000000e+00
  55.0100000    1.0001521859e+00    1.0002073164e+00    5.7843999599e-05    2.5000000000e-01    6.3750000000e+01    2.5000000000e-01    0.0000000000e+00                 nan    0.0000000000e+00    0.0000000000e+00    0.0000000000e+00    0.0000000000e+00    0.0000000000e+00    0.0000000000e+00
  55.5100000    1.0001513174e+00    1.0002078405e+00    5.8174336072e-05    2.5000000000e-01    6.3750000000e+01    6.3750000000e+01    0.0000000000e+00                 nan    0.0000000000e+00    0.0000000000e+00    0.0000000000e+00    0.0000000000e+00    0.0000000000e+00    0.0000000000e+00
  56.0100000    1.0001504391e+00    1.0002083544e+00    5.8962718535e-05    2.5000000000e-01    6.3750000000e+01    6.3750000000e+01    0.0000000000e+00                 nan    0.0000000000e+00    0.0000000000e+00    0.0000000000e+00    0.0000000000e+00    0.0000000000e+00    0.0000000000e+00
  56.5100000    1.0001495637e+00    1.0002088634e+00    5.9213390554e-05    2.5000000000e-01    6.3750000000e+01    6.3750000000e+01    0.0000000000e+00                 nan    0.0000000000e+00    0.0000000000e+00    0.0000000000e+00    0.0000000000e+00    0.0000000000e+00    0.0000000000e+00
  57.0100000    1.0001486871e+00    1.0002093714e+00    5.9034033862e-05    2.5000000000e-01    6.3750000000e+01    6.3750000000e+01    0.0000000000e+00                 nan    0.0000000000e+00    0.0000000000e+00    0.0000000000e+00    0.0000000000e+00    0.0000000000e+00    0.0000000000e+00
  57.5100000    1.0001478097e+00    1.0002098788e+00    5.9173989406e-05    2.5000000000e-01    6.3750000000e+01    6.3750000000e+01    0.0000000000e+00                 nan    0.0000000000e+00    0.0000000000e+00    0.0000000000e+00    0.0000000000e+00    0.0000000000e+00    0.0000000000e+00
  58.0100000    1.0001469276e+00    1.0002103847e+00    5.9658007068e-05    2.5000000000e-01    6.3750000000e+01    2.5000000000e-01    0.0000000000e+00                 nan    0.0000000000e+00    0.0000000000e+00    0.0000000000e+00    0.0000000000e+00    0.0000000000e+00    0.0000000000e+00
  58.5100000    1.0001460461e+00    1.0002108882e+00    5.9872619790e-05    2.5000000000e-01    6.3750000000e+01    2.5000000000e-01    0.0000000000e+00                 nan    0.0000000000e+00    0.0000000000e+00    0.0000000000e+00    0.0000000000e+00    0.0000000000e+00    0.0000000000e+00
  59.0100000    1.0001451731e+00    1.0002113894e+00    5.9217202836e-05    2.5000000000e-01    6.3750000000e+01    2.5000000000e-01    0.0000000000e+00                 nan    0.0000000000e+00    0.0000000000e+00    0.0000000000e+00    0.0000000000e+00    0.0000000000e+00    0.0000000000e+00
  59.5100000    1.0001443103e+00    1.0002118889e+00    5.8197496167e-05    2.5000000000e-01    6.3750000000e+01    2.5000000000e-01    0.0000000000e+00                 nan    0.0000000000e+00    0.0000000000e+00    0.0000000000e+00    0.0000000000e+00    0.0000000000e+00    0.0000000000e+00
  60.0100000    1.0001434465e+00    1.0002123869e+00    5.8325000194e-05    2.5000000000e-01    6.3750000000e+01    6.3750000000e+01    0.0000000000e+00                 nan    0.0000000000e+00    0.0000000000e+00    0.0000000000e+00    0.0000000000e+00    0.0000000000e+00    0.0000000000e+00
  60.5100000    1.0001425788e+00    1.0002128831e+00    5.9773645085e-05    2.5000000000e-01    6.3750000000e+01    6.3750000000e+01    0.0000000000e+00                 nan    0.0000000000e+00    0.0000000000e+00    0.0000000000e+00    0.0000000000e+00    0.0000000000e+00    0.0000000000e+00
  61.0100000    1.0001417155e+00    1.0002133762e+00    6.0849164987e-05    2.5000000000e-01    6.3750000000e+01    6.3750000000e+01    0.0000000000e+00                 nan    0.0000000000e+00    0.0000000000e+00    0.0000000000e+00    0.0000000000e+00    0.0000000000e+00    0.0000000000e+00
  61.5100000    1.0001408584e+00    1.0002138652e+00    6.0389173894e-05    2.5000000000e-01    6.3750000000e+01    6.3750000000e+01    0.0000000000e+00                 nan    0.0000000000e+00    0.0000000000e+00    0.0000000000e+00    0.0000000000e+00    0.0000000000e+00    0.0000000000e+00
  62.0100000    1.0001400083e+00    1.0002143496e+00    5.8971609596e-05    2.5000000000e-01    6.3750000000e+01    6.3750000000e+01    0.0000000000e+00                 nan    0.0000000000e+00    0.0000000000e+00    0.0000000000e+00    0.0000000000e+00    0.0000000000e+00    0.0000000000e+00
  62.5100000    1.0001391658e+00    1.0002148294e+00    5.8375604819e-05    2.5000000000e-01    6.3750000000e+01    6.3750000000e+01    0.0000000000e+00                 nan    0.0000000000e+00    0.0000000000e+00    0.0000000000e+00    0.0000000000e+00    0.0000000000e+00    0.0000000000e+00
  63.0100000    1.0001383340e+00    1.0002153031e+00    5.9209875892e-05    2.5000000000e-01    6.3750000000e+01    6.3750000000e+01    0.0000000000e+00                 nan    0.0000000000e+00    0.0000000000e+00    0.0000000000e+00    0.0000000000e+00    0.0000000000e+00    0.0000000000e+00
  63.5100000    1.0001375199e+00    1.0002157670e+00    5.9984634841e-05    2.5000000000e-01    6.3750000000e+01    6.3750000000e+01    0.0000000000e+00                 nan    0.0000000000e+00    0.0000000000e+00    0.0000000000e+00    0.0000000000e+00    0.0000000000e+00    0.0000000000e+00
  64.0100000    1.0001367325e+00    1.0002162165e+00    5.9477227119e-05    2.5000000000e-01    6.3750000000e+01    6.3750000000e+01    0.0000000000e+00                 nan    0.0000000000e+00    0.0000000000e+00    0.0000000000e+00    0.0000000000e+00    0.0000000000e+00    0.0000000000e+00
  64.5100000    1.0001359782e+00    1.0002166482e+00    5.8792553912e-05    2.5000000000e-01    6.3750000000e+01    6.3750000000e+01    0.0000000000e+00                 nan    0.0000000000e+00    0.0000000000e+00    0.0000000000e+00    0.0000000000e+00    0.0000000000e+00    0.0000000000e+00
  65.0100000    1.0001352555e+00    1.0002170635e+00    5.8785986322e-05    2.5000000000e-01    6.3750000000e+01    6.3750000000e+01    0.0000000000e+00                 nan    0.0000000000e+00    0.0000000000e+00    0.0000000000e+00    0.0000000000e+00    0.0000000000e+00    0.0000000000e+00
  65.5100000    1.0001345527e+00    1.0002174699e+00    5.9504495868e-05    2.5000000000e-01    6.3750000000e+01    6.3750000000e+01    0.0000000000e+00                 nan    0.0000000000e+00    0.0000000000e+00    0.0000000000e+00    0.0000000000e+00    0.0000000000e+00    0.0000000000e+00
  66.0100000    1.0001338537e+00    1.0002178772e+00    6.0227243230e-05    2.5000000000e-01    6.3750000000e+01    6.3750000000e+01    0.0000000000e+00                 nan    0.0000000000e+00    0.0000000000e+00    0.0000000000e+00    0.0000000000e+00    0.0000000000e+00    0.0000000000e+00
  66.5100000    1.0001331502e+00    1.0002182908e+00    6.0684746754e-05    2.5000000000e-01    6.3750000000e+01    6.3750000000e+01    0.0000000000e+00                 nan    0.0000000000e+00    0.0000000000e+00    0.0000000000e+00    0.0000000000e+00    0.0000000000e+00    0.0000000000e+00
  67.0100000    1.0001324506e+00    1.0002187057e+00    6.0575430644e-05    2.5000000000e-01    6.3750000000e+01    6.3750000000e+01    0.0000000000e+00                 nan    0.0000000000e+00    0.0000000000e+00    0.0000000000e+00    0.0000000000e+00    0.0000000000e+00    0.0000000000e+00
  67.5100000    1.0001317768e+00    1.0002191087e+00    6.0173842160e-05    2.5000000000e-01    6.3750000000e+01    6.3750000000e+01    0.0000000000e+00                 nan    0.0000000000e+00    0.0000000000e+00    0.0000000000e+00    0.0000000000e+00    0.0000000000e+00    0.0000000000e+00
  68.0100000    1.0001311349e+00    1.0002194876e+00    5.9942596467e-05    2.5000000000e-01    6.3750000000e+01    2.5000000000e-01    0.0000000000e+00                 nan    0.0000000000e+00    0.0000000000e+00    0.0000000000e+00    0.0000000000e+00    0.0000000000e+00    0.0000000000e+00
  68.5100000    1.0001305283e+00    1.0002198388e+00    6.0031983598e-05    2.5000000000e-01    6.3750000000e+01    2.5000000000e-01    0.0000000000e+00                 nan    0.0000000000e+00    0.0000000000e+00    0.0000000000e+00    0.0000000000e+00    0.0000000000e+00    0.0000000000e+00
  69.0100000    1.0001299586e+00    1.0002201687e+00    6.0874719332e-05    2.5000000000e-01    6.3750000000e+01    2.5000000000e-01    0.0000000000e+00                 nan    0.0000000000e+00    0.0000000000e+00    0.0000000000e+00    0.0000000000e+00    0.0000000000e+00    0.0000000000e+00
  69.5100000    1.0001294111e+00    1.0002204883e+00    6.1305640732e-05    2.5000000000e-01    6.3750000000e+01    2.5000000000e-01    0.0000000000e+00                 nan    0.0000000000e+00    0.0000000000e+00    0.0000000000e+00    0.0000000000e+00    0.0000000000e+00    0.0000000000e+00
  70.0100000    1.0001288717e+00    1.0002208092e+00    6.0860888268e-05    2.5000000000e-01    6.3750000000e+01    2.5000000000e-01    0.0000000000e+00                 nan    0.0000000000e+00    0.0000000000e+00    0.0000000000e+00    0.0000000000e+00    0.0000000000e+00    0.0000000000e+00
  70.5100000    1.0001283297e+00    1.0002211399e+00    6.0711248678e-05    2.5000000000e-01    6.3750000000e+01    2.5000000000e-01    0.0000000000e+00                 nan    0.0000000000e+00    0.0000000000e+00    0.0000000000e+00    0.0000000000e+00    0.0000000000e+00    0.0000000000e+00
  71.0100000    1.0001277869e+00    1.0002214800e+00    6.1005440952e-05    2.5000000000e-01    6.3750000000e+01    2.5000000000e-01    0.0000000000e+00                 nan    0.0000000000e+00    0.0000000000e+00    0.0000000000e+00    0.0000000000e+00    0.0000000000e+00    0.0000000000e+00
  71.5100000    1.0001272665e+00    1.0002218153e+00    6.1364569149e-05    2.5000000000e-01    6.3750000000e+01    2.5000000000e-01    0.0000000000e+00                 nan    0.0000000000e+00    0.0000000000e+00    0.0000000000e+00    0.0000000000e+00    0.0000000000e+00    0.0000000000e+00
  72.0100000    1.0001268054e+00    1.0002221238e+00    6.1510004698e-05    2.5000000000e-01    6.3750000000e+01    2.5000000000e-01    0.0000000000e+00                 nan    0.0000000000e+00    0.0000000000e+00    0.0000000000e+00    0.0000000000e+00    0.0000000000e+00    0.0000000000e+00
  72.5100000    1.0001264231e+00    1.0002223933e+00    6.1559025571e-05    2.5000000000e-01    6.3750000000e+01    2.5000000000e-01    0.0000000000e+00                 nan    0.0000000000e+00    0.0000000000e+00    0.0000000000e+00    0.0000000000e+00    0.0000000000e+00    0.0000000000e+00
  73.0100000    1.0001260967e+00    1.0002226370e+00    6.1424763212e-05    2.5000000000e-01    6.3750000000e+01    2.5000000000e-01    0.0000000000e+00                 nan    0.0000000000e+00    0.0000000000e+00    0.0000000000e+00    0.0000000000e+00    0.0000000000e+00    0.0000000000e+00
  73.5100000    1.0001257723e+00    1.0002228856e+00    6.1524804935e-05    2.5000000000e-01    6.3750000000e+01    2.5000000000e-01    0.0000000000e+00                 nan    0.0000000000e+00    0.0000000000e+00    0.0000000000e+00    0.0000000000e+00    0.0000000000e+00    0.0000000000e+00
  74.0100000    1.0001254089e+00    1.0002231621e+00    6.1802368970e-05    2.5000000000e-01    6.3750000000e+01    2.5000000000e-01    0.0000000000e+00                 nan    0.0000000000e+00    0.0000000000e+00    0.0000000000e+00    0.0000000000e+00    0.0000000000e+00    0.0000000000e+00
  74.5100000    1.0001250126e+00    1.0002234612e+00    6.2439005364e-05    2.5000000000e-01    6.3750000000e+01    2.5000000000e-01    0.0000000000e+00                 nan    0.0000000000e+00    0.0000000000e+00    0.0000000000e+00    0.0000000000e+00    0.0000000000e+00    0.0000000000e+00
  75.0100000    1.0001246277e+00    1.0002237553e+00    6.3021610298e-05    2.5000000000e-01    6.3750000000e+01    2.5000000000e-01    0.0000000000e+00                 nan    0.0000000000e+00    0.0000000000e+00    0.0000000000e+00    0.0000000000e+00    0.0000000000e+00    0.0000000000e+00
  75.5100000    1.0001242969e+00    1.0002240184e+00    6.2196011963e-05    2.5000000000e-01    6.3750000000e+01    2.5000000000e-01    0.0000000000e+00                 nan    0.0000000000e+00    0.0000000000e+00    0.0000000000e+00    0.0000000000e+00    0.0000000000e+00    0.0000000000e+00
  76.0100000    1.0001240315e+00    1.0002242450e+00    6.1135749656e-05    2.5000000000e-01    6.3750000000e+01    2.5000000000e-01    0.0000000000e+00                 nan    0.0000000000e+00    0.0000000000e+00    0.0000000000e+00    0.0000000000e+00    0.0000000000e+00    0.0000000000e+00
  76.5100000    1.0001238109e+00    1.0002244486e+00    6.1043740859e-05    2.5000000000e-01    6.3750000000e+01    2.5000000000e-01    0.0000000000e+00                 nan    0.0000000000e+00    0.0000000000e+00    0.0000000000e+00    0.0000000000e+00    0.0000000000e+00    0.0000000000e+00
  77.0100000    1.0001236001e+00    1.0002246506e+00    6.1646928490e-05    2.5000000000e-01    6.3750000000e+01    2.5000000000e-01    0.0000000000e+00                 nan    0.0000000000e+00    0.0000000000e+00    0.0000000000e+00    0.0000000000e+00    0.0000000000e+00    0.0000000000e+00
  77.5100000    1.0001233662e+00    1.0002248695e+00    6.2566285123e-05    2.5000000000e-01    6.3750000000e+01    2.5000000000e-01    0.0000000000e+00                 nan    0.0000000000e+00    0.0000000000e+00    0.0000000000e+00    0.0000000000e+00    0.0000000000e+00    0.0000000000e+00
  78.0100000    1.0001230911e+00    1.0002251147e+00    6.2410309959e-05    2.5000000000e-01    6.3750000000e+01    2.5000000000e-01    0.0000000000e+00                 nan    0.0000000000e+00    0.0000000000e+00    0.0000000000e+00    0.0000000000e+00    0.0000000000e+00    0.0000000000e+00
  78.5100000    1.0001227830e+00    1.0002253811e+00    6.1803740038e-05    2.5000000000e-01    6.3750000000e+01    2.5000000000e-01    0.0000000000e+00                 nan    0.0000000000e+00    0.0000000000e+00    0.0000000000e+00    0.0000000000e+00    0.0000000000e+00    0.0000000000e+00
  79.0100000    1.0001224776e+00    1.0002256485e+00    6.1522474881e-05    2.5000000000e-01    6.3750000000e+01    2.5000000000e-01    0.0000000000e+00                 nan    0.0000000000e+00    0.0000000000e+00    0.0000000000e+00    0.0000000000e+00    0.0000000000e+00    0.0000000000e+00
  79.5100000    1.0001222152e+00    1.0002258927e+00    6.1540000327e-05    2.5000000000e-01    6.3750000000e+01    2.5000000000e-01    0.0000000000e+00                 nan    0.0000000000e+00    0.0000000000e+00    0.0000000000e+00    0.0000000000e+00    0.0000000000e+00    0.0000000000e+00
  80.0100000    1.0001220086e+00    1.0002261045e+00    6.1612181316e-05    2.5000000000e-01    6.3750000000e+01    2.5000000000e-01    0.0000000000e+00                 nan    0.0000000000e+00    0.0000000000e+00    0.0000000000e+00    0.0000000000e+00    0.0000000000e+00    0.0000000000e+00
  80.5100000    1.0001218309e+00    1.0002262977e+00    6.1559459716e-05    2.5000000000e-01    6.3750000000e+01    2.5000000000e-01    0.0000000000e+00                 nan    0.0000000000e+00    0.0000000000e+00    0.0000000000e+00    0.0000000000e+00    0.0000000000e+00    0.0000000000e+00
  81.0100000    1.0001216385e+00    1.0002264976e+00    6.1356879419e-05    2.5000000000e-01    6.3750000000e+01    2.5000000000e-01    0.0000000000e+00                 nan    0.0000000000e+00    0.0000000000e+00    0.0000000000e+00    0.0000000000e+00    0.0000000000e+00    0.0000000000e+00
  81.5100000    1.0001214078e+00    1.0002267186e+00    6.1403178747e-05    2.5000000000e-01    6.3750000000e+01    2.5000000000e-01    0.0000000000e+00                 nan    0.0000000000e+00    0.0000000000e+00    0.0000000000e+00    0.0000000000e+00    0.0000000000e+00    0.0000000000e+00
  82.0100000    1.0001211507e+00    1.0002269551e+00    6.1890104951e-05    2.5000000000e-01    6.3750000000e+01    2.5000000000e-01    0.0000000000e+00                 nan    0.0000000000e+00    0.0000000000e+00    0.0000000000e+00    0.0000000000e+00    0.0000000000e+00    0.0000000000e+00
  82.5100000    1.0001208966e+00    1.0002271900e+00    6.2242665947e-05    2.5000000000e-01    6.3750000000e+01    2.5000000000e-01    0.0000000000e+00                 nan    0.0000000000e+00    0.0000000000e+00    0.0000000000e+00    0.0000000000e+00    0.0000000000e+00    0.0000000000e+00
  83.0100000    1.0001206645e+00    1.0002274124e+00    6.2074290856e-05    2.5000000000e-01    6.3750000000e+01    2.5000000000e-01    0.0000000000e+00                 nan    0.0000000000e+00    0.0000000000e+00    0.0000000000e+00    0.0000000000e+00    0.0000000000e+00    0.0000000000e+00
  83.5100000    1.0001204510e+00    1.0002276241e+00    6.1265118070e-05    2.5000000000e-01    6.3750000000e+01    2.5000000000e-01    0.0000000000e+00                 nan    0.0000000000e+00    0.0000000000e+00    0.0000000000e+00    0.0000000000e+00    0.0000000000e+00    0.0000000000e+00
  84.0100000    1.0001202399e+00    1.0002278345e+00    6.0419401972e-05    2.5000000000e-01    6.3750000000e+01    2.5000000000e-01    0.0000000000e+00                 nan    0.0000000000e+00    0.0000000000e+00    0.0000000000e+00    0.0000000000e+00    0.0000000000e+00    0.0000000000e+00
  84.5100000    1.0001200196e+00    1.0002280499e+00    6.0768509906e-05    2.5000000000e-01    6.3750000000e+01    2.5000000000e-01    0.0000000000e+00                 nan    0.0000000000e+00    0.0000000000e+00    0.0000000000e+00    0.0000000000e+00    0.0000000000e+00    0.0000000000e+00
  85.0100000    1.0001197896e+00    1.0002282694e+00    6.1576053225e-05    2.5000000000e-01    6.3750000000e+01    2.5000000000e-01    0.0000000000e+00                 nan    0.0000000000e+00    0.0000000000e+00    0.0000000000e+00    0.0000000000e+00    0.0000000000e+00    0.0000000000e+00
  85.5100000    1.0001195557e+00    1.0002284887e+00    6.1669832890e-05    2.5000000000e-01    6.3750000000e+01    2.5000000000e-01    0.0000000000e+00                 nan    0.0000000000e+00    0.0000000000e+00    0.0000000000e+00    0.0000000000e+00    0.0000000000e+00    0.0000000000e+00
  86.0100000    1.0001193217e+00    1.0002287055e+00    6.1289853449e-05    2.5000000000e-01    6.3750000000e+01    2.5000000000e-01    0.0000000000e+00                 nan    0.0000000000e+00    0.0000000000e+00    0.0000000000e+00    0.0000000000e+00    0.0000000000e+00    0.0000000000e+00
  86.5100000    1.0001190884e+00    1.0002289200e+00    6.0793805049e-05    2.5000000000e-01    6.3750000000e+01    2.5000000000e-01    0.0000000000e+00                 nan    0.0000000000e+00    0.0000000000e+00    0.0000000000e+00    0.0000000000e+00    0.0000000000e+00    0.0000000000e+00
  87.0100000    1.0001188572e+00    1.0002291329e+00    6.0641277300e-05    2.5000000000e-01    6.3750000000e+01    2.5000000000e-01    0.0000000000e+00                 nan    0.0000000000e+00    0.0000000000e+00    0.0000000000e+00    0.0000000000e+00    0.0000000000e+00    0.0000000000e+00
  87.5100000    1.0001186298e+00    1.0002293444e+00    6.0799711616e-05    2.5000000000e-01    6.3750000000e+01    2.5000000000e-01    0.0000000000e+00                 nan    0.0000000000e+00    0.0000000000e+00    0.0000000000e+00    0.0000000000e+00    0.0000000000e+00    0.0000000000e+00
  88.0100000    1.0001184034e+00    1.0002295573e+00    6.1067214466e-05    2.5000000000e-01    6.3750000000e+01    2.5000000000e-01    0.0000000000e+00                 nan    0.0000000000e+00    0.0000000000e+00    0.0000000000e+00    0.0000000000e+00    0.0000000000e+00    0.0000000000e+00
  88.5100000    1.0001181708e+00    1.0002297754e+00    6.1254823278e-05    2.5000000000e-01    6.3750000000e+01    2.5000000000e-01    0.0000000000e+00                 nan    0.0000000000e+00    0.0000000000e+00    0.0000000000e+00    0.0000000000e+00    0.0000000000e+00    0.0000000000e+00
  89.0100000    1.0001179347e+00    1.0002299965e+00    6.1297126196e-05    2.5000000000e-01    6.3750000000e+01    2.5000000000e-01    0.0000000000e+00                 nan    0.0000000000e+00    0.0000000000e+00    0.0000000000e+00    0.0000000000e+00    0.0000000000e+00    0.0000000000e+00
  89.5100000    1.0001177166e+00    1.0002302075e+00    6.1165806500e-05    2.5000000000e-01    6.3750000000e+01    2.5000000000e-01    0.0000000000e+00                 nan    0.0000000000e+00    0.0000000000e+00    0.0000000000e+00    0.0000000000e+00    0.0000000000e+00    0.0000000000e+00
  90.0100000    1.0001175398e+00    1.0002303950e+00    6.0822513959e-05    2.5000000000e-01    6.3750000000e+01    2.5000000000e-01    0.0000000000e+00                 nan    0.0000000000e+00    0.0000000000e+00    0.0000000000e+00    0.0000000000e+00    0.0000000000e+00    0.0000000000e+00
  90.5100000    1.0001173946e+00    1.0002305644e+00    6.0390201276e-05    2.5000000000e-01    6.3750000000e+01    2.5000000000e-01    0.0000000000e+00                 nan    0.0000000000e+00    0.0000000000e+00    0.0000000000e+00    0.0000000000e+00    0.0000000000e+00    0.0000000000e+00
  91.0100000    1.0001172304e+00    1.0002307437e+00    6.0119914569e-05    2.5000000000e-01    6.3750000000e+01    2.5000000000e-01    0.0000000000e+00                 nan    0.0000000000e+00    0.0000000000e+00    0.0000000000e+00    0.0000000000e+00    0.0000000000e+00    0.0000000000e+00
  91.5100000    1.0001169973e+00    1.0002309607e+00    6.0316068635e-05    2.5000000000e-01    6.3750000000e+01    2.5000000000e-01    0.0000000000e+00                 nan    0.0000000000e+00    0.0000000000e+00    0.0000000000e+00    0.0000000000e+00    0.0000000000e+00    0.0000000000e+00
  92.0100000    1.0001167003e+00    1.0002312121e+00    6.0931341428e-05    2.5000000000e-01    6.3750000000e+01    2.5000000000e-01    0.0000000000e+00                 nan    0.0000000000e+00    0.0000000000e+00    0.0000000000e+00    0.0000000000e+00    0.0000000000e+00    0.0000000000e+00
  92.5100000    1.0001164033e+00    1.0002314616e+00    6.1583389848e-05    2.5000000000e-01    6.3750000000e+01    2.5000000000e-01    0.0000000000e+00                 nan    0.0000000000e+00    0.0000000000e+00    0.0000000000e+00    0.0000000000e+00    0.0000000000e+00    0.0000000000e+00
  93.0100000    1.0001161737e+00    1.0002316702e+00    6.1771002115e-05    2.5000000000e-01    6.3750000000e+01    2.5000000000e-01    0.0000000000e+00                 nan    0.0000000000e+00    0.0000000000e+00    0.0000000000e+00    0.0000000000e+00    0.0000000000e+00    0.0000000000e+00
  93.5100000    1.0001160222e+00    1.0002318318e+00    6.1294301201e-05    2.5000000000e-01    6.3750000000e+01    2.5000000000e-01    0.0000000000e+00                 nan    0.0000000000e+00    0.0000000000e+00    0.0000000000e+00    0.0000000000e+00    0.0000000000e+00    0.0000000000e+00
  94.0100000    1.0001158990e+00    1.0002319761e+00    6.0486203905e-05    2.5000000000e-01    6.3750000000e+01    2.5000000000e-01    0.0000000000e+00                 nan    0.0000000000e+00    0.0000000000e+00    0.0000000000e+00    0.0000000000e+00    0.0000000000e+00    0.0000000000e+00
  94.5100000    1.0001157424e+00    1.0002321406e+00    5.9950479008e-05    2.5000000000e-01    6.3750000000e+01    2.5000000000e-01    0.0000000000e+00                 nan    0.0000000000e+00    0.0000000000e+00    0.0000000000e+00    0.0000000000e+00    0.0000000000e+00    0.0000000000e+00
  95.0100000    1.0001155260e+00    1.0002323410e+00    6.0118678862e-05    2.5000000000e-01    6.3750000000e+01    2.5000000000e-01    0.0000000000e+00                 nan    0.0000000000e+00    0.0000000000e+00    0.0000000000e+00    0.0000000000e+00    0.0000000000e+00    0.0000000000e+00
  95.5100000    1.0001152674e+00    1.0002325659e+00    6.0750275464e-05    2.5000000000e-01    6.3750000000e+01    2.5000000000e-01    0.0000000000e+00                 nan    0.0000000000e+00    0.0000000000e+00    0.0000000000e+00    0.0000000000e+00    0.0000000000e+00    0.0000000000e+00
  96.0100000    1.0001150061e+00    1.0002327900e+00    6.1423882503e-05    2.5000000000e-01    6.3750000000e+01    2.5000000000e-01    0.0000000000e+00                 nan    0.0000000000e+00    0.0000000000e+00    0.0000000000e+00    0.0000000000e+00    0.0000000000e+00    0.0000000000e+00
  96.5100000    1.0001147826e+00    1.0002329899e+00    6.1867661572e-05    2.5000000000e-01    6.3750000000e+01    2.5000000000e-01    0.0000000000e+00                 nan    0.0000000000e+00    0.0000000000e+00    0.0000000000e+00    0.0000000000e+00    0.0000000000e+00    0.0000000000e+00
  97.0100000    1.0001146241e+00    1.0002331526e+00    6.1840976896e-05    2.5000000000e-01    6.3750000000e+01    2.5000000000e-01    0.0000000000e+00                 nan    0.0000000000e+00    0.0000000000e+00    0.0000000000e+00    0.0000000000e+00    0.0000000000e+00    0.0000000000e+00
  97.5100000    1.0001145259e+00    1.0002332839e+00    6.1323052281e-05    2.5000000000e-01    6.3750000000e+01    2.5000000000e-01    0.0000000000e+00                 nan    0.0000000000e+00    0.0000000000e+00    0.0000000000e+00    0.0000000000e+00    0.0000000000e+00    0.0000000000e+00
  98.0100000    1.0001144401e+00    1.0002334117e+00    6.0606575623e-05    2.5000000000e-01    6.3750000000e+01    2.5000000000e-01    0.0000000000e+00                 nan    0.0000000000e+00    0.0000000000e+00    0.0000000000e+00    0.0000000000e+00    0.0000000000e+00    0.0000000000e+00
  98.5100000    1.0001142964e+00    1.0002335741e+00    5.9968993312e-05    2.5000000000e-01    6.3750000000e+01    2.5000000000e-01    0.0000000000e+00                 nan    0.0000000000e+00    0.0000000000e+00    0.0000000000e+00    0.0000000000e+00    0.0000000000e+00    0.0000000000e+00
  99.0100000    1.0001140583e+00    1.0002337894e+00    5.9986288289e-05    2.5000000000e-01    6.3750000000e+01    2.5000000000e-01    0.0000000000e+00                 nan    0.0000000000e+00    0.0000000000e+00    0.0000000000e+00    0.0000000000e+00    0.0000000000e+00    0.0000000000e+00
  99.5100000    1.0001137632e+00    1.0002340350e+00    6.1018684844e-05    2.5000000000e-01    6.3750000000e+01    2.5000000000e-01    0.0000000000e+00                 nan    0.0000000000e+00    0.0000000000e+00    0.0000000000e+00    0.0000000000e+00    0.0000000000e+00    0.0000000000e+00
 100.0100000    1.0001134960e+00    1.0002342623e+00    6.2254962938e-05    2.5000000000e-01    6.3750000000e+01    2.5000000000e-01    0.0000000000e+00                 nan    0.0000000000e+00    0.0000000000e+00    0.0000000000e+00    0.0000000000e+00    0.0000000000e+00    0.0000000000e+00
 100.5100000    1.0001133141e+00    1.0002344387e+00    6.2657157148e-05    2.5000000000e-01    6.3750000000e+01    2.5000000000e-01    0.0000000000e+00                 nan    0.0000000000e+00    0.0000000000e+00    0.0000000000e+00    0.0000000000e+00    0.0000000000e+00    0.0000000000e+00
 101.0100000    1.0001131958e+00    1.0002345766e+00    6.1873513239e-05    2.5000000000e-01    6.3750000000e+01    2.5000000000e-01    0.0000000000e+00                 nan    0.0000000000e+00    0.0000000000e+00    0.0000000000e+00    0.0000000000e+00    0.0000000000e+00    0.0000000000e+00
 101.5100000    1.0001130666e+00    1.0002347194e+00    6.0612046983e-05    2.5000000000e-01    6.3750000000e+01    2.5000000000e-01    0.0000000000e+00                 nan    0.0000000000e+00    0.0000000000e+00    0.0000000000e+00    0.0000000000e+00    0.0000000000e+00    0.0000000000e+00
 102.0100000    1.0001128713e+00    1.0002348993e+00    5.9903774987e-05    2.5000000000e-01    6.3750000000e+01    2.5000000000e-01    0.0000000000e+00                 nan    0.0000000000e+00    0.0000000000e+00    0.0000000000e+00    0.0000000000e+00    0.0000000000e+00    0.0000000000e+00
 102.5100000    1.0001126194e+00    1.0002351105e+00    6.0371397420e-05    2.5000000000e-01    6.3750000000e+01    2.5000000000e-01    0.0000000000e+00                 nan    0.0000000000e+00    0.0000000000e+00    0.0000000000e+00    0.0000000000e+00    0.0000000000e+00    0.0000000000e+00
 103.0100000    1.0001123637e+00    1.0002353211e+00    6.1509414407e-05    2.5000000000e-01    6.3750000000e+01    2.5000000000e-01    0.0000000000e+00                 nan    0.0000000000e+00    0.0000000000e+00    0.0000000000e+00    0.0000000000e+00    0.0000000000e+00    0.0000000000e+00
 103.5100000    1.0001121436e+00    1.0002355069e+00    6.2406167909e-05    2.5000000000e-01    6.3750000000e+01    2.5000000000e-01    0.0000000000e+00                 nan    0.0000000000e+00    0.0000000000e+00    0.0000000000e+00    0.0000000000e+00    0.0000000000e+00    0.0000000000e+00
 104.0100000    1.0001119545e+00    1.0002356717e+00    6.2334430079e-05    2.5000000000e-01    6.3750000000e+01    2.5000000000e-01    0.0000000000e+00                 nan    0.0000000000e+00    0.0000000000e+00    0.0000000000e+00    0.0000000000e+00    0.0000000000e+00    0.0000000000e+00
 104.5100000    1.0001117661e+00    1.0002358373e+00    6.1548417001e-05    2.5000000000e-01    6.3750000000e+01    2.5000000000e-01    0.0000000000e+00                 nan    0.0000000000e+00    0.0000000000e+00    0.0000000000e+00    0.0000000000e+00    0.0000000000e+00    0.0000000000e+00
 105.0100000    1.0001115581e+00    1.0002360194e+00    6.0908258170e-05    2.5000000000e-01    6.3750000000e+01    2.5000000000e-01    0.0000000000e+00                 nan    0.0000000000e+00    0.0000000000e+00    0.0000000000e+00    0.0000000000e+00    0.0000000000e+00    0.0000000000e+00
 105.5100000    1.0001113346e+00    1.0002362169e+00    6.0877757737e-05    2.5000000000e-01    6.3750000000e+01    2.5000000000e-01    0.0000000000e+00                 nan    0.0000000000e+00    0.0000000000e+00    0.0000000000e+00    0.0000000000e+00    0.0000000000e+00    0.0000000000e+00
 106.0100000    1.0001111098e+00    1.0002364184e+00    6.1099829838e-05    2.5000000000e-01    6.3750000000e+01    2.5000000000e-01    0.0000000000e+00                 nan    0.0000000000e+00    0.0000000000e+00    0.0000000000e+00    0.0000000000e+00    0.0000000000e+00    0.0000000000e+00
 106.5100000    1.0001108926e+00    1.0002366134e+00    6.1391693272e-05    2.5000000000e-01    6.3750000000e+01    2.5000000000e-01    0.0000000000e+00                 nan    0.0000000000e+00    0.0000000000e+00    0.0000000000e+00    0.0000000000e+00    0.0000000000e+00    0.0000000000e+00
 107.0100000    1.0001106854e+00    1.0002367967e+00    6.2059734646e-05    2.5000000000e-01    6.3750000000e+01    2.5000000000e-01    0.0000000000e+00                 nan    0.0000000000e+00    0.0000000000e+00    0.0000000000e+00    0.0000000000e+00    0.0000000000e+00    0.0000000000e+00
 107.5100000    1.0001104830e+00    1.0002369714e+00    6.2623920236e-05    2.5000000000e-01    6.3750000000e+01    2.5000000000e-01    0.0000000000e+00                 nan    0.0000000000e+00    0.0000000000e+00    0.0000000000e+00    0.0000000000e+00    0.0000000000e+00    0.0000000000e+00
 108.0100000    1.0001102667e+00    1.0002371508e+00    6.2792945416e-05    2.5000000000e-01    6.3750000000e+01    2.5000000000e-01    0.0000000000e+00                 nan    0.0000000000e+00    0.0000000000e+00    0.0000000000e+00    0.0000000000e+00    0.0000000000e+00    0.0000000000e+00
 108.5100000    1.0001100146e+00    1.0002373505e+00    6.2392109605e-05    2.5000000000e-01    6.3750000000e+01    2.5000000000e-01    0.0000000000e+00                 nan    0.0000000000e+00    0.0000000000e+00    0.0000000000e+00    0.0000000000e+00    0.0000000000e+00    0.0000000000e+00
 109.0100000    1.0001097337e+00    1.0002375679e+00    6.1669125209e-05    2.5000000000e-01    6.3750000000e+01    2.5000000000e-01    0.0000000000e+00                 nan    0.0000000000e+00    0.0000000000e+00    0.0000000000e+00    0.0000000000e+00    0.0000000000e+00    0.0000000000e+00
 109.5100000    1.0001094720e+00    1.0002377749e+00    6.1274421977e-05    2.5000000000e-01    6.3750000000e+01    2.5000000000e-01    0.0000000000e+00                 nan    0.0000000000e+00    0.0000000000e+00    0.0000000000e+00    0.0000000000e+00    0.0000000000e+00    0.0000000000e+00
 110.0100000    1.0001092780e+00    1.0002379423e+00    6.1621894687e-05    2.5000000000e-01    6.3750000000e+01    2.5000000000e-01    0.0000000000e+00                 nan    0.0000000000e+00    0.0000000000e+00    0.0000000000e+00    0.0000000000e+00    0.0000000000e+00    0.0000000000e+00
 110.5100000    1.0001091446e+00    1.0002380720e+00    6.2307741919e-05    2.5000000000e-01    6.3750000000e+01    2.5000000000e-01    0.0000000000e+00                 nan    0.0000000000e+00    0.0000000000e+00    0.0000000000e+00    0.0000000000e+00    0.0000000000e+00    0.0000000000e+00
 111.0100000    1.0001090128e+00    1.0002381974e+00    6.2538003745e-05    2.5000000000e-01    6.3750000000e+01    2.5000000000e-01    0.0000000000e+00                 nan    0.0000000000e+00    0.0000000000e+00    0.0000000000e+00    0.0000000000e+00    0.0000000000e+00    0.0000000000e+00
 111.5100000    1.0001088345e+00    1.0002383481e+00    6.1992514660e-05    2.5000000000e-01    6.3750000000e+01    2.5000000000e-01    0.0000000000e+00                 nan    0.0000000000e+00    0.0000000000e+00    0.0000000000e+00    0.0000000000e+00    0.0000000000e+00    0.0000000000e+00
 112.0100000    1.0001086168e+00    1.0002385235e+00    6.1070218412e-05    2.5000000000e-01    6.3750000000e+01    2.5000000000e-01    0.0000000000e+00                 nan    0.0000000000e+00    0.0000000000e+00    0.0000000000e+00    0.0000000000e+00    0.0000000000e+00    0.0000000000e+00
 112.5100000    1.0001083991e+00    1.0002387029e+00    6.0661493327e-05    2.5000000000e-01    6.3750000000e+01    2.5000000000e-01    0.0000000000e+00                 nan    0.0000000000e+00    0.0000000000e+00    0.0000000000e+00    0.0000000000e+00    0.0000000000e+00    0.0000000000e+00
 113.0100000    1.0001082054e+00    1.0002388716e+00    6.1226903512e-05    2.5000000000e-01    6.3750000000e+01    2.5000000000e-01    0.0000000000e+00                 nan    0.0000000000e+00    0.0000000000e+00    0.0000000000e+00    0.0000000000e+00    0.0000000000e+00    0.0000000000e+00
 113.5100000    1.0001080330e+00    1.0002390278e+00    6.2117373479e-05    2.5000000000e-01    6.3750000000e+01    2.5000000000e-01    0.0000000000e+00                 nan    0.0000000000e+00    0.0000000000e+00    0.0000000000e+00    0.0000000000e+00    0.0000000000e+00    0.0000000000e+00
 114.0100000    1.0001078758e+00    1.0002391722e+00    6.2586704292e-05    2.5000000000e-01    6.3750000000e+01    2.5000000000e-01    0.0000000000e+00                 nan    0.0000000000e+00    0.0000000000e+00    0.0000000000e+00    0.0000000000e+00    0.0000000000e+00    0.0000000000e+00
 114.5100000    1.0001077349e+00    1.0002393031e+00    6.2329928913e-05    2.5000000000e-01    6.3750000000e+01    2.5000000000e-01    0.0000000000e+00                 nan    0.0000000000e+00    0.0000000000e+00    0.0000000000e+00    0.0000000000e+00    0.0000000000e+00    0.0000000000e+00
 115.0100000    1.0001076005e+00    1.0002394277e+00    6.1526331906e-05    2.5000000000e-01    6.3750000000e+01    2.5000000000e-01    0.0000000000e+00                 nan    0.0000000000e+00    0.0000000000e+00    0.0000000000e+00    0.0000000000e+00    0.0000000000e+00    0.0000000000e+00
 115.5100000    1.0001074424e+00    1.0002395668e+00    6.0901782934e-05    2.5000000000e-01    6.3750000000e+01    2.5000000000e-01    0.0000000000e+00                 nan    0.0000000000e+00    0.0000000000e+00    0.0000000000e+00    0.0000000000e+00    0.0000000000e+00    0.0000000000e+00
 116.0100000    1.0001072387e+00    1.0002397364e+00    6.1026347510e-05    2.5000000000e-01    6.3750000000e+01    2.5000000000e-01    0.0000000000e+00                 nan    0.0000000000e+00    0.0000000000e+00    0.0000000000e+00    0.0000000000e+00    0.0000000000e+00    0.0000000000e+00
 116.5100000    1.0001070156e+00    1.0002399234e+00    6.1557109017e-05    2.5000000000e-01    6.3750000000e+01    2.5000000000e-01    0.0000000000e+00                 nan    0.0000000000e+00    0.0000000000e+00    0.0000000000e+00    0.0000000000e+00    0.0000000000e+00    0.0000000000e+00
 117.0100000    1.0001068380e+00    1.0002400898e+00    6.1876836521e-05    2.5000000000e-01    6.3750000000e+01    2.5000000000e-01    0.0000000000e+00                 nan    0.0000000000e+00    0.0000000000e+00    0.0000000000e+00    0.0000000000e+00    0.0000000000e+00    0.0000000000e+00
 117.5100000    1.0001067463e+00    1.0002402095e+00    6.1731600765e-05    2.5000000000e-01    6.3750000000e+01    2.5000000000e-01    0.0000000000e+00                 nan    0.0000000000e+00    0.0000000000e+00    0.0000000000e+00    0.0000000000e+00    0.0000000000e+00    0.0000000000e+00
 118.0100000    1.0001067086e+00    1.0002402975e+00    6.1375359474e-05    2.5000000000e-01    6.3750000000e+01    2.5000000000e-01    0.0000000000e+00                 nan    0.0000000000e+00    0.0000000000e+00    0.0000000000e+00    0.0000000000e+00    0.0000000000e+00    0.0000000000e+00
 118.5100000    1.0001066513e+00    1.0002403940e+00    6.1281288182e-05    2.5000000000e-01    6.3750000000e+01    2.5000000000e-01    0.0000000000e+00                 nan    0.0000000000e+00    0.0000000000e+00    0.0000000000e+00    0.0000000000e+00    0.0000000000e+00    0.0000000000e+00
 119.0100000    1.0001065354e+00    1.0002405220e+00    6.1623222896e-05    2.5000000000e-01    6.3750000000e+01    2.5000000000e-01    0.0000000000e+00                 nan    0.0000000000e+00    0.0000000000e+00    0.0000000000e+00    0.0000000000e+00    0.0000000000e+00    0.0000000000e+00
 119.5100000    1.0001063882e+00    1.0002406676e+00    6.2053807939e-05    2.5000000000e-01    6.3750000000e+01    2.5000000000e-01    0.0000000000e+00                 nan    0.0000000000e+00    0.0000000000e+00    0.0000000000e+00    0.0000000000e+00    0.0000000000e+00    0.0000000000e+00
 120.0100000    1.0001062591e+00    1.0002408030e+00    6.2137111608e-05    2.5000000000e-01    6.3750000000e+01    2.5000000000e-01    0.0000000000e+00                 nan    0.0000000000e+00    0.0000000000e+00    0.0000000000e+00    0.0000000000e+00    0.0000000000e+00    0.0000000000e+00
 120.5100000    1.0001061637e+00    1.0002409195e+00    6.1880894496e-05    2.5000000000e-01    6.3750000000e+01    2.5000000000e-01    0.0000000000e+00                 nan    0.0000000000e+00    0.0000000000e+00    0.0000000000e+00    0.0000000000e+00    0.0000000000e+00    0.0000000000e+00
 121.0100000    1.0001060798e+00    1.0002410301e+00    6.1582206596e-05    2.5000000000e-01    6.3750000000e+01    2.5000000000e-01    0.0000000000e+00                 nan    0.0000000000e+00    0.0000000000e+00    0.0000000000e+00    0.0000000000e+00    0.0000000000e+00    0.0000000000e+00
 121.5100000    1.0001059867e+00    1.0002411487e+00    6.1442431383e-05    2.5000000000e-01    6.3750000000e+01    2.5000000000e-01    0.0000000000e+00                 nan    0.0000000000e+00    0.0000000000e+00    0.0000000000e+00    0.0000000000e+00    0.0000000000e+00    0.0000000000e+00
 122.0100000    1.0001058879e+00    1.0002412747e+00    6.1440514921e-05    2.5000000000e-01    6.3750000000e+01    2.5000000000e-01    0.0000000000e+00                 nan    0.0000000000e+00    0.0000000000e+00    0.0000000000e+00    0.0000000000e+00    0.0000000000e+00    0.0000000000e+00
 122.5100000    1.0001057975e+00    1.0002413995e+00    6.1632648516e-05    2.5000000000e-01    6.3750000000e+01    2.5000000000e-01    0.0000000000e+00                 nan    0.0000000000e+00    0.0000000000e+00    0.0000000000e+00    0.0000000000e+00    0.0000000000e+00    0.0000000000e+00
 123.0100000    1.0001057173e+00    1.0002415189e+00    6.2007058797e-05    2.5000000000e-01    6.3750000000e+01    2.5000000000e-01    0.0000000000e+00                 nan    0.0000000000e+00    0.0000000000e+00    0.0000000000e+00    0.0000000000e+00    0.0000000000e+00    0.0000000000e+00
 123.5100000    1.0001056350e+00    1.0002416360e+00    6.2290294948e-05    2.5000000000e-01    6.3750000000e+01    2.5000000000e-01    0.0000000000e+00                 nan    0.0000000000e+00    0.0000000000e+00    0.0000000000e+00    0.0000000000e+00    0.0000000000e+00    0.0000000000e+00
 124.0100000    1.0001055415e+00    1.0002417535e+00    6.2130011315e-05    2.5000000000e-01    6.3750000000e+01    2.5000000000e-01    0.0000000000e+00                 nan    0.0000000000e+00    0.0000000000e+00    0.0000000000e+00    0.0000000000e+00    0.0000000000e+00    0.0000000000e+00
 124.5100000    1.0001054422e+00    1.0002418685e+00    6.1671676820e-05    2.5000000000e-01    6.3750000000e+01    2.5000000000e-01    0.0000000000e+00                 nan    0.0000000000e+00    0.0000000000e+00    0.0000000000e+00    0.0000000000e+00    0.0000000000e+00    0.0000000000e+00
 125.0100000    1.0001053516e+00    1.0002419753e+00    6.1481330575e-05    2.5000000000e-01    6.3750000000e+01    2.5000000000e-01    0.0000000000e+00                 nan    0.0000000000e+00    0.0000000000e+00    0.0000000000e+00    0.0000000000e+00    0.0000000000e+00    0.0000000000e+00
 125.5100000    1.0001052785e+00    1.0002420726e+00    6.1885667873e-05    2.5000000000e-01    6.3750000000e+01    2.5000000000e-01    0.0000000000e+00                 nan    0.0000000000e+00    0.0000000000e+00    0.0000000000e+00    0.0000000000e+00    0.0000000000e+00    0.0000000000e+00
 126.0100000    1.0001052183e+00    1.0002421669e+00    6.2459556141e-05    2.5000000000e-01    6.3750000000e+01    2.5000000000e-01    0.0000000000e+00                 nan    0.0000000000e+00    0.0000000000e+00    0.0000000000e+00    0.0000000000e+00    0.0000000000e+00    0.0000000000e+00
 126.5100000    1.0001051585e+00    1.0002422676e+00    6.2440674163e-05    2.5000000000e-01    6.3750000000e+01    2.5000000000e-01    0.0000000000e+00                 nan    0.0000000000e+00    0.0000000000e+00    0.0000000000e+00    0.0000000000e+00    0.0000000000e+00    0.0000000000e+00
 127.0100000    1.0001050916e+00    1.0002423788e+00    6.1880717229e-05    2.5000000000e-01    6.3750000000e+01    2.5000000000e-01    0.0000000000e+00                 nan    0.0000000000e+00    0.0000000000e+00    0.0000000000e+00    0.0000000000e+00    0.0000000000e+00    0.0000000000e+00
 127.5100000    1.0001050219e+00    1.0002424951e+00    6.1548460879e-05    2.5000000000e-01    6.3750000000e+01    2.5000000000e-01    0.0000000000e+00                 nan    0.0000000000e+00    0.0000000000e+00    0.0000000000e+00    0.0000000000e+00    0.0000000000e+00    0.0000000000e+00
 128.0100000    1.0001049588e+00    1.0002426071e+00    6.1801860412e-05    2.5000000000e-01    6.3750000000e+01    2.5000000000e-01    0.0000000000e+00                 nan    0.0000000000e+00    0.0000000000e+00    0.0000000000e+00    0.0000000000e+00    0.0000000000e+00    0.0000000000e+00
 128.5100000    1.0001049058e+00    1.0002427095e+00    6.2170567432e-05    2.5000000000e-01    6.3750000000e+01    2.5000000000e-01    0.0000000000e+00                 nan    0.0000000000e+00    0.0000000000e+00    0.0000000000e+00    0.0000000000e+00    0.0000000000e+00    0.0000000000e+00
 129.0100000    1.0001048573e+00    1.0002428049e+00    6.2190473605e-05    2.5000000000e-01    6.3750000000e+01    2.5000000000e-01    0.0000000000e+00                 nan    0.0000000000e+00    0.0000000000e+00    0.0000000000e+00    0.0000000000e+00    0.0000000000e+00    0.0000000000e+00
 129.5100000    1.0001048061e+00    1.0002428988e+00    6.2051515079e-05    2.5000000000e-01    6.3750000000e+01    2.5000000000e-01    0.0000000000e+00                 nan    0.0000000000e+00    0.0000000000e+00    0.0000000000e+00    0.0000000000e+00    0.0000000000e+00    0.0000000000e+00
 130.0100000    1.0001047519e+00    1.0002429937e+00    6.2096722352e-05    2.5000000000e-01    6.3750000000e+01    2.5000000000e-01    0.0000000000e+00                 nan    0.0000000000e+00    0.0000000000e+00    0.0000000000e+00    0.0000000000e+00    0.0000000000e+00    0.0000000000e+00
 130.5100000    1.0001046996e+00    1.0002430884e+00    6.2211219010e-05    2.5000000000e-01    6.3750000000e+01    2.5000000000e-01    0.0000000000e+00                 nan    0.0000000000e+00    0.0000000000e+00    0.0000000000e+00    0.0000000000e+00    0.0000000000e+00    0.0000000000e+00
 131.0100000    1.0001046520e+00    1.0002431814e+00    6.1938500580e-05    2.5000000000e-01    6.3750000000e+01    2.5000000000e-01    0.0000000000e+00                 nan    0.0000000000e+00    0.0000000000e+00    0.0000000000e+00    0.0000000000e+00    0.0000000000e+00    0.0000000000e+00
 131.5100000    1.0001046064e+00    1.0002432733e+00    6.1365839034e-05    2.5000000000e-01    6.3750000000e+01    2.5000000000e-01    0.0000000000e+00                 nan    0.0000000000e+00    0.0000000000e+00    0.0000000000e+00    0.0000000000e+00    0.0000000000e+00    0.0000000000e+00
 132.0100000    1.0001045597e+00    1.0002433652e+00    6.1243270688e-05    2.5000000000e-01    6.3750000000e+01    2.5000000000e-01    0.0000000000e+00                 nan    0.0000000000e+00    0.0000000000e+00    0.0000000000e+00    0.0000000000e+00    0.0000000000e+00    0.0000000000e+00
 132.5100000    1.0001045124e+00    1.0002434568e+00    6.2009404507e-05    2.5000000000e-01    6.3750000000e+01    2.5000000000e-01    0.0000000000e+00                 nan    0.0000000000e+00    0.0000000000e+00    0.0000000000e+00    0.0000000000e+00    0.0000000000e+00    0.0000000000e+00
 133.0100000    1.0001044662e+00    1.0002435479e+00    6.2928301037e-05    2.5000000000e-01    6.3750000000e+01    2.5000000000e-01    0.0000000000e+00                 nan    0.0000000000e+00    0.0000000000e+00    0.0000000000e+00    0.0000000000e+00    0.0000000000e+00    0.0000000000e+00
 133.5100000    1.0001044189e+00    1.0002436404e+00    6.2873124872e-05    2.5000000000e-01    6.3750000000e+01    2.5000000000e-01    0.0000000000e+00                 nan    0.0000000000e+00    0.0000000000e+00    0.0000000000e+00    0.0000000000e+00    0.0000000000e+00    0.0000000000e+00
 134.0100000    1.0001043655e+00    1.0002437377e+00    6.1683851833e-05    2.5000000000e-01    6.3750000000e+01    2.5000000000e-01    0.0000000000e+00                 nan    0.0000000000e+00    0.0000000000e+00    0.0000000000e+00    0.0000000000e+00    0.0000000000e+00    0.0000000000e+00
 134.5100000    1.0001043065e+00    1.0002438393e+00    6.0533773284e-05    2.5000000000e-01    6.3750000000e+01    2.5000000000e-01    0.0000000000e+00                 nan    0.0000000000e+00    0.0000000000e+00    0.0000000000e+00    0.0000000000e+00    0.0000000000e+00    0.0000000000e+00
 135.0100000    1.0001042503e+00    1.0002439392e+00    6.0590012391e-05    2.5000000000e-01    6.3750000000e+01    2.5000000000e-01    0.0000000000e+00                 nan    0.0000000000e+00    0.0000000000e+00    0.0000000000e+00    0.0000000000e+00    0.0000000000e+00    0.0000000000e+00
 135.5100000    1.0001042052e+00    1.0002440320e+00    6.1581649670e-05    2.5000000000e-01    6.3750000000e+01    2.5000000000e-01    0.0000000000e+00                 nan    0.0000000000e+00    0.0000000000e+00    0.0000000000e+00    0.0000000000e+00    0.0000000000e+00    0.0000000000e+00
 136.0100000    1.0001041667e+00    1.0002441199e+00    6.2370685030e-05    2.5000000000e-01    6.3750000000e+01    2.5000000000e-01    0.0000000000e+00                 nan    0.0000000000e+00    0.0000000000e+00    0.0000000000e+00    0.0000000000e+00    0.0000000000e+00    0.0000000000e+00
 136.5100000    1.0001041185e+00    1.0002442123e+00    6.2256731733e-05    2.5000000000e-01    6.3750000000e+01    2.5000000000e-01    0.0000000000e+00                 nan    0.0000000000e+00    0.0000000000e+00    0.0000000000e+00    0.0000000000e+00    0.0000000000e+00    0.0000000000e+00
 137.0100000    1.0001040513e+00    1.0002443146e+00    6.1627981830e-05    2.5000000000e-01    6.3750000000e+01    2.5000000000e-01    0.0000000000e+00                 nan    0.0000000000e+00    0.0000000000e+00    0.0000000000e+00    0.0000000000e+00    0.0000000000e+00    0.0000000000e+00
 137.5100000    1.0001039790e+00    1.0002444185e+00    6.1314909770e-05    2.5000000000e-01    6.3750000000e+01    2.5000000000e-01    0.0000000000e+00                 nan    0.0000000000e+00    0.0000000000e+00    0.0000000000e+00    0.0000000000e+00    0.0000000000e+00    0.0000000000e+00
 138.0100000    1.0001039292e+00    1.0002445072e+00    6.1443432595e-05    2.5000000000e-01    6.3750000000e+01    2.5000000000e-01    0.0000000000e+00                 nan    0.0000000000e+00    0.0000000000e+00    0.0000000000e+00    0.0000000000e+00    0.0000000000e+00    0.0000000000e+00
 138.5100000    1.0001039127e+00    1.0002445743e+00    6.1574310630e-05    2.5000000000e-01    6.3750000000e+01    2.5000000000e-01    0.0000000000e+00                 nan    0.0000000000e+00    0.0000000000e+00    0.0000000000e+00    0.0000000000e+00    0.0000000000e+00    0.0000000000e+00
 139.0100000    1.0001039052e+00    1.0002446349e+00    6.1491891404e-05    2.5000000000e-01    6.3750000000e+01    2.5000000000e-01    0.0000000000e+00                 nan    0.0000000000e+00    0.0000000000e+00    0.0000000000e+00    0.0000000000e+00    0.0000000000e+00    0.0000000000e+00
 139.5100000    1.0001038670e+00    1.0002447142e+00    6.1316709595e-05    2.5000000000e-01    6.3750000000e+01    2.5000000000e-01    0.0000000000e+00                 nan    0.0000000000e+00    0.0000000000e+00    0.0000000000e+00    0.0000000000e+00    0.0000000000e+00    0.0000000000e+00
 140.0100000    1.0001037834e+00    1.0002448233e+00    6.1360418228e-05    2.5000000000e-01    6.3750000000e+01    2.5000000000e-01    0.0000000000e+00                 nan    0.0000000000e+00    0.0000000000e+00    0.0000000000e+00    0.0000000000e+00    0.0000000000e+00    0.0000000000e+00
 140.5100000    1.0001036796e+00    1.0002449472e+00    6.1689833186e-05    2.5000000000e-01    6.3750000000e+01    2.5000000000e-01    0.0000000000e+00                 nan    0.0000000000e+00    0.0000000000e+00    0.0000000000e+00    0.0000000000e+00    0.0000000000e+00    0.0000000000e+00
 141.0100000    1.0001035955e+00    1.0002450601e+00    6.1962115047e-05    2.5000000000e-01    6.3750000000e+01    2.5000000000e-01    0.0000000000e+00                 nan    0.0000000000e+00    0.0000000000e+00    0.0000000000e+00    0.0000000000e+00    0.0000000000e+00    0.0000000000e+00
 141.5100000    1.0001035497e+00    1.0002451433e+00    6.1907150951e-05    2.5000000000e-01    6.3750000000e+01    2.5000000000e-01    0.0000000000e+00                 nan    0.0000000000e+00    0.0000000000e+00    0.0000000000e+00    0.0000000000e+00    0.0000000000e+00    0.0000000000e+00
 142.0100000    1.0001035306e+00    1.0002452085e+00    6.1585550451e-05    2.5000000000e-01    6.3750000000e+01    2.5000000000e-01    0.0000000000e+00                 nan    0.0000000000e+00    0.0000000000e+00    0.0000000000e+00    0.0000000000e+00    0.0000000000e+00    0.0000000000e+00
 142.5100000    1.0001035152e+00    1.0002452705e+00    6.1230788264e-05    2.5000000000e-01    6.3750000000e+01    2.5000000000e-01    0.0000000000e+00                 nan    0.0000000000e+00    0.0000000000e+00    0.0000000000e+00    0.0000000000e+00    0.0000000000e+00    0.0000000000e+00
 143.0100000    1.0001034866e+00    1.0002453406e+00    6.1014543853e-05    2.5000000000e-01    6.3750000000e+01    2.5000000000e-01    0.0000000000e+00                 nan    0.0000000000e+00    0.0000000000e+00    0.0000000000e+00    0.0000000000e+00    0.0000000000e+00    0.0000000000e+00
 143.5100000    1.0001034347e+00    1.0002454256e+00    6.1128885787e-05    2.5000000000e-01    6.3750000000e+01    2.5000000000e-01    0.0000000000e+00                 nan    0.0000000000e+00    0.0000000000e+00    0.0000000000e+00    0.0000000000e+00    0.0000000000e+00    0.0000000000e+00
 144.0100000    1.0001033561e+00    1.0002455267e+00    6.1628431902e-05    2.5000000000e-01    6.3750000000e+01    2.5000000000e-01    0.0000000000e+00                 nan    0.0000000000e+00    0.0000000000e+00    0.0000000000e+00    0.0000000000e+00    0.0000000000e+00    0.0000000000e+00
 144.5100000    1.0001032642e+00    1.0002456351e+00    6.2069330957e-05    2.5000000000e-01    6.3750000000e+01    2.5000000000e-01    0.0000000000e+00                 nan    0.0000000000e+00    0.0000000000e+00    0.0000000000e+00    0.0000000000e+00    0.0000000000e+00    0.0000000000e+00
 145.0100000    1.0001031920e+00    1.0002457312e+00    6.1953651671e-05    2.5000000000e-01    6.3750000000e+01    2.5000000000e-01    0.0000000000e+00                 nan    0.0000000000e+00    0.0000000000e+00    0.0000000000e+00    0.0000000000e+00    0.0000000000e+00    0.0000000000e+00
 145.5100000    1.0001031691e+00    1.0002457979e+00    6.1347675262e-05    2.5000000000e-01    6.3750000000e+01    2.5000000000e-01    0.0000000000e+00                 nan    0.0000000000e+00    0.0000000000e+00    0.0000000000e+00    0.0000000000e+00    0.0000000000e+00    0.0000000000e+00
 146.0100000    1.0001031879e+00    1.0002458399e+00    6.0939630810e-05    2.5000000000e-01    6.3750000000e+01    2.5000000000e-01    0.0000000000e+00                 nan    0.0000000000e+00    0.0000000000e+00    0.0000000000e+00    0.0000000000e+00    0.0000000000e+00    0.0000000000e+00
 146.5100000    1.0001032012e+00    1.0002458851e+00    6.1178139539e-05    2.5000000000e-01    6.3750000000e+01    2.5000000000e-01    0.0000000000e+00                 nan    0.0000000000e+00    0.0000000000e+00    0.0000000000e+00    0.0000000000e+00    0.0000000000e+00    0.0000000000e+00
 147.0100000    1.0001031619e+00    1.0002459616e+00    6.1747788964e-05    2.5000000000e-01    6.3750000000e+01    2.5000000000e-01    0.0000000000e+00                 nan    0.0000000000e+00    0.0000000000e+00    0.0000000000e+00    0.0000000000e+00    0.0000000000e+00    0.0000000000e+00
 147.5100000    1.0001030677e+00    1.0002460717e+00    6.1991214638e-05    2.5000000000e-01    6.3750000000e+01    2.5000000000e-01    0.0000000000e+00                 nan    0.0000000000e+00    0.0000000000e+00    0.0000000000e+00    0.0000000000e+00    0.0000000000e+00    0.0000000000e+00
 148.0100000    1.0001029608e+00    1.0002461903e+00    6.1751261477e-05    2.5000000000e-01    6.3750000000e+01    2.5000000000e-01    0.0000000000e+00                 nan    0.0000000000e+00    0.0000000000e+00    0.0000000000e+00    0.0000000000e+00    0.0000000000e+00    0.0000000000e+00
 148.5100000    1.0001028872e+00    1.0002462888e+00    6.1501329176e-05    2.5000000000e-01    6.3750000000e+01    2.5000000000e-01    0.0000000000e+00                 nan    0.0000000000e+00    0.0000000000e+00    0.0000000000e+00    0.0000000000e+00    0.0000000000e+00    0.0000000000e+00
 149.0100000    1.0001028590e+00    1.0002463583e+00    6.1543686808e-05    2.5000000000e-01    6.3750000000e+01    2.5000000000e-01    0.0000000000e+00                 nan    0.0000000000e+00    0.0000000000e+00    0.0000000000e+00    0.0000000000e+00    0.0000000000e+00    0.0000000000e+00
 149.5100000    1.0001028547e+00    1.0002464112e+00    6.1668464626e-05    2.5000000000e-01    6.3750000000e+01    2.5000000000e-01    0.0000000000e+00                 nan    0.0000000000e+00    0.0000000000e+00    0.0000000000e+00    0.0000000000e+00    0.0000000000e+00    0.0000000000e+00
 150.0100000    1.0001028458e+00    1.0002464660e+00    6.1543880735e-05    2.5000000000e-01    6.3750000000e+01    2.5000000000e-01    0.0000000000e+00                 nan    0.0000000000e+00    0.0000000000e+00    0.0000000000e+00    0.0000000000e+00    0.0000000000e+00    0.0000000000e+00
 150.5100000    1.0001028168e+00    1.0002465340e+00    6.1331051822e-05    2.5000000000e-01    6.3750000000e+01    2.5000000000e-01    0.0000000000e+00                 nan    0.0000000000e+00    0.0000000000e+00    0.0000000000e+00    0.0000000000e+00    0.0000000000e+00    0.0000000000e+00
 151.0100000    1.0001027661e+00    1.0002466166e+00    6.1494019776e-05    2.5000000000e-01    6.3750000000e+01    2.5000000000e-01    0.0000000000e+00                 nan    0.0000000000e+00    0.0000000000e+00    0.0000000000e+00    0.0000000000e+00    0.0000000000e+00    0.0000000000e+00
 151.5100000    1.0001027008e+00    1.0002467088e+00    6.1847505365e-05    2.5000000000e-01    6.3750000000e+01    2.5000000000e-01    0.0000000000e+00                 nan    0.0000000000e+00    0.0000000000e+00    0.0000000000e+00    0.0000000000e+00    0.0000000000e+00    0.0000000000e+00
 152.0100000    1.0001026348e+00    1.0002468010e+00    6.1867163119e-05    2.5000000000e-01    6.3750000000e+01    2.5000000000e-01    0.0000000000e+00                 nan    0.0000000000e+00    0.0000000000e+00    0.0000000000e+00    0.0000000000e+00    0.0000000000e+00    0.0000000000e+00
 152.5100000    1.0001025844e+00    1.0002468831e+00    6.1470044273e-05    2.5000000000e-01    6.3750000000e+01    2.5000000000e-01    0.0000000000e+00                 nan    0.0000000000e+00    0.0000000000e+00    0.0000000000e+00    0.0000000000e+00    0.0000000000e+00    0.0000000000e+00
 153.0100000    1.0001025565e+00    1.0002469509e+00    6.1053873629e-05    2.5000000000e-01    6.3750000000e+01    2.5000000000e-01    0.0000000000e+00                 nan    0.0000000000e+00    0.0000000000e+00    0.0000000000e+00    0.0000000000e+00    0.0000000000e+00    0.0000000000e+00
 153.5100000    1.0001025406e+00    1.0002470109e+00    6.1124998887e-05    2.5000000000e-01    6.3750000000e+01    2.5000000000e-01    0.0000000000e+00                 nan    0.0000000000e+00    0.0000000000e+00    0.0000000000e+00    0.0000000000e+00    0.0000000000e+00    0.0000000000e+00
 154.0100000    1.0001025177e+00    1.0002470747e+00    6.1833759712e-05    2.5000000000e-01    6.3750000000e+01    2.5000000000e-01    0.0000000000e+00                 nan    0.0000000000e+00    0.0000000000e+00    0.0000000000e+00    0.0000000000e+00    0.0000000000e+00    0.0000000000e+00
 154.5100000    1.0001024793e+00    1.0002471480e+00    6.2477569493e-05    2.5000000000e-01    6.3750000000e+01    2.5000000000e-01    0.0000000000e+00                 nan    0.0000000000e+00    0.0000000000e+00    0.0000000000e+00    0.0000000000e+00    0.0000000000e+00    0.0000000000e+00
 155.0100000    1.0001024343e+00    1.0002472262e+00    6.2249538565e-05    2.5000000000e-01    6.3750000000e+01    2.5000000000e-01    0.0000000000e+00                 nan    0.0000000000e+00    0.0000000000e+00    0.0000000000e+00    0.0000000000e+00    0.0000000000e+00    0.0000000000e+00
 155.5100000    1.0001023967e+00    1.0002473005e+00    6.1392515603e-05    2.5000000000e-01    6.3750000000e+01    2.5000000000e-01    0.0000000000e+00                 nan    0.0000000000e+00    0.0000000000e+00    0.0000000000e+00    0.0000000000e+00    0.0000000000e+00    0.0000000000e+00
 156.0100000    1.0001023695e+00    1.0002473686e+00    6.0925069069e-05    2.5000000000e-01    6.3750000000e+01    2.5000000000e-01    0.0000000000e+00                 nan    0.0000000000e+00    0.0000000000e+00    0.0000000000e+00    0.0000000000e+00    0.0000000000e+00    0.0000000000e+00
 156.5100000    1.0001023435e+00    1.0002474354e+00    6.1037233235e-05    2.5000000000e-01    6.3750000000e+01    2.5000000000e-01    0.0000000000e+00                 nan    0.0000000000e+00    0.0000000000e+00    0.0000000000e+00    0.0000000000e+00    0.0000000000e+00    0.0000000000e+00
 157.0100000    1.0001023102e+00    1.0002475062e+00    6.1385243722e-05    2.5000000000e-01    6.3750000000e+01    2.5000000000e-01    0.0000000000e+00                 nan    0.0000000000e+00    0.0000000000e+00    0.0000000000e+00    0.0000000000e+00    0.0000000000e+00    0.0000000000e+00
 157.5100000    1.0001022715e+00    1.0002475803e+00    6.1610596070e-05    2.5000000000e-01    6.3750000000e+01    2.5000000000e-01    0.0000000000e+00                 nan    0.0000000000e+00    0.0000000000e+00    0.0000000000e+00    0.0000000000e+00    0.0000000000e+00    0.0000000000e+00
 158.0100000    1.0001022348e+00    1.0002476536e+00    6.1761056616e-05    2.5000000000e-01    6.3750000000e+01    2.5000000000e-01    0.0000000000e+00                 nan    0.0000000000e+00    0.0000000000e+00    0.0000000000e+00    0.0000000000e+00    0.0000000000e+00    0.0000000000e+00
 158.5100000    1.0001022035e+00    1.0002477235e+00    6.1851522005e-05    2.5000000000e-01    6.3750000000e+01    2.5000000000e-01    0.0000000000e+00                 nan    0.0000000000e+00    0.0000000000e+00    0.0000000000e+00    0.0000000000e+00    0.0000000000e+00    0.0000000000e+00
 159.0100000    1.0001021741e+00    1.0002477917e+00    6.1794951266e-05    2.5000000000e-01    6.3750000000e+01    2.5000000000e-01    0.0000000000e+00                 nan    0.0000000000e+00    0.0000000000e+00    0.0000000000e+00    0.0000000000e+00    0.0000000000e+00    0.0000000000e+00
 159.5100000    1.0001021428e+00    1.0002478604e+00    6.1517330192e-05    2.5000000000e-01    6.3750000000e+01    2.5000000000e-01    0.0000000000e+00                 nan    0.0000000000e+00    0.0000000000e+00    0.0000000000e+00    0.0000000000e+00    0.0000000000e+00    0.0000000000e+00
 160.0100000    1.0001021106e+00    1.0002479294e+00    6.1256423143e-05    2.5000000000e-01    6.3750000000e+01    2.5000000000e-01    0.0000000000e+00                 nan    0.0000000000e+00    0.0000000000e+00    0.0000000000e+00    0.0000000000e+00    0.0000000000e+00    0.0000000000e+00
 160.5100000    1.0001020814e+00    1.0002479969e+00    6.1239302738e-05    2.5000000000e-01    6.3750000000e+01    2.5000000000e-01    0.0000000000e+00                 nan    0.0000000000e+00    0.0000000000e+00    0.0000000000e+00    0.0000000000e+00    0.0000000000e+00    0.0000000000e+00
 161.0100000    1.0001020573e+00    1.0002480619e+00    6.1580934699e-05    2.5000000000e-01    6.3750000000e+01    2.5000000000e-01    0.0000000000e+00                 nan    0.0000000000e+00    0.0000000000e+00    0.0000000000e+00    0.0000000000e+00    0.0000000000e+00    0.0000000000e+00
 161.5100000    1.0001020368e+00    1.0002481252e+00    6.1987602191e-05    2.5000000000e-01    6.3750000000e+01    2.5000000000e-01    0.0000000000e+00                 nan    0.0000000000e+00    0.0000000000e+00    0.0000000000e+00    0.0000000000e+00    0.0000000000e+00    0.0000000000e+00
 162.0100000    1.0001020153e+00    1.0002481889e+00    6.1967412840e-05    2.5000000000e-01    6.3750000000e+01    2.5000000000e-01    0.0000000000e+00                 nan    0.0000000000e+00    0.0000000000e+00    0.0000000000e+00    0.0000000000e+00    0.0000000000e+00    0.0000000000e+00
 162.5100000    1.0001019874e+00    1.0002482562e+00    6.1594725813e-05    2.5000000000e-01    6.3750000000e+01    2.5000000000e-01    0.0000000000e+00                 nan    0.0000000000e+00    0.0000000000e+00    0.0000000000e+00    0.0000000000e+00    0.0000000000e+00    0.0000000000e+00
 163.0100000    1.0001019491e+00    1.0002483291e+00    6.1214108744e-05    2.5000000000e-01    6.3750000000e+01    2.5000000000e-01    0.0000000000e+00                 nan    0.0000000000e+00    0.0000000000e+00    0.0000000000e+00    0.0000000000e+00    0.0000000000e+00    0.0000000000e+00
 163.5100000    1.0001019031e+00    1.0002484060e+00    6.1040353954e-05    2.5000000000e-01    6.3750000000e+01    2.5000000000e-01    0.0000000000e+00                 nan    0.0000000000e+00    0.0000000000e+00    0.0000000000e+00    0.0000000000e+00    0.0000000000e+00    0.0000000000e+00
 164.0100000    1.0001018573e+00    1.0002484801e+00    6.1204650252e-05    2.5000000000e-01    2.5000000000e-01    2.5000000000e-01    0.0000000000e+00                 nan    0.0000000000e+00    0.0000000000e+00    0.0000000000e+00    0.0000000000e+00    0.0000000000e+00    0.0000000000e+00
 164.5100000    1.0001018310e+00    1.0002485433e+00    6.1507211774e-05    2.5000000000e-01    2.5000000000e-01    2.5000000000e-01    0.0000000000e+00                 nan    0.0000000000e+00    0.0000000000e+00    0.0000000000e+00    0.0000000000e+00    0.0000000000e+00    0.0000000000e+00
 165.0100000    1.0001018279e+00    1.0002485935e+00    6.1622315734e-05    2.5000000000e-01    2.5000000000e-01    2.5000000000e-01    0.0000000000e+00                 nan    0.0000000000e+00    0.0000000000e+00    0.0000000000e+00    0.0000000000e+00    0.0000000000e+00    0.0000000000e+00
 165.5100000    1.0001018312e+00    1.0002486404e+00    6.1617422050e-05    2.5000000000e-01    2.5000000000e-01    2.5000000000e-01    0.0000000000e+00                 nan    0.0000000000e+00    0.0000000000e+00    0.0000000000e+00    0.0000000000e+00    0.0000000000e+00    0.0000000000e+00
 166.0100000    1.0001018114e+00    1.0002487001e+00    6.1630403033e-05    2.5000000000e-01    2.5000000000e-01    2.5000000000e-01    0.0000000000e+00                 nan    0.0000000000e+00    0.0000000000e+00    0.0000000000e+00    0.0000000000e+00    0.0000000000e+00    0.0000000000e+00
 166.5100000    1.0001017525e+00    1.0002487812e+00    6.1503268933e-05    2.5000000000e-01    2.5000000000e-01    2.5000000000e-01    0.0000000000e+00                 nan    0.0000000000e+00    0.0000000000e+00    0.0000000000e+00    0.0000000000e+00    0.0000000000e+00    0.0000000000e+00
 167.0100000    1.0001016723e+00    1.0002488729e+00    6.1281239554e-05    2.5000000000e-01    2.5000000000e-01    2.5000000000e-01    0.0000000000e+00                 nan    0.0000000000e+00    0.0000000000e+00    0.0000000000e+00    0.0000000000e+00    0.0000000000e+00    0.0000000000e+00
 167.5100000    1.0001016144e+00    1.0002489501e+00    6.1225376401e-05    2.5000000000e-01    2.5000000000e-01    2.5000000000e-01    0.0000000000e+00                 nan    0.0000000000e+00    0.0000000000e+00    0.0000000000e+00    0.0000000000e+00    0.0000000000e+00    0.0000000000e+00
 168.0100000    1.0001016113e+00    1.0002489948e+00    6.1286143226e-05    2.5000000000e-01    2.5000000000e-01    2.5000000000e-01    0.0000000000e+00                 nan    0.0000000000e+00    0.0000000000e+00    0.0000000000e+00    0.0000000000e+00    0.0000000000e+00    0.0000000000e+00
 168.5100000    1.0001016526e+00    1.0002490147e+00    6.1503082275e-05    2.5000000000e-01    2.5000000000e-01    2.5000000000e-01    0.0000000000e+00                 nan    0.0000000000e+00    0.0000000000e+00    0.0000000000e+00    0.0000000000e+00    0.0000000000e+00    0.0000000000e+00
 169.0100000    1.0001016902e+00    1.0002490394e+00    6.1771946801e-05    2.5000000000e-01    2.5000000000e-01    2.5000000000e-01    0.0000000000e+00                 nan    0.0000000000e+00    0.0000000000e+00    0.0000000000e+00    0.0000000000e+00    0.0000000000e+00    0.0000000000e+00
 169.5100000    1.0001016797e+00    1.0002490956e+00    6.1704795540e-05    2.5000000000e-01    2.5000000000e-01    2.5000000000e-01    0.0000000000e+00                 nan    0.0000000000e+00    0.0000000000e+00    0.0000000000e+00    0.0000000000e+00    0.0000000000e+00    0.0000000000e+00
 170.0100000    1.0001016167e+00    1.0002491850e+00    6.1275883461e-05    2.5000000000e-01    2.5000000000e-01    2.5000000000e-01    0.0000000000e+00                 nan    0.0000000000e+00    0.0000000000e+00    0.0000000000e+00    0.0000000000e+00    0.0000000000e+00    0.0000000000e+00
 170.5100000    1.0001015376e+00    1.0002492839e+00    6.0891910934e-05    2.5000000000e-01    2.5000000000e-01    2.5000000000e-01    0.0000000000e+00                 nan    0.0000000000e+00    0.0000000000e+00    0.0000000000e+00    0.0000000000e+00    0.0000000000e+00    0.0000000000e+00
 171.0100000    1.0001014875e+00    1.0002493632e+00    6.0933275979e-05    2.5000000000e-01    2.5000000000e-01    2.5000000000e-01    0.0000000000e+00                 nan    0.0000000000e+00    0.0000000000e+00    0.0000000000e+00    0.0000000000e+00    0.0000000000e+00    0.0000000000e+00
 171.5100000    1.0001014877e+00    1.0002494090e+00    6.1296233698e-05    2.5000000000e-01    2.5000000000e-01    2.5000000000e-01    0.0000000000e+00                 nan    0.0000000000e+00    0.0000000000e+00    0.0000000000e+00    0.0000000000e+00    0.0000000000e+00    0.0000000000e+00
 172.0100000    1.0001015263e+00    1.0002494291e+00    6.1559284515e-05    2.5000000000e-01    2.5000000000e-01    2.5000000000e-01    0.0000000000e+00                 nan    0.0000000000e+00    0.0000000000e+00    0.0000000000e+00    0.0000000000e+00    0.0000000000e+00    0.0000000000e+00
 172.5100000    1.0001015689e+00    1.0002494463e+00    6.1464767251e-05    2.5000000000e-01    2.5000000000e-01    2.5000000000e-01    0.0000000000e+00                 nan    0.0000000000e+00    0.0000000000e+00    0.0000000000e+00    0.0000000000e+00    0.0000000000e+00    0.0000000000e+00
 173.0100000    1.0001015787e+00    1.0002494849e+00    6.1296829071e-05    2.5000000000e-01    2.5000000000e-01    2.5000000000e-01    0.0000000000e+00                 nan    0.0000000000e+00    0.0000000000e+00    0.0000000000e+00    0.0000000000e+00    0.0000000000e+00    0.0000000000e+00
 173.5100000    1.0001015378e+00    1.0002495570e+00    6.1357001114e-05    2.5000000000e-01    2.5000000000e-01    2.5000000000e-01    0.0000000000e+00                 nan    0.0000000000e+00    0.0000000000e+00    0.0000000000e+00    0.0000000000e+00    0.0000000000e+00    0.0000000000e+00
 174.0100000    1.0001014628e+00    1.0002496521e+00    6.1591049372e-05    2.5000000000e-01    2.5000000000e-01    2.5000000000e-01    0.0000000000e+00                 nan    0.0000000000e+00    0.0000000000e+00    0.0000000000e+00    0.0000000000e+00    0.0000000000e+00    0.0000000000e+00
 174.5100000    1.0001013995e+00    1.0002497413e+00    6.1623997646e-05    2.5000000000e-01    2.5000000000e-01    2.5000000000e-01    0.0000000000e+00                 nan    0.0000000000e+00    0.0000000000e+00    0.0000000000e+00    0.0000000000e+00    0.0000000000e+00    0.0000000000e+00
 175.0100000    1.0001013918e+00    1.0002497965e+00    6.1201353991e-05    2.5000000000e-01    2.5000000000e-01    2.5000000000e-01    0.0000000000e+00                 nan    0.0000000000e+00    0.0000000000e+00    0.0000000000e+00    0.0000000000e+00    0.0000000000e+00    0.0000000000e+00
 175.5100000    1.0001014435e+00    1.0002498147e+00    6.0769910672e-05    2.5000000000e-01    2.5000000000e-01    2.5000000000e-01    0.0000000000e+00                 nan    0.0000000000e+00    0.0000000000e+00    0.0000000000e+00    0.0000000000e+00    0.0000000000e+00    0.0000000000e+00
 176.0100000    1.0001015113e+00    1.0002498225e+00    6.0828329655e-05    2.5000000000e-01    2.5000000000e-01    2.5000000000e-01    0.0000000000e+00                 nan    0.0000000000e+00    0.0000000000e+00    0.0000000000e+00    0.0000000000e+00    0.0000000000e+00    0.0000000000e+00
 176.5100000    1.0001015411e+00    1.0002498538e+00    6.1266862925e-05    2.5000000000e-01    2.5000000000e-01    2.5000000000e-01    0.0000000000e+00                 nan    0.0000000000e+00    0.0000000000e+00    0.0000000000e+00    0.0000000000e+00    0.0000000000e+00    0.0000000000e+00
 177.0100000    1.0001015153e+00    1.0002499200e+00    6.1650453143e-05    2.5000000000e-01    2.5000000000e-01    2.5000000000e-01    0.0000000000e+00                 nan    0.0000000000e+00    0.0000000000e+00    0.0000000000e+00    0.0000000000e+00    0.0000000000e+00    0.0000000000e+00
 177.5100000    1.0001014643e+00    1.0002500019e+00    6.1510362702e-05    2.5000000000e-01    2.5000000000e-01    2.5000000000e-01    0.0000000000e+00                 nan    0.0000000000e+00    0.0000000000e+00    0.0000000000e+00    0.0000000000e+00    0.0000000000e+00    0.0000000000e+00
 178.0100000    1.0001014323e+00    1.0002500707e+00    6.1128179070e-05    2.5000000000e-01    2.5000000000e-01    2.5000000000e-01    0.0000000000e+00                 nan    0.0000000000e+00    0.0000000000e+00    0.0000000000e+00    0.0000000000e+00    0.0000000000e+00    0.0000000000e+00
 178.5100000    1.0001014363e+00    1.0002501146e+00    6.1095678150e-05    2.5000000000e-01    2.5000000000e-01    2.5000000000e-01    0.0000000000e+00                 nan    0.0000000000e+00    0.0000000000e+00    0.0000000000e+00    0.0000000000e+00    0.0000000000e+00    0.0000000000e+00
 179.0100000    1.0001014588e+00    1.0002501451e+00    6.1367061723e-05    2.5000000000e-01    2.5000000000e-01    2.5000000000e-01    0.0000000000e+00                 nan    0.0000000000e+00    0.0000000000e+00    0.0000000000e+00    0.0000000000e+00    0.0000000000e+00    0.0000000000e+00
 179.5100000    1.0001014742e+00    1.0002501810e+00    6.1455179327e-05    2.5000000000e-01    2.5000000000e-01    2.5000000000e-01    0.0000000000e+00                 nan    0.0000000000e+00    0.0000000000e+00    0.0000000000e+00    0.0000000000e+00    0.0000000000e+00    0.0000000000e+00
 180.0100000    1.0001014743e+00    1.0002502300e+00    6.1184263492e-05    2.5000000000e-01    2.5000000000e-01    2.5000000000e-01    0.0000000000e+00                 nan    0.0000000000e+00    0.0000000000e+00    0.0000000000e+00    0.0000000000e+00    0.0000000000e+00    0.0000000000e+00
 180.5100000    1.0001014677e+00    1.0002502871e+00    6.0904077178e-05    2.5000000000e-01    2.5000000000e-01    2.5000000000e-01    0.0000000000e+00                 nan    0.0000000000e+00    0.0000000000e+00    0.0000000000e+00    0.0000000000e+00    0.0000000000e+00    0.0000000000e+00
 181.0100000    1.0001014644e+00    1.0002503433e+00    6.0980655145e-05    2.5000000000e-01    2.5000000000e-01    2.5000000000e-01    0.0000000000e+00                 nan    0.0000000000e+00    0.0000000000e+00    0.0000000000e+00    0.0000000000e+00    0.0000000000e+00    0.0000000000e+00
 181.5100000    1.0001014648e+00    1.0002503953e+00    6.1337054287e-05    2.5000000000e-01    2.5000000000e-01    2.5000000000e-01    0.0000000000e+00                 nan    0.0000000000e+00    0.0000000000e+00    0.0000000000e+00    0.0000000000e+00    0.0000000000e+00    0.0000000000e+00
 182.0100000    1.0001014649e+00    1.0002504445e+00    6.1553277803e-05    2.5000000000e-01    2.5000000000e-01    2.5000000000e-01    0.0000000000e+00                 nan    0.0000000000e+00    0.0000000000e+00    0.0000000000e+00    0.0000000000e+00    0.0000000000e+00    0.0000000000e+00
 182.5100000    1.0001014641e+00    1.0002504927e+00    6.1301848359e-05    2.5000000000e-01    2.5000000000e-01    2.5000000000e-01    0.0000000000e+00                 nan    0.0000000000e+00    0.0000000000e+00    0.0000000000e+00    0.0000000000e+00    0.0000000000e+00    0.0000000000e+00
 183.0100000    1.0001014657e+00    1.0002505397e+00    6.0878682665e-05    2.5000000000e-01    2.5000000000e-01    2.5000000000e-01    0.0000000000e+00                 nan    0.0000000000e+00    0.0000000000e+00    0.0000000000e+00    0.0000000000e+00    0.0000000000e+00    0.0000000000e+00
 183.5100000    1.0001014721e+00    1.0002505853e+00    6.0776261710e-05    2.5000000000e-01    2.5000000000e-01    2.5000000000e-01    0.0000000000e+00                 nan    0.0000000000e+00    0.0000000000e+00    0.0000000000e+00    0.0000000000e+00    0.0000000000e+00    0.0000000000e+00
 184.0100000    1.0001014809e+00    1.0002506304e+00    6.0991994521e-05    2.5000000000e-01    2.5000000000e-01    2.5000000000e-01    0.0000000000e+00                 nan    0.0000000000e+00    0.0000000000e+00    0.0000000000e+00    0.0000000000e+00    0.0000000000e+00    0.0000000000e+00
 184.5100000    1.0001014879e+00    1.0002506767e+00    6.1109817438e-05    2.5000000000e-01    2.5000000000e-01    2.5000000000e-01    0.0000000000e+00                 nan    0.0000000000e+00    0.0000000000e+00    0.0000000000e+00    0.0000000000e+00    0.0000000000e+00    0.0000000000e+00
 185.0100000    1.0001014908e+00    1.0002507249e+00    6.0982761301e-05    2.5000000000e-01    2.5000000000e-01    2.5000000000e-01    0.0000000000e+00                 nan    0.0000000000e+00    0.0000000000e+00    0.0000000000e+00    0.0000000000e+00    0.0000000000e+00    0.0000000000e+00
 185.5100000    1.0001014894e+00    1.0002507755e+00    6.0890072784e-05    2.5000000000e-01    2.5000000000e-01    2.5000000000e-01    0.0000000000e+00                 nan    0.0000000000e+00    0.0000000000e+00    0.0000000000e+00    0.0000000000e+00    0.0000000000e+00    0.0000000000e+00
 186.0100000    1.0001014843e+00    1.0002508285e+00    6.1105882148e-05    2.5000000000e-01    2.5000000000e-01    2.5000000000e-01    0.0000000000e+00                 nan    0.0000000000e+00    0.0000000000e+00    0.0000000000e+00    0.0000000000e+00    0.0000000000e+00    0.0000000000e+00
 186.5100000    1.0001014795e+00    1.0002508820e+00    6.1521564547e-05    2.5000000000e-01    2.5000000000e-01    2.5000000000e-01    0.0000000000e+00                 nan    0.0000000000e+00    0.0000000000e+00    0.0000000000e+00    0.0000000000e+00    0.0000000000e+00    0.0000000000e+00
 187.0100000    1.0001014836e+00    1.0002509302e+00    6.1594024231e-05    2.5000000000e-01    2.5000000000e-01    2.5000000000e-01    0.0000000000e+00                 nan    0.0000000000e+00    0.0000000000e+00    0.0000000000e+00    0.0000000000e+00    0.0000000000e+00    0.0000000000e+00
 187.5100000    1.0001015027e+00    1.0002509687e+00    6.1096722967e-05    2.5000000000e-01    2.5000000000e-01    2.5000000000e-01    0.0000000000e+00                 nan    0.0000000000e+00    0.0000000000e+00    0.0000000000e+00    0.0000000000e+00    0.0000000000e+00    0.0000000000e+00
 188.0100000    1.0001015283e+00    1.0002510017e+00    6.0534723183e-05    2.5000000000e-01    2.5000000000e-01    2.5000000000e-01    0.0000000000e+00                 nan    0.0000000000e+00    0.0000000000e+00    0.0000000000e+00    0.0000000000e+00    0.0000000000e+00    0.0000000000e+00
 188.5100000    1.0001015393e+00    1.0002510419e+00    6.0397830410e-05    2.5000000000e-01    2.5000000000e-01    2.5000000000e-01    0.0000000000e+00                 nan    0.0000000000e+00    0.0000000000e+00    0.0000000000e+00    0.0000000000e+00    0.0000000000e+00    0.0000000000e+00
 189.0100000    1.0001015229e+00    1.0002510982e+00    6.0777238845e-05    2.5000000000e-01    2.5000000000e-01    2.5000000000e-01    0.0000000000e+00                 nan    0.0000000000e+00    0.0000000000e+00    0.0000000000e+00    0.0000000000e+00    0.0000000000e+00    0.0000000000e+00
 189.5100000    1.0001014921e+00    1.0002511645e+00    6.1389387043e-05    2.5000000000e-01    2.5000000000e-01    2.5000000000e-01    0.0000000000e+00                 nan    0.0000000000e+00    0.0000000000e+00    0.0000000000e+00    0.0000000000e+00    0.0000000000e+00    0.0000000000e+00
 190.0100000    1.0001014761e+00    1.0002512242e+00    6.1700829438e-05    2.5000000000e-01    2.5000000000e-01    2.5000000000e-01    0.0000000000e+00                 nan    0.0000000000e+00    0.0000000000e+00    0.0000000000e+00    0.0000000000e+00    0.0000000000e+00    0.0000000000e+00
 190.5100000    1.0001014903e+00    1.0002512669e+00    6.1361825326e-05    2.5000000000e-01    2.5000000000e-01    2.5000000000e-01    0.0000000000e+00                 nan    0.0000000000e+00    0.0000000000e+00    0.0000000000e+00    0.0000000000e+00    0.0000000000e+00    0.0000000000e+00
 191.0100000    1.0001015229e+00    1.0002512978e+00    6.0726218282e-05    2.5000000000e-01    2.5000000000e-01    2.5000000000e-01    0.0000000000e+00                 nan    0.0000000000e+00    0.0000000000e+00    0.0000000000e+00    0.0000000000e+00    0.0000000000e+00    0.0000000000e+00
 191.5100000    1.0001015505e+00    1.0002513297e+00    6.0367079418e-05    2.5000000000e-01    2.5000000000e-01    2.5000000000e-01    0.0000000000e+00                 nan    0.0000000000e+00    0.0000000000e+00    0.0000000000e+00    0.0000000000e+00    0.0000000000e+00    0.0000000000e+00
 192.0100000    1.0001015619e+00    1.0002513701e+00    6.0437145020e-05    2.5000000000e-01    2.5000000000e-01    2.5000000000e-01    0.0000000000e+00                 nan    0.0000000000e+00    0.0000000000e+00    0.0000000000e+00    0.0000000000e+00    0.0000000000e+00    0.0000000000e+00
 192.5100000    1.0001015616e+00    1.0002514177e+00    6.0902537941e-05    2.5000000000e-01    2.5000000000e-01    2.5000000000e-01    0.0000000000e+00                 nan    0.0000000000e+00    0.0000000000e+00    0.0000000000e+00    0.0000000000e+00    0.0000000000e+00    0.0000000000e+00
 193.0100000    1.0001015563e+00    1.0002514691e+00    6.1445031166e-05    2.5000000000e-01    2.5000000000e-01    2.5000000000e-01    0.0000000000e+00                 nan    0.0000000000e+00    0.0000000000e+00    0.0000000000e+00    0.0000000000e+00    0.0000000000e+00    0.0000000000e+00
 193.5100000    1.0001015493e+00    1.0002515220e+00    6.1527705713e-05    2.5000000000e-01    2.5000000000e-01    2.5000000000e-01    0.0000000000e+00                 nan    0.0000000000e+00    0.0000000000e+00    0.0000000000e+00    0.0000000000e+00    0.0000000000e+00    0.0000000000e+00
 194.0100000    1.0001015470e+00    1.0002515724e+00    6.1092847290e-05    2.5000000000e-01    2.5000000000e-01    2.5000000000e-01    0.0000000000e+00                 nan    0.0000000000e+00    0.0000000000e+00    0.0000000000e+00    0.0000000000e+00    0.0000000000e+00    0.0000000000e+00
 194.5100000    1.0001015605e+00    1.0002516140e+00    6.0540934003e-05    2.5000000000e-01    2.5000000000e-01    2.5000000000e-01    0.0000000000e+00                 nan    0.0000000000e+00    0.0000000000e+00    0.0000000000e+00    0.0000000000e+00    0.0000000000e+00    0.0000000000e+00
 195.0100000    1.0001015913e+00    1.0002516463e+00    6.0300685397e-05    2.5000000000e-01    2.5000000000e-01    2.5000000000e-01    0.0000000000e+00                 nan    0.0000000000e+00    0.0000000000e+00    0.0000000000e+00    0.0000000000e+00    0.0000000000e+00    0.0000000000e+00
 195.5100000    1.0001016207e+00    1.0002516799e+00    6.0498485090e-05    2.5000000000e-01    2.5000000000e-01    2.5000000000e-01    0.0000000000e+00                 nan    0.0000000000e+00    0.0000000000e+00    0.0000000000e+00    0.0000000000e+00    0.0000000000e+00    0.0000000000e+00
 196.0100000    1.0001016252e+00    1.0002517283e+00    6.0949363394e-05    2.5000000000e-01    2.5000000000e-01    2.5000000000e-01    0.0000000000e+00                 nan    0.0000000000e+00    0.0000000000e+00    0.0000000000e+00    0.0000000000e+00    0.0000000000e+00    0.0000000000e+00
 196.5100000    1.0001016052e+00    1.0002517907e+00    6.1170893523e-05    2.5000000000e-01    2.5000000000e-01    2.5000000000e-01    0.0000000000e+00                 nan    0.0000000000e+00    0.0000000000e+00    0.0000000000e+00    0.0000000000e+00    0.0000000000e+00    0.0000000000e+00
 197.0100000    1.0001015902e+00    1.0002518499e+00    6.1066157903e-05    2.5000000000e-01    2.5000000000e-01    2.5000000000e-01    0.0000000000e+00                 nan    0.0000000000e+00    0.0000000000e+00    0.0000000000e+00    0.0000000000e+00    0.0000000000e+00    0.0000000000e+00
 197.5100000    1.0001016066e+00    1.0002518896e+00    6.0929662127e-05    2.5000000000e-01    2.5000000000e-01    2.5000000000e-01    0.0000000000e+00                 nan    0.0000000000e+00    0.0000000000e+00    0.0000000000e+00    0.0000000000e+00    0.0000000000e+00    0.0000000000e+00
 198.0100000    1.0001016458e+00    1.0002519138e+00    6.0651632281e-05    2.5000000000e-01    2.5000000000e-01    2.5000000000e-01    0.0000000000e+00                 nan    0.0000000000e+00    0.0000000000e+00    0.0000000000e+00    0.0000000000e+00    0.0000000000e+00    0.0000000000e+00
 198.5100000    1.0001016727e+00    1.0002519431e+00    6.0398182524e-05    2.5000000000e-01    2.5000000000e-01    2.5000000000e-01    0.0000000000e+00                 nan    0.0000000000e+00    0.0000000000e+00    0.0000000000e+00    0.0000000000e+00    0.0000000000e+00    0.0000000000e+00
 199.0100000    1.0001016669e+00    1.0002519913e+00    6.0486950917e-05    2.5000000000e-01    2.5000000000e-01    2.5000000000e-01    0.0000000000e+00                 nan    0.0000000000e+00    0.0000000000e+00    0.0000000000e+00    0.0000000000e+00    0.0000000000e+00    0.0000000000e+00
 199.5100000    1.0001016462e+00    1.0002520507e+00    6.0792327436e-05    2.5000000000e-01    2.5000000000e-01    2.5000000000e-01    0.0000000000e+00                 nan    0.0000000000e+00    0.0000000000e+00    0.0000000000e+00    0.0000000000e+00    0.0000000000e+00    0.0000000000e+00
 200.0100000    1.0001016449e+00    1.0002521019e+00    6.1158092178e-05    2.5000000000e-01    2.5000000000e-01    2.5000000000e-01    0.0000000000e+00                 nan    0.0000000000e+00    0.0000000000e+00    0.0000000000e+00    0.0000000000e+00    0.0000000000e+00    0.0000000000e+00
