# time  chi_mean_R8  chi_min_R8  chi_max_R8  lapse_mean_R8  lapse_min_R8  lapse_max_R8  K_mean_R8  K_min_R8  K_max_R8  chi_mean_R16  chi_min_R16  chi_max_R16  lapse_mean_R16  lapse_min_R16  lapse_max_R16  K_mean_R16  K_min_R16  K_max_R16
0.0000000000000000e+00  1.0021352481953145e+00  9.7711852327060222e-01  1.0276313727346258e+00  1.0013049772953175e+00  9.8217102833899350e-01  1.0208177721181775e+00  0.0000000000000000e+00  0.0000000000000000e+00  0.0000000000000000e+00  1.0012640671356969e+00  9.9068156513366545e-01  1.0134933294423818e+00  1.0008130056217621e+00  9.9519811701717487e-01  1.0073504882735200e+00  0.0000000000000000e+00  0.0000000000000000e+00  0.0000000000000000e+00
2.0000000000000001e-01  1.0021396492820551e+00  9.7710823504142508e-01  1.0276422365894786e+00  1.0013070887097271e+00  9.8220325331880343e-01  1.0207868709721755e+00  2.4414950921943280e-05  -1.0879190395367674e-03  8.0582576582793918e-04  1.0012634531310030e+00  9.9065636285337866e-01  1.0134602016021812e+00  1.0008128348162852e+00  9.9517660599485680e-01  1.0073100083309781e+00  -2.3047703505255854e-06  -3.1475811223172982e-04  2.7518349668840397e-04
4.0000000000000002e-01  1.0021425548360376e+00  9.7707705997314220e-01  1.0276747937102879e+00  1.0013058261255696e+00  9.8230025124529874e-01  1.0206934637501279e+00  1.7814788692520553e-05  -9.6097251258272121e-04  7.8412864524743451e-04  1.0012633023273310e+00  9.9064660572530294e-01  1.0134658789728292e+00  1.0008131069502519e+00  9.9516180998328374e-01  1.0072637575575683e+00  -8.6566248297683893e-07  -1.8113610895691406e-04  2.0795039253762237e-04
5.9999999999999998e-01  1.0021448984630057e+00  9.7702496900903701e-01  1.0277289186931606e+00  1.0013027827643211e+00  9.8246169174431219e-01  1.0205373422472190e+00  1.6238065281827557e-05  -7.6347489286773026e-04  6.7230669953977692e-04  1.0012632802018344e+00  9.9063902920642977e-01  1.0134876776179444e+00  1.0008133723389272e+00  9.9516295386093767e-01  1.0072330067733624e+00  -3.9665677459584401e-07  -1.4999482791278203e-04  2.2049872286252395e-04
8.0000000000000104e-01  1.0021474910904344e+00  9.7695208675817646e-01  1.0278045521191703e+00  1.0012983987318615e+00  9.8268715994232392e-01  1.0203184792949012e+00  1.7864838671997549e-05  -9.5072513804064730e-04  8.4289564197404226e-04  1.0012633116708733e+00  9.9063002850305293e-01  1.0134946070656390e+00  1.0008135555777216e+00  9.9517645995644932e-01  1.0072258046691507e+00  -7.6515634162712532e-08  -1.3669822695473499e-04  2.1790097519890425e-04
1.0000000000000000e+00  1.0021506219977421e+00  9.7685867106538071e-01  1.0279016110454506e+00  1.0012925191254658e+00  9.8297603227322838e-01  1.0200370034167217e+00  2.1067224020013304e-05  -1.1371581546727131e-03  1.0312732642209462e-03  1.0012633768386288e+00  9.9062660448257633e-01  1.0135002120730539e+00  1.0008136641199574e+00  9.9518700045717612e-01  1.0072242608235293e+00  1.9541919969227102e-07  -1.2671259365853120e-04  1.9196078899590924e-04
1.2000000000000000e+00  1.0021544545364938e+00  9.7674513673330110e-01  1.0280198988309499e+00  1.0012848674126023e+00  9.8332738692211485e-01  1.0196933261767844e+00  2.4707455560761914e-05  -1.3182719929062329e-03  1.2047519531111167e-03  1.0012634799383371e+00  9.9062343820915955e-01  1.0135226833789075e+00  1.0008136848657085e+00  9.9519720719197435e-01  1.0071989128734167e+00  5.8044867637838672e-07  -1.2351744705599451e-04  1.9299064282611483e-04
1.3999999999999899e+00  1.0021588240112886e+00  9.7661219398309551e-01  1.0281590281823683e+00  1.0012756029178786e+00  9.8373974045896018e-01  1.0192882927128246e+00  2.7636700795723167e-05  -1.4868917051010292e-03  1.3819606255475866e-03  1.0012636466229647e+00  9.9060612986896424e-01  1.0135633938211328e+00  1.0008135673653569e+00  9.9523102313921308e-01  1.0071378082647371e+00  1.0533817564858325e-06  -1.3567220904004901e-04  2.7102824798626155e-04
1.5999999999999901e+00  1.0021635811204246e+00  9.7646107680134275e-01  1.0283182675953273e+00  1.0012649664939102e+00  9.8421058195245081e-01  1.0188234689116844e+00  3.0451660752493959e-05  -1.6520297218661365e-03  1.5372154523630016e-03  1.0012638807368655e+00  9.9058078371019909e-01  1.0136107435670589e+00  1.0008132829855905e+00  9.9528511707846445e-01  1.0070489777578482e+00  1.6054168317184077e-06  -1.5746305505956476e-04  3.1987919384716506e-04
1.7999999999999801e+00  1.0021687697459039e+00  9.7629384127794538e-01  1.0284963249139636e+00  1.0012529683204887e+00  9.8473572147535604e-01  1.0183015605537409e+00  3.3408529876938831e-05  -1.8113625149602476e-03  1.7002311526472895e-03  1.0012642102146765e+00  9.9055716273278072e-01  1.0136597576167887e+00  1.0008127616859501e+00  9.9534578685604580e-01  1.0069382036895491e+00  2.4333716840831130e-06  -1.8986063767416356e-04  4.2161406931638711e-04
1.9999999999999800e+00  1.0021743965533045e+00  9.7611378439491148e-01  1.0286910392199131e+00  1.0012396687290133e+00  9.8530837595357101e-01  1.0177270236909637e+00  3.6173824329464119e-05  -1.9758346985073462e-03  1.8546803084484489e-03  1.0012646999379324e+00  9.9052552471563871e-01  1.0137224020354276e+00  1.0008118688985739e+00  9.9542788178181651e-01  1.0067874171664597e+00  3.6212327731599070e-06  -2.6582033226875168e-04  5.1893093013441493e-04
2.1999999999999802e+00  1.0021805037608262e+00  9.7592528356582775e-01  1.0288990131007130e+00  1.0012250549317723e+00  9.8591903347875343e-01  1.0171068281598430e+00  3.9615852869036813e-05  -2.1594390640719166e-03  2.0363551182055735e-03  1.0012653937164337e+00  9.9047843384922052e-01  1.0138006854926529e+00  1.0008104890341005e+00  9.9554544090781794e-01  1.0065964175854059e+00  5.0006078159248152e-06  -3.5249614185364617e-04  6.1664532114661871e-04
2.3999999999999702e+00  1.0021874363642258e+00  9.7573002541735765e-01  1.0291154344286007e+00  1.0012085810337017e+00  9.8656031408660161e-01  1.0164509733172786e+00  4.5131296527116513e-05  -2.3210813449095580e-03  2.2042784019540313e-03  1.0012662756961741e+00  9.9042300212240908e-01  1.0138793332193414e+00  1.0008085926533579e+00  9.9568995675625771e-01  1.0063896146828235e+00  6.3612315582476162e-06  -4.2227941082127507e-04  6.7273828621171121e-04
2.5999999999999699e+00  1.0021955402337115e+00  9.7550720926724821e-01  1.0293357262924547e+00  1.0011895720184762e+00  9.8719361002516859e-01  1.0157700907623810e+00  5.1689636708492461e-05  -2.5032902133400544e-03  2.4072635072721008e-03  1.0012673044482596e+00  9.9036640744983861e-01  1.0139498019031277e+00  1.0008061993951283e+00  9.9585167340450786e-01  1.0061456088767518e+00  7.6896491057407682e-06  -4.8429310668600910e-04  7.4211920334830473e-04
2.7999999999999599e+00  1.0022046664070017e+00  9.7518525063193751e-01  1.0295663383048885e+00  1.0011680877170854e+00  9.8782670699927644e-01  1.0150978191873241e+00  5.7184774289278357e-05  -2.6820680966253298e-03  2.5896164477774738e-03  1.0012684623075194e+00  9.9030873133778419e-01  1.0140197588743010e+00  1.0008033080855188e+00  9.9603174215235746e-01  1.0059010724566291e+00  9.0775429185117171e-06  -5.1979426171311880e-04  7.5775819776617223e-04
2.9999999999999600e+00  1.0022144574789007e+00  9.7477820429358197e-01  1.0298850004097631e+00  1.0011446095745722e+00  9.8858867381942195e-01  1.0144516016114289e+00  6.1864766077820798e-05  -2.8067133964581100e-03  2.7751671675678813e-03  1.0012697556179226e+00  9.9024968109892719e-01  1.0140964886371464e+00  1.0007998947007952e+00  9.9621953885336945e-01  1.0056336878043248e+00  1.0532096010091880e-05  -5.6006383979289090e-04  8.2887007685799219e-04
3.1999999999999500e+00  1.0022248742679567e+00  9.7435169616666251e-01  1.0303394378915682e+00  1.0011191782622579e+00  9.8964477190416411e-01  1.0137103187034171e+00  6.7295242299095866e-05  -3.1140969222270536e-03  2.9551541247736630e-03  1.0012711951957460e+00  9.9019335804473685e-01  1.0141755920892837e+00  1.0007959401780564e+00  9.9641788071006654e-01  1.0053737729806249e+00  1.2032272815844029e-05  -5.8702045053306013e-04  8.6743123790285442e-04
3.3999999999999502e+00  1.0022361486356417e+00  9.7390808023713649e-01  1.0308108319072837e+00  1.0010913704217272e+00  9.9106411094753410e-01  1.0126751820963358e+00  7.3979390752112285e-05  -3.9218816549665006e-03  3.2122062454743583e-03  1.0012727930321319e+00  9.9014078618165324e-01  1.0142510687280852e+00  1.0007914281254155e+00  9.9663098127399052e-01  1.0050853150594778e+00  1.3571508012896306e-05  -6.2861950924499521e-04  8.9688319899295201e-04
3.5999999999999499e+00  1.0022484528751852e+00  9.7339724745299550e-01  1.0313133820055296e+00  1.0010608116704276e+00  9.9265306538259068e-01  1.0111964205604027e+00  8.1247614161234852e-05  -4.0633454059569134e-03  4.1830355442160783e-03  1.0012745472455951e+00  9.9008983475668300e-01  1.0143241676612662e+00  1.0007863607565581e+00  9.9683536890764357e-01  1.0047999865128876e+00  1.5065060907558376e-05  -6.6272352357670656e-04  9.3495625787945826e-04
3.7999999999999399e+00  1.0022617525836579e+00  9.7285074505831626e-01  1.0319131663667505e+00  1.0010274621327060e+00  9.9395160081003087e-01  1.0093755939664599e+00  8.8242182321890427e-05  -3.4383660881675024e-03  4.7338993121909933e-03  1.0012764391638025e+00  9.9003897076429981e-01  1.0143987261093466e+00  1.0007807685476766e+00  9.9705018522204736e-01  1.0045311006352482e+00  1.6488191631518097e-05  -6.8177913894946389e-04  9.5693614040623940e-04
3.9999999999999400e+00  1.0022758528256697e+00  9.7250779549604294e-01  1.0326234558268876e+00  1.0009915842199784e+00  9.9476421842481366e-01  1.0078576787753417e+00  9.4266397492961663e-05  -2.6281038889175937e-03  4.3015313306617470e-03  1.0012784675131561e+00  9.8998772900173659e-01  1.0144765967831380e+00  1.0007746605213743e+00  9.9725422751965820e-01  1.0042835702142596e+00  1.7953782903707151e-05  -7.2178890429049753e-04  9.8132805005913442e-04
4.1999999999999300e+00  1.0022904095084355e+00  9.7239125548890537e-01  1.0331413943925589e+00  1.0009537325388920e+00  9.9538960063854087e-01  1.0068004834360893e+00  9.8526972138031192e-05  -2.1502588905328145e-03  3.2269529855018220e-03  1.0012806502478047e+00  9.8993319725952900e-01  1.0145570541205460e+00  1.0007680127792828e+00  9.9744058031935923e-01  1.0040614991291623e+00  1.9479882577919149e-05  -7.6489358763645360e-04  1.0054739614133196e-03
4.3999999999999302e+00  1.0023049656731566e+00  9.7244665270081088e-01  1.0333616899586453e+00  1.0009147080929641e+00  9.9597937080000654e-01  1.0060355706227257e+00  1.0068361803618450e-04  -1.6910426514716648e-03  2.7644544218381243e-03  1.0012829855308909e+00  9.8987257921576621e-01  1.0146373770795365e+00  1.0007608276040598e+00  9.9761820368309839e-01  1.0038532156208577e+00  2.0936881939065995e-05  -8.1099510723879446e-04  1.0267496311026183e-03
4.5999999999999197e+00  1.0023191187348131e+00  9.7263251371839110e-01  1.0333717756443948e+00  1.0008752981411306e+00  9.9641113886943788e-01  1.0052225903224230e+00  1.0104685854099960e-04  -1.3122410592064414e-03  2.3726692496906635e-03  1.0012854475482635e+00  9.8980912575063584e-01  1.0147164250208571e+00  1.0007531501777824e+00  9.9778783171900642e-01  1.0036436880920800e+00  2.2269908731578674e-05  -8.3163741900981727e-04  1.0420598153083351e-03
4.7999999999999199e+00  1.0023325797793765e+00  9.7288869402308609e-01  1.0332538256792032e+00  1.0008361590628723e+00  9.9675834176975708e-01  1.0047329682935884e+00  9.9881992954075748e-05  -1.1069632666007058e-03  1.8157356061763294e-03  1.0012880230454622e+00  9.8974901863691056e-01  1.0147966700729298e+00  1.0007450144165295e+00  9.9795052111578897e-01  1.0034362459240365e+00  2.3582872468656378e-05  -8.5024973673544985e-04  1.0603303823418107e-03
4.9999999999999201e+00  1.0023451702814892e+00  9.7308338366624669e-01  1.0330228832484036e+00  1.0007978039231940e+00  9.9702758988959039e-01  1.0043144335818506e+00  9.7760318183143528e-05  -9.8959753040497823e-04  1.3780337998953460e-03  1.0012907266546698e+00  9.8969280680236416e-01  1.0148791353600710e+00  1.0007364085465342e+00  9.9812248332450693e-01  1.0032498089109172e+00  2.4972657957209756e-05  -8.7027447180253160e-04  1.0806021972290271e-03
5.1999999999999096e+00  1.0023569416964526e+00  9.7318293177175386e-01  1.0329205286108583e+00  1.0007603806787586e+00  9.9713093627359406e-01  1.0039500273237854e+00  9.5861782821930606e-05  -9.8610334464843490e-04  1.1647368016360971e-03  1.0012935720164051e+00  9.8963630635527944e-01  1.0149587192764669e+00  1.0007273131423680e+00  9.9827932712014011e-01  1.0030795997158581e+00  2.6366777810452634e-05  -8.8314508083802996e-04  1.0647749874423671e-03
5.3999999999999098e+00  1.0023681506230759e+00  9.7334969372570301e-01  1.0330050859858062e+00  1.0007236437826936e+00  9.9701747656385553e-01  1.0036395628580383e+00  9.4743405999352950e-05  -9.7993186768411148e-04  2.0433821350032268e-03  1.0012965349669130e+00  9.8957783341385552e-01  1.0150304969819042e+00  1.0007177670870002e+00  9.9842436015646796e-01  1.0029060753509265e+00  2.7559062847129615e-05  -9.0313515691922230e-04  1.0785225636841089e-03
5.5999999999999002e+00  1.0023789674914323e+00  9.7368763626690313e-01  1.0331726999585436e+00  1.0006873929388784e+00  9.9681275562664007e-01  1.0034228007238135e+00  9.3659569641098186e-05  -9.4536430407302313e-04  1.4272336369845150e-03  1.0012995531353652e+00  9.8951889961256789e-01  1.0150985720340344e+00  1.0007078826060736e+00  9.9856549780941783e-01  1.0027587047144975e+00  2.8428428090626603e-05  -9.1880190280932547e-04  1.0799004822672049e-03
5.7999999999999003e+00  1.0023893218359008e+00  9.7403611125572465e-01  1.0327788739938233e+00  1.0006517858480817e+00  9.9628867129043863e-01  1.0034933498701037e+00  9.1837946416848139e-05  -2.0074599012770027e-03  1.3498571263675266e-03  1.0013025783825045e+00  9.8946072850679756e-01  1.0151703361602609e+00  1.0006977655756617e+00  9.9870772086043424e-01  1.0026071047459986e+00  2.9153865465917394e-05  -9.3070551068515940e-04  1.0679730130565860e-03
5.9999999999998899e+00  1.0023991157460714e+00  9.7426288143131090e-01  1.0320021554008727e+00  1.0006170663201701e+00  9.9588744281880359e-01  1.0036319988777078e+00  8.9682504847674732e-05  -3.1029216494770050e-03  1.0639395980394232e-03  1.0013056353822929e+00  9.8940398057505241e-01  1.0152448279903898e+00  1.0006874071094602e+00  9.9883080729338969e-01  1.0024601444058681e+00  3.0082872212966664e-05  -9.3902598289315035e-04  1.0817495669681720e-03
6.1999999999998900e+00  1.0024084317608652e+00  9.7437150854702026e-01  1.0316047815580691e+00  1.0005832075817915e+00  9.9564053861575630e-01  1.0046091412687488e+00  8.7904758139772916e-05  -1.7413631254757833e-03  9.9829127751931016e-04  1.0013087984880995e+00  9.8934965108171935e-01  1.0153158751404308e+00  1.0006766998329630e+00  9.9896066268535078e-01  1.0023141556958663e+00  3.1291742448381599e-05  -9.4081095498887545e-04  1.0645190957018745e-03
6.3999999999998902e+00  1.0024173965504168e+00  9.7444678048534561e-01  1.0312568265399578e+00  1.0005500714286062e+00  9.9538942565446042e-01  1.0049541816118288e+00  8.6268666124574237e-05  -1.5284332587773863e-03  9.5938633337366646e-04  1.0013121015866486e+00  9.8929852005493490e-01  1.0153815437630351e+00  1.0006655815176468e+00  9.9908546822266542e-01  1.0021803135932059e+00  3.2502882645185437e-05  -9.3737485790111683e-04  1.0520171764262186e-03
6.5999999999998797e+00  1.0024259937724960e+00  9.7453173266581183e-01  1.0311426516740172e+00  1.0005177195776200e+00  9.9508433944225116e-01  1.0050860695636588e+00  8.4212182005683012e-05  -1.3331820232221018e-03  9.7971365451919720e-04  1.0013155140226058e+00  9.8925087607566853e-01  1.0154431970904951e+00  1.0006540942895550e+00  9.9921402334298604e-01  1.0020551389980006e+00  3.3555482320602606e-05  -9.3024752033902560e-04  1.0379774611403423e-03
6.7999999999998799e+00  1.0024341487504973e+00  9.7461034060130181e-01  1.0310448829288101e+00  1.0004863215487756e+00  9.9476330237467225e-01  1.0053387195808030e+00  8.1828385831825490e-05  -1.2675781351706118e-03  1.2112576352869781e-03  1.0013190217220753e+00  9.8920694961375999e-01  1.0155013692981154e+00  1.0006422652449536e+00  9.9933108683119432e-01  1.0019271181377860e+00  3.4696302592158024e-05  -9.1968769971704427e-04  1.0243313820998577e-03
6.9999999999998703e+00  1.0024418517226485e+00  9.7468042844239766e-01  1.0308904883059604e+00  1.0004559522438643e+00  9.9443308598938296e-01  1.0057193654591778e+00  7.9383444551253091e-05  -1.2512740256728245e-03  1.4354827142421158e-03  1.0013226887334818e+00  9.8916702324147276e-01  1.0155557550399306e+00  1.0006299920329338e+00  9.9935633465773288e-01  1.0018030568877896e+00  3.6250923959348261e-05  -9.0617243455111786e-04  1.0051475364539579e-03
7.1999999999998696e+00  1.0024491056020595e+00  9.7475110781877661e-01  1.0307465498093789e+00  1.0004266543398677e+00  9.9407154127637165e-01  1.0061131856748726e+00  7.6773951732808291e-05  -1.2797644260662650e-03  1.6266811450128327e-03  1.0013266068999123e+00  9.8913133558763500e-01  1.0156049616700542e+00  1.0006171047899803e+00  9.9908848630045866e-01  1.0019051936889671e+00  3.8180253035188977e-05  -8.9014654718116526e-04  9.9074091903903882e-04
7.3999999999998600e+00  1.0024558822010539e+00  9.7482087163401709e-01  1.0306219360564408e+00  1.0003985192152371e+00  9.9367541671987270e-01  1.0065033294056398e+00  7.3950282158756112e-05  -1.3705069248134212e-03  1.7788232048234721e-03  1.0013308035689872e+00  9.8910017172428988e-01  1.0156474322963891e+00  1.0006035199452932e+00  9.9882552479610842e-01  1.0021559546404963e+00  4.0132103812465488e-05  -8.7322162270046225e-04  9.7044344346833538e-04
7.5999999999998602e+00  1.0024621922087675e+00  9.7487925086647276e-01  1.0305013305298281e+00  1.0003715855681379e+00  9.9326133727269261e-01  1.0069165507572440e+00  7.1230118076431114e-05  -1.5888080279286966e-03  1.9052723489372343e-03  1.0013352307179817e+00  9.8907384948681387e-01  1.0156844070982614e+00  1.0005892824387317e+00  9.9857484168049138e-01  1.0023947413678191e+00  4.1890626276722682e-05  -8.5080413266390691e-04  9.5344868453564201e-04
7.7999999999998604e+00  1.0024681334361711e+00  9.7491991467517758e-01  1.0303810263402899e+00  1.0003457435220158e+00  9.9284085585607629e-01  1.0073629151270942e+00  6.8972413312045765e-05  -1.7613769887211831e-03  2.0113204613092647e-03  1.0013398484180875e+00  9.8905245997479041e-01  1.0157185085197145e+00  1.0005744460371568e+00  9.9833073493215818e-01  1.0026204614799736e+00  4.3640729384620575e-05  -8.2761243576607170e-04  9.2797951645960338e-04
7.9999999999998499e+00  1.0024738291055506e+00  9.7494626669702877e-01  1.0302654848763140e+00  1.0003208106911430e+00  9.9240894759546494e-01  1.0078445956838757e+00  6.7133378455868731e-05  -1.8834634412149178e-03  2.0962058299743578e-03  1.0013446990765709e+00  9.8903592240221905e-01  1.0157487051719727e+00  1.0005589413251212e+00  9.9809191085499893e-01  1.0028325682538990e+00  4.5755091495099601e-05  -8.0765467612097517e-04  9.0892676665490276e-04
8.1999999999998803e+00  1.0024793228498301e+00  9.7496623008630379e-01  1.0301611899845420e+00  1.0002967067022739e+00  9.9195235919271940e-01  1.0083588248229469e+00  6.5298797137842236e-05  -2.0023150311160023e-03  2.2055038095364419e-03  1.0013498883952190e+00  9.8902452319359824e-01  1.0157702936942572e+00  1.0005425808295012e+00  9.9786796549472045e-01  1.0030302281649590e+00  4.8391109806896640e-05  -7.8559163464814652e-04  8.8623804010936149e-04
8.3999999999999098e+00  1.0024845773501734e+00  9.7498414177041248e-01  1.0300689847386773e+00  1.0002734871372025e+00  9.9146377373712602e-01  1.0088963199399130e+00  6.3314391185954069e-05  -2.0894919473603379e-03  2.3155099333116687e-03  1.0013554938494309e+00  9.8901918978445613e-01  1.0157817703867011e+00  1.0005251952146961e+00  9.9766100104802380e-01  1.0032123064660641e+00  5.1288028499439592e-05  -7.6155599822830006e-04  8.5749151792959455e-04
8.5999999999999392e+00  1.0024896071881553e+00  9.7499680611270922e-01  1.0299910249628570e+00  1.0002511440943409e+00  9.9094622642923291e-01  1.0094469831544799e+00  6.1648340618299086e-05  -2.1582278764209948e-03  2.3941947663779529e-03  1.0013614798642583e+00  9.8902147097192028e-01  1.0157896418565673e+00  1.0005067867298951e+00  9.9745703142774111e-01  1.0033881924400343e+00  5.3889972801813616e-05  -7.3336018406055549e-04  8.2759503604502382e-04
8.7999999999999794e+00  1.0024945613254284e+00  9.7499989923687147e-01  1.0299280776037008e+00  1.0002294443704129e+00  9.9040616079278698e-01  1.0100053045805475e+00  6.0834853446990969e-05  -2.2981263039925531e-03  2.4497084264069944e-03  1.0013676927840842e+00  9.8903397262267179e-01  1.0158021762768259e+00  1.0004875725848785e+00  9.9726232585395469e-01  1.0035624256579727e+00  5.5751748198418154e-05  -7.0250507355100944e-04  8.1014400337920149e-04
9.0000000000000107e+00  1.0024996285421268e+00  9.7499271113311448e-01  1.0298797149408205e+00  1.0002080473429538e+00  9.8984640182356687e-01  1.0105708643455533e+00  6.0812576262574808e-05  -2.4384127059075174e-03  2.4779457163669177e-03  1.0013739548594676e+00  9.8906034753764716e-01  1.0158174606948429e+00  1.0004678584680482e+00  9.9707565960317102e-01  1.0037113300728551e+00  5.6908049177345049e-05  -6.7314666291130453e-04  7.8719951721155064e-04
9.2000000000000401e+00  1.0025048872304159e+00  9.7497565604082037e-01  1.0298448380206298e+00  1.0001867541899048e+00  9.8926600808980947e-01  1.0111459520145540e+00  6.0981075177671215e-05  -2.5447048063000207e-03  2.5290974626832217e-03  1.0013801719988504e+00  9.8910309944756791e-01  1.0158220827384501e+00  1.0004478546730444e+00  9.9689908788617920e-01  1.0038518719604510e+00  5.7743957394652881e-05  -6.4375897781772612e-04  7.6470591890726632e-04
9.4000000000000696e+00  1.0025102535903079e+00  9.7494705375954804e-01  1.0298227461048535e+00  1.0001656338821103e+00  9.8866278543948027e-01  1.0117323541062306e+00  6.0682098180913838e-05  -2.6018764758520821e-03  2.5945567393610685e-03  1.0013863435968879e+00  9.8916056282164655e-01  1.0158041637870281e+00  1.0004276265493439e+00  9.9672566823420683e-01  1.0039654279880359e+00  5.8531103895827433e-05  -6.0877865945971517e-04  7.2446552812385258e-04
9.6000000000000991e+00  1.0025155493728470e+00  9.7490291566108178e-01  1.0298137035461972e+00  1.0001449542104526e+00  9.8803425695029412e-01  1.0123292993899244e+00  5.9640897904726461e-05  -2.5724686863768500e-03  2.6546101440533322e-03  1.0013924945450841e+00  9.8922689897941551e-01  1.0157648713493608e+00  1.0004071826298357e+00  9.9656678148952538e-01  1.0040748311630443e+00  5.9287844127762755e-05  -5.7750355950469414e-04  6.9068338108819191e-04
9.8000000000001304e+00  1.0025206266522677e+00  9.7484475143528870e-01  1.0298184031049251e+00  1.0001249892535196e+00  9.8737935842248081e-01  1.0129341863992314e+00  5.8089953540367819e-05  -2.5481909229648474e-03  2.7040971228277050e-03  1.0013986403209871e+00  9.8929590714092952e-01  1.0157158441176670e+00  1.0003865320989671e+00  9.9642343430992941e-01  1.0041727377521894e+00  6.0029435952042089e-05  -5.4636631896256931e-04  6.6332040000324462e-04
1.0000000000000201e+01  1.0025254390255069e+00  9.7477189089126792e-01  1.0298377991744159e+00  1.0001058778075715e+00  9.8670136042818746e-01  1.0135448621843275e+00  5.6391200098459337e-05  -2.6081352856547856e-03  2.7512026431486462e-03  1.0014048071070660e+00  9.8936475932469048e-01  1.0156683208254280e+00  1.0003656563590848e+00  9.9629010879746494e-01  1.0042571398399671e+00  6.0868256531503614e-05  -5.2827690240238616e-04  6.3352187299828755e-04
1.0200000000000200e+01  1.0025299966501362e+00  9.7468915451195526e-01  1.0298699951121952e+00  1.0000876639189566e+00  9.8600702123908757e-01  1.0141607658853300e+00  5.4615842009810527e-05  -2.6658959779050366e-03  2.7980654462349472e-03  1.0014110298463135e+00  9.8943401936008690e-01  1.0156258092629173e+00  1.0003445088356644e+00  9.9616686030462809e-01  1.0043204357885411e+00  6.1789445896277530e-05  -5.1385062480107963e-04  6.0270142114396635e-04
1.0400000000000199e+01  1.0025342933036367e+00  9.7459056302808533e-01  1.0299146246156965e+00  1.0000704089462804e+00  9.8530114398747703e-01  1.0147824659619546e+00  5.2638866226531849e-05  -2.7069657367057294e-03  2.8536835184067738e-03  1.0014173009591929e+00  9.8950467492551353e-01  1.0155841676558084e+00  1.0003231000297079e+00  9.9605544526478584e-01  1.0043735967409120e+00  6.2528373631867736e-05  -4.9516611835660372e-04  5.7588446129005783e-04
1.0600000000000300e+01  1.0025382957211271e+00  9.7447314804883922e-01  1.0299734457156102e+00  1.0000542195889071e+00  9.8458366876540515e-01  1.0154109759550731e+00  5.0367018721022692e-05  -2.7428665836449206e-03  2.9109679734649319e-03  1.0014235463459791e+00  9.8957558534427281e-01  1.0155365140035137e+00  1.0003015531106034e+00  9.9597063462670155e-01  1.0044323520682263e+00  6.2847031663466299e-05  -4.6739531308500449e-04  5.5275159989850997e-04
1.0800000000000299e+01  1.0025419490184759e+00  9.7433772238342653e-01  1.0300445291616251e+00  1.0000392428904812e+00  9.8385331001218990e-01  1.0160474140400191e+00  4.7681318595821640e-05  -2.7817551318884892e-03  2.9615832910607287e-03  1.0014296840738361e+00  9.8964361779082888e-01  1.0154793391743016e+00  1.0002800245898038e+00  9.9588797387531025e-01  1.0044694306433966e+00  6.2839487164769055e-05  -4.3290095748410796e-04  5.2909315719595256e-04
1.1000000000000300e+01  1.0025451747045959e+00  9.7418871103603444e-01  1.0301278694335219e+00  1.0000256718601834e+00  9.8311212296169193e-01  1.0166927857194887e+00  4.4511944735187265e-05  -2.8193649931041701e-03  3.0051345783863002e-03  1.0014356927805816e+00  9.8970621102591338e-01  1.0154159541227472e+00  1.0002585872225587e+00  9.9582714409567241e-01  1.0044991638279654e+00  6.2774523675603253e-05  -4.0972202038502088e-04  5.0602068639404602e-04
1.1200000000000401e+01  1.0025479192212385e+00  9.7402794188650399e-01  1.0302221834402294e+00  1.0000136728333975e+00  9.8236492778462225e-01  1.0173480239023440e+00  4.1070309284606591e-05  -2.8529535579345368e-03  3.0478230671934932e-03  1.0014415950882203e+00  9.8976416846646431e-01  1.0153545644208828e+00  1.0002372369090007e+00  9.9576842109895303e-01  1.0045050036279966e+00  6.2725814046170932e-05  -3.8006369320137833e-04  4.8476138564585699e-04
1.1400000000000400e+01  1.0025501986721803e+00  9.7385319939131132e-01  1.0303270732722711e+00  1.0000033043496179e+00  9.8161560246023771e-01  1.0180141279909047e+00  3.7594169159930915e-05  -2.8850107091689834e-03  3.0943506364043334e-03  1.0014473990836230e+00  9.8982184400174489e-01  1.0153026149046627e+00  1.0002159811484059e+00  9.9572377699394377e-01  1.0045135755742058e+00  6.2599635143202384e-05  -3.3930196606503772e-04  4.5701208699253142e-04
1.1600000000000399e+01  1.0025520335182667e+00  9.7366199274193388e-01  1.0304470407116550e+00  9.9999460519768735e-01  9.8086555132227515e-01  1.0186917764199881e+00  3.3907448950406906e-05  -2.9130449885913625e-03  3.1421407961489951e-03  1.0014530994040265e+00  9.8988369456757375e-01  1.0152623508723726e+00  1.0001948463414188e+00  9.9568290554173178e-01  1.0045140209238452e+00  6.2429831902545001e-05  -2.8464121548396647e-04  4.2464037911310311e-04
1.1800000000000400e+01  1.0025533692046960e+00  9.7345441747577643e-01  1.0305793145449726e+00  9.9998772801356450e-01  9.8011509998653601e-01  1.0193807831054342e+00  2.9716603301212882e-05  -2.9357726929097089e-03  3.1880936604867711e-03  1.0014587113919933e+00  9.8995005253456625e-01  1.0152305844176039e+00  1.0001738239480091e+00  9.9565498619573789e-01  1.0045063983179496e+00  6.2319262744739158e-05  -2.2968704862003623e-04  3.8460735140337848e-04
1.2000000000000499e+01  1.0025541440124675e+00  9.7323221538795190e-01  1.0307228050446735e+00  9.9998284875528953e-01  9.7936477325902060e-01  1.0200804785895838e+00  2.5261621547392765e-05  -2.9581725774102076e-03  3.2315120513306417e-03  1.0014642458566620e+00  9.9001677355431050e-01  1.0152014001179674e+00  1.0001529041834025e+00  9.9564577071155425e-01  1.0044802017558689e+00  6.2146898703227218e-05  -2.0432360899912184e-04  3.3483188834460394e-04
1.2200000000000500e+01  1.0025544176346988e+00  9.7299670023928264e-01  1.0308800249008956e+00  9.9997994861642603e-01  9.7861491161208569e-01  1.0207905766629237e+00  2.1179239901944361e-05  -2.9818254035260160e-03  3.2751481399588525e-03  1.0014696620389731e+00  9.9007971655082572e-01  1.0151692469864726e+00  1.0001321585471095e+00  9.9565406338817009e-01  1.0044385839990391e+00  6.1685821087308987e-05  -2.1394222196090937e-04  2.7732600847683907e-04
1.2400000000000500e+01  1.0025543543344380e+00  9.7274688987840530e-01  1.0310495669798883e+00  9.9997880394234340e-01  9.7786490566517348e-01  1.0215109525205632e+00  1.7743859946934753e-05  -3.0052892373515754e-03  3.3147661569294189e-03  1.0014748989548949e+00  9.9013933068125082e-01  1.0151312883260686e+00  1.0001117054390452e+00  9.9567098973347601e-01  1.0043920580413772e+00  6.0972642968339125e-05  -2.2449059030779097e-04  2.6826981251904853e-04
1.2600000000000600e+01  1.0025540858749769e+00  9.7248390834844223e-01  1.0312313842130270e+00  9.9997919456430573e-01  9.7711345385568882e-01  1.0222404938922851e+00  1.4696657813633207e-05  -3.0260302387143992e-03  3.3544714835306781e-03  1.0014799408176467e+00  9.9020023839684412e-01  1.0150884593521208e+00  1.0000916028493019e+00  9.9569878426830971e-01  1.0043367335155688e+00  6.0228454969736426e-05  -2.2054087912440500e-04  2.6472669497629430e-04
1.2800000000000599e+01  1.0025536608826537e+00  9.7220790750185671e-01  1.0314258744985929e+00  9.9998101149433805e-01  9.7635952163087925e-01  1.0229768433563293e+00  1.1829005089401348e-05  -3.0432691467731443e-03  3.3865836337371876e-03  1.0014848059312240e+00  9.9026657498944970e-01  1.0150443139120118e+00  1.0000718491613920e+00  9.9573801178854904e-01  1.0042700916584388e+00  5.9494197644828262e-05  -2.0111358369089751e-04  2.4380600317889048e-04
1.3000000000000600e+01  1.0025531094839528e+00  9.7191901521509227e-01  1.0316335637515297e+00  9.9998417356135560e-01  9.7560279797308413e-01  1.0237174118690766e+00  9.1844538022430746e-06  -3.0593645422136535e-03  3.4137931635079095e-03  1.0014894955282436e+00  9.9033859389517109e-01  1.0150019419543002e+00  1.0000524618271935e+00  9.9578763520910518e-01  1.0041899659157998e+00  5.8678097211229148e-05  -1.7378602223664565e-04  2.2347033749916387e-04
1.3200000000000699e+01  1.0025524493569931e+00  9.7161772696340465e-01  1.0318551145916253e+00  9.9998861369820824e-01  9.7484313760324071e-01  1.0244601140886436e+00  6.5889715996478505e-06  -3.0780557359887878e-03  3.4422551428454763e-03  1.0014940063823037e+00  9.9041387482971111e-01  1.0149614354143353e+00  1.0000334662704180e+00  9.9585447190335796e-01  1.0040962838525567e+00  5.7867905116092963e-05  -1.4525615821498221e-04  2.2781864836667507e-04
1.3400000000000700e+01  1.0025516270319121e+00  9.7130482830238918e-01  1.0320909966438720e+00  9.9999438191507861e-01  9.7407957118123745e-01  1.0252030681122621e+00  3.7181216406770561e-06  -3.1016349543099538e-03  3.4758007434294363e-03  1.0014983746811823e+00  9.9049076232712119e-01  1.0149202502523929e+00  1.0000148225339260e+00  9.9593918327920905e-01  1.0040012057120329e+00  5.7262227807684807e-05  -1.6448988715987169e-04  2.5149266040243881e-04
1.3600000000000700e+01  1.0025505975894475e+00  9.7098051373879357e-01  1.0323411225626771e+00  1.0000015429655909e+00  9.7330994700630502e-01  1.0259442791065452e+00  9.2714917648364064e-07  -3.1286974332261795e-03  3.5123563246009805e-03  1.0015026533624916e+00  9.9056973057956377e-01  1.0148758892415755e+00  9.9999644876425031e-01  9.9602505779917094e-01  1.0038999672774056e+00  5.6831369584433043e-05  -1.9399635237391950e-04  2.7366251719909012e-04
1.3800000000000800e+01  1.0025495068614585e+00  9.7064267860380038e-01  1.0326049390866670e+00  1.0000098676766278e+00  9.7253190810681522e-01  1.0266821173483438e+00  -8.0139649682279601e-07  -3.1541599590794514e-03  3.5447402882792084e-03  1.0015068468419863e+00  9.9065175512321091e-01  1.0148280960826994e+00  9.9997832813385634e-01  9.9613005351108874e-01  1.0037920190145704e+00  5.6312291584762573e-05  -2.2368950405333540e-04  2.9326208733887829e-04
1.4000000000000799e+01  1.0025486531004404e+00  9.7029203328233637e-01  1.0328819786189900e+00  1.0000188308109856e+00  9.7174476277790467e-01  1.0274158818859678e+00  -1.1881921238650640e-06  -3.1725859684835532e-03  3.5659021305594861e-03  1.0015109060136389e+00  9.9073639390506696e-01  1.0147787106928552e+00  9.9996053592924339e-01  9.9624346182882184e-01  1.0036802241922238e+00  5.5566333073727686e-05  -2.4695209132688918e-04  3.1452952666113985e-04
1.4200000000000800e+01  1.0025482013492402e+00  9.6992706034083720e-01  1.0331723373265482e+00  1.0000280497544367e+00  9.7095064073835358e-01  1.0281453803951330e+00  -1.1770182593842347e-06  -3.1865439371927080e-03  3.5750840533548926e-03  1.0015147983515995e+00  9.9082192583910533e-01  1.0147299248895740e+00  9.9994313746719765e-01  9.9634661176497674e-01  1.0035676699308511e+00  5.4788554795320922e-05  -2.6693576096479762e-04  3.3044191168235478e-04
1.4400000000000899e+01  1.0025480508859208e+00  9.6954636759029389e-01  1.0334770735857945e+00  1.0000375647066810e+00  9.7015367591991952e-01  1.0288697001979894e+00  -1.6981884258450212e-06  -3.1964415921709294e-03  3.5775079709839007e-03  1.0015185656391385e+00  9.9090698857991966e-01  1.0146828723695318e+00  9.9992608249180437e-01  9.9644725510755860e-01  1.0034503860792547e+00  5.4310238228883479e-05  -2.8380339768013807e-04  3.4468621738799018e-04
1.4600000000000900e+01  1.0025480328489507e+00  9.6914853444912163e-01  1.0337993871293549e+00  1.0000475896219763e+00  9.6935799213392770e-01  1.0295865065394239e+00  -2.6239406607370661e-06  -3.2010760777383628e-03  3.5781764790573318e-03  1.0015222992526802e+00  9.9099164500576231e-01  1.0146375333288262e+00  9.9990922315602515e-01  9.9655131840728950e-01  1.0033280894375987e+00  5.4234553112315494e-05  -2.9817036166078693e-04  3.5704827715487761e-04
1.4800000000000900e+01  1.0025481248538228e+00  9.6873166313926529e-01  1.0341370434170589e+00  1.0000581563197006e+00  9.6856659307011839e-01  1.0302928444763444e+00  -3.3030643761066661e-06  -3.2086502755958326e-03  3.5805317657349447e-03  1.0015260548695715e+00  9.9107692793610414e-01  1.0145934694721679e+00  9.9989244542948330e-01  9.9666045782238344e-01  1.0032005580614431e+00  5.4288098126315930e-05  -3.1027227947025374e-04  3.6283690879654665e-04
1.5000000000000901e+01  1.0025484273582785e+00  9.6829234558430066e-01  1.0344901008054443e+00  1.0000690986559553e+00  9.6778187449349606e-01  1.0309869169409474e+00  -3.4592541632442910e-06  -3.2237887436366718e-03  3.5889808065284455e-03  1.0015297916930774e+00  9.9116365395205530e-01  1.0145504593633521e+00  9.9987578578613501e-01  9.9677545121574751e-01  1.0030681557290515e+00  5.4046755064809848e-05  -3.1981714325633384e-04  3.6755600993763400e-04
1.5200000000000999e+01  1.0025490360129221e+00  9.6782978647684170e-01  1.0348607709503375e+00  1.0000802325018698e+00  9.6700609749768185e-01  1.0316692999409658e+00  -3.2071605543427657e-06  -3.2439333287747553e-03  3.6070336071029239e-03  1.0015333989159154e+00  9.9125171448523075e-01  1.0145086244487187e+00  9.9985941567886216e-01  9.9689259026412691e-01  1.0029311991839913e+00  5.3312374640208593e-05  -3.2165539810511887e-04  3.7140031872349240e-04
1.5400000000001000e+01  1.0025499981200310e+00  9.6734592540408071e-01  1.0352474473418041e+00  1.0000914348430743e+00  9.6624022029173751e-01  1.0323426300405263e+00  -2.6799734762664441e-06  -3.2642840454861284e-03  3.6386029299377261e-03  1.0015367789227816e+00  9.9134026925089269e-01  1.0144682202199977e+00  9.9984351707346919e-01  9.9701092071457142e-01  1.0027898150782717e+00  5.2219783086467459e-05  -3.2444409385387624e-04  3.7188474818024129e-04
1.5600000000001000e+01  1.0025513302166797e+00  9.6684386102784503e-01  1.0356473691095112e+00  1.0001026285785728e+00  9.6548214475238447e-01  1.0330102951343723e+00  -1.9813844785818083e-06  -3.2840154348302343e-03  3.6816443676828191e-03  1.0015398931830026e+00  9.9142843800172031e-01  1.0144294152078062e+00  9.9982819395741840e-01  9.9713036943574951e-01  1.0026443413312951e+00  5.0970396533196844e-05  -3.2128024941093343e-04  3.6675668822298640e-04
1.5800000000001100e+01  1.0025530194353165e+00  9.6632742312496689e-01  1.0360581395528605e+00  1.0001137888494807e+00  9.6472704512200169e-01  1.0336753758266786e+00  -1.2762722269502539e-06  -3.3107771300826300e-03  3.7255726114850370e-03  1.0015427328783022e+00  9.9151584253817471e-01  1.0143922285035110e+00  9.9981350129772073e-01  9.9725017825666973e-01  1.0025011724940658e+00  4.9587986566704224e-05  -3.1658156052857280e-04  3.6079409166984994e-04
1.6000000000001101e+01  1.0025550201885165e+00  9.6579901226682108e-01  1.0364783823206096e+00  1.0001249578438283e+00  9.6397052281399820e-01  1.0343403857977320e+00  -7.2215213783457136e-07  -3.3478186680138953e-03  3.7618551293261116e-03  1.0015452793531472e+00  9.9160261916015247e-01  1.0143566150522778e+00  9.9979950579096222e-01  9.9737009811795752e-01  1.0027411847468339e+00  4.8020564428953585e-05  -3.1421986896722448e-04  3.5496738649677624e-04
1.6200000000001101e+01  1.0025572752713736e+00  9.6525838575962630e-01  1.0369086445045561e+00  1.0001362181435103e+00  9.6321197367289935e-01  1.0350074405360818e+00  -3.6057958459552180e-07  -3.3903636051984235e-03  3.7937887507257699e-03  1.0015475170470469e+00  9.9168899964997914e-01  1.0143225898030621e+00  9.9978627037326051e-01  9.9749111691615788e-01  1.0030192738881782e+00  4.6357647478124979e-05  -2.9552429892201905e-04  3.4841774945511473e-04
1.6400000000001000e+01  1.0025597467927732e+00  9.6470294925883815e-01  1.0373465525782044e+00  1.0001476421277069e+00  9.6245475631069932e-01  1.0356784685309455e+00  -1.1236993031333099e-07  -3.4346244871081536e-03  3.8301545092148245e-03  1.0015494674187555e+00  9.9177489801040453e-01  1.0142902860217542e+00  9.9977379566106717e-01  9.9761431200686990e-01  1.0033013042462549e+00  4.4796724797308362e-05  -3.0621658979049910e-04  3.4775621357341564e-04
1.6600000000001000e+01  1.0025624333538752e+00  9.6413052220845508e-01  1.0377914431745077e+00  1.0001592558660009e+00  9.6170258190974223e-01  1.0363554374471828e+00  1.6049479630235493e-07  -3.4763705031951690e-03  3.8845889581130941e-03  1.0015511845785603e+00  9.9185987100522299e-01  1.0142599260852303e+00  9.9976201508770779e-01  9.9773662247359085e-01  1.0035868330270288e+00  4.3451962156293807e-05  -3.1664524466796531e-04  3.4528010161432644e-04
1.6800000000000900e+01  1.0025653672668176e+00  9.6354366789129409e-01  1.0382427473993661e+00  1.0001710318086428e+00  9.6095516605351983e-01  1.0370404226232484e+00  5.7843465502154627e-07  -3.5151155380235325e-03  3.9523346263225330e-03  1.0015527237200827e+00  9.9194342482372366e-01  1.0142317598466124e+00  9.9975084110741841e-01  9.9785782259166245e-01  1.0038753463835299e+00  4.2321232596898641e-05  -3.2596537714482747e-04  3.4015847428421495e-04
1.7000000000000899e+01  1.0025685951738450e+00  9.6294633725524681e-01  1.0387012541000125e+00  1.0001829100567430e+00  9.6020703589050060e-01  1.0377351188292470e+00  1.1755118029805959e-06  -3.5525201588215548e-03  4.0203206518176597e-03  1.0015541276917879e+00  9.9202532775662922e-01  1.0142060247094327e+00  9.9974019255552848e-01  9.9797753453144067e-01  1.0041663214055687e+00  4.1379807336880919e-05  -3.3419759641824324e-04  3.3069654245742160e-04
1.7200000000000902e+01  1.0025721522148561e+00  9.6234283030616030e-01  1.0391681631651331e+00  1.0001948369752802e+00  9.5945065752268266e-01  1.0384398877372516e+00  1.8811599790389386e-06  -3.5899015015449062e-03  4.0796510930195314e-03  1.0015554242561739e+00  9.9210565012727381e-01  1.0141829340399851e+00  9.9973000517637090e-01  9.9771105013682415e-01  1.0044592499835576e+00  4.0546858928400628e-05  -3.4139129069249007e-04  3.2080163044220892e-04
1.7400000000000801e+01  1.0025760455949362e+00  9.6173498911836475e-01  1.0396426162544721e+00  1.0002067970879485e+00  9.5868128031670297e-01  1.0391531989850542e+00  2.5721079567942238e-06  -3.6269334772074178e-03  4.1356511616782938e-03  1.0015566009694861e+00  9.9218455685554696e-01  1.0141626788577907e+00  9.9972027701140342e-01  9.9744250013828539e-01  1.0047536450895367e+00  3.9586792207208115e-05  -3.4760157324642836e-04  3.0942817800490719e-04
1.7600000000000801e+01  1.0025802567915156e+00  9.6112119288876918e-01  1.0401260404687529e+00  1.0002188190127694e+00  9.5789953496208591e-01  1.0398722216329535e+00  3.1489648312123857e-06  -3.6625738180021852e-03  4.1993324416270935e-03  1.0015575851337388e+00  9.9226208466369936e-01  1.0141454363148175e+00  9.9971111256381051e-01  9.9717246586558828e-01  1.0050490378578674e+00  3.8249455799881527e-05  -3.5286798935188067e-04  2.9239737801514123e-04
1.7800000000000701e+01  1.0025847566622843e+00  9.6049783109425957e-01  1.0406200800055891e+00  1.0002309580258824e+00  9.5710997666001996e-01  1.0405942569574571e+00  3.5755934175877810e-06  -3.6965508922854949e-03  4.2609023530878120e-03  1.0015582895122352e+00  9.9233808046399574e-01  1.0141313787974726e+00  9.9970266329991042e-01  9.9690129433822794e-01  1.0053449715342253e+00  3.6597548872867887e-05  -3.5722412617458435e-04  2.7848915790756147e-04
1.8000000000000700e+01  1.0025895197142445e+00  9.5986187542032453e-01  1.0411262438541711e+00  1.0002432739313161e+00  9.5631723340675345e-01  1.0413178588977283e+00  3.8633477539329956e-06  -3.7299375840516734e-03  4.3201886513010270e-03  1.0015587039983296e+00  9.9241227858859227e-01  1.0141206745095221e+00  9.9969497628728110e-01  9.9662954774621315e-01  1.0056410057194343e+00  3.5064570450645171e-05  -3.6072302960057852e-04  2.5691815567785290e-04
1.8200000000000699e+01  1.0025945283950153e+00  9.5921250015333959e-01  1.0416426041766149e+00  1.0002558205569723e+00  9.5552300971434467e-01  1.0420428334651497e+00  4.0298314576363378e-06  -3.7642808176559127e-03  4.3818817816657623e-03  1.0015589296456897e+00  9.9248437788787047e-01  1.0141134902334095e+00  9.9968791213731101e-01  9.9635789602369751e-01  1.0059367159013182e+00  3.4069676544882645e-05  -3.6337158919279712e-04  2.4615378549121942e-04
1.8400000000000599e+01  1.0025997687050079e+00  9.5855081837033806e-01  1.0421684424600430e+00  1.0002686488378969e+00  9.5472585179993219e-01  1.0427694202056452e+00  4.0737169948491142e-06  -3.8009004045391963e-03  4.4367566349842041e-03  1.0015591052212980e+00  9.9255405340589176e-01  1.0141100182710234e+00  9.9968123711349244e-01  9.9608709828890629e-01  1.0062316498546688e+00  3.3625049855695883e-05  -3.6501306402514220e-04  2.3309207646664767e-04
1.8600000000000598e+01  1.0026052249844060e+00  9.5787843231421899e-01  1.0427031392072756e+00  1.0002818134600462e+00  9.5392304252130200e-01  1.0434975929568948e+00  3.9818799091905077e-06  -3.8384408190461441e-03  4.4841594797943732e-03  1.0015593034639956e+00  9.9262098860825421e-01  1.0141105014815848e+00  9.9967479203090148e-01  9.9581795474213897e-01  1.0065252745730529e+00  3.3383216791728262e-05  -3.6548318400502069e-04  2.1432712141224636e-04
1.8800000000000502e+01  1.0026108797274418e+00  9.5719453419296230e-01  1.0432462232868656e+00  1.0002953732187705e+00  9.5311264684655883e-01  1.0442270034003422e+00  3.7509525536483143e-06  -3.8772083894522183e-03  4.5305068062079226e-03  1.0015595002485840e+00  9.9268502134186520e-01  1.0141151726439601e+00  9.9966856822222594e-01  9.9555106161919449e-01  1.0068170550717812e+00  3.3000030359097380e-05  -3.6498030283093285e-04  1.9423466431966853e-04
1.9000000000000501e+01  1.0026167175446172e+00  9.5649996478541766e-01  1.0437972640469211e+00  1.0003093846232809e+00  9.5229429561707457e-01  1.0449573020120884e+00  3.3970414882309075e-06  -3.9157173492572334e-03  4.5809997448052354e-03  1.0015596267198732e+00  9.9274630465088576e-01  1.0141240842353705e+00  9.9966264799620319e-01  9.9528649293219440e-01  1.0071067361428743e+00  3.2389363900309332e-05  -3.6470162716184957e-04  1.9984343565821131e-04
1.9200000000000500e+01  1.0026227285252807e+00  9.5579433124237967e-01  1.0443563364565080e+00  1.0003238954345541e+00  9.5146869213011598e-01  1.0456883530482692e+00  2.9465822989740471e-06  -3.9531801134891015e-03  4.6420428351771287e-03  1.0015596388685974e+00  9.9280523634196449e-01  1.0141369806826876e+00  9.9965709710904216e-01  9.9502381949608765e-01  1.0073946073480744e+00  3.1704719412221940e-05  -3.6601802550735449e-04  2.0989539968603393e-04
1.9400000000000400e+01  1.0026289078593038e+00  9.5507697127446123e-01  1.0449235204915119e+00  1.0003389437725616e+00  9.5063669873366874e-01  1.0464202633476951e+00  2.4198387845955253e-06  -3.9908881197484834e-03  4.7109910205623594e-03  1.0015595509902353e+00  9.9286208283908817e-01  1.0141534372293810e+00  9.9965189827027601e-01  9.9476267134950302e-01  1.0076813551478141e+00  3.1177595440949873e-05  -3.6923095038848011e-04  2.2220227523107099e-04
1.9600000000000399e+01  1.0026352523911148e+00  9.5434765801203381e-01  1.0454971441778760e+00  1.0003545628017894e+00  9.4979879672352896e-01  1.0471534485163130e+00  1.8214989718892804e-06  -4.0273679852574525e-03  4.7862668026512969e-03  1.0015594235033318e+00  9.9291659989674408e-01  1.0141732725126158e+00  9.9964695375265900e-01  9.9450343073413239e-01  1.0079674020058675e+00  3.0951324418297160e-05  -3.7273623679354498e-04  2.4481275169252963e-04
1.9800000000000299e+01  1.0026417574905371e+00  9.5360647547571187e-01  1.0460764616885534e+00  1.0003707861075233e+00  9.4895514622718891e-01  1.0478887597005051e+00  1.1467566986846288e-06  -4.0616156871901878e-03  4.8621128623251948e-03  1.0015593202790267e+00  9.9296806125556059e-01  1.0141969037282064e+00  9.9964214431413012e-01  9.9424734823225003e-01  1.0082522144880752e+00  3.0978519736872294e-05  -3.7380215641251143e-04  2.7176022455095879e-04
2.0000000000000298e+01  1.0026484176906667e+00  9.5285352717348526e-01  1.0466606512625811e+00  1.0003876478050153e+00  9.4810596924669877e-01  1.0486273918609152e+00  3.9925191301982066e-07  -4.0945675768417613e-03  4.9379040045984526e-03  1.0015592640386917e+00  9.9301569859533523e-01  1.0142252640711817e+00  9.9963740484623487e-01  9.9399593011434184e-01  1.0085342608815857e+00  3.1051012245414756e-05  -3.7028315770477513e-04  2.9467945954373353e-04
2.0200000000000301e+01  1.0026552312265156e+00  9.5208876835345446e-01  1.0472491187085022e+00  1.0004051760151000e+00  9.4725182271250297e-01  1.0493704357151772e+00  -3.9639793538171027e-07  -4.1297892016163495e-03  5.0153837424794009e-03  1.0015592245525089e+00  9.9305904662809974e-01  1.0142592840120397e+00  9.9963275813203323e-01  9.9375032494904592e-01  1.0088117614463896e+00  3.0969815886742723e-05  -3.6302184216057017e-04  3.1405446453734172e-04
2.0400000000000201e+01  1.0026622043005449e+00  9.5131207999170841e-01  1.0478417791757964e+00  1.0004233855030451e+00  9.4639351472898969e-01  1.0501184105740118e+00  -1.2022974437334073e-06  -4.1658907725034399e-03  5.0951027999747980e-03  1.0015591508184845e+00  9.9309774511941884e-01  1.0142993677555736e+00  9.9962827640508956e-01  9.9351152293761513e-01  1.0090836174756368e+00  3.0704716127057620e-05  -3.5478747539630236e-04  3.3481947839013304e-04
2.0600000000000200e+01  1.0026693506376179e+00  9.5052348114737606e-01  1.0484389761751480e+00  1.0004422769096593e+00  9.4553174926082040e-01  1.0508712748001090e+00  -1.9886303353479412e-06  -4.2018409251054715e-03  5.1774941761956210e-03  1.0015590146925528e+00  9.9313102600058190e-01  1.0143452823224155e+00  9.9962401156907710e-01  9.9328117702189511e-01  1.0093497774953988e+00  3.0375990626905176e-05  -3.4775934744288349e-04  3.5124520436166250e-04
2.0800000000000100e+01  1.0026766863319907e+00  9.4972327576071247e-01  1.0490410337696621e+00  1.0004618438076776e+00  9.4466679533897113e-01  1.0516289141385984e+00  -2.7491290250776198e-06  -4.2370153671681668e-03  5.2621151751175172e-03  1.0015588243421818e+00  9.9315763930365075e-01  1.0143964346281100e+00  9.9961996282006182e-01  9.9306186745155312e-01  1.0096109358381269e+00  3.0108173078907411e-05  -3.4318134242821227e-04  3.6500581853500356e-04
2.1000000000000099e+01  1.0026842236928259e+00  9.4891201127813407e-01  1.0496479029038397e+00  1.0004820826140044e+00  9.4379841687871635e-01  1.0523914637921743e+00  -3.5015418899015836e-06  -4.2712980585682498e-03  5.3485161656380426e-03  1.0015586063494084e+00  9.9317662621488756e-01  1.0144521683658838e+00  9.9961609527929318e-01  9.9285596131291887e-01  1.0098680853869966e+00  2.9945229434768302e-05  -3.4210947275263711e-04  3.7092700197447116e-04
2.1200000000000099e+01  1.0026919675934909e+00  9.4809029638329889e-01  1.0502593828337203e+00  1.0005029998243167e+00  9.4292605648620120e-01  1.0531588878891105e+00  -4.2757520271483556e-06  -4.3066835715184701e-03  5.4372647684898107e-03  1.0015583854105032e+00  9.9318839361681310e-01  1.0145118482089404e+00  9.9961236990037106e-01  9.9266371874174775e-01  1.0101223473600203e+00  2.9871378959101034e-05  -3.4318064960997145e-04  3.8109216870720785e-04
2.1399999999999999e+01  1.0026999166337314e+00  9.4725862726204191e-01  1.0508758079513605e+00  1.0005246121964499e+00  9.4204907410327932e-01  1.0539301384773723e+00  -5.0899772067929457e-06  -4.3416859876495009e-03  5.5264163753758365e-03  1.0015581745236148e+00  9.9319502496080425e-01  1.0145748659495564e+00  9.9960876148997402e-01  9.9248237403527551e-01  1.0103749325596489e+00  2.9835886292981936e-05  -3.4672766941478387e-04  3.8681505701089740e-04
2.1600000000000001e+01  1.0027080708301646e+00  9.4641732967196746e-01  1.0515007687708011e+00  1.0005469357209953e+00  9.4116685626517804e-01  1.0547029609319578e+00  -5.9189347009463436e-06  -4.3764607955112519e-03  5.6170927614835218e-03  1.0015579696183938e+00  9.9319932971683311e-01  1.0146407667794182e+00  9.9960527125861298e-01  9.9230729220055280e-01  1.0106269114998532e+00  2.9762313696213202e-05  -3.5347908524661702e-04  3.9124120721778299e-04
2.1799999999999901e+01  1.0027164441042085e+00  9.4556659884093641e-01  1.0521339938995817e+00  1.0005699642714379e+00  9.4027878472243731e-01  1.0554749676361121e+00  -6.6783939294809298e-06  -4.4124872181720278e-03  5.7089467656872388e-03  1.0015577518582277e+00  9.9320328189899520e-01  1.0147093747595342e+00  9.9960192777785861e-01  9.9213447825284695e-01  1.0108789459933651e+00  2.9602580681841541e-05  -3.6155800307037327e-04  3.9176242440968544e-04
2.1999999999999901e+01  1.0027250729803598e+00  9.4470653984584541e-01  1.0527750431445615e+00  1.0005936509335125e+00  9.3938419592248046e-01  1.0562452329137828e+00  -7.2579947977476704e-06  -4.4455158786954069e-03  5.8016767312842428e-03  1.0015575051572121e+00  9.9320709031998677e-01  1.0147806084960111e+00  9.9959876133343772e-01  9.9196247850232100e-01  1.0111315067816944e+00  2.9401548691852599e-05  -3.7127188989122701e-04  3.9016225440470129e-04
2.2199999999999900e+01  1.0027340102995930e+00  9.4383714743613711e-01  1.0534226274681786e+00  1.0006179122500467e+00  9.3848243889582694e-01  1.0570148440534386e+00  -7.5994610209805307e-06  -4.4836234383671698e-03  5.8955139506421698e-03  1.0015572369084813e+00  9.9320960920536450e-01  1.0148540119805496e+00  9.9959576727682220e-01  9.9179223948456530e-01  1.0113856374398784e+00  2.9276181244802921e-05  -3.8622483912730514e-04  3.9184027249538565e-04
2.2399999999999800e+01  1.0027433016067184e+00  9.4295826209176048e-01  1.0540751235937336e+00  1.0006426640061838e+00  9.3757299554840257e-01  1.0577856306881290e+00  -7.7652028733886148e-06  -4.5186844821159923e-03  5.9929333504558308e-03  1.0015569797662385e+00  9.9320967407521632e-01  1.0149285232314493e+00  9.9959289570040655e-01  9.9162521981492768e-01  1.0116434592051764e+00  2.9315531349893036e-05  -4.1122563342107902e-04  3.9342198195585411e-04
2.2599999999999799e+01  1.0027529573752407e+00  9.4206958333420943e-01  1.0547318383874258e+00  1.0006678711585095e+00  9.3665553545505897e-01  1.0585580271864385e+00  -7.9318705589317332e-06  -4.5513945317279016e-03  6.0952482430461311e-03  1.0015567705523611e+00  9.9320726459436126e-01  1.0150029442956483e+00  9.9959008047190578e-01  9.9146137683627389e-01  1.0119075421419508e+00  2.9501552659081565e-05  -4.3944682941891232e-04  3.9532394725840837e-04
2.2799999999999699e+01  1.0027629416741517e+00  9.4117076289332469e-01  1.0553935201351732e+00  1.0006935774537571e+00  9.3572984170786355e-01  1.0593299396190978e+00  -8.2985065892690036e-06  -4.5844622828765131e-03  6.2007811422701209e-03  1.0015566237047633e+00  9.9320366925751202e-01  1.0150768570835025e+00  9.9958728433873612e-01  9.9129852481940262e-01  1.0121809239682509e+00  2.9713226116653035e-05  -4.6502486549997244e-04  3.9549013214376931e-04
2.2999999999999702e+01  1.0027731877816417e+00  9.4026150757397042e-01  1.0560616692115556e+00  1.0007198913744557e+00  9.3479569078257618e-01  1.0600976219550822e+00  -8.9735621585306705e-06  -4.6190547349342125e-03  6.3080479999227269e-03  1.0015565184267872e+00  9.9320068420361629e-01  1.0151511309580099e+00  9.9958452795993424e-01  9.9113332382029329e-01  1.0124615688632512e+00  2.9796097316848316e-05  -4.8370756903951386e-04  3.9533176742164659e-04
2.3199999999999701e+01  1.0027836308643914e+00  9.3934159982737575e-01  1.0567372679787539e+00  1.0007469373597981e+00  9.3385283334418856e-01  1.0608577861806079e+00  -9.9259792837490362e-06  -4.6542196549003998e-03  6.4161040578605251e-03  1.0015564064228049e+00  9.9319954694853452e-01  1.0152274557521395e+00  9.9958188645115298e-01  9.9096297557145208e-01  1.0127449080621584e+00  2.9645015900967776e-05  -4.9833900823094976e-04  3.9904382436605098e-04
2.3399999999999601e+01  1.0027942353522241e+00  9.3841081849356878e-01  1.0574199780340998e+00  1.0007748063006110e+00  9.3290113318650703e-01  1.0616092269737569e+00  -1.1030042128307784e-05  -4.6878106367176028e-03  6.5273896360966178e-03  1.0015562338969755e+00  9.9320033502191230e-01  1.0153072770853553e+00  9.9957945835882556e-01  9.9078642944849049e-01  1.0130289383192421e+00  2.9251397729336013e-05  -5.1015901883706238e-04  4.0030278074978118e-04
2.3599999999999600e+01  1.0028050009482530e+00  9.3746883568259709e-01  1.0581083136935834e+00  1.0008035353903897e+00  9.3194077083776539e-01  1.0623529105355158e+00  -1.2156582674816098e-05  -4.7198494724521303e-03  6.6440899822839596e-03  1.0015559637206379e+00  9.9320209584345398e-01  1.0153910855244355e+00  9.9957732760374252e-01  9.9060448777460675e-01  1.0133136095148192e+00  2.8689689933089944e-05  -5.2106902860240406e-04  4.0323075551456467e-04
2.3799999999999500e+01  1.0028159490324684e+00  9.3651518639842091e-01  1.0588004336559149e+00  1.0008331211602894e+00  9.3097235516464494e-01  1.0630908932800771e+00  -1.3237602710537986e-05  -4.7533934807221217e-03  6.7616629422534011e-03  1.0015555848240603e+00  9.9320347455105606e-01  1.0154785928993946e+00  9.9957554122025916e-01  9.9041899737338956e-01  1.0136009573322509e+00  2.8058101944376885e-05  -5.3318415204954008e-04  4.0383652991234705e-04
2.3999999999999499e+01  1.0028271037480514e+00  9.3554934325185202e-01  1.0594948299111415e+00  1.0008635467068188e+00  9.2999685956526501e-01  1.0638251958036742e+00  -1.4271036213002513e-05  -4.7877437308811140e-03  6.8778326016845082e-03  1.0015551057520047e+00  9.9320339596739049e-01  1.0155694183927637e+00  9.9957411237227123e-01  9.9023175724223289e-01  1.0138896501379431e+00  2.7420188221887964e-05  -5.4600686625678779e-04  4.0248275092243931e-04
2.4199999999999498e+01  1.0028384805641419e+00  9.3457084827120984e-01  1.0601905195048109e+00  1.0008948019709885e+00  9.2901542489054412e-01  1.0645573764777088e+00  -1.5286490616377713e-05  -4.8164669677326043e-03  6.9921710333927150e-03  1.0015545403550326e+00  9.9320144809199495e-01  1.0156635077150917e+00  9.9957303962458388e-01  9.9004374490808800e-01  1.0141796620266996e+00  2.6785778589646560e-05  -5.5857362664953069e-04  4.0251085296571961e-04
2.4399999999999402e+01  1.0028500852043289e+00  9.3357942619941658e-01  1.0608868763734711e+00  1.0009268892638130e+00  9.2802913741740378e-01  1.0652887001706426e+00  -1.6311082628431021e-05  -4.8439388882352439e-03  7.1049519662163812e-03  1.0015538966770081e+00  9.9319784377546871e-01  1.0157609608016376e+00  9.9957232534404461e-01  9.8985496555451669e-01  1.0144707130174044e+00  2.6131184691928022e-05  -5.7117600699737616e-04  3.9953398389036993e-04
2.4599999999999401e+01  1.0028619182401017e+00  9.3257503323120883e-01  1.0615834534433655e+00  1.0009598188602729e+00  9.2703886832258742e-01  1.0660203700432698e+00  -1.7355466491902651e-05  -4.8715437359880152e-03  7.2169339264977527e-03  1.0015531742222643e+00  9.9319306427571596e-01  1.0158616286728992e+00  9.9957198283570814e-01  9.8966486959134525e-01  1.0147629135658942e+00  2.5429784109715596e-05  -5.8460297793550681e-04  4.0018157127915142e-04
2.4799999999999400e+01  1.0028739799290840e+00  9.3155783836578188e-01  1.0622799697354450e+00  1.0009936024473511e+00  9.2604520389247669e-01  1.0667535050450996e+00  -1.8415975095075711e-05  -4.9116274857392665e-03  7.3290234313670788e-03  1.0015523671906643e+00  9.9318744194221620e-01  1.0159650049575537e+00  9.9957203361164804e-01  9.8947299067438210e-01  1.0150570279296491e+00  2.4668356823469526e-05  -6.0026687786884079e-04  4.0010314848138486e-04
2.4999999999999300e+01  1.0028862728868644e+00  9.3052815879807982e-01  1.0629763764272606e+00  1.0010282487088331e+00  9.2504845521457746e-01  1.0674889671114756e+00  -1.9482171398382663e-05  -4.9457295389749942e-03  7.4419912302293913e-03  1.0015514687368530e+00  9.9318095711472354e-01  1.0160705289732461e+00  9.9957250161851463e-01  9.8927934901903480e-01  1.0153540516739819e+00  2.3847375097867003e-05  -6.1813493965725338e-04  4.0004343263281628e-04
2.5199999999999299e+01  1.0028988023896019e+00  9.2948637882260676e-01  1.0636728450002026e+00  1.0010637621595286e+00  9.2404871570587999e-01  1.0682272962070090e+00  -2.0545127294638400e-05  -4.9718003059747084e-03  7.5563578724263513e-03  1.0015504738480097e+00  9.9317336502323883e-01  1.0161779835264630e+00  9.9957340853579379e-01  9.8908435206986689e-01  1.0156545313305836e+00  2.2977469961665843e-05  -6.3701914980624549e-04  4.0181242676773924e-04
2.5399999999999199e+01  1.0029115746853154e+00  9.2843288560923332e-01  1.0643696474866235e+00  1.0011001453044481e+00  9.2304591882104770e-01  1.0689688302341265e+00  -2.1604583415627886e-05  -4.9921617551097778e-03  7.6724891954836096e-03  1.0015493814780814e+00  9.9316450973188453e-01  1.0162876377594765e+00  9.9957476969007464e-01  9.8888833095487638e-01  1.0159582140016619e+00  2.2079997846338276e-05  -6.5447555780150687e-04  4.0297049801359965e-04
2.5599999999999199e+01  1.0029245944036591e+00  9.2736804902842962e-01  1.0650670447797423e+00  1.0011374027760771e+00  9.2203984590487886e-01  1.0697138367737871e+00  -2.2669947227494957e-05  -5.0158980218403624e-03  7.7908240868183902e-03  1.0015481967086068e+00  9.9315452876505339e-01  1.0164000623323957e+00  9.9957658951688966e-01  9.8869116131761514e-01  1.0162642322104445e+00  2.1186919055341915e-05  -6.6957190574873946e-04  4.0078939221675173e-04
2.5799999999999201e+01  1.0029378632127774e+00  9.2629224368126217e-01  1.0657653089040551e+00  1.0011755438996115e+00  9.2103007046121754e-01  1.0704624361590240e+00  -2.3751750965730685e-05  -5.0417520629167968e-03  7.9120346661720846e-03  1.0015469312804202e+00  9.9314375942250233e-01  1.0165157916236418e+00  9.9957885921470346e-01  9.8849233035576334e-01  1.0165716130498743e+00  2.0328438905782415e-05  -6.8275213510061983e-04  4.0004581749696137e-04
2.5999999999999101e+01  1.0029513813172892e+00  9.2520587089268524e-01  1.0664648739374762e+00  1.0012145805360793e+00  9.2001589195221634e-01  1.0712142945940490e+00  -2.4850035111859293e-05  -5.0662982728782958e-03  8.0369244234064548e-03  1.0015455991299587e+00  9.9313244330236439e-01  1.0166350561162685e+00  9.9958156259024045e-01  9.8829138245876358e-01  1.0168797639992335e+00  1.9505921621470638e-05  -6.9537795481529005e-04  3.9747294282995046e-04
2.6199999999999100e+01  1.0029651508616997e+00  9.2410932641915322e-01  1.0671664659477957e+00  1.0012545212166621e+00  9.1899635002511304e-01  1.0719683217414289e+00  -2.5950590415609294e-05  -5.0927709141545706e-03  8.1660803441171367e-03  1.0015442062741751e+00  9.9312051593418715e-01  1.0167577191971344e+00  9.9958469265601324e-01  9.8808831455599122e-01  1.0171886796837730e+00  1.8670410463735615e-05  -7.0890242338596352e-04  3.9636659447472768e-04
2.6399999999999000e+01  1.0029791787128832e+00  9.2300290371658400e-01  1.0678710404966649e+00  1.0012953658229760e+00  9.1797036127197440e-01  1.0727226827601424e+00  -2.7030004429544802e-05  -5.1193577987709874e-03  8.3000607493872915e-03  1.0015427415342284e+00  9.9310767469879024e-01  1.0168834251482946e+00  9.9958826981317039e-01  9.8788355829897467e-01  1.0174987961456923e+00  1.7741043286161546e-05  -7.2386675557531627e-04  3.9443666999092951e-04
2.6599999999999000e+01  1.0029934774465596e+00  9.2188669379662835e-01  1.0685794761055856e+00  1.0013371032363918e+00  9.1693690834022845e-01  1.0734752640190373e+00  -2.8060303344381399e-05  -5.1487153059495147e-03  8.4381272691077085e-03  1.0015411794654274e+00  9.9309364127978483e-01  1.0170118462589330e+00  9.9959234220806437e-01  9.8767760160301654e-01  1.0178106227244446e+00  1.6673400441221728e-05  -7.4007011545312970e-04  3.9235501809931149e-04
2.6799999999998999e+01  1.0030080651077133e+00  9.2076056806269335e-01  1.0692921452445663e+00  1.0013797109969771e+00  9.1589514305081110e-01  1.0742244363391553e+00  -2.9011183012770856e-05  -5.1754973717749869e-03  8.5798294371522872e-03  1.0015395005492427e+00  9.9307835973451752e-01  1.0171428602244990e+00  9.9959695590645481e-01  9.8747063465698992e-01  1.0181244162864893e+00  1.5530435594982199e-05  -7.5669155184938323e-04  3.9132852000375992e-04
2.6999999999998899e+01  1.0030229632265570e+00  9.1962426924462648e-01  1.0700086179590507e+00  1.0014231572423760e+00  9.1484432815901662e-01  1.0749696954287602e+00  -2.9861366138881340e-05  -5.1996692837283616e-03  8.7250845486138776e-03  1.0015377166276074e+00  9.9306196245255496e-01  1.0172765515810920e+00  9.9960210990511478e-01  9.8726253425474464e-01  1.0184401088498960e+00  1.4475331386140474e-05  -7.7300466590784101e-04  3.9203600717171630e-04
2.7199999999998902e+01  1.0030381908120982e+00  9.1847753739137505e-01  1.0707277744387229e+00  1.0014674089044564e+00  9.1378369259573766e-01  1.0757116652098113e+00  -3.0623126465788364e-05  -5.2168358976103727e-03  8.8741780844595070e-03  1.0015358769298235e+00  9.9304457584199923e-01  1.0174130777230006e+00  9.9960773636642164e-01  9.8705313950601903e-01  1.0187574762356968e+00  1.3654204749780212e-05  -7.8886195569914718e-04  3.9191637161735323e-04
2.7399999999998801e+01  1.0030537547681095e+00  9.1732016229221258e-01  1.0714484268632283e+00  1.0015124473906332e+00  9.1271236437808867e-01  1.0764511958164156e+00  -3.1357200135401217e-05  -5.2302501083978815e-03  9.0273491043257343e-03  1.0015340394993308e+00  9.9302617343444588e-01  1.0175525382276815e+00  9.9961373816587196e-01  9.8684251054311567e-01  1.0190763467662065e+00  1.3046184822797124e-05  -8.0456835492717302e-04  3.9151871593130034e-04
2.7599999999998801e+01  1.0030696435957953e+00  9.1615192148872793e-01  1.0721701796372360e+00  1.0015582825273386e+00  9.1162947844852038e-01  1.0771879131181068e+00  -3.2147601622164402e-05  -5.2479028193510779e-03  9.1843202967287398e-03  1.0015322230156634e+00  9.9300660163286936e-01  1.0176949474014201e+00  9.9962006890207034e-01  9.8663093532433832e-01  1.0193966701964845e+00  1.2423107779857423e-05  -8.2042104578636591e-04  3.9256194757953603e-04
2.7799999999998800e+01  1.0030858329478731e+00  9.1497246667187238e-01  1.0728939300854072e+00  1.0016049498367225e+00  9.1053440013637921e-01  1.0779192100959705e+00  -3.3040934052759084e-05  -5.2778075568492575e-03  9.3441811053279668e-03  1.0015303788313361e+00  9.9298571952425507e-01  1.0178402932683002e+00  9.9962679300509105e-01  9.8641872832904898e-01  1.0197184415065415e+00  1.1491471507506642e-05  -8.3642194125491175e-04  3.9282453628675264e-04
2.7999999999998700e+01  1.0031023029692046e+00  9.1378125883897399e-01  1.0736214824297894e+00  1.0016524868395913e+00  9.0942691392168662e-01  1.0786406852118418e+00  -3.4000383136318773e-05  -5.3141328815492651e-03  9.5056764864240861e-03  1.0015284141956806e+00  9.9296350256477883e-01  1.0179885987889512e+00  9.9963406610764272e-01  9.8620604508125076e-01  1.0200416010568849e+00  1.0124320739216993e-05  -8.5235414385250439e-04  3.9298888841156625e-04
2.8199999999998699e+01  1.0031190550287357e+00  9.1257759915929293e-01  1.0743543000178459e+00  1.0017009042752845e+00  9.0830727442273040e-01  1.0793481856325287e+00  -3.4924455182240071e-05  -5.3527893636480606e-03  9.6676201255757009e-03  1.0015262560058247e+00  9.9294002688612326e-01  1.0181399292243432e+00  9.9964203794083051e-01  9.8599287039016947e-01  1.0203660104477177e+00  8.4845893629292843e-06  -8.6803379967050510e-04  3.9185919561614193e-04
2.8399999999998599e+01  1.0031361129224434e+00  9.1136072687168601e-01  1.0750920901588477e+00  1.0017501768220891e+00  9.0717612694795469e-01  1.0800404263310672e+00  -3.5723915243521274e-05  -5.3892120428024578e-03  9.8291625994221844e-03  1.0015239055235654e+00  9.9291537767997085e-01  1.0182943528236301e+00  9.9965075087724653e-01  9.8577914466300598e-01  1.0206915078826806e+00  6.9142755296327468e-06  -8.8348660869206523e-04  3.9190390712806492e-04
2.8599999999998602e+01  1.0031535059489141e+00  9.1012993132906972e-01  1.0758321783856375e+00  1.0018002629694580e+00  9.0603436159798867e-01  1.0807205275044642e+00  -3.6391662498465563e-05  -5.4205084934320913e-03  9.9898918945638352e-03  1.0015214367671192e+00  9.9288957941204370e-01  1.0184518928705353e+00  9.9966011921093079e-01  9.8556488264477671e-01  1.0210179891646660e+00  5.6663471645825357e-06  -8.9895521897227944e-04  3.9223187744904235e-04
2.8799999999998601e+01  1.0031712478008770e+00  9.0888465150306119e-01  1.0765702373185206e+00  1.0018511373999091e+00  9.0488294308655481e-01  1.0813952808074769e+00  -3.7001888111765526e-05  -5.4463570538639877e-03  1.0149883190733087e-02  1.0015189368932136e+00  9.9286259670936161e-01  1.0186125030565341e+00  9.9967001008539957e-01  9.8535019132113544e-01  1.0213454606920278e+00  4.7026632221699179e-06  -9.1476469540147044e-04  3.9252152379710866e-04
2.8999999999998501e+01  1.0031893297829946e+00  9.0762455731392622e-01  1.0773020959496877e+00  1.0019028070313978e+00  9.0372272954603661e-01  1.0820723116476660e+00  -3.7638722443903279e-05  -5.4685409895878232e-03  1.0309712344911445e-02  1.0015164363856797e+00  9.9283437810039954e-01  1.0187760816621974e+00  9.9968036121263204e-01  9.8513521191390530e-01  1.0216740318248645e+00  3.7294991728958030e-06  -9.3111963137431308e-04  3.9274843647384649e-04
2.9199999999998500e+01  1.0032077344232242e+00  9.0634959293179485e-01  1.0780255988917313e+00  1.0019552962688001e+00  9.0255431505138506e-01  1.0827567147714801e+00  -3.8318905781710448e-05  -5.4897797340612607e-03  1.0470304968137186e-02  1.0015138856180532e+00  9.9280489167641128e-01  1.0189425202391149e+00  9.9969123983680797e-01  9.8492006184126846e-01  1.0220038438795760e+00  2.4373427826551968e-06  -9.4795852990798061e-04  3.9303824628512208e-04
2.9399999999998400e+01  1.0032264575614727e+00  9.0505994390031719e-01  1.0787413638381220e+00  1.0020086146667455e+00  9.0137796989263075e-01  1.0834492045849466e+00  -3.8976209316961138e-05  -5.5125349300444489e-03  1.0632557117684075e-02  1.0015111948926312e+00  9.9277413628406108e-01  1.0191117569437493e+00  9.9970279818773666e-01  9.8470480972056829e-01  1.0223349775644037e+00  7.4167238580877514e-07  -9.6500113077962655e-04  3.9320061775750776e-04
2.9599999999998399e+01  1.0032455200504213e+00  9.0375591422405865e-01  1.0794519813089609e+00  1.0020627353135423e+00  9.0019373306732708e-01  1.0841468635438924e+00  -3.9517032727792415e-05  -5.5381002854473357e-03  1.0796906563231656e-02  1.0015083033065897e+00  9.9274214505869851e-01  1.0192837924086044e+00  9.9971516579870068e-01  9.8448946250792690e-01  1.0226674105158378e+00  -1.1651836894976576e-06  -9.8198628491361767e-04  3.9425784082681710e-04
2.9799999999998398e+01  1.0032649599873227e+00  9.0243776314507385e-01  1.0801602716002461e+00  1.0021176017218294e+00  8.9900161585137173e-01  1.0848457746658386e+00  -3.9894349426218660e-05  -5.5665204974379278e-03  1.0963177947669068e-02  1.0015052222344956e+00  9.9270898729960022e-01  1.0194586528697924e+00  9.9972836454446523e-01  9.8427395440864163e-01  1.0230010632376947e+00  -2.9711350868390313e-06  -9.9888781745978168e-04  3.9561045428502704e-04
2.9999999999998298e+01  1.0032848130799250e+00  9.0110559545848767e-01  1.0808678302419477e+00  1.0021731560107385e+00  8.9780178125650989e-01  1.0855435680358752e+00  -4.0137414812090824e-05  -5.5940891628572988e-03  1.1130865319262054e-02  1.0015020246318975e+00  9.9267474407344292e-01  1.0196363397331663e+00  9.9974230509106798e-01  9.8405817745714452e-01  1.0233358821996035e+00  -4.4655064964135220e-06  -1.0158595734719588e-03  3.9706050445696461e-04
3.0199999999998301e+01  1.0033050972198003e+00  8.9975937155317587e-01  1.0815747421158881e+00  1.0022293649075249e+00  8.9659456784506197e-01  1.0862402266371061e+00  -4.0320351276011141e-05  -5.6200275612017991e-03  1.1299666231095495e-02  1.0014987953144017e+00  9.9263944012833705e-01  1.0198168309028550e+00  9.9975685541339709e-01  9.8384209174249992e-01  1.0236718510098162e+00  -5.6549199401629249e-06  -1.0329221509470254e-03  3.9858724035704470e-04
3.0399999999998201e+01  1.0033258113778993e+00  8.9839901853551440e-01  1.0822803545704935e+00  1.0022862255646503e+00  8.9538033750003410e-01  1.0869370475761846e+00  -4.0506266584280104e-05  -5.6422031317319562e-03  1.1469873972617882e-02  1.0014955823727396e+00  9.9260297249058815e-01  1.0200001499916003e+00  9.9977192306641660e-01  9.8362586272563524e-01  1.0240088845560815e+00  -6.7150315743367859e-06  -1.0497467959283109e-03  4.0000795485739922e-04
3.0599999999998200e+01  1.0033469458333859e+00  8.9702455372383849e-01  1.0829842610211637e+00  1.0023437524487715e+00  8.9415925219332348e-01  1.0876350150877270e+00  -4.0716058846284312e-05  -5.6616575863788167e-03  1.1642365960556391e-02  1.0014923806298421e+00  9.9256512160438715e-01  1.0201864248000936e+00  9.9978749623101404e-01  9.8340988250558892e-01  1.0243467188416076e+00  -7.8493310089147450e-06  -1.0659054674593148e-03  3.9988788155757171e-04
3.0799999999998199e+01  1.0033684930628695e+00  8.9563613410854492e-01  1.0836867365581271e+00  1.0024019604414676e+00  8.9293112103169148e-01  1.0883339061696162e+00  -4.0937588650034429e-05  -5.6802101448475651e-03  1.1818254293004041e-02  1.0014891493017806e+00  9.9252568808276420e-01  1.0203758236732086e+00  9.9980362936185418e-01  9.8319457506191610e-01  1.0246849900823694e+00  -9.1710531870536492e-06  -1.0814836081401984e-03  3.9864706677631106e-04
3.0999999999998099e+01  1.0033904519633023e+00  8.9423400858834612e-01  1.0843885239234754e+00  1.0024608565836901e+00  8.9169539127418584e-01  1.0890324654433161e+00  -4.1150816341596464e-05  -5.6989695345757282e-03  1.1998477637625866e-02  1.0014858436725016e+00  9.9248467593794798e-01  1.0205683657238767e+00  9.9982039816150325e-01  9.8298007851458002e-01  1.0250235467643296e+00  -1.0673951035416791e-05  -1.0974108274667304e-03  4.0225639894910203e-04
3.1199999999998099e+01  1.0034128265973319e+00  8.9281841375204329e-01  1.0850903778802106e+00  1.0025204402675074e+00  8.9045125913050316e-01  1.0897290868578793e+00  -4.1339334116074907e-05  -5.7192876799998177e-03  1.2183567639430569e-02  1.0014824383542447e+00  9.9244235653178614e-01  1.0207637725701191e+00  9.9983785917040890e-01  9.8276607184644615e-01  1.0253627448323919e+00  -1.2278880243341423e-05  -1.1149325295740648e-03  4.1340082006896778e-04
3.1399999999997998e+01  1.0034356242525493e+00  8.9138947431869553e-01  1.0857927661225590e+00  1.0025807049313880e+00  8.8919782358457988e-01  1.0904223433294233e+00  -4.1488410789616942e-05  -5.7411370437732250e-03  1.2373641611902806e-02  1.0014789323746733e+00  9.9239911426663563e-01  1.0209615671406020e+00  9.9985603410667556e-01  9.8255195554034602e-01  1.0257033602637715e+00  -1.3901570059978082e-05  -1.1344594352929668e-03  4.2088908700640791e-04
3.1599999999998001e+01  1.0034588535446940e+00  8.8994714966754696e-01  1.0864958229168500e+00  1.0026416398796016e+00  8.8793421333570743e-01  1.0911112471585214e+00  -4.1592333557679183e-05  -5.7633335455078601e-03  1.2568543088617970e-02  1.0014753402737078e+00  9.9235517424871400e-01  1.0211614252876429e+00  9.9987491754111724e-01  9.8233728791965624e-01  1.0260460361853747e+00  -1.5495567510882644e-05  -1.1548414491679654e-03  4.2616468801968141e-04
3.1799999999998001e+01  1.0034825193145940e+00  8.8849123596700763e-01  1.0871994426731830e+00  1.0027032378599305e+00  8.8665965259910107e-01  1.0917948686258443e+00  -4.1675302771268292e-05  -5.7845528336835268e-03  1.2768022818620089e-02  1.0014716797509982e+00  9.9231046122643085e-01  1.0213635029009243e+00  9.9989449389145890e-01  9.8212208874271956e-01  1.0263906697082992e+00  -1.7055071927300147e-05  -1.1740737976150540e-03  4.2990337085228072e-04
3.1999999999997900e+01  1.0035066153261949e+00  8.8702140786486616e-01  1.0879033872123121e+00  1.0027655081795974e+00  8.8537346828317687e-01  1.0924725880767918e+00  -4.1791994645162430e-05  -5.8043000126031842e-03  1.2971870797109668e-02  1.0014679648421931e+00  9.9226475620057619e-01  1.0215683883549762e+00  9.9991474907941069e-01  9.8190667821176913e-01  1.0267363529085511e+00  -1.8588203127226532e-05  -1.1908360046892774e-03  4.3181865298844418e-04
3.2199999999997999e+01  1.0035311243880072e+00  8.8553727026417006e-01  1.0886073406521586e+00  1.0028284800637008e+00  8.8407506776388423e-01  1.0931438755258951e+00  -4.1975857891034745e-05  -5.8231309136341971e-03  1.3179945775197890e-02  1.0014642076712121e+00  9.9221803354777982e-01  1.0217765996096633e+00  9.9993566964293512e-01  9.8169114963513426e-01  1.0270821180799683e+00  -2.0085661438104044e-05  -1.2061995318262849e-03  4.3166617786777312e-04
3.2399999999998101e+01  1.0035560345981420e+00  8.8403839305147636e-01  1.0893108990725464e+00  1.0028921790574694e+00  8.8276392480595489e-01  1.0938083519260275e+00  -4.2165487592904760e-05  -5.8420755796962046e-03  1.3392110287073062e-02  1.0014604248743053e+00  9.9217064386353682e-01  1.0219879737558082e+00  9.9995723309315476e-01  9.8147498885053219e-01  1.0274280154824325e+00  -2.1512695700327238e-05  -1.2237471057935006e-03  4.2807979035168090e-04
3.2599999999998197e+01  1.0035813639217288e+00  8.8252431936102682e-01  1.0900135326049614e+00  1.0029565843348673e+00  8.8143959571197528e-01  1.0944659454990120e+00  -4.2197335681549698e-05  -5.8617941118362460e-03  1.3608141345159825e-02  1.0014566403595593e+00  9.9212310886569899e-01  1.0222015203328649e+00  9.9997940217427028e-01  9.8125729524556426e-01  1.0277755608808452e+00  -2.2837448568935988e-05  -1.2464189242544328e-03  4.2060386057442121e-04
3.2799999999998299e+01  1.0036071680593353e+00  8.8099455907212221e-01  1.0907145863399930e+00  1.0030216067716471e+00  8.8010175902897303e-01  1.0951169781125136e+00  -4.1918601034788698e-05  -5.8825032822600737e-03  1.3827695654938445e-02  1.0014528780971688e+00  9.9207566380544177e-01  1.0224160645528819e+00  1.0000021349636898e+00  9.8103750466590856e-01  1.0281268520656424e+00  -2.4076839270496509e-05  -1.2734623670623431e-03  4.1150433346873503e-04
3.2999999999998401e+01  1.0036335120976603e+00  8.7944858760313249e-01  1.0914133557524786e+00  1.0030871263404999e+00  8.7875025275248919e-01  1.0957620928036169e+00  -4.1351115365228829e-05  -5.9024294128137917e-03  1.4050354907962250e-02  1.0014491475059475e+00  9.9202796883686739e-01  1.0226313654615453e+00  1.0000254096687420e+00  9.8081597589231773e-01  1.0284826778221239e+00  -2.5316290549895137e-05  -1.2994330078478936e-03  4.0828058912226910e-04
3.3199999999998496e+01  1.0036604184569662e+00  8.7788586140628677e-01  1.0921092047948870e+00  1.0031530787293401e+00  8.7738508605147048e-01  1.0964020700825536e+00  -4.0747161773267404e-05  -5.9212948735611814e-03  1.4275714511855208e-02  1.0014454330407094e+00  9.9197930445784976e-01  1.0228488214186018e+00  1.0000492466573943e+00  9.8059384192393417e-01  1.0288410333551501e+00  -2.6672453158100459e-05  -1.3171921018098689e-03  4.0915513524388106e-04
3.3399999999998599e+01  1.0036878342266855e+00  8.7630584644057108e-01  1.0928016557400539e+00  1.0032195244573432e+00  8.7600642066231849e-01  1.0970376600137794e+00  -4.0440995524504161e-05  -5.9391425218395261e-03  1.4503459368901640e-02  1.0014416994099329e+00  9.9192913500256619e-01  1.0230709548304413e+00  1.0000737067750367e+00  9.8037216360012958e-01  1.0291975727114639e+00  -2.8216924440367252e-05  -1.3235871171498408e-03  4.1178496638415017e-04
3.3599999999998701e+01  1.0037156550576083e+00  8.7470804730848695e-01  1.0934904000126915e+00  1.0032866302671397e+00  8.7461453333187589e-01  1.0976695301593649e+00  -4.0586183823398303e-05  -5.9575598531367195e-03  1.4733395271992755e-02  1.0014379123223933e+00  9.9187756985292463e-01  1.0232997499361947e+00  1.0000988611525581e+00  9.8015107341152408e-01  1.0295482164401935e+00  -2.9920338170689925e-05  -1.3233052163210276e-03  4.1423264837847222e-04
3.3799999999998803e+01  1.0037437971509151e+00  8.7309202687990561e-01  1.0941752400008289e+00  1.0033545597457918e+00  8.7320977465043781e-01  1.0982983298702136e+00  -4.1003215192396482e-05  -5.9748657771573838e-03  1.4965442335057165e-02  1.0014340610692714e+00  9.9182531791424389e-01  1.0235349768190403e+00  1.0001247512614948e+00  9.7992964139241856e-01  1.0298922494767149e+00  -3.1666369381852035e-05  -1.3270138540852452e-03  4.1369220434460819e-04
3.3999999999998899e+01  1.0037722622906369e+00  8.7145741407207966e-01  1.0948560323842376e+00  1.0034233536737625e+00  8.7179253291821879e-01  1.0989247594674274e+00  -4.1294067994445769e-05  -5.9904685316832674e-03  1.5199616968187559e-02  1.0014301662654617e+00  9.9177316285342199e-01  1.0237738855845615e+00  1.0001513676437581e+00  9.7970658344228356e-01  1.0302335379018730e+00  -3.3328626257221391e-05  -1.3443757127182415e-03  4.1111520894656945e-04
3.4199999999999001e+01  1.0038011393811326e+00  8.6980390342643088e-01  1.0955327116629616e+00  1.0034929006743187e+00  8.7036320302461068e-01  1.0995494977091129e+00  -4.1151346253009940e-05  -6.0058247540252024e-03  1.5436022542416225e-02  1.0014262671238909e+00  9.9172138857600245e-01  1.0240127045116432e+00  1.0001786620068764e+00  9.7948122741095689e-01  1.0305784010214754e+00  -3.4851384042091906e-05  -1.3771300153772510e-03  4.1195880914287128e-04
3.4399999999999103e+01  1.0038305363819675e+00  8.6813125112658118e-01  1.0962053965017662e+00  1.0035630288222954e+00  8.6892215635229697e-01  1.1001729589977005e+00  -4.0607159225861120e-05  -6.0205852846664572e-03  1.5674853022600362e-02  1.0014223982321901e+00  9.9166960147533767e-01  1.0242489423947831e+00  1.0002065820188726e+00  9.7925397958513194e-01  1.0309318879628531e+00  -3.6274536139431284e-05  -1.4177713530068882e-03  4.1385646904101722e-04
3.4599999999999199e+01  1.0038604961237918e+00  8.6643927112872920e-01  1.0968744709528351e+00  1.0036336467754858e+00  8.6746970751717067e-01  1.1007950589866347e+00  -4.0007488398575663e-05  -6.0327220462707007e-03  1.5916408689916950e-02  1.0014185726919484e+00  9.9161704016909402e-01  1.0244828211712387e+00  1.0002351027491319e+00  9.7902600313742139e-01  1.0312949010540595e+00  -3.7691284707389123e-05  -1.4548715032488225e-03  4.1359302926511374e-04
3.4799999999999400e+01  1.0038909645666072e+00  8.6472783455289937e-01  1.0975405082085172e+00  1.0037048195954354e+00  8.6600607427293275e-01  1.1014152459973228e+00  -3.9731211859603770e-05  -6.0462658016863071e-03  1.6161119234046759e-02  1.0014147818866239e+00  9.9156307611071137e-01  1.0247168521064953e+00  1.0002642345899933e+00  9.7879846351801769e-01  1.0316641333058536e+00  -3.9178411641725057e-05  -1.4807494468858074e-03  4.1427538361108487e-04
3.4999999999999503e+01  1.0039218365776368e+00  8.6299687138399706e-01  1.0982040334509020e+00  1.0037767187568527e+00  8.6453133226940204e-01  1.1020328530410433e+00  -3.9888415857968973e-05  -6.0586858638884515e-03  1.6409544343527354e-02  1.0014110089906245e+00  9.9150752015866950e-01  1.0249540104968144e+00  1.0002940071010262e+00  9.7857194914040102e-01  1.0320346707496626e+00  -4.0751643206501234e-05  -1.4956648009084575e-03  4.1191512121732242e-04
3.5199999999999598e+01  1.0039530408865198e+00  8.6124636335361326e-01  1.0988653093616154e+00  1.0038494891396690e+00  8.6304538124412222e-01  1.1026474787482226e+00  -4.0239528458000354e-05  -6.0694790357741025e-03  1.6662301466438299e-02  1.0014072445994036e+00  9.9145058387713669e-01  1.0251959329996985e+00  1.0003244445078137e+00  9.7834639720518846e-01  1.0324031059167369e+00  -4.2370514907355071e-05  -1.5060063313570360e-03  4.0470981091356937e-04
3.5399999999999700e+01  1.0039845972029431e+00  8.5947631239341704e-01  1.0995243714817957e+00  1.0039231384312930e+00  8.6154795024603337e-01  1.1032589755751396e+00  -4.0381230671924357e-05  -6.0840401401609069e-03  1.6919920278262855e-02  1.0014034938545908e+00  9.9139263873675831e-01  1.0254423333661111e+00  1.0003555507425046e+00  9.7812138998532350e-01  1.0327690114201835e+00  -4.3978896968202083e-05  -1.5188191360064527e-03  3.9990457312296762e-04
3.5599999999999802e+01  1.0040166055715729e+00  8.5768668636039080e-01  1.1001813373619826e+00  1.0039975280249318e+00  8.6003865122180800e-01  1.1038669348190000e+00  -4.0031403957080382e-05  -6.0956951049827282e-03  1.7182729401892957e-02  1.0013997721143892e+00  9.9133401018089640e-01  1.0256917528408727e+00  1.0003873120093276e+00  9.7789647237367516e-01  1.0331341895135027e+00  -4.5548185251420925e-05  -1.5372735086335366e-03  4.0262942945256449e-04
3.5799999999999898e+01  1.0040491828923381e+00  8.5587737305965106e-01  1.1008367154448924e+00  1.0040724604152729e+00  8.5851704619258939e-01  1.1044700919470964e+00  -3.9193217034884465e-05  -6.1070376966596875e-03  1.7450901359397294e-02  1.0013960940131355e+00  9.9127491362577391e-01  1.0259428112197226e+00  1.0004197122182117e+00  9.7767128733381181e-01  1.0335007843566650e+00  -4.7095563326602700e-05  -1.5599599417643771e-03  4.0363226475589333e-04
3.6000000000000000e+01  1.0040823970899115e+00  8.5404817672693312e-01  1.1014913580311747e+00  1.0041477904576412e+00  8.5698267325010713e-01  1.1050662977354901e+00  -3.8105068384491553e-05  -6.1168383657091629e-03  1.7724625412322659e-02  1.0013924642449390e+00  9.9121547115111208e-01  1.0261949997973052e+00  1.0004527489970689e+00  9.7744558569204920e-01  1.0338698247434315e+00  -4.8668128458064731e-05  -1.5833792970230457e-03  4.0426023343349376e-04
3.6200000000000102e+01  1.0041162418217962e+00  8.5219885031974330e-01  1.1021459845131629e+00  1.0042234852787228e+00  8.5543502065457966e-01  1.1056532974826532e+00  -3.7055063972606377e-05  -6.1298824568114590e-03  1.8004201542235025e-02  1.0013888767270895e+00  9.9115571141979897e-01  1.0264486530306511e+00  1.0004864382581502e+00  9.7721925439922763e-01  1.0342409891747146e+00  -5.0303886986257089e-05  -1.6048951175389287e-03  4.0698693859912060e-04
3.6400000000000198e+01  1.0041506583420508e+00  8.5032911527069321e-01  1.1028006176488312e+00  1.0042996084314617e+00  8.5387350536935336e-01  1.1062298369502419e+00  -3.6213673913980136e-05  -6.1450069552422739e-03  1.8289917557452511e-02  1.0013853231566860e+00  9.9109554426478519e-01  1.0267044084122230e+00  1.0005208029341977e+00  9.7699238752552986e-01  1.0346132925084601e+00  -5.1996112434956698e-05  -1.6240060410390388e-03  4.0917931546549771e-04
3.6600000000000300e+01  1.0041855792238497e+00  8.4843863880673231e-01  1.1034544175750596e+00  1.0043762584872094e+00  8.5229751087474959e-01  1.1067962402549565e+00  -3.5583720633519330e-05  -6.1554583004160201e-03  1.8581867976883052e-02  1.0013818050640739e+00  9.9103477862121025e-01  1.0269626905955458e+00  1.0005558530721159e+00  9.7676529173987292e-01  1.0349859022319066e+00  -5.3689671190412149e-05  -1.6417902113613286e-03  4.1003566221762828e-04
3.6800000000000402e+01  1.0042209625263192e+00  8.4652700661413882e-01  1.1041061000067938e+00  1.0044535109671355e+00  8.5070645197275596e-01  1.1073539549147480e+00  -3.5058897824617565e-05  -6.1669657238694765e-03  1.8880014509125992e-02  1.0013783397162874e+00  9.9097322241176899e-01  1.0272235242622008e+00  1.0005915727746453e+00  9.7653834500154557e-01  1.0353585481672611e+00  -5.5318466036372838e-05  -1.6597014321091696e-03  4.1080410038960133e-04
3.7000000000000497e+01  1.0042568012571642e+00  8.4459375448405194e-01  1.1047546388739848e+00  1.0045313932697650e+00  8.4909977171223905e-01  1.1079043651642697e+00  -3.4515564812792691e-05  -6.1802592369420888e-03  1.9184498987702487e-02  1.0013749536440559e+00  9.9091080835705514e-01  1.0274866398170819e+00  1.0006279266310494e+00  9.7631177777654510e-01  1.0357314898299099e+00  -5.6859518015136251e-05  -1.6787409044416227e-03  4.1190000068763591e-04
3.7200000000000600e+01  1.0042931131370882e+00  8.4263845007655658e-01  1.1053996991004218e+00  1.0046098912241423e+00  8.4747684750932628e-01  1.1084477973769493e+00  -3.3871679848854541e-05  -6.1928956515404201e-03  1.9495796544571092e-02  1.0013716672191681e+00  9.9084764583913643e-01  1.0277516856687805e+00  1.0006648835944572e+00  9.7608554182826690e-01  1.0361052556457495e+00  -5.8358901082390452e-05  -1.6991620078938125e-03  4.1142050351218194e-04
3.7400000000000702e+01  1.0043299246896944e+00  8.4066072122356184e-01  1.1060414396594977e+00  1.0046889687791591e+00  8.4583693186245978e-01  1.1089835758548712e+00  -3.3096763092987680e-05  -6.2007055739291914e-03  1.9814337200335808e-02  1.0013684821705089e+00  9.9078395802280839e-01  1.0280184157144185e+00  1.0007024405457030e+00  9.7585936318825928e-01  1.0364803175896611e+00  -5.9902392761302536e-05  -1.7204204158784116e-03  4.1020056899275016e-04
3.7600000000000797e+01  1.0043672600810587e+00  8.3866014781022169e-01  1.1066798330542869e+00  1.0047685848802304e+00  8.4417928294900091e-01  1.1095112023074434e+00  -3.2194421228510186e-05  -6.2057002512503588e-03  2.0139838620968145e-02  1.0013653829047300e+00  9.9071996210329194e-01  1.0282868112511345e+00  1.0007406257648057e+00  9.7563291724431800e-01  1.0368567788706446e+00  -6.1550527122895048e-05  -1.7413175785845510e-03  4.0983471222220020e-04
3.7800000000000900e+01  1.0044051371034468e+00  8.3663608877139861e-01  1.1073140811089299e+00  1.0048487025014423e+00  8.4250345713606156e-01  1.1100317488874540e+00  -3.1182041797172860e-05  -6.2158090790977831e-03  2.0471118773714828e-02  1.0013623514429035e+00  9.9065578779733654e-01  1.0285571076058351e+00  1.0007794782540096e+00  9.7540597775898363e-01  1.0372341996426147e+00  -6.3292056590561491e-05  -1.7605617560174718e-03  4.0879957002450676e-04
3.8000000000001002e+01  1.0044435678593033e+00  8.3458764333945412e-01  1.1079426976741236e+00  1.0049292917270063e+00  8.4080950332972670e-01  1.1105481886081694e+00  -3.0076692778719917e-05  -6.2270478570913982e-03  2.0806869799979488e-02  1.0013593839844783e+00  9.9059147672046843e-01  1.0288296746246905e+00  1.0008190194591073e+00  9.7517845001614545e-01  1.0376117434572036e+00  -6.5056427685720642e-05  -1.7776982852596036e-03  4.1091421422979700e-04
3.8200000000001097e+01  1.0044825612528794e+00  8.3251387194292958e-01  1.1085643127248790e+00  1.0050103292470138e+00  8.3909779481508573e-01  1.1110641178308791e+00  -2.8886748540641317e-05  -6.2368265972678897e-03  2.1146905630526517e-02  1.0013564954918985e+00  9.9052702824437489e-01  1.0291047726417519e+00  1.0008592406283248e+00  9.7495031937918186e-01  1.0379886844356569e+00  -6.6774381836070894e-05  -1.7937698608564900e-03  4.1185747749994910e-04
3.8400000000001199e+01  1.0045221252893497e+00  8.3041415404965169e-01  1.1091786037021649e+00  1.0050917957102725e+00  8.3736853207424888e-01  1.1115817067839764e+00  -2.7611033104992086e-05  -6.2448232032080407e-03  2.1492717371803464e-02  1.0013537090319291e+00  9.9046243325851180e-01  1.0293824196506354e+00  1.0009001153816250e+00  9.7472160266657470e-01  1.0383649975626428e+00  -6.8433919744055941e-05  -1.8110715825375278e-03  4.1210737354749832e-04
3.8600000000001302e+01  1.0045622674774934e+00  8.2828837247785236e-01  1.1097865536857212e+00  1.0051736734980969e+00  8.3562129852908806e-01  1.1121005475674783e+00  -2.6248683764046465e-05  -6.2500758216890249e-03  2.1846584381739177e-02  1.0013510395333096e+00  9.9039767387544753e-01  1.0296618878639736e+00  1.0009416255089432e+00  9.7449234685537378e-01  1.0387415675106015e+00  -7.0085152324858582e-05  -1.8313766963401006e-03  4.1296664676339183e-04
3.8800000000001397e+01  1.0046029924263151e+00  8.2613669896307884e-01  1.1103897355590322e+00  1.0052559482331318e+00  8.3385509956887360e-01  1.1126184564147299e+00  -2.4814134971661814e-05  -6.2521221798895084e-03  2.2209739650655400e-02  1.0013484856498689e+00  9.9033271081432050e-01  1.0299423451527634e+00  1.0009837778284969e+00  9.7426265001872092e-01  1.0391197621440977e+00  -7.1793881462805858e-05  -1.8546391381167465e-03  4.1345321628341098e-04
3.9000000000001499e+01  1.0046442982887542e+00  8.2395907845845984e-01  1.1109891566868677e+00  1.0053386140415470e+00  8.3206896355785454e-01  1.1131336180189328e+00  -2.3341074506060927e-05  -6.2520192662324373e-03  2.2581059050624106e-02  1.0013460356896768e+00  9.9026748890821226e-01  1.0302232632764285e+00  1.0010265990554852e+00  9.7403265608424550e-01  1.0395006190310028e+00  -7.3586294907833962e-05  -1.8794871216236111e-03  4.1718757734391174e-04
3.9200000000001602e+01  1.0046861763236015e+00  8.2175479932399687e-01  1.1115846275248171e+00  1.0054216768841200e+00  8.3026270038273442e-01  1.1136462194156822e+00  -2.1863491080125096e-05  -6.2519145135311229e-03  2.2957509671380993e-02  1.0013436815952259e+00  9.9020197377145436e-01  1.0305047028337637e+00  1.0010701146953753e+00  9.7380249620687209e-01  1.0398842521269880e+00  -7.5430541078523486e-05  -1.9034612754964544e-03  4.2071802812143904e-04
3.9400000000001697e+01  1.0047286169261682e+00  8.1952252779686396e-01  1.1121752051297924e+00  1.0055051488193465e+00  8.2843720969240586e-01  1.1141581220105028e+00  -2.0383429382078366e-05  -6.2549375730491233e-03  2.3336266963214235e-02  1.0013414288628155e+00  9.9013621339008151e-01  1.0307871606511356e+00  1.0011143305574139e+00  9.7357217985300692e-01  1.0402699532814959e+00  -7.7267755677191805e-05  -1.9252535588334932e-03  4.2315900661463109e-04
3.9600000000001799e+01  1.0047716200646917e+00  8.1726085533375226e-01  1.1127603352833930e+00  1.0055890329277466e+00  8.2659400640013936e-01  1.1146708665346197e+00  -1.8854384525040043e-05  -6.2595040195059801e-03  2.3717043725914860e-02  1.0013392941913186e+00  9.9007039540024988e-01  1.0310710824195692e+00  1.0011592324724936e+00  9.7334147791744807e-01  1.0406569309008253e+00  -7.9065853524273939e-05  -1.9457757388764779e-03  4.2522992087395923e-04
3.9800000000001901e+01  1.0048152023466019e+00  8.1496900347082701e-01  1.1133407040270054e+00  1.0056733090541512e+00  8.2473419973934092e-01  1.1151837929245756e+00  -1.7203383445207109e-05  -6.2655044596521704e-03  2.4102871187022871e-02  1.0013372927115216e+00  9.9000484074986528e-01  1.0313563998498838e+00  1.0012048048190347e+00  9.7310989596861641e-01  1.0410451421602265e+00  -8.0852635581553077e-05  -1.9675069418990864e-03  4.2794528828391426e-04
4.0000000000001997e+01  1.0048593930622851e+00  8.1264717189919422e-01  1.1139180736210246e+00  1.0057579340164544e+00  8.2285759652653701e-01  1.1156939018307210e+00  -1.5382939877322220e-05  -6.2683283787424854e-03  2.4498613674838639e-02  1.0013354252209643e+00  9.8993987960606777e-01  1.0316424271377431e+00  1.0012510530095515e+00  9.7287684437537358e-01  1.0414356164976484e+00  -8.2699623916215420e-05  -1.9927874402256582e-03  4.2727676710156335e-04
4.0200000000002099e+01  1.0049042192870059e+00  8.1029623976525145e-01  1.1144942741109782e+00  1.0058428605822942e+00  8.2096256050762950e-01  1.1161974709135418e+00  -1.3412854586576471e-05  -6.2703640335366245e-03  2.4908132663256664e-02  1.0013336766461367e+00  9.8987564815760831e-01  1.0319281902260957e+00  1.0012980105350704e+00  9.7264197718817946e-01  1.0418300400788341e+00  -8.4665139176749867e-05  -2.0221915209535685e-03  4.2355820400071182e-04
4.0400000000002201e+01  1.0049496899419772e+00  8.0791698489939423e-01  1.1150702255479130e+00  1.0059280633121137e+00  8.1904675715480579e-01  1.1166919199224432e+00  -1.1372305289633985e-05  -6.2717201759140487e-03  2.5332036339319030e-02  1.0013320285598897e+00  9.8981197950050936e-01  1.0322129739123647e+00  1.0013457222198845e+00  9.7240543834442439e-01  1.0422298651010855e+00  -8.6741242266714802e-05  -2.0543958853244853e-03  4.2135301622754141e-04
4.0600000000002296e+01  1.0049957917941841e+00  8.0550933951434056e-01  1.1156457578163783e+00  1.0060135504804366e+00  8.1710830032992043e-01  1.1171763799897343e+00  -9.3403863246542486e-06  -6.2736895486476566e-03  2.5767594478082884e-02  1.0013304763110504e+00  9.8974857475861955e-01  1.0324967431924319e+00  1.0013942156016589e+00  9.7216767672405924e-01  1.0426354958199660e+00  -8.8854151985101615e-05  -2.0862538329402582e-03  4.1795158392970088e-04
4.0800000000002399e+01  1.0050425024406218e+00  8.0307219132141439e-01  1.1162202296604966e+00  1.0060993497268882e+00  8.1514653228537104e-01  1.1176507738931609e+00  -7.3294414456540492e-06  -6.2762355426164212e-03  2.6210906676785321e-02  1.0013290354254880e+00  9.8968542171394480e-01  1.0327801813506192e+00  1.0014434854402861e+00  9.7192879436965840e-01  1.0430460429238440e+00  -9.0926832445036314e-05  -2.1139919706897100e-03  4.1863310289665540e-04
4.1000000000002501e+01  1.0050898115236091e+00  8.0060386702770736e-01  1.1167932662701279e+00  1.0061854763216065e+00  8.1316191630876744e-01  1.1181145787356426e+00  -5.2686363134950092e-06  -6.2784541776095843e-03  2.6659847773670572e-02  1.0013277297206202e+00  9.8962311924052448e-01  1.0330643224573854e+00  1.0014935077851612e+00  9.7168791724895964e-01  1.0434597899941134e+00  -9.2952731076555956e-05  -2.1366707759452037e-03  4.1877233391444176e-04
4.1200000000002603e+01  1.0051377333070777e+00  7.9810296375885359e-01  1.1173649339429994e+00  1.0062719094344594e+00  8.1115512810898072e-01  1.1185665670164209e+00  -3.0573133783221474e-06  -6.2790890767101207e-03  2.7115780468250611e-02  1.0013265703155945e+00  9.8956270235791544e-01  1.0333500061284704e+00  1.0015442735794269e+00  9.7144329546969965e-01  1.0438750784464073e+00  -9.5009603375742759e-05  -2.1560429444645126e-03  4.2116581520718820e-04
4.1400000000002699e+01  1.0051862996465868e+00  7.9556895444766484e-01  1.1179352713499071e+00  1.0063585973388949e+00  8.0912597603374581e-01  1.1190057384638075e+00  -6.4619575918263409e-07  -6.2801686897054308e-03  2.7582873750932674e-02  1.0013255448802949e+00  9.8950492743268836e-01  1.0336374971855267e+00  1.0015958112985468e+00  9.7119336141946533e-01  1.0442910510108390e+00  -9.7192786466775467e-05  -2.1752191309264654e-03  4.2371349604407624e-04
4.1600000000002801e+01  1.0052355387785559e+00  7.9300214835782701e-01  1.1185036904992756e+00  1.0064454882638956e+00  8.0707289353223977e-01  1.1194325031366428e+00  1.9247212940962457e-06  -6.2808468851699153e-03  2.8065481713103579e-02  1.0013246285055328e+00  9.8944951842765771e-01  1.0339265019357864e+00  1.0016481756528162e+00  9.7093807841406432e-01  1.0447077940187668e+00  -9.9525431028034520e-05  -2.1954119411867492e-03  4.2493857785285506e-04
4.1800000000002903e+01  1.0052854579948214e+00  7.9040302525447304e-01  1.1190688275960385e+00  1.0065325604878141e+00  8.0499336425906809e-01  1.1198490070247309e+00  4.5662369293813165e-06  -6.2816292950252329e-03  2.8565317730926014e-02  1.0013238077821169e+00  9.8939506608822003e-01  1.0342165317891765e+00  1.0017014100019481e+00  9.7067942722521927e-01  1.0451258512432706e+00  -1.0192852285347757e-04  -2.2168245853662850e-03  4.2563951056690533e-04
4.2000000000002998e+01  1.0053360447189719e+00  7.8777138309189820e-01  1.1196289873024199e+00  1.0066198258482275e+00  8.0288502477199464e-01  1.1202583168581297e+00  7.2196004221949950e-06  -6.2825867130901535e-03  2.9080279726030833e-02  1.0013230973662588e+00  9.8933982794433573e-01  1.0345073158729854e+00  1.0017555142471513e+00  9.7042040123812545e-01  1.0455455395198341e+00  -1.0427701966537243e-04  -2.2382615237796274e-03  4.2645133796721509e-04
4.2200000000003101e+01  1.0053872833538879e+00  7.8510586627166634e-01  1.1201828350150926e+00  1.0067073059442400e+00  8.0074674652616606e-01  1.1206631305459087e+00  9.8999775152409063e-06  -6.2832907796347729e-03  2.9605701577339945e-02  1.0013225355403534e+00  9.8928290972769528e-01  1.0347989536818782e+00  1.0018104441304034e+00  9.7016309816231305e-01  1.0459666044057849e+00  -1.0648860122239874e-04  -2.2583908637146574e-03  4.2927009274463813e-04
4.2400000000003203e+01  1.0054391712788284e+00  7.8240419461431454e-01  1.1207298556323972e+00  1.0067950053447139e+00  7.9857901025069233e-01  1.1210649352227007e+00  1.2667463227555305e-05  -6.2837562855855150e-03  3.0137239376626618e-02  1.0013221640890557e+00  9.8922490061727775e-01  1.0350917468530929e+00  1.0018661394382189e+00  9.6990735870609301e-01  1.0463884059071689e+00  -1.0856877495398883e-04  -2.2768081351633614e-03  4.3606937921008285e-04
4.2600000000003298e+01  1.0054917206481124e+00  7.7966395677265665e-01  1.1212703406974867e+00  1.0068829055015742e+00  7.9638333795183081e-01  1.1214640342802527e+00  1.5565686653647290e-05  -6.2837589583904091e-03  3.0673559463881769e-02  1.0013220096921369e+00  9.8916740516728752e-01  1.0353859385049200e+00  1.0019225560440195e+00  9.6965107835563347e-01  1.0468103271715146e+00  -1.1058488828400009e-04  -2.2940752565047775e-03  4.4119607602363187e-04
4.2800000000003401e+01  1.0055449489905506e+00  7.7688346843991585e-01  1.1218050140155853e+00  1.0069709784234473e+00  7.9416114223650180e-01  1.1218601792718439e+00  1.8597785917346500e-05  -6.2831314323122537e-03  3.1217155000162353e-02  1.0013220796391415e+00  9.8911179403174709e-01  1.0356816450056257e+00  1.0019796787429271e+00  9.6939200595619524e-01  1.0472319268015695e+00  -1.1260429248706173e-04  -2.3102501339184959e-03  4.4359598057811157e-04
4.3000000000003503e+01  1.0055988724909217e+00  7.7406216679428730e-01  1.1223345896514907e+00  1.0070591986729132e+00  7.9191270035210015e-01  1.1222532325421977e+00  2.1758977238482279e-05  -6.2817679388375873e-03  3.1772866462727686e-02  1.0013223711778081e+00  9.8905813812865528e-01  1.0359790312085739e+00  1.0020375113330426e+00  9.6912964102700738e-01  1.0476526816678773e+00  -1.1465005715555782e-04  -2.3244145987616782e-03  4.4261914960201204e-04
4.3200000000003598e+01  1.0056535090215508e+00  7.7120033022375611e-01  1.1228595123835259e+00  1.0071475393947702e+00  7.8963684368935072e-01  1.1226434502786811e+00  2.5071933802472892e-05  -6.2794508594951120e-03  3.2345157699643599e-02  1.0013228844992055e+00  9.8900514172507614e-01  1.0362784984620759e+00  1.0020960570915380e+00  9.6886577594955559e-01  1.0480716517448683e+00  -1.1669865260552198e-04  -2.3359185702933492e-03  4.3815725291655055e-04
4.3400000000003800e+01  1.0057088819876139e+00  7.6829834807699260e-01  1.1233799643715687e+00  1.0072359641247832e+00  7.8733147495512279e-01  1.1230313334319171e+00  2.8563118932817049e-05  -6.2758961750719313e-03  3.2935893856978642e-02  1.0013236300662904e+00  9.8895108216213490e-01  1.0365806260309884e+00  1.0021553049412764e+00  9.6860333809694921e-01  1.0484875213239058e+00  -1.1870724496025746e-04  -2.3441150052809336e-03  4.3518631724836235e-04
4.3600000000003902e+01  1.0057650111983703e+00  7.6535601929827357e-01  1.1238960617685310e+00  1.0073244384689701e+00  7.8499452385701363e-01  1.1234172499037920e+00  3.2191925603917125e-05  -6.2736526336465651e-03  3.3543869850279191e-02  1.0013246274825200e+00  9.8889499007293180e-01  1.0368858575406044e+00  1.0022152281835757e+00  9.6834450860357968e-01  1.0488991039690359e+00  -1.2064539130340627e-04  -2.3500963950402170e-03  4.3551435343368056e-04
4.3800000000003998e+01  1.0058218920032935e+00  7.6237228133218915e-01  1.1244080816150890e+00  1.0074129649401589e+00  7.8262474980753516e-01  1.1238010903763747e+00  3.5819845826941179e-05  -6.2729224804141765e-03  3.4166108800860774e-02  1.0013258984372466e+00  9.8883719176654106e-01  1.0371941769809530e+00  1.0022757939847025e+00  9.6808954309612683e-01  1.0493059487487300e+00  -1.2251536942291369e-04  -2.3561198505320630e-03  4.3297662080807645e-04
4.4000000000004100e+01  1.0058794837660459e+00  7.5934545477312954e-01  1.1249165698733226e+00  1.0075016094323401e+00  7.8022198117737807e-01  1.1241821382927606e+00  3.9289275850246477e-05  -6.2712557450689526e-03  3.4799896782987817e-02  1.0013274579604099e+00  9.8877891173933918e-01  1.0375050248872713e+00  1.0023369778527904e+00  9.6783702594613608e-01  1.0497086008002088e+00  -1.2435623565015160e-04  -2.3644350629656694e-03  4.2974506679076458e-04
4.4200000000004202e+01  1.0059377288264872e+00  7.5627377324468059e-01  1.1254222677729593e+00  1.0075904800794766e+00  7.7778676958690918e-01  1.1245591950703357e+00  4.2570605813005224e-05  -6.2666892469227789e-03  3.5444285114877051e-02  1.0013293083688319e+00  9.8872135647561588e-01  1.0378175193851107e+00  1.0023987758902555e+00  9.6758514925404682e-01  1.0501083349568405e+00  -1.2622805371460306e-04  -2.3760786352480952e-03  4.3090193654583429e-04
4.4400000000004297e+01  1.0059965970219773e+00  7.5315584829360582e-01  1.1259259029966480e+00  1.0076796566830568e+00  7.7531976182350348e-01  1.1249308753363865e+00  4.5841514263896628e-05  -6.2647700649141177e-03  3.6100357556188491e-02  1.0013314403084812e+00  9.8866498991556517e-01  1.0381308820212034e+00  1.0024612065522254e+00  9.6733296921712930e-01  1.0505064691470820e+00  -1.2817613605751991e-04  -2.3901539561092533e-03  4.2958522077533943e-04
4.4600000000004400e+01  1.0060561214646833e+00  7.4999082903836478e-01  1.1264279590874147e+00  1.0077691210149968e+00  7.7282117536210981e-01  1.1252959331098507e+00  4.9395622061344368e-05  -6.2638777984923236e-03  3.6770409644060018e-02  1.0013338426744496e+00  9.8860943675601121e-01  1.0384448787630050e+00  1.0025242969295216e+00  9.6708082673739648e-01  1.0509035519616359e+00  -1.3019412624412009e-04  -2.4040199530493901e-03  4.3027360511545173e-04
4.4800000000004502e+01  1.0061163901245220e+00  7.4677824133473003e-01  1.1269285315799356e+00  1.0078587517180968e+00  7.7029061316568559e-01  1.1256535096354168e+00  5.3427258417383319e-05  -6.2636311646944972e-03  3.7456755509181899e-02  1.0013365158951726e+00  9.8855394332228463e-01  1.0387599957327218e+00  1.0025880603218735e+00  9.6682984579005105e-01  1.0512989123010026e+00  -1.3222310859383135e-04  -2.4148507936650591e-03  4.2971957868111817e-04
4.5000000000004597e+01  1.0061774917163999e+00  7.4351767402495117e-01  1.1274273276390654e+00  1.0079484007578996e+00  7.6772721004431810e-01  1.1260032489354965e+00  5.7866893168541980e-05  -6.2597628725560165e-03  3.8160906242607880e-02  1.0013394766440125e+00  9.8849799179007902e-01  1.0390770812730707e+00  1.0026524843439151e+00  9.6658101911555216e-01  1.0516910972054707e+00  -1.3420430596748612e-04  -2.4221103023402794e-03  4.2736009276576669e-04
4.5200000000004700e+01  1.0062394552238025e+00  7.4020852422188277e-01  1.1279238046063296e+00  1.0080379983552239e+00  7.6512992534683633e-01  1.1263452525019431e+00  6.2417959683167944e-05  -6.2555503981075395e-03  3.8883469036951460e-02  1.0013427466277487e+00  9.8844165341138168e-01  1.0393965450393958e+00  1.0027175447590535e+00  9.6633453585800844e-01  1.0520791731226422e+00  -1.3614474979136066e-04  -2.4287862450611038e-03  4.2307547127512941e-04
4.5400000000004802e+01  1.0063022324305824e+00  7.3684992535934157e-01  1.1284173808351876e+00  1.0081276029668185e+00  7.6249776839766970e-01  1.1266798738802295e+00  6.6782283775819505e-05  -6.2562088683110100e-03  3.9624619941808166e-02  1.0013463339887489e+00  9.8838548795954340e-01  1.0397177722436308e+00  1.0027832355832136e+00  9.6608975785242757e-01  1.0524638659003207e+00  -1.3812294368573461e-04  -2.4392060444710859e-03  4.1870558108038705e-04
4.5600000000004897e+01  1.0063657410311520e+00  7.3344084151958411e-01  1.1289075964924238e+00  1.0082173517593391e+00  7.5982984430114486e-01  1.1270074561737431e+00  7.0901482274761418e-05  -6.2572215646239018e-03  4.0384704440695550e-02  1.0013502267930399e+00  9.8833009469525890e-01  1.0400395002099299e+00  1.0028495845605503e+00  9.6584580994979319e-01  1.0528471846506899e+00  -1.4021364515172196e-04  -2.4544538007070056e-03  4.1538466518279907e-04
4.5800000000004999e+01  1.0064299379758102e+00  7.2998021296209348e-01  1.1293941059093617e+00  1.0083073445978512e+00  7.5712525081737703e-01  1.1273282298670058e+00  7.5022505747653339e-05  -6.2574218526624883e-03  4.1164545176309762e-02  1.0013544080491261e+00  9.8827565030106290e-01  1.0403610744565381e+00  1.0029166338348983e+00  9.6560233464163214e-01  1.0532304108681623e+00  -1.4240516199694276e-04  -2.4699604958459847e-03  4.1622733717929411e-04
4.6000000000005102e+01  1.0064948675486274e+00  7.2646703251019085e-01  1.1298765058979388e+00  1.0083975485257786e+00  7.5438294809993889e-01  1.1276425158160870e+00  7.9529413028353330e-05  -6.2571295163445922e-03  4.1965311858166911e-02  1.0013588781673395e+00  9.8822178335027377e-01  1.0406834267925307e+00  1.0029844028854535e+00  9.6535983278580828e-01  1.0536122297743151e+00  -1.4460405115474198e-04  -2.4788177502610177e-03  4.1529846320846988e-04
4.6200000000005197e+01  1.0065606459954100e+00  7.2290030803114957e-01  1.1303541857892805e+00  1.0084877976855446e+00  7.5160171503312012e-01  1.1279510628664549e+00  8.4662300783522191e-05  -6.2574873279070391e-03  4.2788133277537242e-02  1.0013636606051595e+00  9.8816787468140355e-01  1.0410086015945539e+00  1.0030528730293709e+00  9.6511933297661723e-01  1.0539891343688788e+00  -1.4672966325925027e-04  -2.4784909908991759e-03  4.1723349563622546e-04
4.6400000000005299e+01  1.0066273913517625e+00  7.1927896136384006e-01  1.1308264229031890e+00  1.0085778938679859e+00  7.4878021912630943e-01  1.1282551063720836e+00  9.0332971034219384e-05  -6.2568961918613580e-03  4.3633794909438563e-02  1.0013687836416594e+00  9.8811351943097303e-01  1.0413380222490323e+00  1.0031220113093524e+00  9.6488169432459880e-01  1.0543581696753173e+00  -1.4879749623615757e-04  -2.4741633429990750e-03  4.1645186601161716e-04
4.6600000000005402e+01  1.0066951487401115e+00  7.1560176004256837e-01  1.1312927197786704e+00  1.0086677367534913e+00  7.4591713112052949e-01  1.1285559516640025e+00  9.6178276404967070e-05  -6.2573798969690134e-03  4.4502768588292385e-02  1.0013742572348576e+00  9.8805877107954110e-01  1.0416710893722476e+00  1.0031918089725480e+00  9.6464713097470278e-01  1.0547195686078188e+00  -1.5090109041037536e-04  -2.4747158990902651e-03  4.1702041712794919e-04
4.6800000000005497e+01  1.0067638660253715e+00  7.1186734423610365e-01  1.1317530872967723e+00  1.0087573886675152e+00  7.4301118215180184e-01  1.1288544248049071e+00  1.0181274239546317e-04  -6.2574872052854986e-03  4.5395540107018593e-02  1.0013800690733698e+00  9.8800403627969247e-01  1.0420055263943346e+00  1.0032622943732514e+00  9.6441525633611047e-01  1.0550766879765034e+00  -1.5311414831246532e-04  -2.4849202305120125e-03  4.1530424662505633e-04
4.7000000000005599e+01  1.0068334373338110e+00  7.0807432616165777e-01  1.1322080961671075e+00  1.0088470274877328e+00  7.4006111425006493e-01  1.1291507248486987e+00  1.0708883750550375e-04  -6.2565566912714315e-03  4.6312946528519909e-02  1.0013862033747438e+00  9.8794982521867403e-01  1.0423392161606038e+00  1.0033335077207814e+00  9.6418541537707891e-01  1.0554332081718820e+00  -1.5541514851875941e-04  -2.5013618683592084e-03  4.1471643796447960e-04
4.7200000000005701e+01  1.0069037810621440e+00  7.0422137158304376e-01  1.1326582199974602e+00  1.0089368259024636e+00  7.3706557196410349e-01  1.1294447497842328e+00  1.1217340246582114e-04  -6.2583073150537820e-03  4.7256207034760848e-02  1.0013926636561017e+00  9.8789660687768710e-01  1.0426718730682676e+00  1.0034054628361664e+00  9.6395691682527118e-01  1.0557901190717527e+00  -1.5770293978837648e-04  -2.5158184061766817e-03  4.1215118350978525e-04
4.7400000000005797e+01  1.0069748956502496e+00  7.0030718037963535e-01  1.1331036867965523e+00  1.0090268466169219e+00  7.3402304550876529e-01  1.1297364823079004e+00  1.1740298327666418e-04  -6.2570406083942362e-03  4.8226565450255346e-02  1.0013994790061440e+00  9.8784476291025047e-01  1.0430051851685866e+00  1.0034781303503708e+00  9.6372912210012551e-01  1.0561449750231395e+00  -1.5987885243398808e-04  -2.5218286352457131e-03  4.0870358272174055e-04
4.7600000000005899e+01  1.0070468582376897e+00  6.9633036488437938e-01  1.1335449548022218e+00  1.0091170214404364e+00  7.3093194869990996e-01  1.1300262272173116e+00  1.2305113552353174e-04  -6.2589108602246479e-03  4.9224789654443143e-02  1.0014066897815694e+00  9.8779445609874938e-01  1.0433415486265176e+00  1.0035514548098534e+00  9.6350166543074334e-01  1.0564936332367199e+00  -1.6192129549054689e-04  -2.5174653991799833e-03  4.0259603112984514e-04
4.7800000000006001e+01  1.0071197766062396e+00  6.9228931733374743e-01  1.1339816815603783e+00  1.0092072127116403e+00  7.2779081187047467e-01  1.1303149650286155e+00  1.2918264377542504e-04  -6.2563934233455937e-03  5.0250932619848192e-02  1.0014143248641467e+00  9.8774539238594727e-01  1.0436825759716433e+00  1.0036253909585959e+00  9.6327488701061359e-01  1.0568327477081609e+00  -1.6390088885619318e-04  -2.5063712597566241e-03  3.9952337658021654e-04
4.8000000000006096e+01  1.0071937347656139e+00  6.8818218229982409e-01  1.1344128214549269e+00  1.0092973000949872e+00  7.2459846877681844e-01  1.1306047827885626e+00  1.3567187144612508e-04  -6.2475658070165292e-03  5.1304601251599566e-02  1.0014223868254124e+00  9.8769674082766368e-01  1.0440283567731008e+00  1.0036999331691974e+00  9.6305009196944258e-01  1.0571613086008620e+00  -1.6593324918653582e-04  -2.4963549454648046e-03  3.9562772513567293e-04
4.8200000000006199e+01  1.0072687680736121e+00  6.8400697775601904e-01  1.1348370286617666e+00  1.0093872322377744e+00  7.2135410133371813e-01  1.1308984868586121e+00  1.4233528970200159e-04  -6.2384030884617379e-03  5.2385599099725018e-02  1.0014308546345705e+00  9.8764745996084047e-01  1.0443776061651833e+00  1.0037751187247439e+00  9.6282917273967761e-01  1.0574807643395954e+00  -1.6810325822671460e-04  -2.4923919025282080e-03  3.9360497963285870e-04
4.8400000000006301e+01  1.0073448768768896e+00  6.7976179191928965e-01  1.1352536993995341e+00  1.0094770192571620e+00  7.1805709787666083e-01  1.1311977439158247e+00  1.4907104126109466e-04  -6.2346780873793394e-03  5.3494500816794362e-02  1.0014397017472820e+00  9.8759690230845398e-01  1.0447283248505477e+00  1.0038510033554591e+00  9.6261366941628368e-01  1.0577941697969471e+00  -1.7041159003282967e-04  -2.4964293068272408e-03  3.8907303117258045e-04
4.8600000000006403e+01  1.0074220619748071e+00  6.7544491799211170e-01  1.1356641003911001e+00  1.0095666834068373e+00  7.1470681374131340e-01  1.1315009457834595e+00  1.5592023968019511e-04  -6.2312283065120103e-03  5.4632741828267939e-02  1.0014489165032241e+00  9.8754524449467485e-01  1.0450785986760478e+00  1.0039276270371926e+00  9.6240392990145218e-01  1.0581049116531491e+00  -1.7278457588084178e-04  -2.5076717950858951e-03  3.8461585476965191e-04
4.8800000000006499e+01  1.0075003549997861e+00  6.7105483284098544e-01  1.1360711699154977e+00  1.0096562073157842e+00  7.1130239342621449e-01  1.1318032293221048e+00  1.6302431635766327e-04  -6.2243692002048115e-03  5.5802163758486338e-02  1.0014585091607642e+00  9.8749340585827716e-01  1.0454272645320457e+00  1.0040049965705093e+00  9.6219899465859027e-01  1.0584154733338402e+00  -1.7514331882451589e-04  -2.5228473680487290e-03  3.8205512741835605e-04
4.9000000000006601e+01  1.0075798237575473e+00  6.6659004399458244e-01  1.1364777199103218e+00  1.0097455154531059e+00  7.0784276537371860e-01  1.1320993922909595e+00  1.7051658580714412e-04  -6.2139819738180136e-03  5.7004360589488476e-02  1.0014685002710149e+00  9.8744256466047786e-01  1.0457741737256023e+00  1.0040830984268339e+00  9.6199719348320223e-01  1.0587267516670649e+00  -1.7747358903810092e-04  -2.5392664020914106e-03  3.8478592347823253e-04
4.9200000000006703e+01  1.0076605509244483e+00  6.6204892516970826e-01  1.1368847475257020e+00  1.0098344995134791e+00  7.0432679258140440e-01  1.1323871932065404e+00  1.7842640294464166e-04  -6.2099714403484113e-03  5.8240300206962879e-02  1.0014789016864603e+00  9.8739369026715129e-01  1.0461199127856404e+00  1.0041619283123873e+00  9.6179687874634878e-01  1.0590382800263818e+00  -1.7983130442948651e-04  -2.5526745143359584e-03  3.9156584476256797e-04
4.9400000000006798e+01  1.0077426027566487e+00  6.5742966227756849e-01  1.1372906727479735e+00  1.0099230676319109e+00  7.0075345305547998e-01  1.1326677391470248e+00  1.8666066690337118e-04  -6.2035808020099361e-03  5.9510475977663804e-02  1.0014897084969916e+00  9.8734739731598675e-01  1.0464651781559826e+00  1.0042415081040799e+00  9.6159676572124686e-01  1.0593491557974064e+00  -1.8227870906885023e-04  -2.5625641558457129e-03  3.9158342786353565e-04
4.9600000000006901e+01  1.0078260096387996e+00  6.5273035138326352e-01  1.1376939407507687e+00  1.0100111830087179e+00  6.9712190652214290e-01  1.1329427423677669e+00  1.9506423783998501e-04  -6.1936207032983167e-03  6.0815484778949207e-02  1.0015009093085114e+00  9.8730407347003446e-01  1.0468102402036585e+00  1.0043218736973967e+00  9.6139585010248385e-01  1.0596589854004066e+00  -1.8481579987175489e-04  -2.5731555003591406e-03  3.8776663717602158e-04
4.9800000000007003e+01  1.0079107690995104e+00  6.4794919473295887e-01  1.1380944909813449e+00  1.0100988700533298e+00  6.9343137558125734e-01  1.1332118140620566e+00  2.0350418023891903e-04  -6.1868661277864499e-03  6.2156692566818765e-02  1.0015125041132114e+00  9.8726401922444518e-01  1.0471548024724042e+00  1.0044030464294971e+00  9.6119325469046635e-01  1.0599682633849798e+00  -1.8737414696821605e-04  -2.5860636499709104e-03  3.8427248045854910e-04
5.0000000000007098e+01  1.0079968654074398e+00  6.4308468268306751e-01  1.1384933640588848e+00  1.0101861916049977e+00  6.8968087722656335e-01  1.1334725911732575e+00  2.1192205943392926e-04  -6.1831612988333751e-03  6.3536615627178036e-02  1.0015245124192647e+00  9.8722742764645910e-01  1.0474982197757690e+00  1.0044850157326648e+00  9.6098829386639162e-01  1.0602781332733304e+00  -1.8987364891088313e-04  -2.6018285252219606e-03  3.7636255800907909e-04
5.0200000000007201e+01  1.0080842916209776e+00  6.3813563851901955e-01  1.1388914293406029e+00  1.0102732165451047e+00  6.8586893338723864e-01  1.1337230601658519e+00  2.2033739818420249e-04  -6.1786535357450101e-03  6.4958742476961304e-02  1.0015369652114388e+00  9.8719426228252460e-01  1.0478398394342214e+00  1.0045677473674244e+00  9.6078070899766355e-01  1.0605898598945651e+00  -1.9228231819696113e-04  -2.6201016593096508e-03  3.7333271028778549e-04
5.0400000000007303e+01  1.0081730623896141e+00  6.3310104290471991e-01  1.1392882911151547e+00  1.0103599962613625e+00  6.8199343534842038e-01  1.1339632929790988e+00  2.2881449681503554e-04  -6.1733743916022833e-03  6.6426714144444704e-02  1.0015498897336732e+00  9.8716422342811205e-01  1.0481792746503682e+00  1.0046512067388265e+00  9.6057078636687721e-01  1.0609043375291358e+00  -1.9462699769073611e-04  -2.6395807315470958e-03  3.6896611048717505e-04
5.0600000000007398e+01  1.0082632127006523e+00  6.2797966026900209e-01  1.1396826967120752e+00  1.0104465595429610e+00  6.7805180589440883e-01  1.1341951532225862e+00  2.3741308844706381e-04  -6.1639611582409255e-03  6.7943109824969108e-02  1.0015633003053532e+00  9.8713693810386705e-01  1.0485165305667150e+00  1.0047353764284790e+00  9.6035910616895692e-01  1.0612218032314447e+00  -1.9695849929341939e-04  -2.6585964625036968e-03  3.6308861227496469e-04
5.0800000000007500e+01  1.0083547855826711e+00  6.2276964071637064e-01  1.1400733285059488e+00  1.0105329245206223e+00  6.7404147084761701e-01  1.1344210316626095e+00  2.4615257810904265e-04  -6.1532136913769126e-03  6.9508469120789743e-02  1.0015772001811789e+00  9.8711232407263172e-01  1.0488519624505879e+00  1.0048202571674452e+00  9.6014594272440612e-01  1.0615418267902241e+00  -1.9931083554570501e-04  -2.6757813639727165e-03  3.6360545760799297e-04
5.1000000000007603e+01  1.0084478198541549e+00  6.1746836569880525e-01  1.1404591769694541e+00  1.0106191135420191e+00  6.6996045292734430e-01  1.1346431541441890e+00  2.5502353379898456e-04  -6.1481767370962122e-03  7.1121303135117248e-02  1.0015915901625185e+00  9.8709087180604260e-01  1.0491861077507938e+00  1.0049058563236790e+00  9.5993069235533235e-01  1.0618635391928828e+00  -2.0168192481091423e-04  -2.6906799054868913e-03  3.6334905926128881e-04
5.1200000000007698e+01  1.0085423515973551e+00  6.1207271851786682e-01  1.1408395154086981e+00  1.0107051503500175e+00  6.6580775757220645e-01  1.1348635489165997e+00  2.6404679920410105e-04  -6.1479006501175123e-03  7.2779403367400852e-02  1.0016064776177767e+00  9.8707351753370354e-01  1.0495195104219905e+00  1.0049921731127602e+00  9.5971189636057697e-01  1.0621859186261595e+00  -2.0403471440841759e-04  -2.7025610906870122e-03  3.5782455585038310e-04
5.1400000000007800e+01  1.0086384326214293e+00  6.0657968860501743e-01  1.1412139083947135e+00  1.0107910320145872e+00  6.6158327174908349e-01  1.1350838302350716e+00  2.7332295566952301e-04  -6.1428008639014663e-03  7.4481885286497518e-02  1.0016218821829761e+00  9.8706101679973945e-01  1.0498526211376742e+00  1.0050791870809039e+00  9.5948813698271551e-01  1.0625079836549871e+00  -2.0631119750713563e-04  -2.7123407968434828e-03  3.5221796117620297e-04
5.1600000000007903e+01  1.0087361504856089e+00  6.0098694583331580e-01  1.1415826066165085e+00  1.0108766969605760e+00  6.5728716417647237e-01  1.1353046646803349e+00  2.8300139004049096e-04  -6.1331548091795047e-03  7.6230734311123205e-02  1.0016378355631832e+00  9.8705322435292697e-01  1.0501857004044770e+00  1.0051668551943844e+00  9.5925929441677971e-01  1.0628289943168576e+00  -2.0846178096034957e-04  -2.7207437543902134e-03  3.4648664706195221e-04
5.1800000000007998e+01  1.0088356261303697e+00  5.9529298803803699e-01  1.1419463479084320e+00  1.0109620271978548e+00  6.5291910019641786e-01  1.1355257097967024e+00  2.9316588395946445e-04  -6.1203697717123005e-03  7.8030779474138751e-02  1.0016543726697318e+00  9.8704899399403012e-01  1.0505186200334062e+00  1.0052551237022218e+00  9.5902701010390523e-01  1.0631488409968983e+00  -2.1048811686672533e-04  -2.7298050833936697e-03  3.4418315950800784e-04
5.2000000000008100e+01  1.0089369800385999e+00  5.8949673913083334e-01  1.1423058934991441e+00  1.0110469030367160e+00  6.4847773010384646e-01  1.1357464038506009e+00  3.0372677709132476e-04  -6.1109184882292443e-03  7.9888004902749346e-02  1.0016715149192374e+00  9.8704701911079118e-01  1.0508507079572971e+00  1.0053439556646722e+00  9.5879361195224999e-01  1.0634684019734775e+00  -2.1247297758003299e-04  -2.7418909900751107e-03  3.3986281993509732e-04
5.2200000000008302e+01  1.0090402872481867e+00  5.8359686203177086e-01  1.1426615376220002e+00  1.0111312814851856e+00  6.4396075423840859e-01  1.1359667741779171e+00  3.1443456380827805e-04  -6.0998436522846739e-03  8.1807221047941178e-02  1.0016892547255285e+00  9.8704698905491739e-01  1.0511809959881344e+00  1.0054333609868611e+00  9.5856022015831943e-01  1.0637892412038641e+00  -2.1455776375137932e-04  -2.7574868303192153e-03  3.4112711266404789e-04
5.2400000000008397e+01  1.0091455600927119e+00  5.7759125035765124e-01  1.1430133086091736e+00  1.0112152346281522e+00  6.3936551171847344e-01  1.1361871704481963e+00  3.2504882702723845e-04  -6.0942324994892119e-03  8.3790531254857761e-02  1.0017075553283579e+00  9.8704990693271877e-01  1.0515089379050389e+00  1.0055234045572838e+00  9.5832585597239106e-01  1.0641124271079365e+00  -2.1685841389376223e-04  -2.7737208188481025e-03  3.4344373686241735e-04
5.2600000000008500e+01  1.0092527846887993e+00  5.7147702766369646e-01  1.1433616862036702e+00  1.0112988985775888e+00  6.3468972676848778e-01  1.1364070547549765e+00  3.3556011528966236e-04  -6.0886392010457788e-03  8.5837474821844673e-02  1.0017263728826573e+00  9.8705710792848345e-01  1.0518350122535631e+00  1.0056141762695625e+00  9.5808862640441550e-01  1.0644373687037023e+00  -2.1937164221495341e-04  -2.7861623984300238e-03  3.3737417040777333e-04
5.2800000000008602e+01  1.0093619956709112e+00  5.6525103044568736e-01  1.1437079682625353e+00  1.0113823489493425e+00  6.2993197738700057e-01  1.1366242564185771e+00  3.4627783497741965e-04  -6.0800908076204738e-03  8.7946655110134664e-02  1.0017456893400030e+00  9.8706891194882629e-01  1.0521604483052207e+00  1.0057057360519557e+00  9.5784788361373019e-01  1.0647620282975230e+00  -2.2195681666297790e-04  -2.7930797607214038e-03  3.2727714055455487e-04
5.3000000000008697e+01  1.0094733336830066e+00  5.5891044583557503e-01  1.1440537091552943e+00  1.0114654903877787e+00  6.2509164589252153e-01  1.1368357848701867e+00  3.5766299744644523e-04  -6.0683362945256926e-03  9.0117816720742872e-02  1.0017655306223245e+00  9.8708437954697648e-01  1.0524861040227462e+00  1.0057980745037802e+00  9.5760501662357389e-01  1.0650846932805651e+00  -2.2443095842197421e-04  -2.7977792965469561e-03  3.2320895689876174e-04
5.3200000000008799e+01  1.0095870311811344e+00  5.5245321352863341e-01  1.1443996862571835e+00  1.0115480582613148e+00  6.2016842208005363e-01  1.1370396033078207e+00  3.6999261133203055e-04  -6.0538040921940791e-03  9.2353198083607507e-02  1.0017859524562702e+00  9.8710251422495199e-01  1.0528115413893373e+00  1.0058911240876947e+00  9.5736189005196626e-01  1.0654056998734136e+00  -2.2670744959389535e-04  -2.8058724130019860e-03  3.2064052142137365e-04
5.3400000000008902e+01  1.0097033255090997e+00  5.4587798819511968e-01  1.1447454423250629e+00  1.0116297514349113e+00  6.1516166345676759e-01  1.1372356215675177e+00  3.8312420355472352e-04  -6.0426868591050790e-03  9.4657518067658819e-02  1.0018070045484617e+00  9.8712361408469329e-01  1.0531353143209663e+00  1.0059848126537096e+00  9.5711858752380707e-01  1.0657272689083843e+00  -2.2884843730598903e-04  -2.8198505072796194e-03  3.1591798130475363e-04
5.3600000000008997e+01  1.0098223632090018e+00  5.3918374111738621e-01  1.1450898631136075e+00  1.0117104026765613e+00  6.1006995674438269e-01  1.1374249673674850e+00  3.9658077659928130e-04  -6.0316896512118733e-03  9.7036750547492598e-02  1.0018287062060771e+00  9.8714924600165266e-01  1.0534562481325609e+00  1.0060791089277894e+00  9.5687299033210693e-01  1.0660515126166592e+00  -2.3097315549431175e-04  -2.8367367948632515e-03  3.0961875253464712e-04
5.3800000000009099e+01  1.0099441729955547e+00  5.3236927563046643e-01  1.1454321153854909e+00  1.0117900532204804e+00  6.0489108017541904e-01  1.1376084911891464e+00  4.0990109136655549e-04  -6.0235939678159184e-03  9.9496437352692729e-02  1.0018510563231691e+00  9.8718085590499982e-01  1.0537744118054275e+00  1.0061740162986219e+00  9.5662268320147448e-01  1.0663786367542532e+00  -2.3311579997183502e-04  -2.8513019313682617e-03  3.0954038352441684e-04
5.4000000000009202e+01  1.0100687279663028e+00  5.2543294017807229e-01  1.1457719174365038e+00  1.0118688766154764e+00  5.9962234137362513e-01  1.1377862378467662e+00  4.2295929996763725e-04  -6.0087429280165153e-03  1.0204041781915107e-01  1.0018740642115769e+00  9.8721856883972348e-01  1.0540908499538393e+00  1.0062695266536830e+00  9.5636705646779108e-01  1.0667070785451309e+00  -2.3519047379863691e-04  -2.8610897402798980e-03  3.0626043185417285e-04
5.4200000000009297e+01  1.0101960429357835e+00  5.1837266889720035e-01  1.1461089940137672e+00  1.0119470224010430e+00  5.9426108760238416e-01  1.1379583039466612e+00  4.3599882544297791e-04  -5.9933237480188240e-03  1.0467052254849417e-01  1.0018977640929538e+00  9.8726146600790843e-01  1.0544065076139146e+00  1.0063655916071963e+00  9.5610733557523397e-01  1.0670351578025761e+00  -2.3710670272723399e-04  -2.8678957991064057e-03  3.0032729695848441e-04
5.4400000000009399e+01  1.0103262302310794e+00  5.1118627619300561e-01  1.1464426235131959e+00  1.0120245051071206e+00  5.8880513557369640e-01  1.1381256722591777e+00  4.4939290535842826e-04  -5.9856854839102419e-03  1.0738722525946724e-01  1.0019221942098782e+00  9.8730891283660549e-01  1.0547215069671825e+00  1.0064621497369854e+00  9.5584469857999910e-01  1.0673623989585672e+00  -2.3890362999099082e-04  -2.8750682577721319e-03  2.9438839581469247e-04
5.4600000000009501e+01  1.0104594805684868e+00  5.0387180475756310e-01  1.1467720371639654e+00  1.0121012096418904e+00  5.8325295023096080e-01  1.1382896576708446e+00  4.6335730619219667e-04  -5.9769633088747262e-03  1.1019078258331901e-01  1.0019473633612337e+00  9.8736140239716608e-01  1.0550352694628387e+00  1.0065591824898508e+00  9.5557870614166318e-01  1.0676895319420623e+00  -2.4073948005363016e-04  -2.8847053909666163e-03  2.8855485005186262e-04
5.4800000000009597e+01  1.0105959964179565e+00  4.9642773871968338e-01  1.1470971501352598e+00  1.0121769866521588e+00  5.7760355186480750e-01  1.1384506649940052e+00  4.7782584942800458e-04  -5.9673757034754207e-03  1.1308224009039697e-01  1.0019732451964254e+00  9.8742008611452869e-01  1.0553469512357285e+00  1.0066567333275973e+00  9.5530765767998327e-01  1.0680178768297977e+00  -2.4273383195882079e-04  -2.8976649542712934e-03  2.8475436261322289e-04
5.5000000000009699e+01  1.0107359327317631e+00  4.8885301489111499e-01  1.1474183845283104e+00  1.0122517555790878e+00  5.7185626042294746e-01  1.1386083435209879e+00  4.9253886199192602e-04  -5.9622331478366439e-03  1.1606387260603004e-01  1.0019998113288024e+00  9.8748569518335716e-01  1.0556556122374852e+00  1.0067548617427358e+00  9.5503018735508871e-01  1.0683490781279490e+00  -2.4483485777209232e-04  -2.9146525446120015e-03  2.8077126954192895e-04
5.5200000000009801e+01  1.0108793850290616e+00  4.8114690228140838e-01  1.1477354407623830e+00  1.0123255437177086e+00  5.6601043256511452e-01  1.1387635991463634e+00  5.0725356152133685e-04  -5.9523825378905481e-03  1.1913900194108078e-01  1.0020270698117393e+00  9.8755809162306185e-01  1.0559603057471050e+00  1.0068535771508547e+00  9.5474621418864281e-01  1.0686849648692220e+00  -2.4686612221340692e-04  -2.9354562353145390e-03  2.7503099176801803e-04
5.5400000000009904e+01  1.0110264285481607e+00  4.7330888253189168e-01  1.1480466283768958e+00  1.0123984407255133e+00  5.6006530411593247e-01  1.1389198999196524e+00  5.2192790359703286e-04  -5.9473726426513135e-03  1.2231145987479172e-01  1.0020550672376325e+00  9.8763678868520688e-01  1.0562605392653943e+00  1.0069528232332292e+00  9.5445640836624390e-01  1.0690267647445419e+00  -2.4870756193549144e-04  -2.9571906866637698e-03  2.6936898565863492e-04
5.5600000000009999e+01  1.0111771773576250e+00  4.6533862171918533e-01  1.1483502305873077e+00  1.0124705061169594e+00  5.5401996285918154e-01  1.1390811859700676e+00  5.3674950420071286e-04  -5.9431035247123820e-03  1.2558506263123465e-01  1.0020838521933193e+00  9.8772168480571965e-01  1.0565568469572095e+00  1.0070525288014966e+00  9.5416107759569302e-01  1.0693740021083245e+00  -2.5041047146011521e-04  -2.9751404004051247e-03  2.6673816008934633e-04
5.5800000000010101e+01  1.0113318178705655e+00  4.5723602503342242e-01  1.1486468692372283e+00  1.0125417012570004e+00  5.4787340674049845e-01  1.1392477371187866e+00  5.5198371957303238e-04  -5.9346653167452390e-03  1.2896331980983519e-01  1.0021134403237579e+00  9.8781318511724403e-01  1.0568506571402327e+00  1.0071526681034140e+00  9.5385979631248452e-01  1.0697244688746665e+00  -2.5212384484301102e-04  -2.9872365442717998e-03  2.6346474788023358e-04
5.6000000000010203e+01  1.0114905906390947e+00  4.4900129935208455e-01  1.1489399408083176e+00  1.0126118991387376e+00  5.4162462815467272e-01  1.1394148895946796e+00  5.6776303136759211e-04  -5.9260944547925576e-03  1.3244936288668410e-01  1.0021438168015140e+00  9.8791168387149053e-01  1.0571433022444825e+00  1.0072532675392840e+00  9.5355205808619126e-01  1.0700757380786390e+00  -2.5393152955784223e-04  -2.9934573265717793e-03  2.5797771566389913e-04
5.6200000000010299e+01  1.0116537381337931e+00  4.4063497219293668e-01  1.1492328938152498e+00  1.0126809592848991e+00  5.3527269543340883e-01  1.1395771749837704e+00  5.8400409363924995e-04  -5.9168096540159693e-03  1.3604594278641330e-01  1.0021749668456827e+00  9.8801701275567999e-01  1.0574351678024685e+00  1.0073543622393832e+00  9.5323816728477739e-01  1.0704267138950190e+00  -2.5579365381197568e-04  -2.9990592547600122e-03  2.5407517107596040e-04
5.6400000000010401e+01  1.0118214666037637e+00  4.3213789822745896e-01  1.1495259698576079e+00  1.0127487968845468e+00  5.2881683402354651e-01  1.1397339898220593e+00  6.0052533323709197e-04  -5.9040611220906817e-03  1.3975540025765165e-01  1.0022068955418781e+00  9.8812836913748092e-01  1.0577259428542578e+00  1.0074559606476077e+00  9.5291952199803220e-01  1.0707774778620613e+00  -2.5763724948112403e-04  -3.0050942634798380e-03  2.4909070914087047e-04
5.6600000000010503e+01  1.0119939554513011e+00  4.2351132808617792e-01  1.1498162126602316e+00  1.0128153835913267e+00  5.2225650798314882e-01  1.1398902486901459e+00  6.1724449333469024e-04  -5.8891692405872321e-03  1.4357966103873768e-01  1.0022396191068288e+00  9.8824477454987825e-01  1.0580155666509703e+00  1.0075580524455210e+00  9.5259805232058625e-01  1.0711278226188283e+00  -2.5945201895927840e-04  -3.0092260193738131e-03  2.4870911616399965e-04
5.6800000000010598e+01  1.0121714015544814e+00  4.1475705241324290e-01  1.1501010387721622e+00  1.0128806849042826e+00  5.1559147604688316e-01  1.1400507829344584e+00  6.3426706435047817e-04  -5.8819729406255732e-03  1.4752036195863419e-01  1.0022731489364358e+00  9.8836578614586534e-01  1.0583045799589135e+00  1.0076606328843987e+00  9.5227511530515163e-01  1.0714765553585079e+00  -2.6126593854214862e-04  -3.0098052920294075e-03  2.4873513763453689e-04
5.7000000000010701e+01  1.0123540554553399e+00  4.0587752178369407e-01  1.1503814524780174e+00  1.0129445961571957e+00  5.0882178767952424e-01  1.1402145815693181e+00  6.5179814766283789e-04  -5.8740679996181705e-03  1.5157908302814804e-01  1.0023074945324608e+00  9.8849204648464706e-01  1.0585934682586646e+00  1.0077637004782254e+00  9.5195044782953431e-01  1.0718224827687932e+00  -2.6305567480370683e-04  -3.0087570261210349e-03  2.4635965159251717e-04
5.7200000000010803e+01  1.0125422185026811e+00  3.9687582118997122e-01  1.1506613153495151e+00  1.0130069332647773e+00  5.0194772251230502e-01  1.1403752770622664e+00  6.6997514709668982e-04  -5.8639188644996013e-03  1.5575746126891826e-01  1.0023426803919855e+00  9.8862521067023157e-01  1.0588820327127104e+00  1.0078672296720170e+00  9.5162196281303746e-01  1.0721655425047529e+00  -2.6472889857183444e-04  -3.0081644808380307e-03  2.4482353817687071e-04
5.7400000000010898e+01  1.0127362063337224e+00  3.8775551734059710e-01  1.1509436000469073e+00  1.0130674825138510e+00  4.9496973924842141e-01  1.1405271248339794e+00  6.8876319370590722e-04  -5.8598464004880561e-03  1.6005692920163236e-01  1.0023787514997500e+00  9.8876704142569116e-01  1.0591697723829732e+00  1.0079711573876637e+00  9.5128691321849923e-01  1.0725063252851814e+00  -2.6620395070196888e-04  -3.0083971575672989e-03  2.4241261926341489e-04
5.7600000000011001e+01  1.0129363086750738e+00  3.7852058021442536e-01  1.1512277300697722e+00  1.0131260692964563e+00  4.8788852505482461e-01  1.1406699081568383e+00  7.0797748527320079e-04  -5.8567570269511164e-03  1.6447807336270745e-01  1.0024157575125130e+00  9.8891817276965677e-01  1.0594567745981847e+00  1.0080754043024962e+00  9.5094388129496132e-01  1.0728445767065664e+00  -2.6748562615646232e-04  -3.0060479669152432e-03  2.3935596679822905e-04
5.7800000000011103e+01  1.0131427735899639e+00  3.6917558628388969e-01  1.1515103864279583e+00  1.0131825982163574e+00  4.8070517880190849e-01  1.1408082998298104e+00  7.2740114636138647e-04  -5.8497101757303384e-03  1.6901998400149940e-01  1.0024537312899693e+00  9.8907764636111661e-01  1.0597438569940696e+00  1.0081799107021943e+00  9.5059391268862481e-01  1.0731787637187100e+00  -2.6865830523588324e-04  -2.9992231717061927e-03  2.3456673610465324e-04
5.8000000000011198e+01  1.0133558251705592e+00  3.5972616366274845e-01  1.1517882286470735e+00  1.0132370399065174e+00  4.7342144837190192e-01  1.1409476400875067e+00  7.4691632381951268e-04  -5.8368051919954998e-03  1.7368011338401040e-01  1.0024926805778067e+00  9.8924388166125876e-01  1.0600317804440129e+00  1.0082846560948906e+00  9.5023945873136539e-01  1.0735072597520645e+00  -2.6982174195569079e-04  -2.9903351378099551e-03  2.3382443471131747e-04
5.8200000000011300e+01  1.0135757012878177e+00  3.5017935169847930e-01  1.1520596564512227e+00  1.0132893755614933e+00  4.6603986640671780e-01  1.1410908128108634e+00  7.6656136711452782e-04  -5.8214983325979167e-03  1.7845484756688079e-01  1.0025325962012814e+00  9.8941630849990547e-01  1.0603206484363510e+00  1.0083896526038092e+00  9.4988189796240985e-01  1.0738294430955726e+00  -2.7103144554211224e-04  -2.9802689414097027e-03  2.3234563058027310e-04
5.8400000000011403e+01  1.0138026842762502e+00  3.4054354457198843e-01  1.1523247564631069e+00  1.0133395395846632e+00  4.5856367410952015e-01  1.1412379906981982e+00  7.8647442069849070e-04  -5.8168285924456633e-03  1.8334039046160397e-01  1.0025734692701784e+00  9.8959599009551502e-01  1.0606102200366527e+00  1.0084949201774920e+00  9.4952015309161852e-01  1.0741453444024418e+00  -2.7226723924623705e-04  -2.9692047110413131e-03  2.3128689442322153e-04
5.8600000000011498e+01  1.0140371037227693e+00  3.3082804646025438e-01  1.1525845537881922e+00  1.0133874004687458e+00  4.5099657953046823e-01  1.1413876742264775e+00  8.0677770660527771e-04  -5.8108864381799319e-03  1.8833315689279612e-01  1.0026153093967431e+00  9.8978452017656759e-01  1.0609004438338228e+00  1.0086004549629441e+00  9.4915194198603803e-01  1.0744547848982859e+00  -2.7343155830531765e-04  -2.9579930293087077e-03  2.3435213498563468e-04
5.8800000000011600e+01  1.0142793161183807e+00  3.2104266590505204e-01  1.1528403803913134e+00  1.0134327830100378e+00  4.4334254985987515e-01  1.1415376883453716e+00  8.2751615657115755e-04  -5.7998790220263833e-03  1.9342909092535582e-01  1.0026581558045733e+00  9.8998244113086431e-01  1.0611912533165078e+00  1.0087062047269009e+00  9.4877622045435472e-01  1.0747576456903642e+00  -2.7438944698304226e-04  -2.9472438676822433e-03  2.3274269512275097e-04
5.9000000000011703e+01  1.0145296870422611e+00  3.1119779837275774e-01  1.1530930980284753e+00  1.0134754956555634e+00  4.3560585231937088e-01  1.1416865217635221e+00  8.4869921933741310e-04  -5.7842963627979518e-03  1.9862208847439841e-01  1.0027020727920282e+00  9.9018903047280704e-01  1.0614819305969658e+00  1.0088120683245130e+00  9.4839392797515409e-01  1.0750549592092686e+00  -2.7504445045736727e-04  -2.9404120716392769e-03  2.2929712807781498e-04
5.9200000000011798e+01  1.0147885918429422e+00  3.0130502243121704e-01  1.1533422362316565e+00  1.0135153328860846e+00  4.2779140123961007e-01  1.1418349416841904e+00  8.7036061823802374e-04  -5.7731669230652099e-03  2.0390242913008280e-01  1.0027471292088013e+00  9.9040363743748128e-01  1.0617711792239715e+00  1.0089179246180091e+00  9.4800623003213136e-01  1.0753489402788741e+00  -2.7539759170999397e-04  -2.9387586925682949e-03  2.3360043271999535e-04
5.9400000000011900e+01  1.0150564203944774e+00  2.9137776200716919e-01  1.1535861276765424e+00  1.0135520687781061e+00  4.1990524847679189e-01  1.1419860416912835e+00  8.9252553595720290e-04  -5.7664659327052933e-03  2.0925619690211025e-01  1.0027933755193177e+00  9.9062682799058743e-01  1.0620581440647288e+00  1.0090236720149031e+00  9.4761257982817260e-01  1.0756413328015189e+00  -2.7553463187737152e-04  -2.9388057425353054e-03  2.2806529842907795e-04
5.9600000000012002e+01  1.0153335623889168e+00  2.8143150604497125e-01  1.1538236137770832e+00  1.0135854790770384e+00  4.1195494032284524e-01  1.1421425194426593e+00  9.1511858380877967e-04  -5.7554378573229674e-03  2.1466598313543953e-01  1.0028408356803897e+00  9.9085990157992243e-01  1.0623432469062024e+00  1.0091292489704868e+00  9.4721106830124002e-01  1.0759318063294501e+00  -2.7555124089774887e-04  -2.9352856102675107e-03  2.2370296124611823e-04
5.9800000000012098e+01  1.0156203806519448e+00  2.7148347610656298e-01  1.1540559068913698e+00  1.0136153849710214e+00  4.0394954862390603e-01  1.1423033113228007e+00  9.3797590280236473e-04  -5.7433830818837900e-03  2.2011222849703319e-01  1.0028895185785418e+00  9.9110351171922073e-01  1.0626277718366273e+00  1.0092346223019999e+00  9.4680046132238904e-01  1.0762183450547942e+00  -2.7548080068935698e-04  -2.9265063596554328e-03  2.2776015373965634e-04
6.0000000000012200e+01  1.0159172130536525e+00  2.6155209178393574e-01  1.1542864202833791e+00  1.0136416542351498e+00  3.9589940550241198e-01  1.1424633765108756e+00  9.6103643328593314e-04  -5.7306620859708017e-03  2.2557409062288397e-01  1.0029394384173296e+00  9.9135730555015977e-01  1.0629125263956798e+00  1.0093397560148465e+00  9.4638107218072642e-01  1.0764993959289000e+00  -2.7527630514742911e-04  -2.9162538122996652e-03  2.3343972469998207e-04
