# time  chi_mean_R8  chi_min_R8  chi_max_R8  lapse_mean_R8  lapse_min_R8  lapse_max_R8  K_mean_R8  K_min_R8  K_max_R8  chi_mean_R16  chi_min_R16  chi_max_R16  lapse_mean_R16  lapse_min_R16  lapse_max_R16  K_mean_R16  K_min_R16  K_max_R16
0.0000000000000000e+00  9.9535557123714602e-01  9.8080227110082907e-01  1.0093240434728781e+00  9.9704931567019095e-01  9.8745695512711384e-01  1.0053579711649738e+00  0.0000000000000000e+00  0.0000000000000000e+00  0.0000000000000000e+00  9.9790813219323626e-01  9.9440495323767175e-01  1.0010005389973031e+00  9.9848287517485890e-01  9.9661039277120833e-01  1.0001189592173603e+00  0.0000000000000000e+00  0.0000000000000000e+00  0.0000000000000000e+00
2.0000000000000001e-01  9.9535782548249652e-01  9.8079651476934593e-01  1.0093409672441214e+00  9.9705321198837915e-01  9.8747638969713092e-01  1.0053025158614186e+00  2.5130613417066957e-06  -5.0710675540948812e-04  3.5672274255507658e-04  9.9791087226545916e-01  9.9442375328128774e-01  1.0009712498017895e+00  9.9848453176381891e-01  9.9661856037234053e-01  1.0001038344154258e+00  5.2063222142603008e-06  -1.6662503700906438e-04  1.8787846572533394e-04
4.0000000000000002e-01  9.9535683297650024e-01  9.8077693192994486e-01  1.0093876019697468e+00  9.9705895575196379e-01  9.8753828427806678e-01  1.0051467855721465e+00  -1.7448886689724411e-05  -4.9707363360066196e-04  4.5682426065833253e-04  9.9791089805965671e-01  9.9441517801244050e-01  1.0009708878857977e+00  9.9848440288381435e-01  9.9661503054945155e-01  1.0001049014364982e+00  -8.4803802366604026e-07  -5.7333258104062193e-05  3.3042155672471319e-05
5.9999999999999998e-01  9.9535348870565454e-01  9.8073773666083808e-01  1.0094553393121590e+00  9.9706777012631198e-01  9.8765353083211582e-01  1.0049175495686391e+00  -3.1881141551855010e-05  -6.6212065607838518e-04  6.0654251644574474e-04  9.9791079748582190e-01  9.9441129327672562e-01  1.0009713699164351e+00  9.9848448353065655e-01  9.9661656823242939e-01  1.0001046454937008e+00  -3.6640190339953032e-07  -2.1650473896030095e-05  1.6145698221622286e-05
8.0000000000000104e-01  9.9534895136878720e-01  9.8067266005728759e-01  1.0095385397360068e+00  9.9707965145797295e-01  9.8783071555805535e-01  1.0046354899474184e+00  -4.0032608459651443e-05  -7.8673610399549636e-04  7.0133155713548426e-04  9.9791076326375627e-01  9.9441042174213723e-01  1.0009712566728108e+00  9.9848454465489977e-01  9.9661672767247689e-01  1.0001047936625074e+00  -3.3266051467609590e-07  -1.3824359848768601e-05  1.0294782851774586e-05
1.0000000000000000e+00  9.9534362770031404e-01  9.8058322644682083e-01  1.0096267828206449e+00  9.9709398886699074e-01  9.8808138587259353e-01  1.0043211327848427e+00  -4.7257367350514359e-05  -8.4314011354835337e-04  7.1505590853159753e-04  9.9791071968370393e-01  9.9440959960280695e-01  1.0009712395791974e+00  9.9848462922424341e-01  9.9661683519989508e-01  1.0001048406182476e+00  -3.6833023191268891e-07  -9.6163910655155238e-06  6.4590000081167351e-06
1.2000000000000000e+00  9.9533661783468119e-01  9.8047665365818448e-01  1.0097158716424843e+00  9.9711186061950596e-01  9.8839716144071399e-01  1.0039908271808176e+00  -5.9232207778189935e-05  -9.5516495937521696e-04  7.0824526612945477e-04  9.9791066560869113e-01  9.9440848580214880e-01  1.0009711937639949e+00  9.9848473508120961e-01  9.9661734235312327e-01  1.0001049333080940e+00  -4.4828701214644169e-07  -9.1313919726121300e-06  5.4136569556501801e-06
1.3999999999999899e+00  9.9532738263154030e-01  9.8035369634968006e-01  1.0098099888984129e+00  9.9713455688960217e-01  9.8877240343331596e-01  1.0036502862938539e+00  -7.1778554414281224e-05  -1.0867672877446916e-03  7.2904969549212294e-04  9.9791059304027818e-01  9.9440737395664902e-01  1.0009711459257256e+00  9.9848487830503929e-01  9.9661805520116020e-01  1.0001050435043637e+00  -5.5164744502660424e-07  -8.2252925944144328e-06  3.5212628811496855e-06
1.5999999999999901e+00  9.9531684997985925e-01  9.8021342214955076e-01  1.0099143242752249e+00  9.9716125406884770e-01  9.8920620592408226e-01  1.0032968130730064e+00  -7.9746446390694216e-05  -1.2238260806142257e-03  7.6985431224962507e-04  9.9791050681982918e-01  9.9440640195647545e-01  1.0009711395158469e+00  9.9848505810094401e-01  9.9661883444477639e-01  1.0001051021858172e+00  -6.4009591688001284e-07  -1.0142645876522814e-05  5.2467504537613514e-06
1.7999999999999801e+00  9.9530592218296088e-01  9.8006378199478228e-01  1.0100370819852729e+00  9.9719058989431963e-01  9.8968219679931102e-01  1.0029183180514512e+00  -8.5556479511070531e-05  -1.2989232671413145e-03  7.6258750290979140e-04  9.9791041398310298e-01  9.9440549920619847e-01  1.0009710558340299e+00  9.9848526690691608e-01  9.9661977560964576e-01  1.0001052575335234e+00  -7.0185956786956315e-07  -1.0897943173203717e-05  2.9043388689355452e-06
1.9999999999999800e+00  9.9529433017733870e-01  9.7991662003036717e-01  1.0101767013406260e+00  9.9722265696909673e-01  9.9017206506794053e-01  1.0025138158924924e+00  -9.3203450666191223e-05  -1.3120254580418461e-03  7.7809699170472760e-04  9.9791031603404445e-01  9.9440504143307473e-01  1.0009708463768288e+00  9.9848550072019138e-01  9.9662025040041469e-01  1.0001056292534718e+00  -7.8320299901489184e-07  -1.2882809505538725e-05  4.0867284688158313e-06
2.1999999999999802e+00  9.9528131813191956e-01  9.7977371463831997e-01  1.0103149286634225e+00  9.9725838902324671e-01  9.9066639542917112e-01  1.0021068596024032e+00  -1.0277444719725135e-04  -1.3454067716934946e-03  7.1399531615894910e-04  9.9791019389625724e-01  9.9440478064969717e-01  1.0009709172817698e+00  9.9848578660189813e-01  9.9662037159924532e-01  1.0001056214903548e+00  -9.6080101779791643e-07  -1.4211037262367498e-05  6.0763927712940163e-06
2.3999999999999702e+00  9.9526655865481539e-01  9.7962466006878590e-01  1.0104409915062476e+00  9.9729827879810495e-01  9.9117956445673738e-01  1.0017236263580704e+00  -1.1257603559435349e-04  -1.4017711555985213e-03  7.4240631986365188e-04  9.9791003932233013e-01  9.9440330268497557e-01  1.0009713226238537e+00  9.9848614263979174e-01  9.9662234138645323e-01  1.0001050367936699e+00  -1.1046366109224388e-06  -1.6188259050346910e-05  5.3097440474044832e-06
2.5999999999999699e+00  9.9525015404381778e-01  9.7946189291806784e-01  1.0105621465034831e+00  9.9734231635876625e-01  9.9171405798493384e-01  1.0013588400353233e+00  -1.2222901825253735e-04  -1.4072042285543335e-03  7.5754089265025277e-04  9.9790988095818245e-01  9.9440048780838530e-01  1.0009713788641026e+00  9.9848652769181556e-01  9.9662669030604656e-01  1.0001049196993277e+00  -1.1080836388482601e-06  -1.9094719792437954e-05  3.7433234977775604e-06
2.7999999999999599e+00  9.9523220832719306e-01  9.7929230302770520e-01  1.0106855591055113e+00  9.9739057162272893e-01  9.9224416629600487e-01  1.0009959120181886e+00  -1.3247507392173674e-04  -1.3507896827516608e-03  7.7336100928349430e-04  9.9790973285849704e-01  9.9439844741349914e-01  1.0009710255843376e+00  9.9848691505419596e-01  9.9663040013997761e-01  1.0001054986639693e+00  -1.1401274051389131e-06  -1.5164820596521473e-05  3.2819489407994224e-06
2.9999999999999600e+00  9.9521268700034105e-01  9.7912890473699565e-01  1.0108132908028533e+00  9.9744334575162652e-01  9.9274647856817333e-01  1.0006425105349168e+00  -1.4347552653026736e-04  -1.2695018816035774e-03  7.7989033708325745e-04  9.9790957607648734e-01  9.9439900100426848e-01  1.0009714547710284e+00  9.9848733436531523e-01  9.9663024311118431e-01  1.0001048374519614e+00  -1.2503164707596204e-06  -1.2407279909758058e-05  7.2268068439111656e-06
3.1999999999999500e+00  9.9519166845514051e-01  9.7897419717351208e-01  1.0109456960723551e+00  9.9750071783045324e-01  9.9322508362836559e-01  1.0003068884517010e+00  -1.5390005019206540e-04  -1.2223454047759800e-03  7.9060311163790017e-04  9.9790941972098457e-01  9.9440110835216722e-01  1.0009726968543926e+00  9.9848777415979417e-01  9.9662731853249165e-01  1.0001024913183247e+00  -1.2192218203623576e-06  -1.1789118231557772e-05  9.4700044919187058e-06
3.3999999999999502e+00  9.9516957543718565e-01  9.7881800178396650e-01  1.0110777429008870e+00  9.9756210443645166e-01  9.9370306489833948e-01  9.9998353521707561e-01  -1.6207386314881885e-04  -1.2194461264563694e-03  8.0778709082240442e-04  9.9790929172037002e-01  9.9440205887886957e-01  1.0009721824104965e+00  9.9848817791661615e-01  9.9662596570744844e-01  1.0001026144039289e+00  -1.1155285451092044e-06  -1.4855088388760528e-05  1.1888941964723826e-05
3.5999999999999499e+00  9.9514697516455031e-01  9.7865085149097508e-01  1.0112029192537559e+00  9.9762651951821235e-01  9.9418762334431032e-01  9.9966694383790067e-01  -1.6789766886335616e-04  -1.2030962725019200e-03  8.0896346955909506e-04  9.9790914319784085e-01  9.9440049377716455e-01  1.0009682186446254e+00  9.9848860587735810e-01  9.9662861340335873e-01  1.0001088421329334e+00  -1.4014818768142375e-06  -2.5778351314059623e-05  1.3631116009879604e-05
3.7999999999999399e+00  9.9512417709686207e-01  9.7847394556557388e-01  1.0113291815514633e+00  9.9769325772066386e-01  9.9466761058799336e-01  9.9937915548744172e-01  -1.7273892828682797e-04  -1.1313032424035735e-03  8.0067751365543401e-04  9.9790885691313025e-01  9.9439592179401370e-01  1.0009634359115052e+00  9.9848925837361868e-01  9.9663654196292384e-01  1.0001178541238886e+00  -2.2134885732395723e-06  -3.4505685076495088e-05  1.8046873469905877e-05
3.9999999999999400e+00  9.9510112587590671e-01  9.7829690718105788e-01  1.0114451143443619e+00  9.9776217559423719e-01  9.9512049515385470e-01  9.9912906180261629e-01  -1.7782841032956936e-04  -1.0343601052239127e-03  7.7176204314506386e-04  9.9790838097788281e-01  9.9438675120304421e-01  1.0009619597921666e+00  9.9849026603688462e-01  9.9665227207934515e-01  1.0001224551025336e+00  -3.0971080123904418e-06  -5.7090563986966020e-05  1.8180114823864547e-05
4.1999999999999300e+00  9.9507759858938538e-01  9.7812875144775246e-01  1.0115537047262027e+00  9.9783344293925502e-01  9.9553450174440683e-01  9.9890473503619093e-01  -1.8344927484307828e-04  -9.3309236799659723e-04  7.3820307482320362e-04  9.9790777862539126e-01  9.9437298835184329e-01  1.0009641904334496e+00  9.9849156873433187e-01  9.9667735098436183e-01  1.0001207417595686e+00  -3.6642480988434714e-06  -7.6120256909557264e-05  1.4659839290751443e-05
4.3999999999999302e+00  9.9505342887682513e-01  9.7797008655899753e-01  1.0116571363751057e+00  9.9790717765952441e-01  9.9592553892902513e-01  9.9871266200440034e-01  -1.8909718439352903e-04  -9.1675917339759279e-04  6.8557251824855905e-04  9.9790711918878583e-01  9.9435724429825934e-01  1.0009673573831148e+00  9.9849306174421892e-01  9.9670921940370949e-01  1.0001164914347995e+00  -4.1148517325958962e-06  -8.8493784616681517e-05  2.3220200944394907e-05
4.5999999999999197e+00  9.9502863135391273e-01  9.7781470886246746e-01  1.0117536044102351e+00  9.9798320681790964e-01  9.9629552412210853e-01  9.9871812524270687e-01  -1.9388722387903533e-04  -8.8925972492591432e-04  6.2685047568370041e-04  9.9790636187527315e-01  9.9434001888671431e-01  1.0009709041249608e+00  9.9849480181638339e-01  9.9674548723692480e-01  1.0001105802754098e+00  -4.9923785937997672e-06  -1.1118915015397333e-04  3.3486505341589440e-05
4.7999999999999199e+00  9.9500341122877711e-01  9.7765891815280548e-01  1.0118401704427478e+00  9.9806101304306394e-01  9.9663669511631647e-01  9.9894899238957635e-01  -1.9704985568355302e-04  -8.5542374697526703e-04  5.6734142913519219e-04  9.9790536353736392e-01  9.9431770108463446e-01  1.0009777879804613e+00  9.9849703430220438e-01  9.9679273379650435e-01  1.0000981686650299e+00  -6.6187423129868425e-06  -1.5787383510820812e-04  4.3561840490272356e-05
4.9999999999999201e+00  9.9497807728164633e-01  9.7750595974705712e-01  1.0119145052584821e+00  9.9813985949955120e-01  9.9694354797130469e-01  9.9917925050109047e-01  -1.9827283099965214e-04  -8.0048745400936353e-04  5.0931257529364643e-04  9.9790397730563885e-01  9.9428398964424514e-01  1.0009900670671694e+00  9.9850005076196768e-01  9.9686351944282892e-01  1.0000756831659614e+00  -8.9061889728023848e-06  -2.3281499215629329e-04  6.8422013237062925e-05
5.1999999999999096e+00  9.9495293817904917e-01  9.7736171641571368e-01  1.0119735815238511e+00  9.9821897093770673e-01  9.9684504821932851e-01  9.9939330389801884e-01  -1.9764911246631395e-04  -7.6011336884188442e-04  4.5588357014890088e-04  9.9790210641104848e-01  9.9423590299736775e-01  1.0010061547530393e+00  9.9850408644611688e-01  9.9695906321461580e-01  1.0000456497969348e+00  -1.1727775071167655e-05  -2.8642425178017139e-04  8.6860842838435226e-05
5.3999999999999098e+00  9.9492823364046212e-01  9.7723025474162639e-01  1.0120149659967248e+00  9.9829766884216520e-01  9.9676334342889639e-01  9.9960322258248224e-01  -1.9556094749136304e-04  -9.2907370544910775e-04  4.0801689822434200e-04  9.9789966620068116e-01  9.9418055884687273e-01  1.0010250066638957e+00  9.9850936463601525e-01  9.9705848701487232e-01  1.0000084376176235e+00  -1.5145900544113159e-05  -3.2229150111402332e-04  1.0967462257116597e-04
5.5999999999999002e+00  9.9490407631145117e-01  9.7711389325761655e-01  1.0120395336154395e+00  9.9837548674173360e-01  9.9669732324982929e-01  9.9979960280702673e-01  -1.9266752693517978e-04  -1.1054908840651789e-03  4.8694453354281426e-04  9.9789658288619409e-01  9.9412730020861306e-01  1.0010495231697742e+00  9.9851610108470945e-01  9.9716258022384685e-01  9.9996311999719201e-01  -1.8974652333843428e-05  -3.3220489207391127e-04  1.5233086887318586e-04
5.7999999999999003e+00  9.9488042607579130e-01  9.7701499529641667e-01  1.0120492893694495e+00  9.9845223887807566e-01  9.9665078725356104e-01  9.9998089331924533e-01  -1.8963643975159275e-04  -1.2832193501313976e-03  6.1968186117140845e-04  9.9789290234507344e-01  9.9407856593267807e-01  1.0010839484057696e+00  9.9852432172010142e-01  9.9727040666884259e-01  9.9991574816640005e-01  -2.2452769539110055e-05  -3.4609505527336953e-04  2.0626380221749714e-04
5.9999999999998899e+00  9.9485716385522860e-01  9.7693685747241132e-01  1.0120441845345785e+00  9.9852792762973053e-01  9.9662254253261018e-01  1.0001488572019386e+00  -1.8666238143624309e-04  -1.4585658005481193e-03  7.4143601460787952e-04  9.9788884783650145e-01  9.9403083591949881e-01  1.0011269334118589e+00  9.9853372790637085e-01  9.9738262616747364e-01  9.9984912487830857e-01  -2.4861248002058144e-05  -3.5788074706413590e-04  2.5231068478195250e-04
6.1999999999998900e+00  9.9483423793943204e-01  9.7688261690027167e-01  1.0120253820273908e+00  9.9860250593349764e-01  9.9661141247198470e-01  1.0002992513920035e+00  -1.8329845879468861e-04  -1.6283065369193073e-03  8.6331083855719693e-04  9.9788466622868488e-01  9.9397724727435743e-01  1.0011747864285570e+00  9.9854390526758385e-01  9.9749255816683446e-01  9.9976806359229753e-01  -2.6449639968889972e-05  -3.8492267194898809e-04  2.8288829158436084e-04
6.3999999999998902e+00  9.9481176319379938e-01  9.7685317614994061e-01  1.0119996370354158e+00  9.9867567841317750e-01  9.9662188261609286e-01  1.0004283568611583e+00  -1.7881853848472634e-04  -1.7567109710497971e-03  9.9752403249861845e-04  9.9788037959723574e-01  9.9391776638407847e-01  1.0012244542136999e+00  9.9855474736865124e-01  9.9760448059752305e-01  9.9968310721918430e-01  -2.8425256492703995e-05  -4.1354659190102623e-04  3.0186501503731467e-04
6.5999999999998797e+00  9.9478998813290120e-01  9.7684650340059909e-01  1.0119756360657670e+00  9.9874690444561032e-01  9.9666231012761541e-01  1.0005367587912803e+00  -1.7279079107415047e-04  -1.8462147535596774e-03  1.1527459251966378e-03  9.9787572246179745e-01  9.9385719387343197e-01  1.0012745919468848e+00  9.9856664022235075e-01  9.9770793892872922e-01  9.9959644276290294e-01  -3.1834999530810408e-05  -4.3089304343314603e-04  3.1932415358938032e-04
6.7999999999998799e+00  9.9476916909791302e-01  9.7685718694643375e-01  1.0119562733239655e+00  9.9881557871005633e-01  9.9674082822013388e-01  1.0006287755049117e+00  -1.6531979849834623e-04  -1.9412720840707191e-03  1.3799940129956916e-03  9.9787036667380002e-01  9.9379618747881948e-01  1.0013253385972325e+00  9.9858016638762648e-01  9.9781021105034418e-01  9.9950402722591769e-01  -3.6510460939490638e-05  -4.5661412288848253e-04  3.3456706571922436e-04
6.9999999999998703e+00  9.9474946730037583e-01  9.7687524512755808e-01  1.0119376213019267e+00  9.9888121483889125e-01  9.9670188850204344e-01  1.0007039864231053e+00  -1.5684691737063324e-04  -2.0470047466824362e-03  1.5810358335677742e-03  9.9786420783374752e-01  9.9373254500064345e-01  1.0013766288105608e+00  9.9859562178214678e-01  9.9791375821489192e-01  9.9941573894312197e-01  -4.1313248893948985e-05  -4.7598124568011291e-04  3.4790592842271644e-04
7.1999999999998696e+00  9.9473091872545805e-01  9.7688861417041339e-01  1.0119161610158076e+00  9.9894352971715072e-01  9.9631009160678097e-01  1.0008784432800106e+00  -1.4790649605944559e-04  -2.1530423962420314e-03  1.7515489723450080e-03  9.9785739895833803e-01  9.9366773007514175e-01  1.0014283888894999e+00  9.9861287374778407e-01  9.9801969772238230e-01  9.9932826466690428e-01  -4.5449334984939735e-05  -4.9205587561777016e-04  3.6050606037103892e-04
7.3999999999998600e+00  9.9471345308950898e-01  9.7689026271117529e-01  1.0118953501730255e+00  9.9900244640248381e-01  9.9589763533167830e-01  1.0013244376506520e+00  -1.3894923351236862e-04  -2.2334245557647805e-03  1.8854620054733972e-03  9.9785010662627094e-01  9.9360450173794745e-01  1.0014806629290796e+00  9.9863169766240301e-01  9.9811644697596158e-01  9.9924813606701757e-01  -4.9302927484745998e-05  -5.1492714786804678e-04  3.7176448332276746e-04
7.5999999999998602e+00  9.9469695944908088e-01  9.7688171824976899e-01  1.0118837622699293e+00  9.9905801207816203e-01  9.9546704117968732e-01  1.0017817300679377e+00  -1.3010625509489779e-04  -2.2739624706947384e-03  1.9953370446376606e-03  9.9784228167997602e-01  9.9354302566942099e-01  1.0015330728810807e+00  9.9865217738320278e-01  9.9821584395885166e-01  9.9916093464931233e-01  -5.3885676659529837e-05  -5.2195713240640439e-04  3.7987128694442682e-04
7.7999999999998604e+00  9.9468138078804191e-01  9.7686801310496196e-01  1.0118871780437615e+00  9.9911024681183691e-01  9.9501332840081524e-01  1.0022379336318963e+00  -1.2113530783726913e-04  -2.2981594524607400e-03  2.0970103163194583e-03  9.9783368619552648e-01  9.9348238428890123e-01  1.0015849540734021e+00  9.9867473232280268e-01  9.9831927896955097e-01  9.9908017192531617e-01  -5.9705544903298141e-05  -5.2593776314469325e-04  3.8478817017396975e-04
7.9999999999998499e+00  9.9466675573124785e-01  9.7685064957310819e-01  1.0119038440928638e+00  9.9915904981539949e-01  9.9453644310485256e-01  1.0026923868389781e+00  -1.1175402770289414e-04  -2.3340846097216279e-03  2.1658433360529387e-03  9.9782410843661151e-01  9.9342019287173411e-01  1.0016359596704059e+00  9.9869979987493640e-01  9.9842825751266129e-01  9.9928607706602812e-01  -6.6330923077731192e-05  -5.3787530257027433e-04  3.8850621785093596e-04
8.1999999999998803e+00  9.9465314895207824e-01  9.7682643079404907e-01  1.0119278405185297e+00  9.9920427983780002e-01  9.9404366798693677e-01  1.0031527114388166e+00  -1.0211469636311630e-04  -2.3912205654112060e-03  2.2310720341331062e-03  9.9781352724860539e-01  9.9335644838871540e-01  1.0016861916632975e+00  9.9872753571880257e-01  9.9827743558392990e-01  9.9949832062063826e-01  -7.2891909815157570e-05  -5.4630126423774856e-04  3.9227997286486906e-04
8.3999999999999098e+00  9.9464050770008861e-01  9.7679112575570015e-01  1.0119557324884720e+00  9.9924598281957966e-01  9.9354358531248277e-01  1.0036243264120044e+00  -9.2998969482852159e-05  -2.4525113683343800e-03  2.3089439645670720e-03  9.9780209668355202e-01  9.9329313258224172e-01  1.0017356750300341e+00  9.9875778248748426e-01  9.9812071822369752e-01  9.9971404866519897e-01  -7.8792133131961564e-05  -5.4765392925912315e-04  3.9472243773484665e-04
8.5999999999999392e+00  9.9462857129346760e-01  9.7674256408263238e-01  1.0119888201069345e+00  9.9928457527221382e-01  9.9304188794409098e-01  1.0041054471619424e+00  -8.5365069210476997e-05  -2.5023462843852453e-03  2.3847340921731319e-03  9.9779001951105717e-01  9.9323180417603985e-01  1.0017838133266577e+00  9.9879024417122730e-01  9.9796403622127816e-01  9.9993042726634429e-01  -8.3944386542016190e-05  -5.4798218440274158e-04  3.9215688363930192e-04
8.7999999999999794e+00  9.9461696762331564e-01  9.7668109028039152e-01  1.0120300382221539e+00  9.9932073719070047e-01  9.9254130177931177e-01  1.0045909202001402e+00  -7.9441500676531187e-05  -2.5406575606379202e-03  2.4261647630591993e-03  9.9777744959028825e-01  9.9317264909189928e-01  1.0018294340385192e+00  9.9882465136984555e-01  9.9780970165609562e-01  1.0001464113856955e+00  -8.8520947496906102e-05  -5.4641591151565773e-04  3.8341570792770481e-04
9.0000000000000107e+00  9.9460545857826266e-01  9.7660852507951490e-01  1.0120806727867400e+00  9.9935501766914281e-01  9.9204206396338834e-01  1.0050775874117697e+00  -7.4363838925369460e-05  -2.5755703841118241e-03  2.4365821825624930e-03  9.9776447882812147e-01  9.9311511667034824e-01  1.0018714888688989e+00  9.9886080590996373e-01  9.9766006973610177e-01  1.0003624146893255e+00  -9.2676217488840392e-05  -5.5139225420628628e-04  3.7383222644211733e-04
9.2000000000000401e+00  9.9459410152322336e-01  9.7652685385415972e-01  1.0121403765832049e+00  9.9938750904341989e-01  9.9154228860796678e-01  1.0055649286622979e+00  -6.8866436585741220e-05  -2.6104852534189634e-03  2.4453376839927606e-03  9.9775116116097229e-01  9.9305855067887094e-01  1.0019097228295903e+00  9.9889856003041244e-01  9.9751632030365767e-01  1.0005792043065902e+00  -9.6517226639780495e-05  -5.5320469393546731e-04  3.6229503350880202e-04
9.4000000000000696e+00  9.9458319098943426e-01  9.7643730523620553e-01  1.0122090061111075e+00  9.9941786098601315e-01  9.9103959481312487e-01  1.0060523762639337e+00  -6.2095269796816311e-05  -2.6421473027873816e-03  2.4857726789531531e-03  9.9773752114432424e-01  9.9300311291752308e-01  1.0019445212557723e+00  9.9893781208003429e-01  9.9737845569561079e-01  1.0007964508899101e+00  -1.0018186364723087e-04  -5.5033194266874833e-04  3.5071520624996842e-04
9.6000000000000991e+00  9.9457311925358671e-01  9.7634017689402386e-01  1.0122873458957176e+00  9.9944546757380104e-01  9.9053309488301833e-01  1.0065378985969669e+00  -5.3598396296592910e-05  -2.6677031442701084e-03  2.5308873812924658e-03  9.9772355008131930e-01  9.9295024067812032e-01  1.0019760762578751e+00  9.9897852045956803e-01  9.9724654616515274e-01  1.0010117077775300e+00  -1.0382892070582043e-04  -5.4148267053514307e-04  3.4017771493603718e-04
9.8000000000001304e+00  9.9456431588787597e-01  9.7623523791406297e-01  1.0123762280370785e+00  9.9946956188953517e-01  9.9002367716975270e-01  1.0070191863884956e+00  -4.3025231301241997e-05  -2.6887880131024307e-03  2.5634421036562758e-03  9.9770921635859333e-01  9.9290195496064637e-01  1.0020037809809843e+00  9.9902069430691554e-01  9.9712185703511280e-01  1.0012211815546594e+00  -1.0753653222607081e-04  -5.2780955524061766e-04  3.2416044984099674e-04
1.0000000000000201e+01  9.9455719525848196e-01  9.7612223168059198e-01  1.0124758130161120e+00  9.9948930134010094e-01  9.8951264080956136e-01  1.0074949152251955e+00  -3.0456288982658750e-05  -2.7078463586888628e-03  2.5920141884185083e-03  9.9769450034406693e-01  9.9285951541305839e-01  1.0020264347935155e+00  9.9906433996669519e-01  9.9700678476660154e-01  1.0014218690917533e+00  -1.1120039639186522e-04  -5.0927291871035493e-04  3.0320900074604388e-04
1.0200000000000200e+01  9.9455198378534893e-01  9.7600112801147731e-01  1.0125860940305325e+00  9.9950406551703985e-01  9.8900056535515068e-01  1.0079641085610407e+00  -1.6986113430465178e-05  -2.7238752131866933e-03  2.6268946795023271e-03  9.9767943706667872e-01  9.9282282537971978e-01  1.0020429107784758e+00  9.9910938511314784e-01  9.9690380950015423e-01  1.0016128616866167e+00  -1.1454475034646642e-04  -4.8581230831520363e-04  2.7424885172420169e-04
1.0400000000000199e+01  9.9454853055826953e-01  9.7587192633602737e-01  1.0127075245126238e+00  9.9951383732861121e-01  9.8848759482715365e-01  1.0084250469586984e+00  -4.4059234349403875e-06  -2.7350047003858583e-03  2.6562124427368951e-03  9.9766412973870766e-01  9.9279105697782399e-01  1.0020523837256330e+00  9.9915564049873817e-01  9.9681494147897143e-01  1.0017947076448039e+00  -1.1729409213222884e-04  -4.6518848255378909e-04  2.3840363867443955e-04
1.0600000000000300e+01  9.9454636034898880e-01  9.7573404807702335e-01  1.0128403929109753e+00  9.9951922911372437e-01  9.8797471471418030e-01  1.0088761094924912e+00  6.1692835096837180e-06  -2.7442493045955955e-03  2.6847547166528609e-03  9.9764871722132731e-01  9.9276361764914545e-01  1.0020541273047925e+00  9.9920283733688275e-01  9.9674227464221632e-01  1.0019678657009439e+00  -1.1933988598364392e-04  -4.4755903743341828e-04  1.9822376296709464e-04
1.0800000000000299e+01  9.9454503510290082e-01  9.7558583932490195e-01  1.0129835902446176e+00  9.9952095809641661e-01  9.8746481522735696e-01  1.0093179226917066e+00  1.5424460759653972e-05  -2.7589925908624623e-03  2.7042350521996241e-03  9.9763333181110814e-01  9.9274102527784769e-01  1.0020469911958354e+00  9.9925069310720471e-01  9.9668852089200166e-01  1.0021314907328789e+00  -1.2070077885607132e-04  -4.2917514614817804e-04  1.5098878854483087e-04
1.1000000000000300e+01  9.9454453079482785e-01  9.7542489218442119e-01  1.0131347183078103e+00  9.9951917486210451e-01  9.8696243614552714e-01  1.0097536547107462e+00  2.5307806106000845e-05  -2.7835083466863004e-03  2.7150098909824848e-03  9.9761808985862266e-01  9.9272462754151625e-01  1.0020295402209147e+00  9.9929893399210923e-01  9.9665702178902871e-01  1.0022828500771985e+00  -1.2138487190703958e-04  -4.0287689918499240e-04  9.9452730529669278e-05
1.1200000000000401e+01  9.9454523289038532e-01  9.7524925833250897e-01  1.0132920255767390e+00  9.9951332707282670e-01  9.8647195176190827e-01  1.0101861180565710e+00  3.7070831397695402e-05  -2.8108347426982348e-03  2.7215650290552231e-03  9.9760309898556576e-01  9.9271698973949207e-01  1.0020009243493790e+00  9.9934728830586139e-01  9.9665041341045446e-01  1.0024172211765725e+00  -1.2140941907674354e-04  -3.6045988159697049e-04  6.3105248416805247e-05
1.1400000000000400e+01  9.9454751519477513e-01  9.7505765962762680e-01  1.0134562410576367e+00  9.9950275066694871e-01  9.8599528481486842e-01  1.0106144017085703e+00  4.9956446567990480e-05  -2.8297237623537736e-03  2.7272112291774147e-03  9.9758844146933368e-01  9.9272120958682175e-01  1.0019615943924667e+00  9.9939551576376073e-01  9.9666908980910340e-01  1.0025284662283156e+00  -1.2092811709631350e-04  -3.1361484488028090e-04  3.9149214934066443e-05
1.1600000000000399e+01  9.9455134739298090e-01  9.7485246084689381e-01  1.0136301813550799e+00  9.9948735882978756e-01  9.8553083608290781e-01  1.0110337860950287e+00  6.2109375855506831e-05  -2.8354147967301940e-03  2.7356965955086937e-03  9.9757414619524754e-01  9.9274004184218390e-01  1.0019135423675545e+00  9.9944346225656466e-01  9.9671063397221615e-01  1.0026100994904961e+00  -1.2019739755980042e-04  -2.6619605608942088e-04  1.3534545451366008e-05
1.1800000000000400e+01  9.9455634305043816e-01  9.7463681088404708e-01  1.0138163778599094e+00  9.9946769540959191e-01  9.8507435751369599e-01  1.0114392660061342e+00  7.2492838111609393e-05  -2.8321489106591016e-03  2.7495472703333969e-03  9.9756019790740313e-01  9.9277439965570025e-01  1.0018596872762602e+00  9.9949106068041504e-01  9.9677054805181853e-01  1.0026585036308151e+00  -1.1936073707034331e-04  -2.3258734459626231e-04  -8.7323206663085534e-06
1.2000000000000499e+01  9.9456209772181436e-01  9.7441341353553601e-01  1.0140150674383770e+00  9.9944445254293568e-01  9.8462097102528767e-01  1.0118292148353538e+00  8.1359555112185932e-05  -2.8305164603308532e-03  2.7716033040660619e-03  9.9754659043170701e-01  9.9282240158410850e-01  1.0018026125646493e+00  9.9953825253501005e-01  9.9684074086005525e-01  1.0026747831017253e+00  -1.1830875076956939e-04  -2.0664653803982957e-04  -2.8133178999135856e-05
1.2200000000000500e+01  9.9456836376824453e-01  9.7418378529860739e-01  1.0142243453753614e+00  9.9941814967554543e-01  9.8416704301678215e-01  1.0122058729403665e+00  8.9147632720099152e-05  -2.8378439815529696e-03  2.8041561253481151e-03  9.9753337593606983e-01  9.9288035271745034e-01  1.0017435112567432e+00  9.9958489861846500e-01  9.9691539689778197e-01  1.0026639249376073e+00  -1.1677267198728842e-04  -2.2072426787001406e-04  3.0093710314503472e-05
1.2400000000000500e+01  9.9457496129267897e-01  9.7394790897634664e-01  1.0144419601553507e+00  9.9938922545427611e-01  9.8371120346263863e-01  1.0125728424964267e+00  9.5808230352703182e-05  -2.8528045326131559e-03  2.8489518894121825e-03  9.9752066519141824e-01  9.9294462485022161e-01  1.0016820453715696e+00  9.9963075936792856e-01  9.9700091013066505e-01  1.0026318935068099e+00  -1.1455572270985785e-04  -2.4485541168487921e-04  7.8095291376451101e-05
1.2600000000000600e+01  9.9458170110740329e-01  9.7370458450303976e-01  1.0146668338474112e+00  9.9935815514469117e-01  9.8325425941999423e-01  1.0129324444895056e+00  1.0130331780020838e-04  -2.8712236252300414e-03  2.8898835817278623e-03  9.9750857776127844e-01  9.9301314434279464e-01  1.0016172530159557e+00  9.9967556266708679e-01  9.9709463547903265e-01  1.0025834333565677e+00  -1.1170823122189384e-04  -2.6575715557146997e-04  1.2479403675446250e-04
1.2800000000000599e+01  9.9458845178733002e-01  9.7345242758837403e-01  1.0148991398261058e+00  9.9932534275711571e-01  9.8279788335315099e-01  1.0132851291478753e+00  1.0603455291165874e-04  -2.8893575378008004e-03  2.9274162050225753e-03  9.9749718247588959e-01  9.9308495100318372e-01  1.0015488081572759e+00  9.9971910441839151e-01  9.9719660214491468e-01  1.0025263385824710e+00  -1.0849718685784410e-04  -2.8801255829038271e-04  1.6203596682798867e-04
1.3000000000000600e+01  9.9459519387729944e-01  9.7319105742475931e-01  1.0151393751441522e+00  9.9929100434957008e-01  9.8234263429539614e-01  1.0136306629928482e+00  1.1045952295504485e-04  -2.9074866826034390e-03  2.9635150565422283e-03  9.9748648046426625e-01  9.9315930493069582e-01  1.0014778797312143e+00  9.9976129412804227e-01  9.9730858448855186e-01  1.0024617515397163e+00  -1.0517860885950601e-04  -3.0940965102191532e-04  1.9126887434236180e-04
1.3200000000000699e+01  9.9460194800187551e-01  9.7292153318042152e-01  1.0153875228732689e+00  9.9925525312032926e-01  9.8188684674612658e-01  1.0139694729577546e+00  1.1460123877914835e-04  -2.9282431340692545e-03  3.0084290453245869e-03  9.9747644492675980e-01  9.9323518485532181e-01  1.0014064292267035e+00  9.9980210663379177e-01  9.9743025970013266e-01  1.0023883884637259e+00  -1.0180343720620828e-04  -3.2909382061446725e-04  2.1529699698556644e-04
1.3400000000000700e+01  9.9460867152750121e-01  9.7264551228904506e-01  1.0156428392672656e+00  9.9921827057966550e-01  9.8142757064864816e-01  1.0143031445857016e+00  1.1814380632366238e-04  -2.9543589647709851e-03  3.0602570386659834e-03  9.9746706920197425e-01  9.9331173116688554e-01  1.0013358966362422e+00  9.9984150438426056e-01  9.9755770912166752e-01  1.0023080238478890e+00  -9.8284913226101100e-05  -3.4190586191633240e-04  2.2818699974279255e-04
1.3600000000000700e+01  9.9461524859607586e-01  9.7236385703451367e-01  1.0159040694768391e+00  9.9918035252117854e-01  9.8096278066062392e-01  1.0146342097449139e+00  1.2088767077873922e-04  -2.9875828972563221e-03  3.1128626430713901e-03  9.9745836509016850e-01  9.9338882022492969e-01  1.0012663313104306e+00  9.9987942857933065e-01  9.9768605942122734e-01  1.0022215993696957e+00  -9.4640218100262624e-05  -3.5029322804657647e-04  2.3719420067488606e-04
1.3800000000000800e+01  9.9462156911429034e-01  9.7207605755737991e-01  1.0161697820375921e+00  9.9914180068974656e-01  9.8049267594074396e-01  1.0149656563251697e+00  1.2300264036806639e-04  -3.0282523202897842e-03  3.1615887137871968e-03  9.9745031422989294e-01  9.9346681364939216e-01  1.0011968714951196e+00  9.9991587243254487e-01  9.9781306351110499e-01  1.0021309280303852e+00  -9.1117360397535588e-05  -3.5327504340508954e-04  2.4324315230461944e-04
1.4000000000000799e+01  9.9462760352778412e-01  9.7178096686363513e-01  1.0164387897188285e+00  9.9910279320852102e-01  9.8001889172225209e-01  1.0153002130845525e+00  1.2488833867979246e-04  -3.0745717033507898e-03  3.2070004396613431e-03  9.9744282789710992e-01  9.9354568765625506e-01  1.0011265425444422e+00  9.9995095661420053e-01  9.9793980933022297e-01  1.0020351696298362e+00  -8.8073527374439592e-05  -3.5095643442465833e-04  2.4779927976671993e-04
1.4200000000000800e+01  9.9463340809215761e-01  9.7147796874455306e-01  1.0167106750574688e+00  9.9906335219404763e-01  9.7954267173159149e-01  1.0156393627162947e+00  1.2687673900681898e-04  -3.1222214395087524e-03  3.2522497692111184e-03  9.9743576378074927e-01  9.9362462530167772e-01  1.0010551013404729e+00  9.9998491980244619e-01  9.9806820787390282e-01  1.0019356611743993e+00  -8.5692694506817065e-05  -3.5363745574536139e-04  2.4860424521664179e-04
1.4400000000000899e+01  9.9463907441116217e-01  9.7116742111849153e-01  1.0169861413896164e+00  9.9902340876990903e-01  9.7906388253025245e-01  1.0159825253306383e+00  1.2907619607044454e-04  -3.1657838932281916e-03  3.2991728000454188e-03  9.9742900632689402e-01  9.9370260099181995e-01  1.0009830994549607e+00  1.0000179953688868e+00  9.9819869000230910e-01  1.0018351894834558e+00  -8.3734170653995650e-05  -3.4996566889494729e-04  2.4726939024761932e-04
1.4600000000000900e+01  9.9464467700245018e-01  9.7085016928632373e-01  1.0172667488338547e+00  9.9898288828614656e-01  9.7858150886166095e-01  1.0163272180516296e+00  1.3142007733586377e-04  -3.2019102239849609e-03  3.3475022617180427e-03  9.9742256535946994e-01  9.9377927436194879e-01  1.0009114145035558e+00  1.0000502333773529e+00  9.9832987845986365e-01  1.0017362587653351e+00  -8.1548835688587462e-05  -3.3524857053812956e-04  2.4893113221055634e-04
1.4800000000000900e+01  9.9465025112724970e-01  9.7052684513753062e-01  1.0175539873333037e+00  9.9894175774786576e-01  9.7809470792630371e-01  1.0166704574379770e+00  1.3378424289614088e-04  -3.2317333235897597e-03  3.3964867048376052e-03  9.9741661311092555e-01  9.9385519454619931e-01  1.0008407129014185e+00  1.0000814005313643e+00  9.9845992845480502e-01  1.0016398583951933e+00  -7.8445876091225484e-05  -3.2857369563968380e-04  2.5063236094689795e-04
1.5000000000000901e+01  9.9465579657047765e-01  9.7019764236425332e-01  1.0178483013013819e+00  9.9890003259210824e-01  9.7760327367991251e-01  1.0170105326611336e+00  1.3606183832633748e-04  -3.2599749804561031e-03  3.4461046347088777e-03  9.9741141621250806e-01  9.9393117865753733e-01  1.0007711683134648e+00  1.0001110526869532e+00  9.9858761186619904e-01  1.0015455189695510e+00  -7.4123296014360141e-05  -3.0980101973508624e-04  2.4965816272139993e-04
1.5200000000000999e+01  9.9466129233847522e-01  9.6986260039241279e-01  1.0181488527826639e+00  9.9885776201901311e-01  9.7710727603821668e-01  1.0173477773117572e+00  1.3819716474323330e-04  -3.2912354642502008e-03  3.4965809458353406e-03  9.9740721316504277e-01  9.9400760651226372e-01  1.0007029660278333e+00  1.0001387245528952e+00  9.9871224774847212e-01  1.0014523497986048e+00  -6.8774932795813453e-05  -3.0407753141456040e-04  2.5262711065026288e-04
1.5400000000001000e+01  9.9466671517933103e-01  9.6952195538335006e-01  1.0184541830076863e+00  9.9881500315796135e-01  9.7660647262486144e-01  1.0176838186985091e+00  1.4020749596838528e-04  -3.3268647457187824e-03  3.5476665290110204e-03  9.9740412844310655e-01  9.9408430116704394e-01  1.0006374607028961e+00  1.0001640923945829e+00  9.9883305413588575e-01  1.0013599919994791e+00  -6.2875212101376783e-05  -2.8941133170130433e-04  2.4796443095413375e-04
1.5600000000001000e+01  9.9467205634682165e-01  9.6917616854665223e-01  1.0187631236285308e+00  9.9877179258203563e-01  9.7610015512375259e-01  1.0180201663147574e+00  1.4216877887425814e-04  -3.3651267988868759e-03  3.5989919204971964e-03  9.9740215557474199e-01  9.9416093596269672e-01  1.0005744932286031e+00  1.0001870386876706e+00  9.9894895894810054e-01  1.0012687643035976e+00  -5.6951479435148344e-05  -2.7562012489157605e-04  2.3203269602758498e-04
1.5800000000001100e+01  9.9467732327826686e-01  9.6882559355929510e-01  1.0190751858893934e+00  9.9872813797293614e-01  9.7558760871315675e-01  1.0183574374818805e+00  1.4412956183142259e-04  -3.4038246540413052e-03  3.6525002511942710e-03  9.9740118025754532e-01  9.9423742243069135e-01  1.0005135522593562e+00  1.0002076478331197e+00  9.9905916335066436e-01  1.0011791651875690e+00  -5.1467255862220815e-05  -2.6252815585537672e-04  2.0398272140924805e-04
1.6000000000001101e+01  9.9468251641413064e-01  9.6847006060641483e-01  1.0193902981900564e+00  9.9868405145780614e-01  9.7506883167855174e-01  1.0186956290080516e+00  1.4600545671899264e-04  -3.4422995105353837e-03  3.7087643863457217e-03  9.9740102512746809e-01  9.9431387389509451e-01  1.0004544896545413e+00  1.0002261560996089e+00  9.9916374015640275e-01  1.0010914250458938e+00  -4.6691927807627009e-05  -2.5121209924643752e-04  1.8224736605514374e-04
1.6200000000001101e+01  9.9468759686392039e-01  9.6810876426263537e-01  1.0197083921732952e+00  9.9863960639545168e-01  9.7454488767420111e-01  1.0190347547944869e+00  1.4758766197776006e-04  -3.4811193320857304e-03  3.7633466187858094e-03  9.9740152133677085e-01  9.9439019443075716e-01  1.0003966306601380e+00  1.0002428425405347e+00  9.9926340663830493e-01  1.0010061932852345e+00  -4.2552366444694896e-05  -2.3618989581871978e-04  1.6845975619372036e-04
1.6400000000001000e+01  9.9469248289964796e-01  9.6774068195010510e-01  1.0200292954679973e+00  9.9859495592649006e-01  9.7401740593738817e-01  1.0193750689072956e+00  1.4872193510367688e-04  -3.5206674489690164e-03  3.8146554320267569e-03  9.9740258567235518e-01  9.9446567070785008e-01  1.0003417637819947e+00  1.0002578890818583e+00  9.9935856844989823e-01  1.0009247140628115e+00  -3.8658491797230484e-05  -2.2028396357935090e-04  1.5224915267662847e-04
1.6600000000001000e+01  9.9469709647664994e-01  9.6736533815795200e-01  1.0203528836939921e+00  9.9855026734018759e-01  9.7348735994493107e-01  1.0197168457595795e+00  1.4951784842967973e-04  -3.5606471179328528e-03  3.8639311403198622e-03  9.9740424784378723e-01  9.9453895977044415e-01  1.0002885738875358e+00  1.0002713033524673e+00  9.9944552092949979e-01  1.0008474613912555e+00  -3.4586130286686066e-05  -2.0457514516365781e-04  1.3377112538346712e-04
1.6800000000000900e+01  9.9470143079364959e-01  9.6698332105368634e-01  1.0206791643319766e+00  9.9850560558182822e-01  9.7295401114615510e-01  1.0200602161857626e+00  1.5036371470405428e-04  -3.6007699176946466e-03  3.9136626748459405e-03  9.9740659627458006e-01  9.9460859668452628e-01  1.0002355897506312e+00  1.0002829752128868e+00  9.9952658073755807e-01  1.0007768753081911e+00  -3.0214614385608007e-05  -1.8802572903280193e-04  1.1068692954827852e-04
1.7000000000000899e+01  9.9470557845651175e-01  9.6659598998926055e-01  1.0210081743033947e+00  9.9846086345482465e-01  9.7241506226624441e-01  1.0204053010209078e+00  1.5168514982105962e-04  -3.6412903385499708e-03  3.9685643711195283e-03  9.9740968232077187e-01  9.9467374996878832e-01  1.0001825099001465e+00  1.0002928244927358e+00  9.9960464474225863e-01  1.0007151450036189e+00  -2.5800546171740230e-05  -1.7061305626616595e-04  8.1168038030932007e-05
1.7200000000000902e+01  9.9470968695845374e-01  9.6620443479433382e-01  1.0213398822626376e+00  9.9841580923406958e-01  9.7186820064783841e-01  1.0207523681768684e+00  1.5363966445326838e-04  -3.6825402560341815e-03  4.0351465964862786e-03  9.9741346790472196e-01  9.9473471398958968e-01  1.0001299921900293e+00  1.0003009056214638e+00  9.9967895533002549e-01  1.0006633666247051e+00  -2.1702679427244429e-05  -1.5208470446528805e-04  5.2341572626002556e-05
1.7400000000000801e+01  9.9471387142297418e-01  9.6580846738202264e-01  1.0216742710283553e+00  9.9837022322296831e-01  9.7131294914038413e-01  1.0211016978147820e+00  1.5601132649003751e-04  -3.7241412213415825e-03  4.1006714268466936e-03  9.9741785745927469e-01  9.9479278497286217e-01  1.0000797355648234e+00  1.0003073815448054e+00  9.9974677443240278e-01  1.0006214168053735e+00  -1.8070060854823755e-05  -1.3110432888439538e-04  2.6389685432473865e-05
1.7600000000000801e+01  9.9471815141571218e-01  9.6540650152541885e-01  1.0220115107059713e+00  9.9832402008758048e-01  9.7075132623913085e-01  1.0214532547280555e+00  1.5838288500570039e-04  -3.7649901936526861e-03  4.1595791124033402e-03  9.9742276042140021e-01  9.9484962328971238e-01  1.0000331209470390e+00  1.0003124302364956e+00  9.9980545143970134e-01  1.0005954306602112e+00  -1.4850463804012439e-05  -1.0780861681489780e-04  1.4042519924894249e-05
1.7800000000000701e+01  9.9472245476221044e-01  9.6499645008887325e-01  1.0223519972892694e+00  9.9827727324381077e-01  9.7018676873421483e-01  1.0218065418156812e+00  1.6041870924888299e-04  -3.8040933773999430e-03  4.2155071518558043e-03  9.9742810759059075e-01  9.9490655084519330e-01  9.9999019631985209e-01  1.0003162089803328e+00  9.9985419860453306e-01  1.0005843344310219e+00  -1.2025062226450876e-05  -8.0816173593733674e-05  1.2405605818955603e-05
1.8000000000000700e+01  9.9472667432311024e-01  9.6457691760435049e-01  1.0226961789293085e+00  9.9823014370207153e-01  9.6962221254968650e-01  1.0221608188122577e+00  1.6202960125925295e-04  -3.8413427727111153e-03  4.2633327406377316e-03  9.9743382491378263e-01  9.9496418259668562e-01  9.9994946692973363e-01  1.0003188903188918e+00  9.9989508580742159e-01  1.0005719419042354e+00  -9.6824010720985433e-06  -5.8133769743587799e-05  1.6308019663774668e-05
1.8200000000000699e+01  9.9473072828323184e-01  9.6414779681468310e-01  1.0230443170393402e+00  9.9818278334134680e-01  9.6905879360182001e-01  1.0225154912277741e+00  1.6333431063418453e-04  -3.8774842390890030e-03  4.3069365013106960e-03  9.9743982614335969e-01  9.9502248285848172e-01  9.9991012027488146e-01  1.0003206775755360e+00  9.9992964158871189e-01  1.0005670994061859e+00  -7.8630003888470245e-06  -5.0784576986296740e-05  2.0875092459983056e-05
1.8400000000000599e+01  9.9473458535722270e-01  9.6370997964835525e-01  1.0233963837356108e+00  9.9813528023829368e-01  9.6849590282107900e-01  1.0228703304140636e+00  1.6450796400147266e-04  -3.9133914125842389e-03  4.3511984607927214e-03  9.9744603959575784e-01  9.9508107345554753e-01  9.9987234428699734e-01  1.0003217629247219e+00  9.9995667660685406e-01  1.0005591787761610e+00  -6.4710481330174027e-06  -6.0819973846436273e-05  1.9559239372567930e-05
1.8600000000000598e+01  9.9473825222775281e-01  9.6326461527843765e-01  1.0237521602889395e+00  9.9808766293204898e-01  9.6793216004300719e-01  1.0232253693660915e+00  1.6565847413516191e-04  -3.9493425178812689e-03  4.4002916090713383e-03  9.9745242526889788e-01  9.9513937711421685e-01  9.9983666380764624e-01  1.0003222907686788e+00  9.9997589077427473e-01  1.0005496793590283e+00  -5.3834057505762084e-06  -7.3627442095533892e-05  2.0388875997059398e-05
1.8800000000000502e+01  9.9474174613173005e-01  9.6281254689363716e-01  1.0241114285976634e+00  9.9803993576504357e-01  9.6736635225618062e-01  1.0235806077159757e+00  1.6679945939755410e-04  -3.9848931005310329e-03  4.4557027400548219e-03  9.9745895959162789e-01  9.9519784399924738e-01  9.9980084784386258e-01  1.0003223721183927e+00  9.9999169140400523e-01  1.0005443699686631e+00  -4.5632849918212580e-06  -7.8451949664303154e-05  2.7255228682075696e-05
1.9000000000000501e+01  9.9474507569582271e-01  9.6235420748123501e-01  1.0244740853988383e+00  9.9799210924993897e-01  9.6679776326133249e-01  1.0239358012347710e+00  1.6789456275696866e-04  -4.0193832984818300e-03  4.5126397388944956e-03  9.9746561430887903e-01  9.9525555930809295e-01  9.9976643283074718e-01  1.0003221171424705e+00  1.0000034499437407e+00  1.0005391530135259e+00  -4.0332029192131261e-06  -8.0754161497800409e-05  3.7170312689815201e-05
1.9200000000000500e+01  9.9474823774683130e-01  9.6188981450891675e-01  1.0248400953885677e+00  9.9794420887716218e-01  9.6622599863147640e-01  1.0242905081396241e+00  1.6891150963408038e-04  -4.0525720161916166e-03  4.5708812115908123e-03  9.9747235529605427e-01  9.9531188191743958e-01  9.9973261349352549e-01  1.0003216416042768e+00  1.0000097537888941e+00  1.0005336316962226e+00  -3.7894070242265268e-06  -8.1094603820709815e-05  4.4096552027509688e-05
1.9400000000000400e+01  9.9475122411579786e-01  9.6141956385509908e-01  1.0252093539765255e+00  9.9789626745250648e-01  9.6565072296344634e-01  1.0246443170305271e+00  1.6984640757434810e-04  -4.0848059702910085e-03  4.6302686956835783e-03  9.9747915562651457e-01  9.9536903349502526e-01  9.9969771153295806e-01  1.0003210481740568e+00  1.0000153746035521e+00  1.0005277436331823e+00  -3.7696047864463327e-06  -8.0882494758011120e-05  4.5531716355571157e-05
1.9600000000000399e+01  9.9475402889382680e-01  9.6094367904054800e-01  1.0255816069838928e+00  9.9784831432439158e-01  9.6507156822240903e-01  1.0249970238894210e+00  1.7071631218517418e-04  -4.1166321681303259e-03  4.6908799155938319e-03  9.9748600624072470e-01  9.9542767678551347e-01  9.9966103813813623e-01  1.0003204066852247e+00  1.0000200980574727e+00  1.0005222668536675e+00  -3.8756594479558394e-06  -8.2006832710645718e-05  4.2250223130677757e-05
1.9800000000000299e+01  9.9475665050541529e-01  9.6046236649707273e-01  1.0259564961581933e+00  9.9780037112794262e-01  9.6448818269259429e-01  1.0253486161893737e+00  1.7153716895497263e-04  -4.1483488395919477e-03  4.7528860430221418e-03  9.9749291756234348e-01  9.9548775462484795e-01  9.9962238191300756e-01  1.0003197468028118e+00  1.0000271302285004e+00  1.0005168630051122e+00  -4.0095707578944840e-06  -8.4422722570905086e-05  3.8303067514448780e-05
2.0000000000000298e+01  9.9475908828290138e-01  9.5997577470655171e-01  1.0263336576325637e+00  9.9775245626011355e-01  9.6390028558488938e-01  1.0256991498382699e+00  1.7230517116181883e-04  -4.1799858132987554e-03  4.8157586125967388e-03  9.9749991349331846e-01  9.9554880856905104e-01  9.9958201300333149e-01  1.0003190641184960e+00  1.0000372479315203e+00  1.0005114604219083e+00  -4.1034683535858262e-06  -8.7461380227666594e-05  3.8004338709221217e-05
2.0200000000000301e+01  9.9476133718862847e-01  9.5948398114564915e-01  1.0267127622871339e+00  9.9770459365704212e-01  9.6330768411900580e-01  1.0260486973001650e+00  1.7299622240971358e-04  -4.2116146563821759e-03  4.8792552933798377e-03  9.9750702118708523e-01  9.9561046492222682e-01  9.9954063423823747e-01  1.0003183358796197e+00  1.0000478888542681e+00  1.0005090743808207e+00  -4.1356260315255322e-06  -9.6365311891619902e-05  4.3336004601165247e-05
2.0400000000000201e+01  9.9476338627398442e-01  9.5898697506767316e-01  1.0270934915729792e+00  9.9765681700609277e-01  9.6271030135681690e-01  1.0263973988560871e+00  1.7358912688348731e-04  -4.2434539343041752e-03  4.9430116899578727e-03  9.9751426113968289e-01  9.9567202951507594e-01  9.9949914745508217e-01  1.0003175391782126e+00  1.0000569087392002e+00  1.0005038175786674e+00  -4.1251971405169511e-06  -9.8523464331621105e-05  5.2449252717008275e-05
2.0600000000000200e+01  9.9476522430711634e-01  9.5848463845528209e-01  1.0274755479810165e+00  9.9760916232863805e-01  9.6210821961129123e-01  1.0267454643781628e+00  1.7409615381310290e-04  -4.2755284086692441e-03  5.0065933071710726e-03  9.9752164207848171e-01  9.9573211526089811e-01  9.9945825180918668e-01  1.0003166632852878e+00  1.0000635581839044e+00  1.0004965985925294e+00  -4.1096260978588225e-06  -1.0284864015214890e-04  6.1277922612408539e-05
2.0800000000000100e+01  9.9476684895813672e-01  9.5797678456855251e-01  1.0278587544188789e+00  9.9756165266131114e-01  9.6150164420398110e-01  1.0270930158664706e+00  1.7456641352884476e-04  -4.3073469316596974e-03  5.0698522639273215e-03  9.9752916194394015e-01  9.9579379513162192e-01  9.9941812817065356e-01  1.0003157122604267e+00  1.0000686702654669e+00  1.0004910226248516e+00  -4.1221291301824470e-06  -1.0689991092376747e-04  6.7290375520209859e-05
2.1000000000000099e+01  9.9476826961575004e-01  9.5746327876764492e-01  1.0282431338563871e+00  9.9751429051207274e-01  9.6089072241891826e-01  1.0274399249075323e+00  1.7504360726808228e-04  -4.3382861459269756e-03  5.1332381794816041e-03  9.9753681181716258e-01  9.9585778923230384e-01  9.9937844349882876e-01  1.0003147014884555e+00  1.0000733873227192e+00  1.0004865297553041e+00  -4.1861341684010056e-06  -1.0544953221979571e-04  7.0661596624826915e-05
2.1200000000000099e+01  9.9476949690453309e-01  9.5694413669322953e-01  1.0286287881426026e+00  9.9746707197329421e-01  9.6027535656923313e-01  1.0277859602537835e+00  1.7550817251288305e-04  -4.3686300204183945e-03  5.1975308433666921e-03  9.9754457816435260e-01  9.9592214708800852e-01  9.9933864395979011e-01  1.0003136554665506e+00  1.0000768256775616e+00  1.0004809005502329e+00  -4.3254346041265119e-06  -1.0841208753314824e-04  7.3190384078454353e-05
2.1399999999999999e+01  9.9477052496474960e-01  9.5641942475746866e-01  1.0290155693537626e+00  9.9742001649907452e-01  9.5965530779135211e-01  1.0281313183110963e+00  1.7586670614887559e-04  -4.4007341259704831e-03  5.2623039569096759e-03  9.9755244244273311e-01  9.9598579054897096e-01  9.9929829790034919e-01  1.0003126093592809e+00  1.0000809076683737e+00  1.0004758533129068e+00  -4.5686957659963367e-06  -1.1055403976184673e-04  7.5511120098519579e-05
2.1600000000000001e+01  9.9477132402436941e-01  9.5588893205617464e-01  1.0294028345287538e+00  9.9737318479386272e-01  9.5903071544281859e-01  1.0284770998129573e+00  1.7602305410343449e-04  -4.4374710024787543e-03  5.3259441266937770e-03  9.9756038252891899e-01  9.9605030996744359e-01  9.9925727733135727e-01  1.0003116077990042e+00  1.0000843705612852e+00  1.0004705176994022e+00  -4.9295056987855690e-06  -1.1838294054292042e-04  7.7168803799101162e-05
2.1799999999999901e+01  9.9477185693056924e-01  9.5535187368104113e-01  1.0297896482301547e+00  9.9732665820805788e-01  9.5840268477395174e-01  1.0288250821789668e+00  1.7598803004487422e-04  -4.4774091009356573e-03  5.3854302652528510e-03  9.9756838090096422e-01  9.9611583683243288e-01  9.9921572218477617e-01  1.0003106920513873e+00  1.0000880841703070e+00  1.0004657589905701e+00  -5.3720977530962564e-06  -1.2135234939885077e-04  7.5926657338731059e-05
2.1999999999999901e+01  9.9477211320514924e-01  9.5480701814676916e-01  1.0301754502250779e+00  9.9728048311030237e-01  9.5777327706808602e-01  1.0291774292693576e+00  1.7592888118701485e-04  -4.5167415897014859e-03  5.4419008498941259e-03  9.9757643770688320e-01  9.9618123043705387e-01  9.9917384624328887e-01  1.0003098766293890e+00  1.0000899395579987e+00  1.0004609161080928e+00  -5.7993973128656214e-06  -1.1963766549689658e-04  7.6495172688650589e-05
2.2199999999999900e+01  9.9477213424939637e-01  9.5425336046701081e-01  1.0305606981159687e+00  9.9723462001137397e-01  9.5714454543055549e-01  1.0295326805548544e+00  1.7609064659200704e-04  -4.5516010857550044e-03  5.4919470050454914e-03  9.9758457885964469e-01  9.9624846099453868e-01  9.9913169724584250e-01  1.0003091306941161e+00  1.0000916500827228e+00  1.0004561514571415e+00  -6.0911623119881567e-06  -1.2581808610369065e-04  7.7544789157282532e-05
2.2399999999999800e+01  9.9477200394725673e-01  9.5369093551875528e-01  1.0309468604010497e+00  9.9718894452330642e-01  9.5651710038788529e-01  1.0298877336142016e+00  1.7662795441215765e-04  -4.5810439253178535e-03  5.5401778485294961e-03  9.9759284926139291e-01  9.9631753083347263e-01  9.9908902651776865e-01  1.0003083827377064e+00  1.0000943670390678e+00  1.0004515781329435e+00  -6.1765141615984441e-06  -1.2998446412969294e-04  8.1882201122330812e-05
2.2599999999999799e+01  9.9477180393911113e-01  9.5312108171070853e-01  1.0313356118159307e+00  9.9714331216270180e-01  9.5588931844530867e-01  1.0302413554953898e+00  1.7747514028473640e-04  -4.6033233458170793e-03  5.6018610256169119e-03  9.9760129157429056e-01  9.9638110070130403e-01  9.9904540741415659e-01  1.0003075523211917e+00  1.0000986162106595e+00  1.0004471533230639e+00  -6.0869814387469417e-06  -1.2720646259172845e-04  8.4743261535752377e-05
2.2799999999999699e+01  9.9477156256452604e-01  9.5254579071475831e-01  1.0317277832629890e+00  9.9709764767667974e-01  9.5525800825310625e-01  1.0305913726493989e+00  1.7836512377555907e-04  -4.6226823108603586e-03  5.6725179924007442e-03  9.9760992336470233e-01  9.9644199180698112e-01  9.9900067293985706e-01  1.0003065909607929e+00  1.0000983738293550e+00  1.0004428817393725e+00  -5.9441945820519577e-06  -1.3410982105641569e-04  8.2593796767529070e-05
2.2999999999999702e+01  9.9477123426772796e-01  9.5196651349412620e-01  1.0321228734390682e+00  9.9705199676216083e-01  9.5462023418711250e-01  1.0309374587672833e+00  1.7898993918266675e-04  -4.6442541946435014e-03  5.7455720126565243e-03  9.9761872829206499e-01  9.9650352976438639e-01  9.9895668912578672e-01  1.0003055052442094e+00  1.0000709875861606e+00  1.0004398958618190e+00  -5.8879282349210438e-06  -1.3575085332737799e-04  7.9645824761065786e-05
2.3199999999999701e+01  9.9477072402313005e-01  9.5138328678523387e-01  1.0325194730236469e+00  9.9700650514465328e-01  9.5397501748963331e-01  1.0312813297081276e+00  1.7918188906411160e-04  -4.6718840809254264e-03  5.8150816920876864e-03  9.9762766690405047e-01  9.9656575079940135e-01  9.9891155638299278e-01  1.0003043479892884e+00  1.0000421812948246e+00  1.0004378689352258e+00  -5.9985771835734400e-06  -1.3147687348298280e-04  8.1501112792617942e-05
2.3399999999999601e+01  9.9476993792426283e-01  9.5079482212922850e-01  1.0329162093257198e+00  9.9696134390741942e-01  9.5332369511431436e-01  1.0316249571684160e+00  1.7898517792991282e-04  -4.7026497163816881e-03  5.8798047424793165e-03  9.9763669816089273e-01  9.9662843112670141e-01  9.9886565197034893e-01  1.0003031868762351e+00  1.0000125227696126e+00  1.0004366548278860e+00  -6.2691388341093578e-06  -1.3191370720064290e-04  8.2210607347781633e-05
2.3599999999999600e+01  9.9476882461884786e-01  9.5019944319296645e-01  1.0333124686006023e+00  9.9691663502914396e-01  9.5266877725976540e-01  1.0319692677256014e+00  1.7858509573824327e-04  -4.7319594891875733e-03  5.9408373423244154e-03  9.9764579643275320e-01  9.9668853371003208e-01  9.9881927562418560e-01  1.0003020741450759e+00  9.9998491014730162e-01  1.0004353592790469e+00  -6.6369359917248143e-06  -1.3179691728955616e-04  8.1973040905754501e-05
2.3799999999999500e+01  9.9476738424177946e-01  9.4959613400284382e-01  1.0337084528408487e+00  9.9687242146863042e-01  9.5201226199836553e-01  1.0323138253783641e+00  1.7817155253609698e-04  -4.7578260901535007e-03  5.9987679639658615e-03  9.9765495488560996e-01  9.9674327627865811e-01  9.9877313610456608e-01  1.0003010350690718e+00  9.9995985665953224e-01  1.0004337696962051e+00  -7.0381306028214427e-06  -1.3891724166994866e-04  8.4722861819985242e-05
2.3999999999999499e+01  9.9476564817695956e-01  9.4898497998048637e-01  1.0341047173111495e+00  9.9682868656982793e-01  9.5135461057789439e-01  1.0326574342841184e+00  1.7784332080156805e-04  -4.7803300454853049e-03  6.0579410414310616e-03  9.9766417797433371e-01  9.9679688689099011e-01  9.9873196292100264e-01  1.0003000749982620e+00  9.9993661867249350e-01  1.0004333299779828e+00  -7.4399201767911779e-06  -1.4078274336607759e-04  8.6442497645784007e-05
2.4199999999999498e+01  9.9476365099897701e-01  9.4836684603279364e-01  1.0345016654529409e+00  9.9678539446216352e-01  9.5069488523358492e-01  1.0329989615273600e+00  1.7760155592836177e-04  -4.8007769217487603e-03  6.1210072131464973e-03  9.9767347236814063e-01  9.9685238784184305e-01  9.9869040404338050e-01  1.0002991920349351e+00  9.9991384129302618e-01  1.0004336234537947e+00  -7.8366369688936739e-06  -1.4128152642979387e-04  8.6386061781827751e-05
2.4399999999999402e+01  9.9476141403180252e-01  9.4774269924146803e-01  1.0348993468823631e+00  9.9674251938789560e-01  9.5003163234149079e-01  1.0333377686629841e+00  1.7740410619846228e-04  -4.8200347627581699e-03  6.1880370621026394e-03  9.9768284276834218e-01  9.9690765282951466e-01  9.9864954980342102e-01  1.0002983842011717e+00  9.9989136805309076e-01  1.0004315938463031e+00  -8.2305606507583264e-06  -1.4538900930749095e-04  8.6121957476736051e-05
2.4599999999999401e+01  9.9475894537732013e-01  9.4711310891153611e-01  1.0352975557356792e+00  9.9670005130053840e-01  9.4936371834038857e-01  1.0336736610890580e+00  1.7722083163577502e-04  -4.8386914358276396e-03  6.2575374321124123e-03  9.9769229192334308e-01  9.9696067275455136e-01  9.9860842399574268e-01  1.0002976504185539e+00  9.9986879569767029e-01  1.0004310248985266e+00  -8.6234394940499349e-06  -1.4630825317312496e-04  8.8689900603348073e-05
2.4799999999999400e+01  9.9475624864704315e-01  9.4647816225196868e-01  1.0356960147226968e+00  9.9665798588599741e-01  9.4869063211158200e-01  1.0340066473774701e+00  1.7705271028691975e-04  -4.8569567384107578e-03  6.3279849939577408e-03  9.9770182059595636e-01  9.9700835102504271e-01  9.9856719426690932e-01  1.0002969912684359e+00  9.9984574648343849e-01  1.0004286786291181e+00  -9.0230827866525687e-06  -1.4839839979294509e-04  9.3362592053513086e-05
2.4999999999999300e+01  9.9475333026795032e-01  9.4583766903889244e-01  1.0360944751905399e+00  9.9661631399061612e-01  9.4801231148984944e-01  1.0343367875840725e+00  1.7691846040805107e-04  -4.8748541242326707e-03  6.3986385149415338e-03  9.9771142563463711e-01  9.9705657906060330e-01  9.9852600368168265e-01  1.0002964128864691e+00  9.9982179244533576e-01  1.0004260924508672e+00  -9.4496004200837355e-06  -1.4953621038213267e-04  9.8781854856152596e-05
2.5199999999999299e+01  9.9475020110621060e-01  9.4519139093250215e-01  1.0364927217544784e+00  9.9657501850509767e-01  9.4732884237978221e-01  1.0346641779630679e+00  1.7683548608129227e-04  -4.8925552321608685e-03  6.4694159751802361e-03  9.9772109836241141e-01  9.9710533305367732e-01  9.9848614526704638e-01  1.0002959308897670e+00  9.9979676378636584e-01  1.0004221782162437e+00  -9.9281374600379884e-06  -1.4992235794569081e-04  1.0423744611077205e-04
2.5399999999999199e+01  9.9474687482965252e-01  9.4453913808009793e-01  1.0368905536548814e+00  9.9653407643260727e-01  9.4664029704173736e-01  1.0349889719673482e+00  1.7681533833798082e-04  -4.9101984633324889e-03  6.5403931319786487e-03  9.9773082622351228e-01  9.9715456246231771e-01  9.9844613593290221e-01  1.0002955691749262e+00  9.9977060510320925e-01  1.0004168213082942e+00  -1.0472131088558727e-05  -1.5052407346056117e-04  1.0895824674080103e-04
2.5599999999999199e+01  9.9474336712903777e-01  9.4388074704056668e-01  1.0372877808993000e+00  9.9649346001346994e-01  9.4594674152051550e-01  1.0353113753185361e+00  1.7687158820563345e-04  -4.9278515975416789e-03  6.6114923983989111e-03  9.9774059760944311e-01  9.9720370956965032e-01  9.9840573696255608e-01  1.0002953526750251e+00  9.9974361626244834e-01  1.0004161336850013e+00  -1.1072347717479425e-05  -1.5244089092966405e-04  1.1220483691452799e-04
2.5799999999999201e+01  9.9473969686440999e-01  9.4321603313783875e-01  1.0376842156453217e+00  9.9645313468135022e-01  9.4524829892673323e-01  1.0356316452898435e+00  1.7702545465645182e-04  -4.9456250164764499e-03  6.6825049238303453e-03  9.9775040657688696e-01  9.9725072618092947e-01  9.9836605129042633e-01  1.0002952987845197e+00  9.9971622539691107e-01  1.0004130580682260e+00  -1.1702088572259750e-05  -1.5547386150771119e-04  1.1375305763710008e-04
2.5999999999999101e+01  9.9473588728963158e-01  9.4254478151421139e-01  1.0380796482233206e+00  9.9641305641440070e-01  9.4454516875683259e-01  1.0359501175176420e+00  1.7730274180285482e-04  -4.9637084280247951e-03  6.7532658390014591e-03  9.9776025391429057e-01  9.9729813758068830e-01  9.9832931320787455e-01  1.0002954136865023e+00  9.9968853508781785e-01  1.0004084307146719e+00  -1.2335107200024332e-05  -1.5855827684690146e-04  1.1413497112825881e-04
2.6199999999999100e+01  9.9473196589937585e-01  9.4186677964813470e-01  1.0384738525522432e+00  9.9637317107481005e-01  9.4383758355358227e-01  1.0362671907627730e+00  1.7772754860884490e-04  -4.9821229857190457e-03  6.8237801044495330e-03  9.9777014380647455e-01  9.9734035303509738e-01  9.9829703692972838e-01  1.0002956960981273e+00  9.9966056565371730e-01  1.0004051019018827e+00  -1.2962176756013960e-05  -1.6046583072351284e-04  1.1426675474950148e-04
2.6399999999999000e+01  9.9472796264092023e-01  9.4118185942207078e-01  1.0388666693060324e+00  9.9633341660495311e-01  9.4312574148030015e-01  1.0365831783466628e+00  1.7831362301014799e-04  -5.0003692762459950e-03  6.8942141872983522e-03  9.9778007898247956e-01  9.9738233217026595e-01  9.9826439007616352e-01  1.0002961448658543e+00  9.9963167125189856e-01  1.0004045250211280e+00  -1.3591868706805267e-05  -1.6056558188880924e-04  1.1493277658077765e-04
2.6599999999999000e+01  9.9472390508876740e-01  9.4048991410991634e-01  1.0392581209694709e+00  9.9629373069848892e-01  9.4240976783069264e-01  1.0368980818679234e+00  1.7904529674564999e-04  -5.0174821689464976e-03  6.9647594309170035e-03  9.9779005890186490e-01  9.9742586054626869e-01  9.9823322676363080e-01  1.0002967629978257e+00  9.9960110395552337e-01  1.0004044319268104e+00  -1.4232679961621364e-05  -1.5914175879951689e-04  1.1623286793777374e-04
2.6799999999998999e+01  9.9471980887780576e-01  9.3979087318424748e-01  1.0396484108381758e+00  9.9625406748889345e-01  9.4168974090511526e-01  1.0372115327428062e+00  1.7985556007660611e-04  -5.0327751521902228e-03  7.0354551169123552e-03  9.9780008320243363e-01  9.9746672048368523e-01  9.9820528400917330e-01  1.0002975532248455e+00  9.9956841560772336e-01  1.0004145758068899e+00  -1.4872212098128739e-05  -1.5719989207661452e-04  1.1767883915892718e-04
2.6999999999998899e+01  9.9471566768113973e-01  9.3908465499714233e-01  1.0400376981835842e+00  9.9621441747674444e-01  9.4096576376346175e-01  1.0375231215654936e+00  1.8063866988345833e-04  -5.0468059914763287e-03  7.1061575682671531e-03  9.9781015711672105e-01  9.9750600207856921e-01  9.9817673263311424e-01  1.0002985089212280e+00  9.9953363723646493e-01  1.0004301663562267e+00  -1.5478443414151361e-05  -1.5589808677801741e-04  1.1833605465966358e-04
2.7199999999998902e+01  9.9471145523433713e-01  9.3837115577341990e-01  1.0404257544243238e+00  9.9617480995603924e-01  9.4023799418257370e-01  1.0378329983146273e+00  1.8132512017332274e-04  -5.0615329022740373e-03  7.1767946521651589e-03  9.9782029182413978e-01  9.9754277155160964e-01  9.9816973269803577e-01  1.0002996117677219e+00  9.9949716650941811e-01  1.0004469237567992e+00  -1.6031208072066307e-05  -1.5583011424610718e-04  1.1753698946508516e-04
2.7399999999998801e+01  9.9470714890075052e-01  9.3765031897803119e-01  1.0408118153851562e+00  9.9613527847102823e-01  9.3950654624160412e-01  1.0381422310952759e+00  1.8197869459004050e-04  -5.0790033606891325e-03  7.2477322441935705e-03  9.9783049621641395e-01  9.9757836345873907e-01  9.9824814128295980e-01  1.0003008439141299e+00  9.9945950097977521e-01  1.0004654417367342e+00  -1.6556786241997359e-05  -1.5691086212775627e-04  1.1539281245975411e-04
2.7599999999998801e+01  9.9470276503223876e-01  9.3692224002344260e-01  1.0411949087976602e+00  9.9609579950235450e-01  9.3877130541109888e-01  1.0384523842907580e+00  1.8281658696135607e-04  -5.0991772648289468e-03  7.3197950833638337e-03  9.9784076608466554e-01  9.9760938024880019e-01  9.9832654676700350e-01  1.0003022072268635e+00  9.9942101813564854e-01  1.0004861005380741e+00  -1.7122758763010149e-05  -1.5869047121980291e-04  1.1287838093684366e-04
2.7799999999998800e+01  9.9469837710124231e-01  9.3618718273561452e-01  1.0415745899285522e+00  9.9605625035861389e-01  9.3803184637727499e-01  1.0387643031501821e+00  1.8409084959859371e-04  -5.1186331508463771e-03  7.3937166882700389e-03  9.9785108264979028e-01  9.9764057968617159e-01  9.9840487606403849e-01  1.0003037300035833e+00  9.9938190884890243e-01  1.0005088178403516e+00  -1.7782613888815274e-05  -1.6074500620175041e-04  1.1116480660255049e-04
2.7999999999998700e+01  9.9469409180368418e-01  9.3544543774815059e-01  1.0419515956934773e+00  9.9601643386388594e-01  9.3728760426357483e-01  1.0390768494160527e+00  1.8589217479163408e-04  -5.1317508871313172e-03  7.4694637220081581e-03  9.9786142587850502e-01  9.9764814314294104e-01  9.9848314185923059e-01  1.0003054486859797e+00  9.9934223337800709e-01  1.0005330619771899e+00  -1.8516539007678657e-05  -1.6288448593469238e-04  1.1112347608624383e-04
2.8199999999998699e+01  9.9468998926797281e-01  9.3469712057683019e-01  1.0423278122975490e+00  9.9597617178392039e-01  9.3653820022012979e-01  1.0393866689432769e+00  1.8802913197670505e-04  -5.1342275953537558e-03  7.5461897365987187e-03  9.9787179284698502e-01  9.9759866505186023e-01  9.9856138349617996e-01  1.0003073764812331e+00  9.9930200594945173e-01  1.0005581210012247e+00  -1.9234056012811044e-05  -1.6504385502015141e-04  1.1279657622881531e-04
2.8399999999998599e+01  9.9468606606388499e-01  9.3394210145398515e-01  1.0427053488823439e+00  9.9593541078723191e-01  9.3578362458932973e-01  1.0396896166576282e+00  1.9009684928199733e-04  -5.1266360439570042e-03  7.6229856473346751e-03  9.9788220291698093e-01  9.9754971756680089e-01  9.9863962900120284e-01  1.0003094887614892e+00  9.9926124462511479e-01  1.0005834392775144e+00  -1.9851999693950380e-05  -1.6723070095802690e-04  1.1548785092371517e-04
2.8599999999998602e+01  9.9468222356958269e-01  9.3318014485513234e-01  1.0430852015007115e+00  9.9589426617763999e-01  9.3502409262691466e-01  1.0399828611700637e+00  1.9170312222319992e-04  -5.1151020175886951e-03  7.6997091401043759e-03  9.9789268126859509e-01  9.9750135227861436e-01  9.9871788049388099e-01  1.0003117442714151e+00  9.9921998345705010e-01  1.0006087972288913e+00  -2.0380999916467359e-05  -1.6954997224893347e-04  1.1831170167856674e-04
2.8799999999998601e+01  9.9467831351863323e-01  9.3241112686723060e-01  1.0434664277461876e+00  9.9585296912671228e-01  9.3425970944396119e-01  1.0402667970515482e+00  1.9269365736559460e-04  -5.1080376812581776e-03  7.7770778811173218e-03  9.9790323360654076e-01  9.9745346960368453e-01  9.9879611363800647e-01  1.0003141270939016e+00  9.9917827131087178e-01  1.0006342463984690e+00  -2.0930694116315950e-05  -1.7200701493506722e-04  1.2083501249297912e-04
2.8999999999998501e+01  9.9467421158885849e-01  9.3163513218115312e-01  1.0438464946166497e+00  9.9581175111809417e-01  9.3349025019945397e-01  1.0405449351465164e+00  1.9321921051822103e-04  -5.1109915224622745e-03  7.8560329679204476e-03  9.9791383645467224e-01  9.9740596319253183e-01  9.9887428646158893e-01  1.0003166698957644e+00  9.9913616988680742e-01  1.0006598993788907e+00  -2.1614787466448358e-05  -1.7462807656814231e-04  1.2317539789715530e-04
2.9199999999998500e+01  9.9466987140238439e-01  9.3085237410432531e-01  1.0442226305103834e+00  9.9577074077088046e-01  9.3271520543761521e-01  1.0408218979854273e+00  1.9361051711279354e-04  -5.1233719401320450e-03  7.9370958955265521e-03  9.9792445519007367e-01  9.9735881864637632e-01  9.9895235619732148e-01  1.0003194321630848e+00  9.9909374570813736e-01  1.0006857577743220e+00  -2.2438937923189338e-05  -1.7740558377376018e-04  1.2570558390940156e-04
2.9399999999998400e+01  9.9466532843839561e-01  9.3006304780290994e-01  1.0445932637046063e+00  9.9572993290262224e-01  9.3193397852103055e-01  1.0411008911248893e+00  1.9416673796796547e-04  -5.1394005793969719e-03  8.0202444803051977e-03  9.9793507547147331e-01  9.9731210900370371e-01  9.9903029784821551e-01  1.0003224492253304e+00  9.9905105250182769e-01  1.0007116909035800e+00  -2.3281888470730251e-05  -1.8029737692340549e-04  1.2865640677757042e-04
2.9599999999998399e+01  9.9466066028066491e-01  9.2926723742097894e-01  1.0449585969059494e+00  9.9568923414913657e-01  9.3114605280678320e-01  1.0413823247739198e+00  1.9500917473918195e-04  -5.1522937609109389e-03  8.1051386426340306e-03  9.9794571885998673e-01  9.9726592180469886e-01  9.9910811341643757e-01  1.0003256985209419e+00  9.9900811415680713e-01  1.0007375351879702e+00  -2.3997208449362410e-05  -1.8320184386616745e-04  1.3195376670506313e-04
2.9799999999998398e+01  9.9465593664617336e-01  9.2846489105827024e-01  1.0453200645102594e+00  9.9564853963366529e-01  9.3035107642508619e-01  1.0416642895619492e+00  1.9607961912434943e-04  -5.1583308948704868e-03  8.1912811924110800e-03  9.9795642622665948e-01  9.9722029805271550e-01  9.9918582565921188e-01  1.0003291168840385e+00  9.9896492135787152e-01  1.0007631954156841e+00  -2.4547191111593270e-05  -1.8599704488600466e-04  1.3536530570062259e-04
2.9999999999998298e+01  9.9465119142165903e-01  9.2765581976676958e-01  1.0456792277330382e+00  9.9560778658671478e-01  9.2954891078395241e-01  1.0419442091405648e+00  1.9724519154404262e-04  -5.1580620717084818e-03  8.2780680234226106e-03  9.9796722185787001e-01  9.9717523200804969e-01  9.9926346140666211e-01  1.0003326568186812e+00  9.9892144245571757e-01  1.0007886578584653e+00  -2.5046544239099673e-05  -1.8872415175520612e-04  1.3875190353423528e-04
3.0199999999998301e+01  9.9464642579143414e-01  9.2683971908017171e-01  1.0460369284158053e+00  9.9556696143674428e-01  9.2873964071638659e-01  1.0422203480518883e+00  1.9840815382668296e-04  -5.1545376370439851e-03  8.3649727640302193e-03  9.9797808923117082e-01  9.9713071207769988e-01  9.9934103526603590e-01  1.0003363338906133e+00  9.9887763985933797e-01  1.0008139291704257e+00  -2.5675228698914048e-05  -1.9136067746073607e-04  1.4214645655761306e-04
3.0399999999998201e+01  9.9464162859785965e-01  9.2601624662920168e-01  1.0463931403489781e+00  9.9552607476382893e-01  9.2792348413356374e-01  1.0424922964502377e+00  1.9954778879462793e-04  -5.1505856235688251e-03  8.4518692296978327e-03  9.9798897937963449e-01  9.9708674739789038e-01  9.9941854297903721e-01  1.0003402248507127e+00  9.9883348540773909e-01  1.0008389874335710e+00  -2.6537064439722357e-05  -1.9394256278194296e-04  1.4562674122685021e-04
3.0599999999998200e+01  9.9463679427676166e-01  9.2518513604894459e-01  1.0467473678830468e+00  9.9548513354121360e-01  9.2710061080415063e-01  1.0427604940479949e+00  2.0069595459279880e-04  -5.1472474674728527e-03  8.5391347496726697e-03  9.9799984465378189e-01  9.9704335528612043e-01  9.9949597305828231e-01  1.0003444186153714e+00  9.9878896412685725e-01  1.0008637999371259e+00  -2.7583353029859804e-05  -1.9649642140524151e-04  1.4915659542586612e-04
3.0799999999998199e+01  9.9463192890274588e-01  9.2434625788390323e-01  1.0470991335628157e+00  9.9544412854943465e-01  9.2627100520806327e-01  1.0430254735653344e+00  2.0189477134256907e-04  -5.1440290366731719e-03  8.6273114353034672e-03  9.9801067046010461e-01  9.9700053978018988e-01  9.9957334145433385e-01  1.0003489601412265e+00  9.9874404419239071e-01  1.0008883683531640e+00  -2.8656516202477523e-05  -1.9887731083924622e-04  1.5261864470224589e-04
3.0999999999998099e+01  9.9462704737421637e-01  9.2349956845562797e-01  1.0474481980608252e+00  9.9540303564705623e-01  9.2543449831718283e-01  1.0432874594570456e+00  2.0317464709206399e-04  -5.1401632228241841e-03  8.7166197260115808e-03  9.9802148179934269e-01  9.9695829786915113e-01  9.9965072979430047e-01  1.0003538286791236e+00  9.9869861283515127e-01  1.0009127276898149e+00  -2.9605510353745903e-05  -2.0081975402668923e-04  1.5602350680430922e-04
3.1199999999998099e+01  9.9462216875363596e-01  9.2264500031675878e-01  1.0477945952683463e+00  9.9536182126680550e-01  9.2459092806854026e-01  1.0435464823542697e+00  2.0455367901497275e-04  -5.1356011690706534e-03  8.8068258987151204e-03  9.9803232367782635e-01  9.9691663843515632e-01  9.9972827593427671e-01  1.0003589601882195e+00  9.9865244541341081e-01  1.0009369014474960e+00  -3.0375365321325802e-05  -2.0210788078610923e-04  1.5947542579301783e-04
3.1399999999997998e+01  9.9461731296250422e-01  9.2178240590806715e-01  1.0481380577054202e+00  9.9532044687853538e-01  9.2374026141325660e-01  1.0438027097534974e+00  2.0603989285453484e-04  -5.1309737457822203e-03  8.8975621711795301e-03  9.9804323410840778e-01  9.9687556936891253e-01  9.9980608238800239e-01  1.0003642893117133e+00  9.9860522795551210e-01  1.0009608921572841e+00  -3.1009627336270578e-05  -2.0292550203157323e-04  1.6286392301466011e-04
3.1599999999998001e+01  9.9461249790323136e-01  9.2091159760609831e-01  1.0484782202472436e+00  9.9527887358096601e-01  9.2288257287647568e-01  1.0440565737291625e+00  2.0762732819652789e-04  -5.1267538801504989e-03  8.9886981567004164e-03  9.9805423029299922e-01  9.9683506278369116e-01  9.9988409494426378e-01  1.0003697768940800e+00  9.9855691269403546e-01  1.0009847288419202e+00  -3.1582688959069533e-05  -2.0398149157583516e-04  1.6600425791864570e-04
3.1799999999998001e+01  9.9460773620038323e-01  9.2003242157728948e-01  1.0488147552514679e+00  9.9523706827654812e-01  9.2201793758925765e-01  1.0443085401970977e+00  2.0929382574853497e-04  -5.1225543032879335e-03  9.0803835792951162e-03  9.9806531421125011e-01  9.9679507927631827e-01  9.9996207354556121e-01  1.0003754076311329e+00  9.9850789235464421e-01  1.0010084590903696e+00  -3.2130401287134238e-05  -2.0605664303358022e-04  1.6899951371454960e-04
3.1999999999997900e+01  9.9460303329428434e-01  9.1914478577352698e-01  1.0491475500355525e+00  9.9519500867679622e-01  9.2114636252051152e-01  1.0445587530638503e+00  2.1101087220473875e-04  -5.1173162187655311e-03  9.1728251651333609e-03  9.9807648716284736e-01  9.9675568963502281e-01  1.0000397176303149e+00  1.0003811697718572e+00  9.9845867384678788e-01  1.0010319851544038e+00  -3.2636593669434688e-05  -2.0953326431458625e-04  1.7266705126213914e-04
3.2199999999997999e+01  9.9459838944073942e-01  9.1824863369793575e-01  1.0494767392647713e+00  9.9515268221607966e-01  9.2026779955295102e-01  1.0448069257026786e+00  2.1276348993206392e-04  -5.1102162816504346e-03  9.2661147984484105e-03  9.9808775743617795e-01  9.9671717860154641e-01  1.0001168504299964e+00  1.0003870416699141e+00  9.9840963337433553e-01  1.0010548734200673e+00  -3.3077209717618212e-05  -2.1364210288805932e-04  1.7791472365642704e-04
3.2399999999998101e+01  9.9459380554627452e-01  9.1734390968413437e-01  1.0498025194668728e+00  9.9511007756568737e-01  9.1938219128220733e-01  1.0450526044476682e+00  2.1456404890758939e-04  -5.1013776841771497e-03  9.3602387595812468e-03  9.9809913424429531e-01  9.9667993720878467e-01  1.0001934894524644e+00  1.0003929995103329e+00  9.9836085145348330e-01  1.0010764559381728e+00  -3.3471930710310617e-05  -2.1762157264108907e-04  1.8473679769085520e-04
3.2599999999998197e+01  9.9458928845826156e-01  9.1643054299383153e-01  1.0501249200105580e+00  9.9506717494320307e-01  9.1848950202287105e-01  1.0452955588222093e+00  2.1644124055445271e-04  -5.0917004764069679e-03  9.4551389165666629e-03  9.9811061554385549e-01  9.9664410817782279e-01  1.0002697388858319e+00  1.0003990375861378e+00  9.9831217786869542e-01  1.0010963692814447e+00  -3.3887973275825584e-05  -2.2137618570415159e-04  1.9147454165658885e-04
3.2799999999998299e+01  9.9458484931648006e-01  9.1550844078331095e-01  1.0504437391157995e+00  9.9502394640145142e-01  9.1758973455649728e-01  1.0455359447647696e+00  2.1840184798414965e-04  -5.0820288332344967e-03  9.5507282597063307e-03  9.9812218429680244e-01  9.9660924362705405e-01  1.0003456161898330e+00  1.0004051779955154e+00  9.9826369544363025e-01  1.0011151935671516e+00  -3.4385624308616716e-05  -2.2544826205566943e-04  1.9529649197603261e-04
3.2999999999998401e+01  9.9458049254217085e-01  9.1457748439252029e-01  1.0507586874022825e+00  9.9498037261309613e-01  9.1668293629960740e-01  1.0457741208045868e+00  2.2039229570178581e-04  -5.0724490613252432e-03  9.6469368176329631e-03  9.9813382078707369e-01  9.9657436067410521e-01  1.0004209731769726e+00  1.0004114539921498e+00  9.9821566189111433e-01  1.0011345368087998e+00  -3.4951151398583521e-05  -2.3050124786595341e-04  1.9432206981824922e-04
3.3199999999998496e+01  9.9457620214108844e-01  9.1363754691782084e-01  1.0510696018606973e+00  9.9493646783510570e-01  9.1576916869097214e-01  1.0460103016176752e+00  2.2230262173704511e-04  -5.0622578695629387e-03  9.7438468162479586e-03  9.9814552355107555e-01  9.9653853771269230e-01  1.0004955596716842e+00  1.0004178748198955e+00  9.9816852325397309e-01  1.0011561850727864e+00  -3.5480730110936267e-05  -2.3681172439674638e-04  1.8982620539248937e-04
3.3399999999998599e+01  9.9457193846703218e-01  9.1268853827676577e-01  1.0513765621887823e+00  9.9489229139198310e-01  9.1484842647577080e-01  1.0462443258829384e+00  2.2402923132136264e-04  -5.0504895083534089e-03  9.8417945987446607e-03  9.9815732148027636e-01  9.9650172280854044e-01  1.0005691509405259e+00  1.0004243994608861e+00  9.9812275051667976e-01  1.0011807046952472e+00  -3.5841285511490817e-05  -2.4415164209109450e-04  1.8645941389070568e-04
3.3599999999998701e+01  9.9456765337299546e-01  9.1173044427008976e-01  1.0516798456806782e+00  9.9484792863650284e-01  9.1392055318567966e-01  1.0464756769516679e+00  2.2555459456816617e-04  -5.0365235811291936e-03  9.9412776490224661e-03  9.9816926405655226e-01  9.9646512369245244e-01  1.0006416400944742e+00  1.0004309445139321e+00  9.9807866607916329e-01  1.0012065166418829e+00  -3.5970308519606980e-05  -2.5198725283292442e-04  1.8968120336754476e-04
3.3799999999998803e+01  9.9456331558825473e-01  9.1076331628716445e-01  1.0519797739591767e+00  9.9480344945468246e-01  9.1298522614144939e-01  1.0467037042866139e+00  2.2696846009794420e-04  -5.0204006892994616e-03  1.0042699161927628e-02  9.9818139289044461e-01  9.9643073567554918e-01  1.0007130607468995e+00  1.0004374273425802e+00  9.9803636139139806e-01  1.0012303412388381e+00  -3.5939792073941540e-05  -2.5972198720438793e-04  2.0566799852295595e-04
3.3999999999998899e+01  9.9455892543061364e-01  9.0978720927037571e-01  1.0522765506529597e+00  9.9475887707500044e-01  9.1204203356369162e-01  1.0469278978291214e+00  2.2839507433693892e-04  -5.0027609946112946e-03  1.0146163714451010e-02  9.9819371294425341e-01  9.9640017584708462e-01  1.0007835643210901e+00  1.0004438181998125e+00  9.9799569399073540e-01  1.0012489866234837e+00  -3.5932155829142593e-05  -2.6684799725540848e-04  2.2040848223869148e-04
3.4199999999999001e+01  9.9455450381300925e-01  9.0880211274022460e-01  1.0525701715075628e+00  9.9471419676483919e-01  9.1109058951256461e-01  1.0471480736122214e+00  2.2988096509828033e-04  -4.9844928057212676e-03  1.0251488529217555e-02  9.9820618340313871e-01  9.9637357534387150e-01  1.0008533875039947e+00  1.0004501665614329e+00  9.9795631735412216e-01  1.0012613869680729e+00  -3.6142180643499935e-05  -2.7289105530247304e-04  2.3702380243987648e-04
3.4399999999999103e+01  9.9455006341783458e-01  9.0780792336525828e-01  1.0528604512494331e+00  9.9466939931034237e-01  9.1013060793733425e-01  1.0473643759712545e+00  2.3134995078594769e-04  -4.9662264069942098e-03  1.0358392462383827e-02  9.9821873442711540e-01  9.9634933564862849e-01  1.0009228221944364e+00  1.0004565846868421e+00  9.9791772225979014e-01  1.0012694691714865e+00  -3.6674312023574941e-05  -2.7749966400713948e-04  2.4588055136388361e-04
3.4599999999999199e+01  9.9454558909297175e-01  9.0680446908766854e-01  1.0531471651095896e+00  9.9462451829612575e-01  9.0916190082091175e-01  1.0475770730590128e+00  2.3268087732235515e-04  -4.9479018062672337e-03  1.0466688389656854e-02  9.9823129812698341e-01  9.9632497517306817e-01  1.0009921737863123e+00  1.0004632009215291e+00  9.9787930762474486e-01  1.0012771866198653e+00  -3.7502760292732818e-05  -2.8057625409201310e-04  2.4404854440638197e-04
3.4799999999999400e+01  9.9454104898743789e-01  9.0579155405556011e-01  1.0534302307556902e+00  9.9457962079260120e-01  9.0818432897470469e-01  1.0477862468892403e+00  2.3384535263992035e-04  -4.9287642999260141e-03  1.0576333161543914e-02  9.9824383448542109e-01  9.9629850897072569e-01  1.0010616925109133e+00  1.0004701125022160e+00  9.9784050425391657e-01  1.0012883561835499e+00  -3.8506984801364975e-05  -2.8239443321504868e-04  2.3471326137768368e-04
3.4999999999999503e+01  9.9453642948034959e-01  9.0476898315127274e-01  1.0537097900685999e+00  9.9453475329206587e-01  9.0719776474851876e-01  1.0479916109370455e+00  2.3497246496837889e-04  -4.9079842818021890e-03  1.0687320021854020e-02  9.9825634035235578e-01  9.9626899917951739e-01  1.0011314964459759e+00  1.0004773608075159e+00  9.9780092557480959e-01  1.0013047495252902e+00  -3.9539536684146643e-05  -2.8357204733934778e-04  2.2430943700933623e-04
3.5199999999999598e+01  9.9453176179700020e-01  9.0373654779461055e-01  1.0539860866550546e+00  9.9448989069163951e-01  9.0620210655656930e-01  1.0481926615615547e+00  2.3626514287290192e-04  -4.8855186390440149e-03  1.0799524750806063e-02  9.9826884334466170e-01  9.9623796627458971e-01  1.0012015419994553e+00  1.0004849314398490e+00  9.9776045554505532e-01  1.0013256043082581e+00  -4.0475622202704108e-05  -2.8477968083786436e-04  2.1836055457732416e-04
3.5399999999999700e+01  9.9452711240186309e-01  9.0269399187355104e-01  1.0542592094256951e+00  9.9444493940012946e-01  9.0519733322266660e-01  1.0483890956911053e+00  2.3783272691509880e-04  -4.8623726859480217e-03  1.0912663047345653e-02  9.9828138966999524e-01  9.9620801608480913e-01  1.0012716862231117e+00  1.0004927677599498e+00  9.9771918740194154e-01  1.0013486329797483e+00  -4.1231215748283265e-05  -2.8632812367971488e-04  2.1862668118324192e-04
3.5599999999999802e+01  9.9452254134293727e-01  9.0164100066955888e-01  1.0545289364939321e+00  9.9439979902000508e-01  9.0418353948239683e-01  1.0485811235291709e+00  2.3959098778776521e-04  -4.8398301178438656e-03  1.1026442300734336e-02  9.9829403162589969e-01  9.9617890630776507e-01  1.0013418166746995e+00  1.0005007889112691e+00  9.9767722779127199e-01  1.0013716181859160e+00  -4.1771429648299201e-05  -2.8796387229479300e-04  2.2316100979413017e-04
3.5799999999999898e+01  9.9451806302488488e-01  9.0057724342329126e-01  1.0547948559966724e+00  9.9435443294273174e-01  9.0316089393252530e-01  1.0487693402280092e+00  2.4132498722838987e-04  -4.8182987401346189e-03  1.1140816561369303e-02  9.9830681436348589e-01  9.9615107572157613e-01  1.0014119584365693e+00  1.0005089123837796e+00  9.9763449981358876e-01  1.0013935005382644e+00  -4.2125625072396018e-05  -2.8908374076264386e-04  2.2855936864284244e-04
3.6000000000000000e+01  9.9451364326589931e-01  8.9950245188323730e-01  1.0550566716392682e+00  9.9430888805035578e-01  9.0212952252876188e-01  1.0489542404826735e+00  2.4286314258230562e-04  -4.7969455097033971e-03  1.1256107456597910e-02  9.9831976152157131e-01  9.9612364843118206e-01  1.0014822740557257e+00  1.0005170817434672e+00  9.9759069721273685e-01  1.0014144639643250e+00  -4.2394012955748563e-05  -2.8923087281451025e-04  2.3236799663273926e-04
3.6200000000000102e+01  9.9450923530370783e-01  8.9841647027991545e-01  1.0553144040244615e+00  9.9426324719530457e-01  9.0108940222771339e-01  1.0491358315797641e+00  2.4421314392957341e-04  -4.7745094465887327e-03  1.1372811999646721e-02  9.9833286524770026e-01  9.9609679660559658e-01  1.0015529540573427e+00  1.0005252904283046e+00  9.9754542878461727e-01  1.0014353043944362e+00  -4.2717863891054332e-05  -2.8848117580782397e-04  2.3405864003513360e-04
3.6400000000000198e+01  9.9450482462156331e-01  8.9731921944031223e-01  1.0555683059598993e+00  9.9421755466031148e-01  9.0004036768680307e-01  1.0493136955061000e+00  2.4554957765877597e-04  -4.7504280797755422e-03  1.1491199072098083e-02  9.9834608903891486e-01  9.9607052339157354e-01  1.0016240835196870e+00  1.0005335858467785e+00  9.9749844058417281e-01  1.0014567319406669e+00  -4.3213749687760853e-05  -2.8741272043119372e-04  2.3443316697081539e-04
3.6600000000000300e+01  9.9450044680929550e-01  8.9621058893491667e-01  1.0558186036929491e+00  9.9417177447005667e-01  8.9898224846522246e-01  1.0494873851265856e+00  2.4707339105190592e-04  -4.7251508213033786e-03  1.1611044401663325e-02  9.9835938543871672e-01  9.9604478614118552e-01  1.0016955873703484e+00  1.0005420464632502e+00  9.9744974428137667e-01  1.0014790651629129e+00  -4.3912456213497104e-05  -2.8669678961151985e-04  2.3444657850540043e-04
3.6800000000000402e+01  9.9449616654470585e-01  8.9509034351852723e-01  1.0560653284231594e+00  9.9412581107302955e-01  8.9791503305842202e-01  1.0496567364653724e+00  2.4886289255097191e-04  -4.6994739937452710e-03  1.1731771941226042e-02  9.9837271944906991e-01  9.9601947855480288e-01  1.0017672897475709e+00  1.0005507433981080e+00  9.9739956190927292e-01  1.0015023340730256e+00  -4.4748629593282821e-05  -2.8665457942926136e-04  2.3450158261907689e-04
3.7000000000000497e+01  9.9449203641053718e-01  8.9395812599805946e-01  1.0563083699500808e+00  9.9407957193271401e-01  8.9683892152822364e-01  1.0498218357332250e+00  2.5082738320858717e-04  -4.6737238946696442e-03  1.1852900168878780e-02  9.9838608350663549e-01  9.9599449875857904e-01  1.0018390300714044e+00  1.0005597097709473e+00  9.9734814771362168e-01  1.0015265156564759e+00  -4.5607818133751839e-05  -2.8713172642137145e-04  2.3451532508291154e-04
3.7200000000000600e+01  9.9448806680311441e-01  8.9281355662155726e-01  1.0565476481224252e+00  9.9403302357368173e-01  8.9575422015543238e-01  1.0499827603729250e+00  2.5278266161666706e-04  -4.6475878451461743e-03  1.1974419229541934e-02  9.9839949633268166e-01  9.9596982392830979e-01  1.0019107393459390e+00  1.0005689341697614e+00  9.9729563903835028e-01  1.0015516480180777e+00  -4.6392168857780439e-05  -2.8775738002786440e-04  2.3434537987343659e-04
3.7400000000000702e+01  9.9448422603844389e-01  8.9165635070207194e-01  1.0567832128531238e+00  9.9398620408879823e-01  8.9466115784017430e-01  1.0501393955720473e+00  2.5457728043247734e-04  -4.6205904995572349e-03  1.2096822120133015e-02  9.9841298974277415e-01  9.9594551691449995e-01  1.0019824249905858e+00  1.0005783761959131e+00  9.9724204680175244e-01  1.0015777823679841e+00  -4.7058829278615893e-05  -2.8832708327763333e-04  2.3411879442204758e-04
3.7600000000000797e+01  9.9448046589650585e-01  8.9048637253249496e-01  1.0570151971255919e+00  9.9393919099002881e-01  8.9355974901867286e-01  1.0502914815579665e+00  2.5617467250142669e-04  -4.5926081510148159e-03  1.2220828901969114e-02  9.9842659384967858e-01  9.9592165509808395e-01  1.0020540974479144e+00  1.0005879892499605e+00  9.9718736423928944e-01  1.0016049006800478e+00  -4.7617825628413119e-05  -2.8899197518859020e-04  2.3401046562944049e-04
3.7800000000000900e+01  9.9447675116791334e-01  8.8930360218353410e-01  1.0572437043680227e+00  9.9389205398446046e-01  8.9244977382713542e-01  1.0504387903125409e+00  2.5764268467930754e-04  -4.5639207999011791e-03  1.2347040252976837e-02  9.9844032799071547e-01  9.9589823893209550e-01  1.0021257194333619e+00  1.0005977376831534e+00  9.9713166911895945e-01  1.0016329192113091e+00  -4.8110175806805391e-05  -2.8996751398368371e-04  2.3405247718540461e-04
3.8000000000001002e+01  9.9447307262849405e-01  8.8810804945025779e-01  1.0574687580004769e+00  9.9384482741773394e-01  8.9133086330624145e-01  1.0505812247035440e+00  2.5907367364080239e-04  -4.5348316773644757e-03  1.2475721990732396e-02  9.9845419787157474e-01  9.9587516104025919e-01  1.0021972284318112e+00  1.0006076053290518e+00  9.9707510974867719e-01  1.0016617673273989e+00  -4.8589423219110709e-05  -2.9123710286341973e-04  2.3413637658255498e-04
3.8200000000001097e+01  9.9446943771561269e-01  8.8689966838706269e-01  1.0576903596271254e+00  9.9379751760447155e-01  8.9020262751592116e-01  1.0507187405804899e+00  2.6050192293302575e-04  -4.5052864686939429e-03  1.2606791760503753e-02  9.9846819650440066e-01  9.9585228056594410e-01  1.0022686072771405e+00  1.0006175978260909e+00  9.9701778097879779e-01  1.0016914354401452e+00  -4.9108345802492047e-05  -2.9260731864956779e-04  2.3419592891055961e-04
3.8400000000001199e+01  9.9446584946034977e-01  8.8567831279062503e-01  1.0579085844817631e+00  9.9375013367161569e-01  8.8906475781414074e-01  1.0508511865390322e+00  2.6187555181589209e-04  -4.4749112018278824e-03  1.2739972702680423e-02  9.9848230843854280e-01  9.9582917095760959e-01  1.0023399287980892e+00  1.0006277388136122e+00  9.9695960612692791e-01  1.0017219317869868e+00  -4.9700529144577590e-05  -2.9353901771178727e-04  2.3424316597056474e-04
3.8600000000001302e+01  9.9446229048791368e-01  8.8444374428600325e-01  1.0581235925596308e+00  9.9370271635057694e-01  8.8791706103119061e-01  1.0509782628606192e+00  2.6309301776004208e-04  -4.4435132176341595e-03  1.2874999781158136e-02  9.9849651804461648e-01  9.9580553693984375e-01  1.0024113220798467e+00  1.0006380579164167e+00  9.9690034658205351e-01  1.0017532221636938e+00  -5.0359695607233378e-05  -2.9377714493512386e-04  2.3440105348718966e-04
3.8800000000001397e+01  9.9445872268300972e-01  8.8319567171007929e-01  1.0583354983319746e+00  9.9365534472165840e-01  8.8675943232180710e-01  1.0510997210050173e+00  2.6406956858820334e-04  -4.4116308749716981e-03  1.3011729832665919e-02  9.9851081937601405e-01  9.9578224350752920e-01  1.0024828770998884e+00  1.0006485735280783e+00  9.9683975899062471e-01  1.0017852786810688e+00  -5.1038130831869977e-05  -2.9357917736886583e-04  2.3461068094760481e-04
3.9000000000001499e+01  9.9445510116736990e-01  8.8193378242095233e-01  1.0585441802915472e+00  9.9360811841324281e-01  8.8559181617288596e-01  1.0512156997378694e+00  2.6478705304498371e-04  -4.3805451954089776e-03  1.3150088841858910e-02  9.9852522072094319e-01  9.9575951853952127e-01  1.0025545595732794e+00  1.0006592816981836e+00  9.9677779619263318e-01  1.0018182288427850e+00  -5.1679448515207624e-05  -2.9383434320290667e-04  2.3409093906197296e-04
3.9200000000001602e+01  9.9445139270690897e-01  8.8065774445528378e-01  1.0587492097363456e+00  9.9356112805400154e-01  8.8441419852834890e-01  1.0513269027333514e+00  2.6530110432975340e-04  -4.3515185104998364e-03  1.3289969598794514e-02  9.9853973809772834e-01  9.9573749538042400e-01  1.0026262058366704e+00  1.0006701626817049e+00  9.9671469937894241e-01  1.0018523968340958e+00  -5.2269114142698349e-05  -2.9494083602235610e-04  2.3246487300871050e-04
3.9400000000001697e+01  9.9444758798898336e-01  8.7936720412970171e-01  1.0589500269676158e+00  9.9351443104321058e-01  8.8322661175953465e-01  1.0514343652171632e+00  2.6570999701414967e-04  -4.3247239379981591e-03  1.3431288037513020e-02  9.9855438018079345e-01  9.9571622497749546e-01  1.0026976254753732e+00  1.0006812043334705e+00  9.9665089081518687e-01  1.0018880347860537e+00  -5.2861014752774341e-05  -2.9686993037462896e-04  2.3156820853044029e-04
3.9600000000001799e+01  9.9444370252032088e-01  8.7806182852075654e-01  1.0591462967262386e+00  9.9346804369815689e-01  8.8202908040157013e-01  1.0515388653849718e+00  2.6610831689146102e-04  -4.2987826331691448e-03  1.3574257583342637e-02  9.9856913565615335e-01  9.9569370193492934e-01  1.0027686995714520e+00  1.0006924259861334e+00  9.9658671027593404e-01  1.0019248584592904e+00  -5.3550890392562836e-05  -2.9917177484150599e-04  2.3310231920392109e-04
3.9800000000001901e+01  9.9443976758416985e-01  8.7674140475938289e-01  1.0593381849621739e+00  9.9342195072866502e-01  8.8082146632553526e-01  1.0516403840937054e+00  2.6655066736589600e-04  -4.2715030960689838e-03  1.3719643619139446e-02  9.9858397401074905e-01  9.9567208555677522e-01  1.0028394817593991e+00  1.0007038829321604e+00  9.9652216130384097e-01  1.0019618533041226e+00  -5.4411329446541341e-05  -3.0117525420857378e-04  2.3403504545494640e-04
4.0000000000001997e+01  9.9443581728202934e-01  8.7540592993439692e-01  1.0595263036360805e+00  9.9337612445938483e-01  8.7960328599664273e-01  1.0517380750611351e+00  2.6704176208883169e-04  -4.2414371700903635e-03  1.3868632717134394e-02  9.9859886085194005e-01  9.9565257284110431e-01  1.0029102574457780e+00  1.0007156453927821e+00  9.9645685629619551e-01  1.0019977570307181e+00  -5.5438256877169987e-05  -3.0183026749161187e-04  2.3931917044224879e-04
4.0200000000002099e+01  9.9443187890781504e-01  8.7405558709776399e-01  1.0597113105653380e+00  9.9333054218896732e-01  8.7837366413098239e-01  1.0518308539944849e+00  2.6755604053646385e-04  -4.2090444058210238e-03  1.4022213034077930e-02  9.9861377717435429e-01  9.9563460516245539e-01  1.0029812541370728e+00  1.0007277659108653e+00  9.9639010705697140e-01  1.0020320493303758e+00  -5.6551497374014202e-05  -3.0109662187486448e-04  2.4468610971359220e-04
4.0400000000002201e+01  9.9442797187977860e-01  8.7269056704145131e-01  1.0598934479054540e+00  9.9328519142790617e-01  8.7713153883304928e-01  1.0519181995901239e+00  2.6807636354176311e-04  -4.1764132284412021e-03  1.4180449828073892e-02  9.9862872873192854e-01  9.9561628287979431e-01  1.0030525962493488e+00  1.0007402581807565e+00  9.9632168332568505e-01  1.0020656690148249e+00  -5.7648101626884833e-05  -2.9979049347495402e-04  2.4579101802540390e-04
4.0600000000002296e+01  9.9442411598194280e-01  8.7131082997323828e-01  1.0600723902526770e+00  9.9324005909341273e-01  8.7587604243262007e-01  1.0520005315753966e+00  2.6863084289500559e-04  -4.1456332130130795e-03  1.4342291220239767e-02  9.9864373953245766e-01  9.9559905546211058e-01  1.0031242923825474e+00  1.0007531009513071e+00  9.9625152904885927e-01  1.0021006962624317e+00  -5.8665944316252318e-05  -2.9863190769972240e-04  2.4110378855890402e-04
4.0800000000002399e+01  9.9442034423641279e-01  8.6991598795526359e-01  1.0602475427716640e+00  9.9319511008490824e-01  8.7460680051078055e-01  1.0520788373116381e+00  2.6930394680790479e-04  -4.1171114898387699e-03  1.4506223164822455e-02  9.9865883550272161e-01  9.9558176625956352e-01  1.0031964326202047e+00  1.0007662614011852e+00  9.9617923480260751e-01  1.0021390213707531e+00  -5.9610961635673767e-05  -2.9654375184248803e-04  2.3342766166619937e-04
4.1000000000002501e+01  9.9441671172419588e-01  8.6850542758360461e-01  1.0604185545931790e+00  9.9315026901347203e-01  8.7332390095961610e-01  1.0521538400028465e+00  2.7020726512849680e-04  -4.0892715700716533e-03  1.4671386653273716e-02  9.9867403072790162e-01  9.9556418595649665e-01  1.0032693791579192e+00  1.0007797192574945e+00  9.9610453634279483e-01  1.0021809415528431e+00  -6.0533755828045223e-05  -2.9222237699700883e-04  2.3662472030514951e-04
4.1200000000002603e+01  9.9441329193046446e-01  8.6707860690285732e-01  1.0605856193906031e+00  9.9310542083694875e-01  8.7202752065739120e-01  1.0522254042111814e+00  2.7141737016112515e-04  -4.0599280317736661e-03  1.4838279187044789e-02  9.9868932514939324e-01  9.9554824925635765e-01  1.0033435625589333e+00  1.0007934751500085e+00  9.9602648378279146e-01  1.0022248300028043e+00  -6.1479900672541565e-05  -2.8551288442308536e-04  2.3668921920164536e-04
4.1400000000002699e+01  9.9441015827360935e-01  8.6563529993160337e-01  1.0607493104708277e+00  9.9306043791616982e-01  8.7071748512562563e-01  1.0522926807273161e+00  2.7291387359431956e-04  -4.0281612906613827e-03  1.5008389455094268e-02  9.9870471322666043e-01  9.9553347418920879e-01  1.0034196723966813e+00  1.0008075403769507e+00  9.9594374623577153e-01  1.0022682466792086e+00  -6.2452998790653460e-05  -2.7620476125795002e-04  2.3315641145567703e-04
4.1600000000002801e+01  9.9440735820762516e-01  8.6417557692707669e-01  1.0609100982974038e+00  9.9301522476477899e-01  8.6939312552373160e-01  1.0523548553228113e+00  2.7456068665472226e-04  -3.9950761025575486e-03  1.5182954333742373e-02  9.9872019553750202e-01  9.9551905512658967e-01  1.0034976435860328e+00  1.0008219186899678e+00  9.9585564034011020e-01  1.0023097589099157e+00  -6.3414088573399428e-05  -2.7261501538674459e-04  2.3878212651353350e-04
4.1800000000002903e+01  9.9440489427552081e-01  8.6269950821569752e-01  1.0610679653341073e+00  9.9296975754325745e-01  8.6805358502423746e-01  1.0524118547414187e+00  2.7615203166552469e-04  -3.9628452209751579e-03  1.5361792783423962e-02  9.9873578453898559e-01  9.9550449264460350e-01  1.0035768190713044e+00  1.0008365945818678e+00  9.9576318300023503e-01  1.0023500080369183e+00  -6.4312300108164397e-05  -2.7319556215832277e-04  2.4175713225276023e-04
4.2000000000002998e+01  9.9440272422650033e-01  8.6120680797388105e-01  1.0612224301668087e+00  9.9292409517888225e-01  8.6669836837706637e-01  1.0524644321657544e+00  2.7750028133734233e-04  -3.9329482371516832e-03  1.5543179142397731e-02  9.9875150097765708e-01  9.9548907994639213e-01  1.0036561848806325e+00  1.0008515360642363e+00  9.9566796948902780e-01  1.0023911049743459e+00  -6.5121899756323662e-05  -2.7439529939905847e-04  2.4350133405328045e-04
4.2200000000003101e+01  9.9440078061119996e-01  8.5969669855880693e-01  1.0613729309730477e+00  9.9287835589544349e-01  8.6532771715132728e-01  1.0525136098654870e+00  2.7850927035850503e-04  -3.9051160711799748e-03  1.5724921853097845e-02  9.9876736410043720e-01  9.9547521988941057e-01  1.0037352674200466e+00  1.0008667093060186e+00  9.9557087733657046e-01  1.0024354372388211e+00  -6.5860991051559093e-05  -2.7598313714871777e-04  2.4220996817937043e-04
4.2400000000003203e+01  9.9439899737893467e-01  8.5816811630002154e-01  1.0615192322863800e+00  9.9283267542325759e-01  8.6394250710207432e-01  1.0525599778485115e+00  2.7918602836049695e-04  -3.8777459590265866e-03  1.5905868780262476e-02  9.9878338232058317e-01  9.9546299915413694e-01  1.0038135515944451e+00  1.0008820953582724e+00  9.9547320050925758e-01  1.0024840526724217e+00  -6.6582918148378351e-05  -2.7767450376800723e-04  2.4128654698944929e-04
4.2600000000003298e+01  9.9439732737508246e-01  8.5662012446680347e-01  1.0616615389731536e+00  9.9278717337423650e-01  8.6254371262247187e-01  1.0526034037820615e+00  2.7959185445522477e-04  -3.8492798803179493e-03  1.6086744942005082e-02  9.9879954970158280e-01  9.9545072038123517e-01  1.0038910568072983e+00  1.0008976993796312e+00  9.9537521443281751e-01  1.0025353756925146e+00  -6.7349878120415420e-05  -2.8003662884764643e-04  2.4392724811843277e-04
4.2800000000003401e+01  9.9439574329082070e-01  8.5505225158109277e-01  1.0618002686605101e+00  9.9274194403200156e-01  8.6113178957608016e-01  1.0526433203610563e+00  2.7977919663183968e-04  -3.8193577781363698e-03  1.6269763051291720e-02  9.9881584925960731e-01  9.9543820853053167e-01  1.0039681677146206e+00  1.0009135487819729e+00  9.9527655642681778e-01  1.0025864993082987e+00  -6.8207063217131053e-05  -2.8401731488157027e-04  2.4541142421013491e-04
4.3000000000003503e+01  9.9439422771860997e-01  8.5346453867814964e-01  1.0619357037556092e+00  9.9269706693819515e-01  8.5970636608637607e-01  1.0526792893863661e+00  2.7976316933317274e-04  -3.7888829137394191e-03  1.6457349894454056e-02  9.9883226009393522e-01  9.9542543186105015e-01  1.0040450164125594e+00  1.0009296834753316e+00  9.9517712506425160e-01  1.0026345685566038e+00  -6.9170589098444603e-05  -2.8739850696151385e-04  2.4457758718333554e-04
4.3200000000003598e+01  9.9439276391102371e-01  8.5185728977110753e-01  1.0620678124166714e+00  9.9265262011991429e-01  8.5826639893852108e-01  1.0527113606138354e+00  2.7953584512531145e-04  -3.7590614828772640e-03  1.6650889988162380e-02  9.9884876427782054e-01  9.9541437169030056e-01  1.0041212625361384e+00  1.0009461443141139e+00  9.9507754403881254e-01  1.0026780962542954e+00  -7.0230088118008967e-05  -2.8969819792078709e-04  2.4735646940958803e-04
4.3400000000003800e+01  9.9439133342374908e-01  8.5023070914365351e-01  1.0621963679191797e+00  9.9260868440443217e-01  8.5681064545888097e-01  1.0527399496363778e+00  2.7909013108933244e-04  -3.7302614070161711e-03  1.6850250871013338e-02  9.9886535103238727e-01  9.9540205197370479e-01  1.0041962967296156e+00  1.0009629643654459e+00  9.9497896263709329e-01  1.0027174146956659e+00  -7.1359077369828947e-05  -2.9184042906772164e-04  2.5717745471335088e-04
4.3600000000003902e+01  9.9438991729577419e-01  8.4858465065311828e-01  1.0623212476743069e+00  9.9256534209530312e-01  8.5533813565744410e-01  1.0527653648078854e+00  2.7842037783286242e-04  -3.7016274212587821e-03  1.7054229281541714e-02  9.9888201756822581e-01  9.9539005811618331e-01  1.0042696805563036e+00  1.0009801650059524e+00  9.9488238366026238e-01  1.0027542205993427e+00  -7.2528269150362216e-05  -2.9449852750896270e-04  2.6178028381479798e-04
4.3800000000003998e+01  9.9438849470975810e-01  8.4691859445044015e-01  1.0624426504710056e+00  9.9252267950304107e-01  8.5384839203438778e-01  1.0527873978792583e+00  2.7750573759181038e-04  -3.6717578956408418e-03  1.7261452080589663e-02  9.9889876653556353e-01  9.9537969517950142e-01  1.0043414755893956e+00  1.0009977578480849e+00  9.9478804854313496e-01  1.0027909406829889e+00  -7.3721114453256586e-05  -2.9738681324456161e-04  2.6143972726684102e-04
4.4000000000004100e+01  9.9438703975116050e-01  8.4523180478289706e-01  1.0625610397457217e+00  9.9248079350169449e-01  8.5234135227991814e-01  1.0528053399706299e+00  2.7631249653769379e-04  -3.6398973736556416e-03  1.7471081286228672e-02  9.9891560042858851e-01  9.9537127218484689e-01  1.0044122864453309e+00  1.0010157527133754e+00  9.9469531210488304e-01  1.0028288122281865e+00  -7.4946964706951988e-05  -3.0016431059148581e-04  2.5848853635036161e-04
4.4200000000004202e+01  9.9438552396076219e-01  8.4352352576226808e-01  1.0626768416807859e+00  9.9243978979454228e-01  8.5081713833142414e-01  1.0528184441925550e+00  2.7483371535065674e-04  -3.6066960276459042e-03  1.7682957728619771e-02  9.9893251530155514e-01  9.9536454702545019e-01  1.0044829168810732e+00  1.0010341684072053e+00  9.9460304606497141e-01  1.0028680287261253e+00  -7.6239750083653527e-05  -3.0311939232961641e-04  2.5957529507244310e-04
4.4400000000004297e+01  9.9438392945909426e-01  8.4179309262570579e-01  1.0627901231243322e+00  9.9239976283624265e-01  8.4927586194073579e-01  1.0528265013180382e+00  2.7313474434266451e-04  -3.5739305163445863e-03  1.7897292391949395e-02  9.9894949838010083e-01  9.9535889239991338e-01  1.0045537028366738e+00  1.0010530386630743e+00  9.9451008206644365e-01  1.0029079593740406e+00  -7.7635337007209355e-05  -3.0417105725496303e-04  2.6402880889310536e-04
4.4600000000004400e+01  9.9438226555501941e-01  8.4003993474593264e-01  1.0629004950026595e+00  9.9236076599938650e-01  8.4771756129862597e-01  1.0528300991600543e+00  2.7135003499887767e-04  -3.5433763394610248e-03  1.8114302978023040e-02  9.9896653265277036e-01  9.9535365570774892e-01  1.0046247014314553e+00  1.0010724068276495e+00  9.9441625081910701e-01  1.0029474480740910e+00  -7.9141886976735433e-05  -3.0499718981591634e-04  2.6583424444025482e-04
4.4800000000004502e+01  9.9438057384407141e-01  8.3826353287389210e-01  1.0630073211522235e+00  9.9232279634812770e-01  8.4614222919333637e-01  1.0528303655182978e+00  2.6961522107533183e-04  -3.5156543641472237e-03  1.8334109117462232e-02  9.9898360558028021e-01  9.9534687468187344e-01  1.0046957192688009e+00  1.0010923120587885e+00  9.9432180002781356e-01  1.0029856358035989e+00  -8.0731469852430627e-05  -3.0710568085504211e-04  2.6610976438575488e-04
4.5000000000004597e+01  9.9437891373657117e-01  8.3646340166014499e-01  1.0631100889879028e+00  9.9228581129053572e-01  8.4454983486333679e-01  1.0528283697819421e+00  2.6798533452952912e-04  -3.4898821196704946e-03  1.8556877467127468e-02  9.9900071433171067e-01  9.9533852421606139e-01  1.0047664996779540e+00  1.0011127788124783e+00  9.9422696155047618e-01  1.0030219441496229e+00  -8.2364359634776846e-05  -3.0989988614945648e-04  2.7016273854344971e-04
4.5200000000004700e+01  9.9437733772020187e-01  8.3463911059940488e-01  1.0632086847568016e+00  9.9224976722779490e-01  8.4294028929233800e-01  1.0528245976857007e+00  2.6641424896607147e-04  -3.4643500511860139e-03  1.8782966859972307e-02  9.9901786276155313e-01  9.9533149643374019e-01  1.0048368899923061e+00  1.0011338190200889e+00  9.9413205397558146e-01  1.0030565807085492e+00  -8.4022391232153488e-05  -3.1323303909886602e-04  2.7407285588869243e-04
4.5400000000004802e+01  9.9437587663734905e-01  8.3279030080754068e-01  1.0633033957790254e+00  9.9221464865938891e-01  8.4131338888749641e-01  1.0528188406096357e+00  2.6481984882329639e-04  -3.4376746401479324e-03  1.9012870931055838e-02  9.9903505383987989e-01  9.9532400180690594e-01  1.0049068025118806e+00  1.0011554432611125e+00  9.9403733856443077e-01  1.0030904012077508e+00  -8.5715841470433441e-05  -3.1671855480866376e-04  2.7583005174758101e-04
4.5600000000004897e+01  9.9437454766859090e-01  8.3091665733444997e-01  1.0633946718632583e+00  9.9218046291653295e-01  8.3966880389187037e-01  1.0528105159801875e+00  2.6317895843274379e-04  -3.4095444090854721e-03  1.9247003654278578e-02  9.9905228595332007e-01  9.9531470777866393e-01  1.0049763255563628e+00  1.0011776678348290e+00  9.9394269964665771e-01  1.0031242256310156e+00  -8.7458081681171892e-05  -3.1979514899843652e-04  2.7630341872978450e-04
4.5800000000004999e+01  9.9437337732957520e-01  8.2901784753510266e-01  1.0634828532305969e+00  9.9214720662919431e-01  8.3800613075154784e-01  1.0527991156589593e+00  2.6156460471796173e-04  -3.3805407036903968e-03  1.9485548705440781e-02  9.9906955653617258e-01  9.9530631942678327e-01  1.0050455998249024e+00  1.0012005103594619e+00  9.9384787542718667e-01  1.0031580190836680e+00  -8.9239969906442206e-05  -3.2215815560252524e-04  2.7758788509791714e-04
4.6000000000005102e+01  9.9437241753146499e-01  8.2709347650927634e-01  1.0635680746689216e+00  9.9211483669104861e-01  8.3632496018834668e-01  1.0527844181754922e+00  2.6008883224146911e-04  -3.3513800512377937e-03  1.9728523151749878e-02  9.9908686771546240e-01  9.9529966973882211e-01  1.0051147159785603e+00  1.0012239805972949e+00  9.9375261128354953e-01  1.0031914617846647e+00  -9.1034344122036852e-05  -3.2400396711598095e-04  2.7873789683758140e-04
4.6200000000005197e+01  9.9437173839033643e-01  8.2514309700057009e-01  1.0636503879817250e+00  9.9208327547393593e-01  8.3462489841882403e-01  1.0527663399290590e+00  2.5880058682267151e-04  -3.3219059328773366e-03  1.9975981384025975e-02  9.9910422695215628e-01  9.9529491742028353e-01  1.0051837090390308e+00  1.0012480780643573e+00  9.9365678480200315e-01  1.0032240893486790e+00  -9.2821083355823882e-05  -3.2591198636226256e-04  2.8170337499938973e-04
4.6400000000005299e+01  9.9437140214518205e-01  8.2316625859032733e-01  1.0637299511883040e+00  9.9205244971388873e-01  8.3290553017799607e-01  1.0527446312819639e+00  2.5762935918587581e-04  -3.2913005079277680e-03  2.0228146748901901e-02  9.9912164307464002e-01  9.9529141931953258e-01  1.0052525190843744e+00  1.0012727975953393e+00  9.9356046689375066e-01  1.0032556242685100e+00  -9.4596128509354729e-05  -3.2819824016821944e-04  2.8489419370181381e-04
4.6600000000005402e+01  9.9437143937782824e-01  8.2116254382371068e-01  1.0638070781311277e+00  9.9202233263346884e-01  8.3116637323910236e-01  1.0527187617933225e+00  2.5642393749914107e-04  -3.2592222977887793e-03  2.0485338896215979e-02  9.9913912481457356e-01  9.9528820857225087e-01  1.0053210750262251e+00  1.0012981322091365e+00  9.9346388828460019e-01  1.0032861321486306e+00  -9.6349741638706036e-05  -3.3105217662926761e-04  2.8744872742230939e-04
4.6800000000005497e+01  9.9437184666818901e-01  8.1913155301270046e-01  1.0638820708536725e+00  9.9199295626834494e-01  8.2940688336882484e-01  1.0526881683607900e+00  2.5505168688320955e-04  -3.2262037175201813e-03  2.0747769408472228e-02  9.9915668573593952e-01  9.9528470282827874e-01  1.0053891634195711e+00  1.0013240656176703e+00  9.9336731934522238e-01  1.0033159766411697e+00  -9.8043363615542078e-05  -3.3437301301464731e-04  2.9026882864326440e-04
4.7000000000005599e+01  9.9437260633592861e-01  8.1707284904413779e-01  1.0639549560771635e+00  9.9196438686699639e-01  8.2762651955666100e-01  1.0526527112097888e+00  2.5347401183523099e-04  -3.1936758293351049e-03  2.1015403206362505e-02  9.9917434975162234e-01  9.9528111577729839e-01  1.0054567053938936e+00  1.0013505620347418e+00  9.9327094553291462e-01  1.0033456631669666e+00  -9.9623822070994060e-05  -3.3814054914812580e-04  2.9188140300110836e-04
4.7200000000005701e+01  9.9437371086386928e-01  8.1498591121356323e-01  1.0640253437953449e+00  9.9193668663783097e-01  8.2582482064316975e-01  1.0526129809127500e+00  2.5173916559515674e-04  -3.1634372798738670e-03  2.1288022102234908e-02  9.9919214752613694e-01  9.9527829507632870e-01  1.0055236984791329e+00  1.0013775695798310e+00  9.9317483731849854e-01  1.0033756131145346e+00  -1.0107298113274160e-04  -3.4201244943547884e-04  2.9509948962458366e-04
4.7400000000005797e+01  9.9437517222976046e-01  8.1287014057283402e-01  1.0640925379958697e+00  9.9190989397925999e-01  8.2400142921012043e-01  1.0525701975186035e+00  2.4990603527260237e-04  -3.1365277934951464e-03  2.1565450866968684e-02  9.9921010202558103e-01  9.9527594561332922e-01  1.0055902257303586e+00  1.0014050430974701e+00  9.9307901443300040e-01  1.0034061239308842e+00  -1.0244591629745048e-04  -3.4592614817809521e-04  2.9768772545230824e-04
4.7600000000005899e+01  9.9437701030862113e-01  8.1072491700132587e-01  1.0641558341021262e+00  9.9188403626394384e-01  8.2215603775674551e-01  1.0525257532087666e+00  2.4796681632898419e-04  -3.1126939694373157e-03  2.1847771850755406e-02  9.9922821350235358e-01  9.9527216073448610e-01  1.0056561642995241e+00  1.0014329721221364e+00  9.9298349575484424e-01  1.0034363111389222e+00  -1.0385377351027871e-04  -3.4996398391565393e-04  2.9881864075981197e-04
4.7800000000006001e+01  9.9437923188053268e-01  8.0854966637845971e-01  1.0642148010353996e+00  9.9185916160160958e-01  8.2028829192644326e-01  1.0524807080831307e+00  2.4583091128215937e-04  -3.0907116936048397e-03  2.2135360921043335e-02  9.9924645721907390e-01  9.9527079928291318e-01  1.0057215485240454e+00  1.0014613912618220e+00  9.9288826864982027e-01  1.0034649292877000e+00  -1.0539823336509738e-04  -3.5425980368641771e-04  2.9743900806790483e-04
4.8000000000006096e+01  9.9438181846311680e-01  8.0634388636109866e-01  1.0642693755611097e+00  9.9183536168141706e-01  8.1839772026561963e-01  1.0524355488674657e+00  2.4337870317556171e-04  -3.0692241283436059e-03  2.2428704142279252e-02  9.9926479714320338e-01  9.9527122944873647e-01  1.0057865532789274e+00  1.0014903634476267e+00  9.9279327034349807e-01  1.0034909943657486e+00  -1.0711198272350491e-04  -3.5926263524228478e-04  3.0280425970849586e-04
4.8200000000006199e+01  9.9438473303416830e-01  8.0410710603639846e-01  1.0643197523843675e+00  9.9181276657003048e-01  8.1648374715277139e-01  1.0523902895682886e+00  2.4053881204978347e-04  -3.0474254084029311e-03  2.2728100064742757e-02  9.9928320487768507e-01  9.9527254211437932e-01  1.0058511102242227e+00  1.0015199496331548e+00  9.9269850821754457e-01  1.0035147637628767e+00  -1.0895657594254972e-04  -3.6458096571979567e-04  3.0653180891308053e-04
4.8400000000006301e+01  9.9438794036666989e-01  8.0183879748217990e-01  1.0643661942580667e+00  9.9179151527983167e-01  8.1454579686448270e-01  1.0523447472146970e+00  2.3732792590976874e-04  -3.0251754227401222e-03  2.3033421666886589e-02  9.9930166848206881e-01  9.9527423685157246e-01  1.0059150628234010e+00  1.0015501899606480e+00  9.9260423905015660e-01  1.0035380381366694e+00  -1.1087773963180399e-04  -3.6747135647150321e-04  3.0414922126567042e-04
4.8600000000006403e+01  9.9439142569072470e-01  7.9953828857157705e-01  1.0644089037893403e+00  9.9177172403624403e-01  8.1258344373509783e-01  1.0522987609336882e+00  2.3382670031370456e-04  -3.0026920543442951e-03  2.3344078804316073e-02  9.9932018511769860e-01  9.9527644870197651e-01  1.0059781571352042e+00  1.0015811102866481e+00  9.9251092446392741e-01  1.0035631804128622e+00  -1.1286628770801915e-04  -3.7277067526653591e-04  3.0048965575105619e-04
4.8800000000006499e+01  9.9439519939351706e-01  7.9720473076567400e-01  1.0644480057358279e+00  9.9175347332593300e-01  8.1059653313919622e-01  1.0522522490409698e+00  2.3011914630397911e-04  -2.9800890767489189e-03  2.3659228128102113e-02  9.9933874611747364e-01  9.9527964035214078e-01  1.0060403039752810e+00  1.0016127444939062e+00  9.9241882343282994e-01  1.0035913759606880e+00  -1.1496908710751410e-04  -3.7841581572659662e-04  3.0513152745309399e-04
4.9000000000006601e+01  9.9439928821759616e-01  7.9483715457206072e-01  1.0644835885155739e+00  9.9173681687949888e-01  8.0858520037869663e-01  1.0522051636784859e+00  2.2625025611057778e-04  -2.9573442629554311e-03  2.3978175769501460e-02  9.9935732938995359e-01  9.9528410988669302e-01  1.0061018410643556e+00  1.0016451492135481e+00  9.9232751724056822e-01  1.0036215828460502e+00  -1.1724332655596871e-04  -3.8231863447341893e-04  3.0317191069177630e-04
4.9200000000006703e+01  9.9440372418942091e-01  7.9243460792483988e-01  1.0645157346862602e+00  9.9172179749031186e-01  8.0654974790325840e-01  1.0521574514142451e+00  2.2223294957564310e-04  -2.9345846727607027e-03  2.4300825526940312e-02  9.9937590602974891e-01  9.9528879460979958e-01  1.0061636634585251e+00  1.0016783965343701e+00  9.9223589734328410e-01  1.0036512633361552e+00  -1.1970237423757188e-04  -3.8299617088310967e-04  2.9477806673065241e-04
4.9400000000006798e+01  9.9440854162973102e-01  7.8999632808641318e-01  1.0645445296113354e+00  9.9170845266404317e-01  8.0449040219417089e-01  1.0521090438052418e+00  2.1808476479572822e-04  -2.9116096230605427e-03  2.4627948310724197e-02  9.9939445357983669e-01  9.9529391698564951e-01  1.0062258564286097e+00  1.0017125529806474e+00  9.9214282015310651e-01  1.0036784939329602e+00  -1.2230810661081258e-04  -3.8401650673951308e-04  2.9861205973941753e-04
4.9600000000006901e+01  9.9441378218795129e-01  7.8752186117325329e-01  1.0645700921002801e+00  9.9169680746598232e-01  8.0240704689392839e-01  1.0520598090404010e+00  2.1384962753016439e-04  -2.8879278496661710e-03  2.4961047581968016e-02  9.9941296212777953e-01  9.9529984651402681e-01  1.0062888769251552e+00  1.0017476664744243e+00  9.9204799422731293e-01  1.0037034298290228e+00  -1.2501487875658980e-04  -3.8785134034940912e-04  3.0125448135871719e-04
4.9800000000007003e+01  9.9441949971331400e-01  7.8501104418644141e-01  1.0645926408846438e+00  9.9168686578114340e-01  8.0029907787537957e-01  1.0520094342869495e+00  2.0958496178999245e-04  -2.8634127972393063e-03  2.5301763704000300e-02  9.9943142780245009e-01  9.9530647842054409e-01  1.0063516419459633e+00  1.0017837732099664e+00  9.9195235039968033e-01  1.0037288797551831e+00  -1.2781476042351720e-04  -3.9135807284941575e-04  2.9699956174472370e-04
5.0000000000007098e+01  9.9442575912909681e-01  7.8246382709579210e-01  1.0646125174366805e+00  9.9167861008326552e-01  7.9816549304983897e-01  1.0519573646327460e+00  2.0533606783971830e-04  -2.8374016302494514e-03  2.5651077341907195e-02  9.9944984253018954e-01  9.9531338721779761e-01  1.0064132632652636e+00  1.0018209135214957e+00  9.9185750233198366e-01  1.0037579184567964e+00  -1.3073126091886841e-04  -3.9396066038822956e-04  2.9925074234723141e-04
5.0200000000007201e+01  9.9443263162782825e-01  7.7988001678098329e-01  1.0646300596120988e+00  9.9167200815365808e-01  7.9600520099535443e-01  1.0519029905276449e+00  2.0112761816454841e-04  -2.8102237435584051e-03  2.6008806886447015e-02  9.9946819375022611e-01  9.9532023702410632e-01  1.0064734456396476e+00  1.0018591344477512e+00  9.9176464804117381e-01  1.0037921234325395e+00  -1.3376431162962041e-04  -4.0060744577088536e-04  2.9783289129037824e-04
5.0400000000007303e+01  9.9444019158613206e-01  7.7725909405976124e-01  1.0646453583753583e+00  9.9166701914104372e-01  7.9381738405479230e-01  1.0518460672746985e+00  1.9697251385757093e-04  -2.7832543181943387e-03  2.6373769141726313e-02  9.9948647735504226e-01  9.9532779761075041e-01  1.0065324472930166e+00  1.0018984700242761e+00  9.9167376011485830e-01  1.0038305135953316e+00  -1.3684544056725918e-04  -4.0683873766006879e-04  2.9759346552718356e-04
5.0600000000007398e+01  9.9444851587593064e-01  7.7460021662356326e-01  1.0646581176174719e+00  9.9166359697639028e-01  7.9160170769008498e-01  1.0517870182322766e+00  1.9287619045138668e-04  -2.7580914271720745e-03  2.6744499164714709e-02  9.9950471184566736e-01  9.9533607582380590e-01  1.0065921440775882e+00  1.0019389154997542e+00  9.9158372547212015e-01  1.0038701130657615e+00  -1.3985793841629222e-04  -4.0986247622173640e-04  2.9500001449014104e-04
5.0800000000007500e+01  9.9445768192441353e-01  7.7190239083131151e-01  1.0646678127796987e+00  9.9166169549480898e-01  7.8935827922309953e-01  1.0517267551085345e+00  1.8882944414737221e-04  -2.7353220146017314e-03  2.7120008490399201e-02  9.9952293788868640e-01  9.9534483773907645e-01  1.0066508186781251e+00  1.0019804221498605e+00  9.9149332102478693e-01  1.0039076003715139e+00  -1.4271291317219414e-04  -4.1215657364168884e-04  2.8796093123221751e-04
5.1000000000007603e+01  9.9446776374381241e-01  7.6916468587945808e-01  1.0646740408766366e+00  9.9166127585999153e-01  7.8708743029589678e-01  1.0516661188678691e+00  1.8480871663497191e-04  -2.7142186135066587e-03  2.7500116476279285e-02  9.9954120018189063e-01  9.9535339124419031e-01  1.0067082998110488e+00  1.0020229226165798e+00  9.9140216572626172e-01  1.0039407823538529e+00  -1.4541275319345301e-04  -4.1592959113365884e-04  2.8632624426473213e-04
5.1200000000007698e+01  9.9447883076070887e-01  7.6638637250699426e-01  1.0646767033327762e+00  9.9166230868224914e-01  7.8478947335763172e-01  1.0516055117922531e+00  1.8079779131031611e-04  -2.6933582385273882e-03  2.7885345447839625e-02  9.9955952562252648e-01  9.9535871195036874e-01  1.0067665571587343e+00  1.0020663682432152e+00  9.9131079165108449e-01  1.0039694587409693e+00  -1.4804127005340055e-04  -4.1845536558781510e-04  2.9146600922972554e-04
5.1400000000007800e+01  9.9449095352186023e-01  7.6356696581048888e-01  1.0646758427281326e+00  9.9166476443475182e-01  7.8246451916706117e-01  1.0515450848712187e+00  1.7681352334615851e-04  -2.6728489471436736e-03  2.8276695827561621e-02  9.9957791592396128e-01  9.9536510949130341e-01  1.0068242643214211e+00  1.0021107481553526e+00  9.9121984825608256e-01  1.0039954328734741e+00  -1.5068917981938483e-04  -4.2072525589280667e-04  2.9415496441570558e-04
5.1600000000007903e+01  9.9450421274736245e-01  7.6070621310125586e-01  1.0646714214826634e+00  9.9166859787854711e-01  7.8011235638698584e-01  1.0514850872943449e+00  1.7290443608106160e-04  -2.6532685087807678e-03  2.8675453625183565e-02  9.9959635955664217e-01  9.9537059820726792e-01  1.0068814395255226e+00  1.0021560769030922e+00  9.9112937088426201e-01  1.0040213502947564e+00  -1.5338465644053394e-04  -4.2477205307434138e-04  2.9051637039186935e-04
5.1800000000007998e+01  9.9451870282607613e-01  7.5780403007362540e-01  1.0646634663283148e+00  9.9167374123122931e-01  7.7773240982597280e-01  1.0514256623341125e+00  1.6911530283719863e-04  -2.6333788794146371e-03  2.9082829232154529e-02  9.9961485042290166e-01  9.9537496393898139e-01  1.0069387657934310e+00  1.0022023662102932e+00  9.9103894618519195e-01  1.0040491392852717e+00  -1.5608970993816890e-04  -4.2746626590432670e-04  2.8867501091552322e-04
5.2000000000008100e+01  9.9453452439626255e-01  7.5486033900325167e-01  1.0646525162903751e+00  9.9168011556623115e-01  7.7532386662490083e-01  1.0513660874615796e+00  1.6544448447386662e-04  -2.6102723846789539e-03  2.9499287424100233e-02  9.9963339623442793e-01  9.9537984754191433e-01  1.0069961472374598e+00  1.0022496082997878e+00  9.9094849139806740e-01  1.0040790182107857e+00  -1.5875557376752146e-04  -4.3079199150680806e-04  2.8913212928142481e-04
5.2200000000008302e+01  9.9455176966742420e-01  7.5187482431937946e-01  1.0646397658620510e+00  9.9168765531866099e-01  7.7288602175993237e-01  1.0513044155229945e+00  1.6182812899035598e-04  -2.5815351137091656e-03  2.9923971119786379e-02  9.9965201156962524e-01  9.9538494131753685e-01  1.0070535961898084e+00  1.0022977830775219e+00  9.9085853988422279e-01  1.0041097498929019e+00  -1.6137521884107558e-04  -4.3603973045708028e-04  2.8645179181581573e-04
5.2400000000008397e+01  9.9457051034897037e-01  7.4884676453796306e-01  1.0646264753371009e+00  9.9169633013135916e-01  7.7041869294877219e-01  1.0512383340321028e+00  1.5816491041033845e-04  -2.5481830067463182e-03  3.0354947685222854e-02  9.9967070582885698e-01  9.9538987763325126e-01  1.0071115944255724e+00  1.0023468766175543e+00  9.9076951242105715e-01  1.0041398620074882e+00  -1.6398250231324229e-04  -4.4137491091370690e-04  2.8043643716330009e-04
5.2600000000008500e+01  9.9459079693018926e-01  7.4577513801992301e-01  1.0646130504317319e+00  9.9170614925326217e-01  7.6792238323190387e-01  1.0511667440371866e+00  1.5436692060433291e-04  -2.5149906634508077e-03  3.0790473219737342e-02  9.9968947949291076e-01  9.9539464656883858e-01  1.0071693021765247e+00  1.0023968893849358e+00  9.9068082841709859e-01  1.0041688225315060e+00  -1.6660743811361539e-04  -4.4344830767523689e-04  2.8154121348737080e-04
5.2800000000008602e+01  9.9461267039686652e-01  7.4265901219606612e-01  1.0645986990189629e+00  9.9171714533719579e-01  7.6539797747928462e-01  1.0510905740532293e+00  1.5040119524090513e-04  -2.4856992463618615e-03  3.1230419334949324e-02  9.9970833149205574e-01  9.9539969254461691e-01  1.0072261415196677e+00  1.0024478265179031e+00  9.9059110188937460e-01  1.0041973594171434e+00  -1.6924049643290864e-04  -4.4154380870046339e-04  2.7989076743855333e-04
5.3000000000008697e+01  9.9463617764117940e-01  7.3949794848755246e-01  1.0645820817804854e+00  9.9172935041249455e-01  7.6284613472648632e-01  1.0510119504274520e+00  1.4628566722053968e-04  -2.4615563605113011e-03  3.1676566207389324e-02  9.9972726829343039e-01  9.9540557121007855e-01  1.0072820198698440e+00  1.0024996826954369e+00  9.9049942660752122e-01  1.0042269592748261e+00  -1.7184426682949832e-04  -4.4165299143928956e-04  2.7427485071924681e-04
5.3200000000008799e+01  9.9466137767067997e-01  7.3629207811528818e-01  1.0645623982783923e+00  9.9174278503459501e-01  7.6026684915612308e-01  1.0509324331851850e+00  1.4203879409574059e-04  -2.4394091690191099e-03  3.2131296657524913e-02  9.9974630390422614e-01  9.9541255289437658e-01  1.0073377465018218e+00  1.0025524396448802e+00  9.9040634684515771e-01  1.0042591672136469e+00  -1.7439931733417767e-04  -4.4386197723315874e-04  2.6504184978875828e-04
5.3400000000008902e+01  9.9468833419325098e-01  7.3304175309669573e-01  1.0645399665969564e+00  9.9175746982794233e-01  7.5765956718758831e-01  1.0508518512774008e+00  1.3763643142816962e-04  -2.4147379177607785e-03  3.2595658818639447e-02  9.9976544967135195e-01  9.9542055265128071e-01  1.0073948526783123e+00  1.0026060810998239e+00  9.9031332402749717e-01  1.0042951578011849e+00  -1.7693761683275702e-04  -4.4553567999983291e-04  2.5542949651092460e-04
5.3600000000008997e+01  9.9471710631515076e-01  7.2974704561380177e-01  1.0645159097353081e+00  9.9177344197595829e-01  7.5502379978133138e-01  1.0507685565334681e+00  1.3303797894260192e-04  -2.3853014231040282e-03  3.3068408560946547e-02  9.9978470289226773e-01  9.9542932355116920e-01  1.0074522186442669e+00  1.0026606128323170e+00  9.9022115431280522e-01  1.0043356483839607e+00  -1.7953220523658233e-04  -4.5034335293692688e-04  2.5086694638838696e-04
5.3800000000009099e+01  9.9474775451995434e-01  7.2640751200719311e-01  1.0644913662352917e+00  9.9179074673283796e-01  7.5235974995396004e-01  1.0506806050621076e+00  1.2826860243098174e-04  -2.3519119509555543e-03  3.3546842183783163e-02  9.9980404395794409e-01  9.9543859713765392e-01  1.0075108562829054e+00  1.0027160712686785e+00  9.9012892742879155e-01  1.0043849930683888e+00  -1.8225537226382470e-04  -4.5071531055322097e-04  2.4876718538616182e-04
5.4000000000009202e+01  9.9478036217527110e-01  7.2302242037607556e-01  1.0644668942064710e+00  9.9180939886740149e-01  7.4966845651071345e-01  1.0505868117456301e+00  1.2345795354834846e-04  -2.3170887763309710e-03  3.4028737967494130e-02  9.9982344350617081e-01  9.9544806584025813e-01  1.0075710655843875e+00  1.0027725154285068e+00  9.9003449299111812e-01  1.0044580486399304e+00  -1.8514352507691641e-04  -4.4496942552793849e-04  2.4469623840996856e-04
5.4200000000009297e+01  9.9481504967830681e-01  7.1959126485566105e-01  1.0644423738388860e+00  9.9182935006353490e-01  7.4695133792862267e-01  1.0504870795431813e+00  1.1876075420425648e-04  -2.2832543570270500e-03  3.4513882675874630e-02  9.9984287303200503e-01  9.9545450239870914e-01  1.0076315134352964e+00  1.0028300105300145e+00  9.8993588176723124e-01  1.0045461869622316e+00  -1.8819227518275056e-04  -4.3760232257744814e-04  2.3787779290819385e-04
5.4400000000009399e+01  9.9485195964681505e-01  7.1611417692588120e-01  1.0644172522334983e+00  9.9185050388492590e-01  7.4420947053989994e-01  1.0503821389356713e+00  1.1422196464284565e-04  -2.2545796612174849e-03  3.5004076803041038e-02  9.9986231212520948e-01  9.9545882537172325e-01  1.0076920818513662e+00  1.0028886143471720e+00  9.8983241812637779e-01  1.0046380240526727e+00  -1.9137169103982779e-04  -4.3330242058967257e-04  2.3108282821197857e-04
5.4600000000009501e+01  9.9489122217558212e-01  7.1259193932121012e-01  1.0643908254696899e+00  9.9187277268800500e-01  7.4144311017960463e-01  1.0502731441025477e+00  1.0973644096677436e-04  -2.2283826629200315e-03  3.5501676155384493e-02  9.9988175122478040e-01  9.9546422190948092e-01  1.0077524791947321e+00  1.0029483696606487e+00  9.8972484046280451e-01  1.0047295845224167e+00  -1.9463830774817166e-04  -4.3514973535648395e-04  2.2344329234207471e-04
5.4800000000009597e+01  9.9493293446901698e-01  7.0902560066809694e-01  1.0643624002381022e+00  9.9189612176146358e-01  7.3865177818525396e-01  1.0501614006568956e+00  1.0515979818912370e-04  -2.2023000208717782e-03  3.6007708617139894e-02  9.9990119263961108e-01  9.9547121705343522e-01  1.0078142557673213e+00  1.0030092995413775e+00  9.8961466103597084e-01  1.0048201436156745e+00  -1.9793807966511233e-04  -4.4424245568984672e-04  2.1599586216802965e-04
5.5000000000009699e+01  9.9497717537488817e-01  7.0541596001734719e-01  1.0643313801777476e+00  9.9192055738399376e-01  7.3583484247185005e-01  1.0500481886552988e+00  1.0044992472172857e-04  -2.1768209229135844e-03  3.6520849136592426e-02  9.9992065066829472e-01  9.9547964800253563e-01  1.0078769154797409e+00  1.0030714043149618e+00  9.8950331910282507e-01  1.0049099432142070e+00  -2.0121430844982212e-04  -4.5091935861912814e-04  2.0820350502393758e-04
5.5200000000009801e+01  9.9502403622363955e-01  7.0176327341904754e-01  1.0642973879514763e+00  9.9194607813538105e-01  7.3299218756115081e-01  1.0499345154882973e+00  9.5681217920386022e-05  -2.1563060574350114e-03  3.7037987425156342e-02  9.9994014842208045e-01  9.9548651887204542e-01  1.0079405720754913e+00  1.0031346642799672e+00  9.8939149286873507e-01  1.0049999129908038e+00  -2.0442790667334418e-04  -4.5073537786837327e-04  2.0626233944193203e-04
5.5400000000009904e+01  9.9507363302173713e-01  6.9806737490930204e-01  1.0642604263707029e+00  9.9197264645902705e-01  7.3012450174236632e-01  1.0498207845940617e+00  9.0933391387987305e-05  -2.1356328792135814e-03  3.7556038872789237e-02  9.9995971036655318e-01  9.9548827192506328e-01  1.0080058253396480e+00  1.0031990507277868e+00  9.8927877601148806e-01  1.0050911625452732e+00  -2.0757493631513824e-04  -4.5066262062783412e-04  2.0513792636742617e-04
5.5600000000009999e+01  9.9512609222435033e-01  6.9432808335374785e-01  1.0642209280786075e+00  9.9200020346966533e-01  7.2723299316077206e-01  1.0497066245778199e+00  8.6212255930449638e-05  -2.1137442862685851e-03  3.8073638265492357e-02  9.9997935430497664e-01  9.9549038342513718e-01  1.0080715631988857e+00  1.0032645401178779e+00  9.8916389031478535e-01  1.0051843760163113e+00  -2.1068290044305951e-04  -4.5916775748160865e-04  1.9809939171288725e-04
5.5800000000010101e+01  9.9518153755357430e-01  6.9054551445694978e-01  1.0641795483172329e+00  9.9202868986731141e-01  7.2431881153620647e-01  1.0495911521699763e+00  8.1508725818066287e-05  -2.0896701293020366e-03  3.8591300991794253e-02  9.9999908778372959e-01  9.9549330652514811e-01  1.0081370508042429e+00  1.0033311228599480e+00  9.8904540519113637e-01  1.0052793024606475e+00  -2.1378994234937752e-04  -4.6831672777718751e-04  1.9449991588279939e-04
5.6000000000010203e+01  9.9524010234278026e-01  6.8671998831482461e-01  1.0641367816518907e+00  9.9205802902156548e-01  7.2138271195720116e-01  1.0494735923390148e+00  7.6911140691025056e-05  -2.0644395262075701e-03  3.9109925086466817e-02  1.0000189097132168e+00  9.9549741277578152e-01  1.0082024811964647e+00  1.0033988037875567e+00  9.8892255630554160e-01  1.0053747526754400e+00  -2.1692726193414333e-04  -4.7390243684648786e-04  1.8946206045232530e-04
5.6200000000010299e+01  9.9530195445810687e-01  6.8285162290320656e-01  1.0640927054987863e+00  9.9208808391396408e-01  7.1842525495370180e-01  1.0493537760809661e+00  7.2605372235699675e-05  -2.0410764565143677e-03  3.9629179485380785e-02  1.0000388144062753e+00  9.9550278541575099e-01  1.0082684918468596e+00  1.0034675976070719e+00  9.8879561111067438e-01  1.0054693724420323e+00  -2.2011100729055886e-04  -4.7639395040562175e-04  1.8110020573807603e-04
5.6400000000010401e+01  9.9536729810130997e-01  6.7894006611575175e-01  1.0640470646734348e+00  9.9211864453096499e-01  7.1544726052264207e-01  1.0492321079292963e+00  6.8733082650504246e-05  -2.0207208957328110e-03  4.0147595974114859e-02  1.0000587971142911e+00  9.9550921944713400e-01  1.0083364339960301e+00  1.0035375206087900e+00  9.8866557435752112e-01  1.0055627668531799e+00  -2.2332947914053308e-04  -4.7805635391775820e-04  1.7617552160132036e-04
5.6600000000010503e+01  9.9543633949882870e-01  6.7498471859068421e-01  1.0639995405386995e+00  9.9214947630464567e-01  7.1244990873347713e-01  1.0491091782777338e+00  6.5259033560551060e-05  -2.0010781467309649e-03  4.0664416344443149e-02  1.0000788630615327e+00  9.9551643559991576e-01  1.0084048826278180e+00  1.0036085752192034e+00  9.8853354564607621e-01  1.0056559715094440e+00  -2.2652222139535127e-04  -4.8469663142653964e-04  1.7310409436066269e-04
5.6800000000010598e+01  9.9550924530438778e-01  6.7098526913576062e-01  1.0639498311189850e+00  9.9218039218553433e-01  7.0943421835808462e-01  1.0489856183775292e+00  6.2000894039050301e-05  -1.9818053679805845e-03  4.1181136912508680e-02  1.0000990384305617e+00  9.9552434294182257e-01  1.0084737193224549e+00  1.0036807290526881e+00  9.8840020567415543e-01  1.0057506556228724e+00  -2.2957980550550945e-04  -4.9140197413770055e-04  1.7172669584175030e-04
5.7000000000010701e+01  9.9558613415712083e-01  6.6694196718827070e-01  1.0638974406998025e+00  9.9221128061375952e-01  7.0640034100544691e-01  1.0488624342279214e+00  5.8801616554904985e-05  -1.9636751849296443e-03  4.1700710848058278e-02  1.0001193739212670e+00  9.9553314068199572e-01  1.0085436009796029e+00  1.0037539036251870e+00  9.8826563152238189e-01  1.0058476478183493e+00  -2.3239440212844943e-04  -4.9661470719693278e-04  1.6563597127887021e-04
5.7200000000010803e+01  9.9566711047308065e-01  6.6285528877074007e-01  1.0638415575119919e+00  9.9224206262834103e-01  7.0334740743908197e-01  1.0487412553596462e+00  5.5679405787038730e-05  -1.9468526453784627e-03  4.2224818126383401e-02  1.0001399313586865e+00  9.9554317269981019e-01  1.0086135085189227e+00  1.0038279909715566e+00  9.8812935723428452e-01  1.0059461684998254e+00  -2.3493975218374214e-04  -5.0024929983381113e-04  1.6861105560565689e-04
5.7400000000010898e+01  9.9575231024479793e-01  6.5872531754870189e-01  1.0637814286486509e+00  9.9227261723305371e-01  7.0027416161323230e-01  1.0486237723653449e+00  5.2823592172149172e-05  -1.9551819741624506e-03  4.2751912937320953e-02  1.0001607573096982e+00  9.9555464639805635e-01  1.0086824541923720e+00  1.0039028963922432e+00  9.8799064715412133e-01  1.0060444593216964e+00  -2.3730837597234629e-04  -5.0334771994476355e-04  1.6541101130111412e-04
5.7600000000011001e+01  9.9584192071562927e-01  6.5455152751328816e-01  1.0637170510089335e+00  9.9230273816868042e-01  6.9717980774793320e-01  1.0485105387398848e+00  5.0458044967684494e-05  -1.9691195537630993e-03  4.3278245605342928e-02  1.0001818629198411e+00  9.9556744666595354e-01  1.0087500095063997e+00  1.0039785782326680e+00  9.8784909709414004e-01  1.0061413231138094e+00  -2.3965685128443789e-04  -5.0464058847963806e-04  1.5946351738984601e-04
5.7800000000011103e+01  9.9593616225044568e-01  6.5033328257462275e-01  1.0636494683720459e+00  9.9233215125671670e-01  6.9406424611648077e-01  1.0484002755849378e+00  4.8702394181026221e-05  -1.9805894238722013e-03  4.3801142982915299e-02  1.0002032273400139e+00  9.9558121830353341e-01  1.0088168744303598e+00  1.0040550527027423e+00  9.8770544416933714e-01  1.0062367901387792e+00  -2.4209936905118746e-04  -5.1503873516890177e-04  1.5947495228189860e-04
5.8000000000011198e+01  9.9603525271627102e-01  6.4607064557748417e-01  1.0635802418308096e+00  9.9236056887201851e-01  6.9092746132881655e-01  1.0482905349061347e+00  4.7540244826388921e-05  -1.9901191708066612e-03  4.4321620529828944e-02  1.0002248215369769e+00  9.9559453949654819e-01  1.0088842920136192e+00  1.0041323617671409e+00  9.8756193853632590e-01  1.0063465023128684e+00  -2.4464540972176681e-04  -5.2375160563744539e-04  1.6106379267941085e-04
5.8200000000011300e+01  9.9613938505781052e-01  6.4176478232952716e-01  1.0635105139947219e+00  9.9238773320690843e-01  6.8776863745586092e-01  1.0481792149551814e+00  4.6901442440755708e-05  -1.9980508844450627e-03  4.4844142592468578e-02  1.0002466318438354e+00  9.9560873939660433e-01  1.0089506608011278e+00  1.0042105336425533e+00  9.8742158487807619e-01  1.0064602940290897e+00  -2.4722534605509886e-04  -5.3382257204404081e-04  1.6135605568804253e-04
5.8400000000011403e+01  9.9624873398382219e-01  6.3741764207421814e-01  1.0634404993909610e+00  9.9241341609145106e-01  6.8458580095043842e-01  1.0480655821531124e+00  4.6779726314044384e-05  -2.0100638587381555e-03  4.5374039120391271e-02  1.0002686680303980e+00  9.9562486531905481e-01  1.0090143714933864e+00  1.0042895631369304e+00  9.8728647230370548e-01  1.0065721327474100e+00  -2.4975104876226141e-04  -5.4066776373354428e-04  1.5839991839233190e-04
5.8600000000011498e+01  9.9636348356380844e-01  6.3303124197950211e-01  1.0633697080898263e+00  9.9243738028549688e-01  6.8137628363265790e-01  1.0479501343426691e+00  4.7293626933467552e-05  -2.0221016634307692e-03  4.5914913153232664e-02  1.0002909593819425e+00  9.9564222608360431e-01  1.0090787263474994e+00  1.0043694114063682e+00  9.8715652419816879e-01  1.0066807116657455e+00  -2.5214593367307056e-04  -5.4365600860005947e-04  1.5538035248424196e-04
5.8800000000011600e+01  9.9648385272980899e-01  6.2860715765673758e-01  1.0632974427437707e+00  9.9245933547988852e-01  6.7813760772794973e-01  1.0478339008012030e+00  4.8650809282301726e-05  -2.0316920830388652e-03  4.6467898558484044e-02  1.0003135478741396e+00  9.9565980476972693e-01  1.0091421296275964e+00  1.0044500128361042e+00  9.8702993745986911e-01  1.0067864299346314e+00  -2.5435785529612448e-04  -5.5024007428294299e-04  1.5596799749523083e-04
5.9000000000011703e+01  9.9661009912703391e-01  6.2414656728827411e-01  1.0632230391914983e+00  9.9247892339843435e-01  6.7486812003764207e-01  1.0477180417564640e+00  5.1048828788901484e-05  -2.0404343166579714e-03  4.7032863473310385e-02  1.0003364763270923e+00  9.9567671058609197e-01  1.0092035791703948e+00  1.0045312923428598e+00  9.8690507618740364e-01  1.0068908389156546e+00  -2.5640173574001358e-04  -5.6029872405992441e-04  1.5877222124116114e-04
5.9200000000011798e+01  9.9674249878793741e-01  6.1965073502249091e-01  1.0631458744028155e+00  9.9249574302021459e-01  6.7156695234008468e-01  1.0476037972950061e+00  5.4586362217766003e-05  -2.0503792935842586e-03  4.7610338418551890e-02  1.0003597668694226e+00  9.9569217815902078e-01  1.0092624723009378e+00  1.0046132019632976e+00  9.8678212828832679e-01  1.0069955108200341e+00  -2.5839972424527473e-04  -5.7245992029715455e-04  1.5971482913778483e-04
5.9400000000011900e+01  9.9688131617639408e-01  6.1512152213778970e-01  1.0630654754374858e+00  9.9250939827386220e-01  6.6823336447419035e-01  1.0474922757936123e+00  5.9243915861325962e-05  -2.0626596684083149e-03  4.8202736145460681e-02  1.0003834030082899e+00  9.9570286275941688e-01  1.0093191114792379e+00  1.0046957573163384e+00  9.8666306943610516e-01  1.0071011741587745e+00  -2.6052782330472136e-04  -5.8080418422508905e-04  1.5617189110098925e-04
5.9600000000012002e+01  9.9702678466898043e-01  6.1056152657312579e-01  1.0629817669130752e+00  9.9251953657545200e-01  6.6486590788974076e-01  1.0473839834683787e+00  6.4942395577001944e-05  -2.0780051110580260e-03  4.8813993499165126e-02  1.0004073394801978e+00  9.9571376132440248e-01  1.0093751108225240e+00  1.0047790319474812e+00  9.8655017364670738e-01  1.0072091883112237e+00  -2.6287237723174415e-04  -5.8260195473398575e-04  1.5558454765463446e-04
5.9800000000012098e+01  9.9717911017781158e-01  6.0597372585888176e-01  1.0628951658316343e+00  9.9252585322034914e-01  6.6146195035111099e-01  1.0472785621280287e+00  7.1643240335786678e-05  -2.0887281086473604e-03  4.9447747890709770e-02  1.0004315409782238e+00  9.9572510177752127e-01  1.0094315852993658e+00  1.0048630990627181e+00  9.8644456690040128e-01  1.0073166151397543e+00  -2.6533994265146363e-04  -5.8272612740392410e-04  1.6219058910808685e-04
6.0000000000012200e+01  9.9733849714097023e-01  6.0136087631561308e-01  1.0628063936347485e+00  9.9252805615402262e-01  6.5801786998394540e-01  1.0471750081539806e+00  7.9434928312115951e-05  -2.0958771807372011e-03  5.0105256610669731e-02  1.0004560163716656e+00  9.9573706110278304e-01  1.0094888674022438e+00  1.0049479689185494e+00  9.8634588501350240e-01  1.0074229676299060e+00  -2.6773299558823362e-04  -5.8507480891697083e-04  1.6691651253651412e-04
