# downsampled to dt=0.5 from the every-step stream
# time L2_Ham L2_Mom min_rho_req max_rho_req integral_neg_rho L2_Ham_rel L2_Mom_rel pump_force_L2 governor pump_fi_L2 L2_Ham_amr L2_Mom_amr L2_Ham_amr_rel L2_Mom_amr_rel Linf_Ham_amr L2_Ham_amr_ref
   0.0100000    2.0224812635e-04    2.8803653842e-07   -1.2919929468e-04    1.3136115867e-04    1.1813786008e-01    5.8465115182e-01    4.5184018446e-01    0.0000000000e+00    9.9999999992e-01    0.0000000000e+00    2.1182350129e-06    3.1731154209e-07    6.8510924258e-03    4.5183648136e-01    1.1575901239e-04    0.0000000000e+00
   0.5100000    1.0631481953e-04    1.3248442056e-06   -1.2814153205e-04    1.3034719471e-04    8.2881898579e-02    3.5441394136e-01    2.9700754766e-01    0.0000000000e+00    9.9999999992e-01    0.0000000000e+00    7.0816088325e-06    1.2421285718e-06    2.2910736444e-02    2.5773534589e-01    1.1216277237e-04    0.0000000000e+00
   1.0100000    6.4092343648e-05    1.7567275606e-06   -1.2756823832e-04    1.2991640721e-04    5.7405156007e-02    2.2280346827e-01    3.9185362964e-01    0.0000000000e+00    9.9999999992e-01    0.0000000000e+00    1.0543459937e-05    1.5434868325e-06    3.4108241881e-02    3.2825893489e-01    1.6848089097e-04    0.0000000000e+00
   1.5100000    4.8769166469e-05    1.9510114926e-06   -1.2598725094e-04    1.2866505312e-04    4.9476173719e-02    1.7134923884e-01    4.3001044409e-01    0.0000000000e+00    9.9999999992e-01    0.0000000000e+00    1.1236138245e-05    1.6910319659e-06    3.6349192830e-02    3.6212040698e-01    1.5078711560e-04    0.0000000000e+00
   2.0100000    3.7625238166e-05    1.8104209805e-06   -1.2365068241e-04    1.2661730441e-04    4.2859069238e-02    1.3298755245e-01    4.1742640761e-01    0.0000000000e+00    9.9999999992e-01    0.0000000000e+00    9.7080822213e-06    1.5653962355e-06    3.1411053794e-02    3.4971179526e-01    1.2493830408e-04    0.0000000000e+00
   2.5100000    2.6869528678e-05    1.5270870422e-06   -1.2395465419e-04    1.2717905702e-04    3.6565777451e-02    9.5398222424e-02    4.0943153692e-01    0.0000000000e+00    9.9999999993e-01    0.0000000000e+00    7.5500741563e-06    1.3423421059e-06    2.4436776844e-02    3.4515643348e-01    1.0072989408e-04    0.0000000000e+00
   3.0100000    1.8872363707e-05    1.2251731540e-06   -1.2412813533e-04    1.2788610075e-04    3.0253598518e-02    6.7178547651e-02    3.6797293719e-01    0.0000000000e+00    9.9999999993e-01    0.0000000000e+00    5.9353961957e-06    1.0967229554e-06    1.9218209364e-02    3.1079054244e-01    1.5366165914e-04    0.0000000000e+00
   3.5100000    1.4692988658e-05    9.9313723080e-07   -1.2587244913e-04    1.2945701959e-04    2.7042438801e-02    5.2359171036e-02    3.0474926203e-01    0.0000000000e+00    9.9999999993e-01    0.0000000000e+00    5.1453668112e-06    8.9732053725e-07    1.6664476925e-02    2.5655763654e-01    1.0058914973e-04    0.0000000000e+00
   4.0100000    1.2885131101e-05    8.6580023911e-07   -1.2469664013e-04    1.2801806933e-04    2.5712503289e-02    4.5935003871e-02    3.0003671230e-01    0.0000000000e+00    9.9999999993e-01    0.0000000000e+00    4.8918178686e-06    7.9063904064e-07    1.5844781569e-02    2.5514927072e-01    1.7332523798e-04    0.0000000000e+00
   4.5100000    1.1567957447e-05    7.6635438638e-07   -1.2497472821e-04    1.2741658229e-04    2.4897065284e-02    4.1244609163e-02    2.6998114808e-01    0.0000000000e+00    9.9999999993e-01    0.0000000000e+00    4.6264469486e-06    7.0037744383e-07    1.4984282691e-02    2.2869300374e-01    1.6294149680e-04    0.0000000000e+00
   5.0100000    1.0084057041e-05    6.6010690715e-07   -1.2535681146e-04    1.2699855327e-04    2.3923686490e-02    3.5957921010e-02    2.1049171140e-01    0.0000000000e+00    9.9999999993e-01    0.0000000000e+00    4.2433885664e-06    5.9876545842e-07    1.3742600763e-02    1.7557076877e-01    1.4218599185e-04    0.0000000000e+00
   5.5100000    8.5331773584e-06    5.7617601766e-07   -1.2491135374e-04    1.2603147990e-04    2.2744565402e-02    3.0433057327e-02    2.0957809756e-01    0.0000000000e+00    9.9999999993e-01    0.0000000000e+00    3.9070799235e-06    5.2825433312e-07    1.2653493897e-02    1.7654596300e-01    1.7145448845e-04    0.0000000000e+00
   6.0100000    7.0803719120e-06    4.9150185751e-07   -1.2502269478e-04    1.2605980178e-04    2.1553623182e-02    2.5256225916e-02    1.7717359848e-01    0.0000000000e+00    9.9999999993e-01    0.0000000000e+00    3.5515811201e-06    4.5542158976e-07    1.1502728271e-02    1.5024421498e-01    1.7282150292e-04    0.0000000000e+00
   6.5100000    5.9038453774e-06    4.2226481798e-07   -1.2473394861e-04    1.2625968889e-04    2.0539697651e-02    2.1064546594e-02    1.5268329042e-01    0.0000000000e+00    9.9999999993e-01    0.0000000000e+00    3.2718437912e-06    3.9852602302e-07    1.0598358276e-02    1.3153260309e-01    1.8095172220e-04    0.0000000000e+00
   7.0100000    5.0763267276e-06    3.8833253799e-07   -1.2427298213e-04    1.2646471934e-04    1.9753347098e-02    1.8116629861e-02    1.5007844236e-01    0.0000000000e+00    9.9999999993e-01    0.0000000000e+00    3.0988119411e-06    3.8043978758e-07    1.0039899665e-02    1.3403877850e-01    1.8876323631e-04    0.0000000000e+00
   7.5100000    4.5476458714e-06    3.5127867588e-07   -1.2389209828e-04    1.2660127444e-04    1.9196552607e-02    1.6232560855e-02    1.3700556379e-01    0.0000000000e+00    9.9999999993e-01    0.0000000000e+00    2.9738319819e-06    3.5218949179e-07    9.6363109061e-03    1.2506955786e-01    1.9556025900e-04    0.0000000000e+00
   8.0100000    4.2569365970e-06    3.2035315573e-07   -1.2361552403e-04    1.2645970120e-04    1.8826351257e-02    1.5196284680e-02    1.2360064529e-01    0.0000000000e+00    9.9999999993e-01    0.0000000000e+00    2.9187559736e-06    3.2689025334e-07    9.4585739462e-03    1.1473444809e-01    2.0212880649e-04    0.0000000000e+00
   8.5100000    4.1101134270e-06    3.0681694638e-07   -1.2349988820e-04    1.2604203086e-04    1.8593474105e-02    1.4672755527e-02    1.1930495653e-01    0.0000000000e+00    9.9999999993e-01    0.0000000000e+00    2.9066008614e-06    3.1890628251e-07    9.4194961670e-03    1.1275038674e-01    2.0829263756e-04    0.0000000000e+00
   9.0100000    4.0315079501e-06    2.9687606804e-07   -1.2351975101e-04    1.2553088386e-04    1.8452232804e-02    1.4391987273e-02    1.1708141999e-01    0.0000000000e+00    9.9999999993e-01    0.0000000000e+00    2.9099835652e-06    3.1266625459e-07    9.4303186288e-03    1.1207883441e-01    2.1320469837e-04    0.0000000000e+00
   9.5100000    3.9850359760e-06    2.8732347170e-07   -1.2356635285e-04    1.2514211754e-04    1.8363639947e-02    1.4225381294e-02    1.1511997466e-01    0.0000000000e+00    9.9999999993e-01    0.0000000000e+00    2.9256691169e-06    3.0527701624e-07    9.4806523043e-03    1.1114784717e-01    2.1777740029e-04    0.0000000000e+00
  10.0100000    3.9529819437e-06    2.8009257601e-07   -1.2354617248e-04    1.2503347642e-04    1.8295549795e-02    1.4110051758e-02    1.1326344416e-01    0.0000000000e+00    9.9999999993e-01    0.0000000000e+00    2.9495239438e-06    2.9950862674e-07    9.5573175966e-03    1.1003848336e-01    2.2291296078e-04    0.0000000000e+00
  10.5100000    3.9283296100e-06    2.7426811630e-07   -1.2341734605e-04    1.2521611703e-04    1.8232649674e-02    1.4021212109e-02    1.1112198944e-01    0.0000000000e+00    9.9999999993e-01    0.0000000000e+00    2.9782829835e-06    2.9465940065e-07    9.6499038422e-03    1.0844928417e-01    2.2883662973e-04    0.0000000000e+00
  11.0100000    3.9098846266e-06    2.6956401515e-07   -1.2320741132e-04    1.2552911281e-04    1.8170691625e-02    1.3954630740e-02    1.0939193438e-01    0.0000000000e+00    9.9999999993e-01    0.0000000000e+00    3.0110852489e-06    2.9062779139e-07    9.7556451402e-03    1.0712493963e-01    2.3547856703e-04    0.0000000000e+00
  11.5100000    3.8976822066e-06    2.6631881569e-07   -1.2299688734e-04    1.2574345641e-04    1.8109705762e-02    1.3910260811e-02    1.0876862949e-01    0.0000000000e+00    9.9999999993e-01    0.0000000000e+00    3.0470565088e-06    2.8792947342e-07    9.8715904430e-03    1.0680182614e-01    2.4180742502e-04    0.0000000000e+00
  12.0100000    3.8915131979e-06    2.6408977223e-07   -1.2285841548e-04    1.2568926007e-04    1.8053140280e-02    1.3887117066e-02    1.0825945392e-01    0.0000000000e+00    9.9999999993e-01    0.0000000000e+00    3.0851590221e-06    2.8615265236e-07    9.9942048866e-03    1.0653002588e-01    2.4672695820e-04    0.0000000000e+00
  12.5100000    3.8910575639e-06    2.6225832324e-07   -1.2281872932e-04    1.2534259666e-04    1.8002529349e-02    1.3883925256e-02    1.0707947040e-01    0.0000000000e+00    9.9999999993e-01    0.0000000000e+00    3.1248959496e-06    2.8467254544e-07    1.0121775514e-02    1.0555259949e-01    2.5029845136e-04    0.0000000000e+00
  13.0100000    3.8959496316e-06    2.6043259594e-07   -1.2285298401e-04    1.2484864911e-04    1.7957445200e-02    1.3899473508e-02    1.0580887947e-01    0.0000000000e+00    9.9999999993e-01    0.0000000000e+00    3.1663597940e-06    2.8309049091e-07    1.0254661128e-02    1.0444427692e-01    2.5320388956e-04    0.0000000000e+00
  13.5100000    3.9055396689e-06    2.5842266244e-07   -1.2289605133e-04    1.2444123782e-04    1.7917035100e-02    1.3931744286e-02    1.0563934544e-01    0.0000000000e+00    9.9999999993e-01    0.0000000000e+00    3.2096403409e-06    2.8119914784e-07    1.0393370726e-02    1.0440778989e-01    2.5608547626e-04    0.0000000000e+00
  14.0100000    3.9190931330e-06    2.5655254055e-07   -1.2287747852e-04    1.2429938667e-04    1.7880685796e-02    1.3978452013e-02    1.0609054917e-01    0.0000000000e+00    9.9999999993e-01    0.0000000000e+00    3.2542514302e-06    2.7934414045e-07    1.0536584148e-02    1.0497954509e-01    2.5955304473e-04    0.0000000000e+00
  14.5100000    3.9364197734e-06    2.5539231978e-07   -1.2276487563e-04    1.2444449649e-04    1.7848963676e-02    1.4039067561e-02    1.0629129458e-01    0.0000000000e+00    9.9999999993e-01    0.0000000000e+00    3.2997892398e-06    2.7797688620e-07    1.0683117245e-02    1.0517452264e-01    2.6393434316e-04    0.0000000000e+00
  15.0100000    3.9572560911e-06    2.5498517474e-07   -1.2258272485e-04    1.2473586930e-04    1.7822164018e-02    1.4112514861e-02    1.0645583928e-01    0.0000000000e+00    9.9999999993e-01    0.0000000000e+00    3.3466081208e-06    2.7720448767e-07    1.0834024012e-02    1.0528700107e-01    2.6890583740e-04    0.0000000000e+00
  15.5100000    3.9801277111e-06    2.5492690225e-07   -1.2239543318e-04    1.2495531165e-04    1.7798236152e-02    1.4193194986e-02    1.0666274603e-01    0.0000000000e+00    9.9999999993e-01    0.0000000000e+00    3.3950540978e-06    2.7672632860e-07    1.0990167047e-02    1.0540420632e-01    2.7366342499e-04    0.0000000000e+00
  16.0100000    4.0035983959e-06    2.5566636409e-07   -1.2226895326e-04    1.2493274911e-04    1.7774297972e-02    1.4275630925e-02    1.0674514325e-01    0.0000000000e+00    9.9999999993e-01    0.0000000000e+00    3.4445109882e-06    2.7676115181e-07    1.1149273194e-02    1.0523074499e-01    2.7746854711e-04    0.0000000000e+00
  16.5100000    4.0283982940e-06    2.5693169108e-07   -1.2223383907e-04    1.2464353425e-04    1.7750013939e-02    1.4362242023e-02    1.0683798118e-01    0.0000000000e+00    9.9999999993e-01    0.0000000000e+00    3.4939708930e-06    2.7724289953e-07    1.1307928742e-02    1.0501024692e-01    2.8009132445e-04    0.0000000000e+00
  17.0100000    4.0563374578e-06    2.5787944707e-07   -1.2226950393e-04    1.2421929036e-04    1.7727274437e-02    1.4459563344e-02    1.0708348488e-01    0.0000000000e+00    9.9999999993e-01    0.0000000000e+00    3.5429572078e-06    2.7753298613e-07    1.1464649555e-02    1.0508101553e-01    2.8193705994e-04    0.0000000000e+00
  17.5100000    4.0880080504e-06    2.5846074504e-07   -1.2231789240e-04    1.2386665377e-04    1.7707800823e-02    1.4570008236e-02    1.0799195977e-01    0.0000000000e+00    9.9999999993e-01    0.0000000000e+00    3.5915719596e-06    2.7741446390e-07    1.1620005178e-02    1.0582696898e-01    2.8379922104e-04    0.0000000000e+00
  18.0100000    4.1223159029e-06    2.5961709703e-07   -1.2231789326e-04    1.2374557484e-04    1.7693331907e-02    1.4690023686e-02    1.1004600167e-01    0.0000000000e+00    9.9999999993e-01    0.0000000000e+00    3.6402488377e-06    2.7714453096e-07    1.1775679160e-02    1.0739158763e-01    2.8636271141e-04    0.0000000000e+00
  18.5100000    4.1573642635e-06    2.6137202199e-07   -1.2223997120e-04    1.2387925040e-04    1.7683159069e-02    1.4813028084e-02    1.1201323978e-01    0.0000000000e+00    9.9999999993e-01    0.0000000000e+00    3.6892963897e-06    2.7741956035e-07    1.1932816434e-02    1.0902503887e-01    2.8980388444e-04    0.0000000000e+00
  19.0100000    4.1914790647e-06    2.6372079598e-07   -1.2210153765e-04    1.2414496233e-04    1.7672140476e-02    1.4932957064e-02    1.1378802184e-01    0.0000000000e+00    9.9999999993e-01    0.0000000000e+00    3.7387575697e-06    2.7787608446e-07    1.2091478631e-02    1.1018233859e-01    2.9374101022e-04    0.0000000000e+00
  19.5100000    4.2243573523e-06    2.6784097451e-07   -1.2195502089e-04    1.2434871863e-04    1.7657522543e-02    1.5048425283e-02    1.1614837956e-01    0.0000000000e+00    9.9999999993e-01    0.0000000000e+00    3.7884425354e-06    2.7927065479e-07    1.2250804596e-02    1.1146584196e-01    2.9749327254e-04    0.0000000000e+00
  20.0100000    4.2573021350e-06    2.7198340810e-07   -1.2185633532e-04    1.2433943651e-04    1.7641701261e-02    1.5163751430e-02    1.1832836487e-01    0.0000000000e+00    9.9999999993e-01    0.0000000000e+00    3.8381413618e-06    2.8100468241e-07    1.2409850713e-02    1.1265716330e-01    3.0045367590e-04    0.0000000000e+00
  20.5100000    4.2920938367e-06    2.7569938677e-07   -1.2183259339e-04    1.2409530580e-04    1.7629392366e-02    1.5285120720e-02    1.1974646735e-01    0.0000000000e+00    9.9999999993e-01    0.0000000000e+00    3.8874493676e-06    2.8225363411e-07    1.2567178001e-02    1.1300843295e-01    3.0242879520e-04    0.0000000000e+00
  21.0100000    4.3300377858e-06    2.7911236348e-07   -1.2186763896e-04    1.2373125606e-04    1.7622541633e-02    1.5417275299e-02    1.2124656655e-01    0.0000000000e+00    9.9999999993e-01    0.0000000000e+00    3.9361122664e-06    2.8340264284e-07    1.2722041414e-02    1.1353164333e-01    3.0375644635e-04    0.0000000000e+00
  21.5100000    4.3707063312e-06    2.8185892405e-07   -1.2191321290e-04    1.2342687295e-04    1.7622047207e-02    1.5558983100e-02    1.2407216165e-01    0.0000000000e+00    9.9999999993e-01    0.0000000000e+00    3.9842352616e-06    2.8412525377e-07    1.2875023976e-02    1.1546891457e-01    3.0511609519e-04    0.0000000000e+00
  22.0100000    4.4123046423e-06    2.8447326375e-07   -1.2191772944e-04    1.2332043261e-04    1.7624085009e-02    1.5704173431e-02    1.2699443859e-01    0.0000000000e+00    9.9999999993e-01    0.0000000000e+00    4.0318840300e-06    2.8452773269e-07    1.3026605091e-02    1.1743658106e-01    3.0709689966e-04    0.0000000000e+00
  22.5100000    4.4531172413e-06    2.8736477941e-07   -1.2185590616e-04    1.2343221090e-04    1.7624978378e-02    1.5846892776e-02    1.2965845253e-01    0.0000000000e+00    9.9999999993e-01    0.0000000000e+00    4.0792649088e-06    2.8515891155e-07    1.3177579387e-02    1.1920632416e-01    3.0985770804e-04    0.0000000000e+00
  23.0100000    4.4920229764e-06    2.9052401335e-07   -1.2174172611e-04    1.2365825673e-04    1.7623053612e-02    1.5983046039e-02    1.3236374714e-01    0.0000000000e+00    9.9999999993e-01    0.0000000000e+00    4.1268864789e-06    2.8612735000e-07    1.3329501642e-02    1.2112685069e-01    3.1306997727e-04    0.0000000000e+00
  23.5100000    4.5286348440e-06    2.9453037744e-07   -1.2161902267e-04    1.2383463718e-04    1.7616711537e-02    1.6110966940e-02    1.3533703409e-01    0.0000000000e+00    9.9999999993e-01    0.0000000000e+00    4.1748815537e-06    2.8742405113e-07    1.3482557159e-02    1.2297665319e-01    3.1612834791e-04    0.0000000000e+00
  24.0100000    4.5638821284e-06    2.9910522683e-07   -1.2153542793e-04    1.2383373763e-04    1.7608021110e-02    1.6233665868e-02    1.3830152752e-01    0.0000000000e+00    9.9999999993e-01    0.0000000000e+00    4.2225963158e-06    2.8903979835e-07    1.3634384102e-02    1.2480090299e-01    3.1851468765e-04    0.0000000000e+00
  24.5100000    4.5990267242e-06    3.0357196585e-07   -1.2151505779e-04    1.2363549899e-04    1.7599609006e-02    1.6355495823e-02    1.4056242134e-01    0.0000000000e+00    9.9999999993e-01    0.0000000000e+00    4.2687840196e-06    2.9075283857e-07    1.3780841269e-02    1.2619045545e-01    3.2008310549e-04    0.0000000000e+00
  25.0100000    4.6352246752e-06    3.0804113755e-07   -1.2154543213e-04    1.2333410236e-04    1.7596643404e-02    1.6480660671e-02    1.4375265046e-01    0.0000000000e+00    9.9999999993e-01    0.0000000000e+00    4.3135321158e-06    2.9226915276e-07    1.3922289888e-02    1.2811161518e-01    3.2114111112e-04    0.0000000000e+00
  25.5100000    4.6729309253e-06    3.1283177391e-07   -1.2158579791e-04    1.2307851713e-04    1.7600080889e-02    1.6611041282e-02    1.4797446690e-01    0.0000000000e+00    9.9999999993e-01    0.0000000000e+00    4.3582334991e-06    2.9377134006e-07    1.4063450164e-02    1.3093266698e-01    3.2224579370e-04    0.0000000000e+00
  26.0100000    4.7109296989e-06    3.1615827059e-07   -1.2159188342e-04    1.2298491966e-04    1.7603667618e-02    1.6742597328e-02    1.5189776180e-01    0.0000000000e+00    9.9999999993e-01    0.0000000000e+00    4.4036211662e-06    2.9525701280e-07    1.4206926034e-02    1.3414016221e-01    3.2386473677e-04    0.0000000000e+00
  26.5100000    4.7481978813e-06    3.1938800570e-07   -1.2154165716e-04    1.2307271692e-04    1.7600168513e-02    1.6871826112e-02    1.5578194773e-01    0.0000000000e+00    9.9999999993e-01    0.0000000000e+00    4.4491920233e-06    2.9635476794e-07    1.4351207352e-02    1.3693164019e-01    3.2612399892e-04    0.0000000000e+00
  27.0100000    4.7852978659e-06    3.2234758605e-07   -1.2144666930e-04    1.2325865165e-04    1.7593587948e-02    1.7000635906e-02    1.5965569168e-01    0.0000000000e+00    9.9999999993e-01    0.0000000000e+00    4.4945204456e-06    2.9748056117e-07    1.4494846050e-02    1.3965799819e-01    3.2876055912e-04    0.0000000000e+00
  27.5100000    4.8221046749e-06    3.2591294005e-07   -1.2134358210e-04    1.2340896144e-04    1.7587713873e-02    1.7128335648e-02    1.6345129034e-01    0.0000000000e+00    9.9999999993e-01    0.0000000000e+00    4.5391972781e-06    2.9830309653e-07    1.4636313301e-02    1.4181793403e-01    3.3128944070e-04    0.0000000000e+00
  28.0100000    4.8585764750e-06    3.2772082603e-07   -1.2127227849e-04    1.2341721361e-04    1.7588368212e-02    1.7254524985e-02    1.6539436259e-01    0.0000000000e+00    9.9999999993e-01    0.0000000000e+00    4.5827016193e-06    2.9982578135e-07    1.4773715061e-02    1.4331454405e-01    3.3328577498e-04    0.0000000000e+00
  28.5100000    4.8944185386e-06    3.2845919818e-07   -1.2125336101e-04    1.2326289805e-04    1.7593960577e-02    1.7378042463e-02    1.6630018326e-01    0.0000000000e+00    9.9999999993e-01    0.0000000000e+00    4.6256214122e-06    3.0142655635e-07    1.4908847239e-02    1.4428113806e-01    3.3462799359e-04    0.0000000000e+00
  29.0100000    4.9300153233e-06    3.2796051455e-07   -1.2127724509e-04    1.2301853888e-04    1.7606978647e-02    1.7500331703e-02    1.6797420069e-01    0.0000000000e+00    9.9999999993e-01    0.0000000000e+00    4.6688315794e-06    3.0120697843e-07    1.5044594723e-02    1.4556256230e-01    3.3555381527e-04    0.0000000000e+00
  29.5100000    4.9653344471e-06    3.2811800228e-07   -1.2131057380e-04    1.2280382124e-04    1.7615920304e-02    1.7621500514e-02    1.6954612533e-01    0.0000000000e+00    9.9999999993e-01    0.0000000000e+00    4.7122002496e-06    3.0019222355e-07    1.5180721862e-02    1.4626209651e-01    3.3650428178e-04    0.0000000000e+00
  30.0100000    5.0013127570e-06    3.2720568154e-07   -1.2131607138e-04    1.2271583132e-04    1.7616500858e-02    1.7745109856e-02    1.7083851980e-01    0.0000000000e+00    9.9999999993e-01    0.0000000000e+00    4.7550447544e-06    3.0041473432e-07    1.5315234488e-02    1.4780480863e-01    3.3786013425e-04    0.0000000000e+00
  30.5100000    5.0388165905e-06    3.2593033633e-07   -1.2127413423e-04    1.2277625191e-04    1.7616326498e-02    1.7874346660e-02    1.7303551817e-01    0.0000000000e+00    9.9999999993e-01    0.0000000000e+00    4.7977314049e-06    3.0074868975e-07    1.5449414437e-02    1.5030295779e-01    3.3973108274e-04    0.0000000000e+00
  31.0100000    5.0758745992e-06    3.2600215159e-07   -1.2119342831e-04    1.2292352802e-04    1.7619317113e-02    1.8002152803e-02    1.7582832306e-01    0.0000000000e+00    9.9999999993e-01    0.0000000000e+00    4.8400182427e-06    3.0025713181e-07    1.5582427834e-02    1.5234245449e-01    3.4191450374e-04    0.0000000000e+00
  31.5100000    5.1093335110e-06    3.2694251658e-07   -1.2110462585e-04    1.2305133025e-04    1.7616770523e-02    1.8117153424e-02    1.7600428061e-01    0.0000000000e+00    9.9999999993e-01    0.0000000000e+00    4.8808872163e-06    3.0066672611e-07    1.5710828149e-02    1.5214636479e-01    3.4403400870e-04    0.0000000000e+00
  32.0100000    5.1390134872e-06    3.2533220188e-07   -1.2104180763e-04    1.2306980803e-04    1.7615395827e-02    1.8218508002e-02    1.7552660766e-01    0.0000000000e+00    9.9999999993e-01    0.0000000000e+00    4.9210688847e-06    3.0139382789e-07    1.5836785232e-02    1.5257535887e-01    3.4575886274e-04    0.0000000000e+00
  32.5100000    5.1657146023e-06    3.2586674199e-07   -1.2102301500e-04    1.2295480009e-04    1.7616971125e-02    1.8308953185e-02    1.7647286925e-01    0.0000000000e+00    9.9999999993e-01    0.0000000000e+00    4.9610443400e-06    3.0115900037e-07    1.5961753570e-02    1.5277769326e-01    3.4697783009e-04    0.0000000000e+00
  33.0100000    5.1919568430e-06    3.2580159212e-07   -1.2104088205e-04    1.2275794762e-04    1.7618899585e-02    1.8397472697e-02    1.7637567615e-01    0.0000000000e+00    9.9999999993e-01    0.0000000000e+00    5.0009940566e-06    3.0124914639e-07    1.6086355318e-02    1.5256658365e-01    3.4784586173e-04    0.0000000000e+00
  33.5100000    5.2196479208e-06    3.2497802491e-07   -1.2106779883e-04    1.2257388499e-04    1.7619060470e-02    1.8490996670e-02    1.7593026631e-01    0.0000000000e+00    9.9999999993e-01    0.0000000000e+00    5.0408941901e-06    3.0190696530e-07    1.6210663665e-02    1.5273095074e-01    3.4868961474e-04    0.0000000000e+00
  34.0100000    5.2502560683e-06    3.2269961889e-07   -1.2107216526e-04    1.2248545450e-04    1.7616319964e-02    1.8594916601e-02    1.7649115048e-01    0.0000000000e+00    9.9999999993e-01    0.0000000000e+00    5.0808559227e-06    3.0223772251e-07    1.6335208753e-02    1.5415800135e-01    3.4982218774e-04    0.0000000000e+00
  34.5100000    5.2822679967e-06    3.2285771399e-07   -1.2103655696e-04    1.2251880344e-04    1.7613533471e-02    1.8703979960e-02    1.7883881801e-01    0.0000000000e+00    9.9999999993e-01    0.0000000000e+00    5.1210935506e-06    3.0080103075e-07    1.6460777909e-02    1.5524749733e-01    3.5136756412e-04    0.0000000000e+00
  35.0100000    5.3131402651e-06    3.2311280010e-07   -1.2096738003e-04    1.2263212326e-04    1.7609396115e-02    1.8809151327e-02    1.7864966556e-01    0.0000000000e+00    9.9999999993e-01    0.0000000000e+00    5.1595661957e-06    3.0071636586e-07    1.6580787466e-02    1.5486832443e-01    3.5319771477e-04    0.0000000000e+00
  35.5100000    5.3433548997e-06    3.1932133321e-07   -1.2089031002e-04    1.2274183962e-04    1.7605767426e-02    1.8911990925e-02    1.7741411252e-01    0.0000000000e+00    9.9999999993e-01    0.0000000000e+00    5.1974207240e-06    3.0227519017e-07    1.6698795196e-02    1.5595609285e-01    3.5501843765e-04    0.0000000000e+00
  36.0100000    5.3725088994e-06    3.1998284423e-07   -1.2083456337e-04    1.2277015797e-04    1.7604836906e-02    1.9010897003e-02    1.7737617634e-01    0.0000000000e+00    9.9999999993e-01    0.0000000000e+00    5.2356466552e-06    3.0143554755e-07    1.6817822981e-02    1.5497692211e-01    3.5654905974e-04    0.0000000000e+00
  36.5100000    5.4013784252e-06    3.1836295698e-07   -1.2081595719e-04    1.2268750528e-04    1.7611028989e-02    1.9108505618e-02    1.7516697481e-01    0.0000000000e+00    9.9999999993e-01    0.0000000000e+00    5.2731203232e-06    3.0130405045e-07    1.6934163088e-02    1.5352994824e-01    3.5767845058e-04    0.0000000000e+00
  37.0100000    5.4306387211e-06    3.1507246374e-07   -1.2082876458e-04    1.2252697774e-04    1.7611725152e-02    1.9207216958e-02    1.7327971092e-01    0.0000000000e+00    9.9999999993e-01    0.0000000000e+00    5.3112101888e-06    3.0177316782e-07    1.7052219205e-02    1.5333162368e-01    3.5850591186e-04    0.0000000000e+00
  37.5100000    5.4598721913e-06    3.1548702175e-07   -1.2085011794e-04    1.2236359487e-04    1.7613051146e-02    1.9305680620e-02    1.7193491912e-01    0.0000000000e+00    9.9999999993e-01    0.0000000000e+00    5.3487981870e-06    3.0104224262e-07    1.7168513723e-02    1.5145117558e-01    3.5926680723e-04    0.0000000000e+00
  38.0100000    5.4896688658e-06    3.1130650400e-07   -1.2085340929e-04    1.2227097499e-04    1.7617470889e-02    1.9406151109e-02    1.7059134465e-01    0.0000000000e+00    9.9999999993e-01    0.0000000000e+00    5.3857772342e-06    3.0122346165e-07    1.7282854853e-02    1.5202182554e-01    3.6020904664e-04    0.0000000000e+00
  38.5100000    5.5181067389e-06    3.1055514031e-07   -1.2082318506e-04    1.2228065539e-04    1.7615177704e-02    1.9501953085e-02    1.7077726740e-01    0.0000000000e+00    9.9999999993e-01    0.0000000000e+00    5.4225376026e-06    2.9985856268e-07    1.7396599767e-02    1.5177742719e-01    3.6147394576e-04    0.0000000000e+00
  39.0100000    5.5452408409e-06    3.0831505228e-07   -1.2076370095e-04    1.2236663601e-04    1.7614144142e-02    1.9593285062e-02    1.6844313894e-01    0.0000000000e+00    9.9999999993e-01    0.0000000000e+00    5.4581456713e-06    2.9971652715e-07    1.7506756693e-02    1.5052761406e-01    3.6301869912e-04    0.0000000000e+00
  39.5100000    5.5717658019e-06    3.0558056663e-07   -1.2069619615e-04    1.2246216276e-04    1.7614527755e-02    1.9682494465e-02    1.6718404833e-01    0.0000000000e+00    9.9999999993e-01    0.0000000000e+00    5.4940859948e-06    2.9953987540e-07    1.7617990833e-02    1.5044063685e-01    3.6462634945e-04    0.0000000000e+00
  40.0100000    5.5980857027e-06    3.0543454329e-07   -1.2064614262e-04    1.2249785548e-04    1.7613861317e-02    1.9770854853e-02    1.6652834056e-01    0.0000000000e+00    9.9999999993e-01    0.0000000000e+00    5.5297009578e-06    2.9938132837e-07    1.7728055595e-02    1.4976749445e-01    3.6602623063e-04    0.0000000000e+00
  40.5100000    5.6252717838e-06    3.0291680009e-07   -1.2062801983e-04    1.2243956098e-04    1.7614487703e-02    1.9862028819e-02    1.6406729983e-01    0.0000000000e+00    9.9999999993e-01    0.0000000000e+00    5.5648930262e-06    2.9966732801e-07    1.7836532085e-02    1.4875211798e-01    3.6706827784e-04    0.0000000000e+00
  41.0100000    5.6529966381e-06    3.0215446269e-07   -1.2063718893e-04    1.2230579753e-04    1.7614738879e-02    1.9954837255e-02    1.6209176943e-01    0.0000000000e+00    9.9999999993e-01    0.0000000000e+00    5.5998020243e-06    2.9967957643e-07    1.7943849018e-02    1.4721629636e-01    3.6782138745e-04    0.0000000000e+00
  41.5100000    5.6810521967e-06    3.0030717091e-07   -1.2065389713e-04    1.2215650240e-04    1.7615259879e-02    2.0048633658e-02    1.5942472664e-01    0.0000000000e+00    9.9999999993e-01    0.0000000000e+00    5.6341992471e-06    2.9990330015e-07    1.8049353981e-02    1.4567664930e-01    3.6849903719e-04    0.0000000000e+00
  42.0100000    5.7089323864e-06    2.9810706259e-07   -1.2065557283e-04    1.2205914102e-04    1.7618480441e-02    2.0141784383e-02    1.5856120722e-01    0.0000000000e+00    9.9999999993e-01    0.0000000000e+00    5.6688320751e-06    2.9882903711e-07    1.8155577751e-02    1.4532807663e-01    3.6930758759e-04    0.0000000000e+00
  42.5100000    5.7355834755e-06    2.9767707453e-07   -1.2062913293e-04    1.2205041837e-04    1.7617801547e-02    2.0230702837e-02    1.5798549825e-01    0.0000000000e+00    9.9999999993e-01    0.0000000000e+00    5.7025906479e-06    2.9802753852e-07    1.8259083008e-02    1.4469353001e-01    3.7036588354e-04    0.0000000000e+00
  43.0100000    5.7620122277e-06    2.9460617750e-07   -1.2057766210e-04    1.2211622258e-04    1.7616286597e-02    2.0318970668e-02    1.5612617122e-01    0.0000000000e+00    9.9999999993e-01    0.0000000000e+00    5.7361474860e-06    2.9842850813e-07    1.8362051239e-02    1.4467174265e-01    3.7167118248e-04    0.0000000000e+00
  43.5100000    5.7884036507e-06    2.9380203853e-07   -1.2051855267e-04    1.2220129295e-04    1.7614639204e-02    2.0407156764e-02    1.5527944437e-01    0.0000000000e+00    9.9999999993e-01    0.0000000000e+00    5.7698935408e-06    2.9752376832e-07    1.8465658574e-02    1.4394947258e-01    3.7307756648e-04    0.0000000000e+00
  44.0100000    5.8147255835e-06    2.9344843595e-07   -1.2047327511e-04    1.2224132192e-04    1.7610740922e-02    2.0495002021e-02    1.5453083274e-01    0.0000000000e+00    9.9999999993e-01    0.0000000000e+00    5.8029501094e-06    2.9757730807e-07    1.8566962206e-02    1.4330359255e-01    3.7436137527e-04    0.0000000000e+00
  44.5100000    5.8416006841e-06    2.9209240736e-07   -1.2045472679e-04    1.2219892619e-04    1.7607949217e-02    2.0584572991e-02    1.5329809591e-01    0.0000000000e+00    9.9999999993e-01    0.0000000000e+00    5.8358641134e-06    2.9830657873e-07    1.8667597446e-02    1.4298895834e-01    3.7535663481e-04    0.0000000000e+00
  45.0100000    5.8690664883e-06    2.9164626011e-07   -1.2046003542e-04    1.2208387519e-04    1.7609514393e-02    2.0675959551e-02    1.5138206733e-01    0.0000000000e+00    9.9999999993e-01    0.0000000000e+00    5.8686143722e-06    2.9821612391e-07    1.8767459382e-02    1.4153376927e-01    3.7605621394e-04    0.0000000000e+00
  45.5100000    5.8964543047e-06    2.9053951785e-07   -1.2047271167e-04    1.2194637901e-04    1.7619140609e-02    2.0766872776e-02    1.4916045937e-01    0.0000000000e+00    9.9999999993e-01    0.0000000000e+00    5.9008899951e-06    2.9839750382e-07    1.8865614986e-02    1.4011904278e-01    3.7662215769e-04    0.0000000000e+00
  46.0100000    5.9230598795e-06    2.9060553332e-07   -1.2047270550e-04    1.2184795980e-04    1.7632890972e-02    2.0854973157e-02    1.4878560147e-01    0.0000000000e+00    9.9999999993e-01    0.0000000000e+00    5.9330047379e-06    2.9875645627e-07    1.8963193882e-02    1.3974968571e-01    3.7728694460e-04    0.0000000000e+00
  46.5100000    5.9486031410e-06    2.9106602995e-07   -1.2044824498e-04    1.2182690280e-04    1.7645133694e-02    2.0939410714e-02    1.4922316391e-01    0.0000000000e+00    9.9999999993e-01    0.0000000000e+00    5.9651232174e-06    2.9896056819e-07    1.9060843546e-02    1.3989723839e-01    3.7820311022e-04    0.0000000000e+00
  47.0100000    5.9726766706e-06    2.9020867890e-07   -1.2040216280e-04    1.2187725523e-04    1.7652441814e-02    2.1018805662e-02    1.4900843152e-01    0.0000000000e+00    9.9999999993e-01    0.0000000000e+00    5.9971298670e-06    2.9856310075e-07    1.9158241201e-02    1.3983162223e-01    3.7935926553e-04    0.0000000000e+00
  47.5100000    5.9955363106e-06    2.8849921681e-07   -1.2034943955e-04    1.2195286756e-04    1.7654869392e-02    2.1093999171e-02    1.4779367344e-01    0.0000000000e+00    9.9999999993e-01    0.0000000000e+00    6.0286160721e-06    2.9792738097e-07    1.9254026098e-02    1.3911684073e-01    3.8060565025e-04    0.0000000000e+00
  48.0100000    6.0184140838e-06    2.8712966010e-07   -1.2030803478e-04    1.2199414341e-04    1.7654509044e-02    2.1169187299e-02    1.4611467071e-01    0.0000000000e+00    9.9999999993e-01    0.0000000000e+00    6.0595340469e-06    2.9756628271e-07    1.9347920552e-02    1.3795177477e-01    3.8175018628e-04    0.0000000000e+00
  48.5100000    6.0423671260e-06    2.8653245665e-07   -1.2028863444e-04    1.2196222037e-04    1.7652866532e-02    2.1247952092e-02    1.4437013879e-01    0.0000000000e+00    9.9999999993e-01    0.0000000000e+00    6.0900956964e-06    2.9752525653e-07    1.9440479718e-02    1.3653694327e-01    3.8266150888e-04    0.0000000000e+00
  49.0100000    6.0675725233e-06    2.8598010586e-07   -1.2028921211e-04    1.2186102693e-04    1.7653669137e-02    2.1330860845e-02    1.4257201429e-01    0.0000000000e+00    9.9999999993e-01    0.0000000000e+00    6.1204968066e-06    2.9766724250e-07    1.9532280968e-02    1.3513435554e-01    3.8332206931e-04    0.0000000000e+00
  49.5100000    6.0933532686e-06    2.8513620537e-07   -1.2029664483e-04    1.2173405785e-04    1.7658836643e-02    2.1415589452e-02    1.4108297454e-01    0.0000000000e+00    9.9999999993e-01    0.0000000000e+00    6.1508642081e-06    2.9769309035e-07    1.9623781678e-02    1.3409733829e-01    3.8383672956e-04    0.0000000000e+00
  50.0100000    6.1188453179e-06    2.8426000608e-07   -1.2029406102e-04    1.2163804226e-04    1.7666031711e-02    2.1499235429e-02    1.4032072913e-01    0.0000000000e+00    9.9999999993e-01    0.0000000000e+00    6.1811173074e-06    2.9751092089e-07    1.9714847302e-02    1.3368395159e-01    3.8439967776e-04    0.0000000000e+00
  50.5100000    6.1437613992e-06    2.8357287993e-07   -1.2027067293e-04    1.2161036712e-04    1.7670741765e-02    2.1580923943e-02    1.3996651211e-01    0.0000000000e+00    9.9999999993e-01    0.0000000000e+00    6.2111072587e-06    2.9737435986e-07    1.9805125675e-02    1.3359801892e-01    3.8517861671e-04    0.0000000000e+00
  51.0100000    6.1684594040e-06    2.8279864039e-07   -1.2022827637e-04    1.2164890442e-04    1.7675801720e-02    2.1661968504e-02    1.3917288999e-01    0.0000000000e+00    9.9999999993e-01    0.0000000000e+00    6.2408717991e-06    2.9743238039e-07    1.9894789066e-02    1.3321182705e-01    3.8619098467e-04    0.0000000000e+00
  51.5100000    6.1932876968e-06    2.8215894149e-07   -1.2017951011e-04    1.2171404949e-04    1.7683020707e-02    2.1743539100e-02    1.3814039616e-01    0.0000000000e+00    9.9999999993e-01    0.0000000000e+00    6.2705364575e-06    2.9749126201e-07    1.9984189502e-02    1.3253043973e-01    3.8730953783e-04    0.0000000000e+00
  52.0100000    6.2183778525e-06    2.8187002716e-07   -1.2013967466e-04    1.2175183633e-04    1.7688951255e-02    2.1825967655e-02    1.3720998482e-01    0.0000000000e+00    9.9999999993e-01    0.0000000000e+00    6.3000134538e-06    2.9757716768e-07    2.0072928952e-02    1.3179672454e-01    3.8836057278e-04    0.0000000000e+00
  52.5100000    6.2438533191e-06    2.8165412639e-07   -1.2011822623e-04    1.2172550713e-04    1.7694231638e-02    2.1909557647e-02    1.3628684326e-01    0.0000000000e+00    9.9999999993e-01    0.0000000000e+00    6.3292241886e-06    2.9777999211e-07    2.0160639095e-02    1.3108340709e-01    3.8920450158e-04    0.0000000000e+00
  53.0100000    6.2696266476e-06    2.8151025496e-07   -1.2011408361e-04    1.2163632788e-04    1.7699837318e-02    2.1993947455e-02    1.3505529408e-01    0.0000000000e+00    9.9999999993e-01    0.0000000000e+00    6.3581610221e-06    2.9801033761e-07    2.0247246460e-02    1.3005102112e-01    3.8979959311e-04    0.0000000000e+00
  53.5100000    6.2955336524e-06    2.8120231902e-07   -1.2011625535e-04    1.2152118608e-04    1.7709041217e-02    2.2078610883e-02    1.3366945410e-01    0.0000000000e+00    9.9999999993e-01    0.0000000000e+00    6.3868418634e-06    2.9819698920e-07    2.0332854758e-02    1.2892419323e-01    3.9024924959e-04    0.0000000000e+00
  54.0100000    6.3213915240e-06    2.8100621548e-07   -1.2011003554e-04    1.2143006208e-04    1.7717874602e-02    2.2163031379e-02    1.3300563784e-01    0.0000000000e+00    9.9999999993e-01    0.0000000000e+00    6.4153026857e-06    2.9828978352e-07    2.0417693653e-02    1.2840277202e-01    3.9075315832e-04    0.0000000000e+00
  54.5100000    6.3470723515e-06    2.8076215863e-07   -1.2008598621e-04    1.2139768099e-04    1.7725467745e-02    2.2246888616e-02    1.3260276700e-01    0.0000000000e+00    9.9999999993e-01    0.0000000000e+00    6.4435433724e-06    2.9838729310e-07    2.0501880990e-02    1.2815756677e-01    3.9145926803e-04    0.0000000000e+00
  55.0100000    6.3725433618e-06    2.8033134112e-07   -1.2004557227e-04    1.2142462761e-04    1.7734044879e-02    2.2330125527e-02    1.3205930564e-01    0.0000000000e+00    9.9999999993e-01    0.0000000000e+00    6.4716733543e-06    2.9841501562e-07    2.0585818127e-02    1.2782871283e-01    3.9236263444e-04    0.0000000000e+00
  55.5100000    6.3977064721e-06    2.8024647627e-07   -1.1999931076e-04    1.2147747395e-04    1.7745796834e-02    2.2412352720e-02    1.3142010060e-01    0.0000000000e+00    9.9999999993e-01    0.0000000000e+00    6.4996831749e-06    2.9840502261e-07    2.0669432506e-02    1.2724123341e-01    3.9334977333e-04    0.0000000000e+00
  56.0100000    6.4226146192e-06    2.8016941860e-07   -1.1995985697e-04    1.2150851773e-04    1.7755035441e-02    2.2493635871e-02    1.3049673930e-01    0.0000000000e+00    9.9999999993e-01    0.0000000000e+00    6.5274886685e-06    2.9863676956e-07    2.0752345909e-02    1.2647087015e-01    3.9429071428e-04    0.0000000000e+00
  56.5100000    6.4474139683e-06    2.8014858729e-07   -1.1993537871e-04    1.2148429959e-04    1.7761533934e-02    2.2574367011e-02    1.2954644580e-01    0.0000000000e+00    9.9999999993e-01    0.0000000000e+00    6.5551247008e-06    2.9900454695e-07    2.0834558677e-02    1.2570192705e-01    3.9507149184e-04    0.0000000000e+00
  57.0100000    6.4721578285e-06    2.8023703425e-07   -1.1992573513e-04    1.2140470504e-04    1.7772393473e-02    2.2654682832e-02    1.2847265024e-01    0.0000000000e+00    9.9999999993e-01    0.0000000000e+00    6.5825835451e-06    2.9928318995e-07    2.0916000301e-02    1.2472967775e-01    3.9563056910e-04    0.0000000000e+00
  57.5100000    6.4967080494e-06    2.8024679947e-07   -1.1992221190e-04    1.2130080776e-04    1.7783350013e-02    2.2734144750e-02    1.2745958064e-01    0.0000000000e+00    9.9999999993e-01    0.0000000000e+00    6.6098143302e-06    2.9949193168e-07    2.0996550609e-02    1.2382176939e-01    3.9603876715e-04    0.0000000000e+00
  58.0100000    6.5209203983e-06    2.8021041588e-07   -1.1991217148e-04    1.2121530093e-04    1.7791436022e-02    2.2812359327e-02    1.2699475399e-01    0.0000000000e+00    9.9999999993e-01    0.0000000000e+00    6.6367951587e-06    2.9972138042e-07    2.1076242499e-02    1.2347790422e-01    3.9648565664e-04    0.0000000000e+00
  58.5100000    6.5448109847e-06    2.8002785680e-07   -1.1988706159e-04    1.2117872106e-04    1.7800025666e-02    2.2889497467e-02    1.2688936889e-01    0.0000000000e+00    9.9999999993e-01    0.0000000000e+00    6.6636299558e-06    2.9986538875e-07    2.1155511402e-02    1.2351135252e-01    3.9712059720e-04    0.0000000000e+00
  59.0100000    6.5683784238e-06    2.7993848528e-07   -1.1984769173e-04    1.2119331730e-04    1.7811480070e-02    2.2965608442e-02    1.2663022121e-01    0.0000000000e+00    9.9999999993e-01    0.0000000000e+00    6.6903661716e-06    2.9987052021e-07    2.1234557497e-02    1.2329978889e-01    3.9793756834e-04    0.0000000000e+00
  59.5100000    6.5917324561e-06    2.7988716059e-07   -1.1980271999e-04    1.2123210442e-04    1.7821656508e-02    2.3041039843e-02    1.2591444670e-01    0.0000000000e+00    9.9999999993e-01    0.0000000000e+00    6.7169452548e-06    2.9995669611e-07    2.1313161523e-02    1.2265847828e-01    3.9882769446e-04    0.0000000000e+00
  60.0100000    6.6151201571e-06    2.7987520561e-07   -1.1976288350e-04    1.2125475051e-04    1.7828464135e-02    2.3116552952e-02    1.2517314144e-01    0.0000000000e+00    9.9999999993e-01    0.0000000000e+00    6.7433538138e-06    3.0023792437e-07    2.1391186904e-02    1.2205182547e-01    3.9967338849e-04    0.0000000000e+00
  60.5100000    6.6387021528e-06    2.8000090314e-07   -1.1973542456e-04    1.2123167527e-04    1.7838129345e-02    2.3192604068e-02    1.2431404389e-01    0.0000000000e+00    9.9999999993e-01    0.0000000000e+00    6.7695899896e-06    3.0059275372e-07    2.1468531494e-02    1.2129932240e-01    4.0037758114e-04    0.0000000000e+00
  61.0100000    6.6622696766e-06    2.8011610173e-07   -1.1972052853e-04    1.2116069840e-04    1.7848909885e-02    2.3268417508e-02    1.2310517307e-01    0.0000000000e+00    9.9999999993e-01    0.0000000000e+00    6.7956435426e-06    3.0087332918e-07    2.1545120267e-02    1.2018024781e-01    4.0089655860e-04    0.0000000000e+00
  61.5100000    6.6854027934e-06    2.8020688572e-07   -1.1971093847e-04    1.2106627223e-04    1.7857380743e-02    2.3342561340e-02    1.2236363914e-01    0.0000000000e+00    9.9999999993e-01    0.0000000000e+00    6.8214592345e-06    3.0111793365e-07    2.1620809591e-02    1.1951638754e-01    4.0129617621e-04    0.0000000000e+00
  62.0100000    6.7079895116e-06    2.8023798114e-07   -1.1969614148e-04    1.2098407401e-04    1.7864852002e-02    2.3414736058e-02    1.2226015282e-01    0.0000000000e+00    9.9999999993e-01    0.0000000000e+00    6.8470589426e-06    3.0134422788e-07    2.1695752598e-02    1.1949155310e-01    4.0172314480e-04    0.0000000000e+00
  62.5100000    6.7301320489e-06    2.8032434786e-07   -1.1966910794e-04    1.2094107402e-04    1.7874292061e-02    2.3485394200e-02    1.2195700591e-01    0.0000000000e+00    9.9999999993e-01    0.0000000000e+00    6.8725132403e-06    3.0149940083e-07    2.1770260816e-02    1.1922108162e-01    4.0228600427e-04    0.0000000000e+00
  63.0100000    6.7519793040e-06    2.8032843058e-07   -1.1963027180e-04    1.2094119103e-04    1.7884672694e-02    2.3555101481e-02    1.2115562723e-01    0.0000000000e+00    9.9999999993e-01    0.0000000000e+00    6.8978551909e-06    3.0164326943e-07    2.1844481326e-02    1.1849350469e-01    4.0298901868e-04    0.0000000000e+00
  63.5100000    6.7736263003e-06    2.8043462816e-07   -1.1958616765e-04    1.2096377116e-04    1.7892430935e-02    2.3624160798e-02    1.2048263657e-01    0.0000000000e+00    9.9999999993e-01    0.0000000000e+00    6.9230982122e-06    3.0183144089e-07    2.1918429947e-02    1.1786586901e-01    4.0376866742e-04    0.0000000000e+00
  64.0100000    6.7952436020e-06    2.8062182544e-07   -1.1954528911e-04    1.2097624275e-04    1.7900964106e-02    2.3693083827e-02    1.1976081096e-01    0.0000000000e+00    9.9999999993e-01    0.0000000000e+00    6.9482089892e-06    3.0215624082e-07    2.1991924353e-02    1.1720832777e-01    4.0453578182e-04    0.0000000000e+00
  64.5100000    6.8169839340e-06    2.8075796114e-07   -1.1951415380e-04    1.2095336333e-04    1.7911683557e-02    2.3762316470e-02    1.1874291180e-01    0.0000000000e+00    9.9999999993e-01    0.0000000000e+00    6.9732263391e-06    3.0249709016e-07    2.2065007575e-02    1.1628039909e-01    4.0518958362e-04    0.0000000000e+00
  65.0100000    6.8387151817e-06    2.8115155498e-07   -1.1949399209e-04    1.2089069885e-04    1.7920656163e-02    2.3831355628e-02    1.1824955062e-01    0.0000000000e+00    9.9999999993e-01    0.0000000000e+00    6.9980817698e-06    3.0278964614e-07    2.2137423632e-02    1.1574873403e-01    4.0567518712e-04    0.0000000000e+00
  65.5100000    6.8603445444e-06    2.8138209261e-07   -1.1947922942e-04    1.2080526168e-04    1.7928793599e-02    2.3899896839e-02    1.1797902676e-01    0.0000000000e+00    9.9999999993e-01    0.0000000000e+00    7.0226878135e-06    3.0317255766e-07    2.2208913667e-02    1.1554418317e-01    4.0605629827e-04    0.0000000000e+00
  66.0100000    6.8817486218e-06    2.8144883337e-07   -1.1946054908e-04    1.2072535929e-04    1.7938746243e-02    2.3967577524e-02    1.1754639056e-01    0.0000000000e+00    9.9999999993e-01    0.0000000000e+00    7.0471277112e-06    3.0345181110e-07    2.2279803255e-02    1.1519760448e-01    4.0646639601e-04    0.0000000000e+00
  66.5100000    6.9027328106e-06    2.8174353322e-07   -1.1943132623e-04    1.2067546334e-04    1.7948881188e-02    2.4033800993e-02    1.1730851505e-01    0.0000000000e+00    9.9999999993e-01    0.0000000000e+00    7.0714126302e-06    3.0357909051e-07    2.2350202314e-02    1.1488950206e-01    4.0698184505e-04    0.0000000000e+00
  67.0100000    6.9233958020e-06    2.8198643881e-07   -1.1939159241e-04    1.2066256245e-04    1.7957841209e-02    2.4098962650e-02    1.1694941617e-01    0.0000000000e+00    9.9999999993e-01    0.0000000000e+00    7.0955493264e-06    3.0380565956e-07    2.2420179934e-02    1.1452562764e-01    4.0759419063e-04    0.0000000000e+00
  67.5100000    6.9440127066e-06    2.8215833649e-07   -1.1934686949e-04    1.2067200372e-04    1.7967541131e-02    2.4164013739e-02    1.1630868746e-01    0.0000000000e+00    9.9999999993e-01    0.0000000000e+00    7.1195953840e-06    3.0412646377e-07    2.2489912393e-02    1.1395661078e-01    4.0826730242e-04    0.0000000000e+00
  68.0100000    6.9647574899e-06    2.8220347945e-07   -1.1930455350e-04    1.2067673272e-04    1.7980287106e-02    2.4229500035e-02    1.1562102811e-01    0.0000000000e+00    9.9999999993e-01    0.0000000000e+00    7.1435824337e-06    3.0438118801e-07    2.2559444745e-02    1.1336406816e-01    4.0894632504e-04    0.0000000000e+00
  68.5100000    6.9855347763e-06    2.8248739566e-07   -1.1927014042e-04    1.2065344585e-04    1.7991334617e-02    2.4295014702e-02    1.1525410985e-01    0.0000000000e+00    9.9999999993e-01    0.0000000000e+00    7.1674352247e-06    3.0459162490e-07    2.2628469906e-02    1.1296415299e-01    4.0955531690e-04    0.0000000000e+00
  69.0100000    7.0063748454e-06    2.8305647127e-07   -1.1924430575e-04    1.2059505643e-04    1.8000925987e-02    2.4360616667e-02    1.1493436541e-01    0.0000000000e+00    9.9999999993e-01    0.0000000000e+00    7.1910710364e-06    3.0496991313e-07    2.2696684194e-02    1.1256887823e-01    4.1004927135e-04    0.0000000000e+00
  69.5100000    7.0273092096e-06    2.8336680619e-07   -1.1922271026e-04    1.2051366500e-04    1.8013361093e-02    2.4426419577e-02    1.1450062934e-01    0.0000000000e+00    9.9999999993e-01    0.0000000000e+00    7.2145957463e-06    3.0543266915e-07    2.2764426093e-02    1.1220840585e-01    4.1044362370e-04    0.0000000000e+00
  70.0100000    7.0479482515e-06    2.8355142390e-07   -1.1919871415e-04    1.2043305043e-04    1.8025209172e-02    2.4491114735e-02    1.1420124733e-01    0.0000000000e+00    9.9999999993e-01    0.0000000000e+00    7.2379847431e-06    3.0576945063e-07    2.2831659884e-02    1.1197245258e-01    4.1079696708e-04    0.0000000000e+00
  70.5100000    7.0681477495e-06    2.8386120366e-07   -1.1916687567e-04    1.2037462630e-04    1.8035054165e-02    2.4554259226e-02    1.1404491280e-01    0.0000000000e+00    9.9999999993e-01    0.0000000000e+00    7.2611436113e-06    3.0602787084e-07    2.2898141392e-02    1.1178277826e-01    4.1120263673e-04    0.0000000000e+00
  71.0100000    7.0880871634e-06    2.8429359991e-07   -1.1912585526e-04    1.2034613782e-04    1.8047716204e-02    2.4616517674e-02    1.1368183522e-01    0.0000000000e+00    9.9999999993e-01    0.0000000000e+00    7.2842047795e-06    3.0622734411e-07    2.2964326250e-02    1.1133404035e-01    4.1173442666e-04    0.0000000000e+00
  71.5100000    7.1076722579e-06    2.8465026250e-07   -1.1907945922e-04    1.2033943020e-04    1.8061085311e-02    2.4677568088e-02    1.1307056772e-01    0.0000000000e+00    9.9999999993e-01    0.0000000000e+00    7.3072185997e-06    3.0648504851e-07    2.3030377323e-02    1.1070902410e-01    4.1235463221e-04    0.0000000000e+00
  72.0100000    7.1269356334e-06    2.8472557653e-07   -1.1903430633e-04    1.2033544669e-04    1.8070948654e-02    2.4737488711e-02    1.1255801771e-01    0.0000000000e+00    9.9999999993e-01    0.0000000000e+00    7.3301161339e-06    3.0691806354e-07    2.3096044191e-02    1.1032849603e-01    4.1295209986e-04    0.0000000000e+00
  72.5100000    7.1462786763e-06    2.8496394520e-07   -1.1899557935e-04    1.2031338252e-04    1.8080473947e-02    2.4797613301e-02    1.1194938366e-01    0.0000000000e+00    9.9999999993e-01    0.0000000000e+00    7.3529205882e-06    3.0722920400e-07    2.3161345000e-02    1.0973042608e-01    4.1347868339e-04    0.0000000000e+00
  73.0100000    7.1658635595e-06    2.8552245506e-07   -1.1896423839e-04    1.2026212763e-04    1.8091975791e-02    2.4858454045e-02    1.1156596230e-01    0.0000000000e+00    9.9999999993e-01    0.0000000000e+00    7.3756012589e-06    3.0738842724e-07    2.3226136787e-02    1.0920307693e-01    4.1395401782e-04    0.0000000000e+00
  73.5100000    7.1854502027e-06    2.8582637939e-07   -1.1893686890e-04    1.2018746675e-04    1.8103178780e-02    2.4919168188e-02    1.1100528337e-01    0.0000000000e+00    9.9999999993e-01    0.0000000000e+00    7.3980772529e-06    3.0775907628e-07    2.3290155988e-02    1.0868150039e-01    4.1437242782e-04    0.0000000000e+00
  74.0100000    7.2047517237e-06    2.8604082768e-07   -1.1890756959e-04    1.2010812993e-04    1.8114254673e-02    2.4978799579e-02    1.1037055997e-01    0.0000000000e+00    9.9999999993e-01    0.0000000000e+00    7.4203598859e-06    3.0821360835e-07    2.3353474072e-02    1.0812698521e-01    4.1472899563e-04    0.0000000000e+00
  74.5100000    7.2236789491e-06    2.8648395046e-07   -1.1887117867e-04    1.2004392388e-04    1.8125758260e-02    2.5037105482e-02    1.1023034949e-01    0.0000000000e+00    9.9999999993e-01    0.0000000000e+00    7.4424931983e-06    3.0851149360e-07    2.3416291060e-02    1.0791651784e-01    4.1509425510e-04    0.0000000000e+00
  75.0100000    7.2423365894e-06    2.8687217752e-07   -1.1882630029e-04    1.2000524658e-04    1.8137626985e-02    2.5094506644e-02    1.0973628227e-01    0.0000000000e+00    9.9999999993e-01    0.0000000000e+00    7.4645508094e-06    3.0868090404e-07    2.3478892157e-02    1.0735119055e-01    4.1554556458e-04    0.0000000000e+00
  75.5100000    7.2608642547e-06    2.8721001175e-07   -1.1877614282e-04    1.1998823371e-04    1.8149782575e-02    2.5151505891e-02    1.0943222373e-01    0.0000000000e+00    9.9999999993e-01    0.0000000000e+00    7.4865461200e-06    3.0887543478e-07    2.3541337266e-02    1.0700281673e-01    4.1607093998e-04    0.0000000000e+00
  76.0100000    7.2794732689e-06    2.8745937789e-07   -1.1872657777e-04    1.1997618099e-04    1.8159864026e-02    2.5208806773e-02    1.0920060621e-01    0.0000000000e+00    9.9999999993e-01    0.0000000000e+00    7.5084265951e-06    3.0927344489e-07    2.3603435196e-02    1.0681570266e-01    4.1661615610e-04    0.0000000000e+00
  76.5100000    7.2983474648e-06    2.8786535731e-07   -1.1868273642e-04    1.1994870763e-04    1.8170386516e-02    2.5266986523e-02    1.0872668072e-01    0.0000000000e+00    9.9999999993e-01    0.0000000000e+00    7.5302279215e-06    3.0967715420e-07    2.3665243561e-02    1.0633232287e-01    4.1714252318e-04    0.0000000000e+00
  77.0100000    7.3174003560e-06    2.8836035621e-07   -1.1864608999e-04    1.1989462128e-04    1.8182315840e-02    2.5325687119e-02    1.0863201139e-01    0.0000000000e+00    9.9999999993e-01    0.0000000000e+00    7.5519812324e-06    3.0996804901e-07    2.3726805903e-02    1.0616381008e-01    4.1759265075e-04    0.0000000000e+00
  77.5100000    7.3363312669e-06    2.8867088835e-07   -1.1861340838e-04    1.1981803479e-04    1.8195165579e-02    2.5383839949e-02    1.0832419842e-01    0.0000000000e+00    9.9999999993e-01    0.0000000000e+00    7.5736381775e-06    3.1023163448e-07    2.3787943913e-02    1.0584108676e-01    4.1792478654e-04    0.0000000000e+00
  78.0100000    7.3549367526e-06    2.8916510778e-07   -1.1857859404e-04    1.1973411037e-04    1.8206102746e-02    2.5440758710e-02    1.0790712278e-01    0.0000000000e+00    9.9999999993e-01    0.0000000000e+00    7.5950808543e-06    3.1062964144e-07    2.3848303339e-02    1.0538878845e-01    4.1820994658e-04    0.0000000000e+00
  78.5100000    7.3733963082e-06    2.8928277694e-07   -1.1853686196e-04    1.1966087943e-04    1.8217614460e-02    2.5497118606e-02    1.0732920904e-01    0.0000000000e+00    9.9999999993e-01    0.0000000000e+00    7.6163514648e-06    3.1112255729e-07    2.3908067678e-02    1.0494417806e-01    4.1856163695e-04    0.0000000000e+00
  79.0100000    7.3918515846e-06    2.8931965931e-07   -1.1848766450e-04    1.1961115360e-04    1.8231470704e-02    2.5553469923e-02    1.0683524313e-01    0.0000000000e+00    9.9999999993e-01    0.0000000000e+00    7.6376189476e-06    3.1114034374e-07    2.3967823967e-02    1.0444582951e-01    4.1898434759e-04    0.0000000000e+00
  79.5100000    7.4100915384e-06    2.9016961749e-07   -1.1843376899e-04    1.1958481830e-04    1.8243199528e-02    2.5609113472e-02    1.0679761515e-01    0.0000000000e+00    9.9999999993e-01    0.0000000000e+00    7.6587388308e-06    3.1110958995e-07    2.4027147123e-02    1.0410495986e-01    4.1942427044e-04    0.0000000000e+00
  80.0100000    7.4281342057e-06    2.9053493825e-07   -1.1837908986e-04    1.1956724701e-04    1.8254178752e-02    2.5664093219e-02    1.0620267307e-01    0.0000000000e+00    9.9999999993e-01    0.0000000000e+00    7.6796173287e-06    3.1182539073e-07    2.4085725844e-02    1.0363864681e-01    4.1989451553e-04    0.0000000000e+00
  80.5100000    7.4462509571e-06    2.9020826294e-07   -1.1832776605e-04    1.1953856749e-04    1.8265769622e-02    2.5719292531e-02    1.0560740481e-01    0.0000000000e+00    9.9999999993e-01    0.0000000000e+00    7.7005247146e-06    3.1235307422e-07    2.4144357140e-02    1.0333292183e-01    4.2040421322e-04    0.0000000000e+00
  81.0100000    7.4643170112e-06    2.9094212777e-07   -1.1828252107e-04    1.1948632264e-04    1.8278926183e-02    2.5774225869e-02    1.0563055053e-01    0.0000000000e+00    9.9999999993e-01    0.0000000000e+00    7.7214765834e-06    3.1212404331e-07    2.4203038383e-02    1.0301884571e-01    4.2086332912e-04    0.0000000000e+00
  81.5100000    7.4820864530e-06    2.9204992308e-07   -1.1824203718e-04    1.1941124293e-04    1.8291600213e-02    2.5828020728e-02    1.0538093936e-01    0.0000000000e+00    9.9999999993e-01    0.0000000000e+00    7.7421698807e-06    3.1240785659e-07    2.4260797462e-02    1.0249873766e-01    4.2119388658e-04    0.0000000000e+00
  82.0100000    7.4997804327e-06    2.9197266843e-07   -1.1820114920e-04    1.1932552523e-04    1.8302921499e-02    2.5881460674e-02    1.0471019531e-01    0.0000000000e+00    9.9999999993e-01    0.0000000000e+00    7.7626602699e-06    3.1339474574e-07    2.4317828081e-02    1.0219272465e-01    4.2144604643e-04    0.0000000000e+00
  82.5100000    7.5176198135e-06    2.9202367894e-07   -1.1815652564e-04    1.1924678323e-04    1.8315126619e-02    2.5935363882e-02    1.0433450948e-01    0.0000000000e+00    9.9999999993e-01    0.0000000000e+00    7.7832055893e-06    3.1364473498e-07    2.4374990862e-02    1.0187369508e-01    4.2172133112e-04    0.0000000000e+00
  83.0100000    7.5353871019e-06    2.9309379720e-07   -1.1816179303e-04    1.1922468458e-04    1.8328986742e-02    2.5989045815e-02    1.0433880278e-01    0.0000000000e+00    9.9999999993e-01    0.0000000000e+00    7.8036778233e-06    3.1330254058e-07    2.4431946695e-02    1.0140526003e-01    4.2206957928e-04    0.0000000000e+00
  83.5100000    7.5529496420e-06    2.9360362135e-07   -1.1816119035e-04    1.1925096155e-04    1.8341252857e-02    2.6042087700e-02    1.0398392557e-01    0.0000000000e+00    9.9999999993e-01    0.0000000000e+00    7.8239002229e-06    3.1378919439e-07    2.4488178771e-02    1.0106004780e-01    4.2249311196e-04    0.0000000000e+00
  84.0100000    7.5706264577e-06    2.9328362789e-07   -1.1816038062e-04    1.1928582717e-04    1.8353718593e-02    2.6095575611e-02    1.0343615478e-01    0.0000000000e+00    9.9999999993e-01    0.0000000000e+00    7.8440587261e-06    3.1457508483e-07    2.4544256645e-02    1.0087514076e-01    4.2304449041e-04    0.0000000000e+00
  84.5100000    7.5885513996e-06    2.9391587782e-07   -1.1816430827e-04    1.1931137721e-04    1.8366742537e-02    2.6149911036e-02    1.0346468377e-01    0.0000000000e+00    9.9999999993e-01    0.0000000000e+00    7.8642687953e-06    3.1451283966e-07    2.4600485907e-02    1.0065753109e-01    4.2362584368e-04    0.0000000000e+00
  85.0100000    7.6064900084e-06    2.9483379320e-07   -1.1817383435e-04    1.1931534011e-04    1.8379120570e-02    2.6204215462e-02    1.0330605077e-01    0.0000000000e+00    9.9999999993e-01    0.0000000000e+00    7.8843460716e-06    3.1457555785e-07    2.4656223796e-02    1.0022718684e-01    4.2413032503e-04    0.0000000000e+00
  85.5100000    7.6243402022e-06    2.9496526092e-07   -1.1818604155e-04    1.1929772898e-04    1.8391225099e-02    2.6258096350e-02    1.0270938660e-01    0.0000000000e+00    9.9999999993e-01    0.0000000000e+00    7.9042586220e-06    3.1531981059e-07    2.4711332129e-02    9.9842925389e-02    4.2454525409e-04    0.0000000000e+00
  86.0100000    7.6421619402e-06    2.9514398745e-07   -1.1819676338e-04    1.1927041433e-04    1.8402593012e-02    2.6311771131e-02    1.0224916392e-01    0.0000000000e+00    9.9999999993e-01    0.0000000000e+00    7.9241274852e-06    3.1578832944e-07    2.4766199609e-02    9.9477118851e-02    4.2491890060e-04    0.0000000000e+00
  86.5100000    7.6598786354e-06    2.9553456750e-07   -1.1820281545e-04    1.1925025028e-04    1.8417536997e-02    2.6365028526e-02    1.0198833901e-01    0.0000000000e+00    9.9999999993e-01    0.0000000000e+00    7.9439798838e-06    3.1567532585e-07    2.4820960342e-02    9.9057789162e-02    4.2531013200e-04    0.0000000000e+00
  87.0100000    7.6771826841e-06    2.9632849463e-07   -1.1820328695e-04    1.1924923460e-04    1.8429840104e-02    2.6416867514e-02    1.0186686534e-01    0.0000000000e+00    9.9999999993e-01    0.0000000000e+00    7.9636462107e-06    3.1576314406e-07    2.4875137992e-02    9.8711727208e-02    4.2575339937e-04    0.0000000000e+00
  87.5100000    7.6943675226e-06    2.9631584213e-07   -1.1819990568e-04    1.1926768389e-04    1.8440809619e-02    2.6468321590e-02    1.0130810871e-01    0.0000000000e+00    9.9999999993e-01    0.0000000000e+00    7.9830791762e-06    3.1648855832e-07    2.4928607687e-02    9.8393117109e-02    4.2625468904e-04    0.0000000000e+00
  88.0100000    7.7119704098e-06    2.9620150314e-07   -1.1819613596e-04    1.1929477203e-04    1.8456048017e-02    2.6521216668e-02    1.0095749682e-01    0.0000000000e+00    9.9999999993e-01    0.0000000000e+00    8.0025643918e-06    3.1669824198e-07    2.4982241599e-02    9.8146026867e-02    4.2678835618e-04    0.0000000000e+00
  88.5100000    7.7298359310e-06    2.9721784089e-07   -1.1819532217e-04    1.1931538992e-04    1.8470914709e-02    2.6574969766e-02    1.0091789922e-01    0.0000000000e+00    9.9999999993e-01    0.0000000000e+00    8.0219724206e-06    3.1662364495e-07    2.5035590873e-02    9.7765275012e-02    4.2730484036e-04    0.0000000000e+00
  89.0100000    7.7478028838e-06    2.9753157119e-07   -1.1819897811e-04    1.1931853521e-04    1.8488632837e-02    2.6628981706e-02    1.0047709918e-01    0.0000000000e+00    9.9999999993e-01    0.0000000000e+00    8.0411704917e-06    3.1733252922e-07    2.5088199591e-02    9.7448665936e-02    4.2776391840e-04    0.0000000000e+00
  89.5100000    7.7656196850e-06    2.9769388916e-07   -1.1820605068e-04    1.1930274553e-04    1.8506195691e-02    2.6682371315e-02    1.0010554656e-01    0.0000000000e+00    9.9999999993e-01    0.0000000000e+00    8.0604481275e-06    3.1789231255e-07    2.5140954716e-02    9.7192270180e-02    4.2816275872e-04    0.0000000000e+00
  90.0100000    7.7826485164e-06    2.9809311350e-07   -1.1821337235e-04    1.1927637471e-04    1.8523998638e-02    2.6732969135e-02    9.9812832903e-02    0.0000000000e+00    9.9999999993e-01    0.0000000000e+00    8.0797510759e-06    3.1783879316e-07    2.5193705222e-02    9.6766098079e-02    4.2852900919e-04    0.0000000000e+00
  90.5100000    7.7985379676e-06    2.9833164538e-07   -1.1821716899e-04    1.1925288845e-04    1.8539243857e-02    2.6779619072e-02    9.9523139127e-02    0.0000000000e+00    9.9999999993e-01    0.0000000000e+00    8.0988111902e-06    3.1782355099e-07    2.5245660301e-02    9.6404063830e-02    4.2889485614e-04    0.0000000000e+00
  91.0100000    7.8138392742e-06    2.9834346076e-07   -1.1821506040e-04    1.1924347688e-04    1.8546323623e-02    2.6824268475e-02    9.8967053611e-02    0.0000000000e+00    9.9999999993e-01    0.0000000000e+00    8.1176238946e-06    3.1820197473e-07    2.5296856235e-02    9.5968723453e-02    4.2928265650e-04    0.0000000000e+00
  91.5100000    7.8295279142e-06    2.9815057610e-07   -1.1820749704e-04    1.1925072513e-04    1.8554679778e-02    2.6870296105e-02    9.8506445780e-02    0.0000000000e+00    9.9999999993e-01    0.0000000000e+00    8.1363920722e-06    3.1832286469e-07    2.5347955250e-02    9.5608705914e-02    4.2970525767e-04    0.0000000000e+00
  92.0100000    7.8459559181e-06    2.9870057879e-07   -1.1819762764e-04    1.1926696184e-04    1.8563878321e-02    2.6918901594e-02    9.8407376134e-02    0.0000000000e+00    9.9999999993e-01    0.0000000000e+00    8.1550930480e-06    3.1818813253e-07    2.5398881192e-02    9.5299137668e-02    4.3016324879e-04    0.0000000000e+00
  92.5100000    7.8632730907e-06    2.9883529977e-07   -1.1818945979e-04    1.1927864255e-04    1.8573264234e-02    2.6970555920e-02    9.7855513628e-02    0.0000000000e+00    9.9999999993e-01    0.0000000000e+00    8.1736513088e-06    3.1874390066e-07    2.5449361336e-02    9.4887983836e-02    4.3063452077e-04    0.0000000000e+00
  93.0100000    7.8815691387e-06    2.9834129619e-07   -1.1818537246e-04    1.1927444130e-04    1.8588039792e-02    2.7025511415e-02    9.7268012887e-02    0.0000000000e+00    9.9999999993e-01    0.0000000000e+00    8.1923558564e-06    3.1921486236e-07    2.5500245626e-02    9.4599569186e-02    4.3107591142e-04    0.0000000000e+00
  93.5100000    7.9000795474e-06    2.9870670393e-07   -1.1818463574e-04    1.1925203519e-04    1.8607498781e-02    2.7081108714e-02    9.7117549177e-02    0.0000000000e+00    9.9999999993e-01    0.0000000000e+00    8.2112069722e-06    3.1900560283e-07    2.5551499037e-02    9.4274553399e-02    4.3145174470e-04    0.0000000000e+00
  94.0100000    7.9178139643e-06    2.9944839231e-07   -1.1818396547e-04    1.1921928058e-04    1.8627133610e-02    2.7133951587e-02    9.6910282620e-02    0.0000000000e+00    9.9999999993e-01    0.0000000000e+00    8.2297758757e-06    3.1920207990e-07    2.5601784212e-02    9.3906759886e-02    4.3176793761e-04    0.0000000000e+00
  94.5100000    7.9347499533e-06    2.9902347801e-07   -1.1817968594e-04    1.1918929197e-04    1.8642488583e-02    2.7183995747e-02    9.6241556492e-02    0.0000000000e+00    9.9999999993e-01    0.0000000000e+00    8.2480605319e-06    3.2000832478e-07    2.5651124066e-02    9.3617552331e-02    4.3207270248e-04    0.0000000000e+00
  95.0100000    7.9512928057e-06    2.9866501122e-07   -1.1816998919e-04    1.1917278326e-04    1.8661156832e-02    2.7232676779e-02    9.5779985871e-02    0.0000000000e+00    9.9999999993e-01    0.0000000000e+00    8.2664402343e-06    3.1999059327e-07    2.5700741331e-02    9.3259660980e-02    4.3241829133e-04    0.0000000000e+00
  95.5100000    7.9672519324e-06    2.9978054857e-07   -1.1815588132e-04    1.1917220815e-04    1.8676700636e-02    2.7279377581e-02    9.5736700528e-02    0.0000000000e+00    9.9999999993e-01    0.0000000000e+00    8.2846790297e-06    3.1951399413e-07    2.5749934756e-02    9.2745038955e-02    4.3282223731e-04    0.0000000000e+00
  96.0100000    7.9828751485e-06    2.9942799039e-07   -1.1814040187e-04    1.1918067701e-04    1.8686681847e-02    2.7324946231e-02    9.5063790813e-02    0.0000000000e+00    9.9999999993e-01    0.0000000000e+00    8.3025629513e-06    3.2020941083e-07    2.5798039115e-02    9.2400797793e-02    4.3326257916e-04    0.0000000000e+00
  96.5100000    7.9988886736e-06    2.9871359444e-07   -1.1812673661e-04    1.1918594471e-04    1.8698055008e-02    2.7371830346e-02    9.4460388995e-02    0.0000000000e+00    9.9999999993e-01    0.0000000000e+00    8.3206004922e-06    3.2076298097e-07    2.5846599316e-02    9.2173578519e-02    4.3369999362e-04    0.0000000000e+00
  97.0100000    8.0151744584e-06    2.9964779731e-07   -1.1811636907e-04    1.1917728312e-04    1.8711920702e-02    2.7419576492e-02    9.4458707857e-02    0.0000000000e+00    9.9999999993e-01    0.0000000000e+00    8.3387938593e-06    3.2037328492e-07    2.5895575775e-02    9.1777318673e-02    4.3409977167e-04    0.0000000000e+00
  97.5100000    8.0312095939e-06    2.9984629537e-07   -1.1810831948e-04    1.1915152605e-04    1.8726603542e-02    2.7466367137e-02    9.4141754227e-02    0.0000000000e+00    9.9999999993e-01    0.0000000000e+00    8.3567253205e-06    3.2058233272e-07    2.5943643972e-02    9.1473668733e-02    4.3444429251e-04    0.0000000000e+00
  98.0100000    8.0470269890e-06    2.9922892005e-07   -1.1809987155e-04    1.1911478787e-04    1.8741484010e-02    2.7512321912e-02    9.3575970601e-02    0.0000000000e+00    9.9999999993e-01    0.0000000000e+00    8.3745015687e-06    3.2131440965e-07    2.5991141598e-02    9.1307593413e-02    4.3474158188e-04    0.0000000000e+00
  98.5100000    8.0628590966e-06    2.9947578558e-07   -1.1808828201e-04    1.1907868587e-04    1.8756873316e-02    2.7558271892e-02    9.3357530752e-02    0.0000000000e+00    9.9999999993e-01    0.0000000000e+00    8.3923730452e-06    3.2130639833e-07    2.6038880065e-02    9.1009979715e-02    4.3502596404e-04    0.0000000000e+00
  99.0100000    8.0785078157e-06    3.0020784242e-07   -1.1807238023e-04    1.1905328910e-04    1.8770875911e-02    2.7603583451e-02    9.3175079345e-02    0.0000000000e+00    9.9999999993e-01    0.0000000000e+00    8.4101048528e-06    3.2113564644e-07    2.6086171445e-02    9.0570585138e-02    4.3534036363e-04    0.0000000000e+00
  99.5100000    8.0940248198e-06    2.9964861995e-07   -1.1805311504e-04    1.1904122636e-04    1.8784288913e-02    2.7648457525e-02    9.2466997672e-02    0.0000000000e+00    9.9999999993e-01    0.0000000000e+00    8.4276088191e-06    3.2164043389e-07    2.6132765599e-02    9.0187075084e-02    4.3570709669e-04    0.0000000000e+00
 100.0100000    8.1097449860e-06    2.9944149209e-07   -1.1803281870e-04    1.1903665109e-04    1.8798435312e-02    2.7694029597e-02    9.1994997863e-02    0.0000000000e+00    9.9999999993e-01    0.0000000000e+00    8.4452216877e-06    3.2188818611e-07    2.6179699146e-02    8.9846126004e-02    4.3611153789e-04    0.0000000000e+00
 100.5100000    8.1255713993e-06    3.0029572056e-07   -1.1801370801e-04    1.1902942797e-04    1.8812757092e-02    2.7739936889e-02    9.1837058800e-02    0.0000000000e+00    9.9999999993e-01    0.0000000000e+00    8.4628357921e-06    3.2183683445e-07    2.6226608528e-02    8.9428339456e-02    4.3651362209e-04    0.0000000000e+00
 101.0100000    8.1412873128e-06    3.0000340384e-07   -1.1799655286e-04    1.1901142525e-04    1.8828134644e-02    2.7785405039e-02    9.1349534978e-02    0.0000000000e+00    9.9999999993e-01    0.0000000000e+00    8.4802828449e-06    3.2220382645e-07    2.6272939751e-02    8.9140332434e-02    4.3687663830e-04    0.0000000000e+00
 101.5100000    8.1568082448e-06    2.9979873125e-07   -1.1798034735e-04    1.1898079047e-04    1.8843458669e-02    2.7830131043e-02    9.1026785802e-02    0.0000000000e+00    9.9999999993e-01    0.0000000000e+00    8.4977320372e-06    3.2247690120e-07    2.6319202430e-02    8.8953156263e-02    4.3719025525e-04    0.0000000000e+00
 102.0100000    8.1720966732e-06    3.0041936957e-07   -1.1796315825e-04    1.1894203905e-04    1.8859163677e-02    2.7874000103e-02    9.0857395972e-02    0.0000000000e+00    9.9999999993e-01    0.0000000000e+00    8.5151199373e-06    3.2254930062e-07    2.6365212089e-02    8.8627054329e-02    4.3747337697e-04    0.0000000000e+00
 102.5100000    8.1872758311e-06    3.0030730517e-07   -1.1794342405e-04    1.1890274398e-04    1.8874048733e-02    2.7917462441e-02    9.0389885932e-02    0.0000000000e+00    9.9999999993e-01    0.0000000000e+00    8.5323344081e-06    3.2284001431e-07    2.6410650053e-02    8.8282729948e-02    4.3775857919e-04    0.0000000000e+00
 103.0100000    8.2025529991e-06    3.0008551471e-07   -1.1792064824e-04    1.1886928984e-04    1.8888653941e-02    2.7961251476e-02    8.9961145888e-02    0.0000000000e+00    9.9999999993e-01    0.0000000000e+00    8.5495233548e-06    3.2303906164e-07    2.6455999760e-02    8.7976010664e-02    4.3807063422e-04    0.0000000000e+00
 103.5100000    8.2178829998e-06    3.0053959459e-07   -1.1789514258e-04    1.1884395184e-04    1.8903588128e-02    2.8005224647e-02    8.9674245164e-02    0.0000000000e+00    9.9999999993e-01    0.0000000000e+00    8.5666877956e-06    3.2310425118e-07    2.6501275395e-02    8.7581370917e-02    4.3841331270e-04    0.0000000000e+00
 104.0100000    8.2332091291e-06    3.0046403819e-07   -1.1786748735e-04    1.1882436799e-04    1.8918283527e-02    2.8049185659e-02    8.9220372405e-02    0.0000000000e+00    9.9999999993e-01    0.0000000000e+00    8.5837087053e-06    3.2335648806e-07    2.6546106260e-02    8.7228035334e-02    4.3877172679e-04    0.0000000000e+00
 104.5100000    8.2485413923e-06    3.0036456809e-07   -1.1783844219e-04    1.1880520491e-04    1.8933424637e-02    2.8093158945e-02    8.8898701399e-02    0.0000000000e+00    9.9999999993e-01    0.0000000000e+00    8.6007072945e-06    3.2361456430e-07    2.6590858130e-02    8.7005291701e-02    4.3912587197e-04    0.0000000000e+00
 105.0100000    8.2637459196e-06    3.0067643676e-07   -1.1780911080e-04    1.1878089362e-04    1.8948268525e-02    2.8136678983e-02    8.8748508553e-02    0.0000000000e+00    9.9999999993e-01    0.0000000000e+00    8.6177067459e-06    3.2371224527e-07    2.6635593153e-02    8.6794689422e-02    4.3946330922e-04    0.0000000000e+00
 105.5100000    8.2787283510e-06    3.0061520258e-07   -1.1778058200e-04    1.1874803978e-04    1.8964807613e-02    2.8179415432e-02    8.8411478959e-02    0.0000000000e+00    9.9999999993e-01    0.0000000000e+00    8.6345805516e-06    3.2387023414e-07    2.6679911437e-02    8.6525711912e-02    4.3978197242e-04    0.0000000000e+00
 106.0100000    8.2935967573e-06    3.0060201726e-07   -1.1775295151e-04    1.1870662479e-04    1.8979310135e-02    2.8221726893e-02    8.7996640813e-02    0.0000000000e+00    9.9999999993e-01    0.0000000000e+00    8.6513738843e-06    3.2417519378e-07    2.6723943747e-02    8.6199797379e-02    4.4008489248e-04    0.0000000000e+00
 106.5100000    8.3085062201e-06    3.0070045054e-07   -1.1772471944e-04    1.1865990812e-04    1.8992244917e-02    2.8264135564e-02    8.7654140751e-02    0.0000000000e+00    9.9999999993e-01    0.0000000000e+00    8.6681913290e-06    3.2430013975e-07    2.6768008027e-02    8.5865972661e-02    4.4037594773e-04    0.0000000000e+00
 107.0100000    8.3234029487e-06    3.0082308036e-07   -1.1769354600e-04    1.1861325230e-04    1.9007421842e-02    2.8306463993e-02    8.7277576285e-02    0.0000000000e+00    9.9999999993e-01    0.0000000000e+00    8.6849015577e-06    3.2433159919e-07    2.6811704238e-02    8.5472780446e-02    4.4066171264e-04    0.0000000000e+00
 107.5100000    8.3383476916e-06    3.0066189863e-07   -1.1765804837e-04    1.1857193607e-04    1.9022270440e-02    2.8348936869e-02    8.6715638077e-02    0.0000000000e+00    9.9999999993e-01    0.0000000000e+00    8.7014927299e-06    3.2469761517e-07    2.6855013475e-02    8.5058954441e-02    4.4095430131e-04    0.0000000000e+00
 108.0100000    8.3533648516e-06    3.0075544219e-07   -1.1761911968e-04    1.1853829158e-04    1.9036638827e-02    2.8391659205e-02    8.6363054684e-02    0.0000000000e+00    9.9999999993e-01    0.0000000000e+00    8.7181318227e-06    3.2484635362e-07    2.6898471992e-02    8.4721622142e-02    4.4126696218e-04    0.0000000000e+00
 108.5100000    8.3682622732e-06    3.0101103703e-07   -1.1757947921e-04    1.1850957874e-04    1.9053482418e-02    2.8433987996e-02    8.6173019939e-02    0.0000000000e+00    9.9999999993e-01    0.0000000000e+00    8.7346587507e-06    3.2487393843e-07    2.6941595349e-02    8.4474641340e-02    4.4160290981e-04    0.0000000000e+00
 109.0100000    8.3829867274e-06    3.0062571135e-07   -1.1754168437e-04    1.1847866143e-04    1.9070243392e-02    2.8475727536e-02    8.5799098487e-02    0.0000000000e+00    9.9999999993e-01    0.0000000000e+00    8.7511214323e-06    3.2521499385e-07    2.6984516919e-02    8.4298989130e-02    4.4194804883e-04    0.0000000000e+00
 109.5100000    8.3974356035e-06    3.0096133235e-07   -1.1750621623e-04    1.1843812297e-04    1.9085333714e-02    2.8516494055e-02    8.5585026612e-02    0.0000000000e+00    9.9999999993e-01    0.0000000000e+00    8.7676125761e-06    3.2529732944e-07    2.7027488230e-02    8.4015409206e-02    4.4227656079e-04    0.0000000000e+00
 110.0100000    8.4116582318e-06    3.0115971804e-07   -1.1747118199e-04    1.1838542680e-04    1.9099156737e-02    2.8556420219e-02    8.5286548169e-02    0.0000000000e+00    9.9999999993e-01    0.0000000000e+00    8.7839400064e-06    3.2549308930e-07    2.7069883751e-02    8.3719498374e-02    4.4256820895e-04    0.0000000000e+00
 110.5100000    8.4258838666e-06    3.0084506014e-07   -1.1743375625e-04    1.1832508194e-04    1.9113783641e-02    2.8596273641e-02    8.4872148043e-02    0.0000000000e+00    9.9999999993e-01    0.0000000000e+00    8.8002472498e-06    3.2579059799e-07    2.7112135821e-02    8.3470599394e-02    4.4282494084e-04    0.0000000000e+00
 111.0100000    8.4401120092e-06    3.0133540140e-07   -1.1739210669e-04    1.1826578943e-04    1.9128537384e-02    2.8636076876e-02    8.4606621227e-02    0.0000000000e+00    9.9999999993e-01    0.0000000000e+00    8.8165061340e-06    3.2585362098e-07    2.7154180764e-02    8.3092092920e-02    4.4307303752e-04    0.0000000000e+00
 111.5100000    8.4544695674e-06    3.0119387539e-07   -1.1734641941e-04    1.1821465203e-04    1.9142227464e-02    2.8676304949e-02    8.4200218360e-02    0.0000000000e+00    9.9999999993e-01    0.0000000000e+00    8.8326421570e-06    3.2611050730e-07    2.7195832099e-02    8.2794188329e-02    4.4334581797e-04    0.0000000000e+00
 112.0100000    8.4689356461e-06    3.0125829409e-07   -1.1729856136e-04    1.1817273671e-04    1.9158323268e-02    2.8716923333e-02    8.3955028571e-02    0.0000000000e+00    9.9999999993e-01    0.0000000000e+00    8.8488057235e-06    3.2624152040e-07    2.7237587559e-02    8.2566798883e-02    4.4365849310e-04    0.0000000000e+00
 112.5100000    8.4833352940e-06    3.0145535537e-07   -1.1725083784e-04    1.1813475584e-04    1.9175939780e-02    2.8757342541e-02    8.3698696741e-02    0.0000000000e+00    9.9999999993e-01    0.0000000000e+00    8.8649014221e-06    3.2640950239e-07    2.7279156939e-02    8.2305319779e-02    4.4399606670e-04    0.0000000000e+00
 113.0100000    8.4975997226e-06    3.0120127404e-07   -1.1720464861e-04    1.1809244863e-04    1.9191024280e-02    2.8797298887e-02    8.3341236142e-02    0.0000000000e+00    9.9999999993e-01    0.0000000000e+00    8.8809872755e-06    3.2662947742e-07    2.7320689429e-02    8.2073989608e-02    4.4432580288e-04    0.0000000000e+00
 113.5100000    8.5116342846e-06    3.0175324531e-07   -1.1715976893e-04    1.1803930253e-04    1.9204011085e-02    2.8836429348e-02    8.3129255824e-02    0.0000000000e+00    9.9999999993e-01    0.0000000000e+00    8.8969953519e-06    3.2673983166e-07    2.7361935459e-02    8.1745151974e-02    4.4462183316e-04    0.0000000000e+00
 114.0100000    8.5256638865e-06    3.0160885969e-07   -1.1711463166e-04    1.1797413418e-04    1.9219235442e-02    2.8875470368e-02    8.2685439647e-02    0.0000000000e+00    9.9999999993e-01    0.0000000000e+00    8.9129075426e-06    3.2708979303e-07    2.7402815547e-02    8.1432949534e-02    4.4487989201e-04    0.0000000000e+00
 114.5100000    8.5397292517e-06    3.0166893039e-07   -1.1706736633e-04    1.1790175878e-04    1.9235002664e-02    2.8914566813e-02    8.2401235867e-02    0.0000000000e+00    9.9999999993e-01    0.0000000000e+00    8.9288679235e-06    3.2723429338e-07    2.7443779157e-02    8.1170933714e-02    4.4511469365e-04    0.0000000000e+00
 115.0100000    8.5537822450e-06    3.0209124917e-07   -1.1701682805e-04    1.1783021998e-04    1.9248507516e-02    2.8953587729e-02    8.2187982216e-02    0.0000000000e+00    9.9999999993e-01    0.0000000000e+00    8.9447035218e-06    3.2736880607e-07    2.7484325382e-02    8.0882707656e-02    4.4534927512e-04    0.0000000000e+00
 115.5100000    8.5679783624e-06    3.0192314694e-07   -1.1696296122e-04    1.1776600788e-04    1.9264492729e-02    2.8993094060e-02    8.1824872495e-02    0.0000000000e+00    9.9999999993e-01    0.0000000000e+00    8.9604840814e-06    3.2766906722e-07    2.7524702030e-02    8.0640891120e-02    4.4560441710e-04    0.0000000000e+00
 116.0100000    8.5822195109e-06    3.0216757751e-07   -1.1690650169e-04    1.1771028450e-04    1.9283077647e-02    2.9032771583e-02    8.1619113295e-02    0.0000000000e+00    9.9999999993e-01    0.0000000000e+00    8.9762634480e-06    3.2779542491e-07    2.7565091356e-02    8.0405460622e-02    4.4588819446e-04    0.0000000000e+00
 116.5100000    8.5964165607e-06    3.0214742862e-07   -1.1684849943e-04    1.1765858644e-04    1.9300095513e-02    2.9072310600e-02    8.1360948450e-02    0.0000000000e+00    9.9999999993e-01    0.0000000000e+00    8.9919731909e-06    3.2794582226e-07    2.7605275491e-02    8.0191837812e-02    4.4618914400e-04    0.0000000000e+00
 117.0100000    8.6105046805e-06    3.0244986265e-07   -1.1679387920e-04    1.1763567364e-04    1.9314518705e-02    2.9111463587e-02    8.1157366438e-02    0.0000000000e+00    9.9999999993e-01    0.0000000000e+00    9.0076358587e-06    3.2812611995e-07    2.7645296573e-02    7.9954476969e-02    4.4648248459e-04    0.0000000000e+00
 117.5100000    8.6244887878e-06    3.0269181102e-07   -1.1681370197e-04    1.1765753911e-04    1.9330489780e-02    2.9150214655e-02    8.0857251661e-02    0.0000000000e+00    9.9999999993e-01    0.0000000000e+00    9.0231984101e-06    3.2846531795e-07    2.7684960943e-02    7.9678583153e-02    4.4674845042e-04    0.0000000000e+00
 118.0100000    8.6384180383e-06    3.0241694756e-07   -1.1683401296e-04    1.1766834100e-04    1.9347473568e-02    2.9188710660e-02    8.0470706819e-02    0.0000000000e+00    9.9999999993e-01    0.0000000000e+00    9.0387823248e-06    3.2866791063e-07    2.7724622757e-02    7.9415339936e-02    4.4698521539e-04    0.0000000000e+00
 118.5100000    8.6521972416e-06    3.0291790133e-07   -1.1685372573e-04    1.1767198245e-04    1.9361838896e-02    2.9226634210e-02    8.0306281961e-02    0.0000000000e+00    9.9999999993e-01    0.0000000000e+00    9.0543210702e-06    3.2866727740e-07    2.7764081618e-02    7.9123546748e-02    4.4720369292e-04    0.0000000000e+00
 119.0100000    8.6659782884e-06    3.0306371031e-07   -1.1687090309e-04    1.1767568108e-04    1.9375283590e-02    2.9264521438e-02    7.9949902968e-02    0.0000000000e+00    9.9999999993e-01    0.0000000000e+00    9.0697156531e-06    3.2901173499e-07    2.7803056447e-02    7.8816996308e-02    4.4741494490e-04    0.0000000000e+00
 119.5100000    8.6799014936e-06    3.0282639489e-07   -1.1688432705e-04    1.1768564003e-04    1.9392820261e-02    2.9302874570e-02    7.9537736843e-02    0.0000000000e+00    9.9999999993e-01    0.0000000000e+00    9.0851467155e-06    3.2924255441e-07    2.7842128297e-02    7.8524379299e-02    4.4762801711e-04    0.0000000000e+00
 120.0100000    8.6937954435e-06    3.0312304211e-07   -1.1689475473e-04    1.1770335841e-04    1.9409857117e-02    2.9341133962e-02    7.9375208052e-02    0.0000000000e+00    9.9999999993e-01    0.0000000000e+00    9.1005702065e-06    3.2924083380e-07    2.7881180084e-02    7.8287669808e-02    4.4785482523e-04    0.0000000000e+00
 120.5100000    8.7076039787e-06    3.0332990095e-07   -1.1690443880e-04    1.1772487290e-04    1.9423595031e-02    2.9379108574e-02    7.9164412245e-02    0.0000000000e+00    9.9999999993e-01    0.0000000000e+00    9.1158671567e-06    3.2947792980e-07    2.7919846026e-02    7.8083237324e-02    4.4810409927e-04    0.0000000000e+00
 121.0100000    8.7214347554e-06    3.0331717233e-07   -1.1691521743e-04    1.1774340923e-04    1.9439423771e-02    2.9417139774e-02    7.8888054214e-02    0.0000000000e+00    9.9999999993e-01    0.0000000000e+00    9.1311177712e-06    3.2975112449e-07    2.7958351240e-02    7.7877218753e-02    4.4836543406e-04    0.0000000000e+00
 121.5100000    8.7352541340e-06    3.0344128090e-07   -1.1692701884e-04    1.1775362075e-04    1.9457404483e-02    2.9455086113e-02    7.8655556572e-02    0.0000000000e+00    9.9999999993e-01    0.0000000000e+00    9.1463696549e-06    3.2989395887e-07    2.7996814791e-02    7.7649338861e-02    4.4860817097e-04    0.0000000000e+00
 122.0100000    8.7490130688e-06    3.0361666130e-07   -1.1693812216e-04    1.1775461060e-04    1.9473385037e-02    2.9492766902e-02    7.8372164791e-02    0.0000000000e+00    9.9999999993e-01    0.0000000000e+00    9.1615764497e-06    3.3006348416e-07    2.8035080159e-02    7.7364531610e-02    4.4880616599e-04    0.0000000000e+00
 122.5100000    8.7627772081e-06    3.0376562617e-07   -1.1694667389e-04    1.1774998996e-04    1.9488922290e-02    2.9530411296e-02    7.8060194870e-02    0.0000000000e+00    9.9999999993e-01    0.0000000000e+00    9.1767325602e-06    3.3029032754e-07    2.8073137896e-02    7.7070818732e-02    4.4896364610e-04    0.0000000000e+00
 123.0100000    8.7765613302e-06    3.0387748393e-07   -1.1695195461e-04    1.1774529291e-04    1.9507143446e-02    2.9568094808e-02    7.7725905505e-02    0.0000000000e+00    9.9999999993e-01    0.0000000000e+00    9.1918510938e-06    3.3050905355e-07    2.8111052703e-02    7.6763336113e-02    4.4911190427e-04    0.0000000000e+00
 123.5100000    8.7902908684e-06    3.0387025796e-07   -1.1695450508e-04    1.1774460632e-04    1.9525726341e-02    2.9605591751e-02    7.7428847819e-02    0.0000000000e+00    9.9999999993e-01    0.0000000000e+00    9.2069441994e-06    3.3063084603e-07    2.8148885848e-02    7.6499330523e-02    4.4933149854e-04    0.0000000000e+00
 124.0100000    8.8038767510e-06    3.0408030074e-07   -1.1695537613e-04    1.1774847721e-04    1.9541775528e-02    2.9642611461e-02    7.7257020923e-02    0.0000000000e+00    9.9999999993e-01    0.0000000000e+00    9.2219705675e-06    3.3076178767e-07    2.8186519625e-02    7.6307095476e-02    4.4963724171e-04    0.0000000000e+00
 124.5100000    8.8174234440e-06    3.0411002757e-07   -1.1695533746e-04    1.1775413308e-04    1.9557799767e-02    2.9679495737e-02    7.6996649621e-02    0.0000000000e+00    9.9999999993e-01    0.0000000000e+00    9.2369301692e-06    3.3101570879e-07    2.8223944669e-02    7.6099855445e-02    4.4994983916e-04    0.0000000000e+00
 125.0100000    8.8309703192e-06    3.0418417083e-07   -1.1695467459e-04    1.1775750117e-04    1.9576107613e-02    2.9716359885e-02    7.6770058045e-02    0.0000000000e+00    9.9999999993e-01    0.0000000000e+00    9.2518827073e-06    3.3115248897e-07    2.8261327051e-02    7.5888170310e-02    4.5025618198e-04    0.0000000000e+00
 125.5100000    8.8444657165e-06    3.0445055762e-07   -1.1695351371e-04    1.1775546808e-04    1.9593243230e-02    2.9753018486e-02    7.6533870901e-02    0.0000000000e+00    9.9999999993e-01    0.0000000000e+00    9.2667472995e-06    3.3131574864e-07    2.8298408782e-02    7.5626770766e-02    4.5054920561e-04    0.0000000000e+00
 126.0100000    8.8580245282e-06    3.0441020774e-07   -1.1695201312e-04    1.1774703895e-04    1.9609545369e-02    2.9789855153e-02    7.6167960729e-02    0.0000000000e+00    9.9999999993e-01    0.0000000000e+00    9.2815749140e-06    3.3157786301e-07    2.8335343116e-02    7.5332923646e-02    4.5082537234e-04    0.0000000000e+00
 126.5100000    8.8716219721e-06    3.0468027484e-07   -1.1694997118e-04    1.1773324325e-04    1.9626534862e-02    2.9826787557e-02    7.5910019721e-02    0.0000000000e+00    9.9999999993e-01    0.0000000000e+00    9.2964172468e-06    3.3173462476e-07    2.8372288850e-02    7.5046830156e-02    4.5108612118e-04    0.0000000000e+00
 127.0100000    8.8852062653e-06    3.0475240468e-07   -1.1694634893e-04    1.1771651921e-04    1.9644263423e-02    2.9863642059e-02    7.5633499445e-02    0.0000000000e+00    9.9999999993e-01    0.0000000000e+00    9.3112275139e-06    3.3191483555e-07    2.8409103665e-02    7.4796050887e-02    4.5134189044e-04    0.0000000000e+00
 127.5100000    8.8986702827e-06    3.0490017095e-07   -1.1693964660e-04    1.1770001188e-04    1.9660215682e-02    2.9900061385e-02    7.5445160537e-02    0.0000000000e+00    9.9999999993e-01    0.0000000000e+00    9.3259999498e-06    3.3208730844e-07    2.8445772275e-02    7.4612129077e-02    4.5160691201e-04    0.0000000000e+00
 128.0100000    8.9119749529e-06    3.0513488032e-07   -1.1692916790e-04    1.1768646912e-04    1.9676225034e-02    2.9935926024e-02    7.5240393064e-02    0.0000000000e+00    9.9999999993e-01    0.0000000000e+00    9.3406619547e-06    3.3233611676e-07    2.8482084295e-02    7.4408562611e-02    4.5188659606e-04    0.0000000000e+00
 128.5100000    8.9252223457e-06    3.0504659091e-07   -1.1691595213e-04    1.1767664101e-04    1.9694719776e-02    2.9971598681e-02    7.4966292227e-02    0.0000000000e+00    9.9999999993e-01    0.0000000000e+00    9.3553008152e-06    3.3252673793e-07    2.8518324711e-02    7.4199338203e-02    4.5217444669e-04    0.0000000000e+00
 129.0100000    8.9383350360e-06    3.0546556510e-07   -1.1690220807e-04    1.1766820678e-04    1.9711846896e-02    3.0006834356e-02    7.4831503870e-02    0.0000000000e+00    9.9999999993e-01    0.0000000000e+00    9.3699059299e-06    3.3258874835e-07    2.8554475128e-02    7.3979410569e-02    4.5246255090e-04    0.0000000000e+00
 129.5100000    8.9514340606e-06    3.0543398403e-07   -1.1688953888e-04    1.1765654613e-04    1.9728151309e-02    3.0042031705e-02    7.4489170726e-02    0.0000000000e+00    9.9999999993e-01    0.0000000000e+00    9.3844409293e-06    3.3285734482e-07    2.8590417710e-02    7.3707768869e-02    4.5274867260e-04    0.0000000000e+00
 130.0100000    8.9646480665e-06    3.0540411623e-07   -1.1687752485e-04    1.1763731433e-04    1.9745453887e-02    3.0077590760e-02    7.4172417630e-02    0.0000000000e+00    9.9999999993e-01    0.0000000000e+00    9.3990235963e-06    3.3305224411e-07    2.8626481350e-02    7.3442333026e-02    4.5303045649e-04    0.0000000000e+00
 130.5100000    8.9779208258e-06    3.0579581127e-07   -1.1686398999e-04    1.1760919645e-04    1.9763550236e-02    3.0113290144e-02    7.4026082325e-02    0.0000000000e+00    9.9999999993e-01    0.0000000000e+00    9.4135580339e-06    3.3314935227e-07    2.8662343130e-02    7.3225516780e-02    4.5330006246e-04    0.0000000000e+00
 131.0100000    8.9912108236e-06    3.0582192801e-07   -1.1684676065e-04    1.1757503177e-04    1.9780281991e-02    3.0148980907e-02    7.3783352066e-02    0.0000000000e+00    9.9999999993e-01    0.0000000000e+00    9.4280050203e-06    3.3338986259e-07    2.8697874656e-02    7.3031854907e-02    4.5355155334e-04    0.0000000000e+00
 131.5100000    9.0044083285e-06    3.0600990314e-07   -1.1682536876e-04    1.1754052270e-04    1.9796499523e-02    3.0184318779e-02    7.3523639943e-02    0.0000000000e+00    9.9999999993e-01    0.0000000000e+00    9.4424045973e-06    3.3365846638e-07    2.8733220071e-02    7.2789207303e-02    4.5379213266e-04    0.0000000000e+00
 132.0100000    9.0174761341e-06    3.0609039576e-07   -1.1680123533e-04    1.1751099518e-04    1.9815190833e-02    3.0219218735e-02    7.3254337709e-02    0.0000000000e+00    9.9999999993e-01    0.0000000000e+00    9.4567734712e-06    3.3388118682e-07    2.8768467670e-02    7.2551017438e-02    4.5404158511e-04    0.0000000000e+00
 132.5100000    9.0303725448e-06    3.0621487791e-07   -1.1677632313e-04    1.1748787954e-04    1.9834097020e-02    3.0253565543e-02    7.3040196366e-02    0.0000000000e+00    9.9999999993e-01    0.0000000000e+00    9.4711426469e-06    3.3399007405e-07    2.8803734550e-02    7.2332205025e-02    4.5431815203e-04    0.0000000000e+00
 133.0100000    9.0430991156e-06    3.0646538803e-07   -1.1675162450e-04    1.1746733096e-04    1.9851060167e-02    3.0287353644e-02    7.2822430899e-02    0.0000000000e+00    9.9999999993e-01    0.0000000000e+00    9.4854646807e-06    3.3414262720e-07    2.8838865866e-02    7.2091546834e-02    4.5462227052e-04    0.0000000000e+00
 133.5100000    9.0557869876e-06    3.0651804932e-07   -1.1672677457e-04    1.1744249861e-04    1.9868145701e-02    3.0320983037e-02    7.2599834163e-02    0.0000000000e+00    9.9999999993e-01    0.0000000000e+00    9.4997468122e-06    3.3440506934e-07    2.8873846417e-02    7.1914528346e-02    4.5493220261e-04    0.0000000000e+00
 134.0100000    9.0685570933e-06    3.0669795176e-07   -1.1670077993e-04    1.1740822317e-04    1.9885625188e-02    3.0354821507e-02    7.2466937229e-02    0.0000000000e+00    9.9999999993e-01    0.0000000000e+00    9.5140036804e-06    3.3460979575e-07    2.8908685749e-02    7.1783479204e-02    4.5521870096e-04    0.0000000000e+00
 134.5100000    9.0814615026e-06    3.0694765553e-07   -1.1667285154e-04    1.1736465995e-04    1.9901840648e-02    3.0389035944e-02    7.2313191700e-02    0.0000000000e+00    9.9999999993e-01    0.0000000000e+00    9.5282150734e-06    3.3476755635e-07    2.8943315961e-02    7.1606453246e-02    4.5546935859e-04    0.0000000000e+00
 135.0100000    9.0944794043e-06    3.0708101791e-07   -1.1664260549e-04    1.1731696442e-04    1.9918342958e-02    3.0423585554e-02    7.2059600418e-02    0.0000000000e+00    9.9999999993e-01    0.0000000000e+00    9.5423795449e-06    3.3497962357e-07    2.8977760556e-02    7.1369673859e-02    4.5570014315e-04    0.0000000000e+00
 135.5100000    9.1075635833e-06    3.0713177260e-07   -1.1660983870e-04    1.1727136425e-04    1.9935327776e-02    3.0458357026e-02    7.1763140250e-02    0.0000000000e+00    9.9999999993e-01    0.0000000000e+00    9.5565170771e-06    3.3519936969e-07    2.9012122929e-02    7.1110140294e-02    4.5594185819e-04    0.0000000000e+00
 136.0100000    9.1206095923e-06    3.0730210589e-07   -1.1657446885e-04    1.1723077939e-04    1.9954120415e-02    3.0493030551e-02    7.1494072747e-02    0.0000000000e+00    9.9999999993e-01    0.0000000000e+00    9.5706413783e-06    3.3535586202e-07    2.9046472604e-02    7.0836606358e-02    4.5621466271e-04    0.0000000000e+00
 136.5100000    9.1335292489e-06    3.0746992491e-07   -1.1653674024e-04    1.1719323127e-04    1.9972912112e-02    3.0527307003e-02    7.1236252019e-02    0.0000000000e+00    9.9999999993e-01    0.0000000000e+00    9.5847352284e-06    3.3554860924e-07    2.9080752869e-02    7.0583358429e-02    4.5651386927e-04    0.0000000000e+00
 137.0100000    9.1463056175e-06    3.0757886234e-07   -1.1649726011e-04    1.1715380841e-04    1.9990676839e-02    3.0561099654e-02    7.1039830259e-02    0.0000000000e+00    9.9999999993e-01    0.0000000000e+00    9.5987922851e-06    3.3579392593e-07    2.9114915469e-02    7.0414739747e-02    4.5681690578e-04    0.0000000000e+00
 137.5100000    9.1589866864e-06    3.0779399737e-07   -1.1645659695e-04    1.1710825444e-04    2.0008678420e-02    3.0594537813e-02    7.0907826156e-02    0.0000000000e+00    9.9999999993e-01    0.0000000000e+00    9.6128078654e-06    3.3599523400e-07    2.9148916532e-02    7.0276388628e-02    4.5710295952e-04    0.0000000000e+00
 138.0100000    9.1716568941e-06    3.0798569351e-07   -1.1641479064e-04    1.1705549055e-04    2.0027125348e-02    3.0627893123e-02    7.0757812657e-02    0.0000000000e+00    9.9999999993e-01    0.0000000000e+00    9.6267789230e-06    3.3618864762e-07    2.9182737079e-02    7.0124336598e-02    4.5736782692e-04    0.0000000000e+00
 138.5100000    9.1843356765e-06    3.0812173471e-07   -1.1637135195e-04    1.1699768843e-04    2.0045611928e-02    3.0661243213e-02    7.0574971150e-02    0.0000000000e+00    9.9999999993e-01    0.0000000000e+00    9.6407241110e-06    3.3639121948e-07    2.9216445876e-02    6.9953936388e-02    4.5762190094e-04    0.0000000000e+00
 139.0100000    9.1969833049e-06    3.0838354586e-07   -1.1632581970e-04    1.1693833390e-04    2.0062403600e-02    3.0694475279e-02    7.0348995245e-02    0.0000000000e+00    9.9999999993e-01    0.0000000000e+00    9.6546367032e-06    3.3656450601e-07    2.9250041396e-02    6.9706927013e-02    4.5787724680e-04    0.0000000000e+00
 139.5100000    9.2096033040e-06    3.0852847243e-07   -1.1627826060e-04    1.1687981782e-04    2.0080451532e-02    3.0727609522e-02    7.0056643843e-02    0.0000000000e+00    9.9999999993e-01    0.0000000000e+00    9.6685060241e-06    3.3680336616e-07    2.9283499390e-02    6.9433874510e-02    4.5814035084e-04    0.0000000000e+00
 140.0100000    9.2222050291e-06    3.0861020708e-07   -1.1622910668e-04    1.1682219023e-04    2.0099458915e-02    3.0760668270e-02    6.9800198410e-02    0.0000000000e+00    9.9999999993e-01    0.0000000000e+00    9.6823840395e-06    3.3701290246e-07    2.9316968677e-02    6.9203492411e-02    4.5841375944e-04    0.0000000000e+00
 140.5100000    9.2347357742e-06    3.0897566553e-07   -1.1617855354e-04    1.1676379334e-04    2.0116463205e-02    3.0793460579e-02    6.9629390918e-02    0.0000000000e+00    9.9999999993e-01    0.0000000000e+00    9.6962438522e-06    3.3715466487e-07    2.9350353194e-02    6.8982216477e-02    4.5869529540e-04    0.0000000000e+00
 141.0100000    9.2472138946e-06    3.0915474300e-07   -1.1612637698e-04    1.1670293678e-04    2.0133915834e-02    3.0826040933e-02    6.9437334372e-02    0.0000000000e+00    9.9999999993e-01    0.0000000000e+00    9.7100326155e-06    3.3742208379e-07    2.9383486673e-02    6.8806936906e-02    4.5897483941e-04    0.0000000000e+00
 141.5100000    9.2596910575e-06    3.0921802244e-07   -1.1607245989e-04    1.1663896130e-04    2.0152819810e-02    3.0858589693e-02    6.9275991922e-02    0.0000000000e+00    9.9999999993e-01    0.0000000000e+00    9.7237986272e-06    3.3769271806e-07    2.9416523090e-02    6.8687180718e-02    4.5924137093e-04    0.0000000000e+00
 142.0100000    9.2721577291e-06    3.0948159234e-07   -1.1601720566e-04    1.1657193666e-04    2.0170591845e-02    3.0891090008e-02    6.9168164920e-02    0.0000000000e+00    9.9999999993e-01    0.0000000000e+00    9.7375574701e-06    3.3783331771e-07    2.9449523776e-02    6.8550488914e-02    4.5949601262e-04    0.0000000000e+00
 142.5100000    9.2845875953e-06    3.0973714503e-07   -1.1596105939e-04    1.1650178965e-04    2.0188316303e-02    3.0923460811e-02    6.9023261617e-02    0.0000000000e+00    9.9999999993e-01    0.0000000000e+00    9.7512734594e-06    3.3797775400e-07    2.9482387118e-02    6.8380185636e-02    4.5975028617e-04    0.0000000000e+00
 143.0100000    9.2969923295e-06    3.0986423366e-07   -1.1590367311e-04    1.1646968661e-04    2.0207022070e-02    3.0955730785e-02    6.8796670372e-02    0.0000000000e+00    9.9999999993e-01    0.0000000000e+00    9.7649414575e-06    3.3824931536e-07    2.9515087935e-02    6.8182407575e-02    4.6000951802e-04    0.0000000000e+00
 143.5100000    9.3094027491e-06    3.0998557546e-07   -1.1584388906e-04    1.1649239177e-04    2.0226005177e-02    3.0987984466e-02    6.8555713593e-02    0.0000000000e+00    9.9999999993e-01    0.0000000000e+00    9.7786079936e-06    3.3848899216e-07    2.9547749648e-02    6.7964429747e-02    4.6026592834e-04    0.0000000000e+00
 144.0100000    9.3217774985e-06    3.1034309099e-07   -1.1584843008e-04    1.1651157382e-04    2.0243878540e-02    3.1020076486e-02    6.8374311079e-02    0.0000000000e+00    9.9999999993e-01    0.0000000000e+00    9.7922456439e-06    3.3863335795e-07    2.9580281988e-02    6.7735926169e-02    4.6051038889e-04    0.0000000000e+00
 144.5100000    9.3341065657e-06    3.1051921708e-07   -1.1587202382e-04    1.1652982503e-04    2.0261957959e-02    3.1051986414e-02    6.8142882013e-02    0.0000000000e+00    9.9999999993e-01    0.0000000000e+00    9.8058158952e-06    3.3887251551e-07    2.9612580974e-02    6.7516271508e-02    4.6074436262e-04    0.0000000000e+00
 145.0100000    9.3464024385e-06    3.1062523169e-07   -1.1589374422e-04    1.1655003933e-04    2.0281547748e-02    3.1083780254e-02    6.7938623028e-02    0.0000000000e+00    9.9999999993e-01    0.0000000000e+00    9.8193701135e-06    3.3908390757e-07    2.9644824976e-02    6.7332412502e-02    4.6097775844e-04    0.0000000000e+00
 145.5100000    9.3586630144e-06    3.1090037268e-07   -1.1591424299e-04    1.1657284789e-04    2.0299923181e-02    3.1115465438e-02    6.7813717907e-02    0.0000000000e+00    9.9999999993e-01    0.0000000000e+00    9.8329075038e-06    3.3925653743e-07    2.9677025301e-02    6.7183627519e-02    4.6121871490e-04    0.0000000000e+00
 146.0100000    9.3709199369e-06    3.1098927413e-07   -1.1593373108e-04    1.1659532846e-04    2.0318368594e-02    3.1147134859e-02    6.7639937952e-02    0.0000000000e+00    9.9999999993e-01    0.0000000000e+00    9.8464348770e-06    3.3944231076e-07    2.9709190811e-02    6.7028838280e-02    4.6146541783e-04    0.0000000000e+00
 146.5100000    9.3831248638e-06    3.1123286965e-07   -1.1595199570e-04    1.1661259620e-04    2.0337824571e-02    3.1178594194e-02    6.7497225859e-02    0.0000000000e+00    9.9999999993e-01    0.0000000000e+00    9.8599337256e-06    3.3957607782e-07    2.9741233463e-02    6.6861583458e-02    4.6170545614e-04    0.0000000000e+00
 147.0100000    9.3952758866e-06    3.1148759938e-07   -1.1596867123e-04    1.1662148670e-04    2.0356426176e-02    3.1209807400e-02    6.7330577438e-02    0.0000000000e+00    9.9999999993e-01    0.0000000000e+00    9.8733580559e-06    3.3984439261e-07    2.9772986270e-02    6.6694846527e-02    4.6192484779e-04    0.0000000000e+00
 147.5100000    9.4074552673e-06    3.1158907787e-07   -1.1598341647e-04    1.1662339916e-04    2.0374020801e-02    3.1241045393e-02    6.7088741777e-02    0.0000000000e+00    9.9999999993e-01    0.0000000000e+00    9.8867713750e-06    3.4011942487e-07    2.9804638641e-02    6.6486894196e-02    4.6211943850e-04    0.0000000000e+00
 148.0100000    9.4196449424e-06    3.1185122782e-07   -1.1599586912e-04    1.1662366333e-04    2.0391822572e-02    3.1272276375e-02    6.6877230170e-02    0.0000000000e+00    9.9999999993e-01    0.0000000000e+00    9.9001853259e-06    3.4023975940e-07    2.9836252559e-02    6.6245212604e-02    4.6229699563e-04    0.0000000000e+00
 148.5100000    9.4318210389e-06    3.1201630067e-07   -1.1600574191e-04    1.1662758750e-04    2.0410849066e-02    3.1303459098e-02    6.6652912817e-02    0.0000000000e+00    9.9999999993e-01    0.0000000000e+00    9.9135606623e-06    3.4039867536e-07    2.9867746083e-02    6.6019161318e-02    4.6247108912e-04    0.0000000000e+00
 149.0100000    9.4440218629e-06    3.1211317901e-07   -1.1601319918e-04    1.1663629371e-04    2.0430012002e-02    3.1334741282e-02    6.6456165715e-02    0.0000000000e+00    9.9999999993e-01    0.0000000000e+00    9.9269163888e-06    3.4062081857e-07    2.9899196271e-02    6.5846539147e-02    4.6265479125e-04    0.0000000000e+00
 149.5100000    9.4562486380e-06    3.1229946940e-07   -1.1601895049e-04    1.1664581494e-04    2.0448873692e-02    3.1366116864e-02    6.6315924781e-02    0.0000000000e+00    9.9999999993e-01    0.0000000000e+00    9.9402579277e-06    3.4080063978e-07    2.9930609906e-02    6.5702949148e-02    4.6285194389e-04    0.0000000000e+00
 150.0100000    9.4684237375e-06    3.1252373763e-07   -1.1602370668e-04    1.1665017864e-04    2.0468756623e-02    3.1397300351e-02    6.6164078572e-02    0.0000000000e+00    9.9999999993e-01    0.0000000000e+00    9.9535571842e-06    3.4095786030e-07    2.9961875567e-02    6.5535883585e-02    4.6304712880e-04    0.0000000000e+00
 150.5100000    9.4804952250e-06    3.1267232576e-07   -1.1602755476e-04    1.1664580375e-04    2.0488661377e-02    3.1428097574e-02    6.5999883602e-02    0.0000000000e+00    9.9999999993e-01    0.0000000000e+00    9.9668070926e-06    3.4118436755e-07    2.9992950820e-02    6.5385593236e-02    4.6321260425e-04    0.0000000000e+00
 151.0100000    9.4925013945e-06    3.1278184171e-07   -1.1602986097e-04    1.1663369290e-04    2.0506887779e-02    3.1458635867e-02    6.5819742428e-02    0.0000000000e+00    9.9999999993e-01    0.0000000000e+00    9.9800404943e-06    3.4139218389e-07    3.0023934741e-02    6.5223551551e-02    4.6333539472e-04    0.0000000000e+00
 151.5100000    9.5044898649e-06    3.1305042924e-07   -1.1602960486e-04    1.1661814940e-04    2.0524092250e-02    3.1489092747e-02    6.5663731836e-02    0.0000000000e+00    9.9999999993e-01    0.0000000000e+00    9.9932542072e-06    3.4153455213e-07    3.0054836627e-02    6.5040497238e-02    4.6343155232e-04    0.0000000000e+00
 152.0100000    9.5165096118e-06    3.1318460670e-07   -1.1602590122e-04    1.1660356095e-04    2.0543468228e-02    3.1519653269e-02    6.5483490276e-02    0.0000000000e+00    9.9999999993e-01    0.0000000000e+00    1.0006437850e-05    3.4174043841e-07    3.0085647258e-02    6.4873292159e-02    4.6352585273e-04    0.0000000000e+00
 152.5100000    9.5285830243e-06    3.1322691588e-07   -1.1601863992e-04    1.1659171573e-04    2.0563807834e-02    3.1550403709e-02    6.5256749700e-02    0.0000000000e+00    9.9999999993e-01    0.0000000000e+00    1.0019617037e-05    3.4193530871e-07    3.0116455385e-02    6.4676306689e-02    4.6362524085e-04    0.0000000000e+00
 153.0100000    9.5406673130e-06    3.1342710207e-07   -1.1600878543e-04    1.1658116007e-04    2.0583193554e-02    3.1581200842e-02    6.5062106573e-02    0.0000000000e+00    9.9999999993e-01    0.0000000000e+00    1.0032771823e-05    3.4207226674e-07    3.0147199654e-02    6.4468086578e-02    4.6371960158e-04    0.0000000000e+00
 153.5100000    9.5527057542e-06    3.1363547278e-07   -1.1599775565e-04    1.1656860437e-04    2.0603769594e-02    3.1611847233e-02    6.4867109396e-02    0.0000000000e+00    9.9999999993e-01    0.0000000000e+00    1.0045870862e-05    3.4225068523e-07    3.0177776618e-02    6.4265754987e-02    4.6379840372e-04    0.0000000000e+00
 154.0100000    9.5646746553e-06    3.1382620748e-07   -1.1598627017e-04    1.1655117276e-04    2.0623574963e-02    3.1642251908e-02    6.4680261350e-02    0.0000000000e+00    9.9999999993e-01    0.0000000000e+00    1.0058918664e-05    3.4249749631e-07    3.0208187735e-02    6.4087852966e-02    4.6385580694e-04    0.0000000000e+00
 154.5100000    9.5766103151e-06    3.1386091004e-07   -1.1597380244e-04    1.1652787318e-04    2.0642326966e-02    3.1672525332e-02    6.4505509182e-02    0.0000000000e+00    9.9999999993e-01    0.0000000000e+00    1.0071961663e-05    3.4270025278e-07    3.0238563191e-02    6.3944972540e-02    4.6388618511e-04    0.0000000000e+00
 155.0100000    9.5885088077e-06    3.1405261735e-07   -1.1595908532e-04    1.1649950299e-04    2.0660577271e-02    3.1702649934e-02    6.4372574410e-02    0.0000000000e+00    9.9999999993e-01    0.0000000000e+00    1.0085012995e-05    3.4277593710e-07    3.0268937901e-02    6.3788257456e-02    4.6393121921e-04    0.0000000000e+00
 155.5100000    9.6003926976e-06    3.1437793888e-07   -1.1594107279e-04    1.1646766552e-04    2.0678137004e-02    3.1732698475e-02    6.4251873238e-02    0.0000000000e+00    9.9999999993e-01    0.0000000000e+00    1.0098017970e-05    3.4298625721e-07    3.0299146121e-02    6.3642250101e-02    4.6418537745e-04    0.0000000000e+00
 156.0100000    9.6123726509e-06    3.1435189183e-07   -1.1591961168e-04    1.1643403517e-04    2.0697140812e-02    3.1763041480e-02    6.4032690040e-02    0.0000000000e+00    9.9999999993e-01    0.0000000000e+00    1.0111016134e-05    3.4330075949e-07    3.0329311426e-02    6.3487849960e-02    4.6444269004e-04    0.0000000000e+00
 156.5100000    9.6243999396e-06    3.1449589570e-07   -1.1589546068e-04    1.1640006983e-04    2.0716131837e-02    3.1793529854e-02    6.3828478732e-02    0.0000000000e+00    9.9999999993e-01    0.0000000000e+00    1.0124027587e-05    3.4341654904e-07    3.0359505502e-02    6.3277416918e-02    4.6470873709e-04    0.0000000000e+00
 157.0100000    9.6363538095e-06    3.1481965351e-07   -1.1586967575e-04    1.1636656218e-04    2.0735723644e-02    3.1823777316e-02    6.3660072657e-02    0.0000000000e+00    9.9999999993e-01    0.0000000000e+00    1.0136971922e-05    3.4353356469e-07    3.0389499174e-02    6.3067581842e-02    4.6498509334e-04    0.0000000000e+00
 157.5100000    9.6482331778e-06    3.1490651164e-07   -1.1584284129e-04    1.1633289476e-04    2.0755957594e-02    3.1853783234e-02    6.3452083579e-02    0.0000000000e+00    9.9999999993e-01    0.0000000000e+00    1.0149862892e-05    3.4380196030e-07    3.0419336407e-02    6.2893114392e-02    4.6526983936e-04    0.0000000000e+00
 158.0100000    9.6600718747e-06    3.1495366147e-07   -1.1581480051e-04    1.1629679410e-04    2.0775070136e-02    3.1883646409e-02    6.3272058944e-02    0.0000000000e+00    9.9999999993e-01    0.0000000000e+00    1.0162762986e-05    3.4402981999e-07    3.0449192020e-02    6.2746228546e-02    4.6555964197e-04    0.0000000000e+00
 158.5100000    9.6718831758e-06    3.1512690712e-07   -1.1578498212e-04    1.1625536641e-04    2.0794840588e-02    3.1913388093e-02    6.3164149858e-02    0.0000000000e+00    9.9999999993e-01    0.0000000000e+00    1.0175678518e-05    3.4412200429e-07    3.0479063276e-02    6.2621343788e-02    4.6585003999e-04    0.0000000000e+00
 159.0100000    9.6836516252e-06    3.1543253394e-07   -1.1575282504e-04    1.1620707338e-04    2.0814189007e-02    3.1942939456e-02    6.3082943193e-02    0.0000000000e+00    9.9999999993e-01    0.0000000000e+00    1.0188549466e-05    3.4427291020e-07    3.0508753395e-02    6.2508085994e-02    4.6613481701e-04    0.0000000000e+00
 159.5100000    9.6954202232e-06    3.1554429537e-07   -1.1571797765e-04    1.1615314498e-04    2.0833467864e-02    3.1972442145e-02    6.2918281546e-02    0.0000000000e+00    9.9999999993e-01    0.0000000000e+00    1.0201351529e-05    3.4460607129e-07    3.0538189687e-02    6.2382794191e-02    4.6640817163e-04    0.0000000000e+00
 160.0100000    9.7072383097e-06    3.1560578442e-07   -1.1568038520e-04    1.1609700338e-04    2.0853996174e-02    3.2002077237e-02    6.2707841744e-02    0.0000000000e+00    9.9999999993e-01    0.0000000000e+00    1.0214151919e-05    3.4482437106e-07    3.0567591040e-02    6.2200621675e-02    4.6667193599e-04    0.0000000000e+00
 160.5100000    9.7190238165e-06    3.1591763515e-07   -1.1564032177e-04    1.1604186374e-04    2.0873929293e-02    3.2031598460e-02    6.2512173435e-02    0.0000000000e+00    9.9999999993e-01    0.0000000000e+00    1.0226936293e-05    3.4488811315e-07    3.0596937576e-02    6.1957236529e-02    4.6694060313e-04    0.0000000000e+00
 161.0100000    9.7307177997e-06    3.1611103877e-07   -1.1559822410e-04    1.1598839686e-04    2.0894052085e-02    3.2060824176e-02    6.2298178741e-02    0.0000000000e+00    9.9999999993e-01    0.0000000000e+00    1.0239661128e-05    3.4509869065e-07    3.0626111021e-02    6.1745189921e-02    4.6723165814e-04    0.0000000000e+00
 161.5100000    9.7424183843e-06    3.1612123458e-07   -1.1555437957e-04    1.1593435055e-04    2.0914290090e-02    3.2090068606e-02    6.2089244569e-02    0.0000000000e+00    9.9999999993e-01    0.0000000000e+00    1.0252393234e-05    3.4539189838e-07    3.0655302585e-02    6.1587643004e-02    4.6754560488e-04    0.0000000000e+00
 162.0100000    9.7541722277e-06    3.1632030438e-07   -1.1550875808e-04    1.1587628733e-04    2.0934402048e-02    3.2119462694e-02    6.1972650243e-02    0.0000000000e+00    9.9999999993e-01    0.0000000000e+00    1.0265172804e-05    3.4552147010e-07    3.0684610776e-02    6.1456153801e-02    4.6786065581e-04    0.0000000000e+00
 162.5100000    9.7658821420e-06    3.1663515283e-07   -1.1546110677e-04    1.1581194451e-04    2.0953841234e-02    3.2148666928e-02    6.1919512889e-02    0.0000000000e+00    9.9999999993e-01    0.0000000000e+00    1.0277911785e-05    3.4566139864e-07    3.0713753712e-02    6.1367698562e-02    4.6815379133e-04    0.0000000000e+00
 163.0100000    9.7775670724e-06    3.1669430477e-07   -1.1541114000e-04    1.1574155080e-04    2.0972474515e-02    3.2177740693e-02    6.1784985321e-02    0.0000000000e+00    9.9999999993e-01    0.0000000000e+00    1.0290580879e-05    3.4596632719e-07    3.0742641163e-02    6.1276442178e-02    4.6842453885e-04    0.0000000000e+00
 163.5100000    9.7892654967e-06    3.1682437035e-07   -1.1535865894e-04    1.1566740959e-04    2.0992959362e-02    3.2206825033e-02    6.1620169639e-02    0.0000000000e+00    9.9999999993e-01    0.0000000000e+00    1.0303249109e-05    3.4616077597e-07    3.0771493121e-02    6.1121626102e-02    4.6869274862e-04    0.0000000000e+00
 164.0100000    9.8008811704e-06    3.1707223499e-07   -1.1530359669e-04    1.1559220341e-04    2.1012072918e-02    3.2235623208e-02    6.1439543765e-02    0.0000000000e+00    9.9999999993e-01    0.0000000000e+00    1.0315890555e-05    3.4626207010e-07    3.0800250924e-02    6.0913125055e-02    4.6897556930e-04    0.0000000000e+00
 164.5100000    9.8124144979e-06    3.1715146520e-07   -1.1524602487e-04    1.1551722240e-04    2.1030803976e-02    3.2264148861e-02    6.1214176848e-02    0.0000000000e+00    9.9999999993e-01    0.0000000000e+00    1.0328483283e-05    3.4646361480e-07    3.0828860781e-02    6.0709533698e-02    4.6927241095e-04    0.0000000000e+00
 165.0100000    9.8239773945e-06    3.1727764185e-07   -1.1518610820e-04    1.1554149476e-04    2.1050832226e-02    3.2292768446e-02    6.1014194676e-02    0.0000000000e+00    9.9999999993e-01    0.0000000000e+00    1.0341082654e-05    3.4669011558e-07    3.0857486633e-02    6.0526192069e-02    4.6957092737e-04    0.0000000000e+00
 165.5100000    9.8356057832e-06    3.1744446274e-07   -1.1512400757e-04    1.1557570262e-04    2.1071396698e-02    3.2321589185e-02    6.0858373899e-02    0.0000000000e+00    9.9999999993e-01    0.0000000000e+00    1.0353696441e-05    3.4684861727e-07    3.0886141482e-02    6.0367611838e-02    4.6986087219e-04    0.0000000000e+00
 166.0100000    9.8472450330e-06    3.1759280467e-07   -1.1505979351e-04    1.1560517026e-04    2.1092261283e-02    3.2350421759e-02    6.0749799518e-02    0.0000000000e+00    9.9999999993e-01    0.0000000000e+00    1.0366281366e-05    3.4701627623e-07    3.0914686943e-02    6.0260855923e-02    4.7014014645e-04    0.0000000000e+00
 166.5100000    9.8588995898e-06    3.1767804611e-07   -1.1505163109e-04    1.1562920418e-04    2.1112649482e-02    3.2379277428e-02    6.0633168299e-02    0.0000000000e+00    9.9999999993e-01    0.0000000000e+00    1.0378836878e-05    3.4725149045e-07    3.0943118299e-02    6.0169310996e-02    4.7041206930e-04    0.0000000000e+00
 167.0100000    9.8705535409e-06    3.1787539000e-07   -1.1508141793e-04    1.1564900732e-04    2.1133979046e-02    3.2408108190e-02    6.0510404461e-02    0.0000000000e+00    9.9999999993e-01    0.0000000000e+00    1.0391379623e-05    3.4739919909e-07    3.0971489244e-02    6.0035580219e-02    4.7068076147e-04    0.0000000000e+00
 167.5100000    9.8821234175e-06    3.1807189010e-07   -1.1510858245e-04    1.1566633284e-04    2.1155013648e-02    3.2436646692e-02    6.0349723396e-02    0.0000000000e+00    9.9999999993e-01    0.0000000000e+00    1.0403869190e-05    3.4756555428e-07    3.0999685564e-02    5.9868255664e-02    4.7094795339e-04    0.0000000000e+00
 168.0100000    9.8936288095e-06    3.1807388084e-07   -1.1513310219e-04    1.1568210972e-04    2.1174606487e-02    3.2464960414e-02    6.0121838424e-02    0.0000000000e+00    9.9999999993e-01    0.0000000000e+00    1.0416332724e-05    3.4780970917e-07    3.1027791069e-02    5.9683101879e-02    4.7121119973e-04    0.0000000000e+00
 168.5100000    9.9051083371e-06    3.1830526967e-07   -1.1515513428e-04    1.1569612172e-04    2.1195222513e-02    3.2493174715e-02    5.9944256302e-02    0.0000000000e+00    9.9999999993e-01    0.0000000000e+00    1.0428805623e-05    3.4793938771e-07    3.1055909818e-02    5.9485558573e-02    4.7146488274e-04    0.0000000000e+00
 169.0100000    9.9165775790e-06    3.1848972051e-07   -1.1517484946e-04    1.1570769316e-04    2.1216091261e-02    3.2521338103e-02    5.9781814561e-02    0.0000000000e+00    9.9999999993e-01    0.0000000000e+00    1.0441250040e-05    3.4809843717e-07    3.1083926732e-02    5.9317468229e-02    4.7170500024e-04    0.0000000000e+00
 169.5100000    9.9280560563e-06    3.1852996990e-07   -1.1519234636e-04    1.1571648054e-04    2.1236137568e-02    3.2549512491e-02    5.9626324090e-02    0.0000000000e+00    9.9999999993e-01    0.0000000000e+00    1.0453683609e-05    3.4832980811e-07    3.1111892361e-02    5.9194633715e-02    4.7193383290e-04    0.0000000000e+00
 170.0100000    9.9395442907e-06    3.1869107119e-07   -1.1520764332e-04    1.1572260307e-04    2.1257055360e-02    3.2577700022e-02    5.9519017647e-02    0.0000000000e+00    9.9999999993e-01    0.0000000000e+00    1.0466118318e-05    3.4849760779e-07    3.1139842804e-02    5.9086462134e-02    4.7215827758e-04    0.0000000000e+00
 170.5100000    9.9510362889e-06    3.1883292781e-07   -1.1522069315e-04    1.1572616382e-04    2.1278039188e-02    3.2605882100e-02    5.9404472525e-02    0.0000000000e+00    9.9999999993e-01    0.0000000000e+00    1.0478527710e-05    3.4863177771e-07    3.1167700451e-02    5.8969171074e-02    4.7238173346e-04    0.0000000000e+00
 171.0100000    9.9624845115e-06    3.1899468909e-07   -1.1523142834e-04    1.1572681909e-04    2.1298235908e-02    3.2633902244e-02    5.9260566931e-02    0.0000000000e+00    9.9999999993e-01    0.0000000000e+00    1.0490894186e-05    3.4881626675e-07    3.1195412204e-02    5.8827697603e-02    4.7259818666e-04    0.0000000000e+00
 171.5100000    9.9738804549e-06    3.1907708855e-07   -1.1523982017e-04    1.1572391016e-04    2.1318184072e-02    3.2661729889e-02    5.9071393225e-02    0.0000000000e+00    9.9999999993e-01    0.0000000000e+00    1.0503233296e-05    3.4903407129e-07    3.1223021616e-02    5.8661094530e-02    4.7279626310e-04    0.0000000000e+00
 172.0100000    9.9852496172e-06    3.1919015744e-07   -1.1524585381e-04    1.1571704912e-04    2.1339113364e-02    3.2689445434e-02    5.8889038592e-02    0.0000000000e+00    9.9999999993e-01    0.0000000000e+00    1.0515574848e-05    3.4916545919e-07    3.1250614260e-02    5.8481097262e-02    4.7296967588e-04    0.0000000000e+00
 172.5100000    9.9965795114e-06    3.1940295183e-07   -1.1524940354e-04    1.1570660324e-04    2.1359502665e-02    3.2717007437e-02    5.8730855120e-02    0.0000000000e+00    9.9999999993e-01    0.0000000000e+00    1.0527897812e-05    3.4931102178e-07    3.1278127037e-02    5.8309778503e-02    4.7312251032e-04    0.0000000000e+00
 173.0100000    1.0007905948e-05    3.1951017517e-07   -1.1525018908e-04    1.1569361176e-04    2.1379479936e-02    3.2744538490e-02    5.8569974741e-02    0.0000000000e+00    9.9999999993e-01    0.0000000000e+00    1.0540198323e-05    3.4955011844e-07    3.1305553732e-02    5.8170137877e-02    4.7326349720e-04    0.0000000000e+00
 173.5100000    1.0019301805e-05    3.1958088938e-07   -1.1524797560e-04    1.1567914280e-04    2.1400572740e-02    3.2772286364e-02    5.8426245768e-02    0.0000000000e+00    9.9999999993e-01    0.0000000000e+00    1.0552505934e-05    3.4972800264e-07    3.1332991290e-02    5.8043678354e-02    4.7339643730e-04    0.0000000000e+00
 174.0100000    1.0030739999e-05    3.1975824469e-07   -1.1524287840e-04    1.1566352948e-04    2.1422107467e-02    3.2800172881e-02    5.8320841430e-02    0.0000000000e+00    9.9999999993e-01    0.0000000000e+00    1.0564799834e-05    3.4984564990e-07    3.1360387993e-02    5.7926351328e-02    4.7351741106e-04    0.0000000000e+00
 174.5100000    1.0042165361e-05    3.1996156762e-07   -1.1523541552e-04    1.1564599581e-04    2.1443105142e-02    3.2828023884e-02    5.8203308413e-02    0.0000000000e+00    9.9999999993e-01    0.0000000000e+00    1.0577044257e-05    3.5004217667e-07    3.1387643709e-02    5.7805453738e-02    4.7361975443e-04    0.0000000000e+00
 175.0100000    1.0053588213e-05    3.2005294934e-07   -1.1522613754e-04    1.1562492102e-04    2.1464723630e-02    3.2855867601e-02    5.8032688975e-02    0.0000000000e+00    9.9999999993e-01    0.0000000000e+00    1.0589274308e-05    3.5028190320e-07    3.1414857343e-02    5.7658686360e-02    4.7369878290e-04    0.0000000000e+00
 175.5100000    1.0064953203e-05    3.2018783562e-07   -1.1521510058e-04    1.1559864927e-04    2.1485873687e-02    3.2883514194e-02    5.7863773328e-02    0.0000000000e+00    9.9999999993e-01    0.0000000000e+00    1.0601519979e-05    3.5042256184e-07    3.1442108996e-02    5.7489681933e-02    4.7375112973e-04    0.0000000000e+00
 176.0100000    1.0076174490e-05    3.2040482701e-07   -1.1520168994e-04    1.1556648614e-04    2.1507111846e-02    3.2910672435e-02    5.7717572733e-02    0.0000000000e+00    9.9999999993e-01    0.0000000000e+00    1.0613736882e-05    3.5054370376e-07    3.1469256322e-02    5.7325752705e-02    4.7377246361e-04    0.0000000000e+00
 176.5100000    1.0087307583e-05    3.2053217942e-07   -1.1518505033e-04    1.1552932644e-04    2.1527516689e-02    3.2937519237e-02    5.7569018557e-02    0.0000000000e+00    9.9999999993e-01    0.0000000000e+00    1.0625914298e-05    3.5078334281e-07    3.1496263311e-02    5.7194481440e-02    4.7375942499e-04    0.0000000000e+00
 177.0100000    1.0098470696e-05    3.2061051822e-07   -1.1516479984e-04    1.1548935760e-04    2.1547110551e-02    3.2964448105e-02    5.7430574061e-02    0.0000000000e+00    9.9999999993e-01    0.0000000000e+00    1.0638092794e-05    3.5098448911e-07    3.1523257597e-02    5.7075416067e-02    4.7371448533e-04    0.0000000000e+00
 177.5100000    1.0109687337e-05    3.2078541602e-07   -1.1514136899e-04    1.1544875391e-04    2.1567859829e-02    3.2991551178e-02    5.7320444183e-02    0.0000000000e+00    9.9999999993e-01    0.0000000000e+00    1.0650255444e-05    3.5108720122e-07    3.1550204001e-02    5.6951625263e-02    4.7364606139e-04    0.0000000000e+00
 178.0100000    1.0120973280e-05    3.2094959500e-07   -1.1511563977e-04    1.1540811004e-04    2.1588721426e-02    3.3018889947e-02    5.7191989348e-02    0.0000000000e+00    9.9999999993e-01    0.0000000000e+00    1.0662380175e-05    3.5129513107e-07    3.1577047052e-02    5.6828512854e-02    4.7356009599e-04    0.0000000000e+00
 178.5100000    1.0132372497e-05    3.2104208234e-07   -1.1508825136e-04    1.1536582037e-04    2.1610014613e-02    3.3046601791e-02    5.7027855520e-02    0.0000000000e+00    9.9999999993e-01    0.0000000000e+00    1.0674511498e-05    3.5152719378e-07    3.1603913064e-02    5.6686264994e-02    4.7345047226e-04    0.0000000000e+00
 179.0100000    1.0143807404e-05    3.2121799800e-07   -1.1505920186e-04    1.1531905457e-04    2.1632112661e-02    3.3074412727e-02    5.6877513141e-02    0.0000000000e+00    9.9999999993e-01    0.0000000000e+00    1.0686650227e-05    3.5165440492e-07    3.1630784369e-02    5.6526319678e-02    4.7352368852e-04    0.0000000000e+00
 179.5100000    1.0155146931e-05    3.2144362639e-07   -1.1502796523e-04    1.1526573455e-04    2.1653815827e-02    3.3101871503e-02    5.6742845437e-02    0.0000000000e+00    9.9999999993e-01    0.0000000000e+00    1.0698759935e-05    3.5183512184e-07    3.1657529951e-02    5.6381872764e-02    4.7384847757e-04    0.0000000000e+00
 180.0100000    1.0166368084e-05    3.2163089623e-07   -1.1499386695e-04    1.1520606133e-04    2.1674887663e-02    3.3128891234e-02    5.6609726117e-02    0.0000000000e+00    9.9999999993e-01    0.0000000000e+00    1.0710846927e-05    3.5207847623e-07    3.1684156745e-02    5.6255815244e-02    4.7416484060e-04    0.0000000000e+00
 180.5100000    1.0177505470e-05    3.2174195319e-07   -1.1495645305e-04    1.1514242724e-04    2.1695978428e-02    3.3155590983e-02    5.6482413870e-02    0.0000000000e+00    9.9999999993e-01    0.0000000000e+00    1.0722928346e-05    3.5226586896e-07    3.1710721296e-02    5.6139660062e-02    4.7447369201e-04    0.0000000000e+00
 181.0100000    1.0188555518e-05    3.2193064489e-07   -1.1491577549e-04    1.1507774569e-04    2.1716261909e-02    3.3181977976e-02    5.6379789608e-02    0.0000000000e+00    9.9999999993e-01    0.0000000000e+00    1.0734994363e-05    3.5240289177e-07    3.1737212387e-02    5.6026462724e-02    4.7478455951e-04    0.0000000000e+00
 181.5100000    1.0199569767e-05    3.2212628925e-07   -1.1487246175e-04    1.1501340676e-04    2.1737110648e-02    3.3208239153e-02    5.6268908395e-02    0.0000000000e+00    9.9999999993e-01    0.0000000000e+00    1.0747019994e-05    3.5258367307e-07    3.1763574528e-02    5.5911219545e-02    4.7510757537e-04    0.0000000000e+00
 182.0100000    1.0210652635e-05    3.2216443547e-07   -1.1482734944e-04    1.1494834829e-04    2.1758877029e-02    3.3234720930e-02    5.6109971485e-02    0.0000000000e+00    9.9999999993e-01    0.0000000000e+00    1.0759042181e-05    3.5280330679e-07    3.1789923395e-02    5.5781160426e-02    4.7544515796e-04    0.0000000000e+00
 182.5100000    1.0221797892e-05    3.2235659017e-07   -1.1478079291e-04    1.1487989925e-04    2.1780225998e-02    3.3261395141e-02    5.5967943136e-02    0.0000000000e+00    9.9999999993e-01    0.0000000000e+00    1.0771080602e-05    3.5295551322e-07    3.1816309678e-02    5.5630632714e-02    4.7579080692e-04    0.0000000000e+00
 183.0100000    1.0232972860e-05    3.2258220059e-07   -1.1473224181e-04    1.1480571284e-04    2.1801833784e-02    3.3288139583e-02    5.5835773958e-02    0.0000000000e+00    9.9999999993e-01    0.0000000000e+00    1.0783086063e-05    3.5312516616e-07    3.1842573060e-02    5.5487352286e-02    4.7613465100e-04    0.0000000000e+00
 183.5100000    1.0244192803e-05    3.2266816486e-07   -1.1468061348e-04    1.1472530149e-04    2.1824017735e-02    3.3314991875e-02    5.5694333332e-02    0.0000000000e+00    9.9999999993e-01    0.0000000000e+00    1.0795069007e-05    3.5337377919e-07    3.1868733053e-02    5.5370802819e-02    4.7646965914e-04    0.0000000000e+00
 184.0100000    1.0255430168e-05    3.2284692736e-07   -1.1462520808e-04    1.1473963433e-04    2.1845668581e-02    3.3341865126e-02    5.5589413974e-02    0.0000000000e+00    9.9999999993e-01    0.0000000000e+00    1.0807052454e-05    3.5355109249e-07    3.1894860186e-02    5.5263446435e-02    4.7679426711e-04    0.0000000000e+00
 184.5100000    1.0266629553e-05    3.2308230203e-07   -1.1456627561e-04    1.1476992918e-04    2.1867362422e-02    3.3368594777e-02    5.5488823172e-02    0.0000000000e+00    9.9999999993e-01    0.0000000000e+00    1.0819002801e-05    3.5369427187e-07    3.1920870105e-02    5.5145804986e-02    4.7711196868e-04    0.0000000000e+00
 185.0100000    1.0277798394e-05    3.2317947577e-07   -1.1450464187e-04    1.1479878660e-04    2.1888890243e-02    3.3395223900e-02    5.5343556411e-02    0.0000000000e+00    9.9999999993e-01    0.0000000000e+00    1.0830932323e-05    3.5392890324e-07    3.1946817076e-02    5.5021260033e-02    4.7742925507e-04    0.0000000000e+00
 185.5100000    1.0288952818e-05    3.2329498275e-07   -1.1444078968e-04    1.1482732899e-04    2.1910953874e-02    3.3421814677e-02    5.5187188519e-02    0.0000000000e+00    9.9999999993e-01    0.0000000000e+00    1.0842882735e-05    3.5410551326e-07    3.1972833387e-02    5.4873375382e-02    4.7775153568e-04    0.0000000000e+00
 186.0100000    1.0300066811e-05    3.2351304510e-07   -1.1437438855e-04    1.1485474733e-04    2.1933219460e-02    3.3448277735e-02    5.5045679316e-02    0.0000000000e+00    9.9999999993e-01    0.0000000000e+00    1.0854815953e-05    3.5423443597e-07    3.1998802016e-02    5.4715792139e-02    4.7807835340e-04    0.0000000000e+00
 186.5100000    1.0311156278e-05    3.2363240473e-07   -1.1436559866e-04    1.1487905981e-04    2.1955228577e-02    3.3474649978e-02    5.4898750510e-02    0.0000000000e+00    9.9999999993e-01    0.0000000000e+00    1.0866718789e-05    3.5444834123e-07    3.2024670034e-02    5.4582430502e-02    4.7840266151e-04    0.0000000000e+00
 187.0100000    1.0322230394e-05    3.2380962244e-07   -1.1439720057e-04    1.1489840953e-04    2.1977268906e-02    3.3500947533e-02    5.4778358134e-02    0.0000000000e+00    9.9999999993e-01    0.0000000000e+00    1.0878606524e-05    3.5465611006e-07    3.2050469402e-02    5.4464852124e-02    4.7871638742e-04    0.0000000000e+00
 187.5100000    1.0333288252e-05    3.2394272352e-07   -1.1442587874e-04    1.1491206438e-04    2.1998900535e-02    3.3527162785e-02    5.4670974133e-02    0.0000000000e+00    9.9999999993e-01    0.0000000000e+00    1.0890472750e-05    3.5483917057e-07    3.2076176784e-02    5.4363633272e-02    4.7901692530e-04    0.0000000000e+00
 188.0100000    1.0344326293e-05    3.2411908264e-07   -1.1445222652e-04    1.1492071499e-04    2.2021044836e-02    3.3553288033e-02    5.4573692149e-02    0.0000000000e+00    9.9999999993e-01    0.0000000000e+00    1.0902337680e-05    3.5498923919e-07    3.2101855317e-02    5.4260178706e-02    4.7930740334e-04    0.0000000000e+00
 188.5100000    1.0355349207e-05    3.2435946773e-07   -1.1447625717e-04    1.1492602422e-04    2.2042689024e-02    3.3579345632e-02    5.4458551436e-02    0.0000000000e+00    9.9999999993e-01    0.0000000000e+00    1.0914177891e-05    3.5518779989e-07    3.2127442922e-02    5.4136142959e-02    4.7959110350e-04    0.0000000000e+00
 189.0100000    1.0366409476e-05    3.2434610697e-07   -1.1449739368e-04    1.1492961618e-04    2.2064869988e-02    3.3605510804e-02    5.4288535464e-02    0.0000000000e+00    9.9999999993e-01    0.0000000000e+00    1.0926015567e-05    3.5541242423e-07    3.2153009891e-02    5.4003054394e-02    4.7986703714e-04    0.0000000000e+00
 189.5100000    1.0377471987e-05    3.2459782454e-07   -1.1451518580e-04    1.1493202857e-04    2.2087918578e-02    3.3631673183e-02    5.4167524707e-02    0.0000000000e+00    9.9999999993e-01    0.0000000000e+00    1.0937861022e-05    3.5551824326e-07    3.2178589807e-02    5.3856846953e-02    4.8013108838e-04    0.0000000000e+00
 190.0100000    1.0388512371e-05    3.2485745389e-07   -1.1452985371e-04    1.1493236056e-04    2.2110708712e-02    3.3657754553e-02    5.4044481141e-02    0.0000000000e+00    9.9999999993e-01    0.0000000000e+00    1.0949656297e-05    3.5572115244e-07    3.2204012983e-02    5.3722484859e-02    4.8038025941e-04    0.0000000000e+00
 190.5100000    1.0399563509e-05    3.2485273017e-07   -1.1454201686e-04    1.1492894949e-04    2.2133489138e-02    3.3683861708e-02    5.3896177954e-02    0.0000000000e+00    9.9999999993e-01    0.0000000000e+00    1.0961443229e-05    3.5598149397e-07    3.2229402772e-02    5.3614680660e-02    4.8061506264e-04    0.0000000000e+00
 191.0100000    1.0410593450e-05    3.2506874604e-07   -1.1455196505e-04    1.1492054357e-04    2.2155936472e-02    3.3709890896e-02    5.3805232143e-02    0.0000000000e+00    9.9999999993e-01    0.0000000000e+00    1.0973230302e-05    3.5611456478e-07    3.2254783739e-02    5.3508588797e-02    4.8083772654e-04    0.0000000000e+00
 191.5100000    1.0421600642e-05    3.2525604720e-07   -1.1455933558e-04    1.1490697440e-04    2.2178253668e-02    3.3735834846e-02    5.3703594709e-02    0.0000000000e+00    9.9999999993e-01    0.0000000000e+00    1.0984990269e-05    3.5626287730e-07    3.2280073692e-02    5.3399014025e-02    4.8104801706e-04    0.0000000000e+00
 192.0100000    1.0432612359e-05    3.2540731571e-07   -1.1456352190e-04    1.1488885528e-04    2.2199717417e-02    3.3761779165e-02    5.3571807091e-02    0.0000000000e+00    9.9999999993e-01    0.0000000000e+00    1.0996743299e-05    3.5647864824e-07    3.2305329386e-02    5.3275438945e-02    4.8124042654e-04    0.0000000000e+00
 192.5100000    1.0443656270e-05    3.2552410170e-07   -1.1456428878e-04    1.1486681663e-04    2.2221358581e-02    3.3787810455e-02    5.3426524111e-02    0.0000000000e+00    9.9999999993e-01    0.0000000000e+00    1.1008500069e-05    3.5670711531e-07    3.2330579473e-02    5.3145800832e-02    4.8140576782e-04    0.0000000000e+00
 193.0100000    1.0454723239e-05    3.2564104003e-07   -1.1456192189e-04    1.1484114673e-04    2.2244388213e-02    3.3813898430e-02    5.3288720372e-02    0.0000000000e+00    9.9999999993e-01    0.0000000000e+00    1.1020270772e-05    3.5684562831e-07    3.2355853196e-02    5.3010084725e-02    4.8153691465e-04    0.0000000000e+00
 193.5100000    1.0465760725e-05    3.2592262865e-07   -1.1455685468e-04    1.1481206674e-04    2.2266976523e-02    3.3839873965e-02    5.3185027962e-02    0.0000000000e+00    9.9999999993e-01    0.0000000000e+00    1.1032007445e-05    3.5699496488e-07    3.2381010491e-02    5.2883554016e-02    4.8163425483e-04    0.0000000000e+00
 194.0100000    1.0476793863e-05    3.2599662038e-07   -1.1454927062e-04    1.1478003955e-04    2.2289704391e-02    3.3865821167e-02    5.3060822033e-02    0.0000000000e+00    9.9999999993e-01    0.0000000000e+00    1.1043706846e-05    3.5725529398e-07    3.2406044686e-02    5.2786395015e-02    4.8170584045e-04    0.0000000000e+00
 194.5100000    1.0487811867e-05    3.2611384198e-07   -1.1453908136e-04    1.1474549946e-04    2.2313464372e-02    3.3891709586e-02    5.2959614691e-02    0.0000000000e+00    9.9999999993e-01    0.0000000000e+00    1.1055416237e-05    3.5742109699e-07    3.2431098533e-02    5.2691067230e-02    4.8176096985e-04    0.0000000000e+00
 195.0100000    1.0498755832e-05    3.2639150745e-07   -1.1452618378e-04    1.1470819156e-04    2.2336400423e-02    3.3917345132e-02    5.2877167630e-02    0.0000000000e+00    9.9999999993e-01    0.0000000000e+00    1.1067103568e-05    3.5756255674e-07    3.2456074246e-02    5.2585276110e-02    4.8180126662e-04    0.0000000000e+00
 195.5100000    1.0509673782e-05    3.2645965104e-07   -1.1451061515e-04    1.1466695021e-04    2.2358561542e-02    3.3942873792e-02    5.2746474130e-02    0.0000000000e+00    9.9999999993e-01    0.0000000000e+00    1.1078782460e-05    3.5778351072e-07    3.2481003017e-02    5.2476599528e-02    4.8181607417e-04    0.0000000000e+00
 196.0100000    1.0520606174e-05    3.2662914001e-07   -1.1449241027e-04    1.1462042576e-04    2.2380857749e-02    3.3968417789e-02    5.2626730790e-02    0.0000000000e+00    9.9999999993e-01    0.0000000000e+00    1.1090478037e-05    3.5795383413e-07    3.2505950459e-02    5.2355164628e-02    4.8178660196e-04    0.0000000000e+00
 196.5100000    1.0531556094e-05    3.2686900706e-07   -1.1447135686e-04    1.1456826796e-04    2.2403149545e-02    3.3993986917e-02    5.2513772991e-02    0.0000000000e+00    9.9999999993e-01    0.0000000000e+00    1.1102150965e-05    3.5813889154e-07    3.2530801295e-02    5.2231542193e-02    4.8169716042e-04    0.0000000000e+00
 197.0100000    1.0542549972e-05    3.2696112419e-07   -1.1444701104e-04    1.1451164754e-04    2.2425908374e-02    3.4019674572e-02    5.2384854019e-02    0.0000000000e+00    9.9999999993e-01    0.0000000000e+00    1.1113810135e-05    3.5836116335e-07    3.2555589491e-02    5.2120797826e-02    4.8154639200e-04    0.0000000000e+00
 197.5100000    1.0553572724e-05    3.2713091040e-07   -1.1441906216e-04    1.1445247566e-04    2.2448955838e-02    3.4045444799e-02    5.2280224683e-02    0.0000000000e+00    9.9999999993e-01    0.0000000000e+00    1.1125466758e-05    3.5852933259e-07    3.2580360107e-02    5.2014029309e-02    4.8134981894e-04    0.0000000000e+00
 198.0100000    1.0564582254e-05    3.2730353486e-07   -1.1438768353e-04    1.1439188010e-04    2.2472052143e-02    3.4071173761e-02    5.2180951657e-02    0.0000000000e+00    9.9999999993e-01    0.0000000000e+00    1.1137104221e-05    3.5868969195e-07    3.2605075906e-02    5.1911150629e-02    4.8112853786e-04    0.0000000000e+00
 198.5100000    1.0575553639e-05    3.2742100474e-07   -1.1435341672e-04    1.1432924533e-04    2.2494953353e-02    3.4096782890e-02    5.2067356857e-02    0.0000000000e+00    9.9999999993e-01    0.0000000000e+00    1.1148727713e-05    3.5888421344e-07    3.2629753690e-02    5.1807581362e-02    4.8088888407e-04    0.0000000000e+00
 199.0100000    1.0586506572e-05    3.2752992509e-07   -1.1431662026e-04    1.1426264865e-04    2.2517616230e-02    3.4122328052e-02    5.1941164960e-02    0.0000000000e+00    9.9999999993e-01    0.0000000000e+00    1.1160351708e-05    3.5907296669e-07    3.2654428486e-02    5.1691851762e-02    4.8101918608e-04    0.0000000000e+00
 199.5100000    1.0597448039e-05    3.2768635056e-07   -1.1427706067e-04    1.1419029541e-04    2.2540641139e-02    3.4147821438e-02    5.1820275968e-02    0.0000000000e+00    9.9999999993e-01    0.0000000000e+00    1.1171977503e-05    3.5922389386e-07    3.2679094182e-02    5.1568560917e-02    4.8141308969e-04    0.0000000000e+00
 200.0100000    1.0608358609e-05    3.2786728151e-07   -1.1423413341e-04    1.1411177027e-04    2.2563439243e-02    3.4173193629e-02    5.1704127401e-02    0.0000000000e+00    9.9999999993e-01    0.0000000000e+00    1.1183577255e-05    3.5940412374e-07    3.2703662807e-02    5.1450439874e-02    4.8179022904e-04    0.0000000000e+00
