# time  total_activity  peak_activity  rms_radius  confined_frac  bary_x  bary_y  bary_z  r_conf  total_activity_proper  rms_radius_proper  confined_frac_proper  rms_radius_canon  confined_frac_canon  rms_radius_phantom  confined_frac_phantom  canon_mass_frac  min_chi
0.0000000000000000e+00  7.9472465837496440e+00  2.4551160005931646e-02  6.6419753243758484e+00  2.7556671788255677e-01  3.1920973771883752e+01  3.2000000000000014e+01  3.2000000000000000e+01  4.7999999999999998e+00  7.9470550931511887e+00  6.6422425766954847e+00  2.7634445236644456e-01  4.3375355098767940e+00  7.4559277604039853e-01  4.4068764575965442e+00  7.3603051322509383e-01  4.9206580087864493e-01  9.8961493962662328e-01
8.0000000000000004e-01  7.9533919210226891e+00  2.4619320018679430e-02  6.6419975462534158e+00  2.7556234073878128e-01  3.1920384660147402e+01  3.2000000000000256e+01  3.2000000000000000e+01  4.7999999999999998e+00  7.9531938007267007e+00  6.6422693221905433e+00  2.7633728052439982e-01  4.3377548634011314e+00  7.4557066672940653e-01  4.4067498707515886e+00  7.3606352438801026e-01  4.9200327152702811e-01  9.8961458336376873e-01
1.6000000000000001e+00  7.9596643046783484e+00  2.4560048147910352e-02  6.6420560182753965e+00  2.7557413018106525e-01  3.1919593994527812e+01  3.2000000000002572e+01  3.1999999999999996e+01  4.7999999999999998e+00  7.9594539483647733e+00  6.6423349828072107e+00  2.7478135471882215e-01  4.3381880766573371e+00  7.4558194611973649e-01  4.4065370401758139e+00  7.3616809748990508e-01  4.9191685953551600e-01  9.8962702709429529e-01
2.3999999999999901e+00  7.9661393488885981e+00  2.4491322089481283e-02  6.6420814924389022e+00  2.7558337404483324e-01  3.1920113457937813e+01  3.2000000000007596e+01  3.1999999999999986e+01  4.7999999999999998e+00  7.9659176492460908e+00  6.6423611305746224e+00  2.7479244775128109e-01  4.3384936284046400e+00  7.4556149428107432e-01  4.4063192568317291e+00  7.3621680699544301e-01  4.9196322890569305e-01  9.8964144962121803e-01
3.1999999999999802e+00  7.9725495919562892e+00  2.4588541396969327e-02  6.6420919669559053e+00  2.7557296525226244e-01  3.1922391942809842e+01  3.2000000000014296e+01  3.1999999999999957e+01  4.7999999999999998e+00  7.9723268453281602e+00  6.6423618584334099e+00  2.7634579589634922e-01  4.3388631678316685e+00  7.4517614145503597e-01  4.4059612149243179e+00  7.3615779054946640e-01  4.9218630646427247e-01  9.8960485822780653e-01
3.9999999999999600e+00  7.9786808817200416e+00  2.4610770789963710e-02  6.6421188804370628e+00  2.7395550238771266e-01  3.1925498442054394e+01  3.2000000000023938e+01  3.1999999999999893e+01  4.7999999999999998e+00  7.9784707099007424e+00  6.6423729795755557e+00  2.7595238436215636e-01  4.3396235375878343e+00  7.4472558803171351e-01  4.4052727482887981e+00  7.3644751681046150e-01  4.9248558549774174e-01  9.8958356578799289e-01
4.7999999999999403e+00  7.9841773229882769e+00  2.4547770300484630e-02  6.6421679926144526e+00  2.7394831775188394e-01  3.1928000622428375e+01  3.2000000000029914e+01  3.1999999999999769e+01  4.7999999999999998e+00  7.9839861247797881e+00  6.6424092810429283e+00  2.7594092420570154e-01  4.3407918836173538e+00  7.4442470163958263e-01  4.4042804298910845e+00  7.3697733587344094e-01  4.9271249116546534e-01  9.8967113647746541e-01
5.5999999999999304e+00  7.9893127350439848e+00  2.4511202147002129e-02  6.6421363239487876e+00  2.7395307093282573e-01  3.1929533455618984e+01  3.2000000000013834e+01  3.1999999999999513e+01  4.7999999999999998e+00  7.9891372899190873e+00  6.6423716393692338e+00  2.7594295448450967e-01  4.3419499306442528e+00  7.4439017746671310e-01  4.4030750672006729e+00  7.3744203022455157e-01  4.9283350081813299e-01  9.8965560519395346e-01
6.3999999999999098e+00  7.9949405226353072e+00  2.4529424167125551e-02  6.6419600226885862e+00  2.7397694674825157e-01  3.1931283142081984e+01  3.1999999999962274e+01  3.1999999999998998e+01  4.7999999999999998e+00  7.9947749561373929e+00  6.6421903538973455e+00  2.7539090816817458e-01  4.3428778024884203e+00  7.4430771760832237e-01  4.4016542416460842e+00  7.3754876185837037e-01  4.9297302196062842e-01  9.8966937679434674e-01
7.1999999999998900e+00  8.0013812643437774e+00  2.4559929005277509e-02  6.6417618630002977e+00  2.7256473955311949e-01  3.1934274421903986e+01  3.1999999999873431e+01  3.1999999999997975e+01  4.7999999999999998e+00  8.0012226477492661e+00  6.6419820081695322e+00  2.7542219406038160e-01  4.3440815018262331e+00  7.4420293568503737e-01  4.3998903998821817e+00  7.3768882032859595e-01  4.9323147845556359e-01  9.8967947493039554e-01
7.9999999999998703e+00  8.0078934316869841e+00  2.4569364032530482e-02  6.6417064390273310e+00  2.7272919871355711e-01  3.1937768251438641e+01  3.1999999999749470e+01  3.1999999999995911e+01  4.7999999999999998e+00  8.0077372806959382e+00  6.6419147007534809e+00  2.7412259667310979e-01  4.3461507742470351e+00  7.4402089329115062e-01  4.3977280793550362e+00  7.3807122030441819e-01  4.9352557037823636e-01  9.8967940480542427e-01
8.7999999999998604e+00  8.0134368795982969e+00  2.4546121209172145e-02  6.6417950857041896e+00  2.7263419315749587e-01  3.1940188514797789e+01  3.1999999999587022e+01  3.1999999999991793e+01  4.7999999999999998e+00  8.0132767065400774e+00  6.6419975240709936e+00  2.7241803457565178e-01  4.3488736687330194e+00  7.4374087433492109e-01  4.3953980131278918e+00  7.3859420956227184e-01  4.9369337350672210e-01  9.8967596613101505e-01
9.5999999999998398e+00  8.0181950352999127e+00  2.4521528746818091e-02  6.6419335238494615e+00  2.7264479992570040e-01  3.1941321824526906e+01  3.1999999999374957e+01  3.1999999999983679e+01  4.7999999999999998e+00  8.0180280959728929e+00  6.6421365458455730e+00  2.7242069360496246e-01  4.3516528447403884e+00  7.4350162593124758e-01  4.3932013192960069e+00  7.3905494045594489e-01  4.9372032173935793e-01  9.8968226423395633e-01
1.0399999999999800e+01  8.0236648475417738e+00  2.4529080998445075e-02  6.6423852684430296e+00  2.7265809514732958e-01  3.1942627598350743e+01  3.1999999999101519e+01  3.1999999999966853e+01  4.7999999999999998e+00  8.0234947448125080e+00  6.6425873548500931e+00  2.6949978091459381e-01  4.3550637834956918e+00  7.4333600954795698e-01  4.3913743973952846e+00  7.3936900616056134e-01  4.9375999375577595e-01  9.8969183149630580e-01
1.1199999999999800e+01  8.0309416937514477e+00  2.4562589606796702e-02  6.6441013339343273e+00  2.7264099761252691e-01  3.1945142595732925e+01  3.1999999998762316e+01  3.1999999999933515e+01  4.7999999999999998e+00  8.0307732704602888e+00  6.6442959905210923e+00  2.6948319659108605e-01  4.3614167473576329e+00  7.4316179330499543e-01  4.3905581341149613e+00  7.3951123229189586e-01  4.9391295231574650e-01  9.8969513238803242e-01
1.1999999999999799e+01  8.0393881572188182e+00  2.4576432186257623e-02  6.6480528548959175e+00  2.7305940204223339e-01  3.1947968288027479e+01  3.1999999998318700e+01  3.1999999999849404e+01  4.7999999999999998e+00  8.0392214598555363e+00  6.6482387768489728e+00  2.6942096853425374e-01  4.3725498352625625e+00  7.4287926670891091e-01  4.3919105768216902e+00  7.3945804237998669e-01  4.9407962601771210e-01  9.8969211999774975e-01
1.2799999999999800e+01  8.0478869352901050e+00  2.4553855232452047e-02  6.6546395832043599e+00  2.7296418674396977e-01  3.1949657244659356e+01  3.1999999997763773e+01  3.1999999999718018e+01  4.7999999999999998e+00  8.0477180175234366e+00  6.6548230459027744e+00  2.6932257073253724e-01  4.3887714217963198e+00  7.4252148289663167e-01  4.3963268905114301e+00  7.3927409718251569e-01  4.9411712398682123e-01  9.8968677858194287e-01
1.3599999999999801e+01  8.0571409429371386e+00  2.4527165928798233e-02  6.6647398452012787e+00  2.7283293863234603e-01  3.1950282069702762e+01  3.1999999997077545e+01  3.1999999999501583e+01  4.7999999999999998e+00  8.0569677797389456e+00  6.6649264114109554e+00  2.6918616390204442e-01  4.4110844183762667e+00  7.4210211005479498e-01  4.4053487502939781e+00  7.3896688901912777e-01  4.9404282498665969e-01  9.8968772301842589e-01
1.4399999999999700e+01  8.0686644850033993e+00  2.4533750219444244e-02  6.6789819430571651e+00  2.7265175890844673e-01  3.1950849986920609e+01  3.1999999996281169e+01  3.1999999999243244e+01  4.7999999999999998e+00  8.0684894014155297e+00  6.6791715725466885e+00  2.6900229109711327e-01  4.4382972287789357e+00  7.4168090480579052e-01  4.4219930611821905e+00  7.3842564987208492e-01  4.9394710093701333e-01  9.8969721050873993e-01
1.5199999999999701e+01  8.0822503419745360e+00  2.4564928843590281e-02  6.6969419341338128e+00  2.7242993322360487e-01  3.1951941649040627e+01  3.1999999994920831e+01  3.1999999998691202e+01  4.7999999999999998e+00  8.0820763452767501e+00  6.6971315993177134e+00  2.6878161318760535e-01  4.4687725840194714e+00  7.4132013042272871e-01  4.4464803578224990e+00  7.3764858676619283e-01  4.9387624801228841e-01  9.8970484568832207e-01
1.5999999999999700e+01  8.0958257445228625e+00  2.4578687175879604e-02  6.7173966468004993e+00  2.7220573644855239e-01  3.1952877158631352e+01  3.1999999992672194e+01  3.1999999997478152e+01  4.7999999999999998e+00  8.0956527507789389e+00  6.7175870382517706e+00  2.6855881134198689e-01  4.5011309216835889e+00  7.4105568527957244e-01  4.4762286876594279e+00  7.3721665973170658e-01  4.9376360311530076e-01  9.8970285677613290e-01
1.6799999999999802e+01  8.1087141406513741e+00  2.4558079917108431e-02  6.7403145557149955e+00  2.7198335704060567e-01  3.1952487697417528e+01  3.1999999989173396e+01  3.1999999995142467e+01  4.7999999999999998e+00  8.1085401756382076e+00  6.7405124500344531e+00  2.6833456576168041e-01  4.5344303813990550e+00  7.4084299504830109e-01  4.5120964981858549e+00  7.3712975993117869e-01  4.9349645355716504e-01  9.8969648796996534e-01
1.7600000000000001e+01  8.1215846326872629e+00  2.4533670423276456e-02  6.7658572120234206e+00  2.7175356378780058e-01  3.1951206249224896e+01  3.1999999983058814e+01  3.1999999990305664e+01  4.7999999999999998e+00  8.1214091481164292e+00  6.7660675069952934e+00  2.6810038831600497e-01  4.5692238030174961e+00  7.4102910644970532e-01  4.5538733947686536e+00  7.3610760312049006e-01  4.9313496154605768e-01  9.8969626748276363e-01
1.8400000000000102e+01  8.1348474619086808e+00  2.4540616662851959e-02  6.7931426598712381e+00  2.7152288613359710e-01  3.1950666585234661e+01  3.1999999971489558e+01  3.1999999980955845e+01  4.7999999999999998e+00  8.1346720899745701e+00  6.7933623229085729e+00  2.6786646296871203e-01  4.6064160243522823e+00  7.4117715406672857e-01  4.5978774727758873e+00  7.3559301549517730e-01  4.9285201725417599e-01  9.8970435296010051e-01
1.9200000000000198e+01  8.1488459547663687e+00  2.4570821342862127e-02  6.8226710280191458e+00  2.7128217263615606e-01  3.1951791014173086e+01  3.1999999950818484e+01  3.1999999964463473e+01  4.7999999999999998e+00  8.1486729603237116e+00  6.8228925717582509e+00  2.6762531314370108e-01  4.6483415292458181e+00  7.4128182439159085e-01  4.6430239411742003e+00  7.3557866492354007e-01  4.9271447093653964e-01  9.8971189734830767e-01
2.0000000000000298e+01  8.1630647348195406e+00  2.4585414613473591e-02  6.8552854028002717e+00  2.7103543618024850e-01  3.1953653216855120e+01  3.1999999915641339e+01  3.1999999936578011e+01  4.7999999999999998e+00  8.1628951129039251e+00  6.8555059077476557e+00  2.6737816254740032e-01  4.6958012715060882e+00  7.4134254754039253e-01  4.6908880911243767e+00  7.3469069969176248e-01  4.9262063850507259e-01  9.8971052796757875e-01
2.0800000000000502e+01  8.1768710868732839e+00  2.4568112615559960e-02  6.8907279467210421e+00  2.7079550304521710e-01  3.1954208259955550e+01  3.1999999861159267e+01  3.1999999895338096e+01  4.7999999999999998e+00  8.1767047649113564e+00  6.8909544217764589e+00  2.6713449638208153e-01  4.7446229555620780e+00  7.4185329092300234e-01  4.7450282539833211e+00  7.3372115739791899e-01  4.9240776205507875e-01  9.8970421342686443e-01
2.1600000000000598e+01  8.1908181737699230e+00  2.4545648408438297e-02  6.9289768547758959e+00  2.7055008777485068e-01  3.1953962975151669e+01  3.1999999785809784e+01  3.1999999846492020e+01  4.7999999999999998e+00  8.1906562233698743e+00  6.9292139176423060e+00  2.6688279397665382e-01  4.7946046888447187e+00  7.4142134111847113e-01  4.8056735066413880e+00  7.3358953331331012e-01  4.9212887567698765e-01  9.8970307636345278e-01
2.2400000000000698e+01  8.2054974554914644e+00  2.4549474107335843e-02  6.9699585793806325e+00  2.7028926991861019e-01  3.1954700867993779e+01  3.1999999697750074e+01  3.1999999802971498e+01  4.7999999999999998e+00  8.2053420828096115e+00  6.9702019782452878e+00  2.6661667855327004e-01  4.8493806715813497e+00  7.4085130593689064e-01  4.8690742614191320e+00  7.3245366639159648e-01  4.9195806210544252e-01  9.8970878375472082e-01
2.3200000000000799e+01  8.2210207444050081e+00  2.4573656709120359e-02  7.0143317844511630e+00  2.7001018569878288e-01  3.1956700482956386e+01  3.1999999601452576e+01  3.1999999768266175e+01  4.7999999999999998e+00  8.2208736281011952e+00  7.0145756123837462e+00  2.6633488251838056e-01  4.9108959303299669e+00  7.4108183808065564e-01  4.9350879000387682e+00  7.3159152709308573e-01  4.9192000668437169e-01  9.8971337407369697e-01
2.4000000000000998e+01  8.2358754625360078e+00  2.4585535611455624e-02  7.0608949009949518e+00  2.7154225028427520e-01  3.1959045914749630e+01  3.1999999492467282e+01  3.1999999730836890e+01  4.7999999999999998e+00  8.2357362749199012e+00  7.0611380927064671e+00  2.6607566210753869e-01  4.9749578435675064e+00  7.4052168708942800e-01  5.0040697212496754e+00  7.3035490213181475e-01  4.9190356889263243e-01  9.8971086291643162e-01
2.4800000000001098e+01  8.2493502689008587e+00  2.4571203543595925e-02  7.1084891284183325e+00  2.7132137663920292e-01  3.1961193801668173e+01  3.1999999368019633e+01  3.1999999679961306e+01  4.7999999999999998e+00  8.2492164254731257e+00  7.1087340135755426e+00  2.6585116972761813e-01  5.0395248827212020e+00  7.3973114223501313e-01  5.0747869687319689e+00  7.2969653385358380e-01  4.9186881959861006e-01  9.8970496883735193e-01
2.5600000000001199e+01  8.2628592789334547e+00  2.4552688836461431e-02  7.1580273469068914e+00  2.7257635868522434e-01  3.1963794183252300e+01  3.1999999231415657e+01  3.1999999617709811e+01  4.7999999999999998e+00  8.2627280462032751e+00  7.1582731814771003e+00  2.6561735062683206e-01  5.1092002083290096e+00  7.3889568856809729e-01  5.1459245996246574e+00  7.2920070836191242e-01  4.9190854861688554e-01  9.8970376296798002e-01
2.6400000000001299e+01  8.2779188682455285e+00  2.4555932718787452e-02  7.2116742175751556e+00  2.7191591820820576e-01  3.1968013801469031e+01  3.1999999084583848e+01  3.1999999552178817e+01  4.7999999999999998e+00  8.2777901380412082e+00  7.2119138769568032e+00  2.6533690049829317e-01  5.1893084124109130e+00  7.3774607640320455e-01  5.2178359948654718e+00  7.2880005282512794e-01  4.9211144930642992e-01  9.8970828577961500e-01
2.7200000000001499e+01  8.2930182827265035e+00  2.4576236992472657e-02  7.2675317445988874e+00  2.7106537815444459e-01  3.1973140443756002e+01  3.1999998928976265e+01  3.1999999489764040e+01  4.7999999999999998e+00  8.2928940445973929e+00  7.2677606701448765e+00  2.6506510857955429e-01  5.2736363231001580e+00  7.3666647763794302e-01  5.2909476226588108e+00  7.2801123552364388e-01  4.9238508005669784e-01  9.8971180901623790e-01
2.8000000000001599e+01  8.3069297267820712e+00  2.4586926803703044e-02  7.3237512878783937e+00  2.7035996331152634e-01  3.1978207504158359e+01  3.1999998771847256e+01  3.1999999435376580e+01  4.7999999999999998e+00  8.3068116077705589e+00  7.3239697392455305e+00  2.7024505259128140e-01  5.3575685655230627e+00  7.3532482406116795e-01  5.3648735583709435e+00  7.2816140333280088e-01  4.9265258881332724e-01  9.8970942993567268e-01
2.8800000000001699e+01  8.3203471931668069e+00  2.4576123589489143e-02  7.3809714942020568e+00  2.6756144052579350e-01  3.1983267292584419e+01  3.1999998621385462e+01  3.1999999390532039e+01  4.7999999999999998e+00  8.3202352871794112e+00  7.3811802556757842e+00  2.7045643783336676e-01  5.4440174120534515e+00  7.3471646301796067e-01  5.4387599851260040e+00  7.2776291508960678e-01  4.9293629077090079e-01  9.8970427979639930e-01
2.9600000000001799e+01  8.3335834308939010e+00  2.4561092652749014e-02  7.4396803551451649e+00  2.6446989016737094e-01  3.1988651384002448e+01  3.1999998479831788e+01  3.1999999352053795e+01  4.7999999999999998e+00  8.3334776118154181e+00  7.4398786656958258e+00  2.7075512346054081e-01  5.5345655556030042e+00  7.3356153809037561e-01  5.5120531578581433e+00  7.2787744574508240e-01  4.9323056250855069e-01  9.8970254538961355e-01
3.0400000000001999e+01  8.3460078877467048e+00  2.4563193215246398e-02  7.4986151438776787e+00  2.6427908023079616e-01  3.1994015837361083e+01  3.1999998347926542e+01  3.1999999315034060e+01  4.7999999999999998e+00  8.3459089942096618e+00  7.4988031908101229e+00  2.7089827081619688e-01  5.6246839194399092e+00  7.3258998714272838e-01  5.5856474834852143e+00  7.2821905268064857e-01  4.9348471541938477e-01  9.8970525360328299e-01
3.1200000000002099e+01  8.3574151190735382e+00  2.4579775348293729e-02  7.5562449829124887e+00  2.6413052820929683e-01  3.1999348529328223e+01  3.1999998226389060e+01  3.1999999277016308e+01  4.7999999999999998e+00  8.3573243298783169e+00  7.5564228592952611e+00  2.6747668135106356e-01  5.7113687436229821e+00  7.3190456911287560e-01  5.6588211598243658e+00  7.2813015833656158e-01  4.9370646715071015e-01  9.8970747422288730e-01
3.2000000000002203e+01  8.3683282677979847e+00  2.4589718522350219e-02  7.6130561535678041e+00  2.6400288647794917e-01  3.2004712517450656e+01  3.1999998117500869e+01  3.1999999240428405e+01  4.7999999999999998e+00  8.3682454072725534e+00  7.6132241300083514e+00  2.6733716184770884e-01  5.7959254123147286e+00  7.3131086545805291e-01  5.7316568643164318e+00  7.2805886414482379e-01  4.9392634558607201e-01  9.8970510521943378e-01
3.2800000000002001e+01  8.3789185592700441e+00  2.4582323222128419e-02  7.6693538759296258e+00  2.6388029233282179e-01  3.2010253169336103e+01  3.1999998019390215e+01  3.1999999207264302e+01  4.7999999999999998e+00  8.3788421395972534e+00  7.6695118085854377e+00  2.6720116096380597e-01  5.8812602917421462e+00  7.3064611862513407e-01  5.8019563708928281e+00  7.2759904274115683e-01  4.9414074598448726e-01  9.8970042341855868e-01
3.3600000000001899e+01  8.3887610404170605e+00  2.4570244645766154e-02  7.7247890651790598e+00  2.6377446487859540e-01  3.2015385431661059e+01  3.1999997930375098e+01  3.1999999180862513e+01  4.7999999999999998e+00  8.3886901403643890e+00  7.7249390425638982e+00  2.6657790019287575e-01  5.9651560081578401e+00  7.3005172399846474e-01  5.8710322683598966e+00  7.2800408708711251e-01  4.9427928470440646e-01  9.8969865787282496e-01
3.4400000000001697e+01  8.3975885099113423e+00  2.4571172214696166e-02  7.7778475309429531e+00  2.6898243032425262e-01  3.2020230086756371e+01  3.1999997847951157e+01  3.1999999157521053e+01  4.7999999999999998e+00  8.3975240899862929e+00  7.7779905747092464e+00  2.6658551144354520e-01  6.0444036304294935e+00  7.2971196199944677e-01  5.9379677384544198e+00  7.2705156756474310e-01  4.9432867419860854e-01  9.8970066118601541e-01
3.5200000000001602e+01  8.4059121958648575e+00  2.4584684882185865e-02  7.8281483401240690e+00  2.6936538845726293e-01  3.2024814945131553e+01  3.1999997770918856e+01  3.1999999136609667e+01  4.7999999999999998e+00  8.4058558089349038e+00  7.8282855050975302e+00  2.6637469615935166e-01  6.1170547279606682e+00  7.2980544438706751e-01  6.0042229578517281e+00  7.2735177943991547e-01  4.9433469041751699e-01  9.8970242667543196e-01
3.6000000000001400e+01  8.4140173388367181e+00  2.4594252504524416e-02  7.8753538440141080e+00  2.6984998652635489e-01  3.2029364523753465e+01  3.1999997698860380e+01  3.1999999113967640e+01  4.7999999999999998e+00  8.4139690442186357e+00  7.8754857109147167e+00  2.6772804742889666e-01  6.1846977703936439e+00  7.2975582302170139e-01  6.0671887777415945e+00  7.2657488756905830e-01  4.9434264370036657e-01  9.8970052940148079e-01
3.6800000000001198e+01  8.4219055806169774e+00  2.4589650287512751e-02  7.9209163088860945e+00  2.7015626714214913e-01  3.2033745429528729e+01  3.1999997629731485e+01  3.1999999092302133e+01  4.7999999999999998e+00  8.4218637911323739e+00  7.9210441603319151e+00  2.6768261132706750e-01  6.2502784890487035e+00  7.2970171979629483e-01  6.1276171803589667e+00  7.2664683596183754e-01  4.9430870199955901e-01  9.8969628754240802e-01
3.7600000000001103e+01  8.4292001937145109e+00  2.4579598798141065e-02  7.9630384334373119e+00  2.6867961409519864e-01  3.2037230768105815e+01  3.1999997563621232e+01  3.1999999069525153e+01  4.7999999999999998e+00  8.4291635205366902e+00  7.9631664248532505e+00  2.6917964888521967e-01  6.3100064752304137e+00  7.2978333855528643e-01  6.1849311901569433e+00  7.2615661973812218e-01  4.9415352146390090e-01  9.8969406725282338e-01
3.8400000000000901e+01  8.4367573061311916e+00  2.4579206720002623e-02  8.0034003271697092e+00  2.6865081246720957e-01  3.2040114647527218e+01  3.1999997497491471e+01  3.1999999048568370e+01  4.7999999999999998e+00  8.4367260149317751e+00  8.0035310336558680e+00  2.6913913351304353e-01  6.3657633455977152e+00  7.2913268721392133e-01  6.2416790118498122e+00  7.2576598792401237e-01  4.9389897065148769e-01  9.8969507153552716e-01
3.9200000000000799e+01  8.4442678738359582e+00  2.4590153742832552e-02  8.0391619454189431e+00  2.6678798185873787e-01  3.2043124346197892e+01  3.1999997432212663e+01  3.1999999029656536e+01  4.7999999999999998e+00  8.4442427907417681e+00  8.0392950710067961e+00  2.6911095096265869e-01  6.4132425540679074e+00  7.2945380943244897e-01  6.2943275016516713e+00  7.2531583306231318e-01  4.9365082381759656e-01  9.8969613619253560e-01
4.0000000000000597e+01  8.4519887789019812e+00  2.4599368509710142e-02  8.0721451109347093e+00  2.6676953892978211e-01  3.2046261362963875e+01  3.1999997372733613e+01  3.1999999013051674e+01  4.7999999999999998e+00  8.4519698966838419e+00  8.0722806514460270e+00  2.6908184344265640e-01  6.4568546030112905e+00  7.2973779602243727e-01  6.3430785025862724e+00  7.2490873920093069e-01  4.9344574092793803e-01  9.8969478475020012e-01
4.0800000000000502e+01  8.4592451559484250e+00  2.4596698889741652e-02  8.1018275730545941e+00  2.6676164319292833e-01  3.2049347533153714e+01  3.1999997310103847e+01  3.1999998993048649e+01  4.7999999999999998e+00  8.4592315755123977e+00  8.1019662848360436e+00  2.6906292267479193e-01  6.4963580746131564e+00  7.3002129065229104e-01  6.3870872190818924e+00  7.2497258615316196e-01  4.9322287960943401e-01  9.8969144632146233e-01
4.1600000000000300e+01  8.4653468140232917e+00  2.4587860499025536e-02  8.1269749398325111e+00  2.6678442969831340e-01  3.2051753315368458e+01  3.1999997244105462e+01  3.1999998970978449e+01  4.7999999999999998e+00  8.4653379573057332e+00  8.1271201010078169e+00  2.6907455453898393e-01  6.5285184547715653e+00  7.3041455018190371e-01  6.4262418919924977e+00  7.2421104260249369e-01  4.9293644063707098e-01  9.8968872828976107e-01
4.2400000000000098e+01  8.4709584066672310e+00  2.4586218957595104e-02  8.1484741985690547e+00  2.6630964431474635e-01  3.2054119897607691e+01  3.1999997178572848e+01  3.1999998948592651e+01  4.7999999999999998e+00  8.4709550828831262e+00  8.1486263056632886e+00  2.6910396990656427e-01  6.5570552674268292e+00  7.3082758997250985e-01  6.4595101322402151e+00  7.2328444774326806e-01  4.9267177555935526e-01  9.8968868364187890e-01
4.3200000000000003e+01  8.4770987499828365e+00  2.4595061387312850e-02  8.1663901880961252e+00  2.6634085292574422e-01  3.2057469553954199e+01  3.1999997105944672e+01  3.1999998920053780e+01  4.7999999999999998e+00  8.4771024278009044e+00  8.1665455916843275e+00  2.6898301271772695e-01  6.5814963189555433e+00  7.3112821811220929e-01  6.4871194049047496e+00  7.2349820558882361e-01  4.9250942601930253e-01  9.8968966580587248e-01
4.3999999999999801e+01  8.4836778451777164e+00  2.4603742684864038e-02  8.1808002517419194e+00  2.6645480960889445e-01  3.2061637198534285e+01  3.1999997038783285e+01  3.1999998894889487e+01  4.7999999999999998e+00  8.4836890935264897e+00  8.1809561759500617e+00  2.6899401271762269e-01  6.6014350323362692e+00  7.3132035638264159e-01  6.5101078697315433e+00  7.2294701577160336e-01  4.9242421173211548e-01  9.8968846813987954e-01
4.4799999999999699e+01  8.4894656201802228e+00  2.4602164136677845e-02  8.1914941773557022e+00  2.6634123722355107e-01  3.2065853932498570e+01  3.1999996970072846e+01  3.1999998865449491e+01  4.7999999999999998e+00  8.4894837450963507e+00  8.1916511621222998e+00  2.6910335943287095e-01  6.6166512525642247e+00  7.3154133191833992e-01  6.5276977832679810e+00  7.2292007767822086e-01  4.9232959085768074e-01  9.8968501590541280e-01
4.5599999999999497e+01  8.4940061065627468e+00  2.4594011477941012e-02  8.1974640800905192e+00  2.6778174409733024e-01  3.2069578586898352e+01  3.1999996897303230e+01  3.1999998833929183e+01  4.7999999999999998e+00  8.4940300467614200e+00  8.1976250743204258e+00  2.6916936752116394e-01  6.6237356660224673e+00  7.3185259938043212e-01  6.5411154739961699e+00  7.2296610895302038e-01  4.9219519849452487e-01  9.8968198073648606e-01
4.6399999999999302e+01  8.4987131020136548e+00  2.4591386080934020e-02  8.1996697980604036e+00  2.6785314690069123e-01  3.2073938281732829e+01  3.1999996824669147e+01  3.1999998804128879e+01  4.7999999999999998e+00  8.4987426766794343e+00  8.1998331259174435e+00  2.6721306192081268e-01  6.6277219917312182e+00  7.3291149686497981e-01  6.5478140083152505e+00  7.2353739749460555e-01  4.9215306105368595e-01  9.8968136065382950e-01
4.7199999999999200e+01  8.5042737523045648e+00  2.4598515890973900e-02  8.1991877677852845e+00  2.6939878584785737e-01  3.2079782755267260e+01  3.1999996745064784e+01  3.1999998773214486e+01  4.7999999999999998e+00  8.5043096091870325e+00  8.1993479592938030e+00  2.6724961721263946e-01  6.6314403065046701e+00  7.3286907801301482e-01  6.5471555132276995e+00  7.2328862134821814e-01  4.9224695375934008e-01  9.8968255859319409e-01
4.7999999999998998e+01  8.5101949571813726e+00  2.4606445074563728e-02  8.1961509927051406e+00  2.6943947269672136e-01  3.2086226062361618e+01  3.1999996656839244e+01  3.1999998742306705e+01  4.7999999999999998e+00  8.5102373195470946e+00  8.1963061504564738e+00  2.6993967181515888e-01  6.6314147920509221e+00  7.3256073973067382e-01  6.5434564503060404e+00  7.2359404065459543e-01  4.9239905464422412e-01  9.8968236426468681e-01
4.8799999999998903e+01  8.5151196951048984e+00  2.4605391088801585e-02  8.1889314418447174e+00  2.6950882798387410e-01  3.2092646003838610e+01  3.1999996574483763e+01  3.1999998716748518e+01  4.7999999999999998e+00  8.5151683015008128e+00  8.1890821352060268e+00  2.6983244582095417e-01  6.6259796492772747e+00  7.3213229992663642e-01  6.5341507306360436e+00  7.2455949699262767e-01  4.9253039880876703e-01  9.8967914805968316e-01
4.9599999999998701e+01  8.5193082458383849e+00  2.4597792207499303e-02  8.1783102663299783e+00  2.6945231504578560e-01  3.2098936111319567e+01  3.1999996483207603e+01  3.1999998685638854e+01  4.7999999999999998e+00  8.5193630016504258e+00  8.1784576880255511e+00  2.7060555004931686e-01  6.6147229028335905e+00  7.3210557359559147e-01  6.5217339599823037e+00  7.2499850717247372e-01  4.9264826460703670e-01  9.8967582302882384e-01
5.0399999999998499e+01  8.5237066575757829e+00  2.4594604361458623e-02  8.1661483990480086e+00  2.6953402706784080e-01  3.2105695476029346e+01  3.1999996395352309e+01  3.1999998658405651e+01  4.7999999999999998e+00  8.5237681420057054e+00  8.1662910968773375e+00  2.7067106623957582e-01  6.6021773435892701e+00  7.3197914127106101e-01  6.5056585952090149e+00  7.2542575529709863e-01  4.9281757721417085e-01  9.8967523818103498e-01
5.1199999999998397e+01  8.5281084153873667e+00  2.4600363916131473e-02  8.1521601856814261e+00  2.6763406369183645e-01  3.2113393333227556e+01  3.1999996304737795e+01  3.1999998631772819e+01  4.7999999999999998e+00  8.5281773953142661e+00  8.1522944947495475e+00  2.7056657197244305e-01  6.5887732741046880e+00  7.3184643098201763e-01  6.4851498355852097e+00  7.2596880578071965e-01  4.9303122963162255e-01  9.8967580646837805e-01
5.1999999999998202e+01  8.5317252578876648e+00  2.4607412218152838e-02  8.1352325641175174e+00  2.6774336557594852e-01  3.2121093830474472e+01  3.1999996211319630e+01  3.1999998603242531e+01  4.7999999999999998e+00  8.5318017278974203e+00  8.1353587725476277e+00  2.6890744630148522e-01  6.5705075289357628e+00  7.3146510525241304e-01  6.4608469838270661e+00  7.2653146584803874e-01  4.9322043534083909e-01  9.8967499333843156e-01
5.2799999999998100e+01  8.5346845606568387e+00  2.4606651725047557e-02  8.1170621373140133e+00  2.7048642081964180e-01  3.2128559641609371e+01  3.1999996118145067e+01  3.1999998576816793e+01  4.7999999999999998e+00  8.5347678004119167e+00  8.1171815906877089e+00  2.6902094224444606e-01  6.5500692601916350e+00  7.3180280203836112e-01  6.4353997337232034e+00  7.2705072510448354e-01  4.9336811361406768e-01  9.8967264526057908e-01
5.3599999999997898e+01  8.5374327143246909e+00  2.4599768846212056e-02  8.0973248030677958e+00  2.7045319683906732e-01  3.2136030867972586e+01  3.1999996016553869e+01  3.1999998546801187e+01  4.7999999999999998e+00  8.5375222029879367e+00  8.0974380850112357e+00  2.7057474328402642e-01  6.5262097431451078e+00  7.3212234682715016e-01  6.4088461405256663e+00  7.2755732049762745e-01  4.9349944792042127e-01  9.8966982370320833e-01
5.4399999999997704e+01  8.5402442691182525e+00  2.4596459536513952e-02  8.0774391980798654e+00  2.7127064679084573e-01  3.2143834671449547e+01  3.1999995914227053e+01  3.1999998515069134e+01  4.7999999999999998e+00  8.5403401228083666e+00  8.0775451271483583e+00  2.7084074965123983e-01  6.5019518741908309e+00  7.3265790014403065e-01  6.3814812332051654e+00  7.2814532409704957e-01  4.9363426340949690e-01  9.8966853222768469e-01
5.5199999999997601e+01  8.5429879850007175e+00  2.4601094502681199e-02  8.0574828718685776e+00  2.7122193853388415e-01  3.2151390328255616e+01  3.1999995806207583e+01  3.1999998483272197e+01  4.7999999999999998e+00  8.5430905782818982e+00  8.0575825832917793e+00  2.7095653303627326e-01  6.4775831916350830e+00  7.3280390218317182e-01  6.3534824222834940e+00  7.2869612315777887e-01  4.9375047636166453e-01  9.8966883395429872e-01
5.5999999999997399e+01  8.5453529808129431e+00  2.4607191308195824e-02  8.0364730009315952e+00  2.6957291452500853e-01  3.2158751089619223e+01  3.1999995703449827e+01  3.1999998454487347e+01  4.7999999999999998e+00  8.5454623934528300e+00  8.0365674148213113e+00  2.7238040356831600e-01  6.4502739205225375e+00  7.3308769032117005e-01  6.3255071449365019e+00  7.2920185764047019e-01  4.9382052649705516e-01  9.8966847664766688e-01
5.6799999999997297e+01  8.5474699154451486e+00  2.4606643352494486e-02  8.0151455857732596e+00  2.6972843142244823e-01  3.2166154179403186e+01  3.1999995606940690e+01  3.1999998430322893e+01  4.7999999999999998e+00  8.5475857869647260e+00  8.0152347214621091e+00  2.7191659335254642e-01  6.4222284901237527e+00  7.3322110443433641e-01  6.2963284156430959e+00  7.2985736953075830e-01  4.9385895348876307e-01  9.8966602002686355e-01
5.7599999999997102e+01  8.5495912060987180e+00  2.4600597162999661e-02  7.9931755602124079e+00  2.6988203319192922e-01  3.2173083574030642e+01  3.1999995514255893e+01  3.1999998404901511e+01  4.7999999999999998e+00  8.5497131714340000e+00  7.9932620451493772e+00  2.6869899406116116e-01  6.3911932503201117e+00  7.3297894562940646e-01  6.2689009559142663e+00  7.3027100752429841e-01  4.9386270464739723e-01  9.8966221397457244e-01
5.8399999999997000e+01  8.5521652409517319e+00  2.4597356926845490e-02  7.9733525463733557e+00  2.7138823209795587e-01  3.2180037740310958e+01  3.1999995428243682e+01  3.1999998378176326e+01  4.7999999999999998e+00  8.5522935215676803e+00  7.9734364431273921e+00  2.6881616421915172e-01  6.3622787425002336e+00  7.3378132303508359e-01  6.2448042491883271e+00  7.3064378933155405e-01  4.9383389409564027e-01  9.8966064981615698e-01
5.9199999999996798e+01  8.5550044747700085e+00  2.4600929396368779e-02  7.9546912961444045e+00  2.7166319693881869e-01  3.2186687177802625e+01  3.1999995339198858e+01  3.1999998345985933e+01  4.7999999999999998e+00  8.5551397521761352e+00  7.9547739323449518e+00  2.7004053286214136e-01  6.3349079479983876e+00  7.3419390665415507e-01  6.2220592894024147e+00  7.3091608844091627e-01  4.9376126960036698e-01  9.8966195884208330e-01
5.9999999999996597e+01  8.5582292538299338e+00  2.4606004233112617e-02  7.9379273283247080e+00  2.7178594009939971e-01  3.2192800434370426e+01  3.1999995238939853e+01  3.1999998310375705e+01  4.7999999999999998e+00  8.5583720036135453e+00  7.9380111397175721e+00  2.7014416208402914e-01  6.3085296972383835e+00  7.3429283665191414e-01  6.2036243370438351e+00  7.3147680179354413e-01  4.9363943071976357e-01  9.8966219065084471e-01
6.0799999999996501e+01  8.5617170124262749e+00  2.4605555092292047e-02  7.9200582670439301e+00  2.7317104874523418e-01  3.2198882343322524e+01  3.1999995133973265e+01  3.1999998274005335e+01  4.7999999999999998e+00  8.5618670735127296e+00  7.9201438050332316e+00  2.6987637904631268e-01  6.2794431072358181e+00  7.3481096799556656e-01  6.1845659534860822e+00  7.3159508438024978e-01  4.9349993595466557e-01  9.8965874573068680e-01
6.1599999999996299e+01  8.5659308661500155e+00  2.4600202897914262e-02  7.9062997584330130e+00  2.7264274186145676e-01  3.2205098429974242e+01  3.1999995019657320e+01  3.1999998236866201e+01  4.7999999999999998e+00  8.5660878316682325e+00  7.9063868082244158e+00  2.6994768908406680e-01  6.2560243139924561e+00  7.3503634522762096e-01  6.1709122057197323e+00  7.3116949706500123e-01  4.9334865324897931e-01  9.8965185849198190e-01
6.2399999999996197e+01  8.5702672180386674e+00  2.4596802979736532e-02  7.8917748811153317e+00  2.7272751901362463e-01  3.2210803857810255e+01  3.1999994903049121e+01  3.1999998198307342e+01  4.7999999999999998e+00  8.5704310231304000e+00  7.8918661671115986e+00  2.7001520882201097e-01  6.2295098858692333e+00  7.3546560875198552e-01  6.1579583944407021e+00  7.3114917163954873e-01  4.9315390776729001e-01  9.8964756067364656e-01
6.3199999999996002e+01  8.5748002750602250e+00  2.4598979356479082e-02  7.8795515180072249e+00  2.6939588726615005e-01  3.2216323111943829e+01  3.1999994782791919e+01  3.1999998160260851e+01  4.7999999999999998e+00  8.5749714497641349e+00  7.8796478587607046e+00  2.7008069749749369e-01  6.2040303409554989e+00  7.3604310167923392e-01  6.1500455602737700e+00  7.3186393501732450e-01  4.9292267306432330e-01  9.8964532082282031e-01
6.3999999999995801e+01  8.5797305205281784e+00  2.4602713955906342e-02  7.8690188668874494e+00  2.6946887784519680e-01  3.2221669562803790e+01  3.1999994660336021e+01  3.1999998118244001e+01  4.7999999999999998e+00  8.5799097627540384e+00  7.8691212035083993e+00  2.7048547898412351e-01  6.1839600054589612e+00  7.3655432498786211e-01  6.1419902033437941e+00  7.3132007046930625e-01  4.9271847459981372e-01  9.8964137354268933e-01
6.4799999999996203e+01  8.5851669713389516e+00  2.4602125996032401e-02  7.8597194186732100e+00  2.7076635092102752e-01  3.2227235638476365e+01  3.1999994537507710e+01  3.1999998078362172e+01  4.7999999999999998e+00  8.5853544759110605e+00  7.8598273847767226e+00  2.7052781692744632e-01  6.1644884530149255e+00  7.3690160086827483e-01  6.1359127717571429e+00  7.3165766061141324e-01  4.9255286670551351e-01  9.8963406186879921e-01
6.5599999999996697e+01  8.5907908157941968e+00  2.4597184253687735e-02  7.8504658359329387e+00  2.7065503724011175e-01  3.2233678386081415e+01  3.1999994414692047e+01  3.1999998044658813e+01  4.7999999999999998e+00  8.5909859608652415e+00  7.8505761556491516e+00  2.6938385651250518e-01  6.1469528656737449e+00  7.3722213857330265e-01  6.1277599696045852e+00  7.3160266935873142e-01  4.9241234356193020e-01  9.8962693104535016e-01
6.6399999999997107e+01  8.5962130313399037e+00  2.4593354931611279e-02  7.8426599938340713e+00  2.7033407343559251e-01  3.2239722932156361e+01  3.1999994301950679e+01  3.1999998012966909e+01  4.7999999999999998e+00  8.5964146389074845e+00  7.8427754222279873e+00  2.6941999871970657e-01  6.1311972238669323e+00  7.3750637584750289e-01  6.1225568470236151e+00  7.3154338456402190e-01  4.9225688437441895e-01  9.8962303328553980e-01
6.7199999999997502e+01  8.6014223240378911e+00  2.4594131321181534e-02  7.8348097838709965e+00  2.7039772049159866e-01  3.2246166722886699e+01  3.1999994186984555e+01  3.1999997980785867e+01  4.7999999999999998e+00  8.6016295934852423e+00  7.8349291983490676e+00  2.7286147116188203e-01  6.1128065912251053e+00  7.3723679135544418e-01  6.1191512930341103e+00  7.3103210325167844e-01  4.9210816345091540e-01  9.8961995724449536e-01
6.7999999999997897e+01  8.6072403834129076e+00  2.4596628751293398e-02  7.8279628411094704e+00  2.7044729622413338e-01  3.2253276581076157e+01  3.1999994065505955e+01  3.1999997945434551e+01  4.7999999999999998e+00  8.6074535675742307e+00  7.8280838733008622e+00  2.7289004377630982e-01  6.1000933092321628e+00  7.3791736949689812e-01  6.1134449273792315e+00  7.3081965317754216e-01  4.9204581858493973e-01  9.8961581141286958e-01
6.8799999999998306e+01  8.6140067894255203e+00  2.4595678827539855e-02  7.8222212720932260e+00  2.7046879046645528e-01  3.2260739558243230e+01  3.1999993954477830e+01  3.1999997909955113e+01  4.7999999999999998e+00  8.6142267956594321e+00  7.8223429673024949e+00  2.7214204110827950e-01  6.0906182301489187e+00  7.3747106932865492e-01  6.1082720069398846e+00  7.3064762332209088e-01  4.9206529479999617e-01  9.8961078641517664e-01
6.9599999999998701e+01  8.6210554064792646e+00  2.4590623188490191e-02  7.8197774769988344e+00  2.7081809131927975e-01  3.2269027892485788e+01  3.1999993851412320e+01  3.1999997874544093e+01  4.7999999999999998e+00  8.6212831020089205e+00  7.8198963007779829e+00  2.7212663808469001e-01  6.0873413333247912e+00  7.3733643821085071e-01  6.1048648629445879e+00  7.3114705610873554e-01  4.9211019490279512e-01  9.8960492868896011e-01
7.0399999999999096e+01  8.6273327832051940e+00  2.4585879178708300e-02  7.8150199245072187e+00  2.6963598792929488e-01  3.2277187960624971e+01  3.1999993729372619e+01  3.1999997843177994e+01  4.7999999999999998e+00  8.6275682597615457e+00  7.8151371982752478e+00  2.7194294568502791e-01  6.0816357181073162e+00  7.3726387819779615e-01  6.0972085000164435e+00  7.3128944516351724e-01  4.9214729505367155e-01  9.8960029944517758e-01
7.1199999999999505e+01  8.6334559559134938e+00  2.4584931797447016e-02  7.8098874134258152e+00  2.6967317312314154e-01  3.2286002155382306e+01  3.1999993609810986e+01  3.1999997811266407e+01  4.7999999999999998e+00  8.6336989482435094e+00  7.8100007797878259e+00  2.7056548665779057e-01  6.0744765744224205e+00  7.3717911578446005e-01  6.0905821100413498e+00  7.3208870982514362e-01  4.9221403690443016e-01  9.8959775293814256e-01
7.1999999999999901e+01  8.6400770360605428e+00  2.4586092545772945e-02  7.8063391741869239e+00  2.7302257998858559e-01  3.2295195160215862e+01  3.1999993478546823e+01  3.1999997777591911e+01  4.7999999999999998e+00  8.6403272287840700e+00  7.8064476016323656e+00  2.7056454232814348e-01  6.0718484625127260e+00  7.3744101667946127e-01  6.0841011729105157e+00  7.3141543142498411e-01  4.9234287753404754e-01  9.8959390967429772e-01
7.2800000000000296e+01  8.6466911881138593e+00  2.4585075285593078e-02  7.8022448795326724e+00  2.7225544933042495e-01  3.2304682054232323e+01  3.1999993342376875e+01  3.1999997742024906e+01  4.7999999999999998e+00  8.6469481967854165e+00  7.8023475435337204e+00  2.7231720090330092e-01  6.0695362697171813e+00  7.3684580159296820e-01  6.0748710374538444e+00  7.3031708401651929e-01  4.9249843928822107e-01  9.8958814047758237e-01
7.3600000000000705e+01  8.6527068163132288e+00  2.4580411220889949e-02  7.7990189425773702e+00  2.7229043456550905e-01  3.2314295229161267e+01  3.1999993212872795e+01  3.1999997711135279e+01  4.7999999999999998e+00  8.6529700821232218e+00  7.7991154846812147e+00  2.7247745921112831e-01  6.0691481959299125e+00  7.3666812127957138e-01  6.0669108826576190e+00  7.2921330294169417e-01  4.9262878064479360e-01  9.8958305953756742e-01
7.4400000000001199e+01  8.6580781801756928e+00  2.4575106208510868e-02  7.7944507828152707e+00  2.6963180796385228e-01  3.2323462923098248e+01  3.1999993083174228e+01  3.1999997684076572e+01  4.7999999999999998e+00  8.6583473507067623e+00  7.7945437149319439e+00  2.7194108786375509e-01  6.0673421439597526e+00  7.3726508043545202e-01  6.0569765804595308e+00  7.2955417177355764e-01  4.9274267986874093e-01  9.8957857586424480e-01
7.5200000000001594e+01  8.6634057713883799e+00  2.4572721024926077e-02  7.7896407290812100e+00  2.7075089203174291e-01  3.2333236244368130e+01  3.1999992959833030e+01  3.1999997667066062e+01  4.7999999999999998e+00  8.6636813871223559e+00  7.7897275105922352e+00  2.7197656883251314e-01  6.0640429521174610e+00  7.3720719122676770e-01  6.0467903235918952e+00  7.2992118885392288e-01  4.9287804399887253e-01  9.8957485507935317e-01
7.6000000000002004e+01  8.6688514070917115e+00  2.4572623730770619e-02  7.7854194618925652e+00  2.7080823038115021e-01  3.2343473532750465e+01  3.1999992850456607e+01  3.1999997650806108e+01  4.7999999999999998e+00  8.6691344670504797e+00  7.7854982274281159e+00  2.6944570562376896e-01  6.0637559460961077e+00  7.3706363882845971e-01  6.0354121311030919e+00  7.3030626586884539e-01  4.9303822774101036e-01  9.8957127302689629e-01
7.6800000000002399e+01  8.6737829194546858e+00  2.4570924853684371e-02  7.7795090398412663e+00  2.7272396947516020e-01  3.2353473170618855e+01  3.1999992762113642e+01  3.1999997637305064e+01  4.7999999999999998e+00  8.6740739039894663e+00  7.7795811956407546e+00  2.7140803579565331e-01  6.0595968180966251e+00  7.3705424840915235e-01  6.0237852643602299e+00  7.3150883901163921e-01  4.9316780385345438e-01  9.8956633799123983e-01
7.7600000000002794e+01  8.6781433046768512e+00  2.4565881356385360e-02  7.7734823091742733e+00  2.7207406348505925e-01  3.2362919487291499e+01  3.1999992683075039e+01  3.1999997619093293e+01  4.7999999999999998e+00  8.6784419140127547e+00  7.7735507240606214e+00  2.7160957315039058e-01  6.0553554768488285e+00  7.3716575233380555e-01  6.0119862081995041e+00  7.3356084139158273e-01  4.9325283710542478e-01  9.8956108655530051e-01
7.8400000000003203e+01  8.6823031598025171e+00  2.4560050948944780e-02  7.7673312771645380e+00  2.7231716307847509e-01  3.2372402034217870e+01  3.1999992611054260e+01  3.1999997595497128e+01  4.7999999999999998e+00  8.6826089452393216e+00  7.7673962090851987e+00  2.7168214546501857e-01  6.0515753041311493e+00  7.3722823819757932e-01  5.9992768750972711e+00  7.3479211232815811e-01  4.9332246934870938e-01  9.8955781434285517e-01
7.9200000000003598e+01  8.6865121312991871e+00  2.4556693687432074e-02  7.7610146651362015e+00  2.6980535321477528e-01  3.2382091197350647e+01  3.1999992543822515e+01  3.1999997571602105e+01  4.7999999999999998e+00  8.6868251567331534e+00  7.7610755926850716e+00  2.7018642621354055e-01  6.0466573664836289e+00  7.3802432829147468e-01  5.9873518406219883e+00  7.3446282485842018e-01  4.9339261188611189e-01  9.8955542872835278e-01
8.0000000000003993e+01  8.6907626599041556e+00  2.4555619309432376e-02  7.7545731090101429e+00  2.7185006638116388e-01  3.2391619014059728e+01  3.1999992456157450e+01  3.1999997541041495e+01  4.7999999999999998e+00  8.6910833522101196e+00  7.7546310649703694e+00  2.6893490021818250e-01  6.0413784809168716e+00  7.3772177122331206e-01  5.9751428005481539e+00  7.3480994249665466e-01  4.9344695095581809e-01  9.8955070508846321e-01
8.0800000000004403e+01  8.6948343907272765e+00  2.4553498236973566e-02  7.7477329727342941e+00  2.7186776643223287e-01  3.2400997496578569e+01  3.1999992357650605e+01  3.1999997504557527e+01  4.7999999999999998e+00  8.6951629450123562e+00  7.7477887887751828e+00  2.6906374755218865e-01  6.0349737255122902e+00  7.3838349840663930e-01  5.9631854657952674e+00  7.3507559049176074e-01  4.9345561024831375e-01  9.8954531889394681e-01
8.1600000000004798e+01  8.6988077212747115e+00  2.4548187315798633e-02  7.7406566206269583e+00  2.7210247483648481e-01  3.2410049350346370e+01  3.1999992268891901e+01  3.1999997470454264e+01  4.7999999999999998e+00  8.6991439541130653e+00  7.7407121919780586e+00  2.6963872142344153e-01  6.0267844440012137e+00  7.3823460183352363e-01  5.9527649410665395e+00  7.3529940014130224e-01  4.9342110449737148e-01  9.8954093074305782e-01
8.2400000000005207e+01  8.7028008670922414e+00  2.4541661520145020e-02  7.7332584110255906e+00  2.7220630462502748e-01  3.2418890667851002e+01  3.1999992143694506e+01  3.1999997431351350e+01  4.7999999999999998e+00  8.7031445753334165e+00  7.7333152041096636e+00  2.7155268039013236e-01  6.0180774727961159e+00  7.3942172527051320e-01  5.9417162356379123e+00  7.3593710054955463e-01  4.9336982128874568e-01  9.8953664155650933e-01
8.3200000000005701e+01  8.7072919490771614e+00  2.4537346311626490e-02  7.7266860434312541e+00  2.7069341106602873e-01  3.2427936927039717e+01  3.1999992016443734e+01  3.1999997402691381e+01  4.7999999999999998e+00  8.7076432213144255e+00  7.7267434032816391e+00  2.7267908832487658e-01  6.0099689980185680e+00  7.3923412714335279e-01  5.9320906400980826e+00  7.3610186986528214e-01  4.9330936568854078e-01  9.8953252546883252e-01
8.4000000000006096e+01  8.7122302264581499e+00  2.4537139872087235e-02  7.7204557414208157e+00  2.6957488561471493e-01  3.2436800549061708e+01  3.1999991887394010e+01  3.1999997374488466e+01  4.7999999999999998e+00  8.7125892494798833e+00  7.7205148187391703e+00  2.7168695743425181e-01  6.0012456529519582e+00  7.3995099890277627e-01  5.9243058482561963e+00  7.3572346843844416e-01  4.9321817304808707e-01  9.8952912874758781e-01
8.4800000000006506e+01  8.7172352838173115e+00  2.4542451084217615e-02  7.7147875638345198e+00  2.6955625168996133e-01  3.2445194858302216e+01  3.1999991751513960e+01  3.1999997349452958e+01  4.7999999999999998e+00  8.7176020583930089e+00  7.7148508792967547e+00  2.6646050921521780e-01  5.9925933549378172e+00  7.4027781565057593e-01  5.9179647932647024e+00  7.3616789810329686e-01  4.9308524181908198e-01  9.8952584833065294e-01
8.5600000000006901e+01  8.7221732790906188e+00  2.4544619721893774e-02  7.7081229537732403e+00  2.7012119322227718e-01  3.2453446027657229e+01  3.1999991587211113e+01  3.1999997318597469e+01  4.7999999999999998e+00  8.7225476162067004e+00  7.7081916457053348e+00  2.6651296186289541e-01  5.9814606151989675e+00  7.4021909425595789e-01  5.9114533180537991e+00  7.3522616964539567e-01  4.9293366428826418e-01  9.8952159060249167e-01
8.6400000000007296e+01  8.7274510200416451e+00  2.4545694755984414e-02  7.7014666446287521e+00  2.7198795135576043e-01  3.2462066733247603e+01  3.1999991427167160e+01  3.1999997289779067e+01  4.7999999999999998e+00  8.7278328105522398e+00  7.7015395503663973e+00  2.6655626987736786e-01  5.9693798049253797e+00  7.4053054405972962e-01  5.9053426986261552e+00  7.3561875887474637e-01  4.9279231205212032e-01  9.8951746981308275e-01
8.7200000000007705e+01  8.7333625648722446e+00  2.4548811421121131e-02  7.6967775000794276e+00  2.7306183266869127e-01  3.2470716891671557e+01  3.1999991253596473e+01  3.1999997262442513e+01  4.7999999999999998e+00  8.7337516976304599e+00  7.6968549906347237e+00  2.6658233530205971e-01  5.9612224491387380e+00  7.4077573004540542e-01  5.9007828629588630e+00  7.3489215987216405e-01  4.9266791082061279e-01  9.8951442715222482e-01
8.8000000000008100e+01  8.7392085738518688e+00  2.4554024795083913e-02  7.6921145918137155e+00  2.7204032172378206e-01  3.2479467673133151e+01  3.1999991046603036e+01  3.1999997237463237e+01  4.7999999999999998e+00  8.7396049649265848e+00  7.6921966620133082e+00  2.7215156684613589e-01  5.9525326017032389e+00  7.4148804645855659e-01  5.8966431946978606e+00  7.3503560141774293e-01  4.9253535992089459e-01  9.8951159372599429e-01
8.8800000000008495e+01  8.7447205196371449e+00  2.4558554391371838e-02  7.6849696857931686e+00  2.6672951749383567e-01  3.2488189136055219e+01  3.1999990865995365e+01  3.1999997196569517e+01  4.7999999999999998e+00  8.7451241830018489e+00  7.6850570857432947e+00  2.7295021608358555e-01  5.9395713351443966e+00  7.4117955895658660e-01  5.8904370217607598e+00  7.3495652491197005e-01  4.9239594956150207e-01  9.8950819337932561e-01
8.9600000000008905e+01  8.7507207296236569e+00  2.4560586757735734e-02  7.6798199702285359e+00  2.6677636498575502e-01  3.2497218929719921e+01  3.1999990669748730e+01  3.1999997154983156e+01  4.7999999999999998e+00  8.7511317956002106e+00  7.6799117040137199e+00  2.7194300009227812e-01  5.9302657064428850e+00  7.3971730413561665e-01  5.8857858584680818e+00  7.3467027769135618e-01  4.9229467675557181e-01  9.8950424071436738e-01
9.0400000000009300e+01  8.7573624449917880e+00  2.4561391569446984e-02  7.6762122426165496e+00  2.6680547152551776e-01  3.2507081063219324e+01  3.1999990492144388e+01  3.1999997121240028e+01  4.7999999999999998e+00  8.7577811591125219e+00  7.6763049174253828e+00  2.7010149951138046e-01  5.9248206462438917e+00  7.3894949094135176e-01  5.8809335283197948e+00  7.3467176957555924e-01  4.9224934752748489e-01  9.8950055807072668e-01
9.1200000000009794e+01  8.7639912348647400e+00  2.4563455246061995e-02  7.6717488011148411e+00  2.6957452543082627e-01  3.2517067062386367e+01  3.1999990310381548e+01  3.1999997085796743e+01  4.7999999999999998e+00  8.7644175620501059e+00  7.6718424738354845e+00  2.6962507768067540e-01  5.9181543733493109e+00  7.3896419425758131e-01  5.8754698638101743e+00  7.3460494730518222e-01  4.9221725613637979e-01  9.8949775212698998e-01
9.2000000000010203e+01  8.7702463941890585e+00  2.4567248938322125e-02  7.6661690511807592e+00  2.7305022174301552e-01  3.2527170915750339e+01  3.1999990156601115e+01  3.1999997062457773e+01  4.7999999999999998e+00  8.7706799941691180e+00  7.6662637521400905e+00  2.7087879147318605e-01  5.9098088374160680e+00  7.3901908731968924e-01  5.8683508273860507e+00  7.3466039821586326e-01  4.9218775112137031e-01  9.8949535627272578e-01
9.2800000000010598e+01  8.7767400917655891e+00  2.4570529981056549e-02  7.6622932232980006e+00  2.7203069077017566e-01  3.2537595459416174e+01  3.1999990015132788e+01  3.1999997036735575e+01  4.7999999999999998e+00  8.7771807905956436e+00  7.6623879012615621e+00  2.7243867194641186e-01  5.9050639658910384e+00  7.4089088318244023e-01  5.8626719436361494e+00  7.3469590452906353e-01  4.9219029726512553e-01  9.8949271323954013e-01
9.3600000000010994e+01  8.7837748880591171e+00  2.4571372327284072e-02  7.6591802711176475e+00  2.7017205421234058e-01  3.2548622480045537e+01  3.1999989884664505e+01  3.1999997005244854e+01  4.7999999999999998e+00  8.7842228736324213e+00  7.6592726636091024e+00  2.7242709211176530e-01  5.9037476958089750e+00  7.4257132693647943e-01  5.8552626575441753e+00  7.3411890215549636e-01  4.9225107869079299e-01  9.8948965476441819e-01
9.4400000000011403e+01  8.7906654299681879e+00  2.4570928044044059e-02  7.6536198137279250e+00  2.6965734321793428e-01  3.2560238663912600e+01  3.1999989777837001e+01  3.1999996969610471e+01  4.7999999999999998e+00  8.7911210683091241e+00  7.6537078446216711e+00  2.7227735370211192e-01  5.8973232534610984e+00  7.4180857924249211e-01  5.8461191339018423e+00  7.3428504910985348e-01  4.9232763418743897e-01  9.8948662666624565e-01
9.5200000000011798e+01  8.7973496074783331e+00  2.4571758275844513e-02  7.6505982183189918e+00  2.7094034348809609e-01  3.2571651203146246e+01  3.1999989639642482e+01  3.1999996930125072e+01  4.7999999999999998e+00  8.7978129572833037e+00  7.6506831070425081e+00  2.7027703964408145e-01  5.8952480438050454e+00  7.4126607809070566e-01  5.8399827994763349e+00  7.3438482983541797e-01  4.9239729657984238e-01  9.8948427087979773e-01
9.6000000000012193e+01  8.8037571953477016e+00  2.4574350752635418e-02  7.6478124912380085e+00  2.7249630311630840e-01  3.2583324893515574e+01  3.1999989527733753e+01  3.1999996896082084e+01  4.7999999999999998e+00  8.8042282146905961e+00  7.6478933455249933e+00  2.7288856152460356e-01  5.8949942539170648e+00  7.4139045939380310e-01  5.8319973037973591e+00  7.3459353952048945e-01  4.9247737376417383e-01  9.8948224829490972e-01
9.6800000000012602e+01  8.8099393061984621e+00  2.4576687441076085e-02  7.6424698475107551e+00  2.7253941346899668e-01  3.2595215684980992e+01  3.1999989432330448e+01  3.1999996847932767e+01  4.7999999999999998e+00  8.8104180879680616e+00  7.6425463040195885e+00  2.7345550277105340e-01  5.8897707917741862e+00  7.4198658732996126e-01  5.8223369891760823e+00  7.3483811179129177e-01  4.9257215055211956e-01  9.8947976613500432e-01
9.7600000000012997e+01  8.8159844636797811e+00  2.4576983406005608e-02  7.6369612855099120e+00  2.7251863038976371e-01  3.2607274798122006e+01  3.1999989319437102e+01  3.1999996806014742e+01  4.7999999999999998e+00  8.8164711705557028e+00  7.6370330508890527e+00  2.7363535341035589e-01  5.8850528581757375e+00  7.4185252914134481e-01  5.8117560466448559e+00  7.3553828384356978e-01  4.9268159040323117e-01  9.8947703596860115e-01
9.8400000000013407e+01  8.8219076846836515e+00  2.4576031248918911e-02  7.6337455425118561e+00  2.7044482573953710e-01  3.2619550164766153e+01  3.1999989227191339e+01  3.1999996770402884e+01  4.7999999999999998e+00  8.8224021465574651e+00  7.6338118705090121e+00  2.7156794981320648e-01  5.8848400183101299e+00  7.4130551669313416e-01  5.8029622187415333e+00  7.3531848042365588e-01  4.9278261951968017e-01  9.8947482869717585e-01
9.9200000000013802e+01  8.8272547146631712e+00  2.4576011507288689e-02  7.6285203287025176e+00  2.7306733840091746e-01  3.2631520309437711e+01  3.1999989150481987e+01  3.1999996728892384e+01  4.7999999999999998e+00  8.8277563133952697e+00  7.6285832384351666e+00  2.7160652728257834e-01  5.8809291981010627e+00  7.4089675547600675e-01  5.7923395862559621e+00  7.3622987084219027e-01  4.9285870385420316e-01  9.8947347560763421e-01
1.0000000000001400e+02  8.8322397639514136e+00  2.4577333776156333e-02  7.6214856790359979e+00  2.7368046962909343e-01  3.2643591900261434e+01  3.1999989084998198e+01  3.1999996709758619e+01  4.7999999999999998e+00  8.8327480238457614e+00  7.6215451809867911e+00  2.7317313546780964e-01  5.8736529567033697e+00  7.4137685229466233e-01  5.7803150376572630e+00  7.3696504024043319e-01  4.9293350549979342e-01  9.8947259861777714e-01
1.0080000000001500e+02  8.8373855869832276e+00  2.4578275760799441e-02  7.6167837818125648e+00  2.7356396990183951e-01  3.2655856947310191e+01  3.1999989014863132e+01  3.1999996693228109e+01  4.7999999999999998e+00  8.8379005311298648e+00  7.6168392374846334e+00  2.7452878985965140e-01  5.8701396177067089e+00  7.4096882773171868e-01  5.7709668302550998e+00  7.3680332256722447e-01  4.9301105303931864e-01  9.8947131785384368e-01
1.0160000000001500e+02  8.8425133515729026e+00  2.4577607198709765e-02  7.6125638003425928e+00  2.7184779895809014e-01  3.2668054535018662e+01  3.1999988925611422e+01  3.1999996673808333e+01  4.7999999999999998e+00  8.8430352488628632e+00  7.6126158685440632e+00  2.7394928521203366e-01  5.8685167793809594e+00  7.4141577276841719e-01  5.7603937041417463e+00  7.3706925887020847e-01  4.9308230180957774e-01  9.8946927918409600e-01
1.0240000000001500e+02  8.8471299486598820e+00  2.4576052995059505e-02  7.6053431997889129e+00  2.7322778436637829e-01  3.2680192491485442e+01  3.1999988830872521e+01  3.1999996662770979e+01  4.7999999999999998e+00  8.8476590682504686e+00  7.6053926243914161e+00  2.7067455431241133e-01  5.8602334350753802e+00  7.4091760270490858e-01  5.7482135611653424e+00  7.3731589031970157e-01  4.9311781055519172e-01  9.8946732663748183e-01
1.0320000000001600e+02  8.8515879468120993e+00  2.4575024102287492e-02  7.5991058241109952e+00  2.7346154976415271e-01  3.2691839483228570e+01  3.1999988718432625e+01  3.1999996652022272e+01  4.7999999999999998e+00  8.8521242668210451e+00  7.5991552210972779e+00  2.7186171827352218e-01  5.8532309457088854e+00  7.4105596219452263e-01  5.7383994510686653e+00  7.3757545445863015e-01  4.9312190573146775e-01  9.8946629979180001e-01
1.0400000000001600e+02  8.8561747570217229e+00  2.4574800064475887e-02  7.5941879433294952e+00  2.7419941860964808e-01  3.2703638630122839e+01  3.1999988591848993e+01  3.1999996637864079e+01  4.7999999999999998e+00  8.8567180669161480e+00  7.5942368882080817e+00  2.7154232136554529e-01  5.8490979834928494e+00  7.4131794415350483e-01  5.7291842575831851e+00  7.3797885063476332e-01  4.9312219893531606e-01  9.8946584735619947e-01
1.0480000000001699e+02  8.8608245142455644e+00  2.4574376995341592e-02  7.5870131155568759e+00  2.7089880804953514e-01  3.2715789834140423e+01  3.1999988461117798e+01  3.1999996622585577e+01  4.7999999999999998e+00  8.8613745715929753e+00  7.5870606369665659e+00  2.7159772278007777e-01  5.8404106887059521e+00  7.4194203221954558e-01  5.7180981758211678e+00  7.3863043578552612e-01  4.9311749806672200e-01  9.8945930261445203e-01
1.0560000000001700e+02  8.8657397421299642e+00  2.4572804372081675e-02  7.5796323676894790e+00  2.7223500330232647e-01  3.2727677404275823e+01  3.1999988281402647e+01  3.1999996591872691e+01  4.7999999999999998e+00  8.8662963919150570e+00  7.5796803599894798e+00  2.7214572038873797e-01  5.8298750137624360e+00  7.4171653011342542e-01  5.7089435201580514e+00  7.3831861811404031e-01  4.9307648199178816e-01  9.8945232770035452e-01
1.0640000000001800e+02  8.8707846505129027e+00  2.4570124130160801e-02  7.5744294188616026e+00  2.7176230773149174e-01  3.2739122806194679e+01  3.1999988086633870e+01  3.1999996557492160e+01  4.7999999999999998e+00  8.8713479830203887e+00  7.5744801398438364e+00  2.7083368499437432e-01  5.8226091174130641e+00  7.4134247911708706e-01  5.7027789471050339e+00  7.3925225896236235e-01  4.9299292811357753e-01  9.8944535930800526e-01
1.0720000000001799e+02  8.8758714580933784e+00  2.4567263739078891e-02  7.5693278612691310e+00  2.7183290741964561e-01  3.2750744616783749e+01  3.1999987913000847e+01  3.1999996526821370e+01  4.7999999999999998e+00  8.8764419950062852e+00  7.5693805455649903e+00  2.7424149141595983e-01  5.8158425856276690e+00  7.4167809890788416e-01  5.6955761407574137e+00  7.3931133544444960e-01  4.9290074458104721e-01  9.8943848528944511e-01
1.0800000000001801e+02  8.8813318814094551e+00  2.4565289333197838e-02  7.5630492347532181e+00  2.7189786179434516e-01  3.2762485625066972e+01  3.1999987673818577e+01  3.1999996478765503e+01  4.7999999999999998e+00  8.8819102198679118e+00  7.5631037147935007e+00  2.7351208540824329e-01  5.8044974094935187e+00  7.4189957054594879e-01  5.6894842634667961e+00  7.3933810024361624e-01  4.9280217572985396e-01  9.8943191965735144e-01
1.0880000000001900e+02  8.8873679957917009e+00  2.4564076049037875e-02  7.5585134565536798e+00  2.7104780372880805e-01  3.2774259862532794e+01  3.1999987430730577e+01  3.1999996432522231e+01  4.7999999999999998e+00  8.8879543741349814e+00  7.5585699287177315e+00  2.7373365247509435e-01  5.7961355496077243e+00  7.4207005249061886e-01  5.6854066985690928e+00  7.3884841182079264e-01  4.9270607518159604e-01  9.8942529081789921e-01
1.0960000000001899e+02  8.8935526623793866e+00  2.4562022578443331e-02  7.5562051703104611e+00  2.7109142965117666e-01  3.2785949185614498e+01  3.1999987214120846e+01  3.1999996390394390e+01  4.7999999999999998e+00  8.8941468881589927e+00  7.5562643906757163e+00  2.7200406038999947e-01  5.7915029220489727e+00  7.4234741593860398e-01  5.6834242577662772e+00  7.3831780834879646e-01  4.9259237826905800e-01  9.8941829660909208e-01
1.1040000000002000e+02  8.8995326432721882e+00  2.4558264259880721e-02  7.5521053210265130e+00  2.7444059795252895e-01  3.2797625456741670e+01  3.1999986988807798e+01  3.1999996332280134e+01  4.7999999999999998e+00  8.9001342468670810e+00  7.5521678772460330e+00  2.7201670228186997e-01  5.7809860319284878e+00  7.4329294676425517e-01  5.6815224188504683e+00  7.3866063844197727e-01  4.9245056737097803e-01  9.8941176948806564e-01
1.1120000000002000e+02  8.9057035611335724e+00  2.4554112582299840e-02  7.5475358515745992e+00  2.7367711227579600e-01  3.2809455810996475e+01  3.1999986764578182e+01  3.1999996274629787e+01  4.7999999999999998e+00  8.9063122259305594e+00  7.5476015622122592e+00  2.7390841381734032e-01  5.7692148517122934e+00  7.4354662332152888e-01  5.6803009068694985e+00  7.3921165921362497e-01  4.9232481386598109e-01  9.8940602562101343e-01
1.1200000000001999e+02  8.9124588467179287e+00  2.4550976629391721e-02  7.5453341946361974e+00  2.7348811044966453e-01  3.2821295392839176e+01  3.1999986532350245e+01  3.1999996219305906e+01  4.7999999999999998e+00  8.9130744832082680e+00  7.5454035474048764e+00  2.7316298846239223e-01  5.7642355489194150e+00  7.4362855842330899e-01  5.6794253927847080e+00  7.3686142172509783e-01  4.9224515844021499e-01  9.8940043180497084e-01
1.1280000000002100e+02  8.9192705325358368e+00  2.4548303855136004e-02  7.5423905429365066e+00  2.7211819294084000e-01  3.2833578499427070e+01  3.1999986300643091e+01  3.1999996166268602e+01  4.7999999999999998e+00  8.9198931795669427e+00  7.5424619547616585e+00  2.7078982307567251e-01  5.7572731820680465e+00  7.4381350947374536e-01  5.6778441327006641e+00  7.3541860754800104e-01  4.9217488485888927e-01  9.8939490649645812e-01
1.1360000000002100e+02  8.9257780619556613e+00  2.4544528288926712e-02  7.5370481257908892e+00  2.7383556434036727e-01  3.2846012129932255e+01  3.1999986099316963e+01  3.1999996121951213e+01  4.7999999999999998e+00  8.9264077674604927e+00  7.5371215155985070e+00  2.7280730356535804e-01  5.7458556437426722e+00  7.4417897988238824e-01  5.6738738401557516e+00  7.3540482902530258e-01  4.9210418522676486e-01  9.8938941896203192e-01
1.1440000000002200e+02  8.9322475137996271e+00  2.4539177857919231e-02  7.5321368729618614e+00  2.7400359159290189e-01  3.2858294468514451e+01  3.1999985900851989e+01  3.1999996078368714e+01  4.7999999999999998e+00  8.9328845145620370e+00  7.5322135281607663e+00  2.7286103267654294e-01  5.7369753683519349e+00  7.4427707079533867e-01  5.6696642286907117e+00  7.3542474487767451e-01  4.9205756623480762e-01  9.8938360163920613e-01
1.1520000000002200e+02  8.9393075395771824e+00  2.4533471378839020e-02  7.5292766515878977e+00  2.7341867309692786e-01  3.2870947936647013e+01  3.1999985712222493e+01  3.1999996047309363e+01  4.7999999999999998e+00  8.9399521965382380e+00  7.5293552018452310e+00  2.7284507361783061e-01  5.7340276773496335e+00  7.4467453632253156e-01  5.6655742372910707e+00  7.3802644171863352e-01  4.9206169818548517e-01  9.8937786688893048e-01
1.1600000000002200e+02  8.9465786853490776e+00  2.4528661467714513e-02  7.5256895808795159e+00  2.7088010726827921e-01  3.2884404518981967e+01  3.1999985515534405e+01  3.1999996018889327e+01  4.7999999999999998e+00  8.9472311602949723e+00  7.5257667460898334e+00  2.7123634793320656e-01  5.7306904298696244e+00  7.4413010537847291e-01  5.6587634534710487e+00  7.3874845523520494e-01  4.9210240410442996e-01  9.8937282467390497e-01
1.1680000000002300e+02  8.9536634277287597e+00  2.4524282214404735e-02  7.5222732819127351e+00  2.7278460411718930e-01  3.2898020829713964e+01  3.1999985303724902e+01  3.1999995984306992e+01  4.7999999999999998e+00  8.9543234717206239e+00  7.5223489572708164e+00  2.6998204671666021e-01  5.7274466596958922e+00  7.4451604918944547e-01  5.6525170781907637e+00  7.3793168534029230e-01  4.9214447807602330e-01  9.8936817382734898e-01
1.1760000000002300e+02  8.9605134849747579e+00  2.4518885048359824e-02  7.5204655837147474e+00  2.7293940314401444e-01  3.2911628077096687e+01  3.1999985085674606e+01  3.1999995965111605e+01  4.7999999999999998e+00  8.9611806635751794e+00  7.5205402966193429e+00  2.7047329546160226e-01  5.7292100170787785e+00  7.4485045903535130e-01  5.6459647714856080e+00  7.3828610605935108e-01  4.9219603341082346e-01  9.8936347747153808e-01
1.1840000000002399e+02  8.9673575707335083e+00  2.4520280070943836e-02  7.5189361139286364e+00  2.7134517730053809e-01  3.2925662379046777e+01  3.1999984891929945e+01  3.1999995932020308e+01  4.7999999999999998e+00  8.9680316057846774e+00  7.5190082074745961e+00  2.7330685876400163e-01  5.7323201802505981e+00  7.4428436598803793e-01  5.6383438698731076e+00  7.3909426908091069e-01  4.9226656454243312e-01  9.8935874293045400e-01
1.1920000000002400e+02  8.9742260544442658e+00  2.4523677263035500e-02  7.5165762412433335e+00  2.7010747832869231e-01  3.2940176529241739e+01  3.1999984684962953e+01  3.1999995889398189e+01  4.7999999999999998e+00  8.9749070214196749e+00  7.5166438911474280e+00  2.6963084692709033e-01  5.7330989404105779e+00  7.4411945001326840e-01  5.6301198120277443e+00  7.3928875476775657e-01  4.9235368675525992e-01  9.8935404486208300e-01
1.2000000000002400e+02  8.9808605880279089e+00  2.4527877210309433e-02  7.5149735560745459e+00  2.7062672976364766e-01  3.2954933236963235e+01  3.1999984488819717e+01  3.1999995851719614e+01  4.7999999999999998e+00  8.9815485949169052e+00  7.5150359371687419e+00  2.6698870408088060e-01  5.7351622851331232e+00  7.4398095672091302e-01  5.6226992360452011e+00  7.3948490248124010e-01  4.9244217995423095e-01  9.8934976399738750e-01
1.2080000000002499e+02  8.9871726606176257e+00  2.4532558678003854e-02  7.5138903020681687e+00  2.7343839502902534e-01  3.2969479077642404e+01  3.1999984328016996e+01  3.1999995806551514e+01  4.7999999999999998e+00  8.9878676655777472e+00  7.5139487809116590e+00  2.6699397808525416e-01  5.7388132091252357e+00  7.4457159689627794e-01  5.6155903677310972e+00  7.3876919279603015e-01  4.9251647512935676e-01  9.8934618501369187e-01
1.2160000000002501e+02  8.9931134505894867e+00  2.4536375784168705e-02  7.5107482346192471e+00  2.6974726811692051e-01  3.2984256260699041e+01  3.1999984139654448e+01  3.1999995767923782e+01  4.7999999999999998e+00  8.9938154837818374e+00  7.5108021559434919e+00  2.7325704821040059e-01  5.7376089328809243e+00  7.4200461205700541e-01  5.6071277860312856e+00  7.3942652622034999e-01  4.9258281443986524e-01  9.8934252623282470e-01
1.2240000000002600e+02  8.9987573878512102e+00  2.4538946253314396e-02  7.5061166512301867e+00  2.6713265448116486e-01  3.2999204669335441e+01  3.1999983953626199e+01  3.1999995738004504e+01  4.7999999999999998e+00  8.9994664926323082e+00  7.5061657205682666e+00  2.7044788523446617e-01  5.7318850154920575e+00  7.4116363637692051e-01  5.5990437369666841e+00  7.3920908951771358e-01  4.9264208166126283e-01  9.8933832971904445e-01
1.2320000000002599e+02  9.0042778552431972e+00  2.4541223354032766e-02  7.5014625855892918e+00  2.6719573390507395e-01  3.3014017420337325e+01  3.1999983776578524e+01  3.1999995700608611e+01  4.7999999999999998e+00  9.0049939595543016e+00  7.5015079197811350e+00  2.6993797672045616e-01  5.7267891278437757e+00  7.4113094593875262e-01  5.5909221476649664e+00  7.3918582499975583e-01  4.9269962831620467e-01  9.8933449267486484e-01
1.2400000000002700e+02  9.0095931521182564e+00  2.4543961763534138e-02  7.4958573466052192e+00  2.7338647968272600e-01  3.3028883917506747e+01  3.1999983555442100e+01  3.1999995650883221e+01  4.7999999999999998e+00  9.0103161960488851e+00  7.4958991018858869e+00  2.7121919961037755e-01  5.7189450008368272e+00  7.4303500817850510e-01  5.5829509546160603e+00  7.3942676241902050e-01  4.9273671168672983e-01  9.8933140008781717e-01
1.2480000000002700e+02  9.0145320625095362e+00  2.4546822236496478e-02  7.4879664867337707e+00  2.7057365252307530e-01  3.3043619060259061e+01  3.1999983347264273e+01  3.1999995618383068e+01  4.7999999999999998e+00  9.0152621239578803e+00  7.4880058356282584e+00  2.7282042651117855e-01  5.7047683857568190e+00  7.4437671232955593e-01  5.5746737047685944e+00  7.3958887332300194e-01  4.9274387830104072e-01  9.8932866306089573e-01
1.2560000000002699e+02  9.0194250929595672e+00  2.4549110397044133e-02  7.4803466677756223e+00  2.7010784880074151e-01  3.3058267633891553e+01  3.1999983132303381e+01  3.1999995568186378e+01  4.7999999999999998e+00  9.0201624958968960e+00  7.4803844131482382e+00  2.7271882105324580e-01  5.6900437286356675e+00  7.4410433686085187e-01  5.5676856071735141e+00  7.3976859157346597e-01  4.9273848024381472e-01  9.8932608345419826e-01
1.2640000000002800e+02  9.0246583155197566e+00  2.4550587656497081e-02  7.4743236527521759e+00  2.7140074950942339e-01  3.3072661874584540e+01  3.1999982910945196e+01  3.1999995516848468e+01  4.7999999999999998e+00  9.0254031742713234e+00  7.4743613030370950e+00  2.7072181705406329e-01  5.6786231849404558e+00  7.4469588718241719e-01  5.5624996322966718e+00  7.3924922798061665e-01  4.9272720952116994e-01  9.8932306999071273e-01
1.2720000000002800e+02  9.0300159188958560e+00  2.4551500430435143e-02  7.4677211037794713e+00  2.7299353645951735e-01  3.3087115573874314e+01  3.1999982678759839e+01  3.1999995477994549e+01  4.7999999999999998e+00  9.0307679743157099e+00  7.4677587867385613e+00  2.7330386594569273e-01  5.6655552944402263e+00  7.4529335362717419e-01  5.5570878964951671e+00  7.3980041358315707e-01  4.9269857214179535e-01  9.8931989837145928e-01
1.2800000000002899e+02  9.0353670916852220e+00  2.4552399785721917e-02  7.4614696337347342e+00  2.7291260345878360e-01  3.3101644634743423e+01  3.1999982446649362e+01  3.1999995427982988e+01  4.7999999999999998e+00  9.0361260595918083e+00  7.4615074687807814e+00  2.7388931775389808e-01  5.6525127036816842e+00  7.4502498390680527e-01  5.5520191250379627e+00  7.3945713657946410e-01  4.9264748537469477e-01  9.8931807447400055e-01
1.2880000000002801e+02  9.0408163664544396e+00  2.4553568504781298e-02  7.4570136363817356e+00  2.7089811507131861e-01  3.3115836784021361e+01  3.1999982221848526e+01  3.1999995387324372e+01  4.7999999999999998e+00  9.0415822562776267e+00  7.4570536941323322e+00  2.7199936749055947e-01  5.6432530174419417e+00  7.4482470428138048e-01  5.5484590226471280e+00  7.3953661871880860e-01  4.9258073353957410e-01  9.8931701649466275e-01
1.2960000000002699e+02  9.0466541464225401e+00  2.4554431758326365e-02  7.4541682924666315e+00  2.7345920902225096e-01  3.3130066646068336e+01  3.1999982009541455e+01  3.1999995353910734e+01  4.7999999999999998e+00  9.0474271885454094e+00  7.4542105664946590e+00  2.7201489194337941e-01  5.6388080540646994e+00  7.4478879157428157e-01  5.5448247860951065e+00  7.3953581895487774e-01  4.9252318011628898e-01  9.8931503474727456e-01
1.3040000000002601e+02  9.0529203971910306e+00  2.4554191808597529e-02  7.4517353837824372e+00  2.7403814282703032e-01  3.3144558905924399e+01  3.1999981799542784e+01  3.1999995313368796e+01  4.7999999999999998e+00  9.0537006803665765e+00  7.4517789372727110e+00  2.7347944475390484e-01  5.6352448949910956e+00  7.4556380932243238e-01  5.5410133072867938e+00  7.4020789010297172e-01  4.9246938406841689e-01  9.8931285868078489e-01
1.3120000000002599e+02  9.0593195423371213e+00  2.4552967181494922e-02  7.4502546851694440e+00  2.7210200919134236e-01  3.3159036907172052e+01  3.1999981621709924e+01  3.1999995288234071e+01  4.7999999999999998e+00  9.0601066731389786e+00  7.4503001684473755e+00  2.7416606676108995e-01  5.6329060351266422e+00  7.4508081848699526e-01  5.5385105171975990e+00  7.4015981653715057e-01  4.9239087418927219e-01  9.8931166513032764e-01
1.3200000000002501e+02  9.0658417338913573e+00  2.4551815509129372e-02  7.4507467228845758e+00  2.7213591699503253e-01  3.3173202812773447e+01  3.1999981435849552e+01  3.1999995262711483e+01  4.7999999999999998e+00  9.0666351149461519e+00  7.4507961310449566e+00  2.7085451163966295e-01  5.6355930549478961e+00  7.4525975057281557e-01  5.5369307253070783e+00  7.4011879709735651e-01  4.9230089433350815e-01  9.8931095107245559e-01
1.3280000000002400e+02  9.0725597670795786e+00  2.4551342325275841e-02  7.4505388913115462e+00  2.7353932133454889e-01  3.3187349370848651e+01  3.1999981231632272e+01  3.1999995222616349e+01  4.7999999999999998e+00  9.0733592918061632e+00  7.4505927834034260e+00  2.7197720680624504e-01  5.6369496586805719e+00  7.4539724710444555e-01  5.5347000649515037e+00  7.4001071824963327e-01  4.9221860849988197e-01  9.8931030511629447e-01
1.3360000000002299e+02  9.0796690751524860e+00  2.4550610466064618e-02  7.4506593902860931e+00  2.7419967717204863e-01  3.3201985187646187e+01  3.1999981056169645e+01  3.1999995193887987e+01  4.7999999999999998e+00  9.0804751456963153e+00  7.4507157653208047e+00  2.7156964161584890e-01  5.6385097895145826e+00  7.4549299841139016e-01  5.5327844108125168e+00  7.4015502112063158e-01  4.9215313326392235e-01  9.8930853698344257e-01
1.3440000000002300e+02  9.0869673623900642e+00  2.4548436537012979e-02  7.4515424819814484e+00  2.7085197989335025e-01  3.3216705669679428e+01  3.1999980884115519e+01  3.1999995158024646e+01  4.7999999999999998e+00  9.0877802334002009e+00  7.4516015450106208e+00  2.7153834439209129e-01  5.6416617683600263e+00  7.4582633947212196e-01  5.5316325408379363e+00  7.4008100791029829e-01  4.9209552453634481e-01  9.8930011362719417e-01
1.3520000000002199e+02  9.0941979979999559e+00  2.4545288456116553e-02  7.4522125195486888e+00  2.7196351789589901e-01  3.3231175498213823e+01  3.1999980683049742e+01  3.1999995120394626e+01  4.7999999999999998e+00  9.0950176542382550e+00  7.4522761126203223e+00  2.7063279390218409e-01  5.6439119696311826e+00  7.4500640288224163e-01  5.5311739156441435e+00  7.4045144698057064e-01  4.9203096945287156e-01  9.8929172208169391e-01
1.3600000000002100e+02  9.1012721042681886e+00  2.4542438227208474e-02  7.4517153198175263e+00  2.7158700147176951e-01  3.3245860474528911e+01  3.1999980499434482e+01  3.1999995083698078e+01  4.7999999999999998e+00  9.1020986258800676e+00  7.4517827648710400e+00  2.7393496176631549e-01  5.6434952248420025e+00  7.4502374360574053e-01  5.5297535155902171e+00  7.4080827124719451e-01  4.9197376332963938e-01  9.8928404368236555e-01
1.3680000000002099e+02  9.1083944790150788e+00  2.4539923826409019e-02  7.4500267600959242e+00  2.7160146527402146e-01  3.3260970781985996e+01  3.1999980341022038e+01  3.1999995045036968e+01  4.7999999999999998e+00  9.1092279743711053e+00  7.4500965082516375e+00  2.7313495667300625e-01  5.6396030974301485e+00  7.4509032001151576e-01  5.5283557777204324e+00  7.4079665913011372e-01  4.9194223154960398e-01  9.8927647066166291e-01
1.3760000000002000e+02  9.1158914119564436e+00  2.4536793051470236e-02  7.4495098424191131e+00  2.7068356875469685e-01  3.3276328926616380e+01  3.1999980152723023e+01  3.1999994996525103e+01  4.7999999999999998e+00  9.1167318842939071e+00  7.4495813226385703e+00  2.7288845217383451e-01  5.6382779543858215e+00  7.4570333447831461e-01  5.5279408396395979e+00  7.4080765070353716e-01  4.9194351340399245e-01  9.8926873363090961e-01
1.3840000000001899e+02  9.1233400864787448e+00  2.4532743087741556e-02  7.4487420761981635e+00  2.7394896092691634e-01  3.3291971557233900e+01  3.1999979939049013e+01  3.1999994938551243e+01  4.7999999999999998e+00  9.1241873739542250e+00  7.4488144769265698e+00  2.7156120214781360e-01  5.6364914959525398e+00  7.4564778480063998e-01  5.5267948379512397e+00  7.4035425712811676e-01  4.9195547140340368e-01  9.8926176011230704e-01
1.3920000000001801e+02  9.1303970054652126e+00  2.4528354008145615e-02  7.4462465826969444e+00  2.7314727510034931e-01  3.3307935398496362e+01  3.1999979726050725e+01  3.1999994884548627e+01  4.7999999999999998e+00  9.1312511321860264e+00  7.4463187965711581e+00  2.7339061919158286e-01  5.6292976937075316e+00  7.4561447503246980e-01  5.5258659499818128e+00  7.4038263365341683e-01  4.9196012526708999e-01  9.8925551749542751e-01
1.4000000000001799e+02  9.1372590292958584e+00  2.4524003286205645e-02  7.4434339419332458e+00  2.7160114372222188e-01  3.3324083070831321e+01  3.1999979500975961e+01  3.1999994825249544e+01  4.7999999999999998e+00  9.1381204265256208e+00  7.4435053854183950e+00  2.7277599360291699e-01  5.6222834575347331e+00  7.4560736827297225e-01  5.5243687172753821e+00  7.4019097638574383e-01  4.9197801643966743e-01  9.8924894391755347e-01
1.4080000000001701e+02  9.1442603057930683e+00  2.4519416784262726e-02  7.4412323089218431e+00  2.7161192182535077e-01  3.3340469295742125e+01  3.1999979263260457e+01  3.1999994762815593e+01  4.7999999999999998e+00  9.1451294275621038e+00  7.4413021322374373e+00  2.7028199207668335e-01  5.6172720735769683e+00  7.4579638978500473e-01  5.5227226410521029e+00  7.3799521749182595e-01  4.9202090949108029e-01  9.8924188984173556e-01
1.4160000000001600e+02  9.1511607172231759e+00  2.4514267011135828e-02  7.4383007228675435e+00  2.7342370122654397e-01  3.3357336201525278e+01  3.1999979045491262e+01  3.1999994714373752e+01  4.7999999999999998e+00  9.1520376082242016e+00  7.4383671290379674e+00  2.7233663567527860e-01  5.6104158483868991e+00  7.4614418025298412e-01  5.5203418555842818e+00  7.3767151121040864e-01  4.9207305697682535e-01  9.8923524322754441e-01
1.4240000000001501e+02  9.1575179217965115e+00  2.4508528869795203e-02  7.4339709252287980e+00  2.7284859506194148e-01  3.3374496188968507e+01  3.1999978837695529e+01  3.1999994667191803e+01  4.7999999999999998e+00  9.1584022479278104e+00  7.4340331907169315e+00  2.7232801409166990e-01  5.6018140789707056e+00  7.4661011852985348e-01  5.5156082269384772e+00  7.3783901200311519e-01  4.9211713050276940e-01  9.8922967914057480e-01
1.4320000000001500e+02  9.1635299159523669e+00  2.4502154166740172e-02  7.4294469630899425e+00  2.7237050840697147e-01  3.3391554600519228e+01  3.1999978645881644e+01  3.1999994627891656e+01  4.7999999999999998e+00  9.1644213819482268e+00  7.4295060925522964e+00  2.6954792687659707e-01  5.5937666700021360e+00  7.4659387768017949e-01  5.5103407238254904e+00  7.4063101418771315e-01  4.9215492520465648e-01  9.8922462028753044e-01
1.4400000000001401e+02  9.1694409207995040e+00  2.4499004575410998e-02  7.4246203365100563e+00  2.7246425464040935e-01  3.3408775648944619e+01  3.1999978452426603e+01  3.1999994587257671e+01  4.7999999999999998e+00  9.1703394962358367e+00  7.4246758410175131e+00  2.7003087487679428e-01  5.5865810033040901e+00  7.4613230137446929e-01  5.5032836061183854e+00  7.4103773102435899e-01  4.9220339807027896e-01  9.8921917145305049e-01
1.4480000000001300e+02  9.1752398298343678e+00  2.4503822511611741e-02  7.4191357734671728e+00  2.7088886328858225e-01  3.3426474084053048e+01  3.1999978256299048e+01  3.1999994548719908e+01  4.7999999999999998e+00  9.1761454762190091e+00  7.4191857424936503e+00  2.7284320795575995e-01  5.5784538161124138e+00  7.4567523560041671e-01  5.4947462895604398e+00  7.4126513938446281e-01  4.9225790872219100e-01  9.8921381693043942e-01
1.4560000000001301e+02  9.1808121577160655e+00  2.4508756165322484e-02  7.4126433750157084e+00  2.6971219131401802e-01  3.3444057236056537e+01  3.1999978075525551e+01  3.1999994518106863e+01  4.7999999999999998e+00  9.1817244099063622e+00  7.4126890818687325e+00  2.6659421215592716e-01  5.5690555276890414e+00  7.4659750726145813e-01  5.4852916766329161e+00  7.4192752550696273e-01  4.9230128481815494e-01  9.8920921066701506e-01
1.4640000000001200e+02  9.1861454609792776e+00  2.4513376046385153e-02  7.4062553130423714e+00  2.7205481422377564e-01  3.3461435097004440e+01  3.1999977839577038e+01  3.1999994479545190e+01  4.7999999999999998e+00  9.1870637726932074e+00  7.4062982928662873e+00  2.6661122141243004e-01  5.5611868298445266e+00  7.4475564049988008e-01  5.4746626515005286e+00  7.4216986355312775e-01  4.9233071651419708e-01  9.8920502595753690e-01
1.4720000000001099e+02  9.1913911735495120e+00  2.4516832407421935e-02  7.3999249654763242e+00  2.7196615394470952e-01  3.3478956596816943e+01  3.1999977624919072e+01  3.1999994441999419e+01  4.7999999999999998e+00  9.1923153881943485e+00  7.3999648855524933e+00  2.7229211913581375e-01  5.5532645103253140e+00  7.4358381805996254e-01  5.4636767350171302e+00  7.4145861819250447e-01  4.9235011172037596e-01  9.8920105882938147e-01
1.4800000000001000e+02  9.1966644340284560e+00  2.4519420511783335e-02  7.3926344259815249e+00  2.6674859934749384e-01  3.3496333292981348e+01  3.1999977449259433e+01  3.1999994420717680e+01  4.7999999999999998e+00  9.1975946008096869e+00  7.3926725047708031e+00  2.7005355875501097e-01  5.5435081799093684e+00  7.4363995401952998e-01  5.4522952471731463e+00  7.4210441733493449e-01  4.9236102688251238e-01  9.8919712707881902e-01
1.4880000000000999e+02  9.2020908677044275e+00  2.4522258199616131e-02  7.3861268970253295e+00  2.6680920740592079e-01  3.3513671602420231e+01  3.1999977236972367e+01  3.1999994385132780e+01  4.7999999999999998e+00  9.2030269699176301e+00  7.3861636397122865e+00  2.6952578411767619e-01  5.5351787032077251e+00  7.4744413005589494e-01  5.4417540187860265e+00  7.4182093710599895e-01  4.9236074802407176e-01  9.8919311385491415e-01
1.4960000000000900e+02  9.2075913979734416e+00  2.4525382619803266e-02  7.3804343187968424e+00  2.7293802690394325e-01  3.3530990225843453e+01  3.1999976990531152e+01  3.1999994338037826e+01  4.7999999999999998e+00  9.2085332898575434e+00  7.3804701990294843e+00  2.7076093358794673e-01  5.5280118095588779e+00  7.4694205670632308e-01  5.4319705638958418e+00  7.4169957379815632e-01  4.9234146302324849e-01  9.8918981896245506e-01
1.5040000000000799e+02  9.2130878617385488e+00  2.4527664423960118e-02  7.3744673424166445e+00  2.7013308718549234e-01  3.3548170152058830e+01  3.1999976772316881e+01  3.1999994302531459e+01  4.7999999999999998e+00  9.2140354593221261e+00  7.3745036253500569e+00  2.7233351183814647e-01  5.5198166527575276e+00  7.4714015442815829e-01  5.4224642360879267e+00  7.4178581123123788e-01  4.9230315860412754e-01  9.8918725780392891e-01
1.5120000000000701e+02  9.2186389615976942e+00  2.4528720259472475e-02  7.3685151953613772e+00  2.6956209113330992e-01  3.3565245636143672e+01  3.1999976548260317e+01  3.1999994253816947e+01  4.7999999999999998e+00  9.2195923770770385e+00  7.3685529743271978e+00  2.7227552770488656e-01  5.5113307685582900e+00  7.4775441206269577e-01  5.4137355244983674e+00  7.4187249004187539e-01  4.9225565299284396e-01  9.8918450041325290e-01
1.5200000000000699e+02  9.2244941527610607e+00  2.4529438375589685e-02  7.3636978521398770e+00  2.7240701716782817e-01  3.3582200842576682e+01  3.1999976300811614e+01  3.1999994204100950e+01  4.7999999999999998e+00  9.2254536048720794e+00  7.3637381543405143e+00  2.7265735291969001e-01  5.5047276288112252e+00  7.4787911607070057e-01  5.4062380097112523e+00  7.4192540861608625e-01  4.9220822186638469e-01  9.8918208903628668e-01
1.5280000000000601e+02  9.2306375745720963e+00  2.4530431594892165e-02  7.3594871596288547e+00  2.7229548555358268e-01  3.3599330304586807e+01  3.1999976067472378e+01  3.1999994148296018e+01  4.7999999999999998e+00  9.2316032680436244e+00  7.3595294394094735e+00  2.7320710238450269e-01  5.4984802811904965e+00  7.4762221770469284e-01  5.3996022787177926e+00  7.4169118593357219e-01  4.9215389162494239e-01  9.8918044953455464e-01
1.5360000000000500e+02  9.2368992352617241e+00  2.4531257210427104e-02  7.3557979633938384e+00  2.7022780202497992e-01  3.3616406681616851e+01  3.1999975837173931e+01  3.1999994086806879e+01  4.7999999999999998e+00  9.2378711458188327e+00  7.3558428508212863e+00  2.7129088383275379e-01  5.4920802592146574e+00  7.4732343474717189e-01  5.3948125982893478e+00  7.4125014124806565e-01  4.9208206232557167e-01  9.8917874502541658e-01
1.5440000000000501e+02  9.2432492911094215e+00  2.4531323935633450e-02  7.3525666308773445e+00  2.7272272914454743e-01  3.3633231830664634e+01  3.1999975612221203e+01  3.1999994026772548e+01  4.7999999999999998e+00  9.2442273513161908e+00  7.3526158558183630e+00  2.7253654356869411e-01  5.4854429254365611e+00  7.4729880473697896e-01  5.3917171457935744e+00  7.4124513198025532e-01  4.9200355695607756e-01  9.8917722987920698e-01
1.5520000000000400e+02  9.2500369697862048e+00  2.4530580507591764e-02  7.3502920491968906e+00  2.7343668481825789e-01  3.3650297288303719e+01  3.1999975398972815e+01  3.1999993964584096e+01  4.7999999999999998e+00  9.2510213420313150e+00  7.3503448368870199e+00  2.7266108146220164e-01  5.4804835462155861e+00  7.4741882649105484e-01  5.3896680196572548e+00  7.4117613603727484e-01  4.9193692214615936e-01  9.8917643503786212e-01
1.5600000000000301e+02  9.2572744716099749e+00  2.4529285676839537e-02  7.3490150721866199e+00  2.7132306460758143e-01  3.3667567794284771e+01  3.1999975167445328e+01  3.1999993901820030e+01  4.7999999999999998e+00  9.2582654529920205e+00  7.3490708837014322e+00  2.7003402207046662e-01  5.4773707262377016e+00  7.4746522668434345e-01  5.3885851047479711e+00  7.4178526248241039e-01  4.9188230907594910e-01  9.8917595678466319e-01
1.5680000000000200e+02  9.2646745104037080e+00  2.4527738532560399e-02  7.3485342450676976e+00  2.7265135690440995e-01  3.3684896909154716e+01  3.1999974947589333e+01  3.1999993843993991e+01  4.7999999999999998e+00  9.2656724390297960e+00  7.3485931461575973e+00  2.7112407339693745e-01  5.4742616928152854e+00  7.4690718828743030e-01  5.3895583058617955e+00  7.4169826047598186e-01  4.9182326376579161e-01  9.8917574400949770e-01
1.5760000000000201e+02  9.2721078003225301e+00  2.4526041385369509e-02  7.3488939809884695e+00  2.7328751471056806e-01  3.3702285919039539e+01  3.1999974736454892e+01  3.1999993795866288e+01  4.7999999999999998e+00  9.2731127699622764e+00  7.3489559524613579e+00  2.7068585153228159e-01  5.4723394412333395e+00  7.4742608148537704e-01  5.3918752680843491e+00  7.4158341561950947e-01  4.9176120910914012e-01  9.8917063722904219e-01
1.5840000000000100e+02  9.2797384135581567e+00  2.4523813369103524e-02  7.3493530847394037e+00  2.6995348078744952e-01  3.3719833581040071e+01  3.1999974501754462e+01  3.1999993741054976e+01  4.7999999999999998e+00  9.2807502400092510e+00  7.3494178941246737e+00  2.7098089246790402e-01  5.4711804853127823e+00  7.4696940845372684e-01  5.3938091259176382e+00  7.4217194789285557e-01  4.9171689403674929e-01  9.8916155109563608e-01
1.5919999999999999e+02  9.2877934725200841e+00  2.4520583732943385e-02  7.3511252089412924e+00  2.7064396364322846e-01  3.3737783199276421e+01  3.1999974273472702e+01  3.1999993689914838e+01  4.7999999999999998e+00  9.2888120124667157e+00  7.3511913844855776e+00  2.6966745338106429e-01  5.4720083091444245e+00  7.4760066415385595e-01  5.3971667996961177e+00  7.4210095219063332e-01  4.9169751419636759e-01  9.8915260268296523e-01
1.5999999999999901e+02  9.2959725400945139e+00  2.4516582403023256e-02  7.3539588752214060e+00  2.7061573231211988e-01  3.3755920885140817e+01  3.1999974054613663e+01  3.1999993652173863e+01  4.7999999999999998e+00  9.2969977535828257e+00  7.3540258703824870e+00  2.7211132161850504e-01  5.4749576348054285e+00  7.4750736685519692e-01  5.4012722044964478e+00  7.4158979265435254e-01  4.9169052753356629e-01  9.8914443144136122e-01
1.6079999999999899e+02  9.3039594813546245e+00  2.4512484487824695e-02  7.3564112011106024e+00  2.6966149770151554e-01  3.3774125254899388e+01  3.1999973805538342e+01  3.1999993602641382e+01  4.7999999999999998e+00  9.3049914340339690e+00  7.3564789485758952e+00  2.7182891005209958e-01  5.4768783103559278e+00  7.4743572528389846e-01  5.4051188572469613e+00  7.4242509343518359e-01  4.9168335367056271e-01  9.8913665220054015e-01
1.6159999999999800e+02  9.3119154014669210e+00  2.4508316729079976e-02  7.3590105095248788e+00  2.7286839889284958e-01  3.3792403911959845e+01  3.1999973549529372e+01  3.1999993549724806e+01  4.7999999999999998e+00  9.3129541887391198e+00  7.3590789756466641e+00  2.7050875626773097e-01  5.4790416640592259e+00  7.4740425272074729e-01  5.4091252519046416e+00  7.4240598344857067e-01  4.9168563324416142e-01  9.8912878208361832e-01
1.6239999999999699e+02  9.3199949941790656e+00  2.4503406373749995e-02  7.3627636039699373e+00  2.7202235994762053e-01  3.3810811771611988e+01  3.1999973301744770e+01  3.1999993502668033e+01  4.7999999999999998e+00  9.3210405071979565e+00  7.3628326851598782e+00  2.7227023374728543e-01  5.4835457642280510e+00  7.4749750432156248e-01  5.4139312568469204e+00  7.4146941849166403e-01  4.9170787165253449e-01  9.8912114415711594e-01
1.6319999999999700e+02  9.3280332163453430e+00  2.4497499867380267e-02  7.3662627199758326e+00  2.7046700830423859e-01  3.3829585213344373e+01  3.1999973035820343e+01  3.1999993451078925e+01  4.7999999999999998e+00  9.3290851468170501e+00  7.3663312315479379e+00  2.7160235752904216e-01  5.4882316794424195e+00  7.4713330642633213e-01  5.4177546514177264e+00  7.4192605111623744e-01  4.9174486699778031e-01  9.8911404233553157e-01
1.6399999999999599e+02  9.3358740146558787e+00  2.4491104862185226e-02  7.3695079455800894e+00  2.7208682690745489e-01  3.3848521457548614e+01  3.1999972788318182e+01  3.1999993400945215e+01  4.7999999999999998e+00  9.3369321649130228e+00  7.3695755784993073e+00  2.7108476080179117e-01  5.4924717698037293e+00  7.4721807374799598e-01  5.4212309711019939e+00  7.4077949992016889e-01  4.9178298923746666e-01  9.8910757783110337e-01
1.6479999999999501e+02  9.3435246838512676e+00  2.4484577961752758e-02  7.3730051418779645e+00  2.7159636227110612e-01  3.3867523212452291e+01  3.1999972558392241e+01  3.1999993347152522e+01  4.7999999999999998e+00  9.3445890473213726e+00  7.3730718626341298e+00  2.7113326913516017e-01  5.4973496640266255e+00  7.4801703072382564e-01  5.4247403593932688e+00  7.3898956006284888e-01  4.9181926607264098e-01  9.8910153797823819e-01
1.6559999999999400e+02  9.3510038889506735e+00  2.4479188384455435e-02  7.3765486700695382e+00  2.6912934141583489e-01  3.3886654018060831e+01  3.1999972306927880e+01  3.1999993293459937e+01  4.7999999999999998e+00  9.3520743762869962e+00  7.3766141235916818e+00  2.6824378069772820e-01  5.5026439386439820e+00  7.4784887159358859e-01  5.4278501392852725e+00  7.3907025414175398e-01  4.9185966502020878e-01  9.8909544820518347e-01
1.6639999999999401e+02  9.3582653521575665e+00  2.4484814306587107e-02  7.3792751242453649e+00  2.7115946631382315e-01  3.3905904300377564e+01  3.1999972057672188e+01  3.1999993241996769e+01  4.7999999999999998e+00  9.3593416465951584e+00  7.3793394067597626e+00  2.6874892504338355e-01  5.5072018911359084e+00  7.4687085176796641e-01  5.4294890696588256e+00  7.4181124718096358e-01  4.9190428318949514e-01  9.8908947606767228e-01
1.6719999999999300e+02  9.3654313588456812e+00  2.4489612263094016e-02  7.3812854573804119e+00  2.6953646049040053e-01  3.3925266420657017e+01  3.1999971801170084e+01  3.1999993184962570e+01  4.7999999999999998e+00  9.3665129997276395e+00  7.3813488715657218e+00  2.7146977496098401e-01  5.5110313425598791e+00  7.4766141902614813e-01  5.4300975835154013e+00  7.4212883389615925e-01  4.9194723983117250e-01  9.8908431773815553e-01
1.6799999999999201e+02  9.3724512058909184e+00  2.4493929539111742e-02  7.3838971260957944e+00  2.6833554745126947e-01  3.3944801686793141e+01  3.1999971543850609e+01  3.1999993124515331e+01  4.7999999999999998e+00  9.3735378501750191e+00  7.3839591646399070e+00  2.6520434099342877e-01  5.5161095375581057e+00  7.4524567170728906e-01  5.4308157596425461e+00  7.4201146218500669e-01  4.9198233228227589e-01  9.8907996212265059e-01
1.6879999999999100e+02  9.3790154406702335e+00  2.4497823205799574e-02  7.3850603034611586e+00  2.7192544654760015e-01  3.3964322703934577e+01  3.1999971324057856e+01  3.1999993071301990e+01  4.7999999999999998e+00  9.3801070418206933e+00  7.3851214079160492e+00  2.6517194880869338e-01  5.5190849617208491e+00  7.4437068750536661e-01  5.4297411341312722e+00  7.4280746136214992e-01  4.9200404524919467e-01  9.8907572043317393e-01
1.6959999999999101e+02  9.3853717789901019e+00  2.4501171287834394e-02  7.3850160381049994e+00  2.6778437256348442e-01  3.3983746426915793e+01  3.1999971071538763e+01  3.1999993008123454e+01  4.7999999999999998e+00  9.3864684784965142e+00  7.3850773009826458e+00  2.7127895768346855e-01  5.5200378173209108e+00  7.4576581240491235e-01  5.4280031903884582e+00  7.4248815459258455e-01  4.9201900967017204e-01  9.8907149664981586e-01
1.7039999999999000e+02  9.3918285087465723e+00  2.4503993665382001e-02  7.3849660151624885e+00  2.6524296014483767e-01  3.4003416602292859e+01  3.1999970822788828e+01  3.1999992939726621e+01  4.7999999999999998e+00  9.3929304424973949e+00  7.3850268625579334e+00  2.6847747054523202e-01  5.5213631815810382e+00  7.4744995111706247e-01  5.4256945876452329e+00  7.4257591190455707e-01  4.9203438284110790e-01  9.8906780385629611e-01
1.7119999999998899e+02  9.3982045433420218e+00  2.4506302830890097e-02  7.3844765548903641e+00  2.7074537538317894e-01  3.4023203465110250e+01  3.1999970588508177e+01  3.1999992879471613e+01  4.7999999999999998e+00  9.3993116303686755e+00  7.3845369673923127e+00  2.6910321545412780e-01  5.5219189483194251e+00  7.4748332768152603e-01  5.4227151769787110e+00  7.4222794300864503e-01  4.9203749679307901e-01  9.8906472654902200e-01
1.7199999999998900e+02  9.4043066071195671e+00  2.4507970703352946e-02  7.3831230984545666e+00  2.6846908876948422e-01  3.4042876511262762e+01  3.1999970322335830e+01  3.1999992813274030e+01  4.7999999999999998e+00  9.4054186907942068e+00  7.3831840643926938e+00  2.7063175609462470e-01  5.5210017107174680e+00  7.4803817343103363e-01  5.4190800974534730e+00  7.4207245234117558e-01  4.9201910046601904e-01  9.8906205474149578e-01
1.7279999999998799e+02  9.4102745863241317e+00  2.4508981619555399e-02  7.3803030525920379e+00  2.6803004685733428e-01  3.4062525956008010e+01  3.1999970041289878e+01  3.1999992739128860e+01  4.7999999999999998e+00  9.4113917745159963e+00  7.3803653050207414e+00  2.7054013841129032e-01  5.5173838806471700e+00  7.4767424573159724e-01  5.4145093432188434e+00  7.4258517314895622e-01  4.9198841157682260e-01  9.8905983111795504e-01
1.7359999999998701e+02  9.4165111673248489e+00  2.4509543833747160e-02  7.3779464918292605e+00  2.7065403067096888e-01  3.4082353278236170e+01  3.1999969776956995e+01  3.1999992669297754e+01  4.7999999999999998e+00  9.4176338372815778e+00  7.3780095988819951e+00  2.7083390250409001e-01  5.5144527071598111e+00  7.4781571518313494e-01  5.4103513006036721e+00  7.4265090714775495e-01  4.9196094103768473e-01  9.8905803798777236e-01
1.7439999999998599e+02  9.4228723760978532e+00  2.4509795772845327e-02  7.3752722155109449e+00  2.7052416536779583e-01  3.4102404315862785e+01  3.1999969499886948e+01  3.1999992603152670e+01  4.7999999999999998e+00  9.4240009282155945e+00  7.3753354552122650e+00  2.7135657904581917e-01  5.5112936068486622e+00  7.4743887456092761e-01  5.4051589176679169e+00  7.4155993659428110e-01  4.9192835188261097e-01  9.8905656443433299e-01
1.7519999999998601e+02  9.4291324632890845e+00  2.4509544280543909e-02  7.3716946449170271e+00  2.7084981692956167e-01  3.4122385950848646e+01  3.1999969204171599e+01  3.1999992530802412e+01  4.7999999999999998e+00  9.4302672852379299e+00  7.3717588571694712e+00  2.6943427930288105e-01  5.5050993785062365e+00  7.4738091238841808e-01  5.4004247943257697e+00  7.4157253717267713e-01  4.9187395750318602e-01  9.8905544621946284e-01
1.7599999999998499e+02  9.4353427674406021e+00  2.4508462785653849e-02  7.3678244998663471e+00  2.7140800294220463e-01  3.4142143475179267e+01  3.1999968898546481e+01  3.1999992453220298e+01  4.7999999999999998e+00  9.4364840623089101e+00  7.3678913270769995e+00  2.7077286907058001e-01  5.4986285670561017e+00  7.4758668344144474e-01  5.3955208567927464e+00  7.4160765927088301e-01  4.9181008059618786e-01  9.8905478643817490e-01
1.7679999999998401e+02  9.4417313705782391e+00  2.4506587062441035e-02  7.3638900828241578e+00  2.6947840852005606e-01  3.4162078643800967e+01  3.1999968616020315e+01  3.1999992385726440e+01  4.7999999999999998e+00  9.4428789615428492e+00  7.3639590122646208e+00  2.7141251316932807e-01  5.4924763800350576e+00  7.4771365303633519e-01  5.3896806910114057e+00  7.4159970391447383e-01  4.9175567748918014e-01  9.8905479597022750e-01
1.7759999999998300e+02  9.4483907353472283e+00  2.4504354103088471e-02  7.3599732025154285e+00  2.7077357694303211e-01  3.4182418083049733e+01  3.1999968315412900e+01  3.1999992318238569e+01  4.7999999999999998e+00  9.4495445598161787e+00  7.3600426434614175e+00  2.6927356022455118e-01  5.4858481152942007e+00  7.4765099696040016e-01  5.3837171544116380e+00  7.4272376585686739e-01  4.9171119510753258e-01  9.8905486055912373e-01
1.7839999999998301e+02  9.4551429106974219e+00  2.4501936139592832e-02  7.3558823305650343e+00  2.7141173330256696e-01  3.4202759073174036e+01  3.1999967995295393e+01  3.1999992241696088e+01  4.7999999999999998e+00  9.4563033390878353e+00  7.3559529264459469e+00  2.6883561539406231e-01  5.4790174314148059e+00  7.4726020541782756e-01  5.3776215314801572e+00  7.4226051909256396e-01  4.9166611217017964e-01  9.8904475293187655e-01
1.7919999999998200e+02  9.4618080812835679e+00  2.4498887736732373e-02  7.3514550093725139e+00  2.6813173661289003e-01  3.4223057276991867e+01  3.1999967696458647e+01  3.1999992172166209e+01  4.7999999999999998e+00  9.4629754586620507e+00  7.3515273601398343e+00  2.6914168961083013e-01  5.4716022270726157e+00  7.4821634249426527e-01  5.3711889872267049e+00  7.4226391762217114e-01  4.9162022725975857e-01  9.8903496818030734e-01
1.7999999999998099e+02  9.4685600076786915e+00  2.4494807279352368e-02  7.3472051181354745e+00  2.6884557666454989e-01  3.4243649895466561e+01  3.1999967377420592e+01  3.1999992102444505e+01  4.7999999999999998e+00  9.4697341542965532e+00  7.3472779480769059e+00  2.7109594746347526e-01  5.4639810706379368e+00  7.4811342155352101e-01  5.3648797262577048e+00  7.4248957631538770e-01  4.9158266456864985e-01  9.8902589277684261e-01
1.8079999999998100e+02  9.4755472260342444e+00  2.4489987645868214e-02  7.3429537698532998e+00  2.6918798383925047e-01  3.4264536838602133e+01  3.1999967010728568e+01  3.1999992021969156e+01  4.7999999999999998e+00  9.4767275521566248e+00  7.3430262808098909e+00  2.7025736400057654e-01  5.4568312663796483e+00  7.4813020645808859e-01  5.3579623926742013e+00  7.4250794762887240e-01  4.9156676950119155e-01  9.8901723912300921e-01
1.8159999999998001e+02  9.4827017858252134e+00  2.4484940369127239e-02  7.3391867326769331e+00  2.6789430714428469e-01  3.4285472225907448e+01  3.1999966652089334e+01  3.1999991944209480e+01  4.7999999999999998e+00  9.4838878696767814e+00  7.3392594400562530e+00  2.6876871974909478e-01  5.4510791982366102e+00  7.4816465616634376e-01  5.3513890142643978e+00  7.4299116248738706e-01  4.9156860734390190e-01  9.8900897528766119e-01
1.8239999999997900e+02  9.4898083061804392e+00  2.4479559078487045e-02  7.3355391020504177e+00  2.7025578630586067e-01  3.4306518259439940e+01  3.1999966312714559e+01  3.1999991874749856e+01  4.7999999999999998e+00  9.4910001428047295e+00  7.3356118272318138e+00  2.7052088136358104e-01  5.4447961355560954e+00  7.4840473649119277e-01  5.3452805185113315e+00  7.4349378594649129e-01  4.9157098751277212e-01  9.8900126402111954e-01
1.8319999999997799e+02  9.4967793178316597e+00  2.4473309369313859e-02  7.3313445614753991e+00  2.6874953983420208e-01  3.4327822094060274e+01  3.1999965968161206e+01  3.1999991804080668e+01  4.7999999999999998e+00  9.4979768079518081e+00  7.3314163226181517e+00  2.6986304457043114e-01  5.4370554217711806e+00  7.4840847378300879e-01  5.3383896854840103e+00  7.4307649991178393e-01  4.9157372013979111e-01  9.8899402674004733e-01
1.8399999999997800e+02  9.5036933526891048e+00  2.4466051948320092e-02  7.3273486347106846e+00  2.7067611316320361e-01  3.4349207269452805e+01  3.1999965624913216e+01  3.1999991733726681e+01  4.7999999999999998e+00  9.5048959544477452e+00  7.3274196946965473e+00  2.6937260579292371e-01  5.4298344607612883e+00  7.4930670509374908e-01  5.3317161458658724e+00  7.4313472144107762e-01  4.9158534821137201e-01  9.8898720635305826e-01
1.8479999999997699e+02  9.5106147014300682e+00  2.4462096757225320e-02  7.3231395251485258e+00  2.6987814689496836e-01  3.4370576293443506e+01  3.1999965297636518e+01  3.1999991662573429e+01  4.7999999999999998e+00  9.5118218047725307e+00  7.3232108392218445e+00  2.6944262648038941e-01  5.4228099670525447e+00  7.4879141626785828e-01  5.3249445154018309e+00  7.4158087253345950e-01  4.9160615890458792e-01  9.8898068797464722e-01
1.8559999999997601e+02  9.5174939519847364e+00  2.4467755081986519e-02  7.3185454529963465e+00  2.6943546727904000e-01  3.4392325789683291e+01  3.1999964968506713e+01  3.1999991593287145e+01  4.7999999999999998e+00  9.5187054117690959e+00  7.3186155234960566e+00  2.6672019027243543e-01  5.4150359571679703e+00  7.4874627165989538e-01  5.3171823929012749e+00  7.4030215800675470e-01  4.9163097629852481e-01  9.8897466457263228e-01
1.8639999999997499e+02  9.5241523505068528e+00  2.4472976819407147e-02  7.3136773234996904e+00  2.6948560929085430e-01  3.4414507256527294e+01  3.1999964623809131e+01  3.1999991522283054e+01  4.7999999999999998e+00  9.5253682833355917e+00  7.3137442122600929e+00  2.6888055532091876e-01  5.4062233485795543e+00  7.4725254223116067e-01  5.3088283409116119e+00  7.4130253921904754e-01  4.9165194018147618e-01  9.8896953192113646e-01
1.8719999999997501e+02  9.5306263628325070e+00  2.4477367382522628e-02  7.3089251854770945e+00  2.6663134203313937e-01  3.4436421103571533e+01  3.1999964259595714e+01  3.1999991441772579e+01  4.7999999999999998e+00  9.5318465402543673e+00  7.3089908835744177e+00  2.6605653521044509e-01  5.3983348598381600e+00  7.4596535277287179e-01  5.3010368915875183e+00  7.4389371216852418e-01  4.9166991995358794e-01  9.8896477596071530e-01
1.8799999999997399e+02  9.5370620386072851e+00  2.4480767943254936e-02  7.3041507522507318e+00  2.6717764594552745e-01  3.4458234860885234e+01  3.1999963919339130e+01  3.1999991368080167e+01  4.7999999999999998e+00  9.5382861427985048e+00  7.3042165158692214e+00  2.6352307745136933e-01  5.3912736412801454e+00  7.4782039945525158e-01  5.2928083998027873e+00  7.4312287811491684e-01  4.9168856698250180e-01  9.8895993330492737e-01
1.8879999999997301e+02  9.5434259978668905e+00  2.4483498234591772e-02  7.2987738554490837e+00  2.6780658661618034e-01  3.4480612222284286e+01  3.1999963572273288e+01  3.1999991292031766e+01  4.7999999999999998e+00  9.5446541479477105e+00  7.2988372470991116e+00  2.6955879051899995e-01  5.3822679997975467e+00  7.4903626051802874e-01  5.2835541425907486e+00  7.4416665792613446e-01  4.9170786350909435e-01  9.8895580083657930e-01
1.8959999999997299e+02  9.5497072841930049e+00  2.4485888856170562e-02  7.2939740890169995e+00  2.6355227921804592e-01  3.4503111707045299e+01  3.1999963201114483e+01  3.1999991210633560e+01  4.7999999999999998e+00  9.5509397930570294e+00  7.2940347251594471e+00  2.6676499632185630e-01  5.3744045051924569e+00  7.4908409811170673e-01  5.2749078821533759e+00  7.4385855099409892e-01  4.9172367678887791e-01  9.8895279958860050e-01
1.9039999999997201e+02  9.5558138081371258e+00  2.4487810756327895e-02  7.2892981336883693e+00  2.6899462054408385e-01  3.4525175728457910e+01  3.1999962844796745e+01  3.1999991127574084e+01  4.7999999999999998e+00  9.5570507719605953e+00  7.2893587428585045e+00  2.6735041595195130e-01  5.3679342421371130e+00  7.4957561131934958e-01  5.2666117222617999e+00  7.4352666059441486e-01  4.9172835153134886e-01  9.8895021572326791e-01
1.9119999999997100e+02  9.5617509503035762e+00  2.4488958948928500e-02  7.2836254664066651e+00  2.6672992335012147e-01  3.4547256885662357e+01  3.1999962499600290e+01  3.1999991048719792e+01  4.7999999999999998e+00  9.5629923627467477e+00  7.2836865869304193e+00  2.6885640184923348e-01  5.3589803754168326e+00  7.4878599369249677e-01  5.2578377303017012e+00  7.4364770829359794e-01  4.9172448058005991e-01  9.8894765056781031e-01
1.9199999999996999e+02  9.5677649603023784e+00  2.4489326638205557e-02  7.2784022787431795e+00  2.6733377772539552e-01  3.4569895550985997e+01  3.1999962139436956e+01  3.1999990967399832e+01  4.7999999999999998e+00  9.5690110321352932e+00  7.2784613501432123e+00  2.6659184714954171e-01  5.3498535633582760e+00  7.4887037512757504e-01  5.2493284699785505e+00  7.4353180626744675e-01  4.9172243264295507e-01  9.8894547562843282e-01
1.9279999999997000e+02  9.5738414832158725e+00  2.4489069833969954e-02  7.2737251894716666e+00  2.6885834046555701e-01  3.4592504187112723e+01  3.1999961780792759e+01  3.1999990884315256e+01  4.7999999999999998e+00  9.5750926603253372e+00  7.2737826923106654e+00  2.6953099054737284e-01  5.3421045636320548e+00  7.4875293054547942e-01  5.2419745546672907e+00  7.4361999347398122e-01  4.9171256830902904e-01  9.8894422907529755e-01
1.9359999999996899e+02  9.5797335405602801e+00  2.4488237071498414e-02  7.2684392950895162e+00  2.6660142212641064e-01  3.4614633207440896e+01  3.1999961417862767e+01  3.1999990798364582e+01  4.7999999999999998e+00  9.5809903973906518e+00  7.2684982307185164e+00  2.6761062651952489e-01  5.3334428836881171e+00  7.4892021705186784e-01  5.2345888316242064e+00  7.4371755473239498e-01  4.9168676897592967e-01  9.8894394071277147e-01
1.9439999999996800e+02  9.5856244623140601e+00  2.4486870346538771e-02  7.2631260499294719e+00  2.6883823485922020e-01  3.4637119500850822e+01  3.1999961054841354e+01  3.1999990711366483e+01  4.7999999999999998e+00  9.5868874468752310e+00  7.2631848233056342e+00  2.6890422584720330e-01  5.3229509585965049e+00  7.4843091290599950e-01  5.2274806740002306e+00  7.4402072774065264e-01  4.9165428379421838e-01  9.8894390827060186e-01
1.9519999999996699e+02  9.5917147032969154e+00  2.4484988050703198e-02  7.2581902934667504e+00  2.6761591169559040e-01  3.4659863359211940e+01  3.1999960698520646e+01  3.1999990630245662e+01  4.7999999999999998e+00  9.5929838840554336e+00  7.2582480316563371e+00  2.6952715565782970e-01  5.3127047602715800e+00  7.4858827500951630e-01  5.2214375968044449e+00  7.4319159923185196e-01  4.9162066560368656e-01  9.8894389619509093e-01
1.9599999999996700e+02  9.5979167756762074e+00  2.4482398964330531e-02  7.2537087446043049e+00  2.6887523829445847e-01  3.4682191249792062e+01  3.1999960310964010e+01  3.1999990540562475e+01  4.7999999999999998e+00  9.5991920985759549e+00  7.2537682795014948e+00  2.6740971983765238e-01  5.3040977308778929e+00  7.4865081939283507e-01  5.2162491679530882e+00  7.4370396466419275e-01  4.9158276159275277e-01  9.8893945771347225e-01
1.9679999999996599e+02  9.6042558565466649e+00  2.4478947338557950e-02  7.2494220845043467e+00  2.6950367878543169e-01  3.4704540767425101e+01  3.1999959932012885e+01  3.1999990450519871e+01  4.7999999999999998e+00  9.6055373936855766e+00  7.2494836364237720e+00  2.6695865244343664e-01  5.2948087771673613e+00  7.4879138374247411e-01  5.2112415170543001e+00  7.4394254709926388e-01  4.9153687513900396e-01  9.8892940475115565e-01
1.9759999999996501e+02  9.6108205340625972e+00  2.4474845871206977e-02  7.2455395746314579e+00  2.6750624865972383e-01  3.4727219834582662e+01  3.1999959588337273e+01  3.1999990374664584e+01  4.7999999999999998e+00  9.6121082548801606e+00  7.2456017181711871e+00  2.6598474776642600e-01  5.2847708649462337e+00  7.4962180512660603e-01  5.2077078063969564e+00  7.4394280934906509e-01  4.9148232463754288e-01  9.8891965878037413e-01
1.9839999999996499e+02  9.6175557834311078e+00  2.4470328747548259e-02  7.2423991363527200e+00  2.6693344082947917e-01  3.4749659787768039e+01  3.1999959220843099e+01  3.1999990290310173e+01  4.7999999999999998e+00  9.6188491838464287e+00  7.2424637509115621e+00  2.6913618597647154e-01  5.2775948148317404e+00  7.4976146869133953e-01  5.2047516058459795e+00  7.4392672180802066e-01  4.9143178685757333e-01  9.8891021002119450e-01
1.9919999999996401e+02  9.6244523427547577e+00  2.4465165614149010e-02  7.2394237730705031e+00  2.6740199676951532e-01  3.4772070686528693e+01  3.1999958846610351e+01  3.1999990201758489e+01  4.7999999999999998e+00  9.6257507404214202e+00  7.2394916262623896e+00  2.6806249615116001e-01  5.2710117302869044e+00  7.5008070867408905e-01  5.2014969657644414e+00  7.4414632548287929e-01  4.9139077085445232e-01  9.8890133323174401e-01
1.9999999999996299e+02  9.6317244721250646e+00  2.4458966788644072e-02  7.2371370871369987e+00  2.6909897829751195e-01  3.4795033898174303e+01  3.1999958520170825e+01  3.1999990128517382e+01  4.7999999999999998e+00  9.6330276989271013e+00  7.2372056785600325e+00  2.6678314688871307e-01  5.2646360544434145e+00  7.5011880482625615e-01  5.1992827037510665e+00  7.4412249111909035e-01  4.9135485766433556e-01  9.8889289820018467e-01
2.0000999999996299e+02  9.6318179824285046e+00  2.4458882377999220e-02  7.2371172004118263e+00  2.6909854197306882e-01  3.4795323328292490e+01  3.1999958516107071e+01  3.1999990127633019e+01  4.7999999999999998e+00  9.6331212691641284e+00  7.2371857910266364e+00  2.6678191091586007e-01  5.2645756061857636e+00  7.5011819265925095e-01  5.1992623015898562e+00  7.4412225984339597e-01  4.9135445019174895e-01  9.8889279566091626e-01
