# time  chi_mean_R8  chi_min_R8  chi_max_R8  lapse_mean_R8  lapse_min_R8  lapse_max_R8  K_mean_R8  K_min_R8  K_max_R8  chi_mean_R16  chi_min_R16  chi_max_R16  lapse_mean_R16  lapse_min_R16  lapse_max_R16  K_mean_R16  K_min_R16  K_max_R16
0.0000000000000000e+00  1.0000059169640303e+00  9.9264988579940716e-01  1.0073939637262326e+00  9.9999605289828719e-01  9.9594531167825118e-01  1.0040564874484976e+00  0.0000000000000000e+00  0.0000000000000000e+00  0.0000000000000000e+00  1.0000027107027096e+00  9.9870720600541452e-01  1.0013012885579105e+00  9.9999723740770730e-01  9.9935576224323674e-01  1.0006386832137766e+00  0.0000000000000000e+00  0.0000000000000000e+00  0.0000000000000000e+00
8.0000000000000004e-01  1.0000059210396772e+00  9.9264904610964355e-01  1.0073939531739486e+00  9.9999604308173851e-01  9.9594317588060854e-01  1.0040615924365131e+00  -2.6083171983111461e-08  -3.6204784444870275e-05  3.8321011255350474e-05  1.0000027096548965e+00  9.9870723928329819e-01  1.0013012511378141e+00  9.9999724054531647e-01  9.9935573444979164e-01  1.0006387241877335e+00  -3.9681263211495740e-09  -1.1767344335738527e-07  1.0260513425392489e-07
1.6000000000000001e+00  1.0000058482856251e+00  9.9264451617958660e-01  1.0073979249370859e+00  9.9999626085465598e-01  9.9595331995816461e-01  1.0040576047599901e+00  -1.5317166113479045e-07  -2.6289582637676165e-05  3.1003631221652856e-05  1.0000027064576020e+00  9.9870729526008251e-01  1.0013011800012073e+00  9.9999725012630847e-01  9.9935562741341455e-01  1.0006388669575306e+00  -8.0196075487079288e-09  -1.3419400802454719e-07  1.0051090162962751e-07
2.3999999999999901e+00  1.0000057023089886e+00  9.9263880988457587e-01  1.0074088481264443e+00  9.9999669424642157e-01  9.9598323404321643e-01  1.0040201387285121e+00  -2.8262143378704870e-07  -1.4321835004349243e-05  1.3273126737966860e-05  1.0000027006565260e+00  9.9870757280073896e-01  1.0013008767996554e+00  9.9999726698559743e-01  9.9935510395534910e-01  1.0006394655619943e+00  -1.3127686428292237e-08  -4.8167347831043103e-07  4.0145973431519990e-07
3.1999999999999802e+00  1.0000055707081252e+00  9.9265502648837056e-01  1.0073941404421343e+00  9.9999716781966219e-01  9.9596143887105371e-01  1.0040358211749461e+00  -2.1940421692813086e-07  -1.2230256782243274e-05  1.3808382889298974e-05  1.0000026940285212e+00  9.9870702446735315e-01  1.0013014702550251e+00  9.9999728847141112e-01  9.9935608206674864e-01  1.0006384012233802e+00  -1.5413506789704149e-08  -1.3557744124629026e-06  1.2472197002133765e-06
3.9999999999999600e+00  1.0000056328434717e+00  9.9265185188414973e-01  1.0074020642562045e+00  9.9999727321258158e-01  9.9596153087278494e-01  1.0040213978760437e+00  1.6660774674795636e-07  -1.0377550536192190e-05  8.9802587968088142e-06  1.0000026688173160e+00  9.9871124691258584e-01  1.0012960849566555e+00  9.9999734509064464e-01  9.9934829746152842e-01  1.0006485008177175e+00  -6.2276951730939171e-08  -8.4545306653430287e-06  7.1981661509789780e-06
4.7999999999999403e+00  1.0000058462599419e+00  9.9264941688440378e-01  1.0074045975526575e+00  9.9999689977999162e-01  9.9596396284848387e-01  1.0040088471673685e+00  2.1757730377664422e-07  -1.0169432231683432e-05  1.3642656978596592e-05  1.0000026108460229e+00  9.9871262742999856e-01  1.0012952746908186e+00  9.9999748048559345e-01  9.9934267116645048e-01  1.0006537062320291e+00  -9.9057696550946329e-08  -9.0254962244601440e-06  7.3191953788332544e-06
5.5999999999999304e+00  1.0000059452957435e+00  9.9265776069560585e-01  1.0073841814322597e+00  9.9999652990107868e-01  9.9594733207074082e-01  1.0040365722734061e+00  3.4112600812654700e-07  -2.8279617257823598e-05  1.8613836107649031e-05  1.0000025586487349e+00  9.9871059584548394e-01  1.0012973228101707e+00  9.9999763149860277e-01  9.9934470861017377e-01  1.0006516904741238e+00  -8.4393275294264326e-08  -7.9806118060551089e-06  6.5674288242767803e-06
6.3999999999999098e+00  1.0000059276806530e+00  9.9265971215224802e-01  1.0073740066792236e+00  9.9999620692215474e-01  9.9593077208080660e-01  1.0040675865767528e+00  1.6985279077800554e-07  -3.3904541760388056e-05  2.6035673779716564e-05  1.0000025049196057e+00  9.9871008605484846e-01  1.0012974293356296e+00  9.9999778937314487e-01  9.9934551457269849e-01  1.0006517073212264e+00  -1.2629758412982149e-07  -6.9240070931874530e-06  5.7701786378447601e-06
7.1999999999998900e+00  1.0000059176542393e+00  9.9265666243705819e-01  1.0073759096347710e+00  9.9999589061531813e-01  9.9593380997214087e-01  1.0040726290910635e+00  2.3321096779616467e-07  -2.0718208749357525e-05  1.4927495118891276e-05  1.0000024133527401e+00  9.9870991522853814e-01  1.0012973774272980e+00  9.9999803032920875e-01  9.9934604657451598e-01  1.0006520099708605e+00  -1.7483639714086717e-07  -5.9303505920506699e-06  5.1345920225458975e-06
7.9999999999998703e+00  1.0000058123411377e+00  9.9265836144512787e-01  1.0073782170487926e+00  9.9999581461464615e-01  9.9593366555708873e-01  1.0040722570283107e+00  -4.2933608991351466e-08  -1.4765032826615775e-05  9.7263386892637529e-06  1.0000022927741301e+00  9.9871083539847250e-01  1.0012967524016603e+00  9.9999835356765610e-01  9.9934458637124646e-01  1.0006531160580965e+00  -2.0779088920716073e-07  -5.3565920360114417e-06  4.4615997232285021e-06
8.7999999999998604e+00  1.0000056817597334e+00  9.9265973713583944e-01  1.0073803046276057e+00  9.9999598011023982e-01  9.9592957487589862e-01  1.0040686512151837e+00  -8.4044859314055677e-08  -1.2811524413877157e-05  1.0756655459559127e-05  1.0000022258286463e+00  9.9871335297562636e-01  1.0012951267198114e+00  9.9999860538613050e-01  9.9933868692725225e-01  1.0006573284131413e+00  -9.8634850277146131e-08  -6.5349122412291382e-06  5.7865360859876039e-06
9.5999999999998398e+00  1.0000054637624638e+00  9.9265552711088001e-01  1.0073816722400308e+00  9.9999638393296053e-01  9.9593023946298875e-01  1.0040611993929600e+00  -4.0613413867947212e-07  -1.3363449513429105e-05  1.3153795052341673e-05  1.0000022416454355e+00  9.9871241906161479e-01  1.0012973440146049e+00  9.9999867116067742e-01  9.9933856177090896e-01  1.0006543138248982e+00  2.6658509788878739e-08  -5.0595211993840218e-06  3.9763622250939040e-06
1.0399999999999800e+01  1.0000048822582679e+00  9.9265013456362972e-01  1.0073802474570070e+00  9.9999752689463417e-01  9.9593333786818827e-01  1.0040555425266189e+00  -8.9921345668097416e-07  -8.0521671993078049e-06  9.5048896648577064e-06  1.0000023223560091e+00  9.9871131574823080e-01  1.0012986109974944e+00  9.9999854784942532e-01  9.9934060623010490e-01  1.0006508705768677e+00  9.8736168542602919e-08  -5.3635210844825278e-06  6.1505993242874810e-06
1.1199999999999800e+01  1.0000041847981807e+00  9.9265005474565848e-01  1.0073764857957874e+00  9.9999908472566268e-01  9.9592859988962434e-01  1.0040561505131886e+00  -8.9086212169749853e-07  -1.2567583817392608e-05  8.4823612037436249e-06  1.0000024116084492e+00  9.9871305955558287e-01  1.0012962114232571e+00  9.9999835103539647e-01  9.9933767366697412e-01  1.0006546449087008e+00  1.6411318705899751e-07  -4.9213617104061974e-06  3.9877569889347614e-06
1.1999999999999799e+01  1.0000036307152746e+00  9.9265039130564336e-01  1.0073762104699229e+00  1.0000004880520008e+00  9.9592254757137544e-01  1.0040532648154814e+00  -7.5408043597867921e-07  -9.1740580231239648e-06  1.3826892514721281e-05  1.0000025400567361e+00  9.9871604361360233e-01  1.0012935376111596e+00  9.9999804132584313e-01  9.9933050880862062e-01  1.0006614224850856e+00  2.1885853089644478e-07  -9.5732740260239040e-06  8.1146450093629260e-06
1.2799999999999800e+01  1.0000033056944715e+00  9.9264584690331314e-01  1.0073784166805975e+00  1.0000014835800415e+00  9.9592363971319020e-01  1.0040442424029530e+00  -3.6089569222363898e-07  -1.1309613465451426e-05  1.5168651905006715e-05  1.0000026804928046e+00  9.9871633309126639e-01  1.0012937140116565e+00  9.9999766646290744e-01  9.9932741332058528e-01  1.0006633212533487e+00  2.2026903658369749e-07  -8.0816655624626658e-06  6.1566217878974915e-06
1.3599999999999801e+01  1.0000032673403245e+00  9.9263949724460032e-01  1.0073768162495051e+00  1.0000017868973143e+00  9.9592570107232292e-01  1.0040394451363270e+00  5.3889574149859866e-08  -9.8632243751587796e-06  1.0843310650694292e-05  1.0000027415808135e+00  9.9871547125362414e-01  1.0012943779860795e+00  9.9999741993423952e-01  9.9932781674283255e-01  1.0006628618627078e+00  9.6351842469969505e-08  -6.4434493596699319e-06  4.3025611594324047e-06
1.4399999999999700e+01  1.0000033296278403e+00  9.9263389504481203e-01  1.0073726018621068e+00  1.0000016126407081e+00  9.9592466500767973e-01  1.0040400189882743e+00  2.2363429517377589e-07  -9.3091083493066404e-06  1.0347733201387073e-05  1.0000027467240318e+00  9.9871515411998246e-01  1.0012950088958501e+00  9.9999732091542137e-01  9.9932800384784204e-01  1.0006618289148679e+00  1.4171933649597003e-08  -7.1532495353674532e-06  5.5613097174920254e-06
1.5199999999999701e+01  1.0000033293427673e+00  9.9262985970302653e-01  1.0073700792700937e+00  1.0000013513812436e+00  9.9592252917405333e-01  1.0040391929187031e+00  1.9138119030274624e-07  -8.8916629594738310e-06  1.2481267570726373e-05  1.0000026514107239e+00  9.9871390368614987e-01  1.0012967149886918e+00  9.9999745391403017e-01  9.9933012522095277e-01  1.0006582879189982e+00  -1.9653389162545925e-07  -5.6695182485837580e-06  4.5241569508051892e-06
1.5999999999999700e+01  1.0000032637714427e+00  9.9262835728012633e-01  1.0073690293938802e+00  1.0000011893764624e+00  9.9591764540087224e-01  1.0040362101143201e+00  1.3015163354317897e-07  -7.2704946945140894e-06  1.3626684827086916e-05  1.0000024303361983e+00  9.9871284677118632e-01  1.0012976835086176e+00  9.9999792040491708e-01  9.9933270183308942e-01  1.0006552836128233e+00  -3.5198223292289851e-07  -7.3852934764722233e-06  4.6344847888347160e-06
1.6799999999999802e+01  1.0000032276671817e+00  9.9262711952072491e-01  1.0073677701175083e+00  1.0000010392454510e+00  9.9590964496754786e-01  1.0040327920882275e+00  1.9674307779111511e-07  -6.4140001549112383e-06  1.3793535218833166e-05  1.0000022303342673e+00  9.9871354504229348e-01  1.0012970189394548e+00  9.9999845813508026e-01  9.9933180855657799e-01  1.0006558341688128e+00  -3.0211932517492421e-07  -5.8786321869355356e-06  4.5020289832599197e-06
1.7600000000000001e+01  1.0000032970889354e+00  9.9262333776444400e-01  1.0073652503184685e+00  1.0000006879830416e+00  9.9590121951652932e-01  1.0040301461350807e+00  3.5699828655398513e-07  -7.9205790682849240e-06  1.3550537538941058e-05  1.0000021076747354e+00  9.9871350970147943e-01  1.0012974880696550e+00  9.9999887189633951e-01  9.9933112357480169e-01  1.0006552802285675e+00  -2.0385372857150482e-07  -5.6307422486311879e-06  4.1844570481004517e-06
1.8400000000000102e+01  1.0000034039318710e+00  9.9261696673260424e-01  1.0073620380444057e+00  1.0000001483200314e+00  9.9589586431800103e-01  1.0040280047231165e+00  4.0920316957870582e-07  -1.0639292962726575e-05  1.4019171190536729e-05  1.0000020896950264e+00  9.9871123727959932e-01  1.0012995581722628e+00  9.9999905283372292e-01  9.9933500808329800e-01  1.0006510524044165e+00  -1.1712590134239193e-08  -4.1610074625903970e-06  3.2185977232684920e-06
1.9200000000000198e+01  1.0000034394555852e+00  9.9261124038067361e-01  1.0073595161295588e+00  9.9999964387990725e-01  9.9589256227125678e-01  1.0040250296841449e+00  3.3343846377148251e-07  -1.1174349240342754e-05  1.5094279786717408e-05  1.0000021884681667e+00  9.9870959749412680e-01  1.0013003367605415e+00  9.9999892149842795e-01  9.9933908252817372e-01  1.0006482298629689e+00  1.6213781778189629e-07  -2.2499340133419229e-06  1.8613406017105498e-06
2.0000000000000298e+01  1.0000034192006373e+00  9.9260777610530249e-01  1.0073578032928514e+00  9.9999926449061949e-01  9.9588783124462310e-01  1.0040210963521712e+00  2.7681327531751488e-07  -1.0474574139482833e-05  1.5677626578524199e-05  1.0000023314227504e+00  9.9870948433186457e-01  1.0012997705520734e+00  9.9999859504833444e-01  9.9934011381735366e-01  1.0006485565960739e+00  2.2812242915806922e-07  -9.7370938841219445e-07  2.1347558958876144e-06
2.0800000000000502e+01  1.0000034308237786e+00  9.9260376414779938e-01  1.0073558070755668e+00  9.9999889742913828e-01  9.9588221066668026e-01  1.0040173275745541e+00  3.2670339978553087e-07  -1.1394988915753231e-05  1.5570788305540746e-05  1.0000024613565326e+00  9.9870916715717806e-01  1.0012997827579411e+00  9.9999822420838169e-01  9.9934070597915048e-01  1.0006486669322909e+00  2.3540121006903281e-07  -8.7947659842039360e-07  2.0380924496990801e-06
2.1600000000000598e+01  1.0000035361528958e+00  9.9259675975830275e-01  1.0073527343511144e+00  9.9999836273672782e-01  9.9587833270916104e-01  1.0040143565288377e+00  4.8073627720314571e-07  -1.3229767314730450e-05  1.5359381609457155e-05  1.0000025959998400e+00  9.9870875548910476e-01  1.0013003021121896e+00  9.9999782312260044e-01  9.9934127013712137e-01  1.0006476745251762e+00  2.7352568369171034e-07  -7.3162344630107483e-07  2.1234998003351428e-06
2.2400000000000698e+01  1.0000037215210567e+00  9.9258847618317314e-01  1.0073490476262283e+00  9.9999758321477372e-01  9.9587585671783296e-01  1.0040121612941428e+00  6.0037767703483129e-07  -1.3764524059073934e-05  1.5460472127009008e-05  1.0000027620241152e+00  9.9870868391508549e-01  1.0013006349124067e+00  9.9999734316265276e-01  9.9934104330128726e-01  1.0006468501407031e+00  3.2022368140407967e-07  -1.1165432617195731e-06  2.4107095675125190e-06
2.3200000000000799e+01  1.0000038666685747e+00  9.9258201946187408e-01  1.0073456131987566e+00  9.9999676836152429e-01  9.9587205184492200e-01  1.0040096939601979e+00  5.1299567603999392e-07  -1.2835332090740081e-05  1.6094810851812766e-05  1.0000029210750112e+00  9.9870866032568040e-01  1.0013004705713981e+00  9.9999684397598909e-01  9.9934034355317702e-01  1.0006468982129921e+00  2.8525659295236607e-07  -1.1554792289095095e-06  2.5186197328763482e-06
2.4000000000000998e+01  1.0000038770736823e+00  9.9257743751723082e-01  1.0073428938232794e+00  9.9999621772491765e-01  9.9586636428043118e-01  1.0040061991622311e+00  3.0779200868530647e-07  -1.2503047785850088e-05  1.6931597876513120e-05  1.0000030057220313e+00  9.9870823663895192e-01  1.0013003343865763e+00  9.9999647941891645e-01  9.9934032134148731e-01  1.0006470864406645e+00  1.6145752300924857e-07  -1.0558986037621920e-06  2.1147198554901212e-06
2.4800000000001098e+01  1.0000038089542649e+00  9.9257193383556441e-01  1.0073402413877701e+00  9.9999594298027428e-01  9.9586017978054264e-01  1.0040021646219364e+00  1.9013419681045144e-07  -1.3310188842348266e-05  1.7242103283888205e-05  1.0000030035401624e+00  9.9870720716777472e-01  1.0013008949032178e+00  9.9999632613666822e-01  9.9934173003700655e-01  1.0006460908999866e+00  3.7422858618009305e-08  -1.3040505684831755e-06  1.8764416420334500e-06
2.5600000000001199e+01  1.0000037367183248e+00  9.9256400121456245e-01  1.0073368037517401e+00  9.9999578070915407e-01  9.9585522665698145e-01  1.0039983061049418e+00  1.4991300126838771e-07  -1.4652876883883826e-05  1.7162277806032877e-05  1.0000029590507618e+00  9.9870629696523983e-01  1.0013015671145058e+00  9.9999632375646741e-01  9.9934327042712168e-01  1.0006443742916229e+00  -2.3434307405643028e-08  -1.0394671147041792e-06  2.0360181694102081e-06
2.6400000000001299e+01  1.0000036301424899e+00  9.9255491306759980e-01  1.0073326633750572e+00  9.9999570913957525e-01  9.9585130316579573e-01  1.0039949758216864e+00  6.3500674629762329e-08  -1.5269905122056429e-05  1.7169040798915110e-05  1.0000029117425702e+00  9.9870584250995609e-01  1.0013019029134063e+00  9.9999637643113815e-01  9.9934390680074170e-01  1.0006430466396201e+00  -3.8807013218156756e-08  -9.2453549263404503e-07  2.0722488997792604e-06
2.7200000000001499e+01  1.0000034299722338e+00  9.9254705399674215e-01  1.0073290037640137e+00  9.9999584045387124e-01  9.9584670384975227e-01  1.0039909590585956e+00  -9.9146326910732814e-08  -1.4788689110223628e-05  1.8588358549908306e-05  1.0000028656823963e+00  9.9870523823891011e-01  1.0013021252786507e+00  9.9999644532835597e-01  9.9934454333514977e-01  1.0006420039074349e+00  -4.7089979111273081e-08  -8.2108264727791597e-07  2.1354160985666626e-06
2.8000000000001599e+01  1.0000031269034102e+00  9.9254072033479224e-01  1.0073268133180850e+00  9.9999626139271758e-01  9.9584036807669463e-01  1.0039841810443664e+00  -2.8700621531670102e-07  -1.4323568932141703e-05  2.0505424552343880e-05  1.0000028146124638e+00  9.9870436907048910e-01  1.0013022875160531e+00  9.9999652863304234e-01  9.9934569383749017e-01  1.0006411621619216e+00  -5.7890823892250668e-08  -1.0613207607300033e-06  2.2916532780493779e-06
2.8800000000001699e+01  1.0000027578502084e+00  9.9253380565040661e-01  1.0073245803340267e+00  9.9999695031439439e-01  9.9583329947785970e-01  1.0039762221567627e+00  -4.1924190305116037e-07  -1.4891604792027186e-05  2.0144649154752300e-05  1.0000027508167737e+00  9.9870356534041904e-01  1.0013024803475277e+00  9.9999663889556434e-01  9.9934686643605530e-01  1.0006403194554383e+00  -8.1786620830406499e-08  -1.3519052819944916e-06  2.3535937395423044e-06
2.9600000000001799e+01  1.0000023785083447e+00  9.9252480167559010e-01  1.0073205497980613e+00  9.9999777446712135e-01  9.9582707479250465e-01  1.0039704241903633e+00  -4.5676870965104319e-07  -1.6094441665167487e-05  1.8671776052858299e-05  1.0000026705048166e+00  9.9870310799214190e-01  1.0013026537746132e+00  9.9999678888927457e-01  9.9934735132839891e-01  1.0006394591577223e+00  -1.0119439115480288e-07  -1.5197929938924864e-06  2.4174573556520935e-06
3.0400000000001999e+01  1.0000020039489304e+00  9.9251468456726832e-01  1.0073154692101363e+00  9.9999863118143817e-01  9.9582181460525365e-01  1.0039664769911014e+00  -4.7613363606557721e-07  -1.6718052346899105e-05  1.8260550575281731e-05  1.0000025903174197e+00  9.9870300555912206e-01  1.0013025908214015e+00  9.9999694877149503e-01  9.9934683666332913e-01  1.0006390288029832e+00  -9.5438403004550860e-08  -1.6478422392691303e-06  2.2375686588746509e-06
3.1200000000002099e+01  1.0000015999748162e+00  9.9250564223698667e-01  1.0073103812545097e+00  9.9999955544190811e-01  9.9581577473909244e-01  1.0039629962868302e+00  -5.4061199492908011e-07  -1.6057037307286677e-05  1.8228673371606493e-05  1.0000025138478539e+00  9.9870283687759032e-01  1.0013023662961540e+00  9.9999709992573593e-01  9.9934607270003217e-01  1.0006390158359220e+00  -9.6830099687898885e-08  -1.5591562664432773e-06  2.3494150739261808e-06
3.2000000000002203e+01  1.0000011680152370e+00  9.9249811090751971e-01  1.0073054122086149e+00  1.0000005828486715e+00  9.9580764620884388e-01  1.0039597384214314e+00  -5.8829570666781690e-07  -1.5350253646043067e-05  1.8337248403897509e-05  1.0000024231821789e+00  9.9870229234801777e-01  1.0013020922771829e+00  9.9999727290282858e-01  9.9934594728827275e-01  1.0006392138353510e+00  -1.2084350001770990e-07  -1.7804448488846806e-06  2.6969697370081340e-06
3.2800000000002001e+01  1.0000007727102336e+00  9.9249023036741746e-01  1.0073004714613571e+00  1.0000016132841631e+00  9.9579849266483222e-01  1.0039562693025856e+00  -5.3654709809695206e-07  -1.5727143326062007e-05  1.8696831345247819e-05  1.0000023122549724e+00  9.9870165813269030e-01  1.0013022413653085e+00  9.9999748974730707e-01  9.9934619275306824e-01  1.0006386807387804e+00  -1.4840083189816510e-07  -1.4192727639340710e-06  2.5257526199289357e-06
3.3600000000001899e+01  1.0000004682755876e+00  9.9248066296916604e-01  1.0072952569274258e+00  1.0000024914025096e+00  9.9578978488640890e-01  1.0039524341024886e+00  -4.1383324819808191e-07  -1.6627380373975415e-05  1.9012445057032901e-05  1.0000021866299424e+00  9.9870144285540385e-01  1.0013033749720293e+00  9.9999774652337803e-01  9.9934569574674759e-01  1.0006359225605495e+00  -1.7059131077395151e-07  -1.6214224400216213e-06  2.7454375062856651e-06
3.4400000000001697e+01  1.0000002213060770e+00  9.9247007958865963e-01  1.0072896998206062e+00  1.0000032049508478e+00  9.9578172079355598e-01  1.0039483821359931e+00  -3.5150979073605610e-07  -1.7297139755787262e-05  1.9178094914490887e-05  1.0000020505492264e+00  9.9870151028816867e-01  1.0013046627173803e+00  9.9999803425372624e-01  9.9934432636776438e-01  1.0006320171071976e+00  -1.8550195971560488e-07  -1.8275990928487043e-06  2.0600469197764559e-06
3.5200000000001602e+01  9.9999995169534561e-01  9.9246000339918283e-01  1.0072838492078509e+00  1.0000039058044501e+00  9.9577354777524141e-01  1.0039446070785252e+00  -3.8847507757333636e-07  -1.7322982448798094e-05  1.8852570694891059e-05  1.0000019135629716e+00  9.9870139677664771e-01  1.0013047573174221e+00  9.9999833176154995e-01  9.9934301454564367e-01  1.0006300297385495e+00  -1.8056796102011716e-07  -2.2310182639039254e-06  9.2026887884103138e-07
3.6000000000001400e+01  9.9999965686355652e-01  9.9245093471943779e-01  1.0072776747913910e+00  1.0000046698035572e+00  9.9576431462969728e-01  1.0039417175779606e+00  -4.0871227847174554e-07  -1.7053804323930695e-05  1.8464792548098433e-05  1.0000017874723457e+00  9.9870115569875617e-01  1.0013038192478807e+00  9.9999860808826924e-01  9.9934195046058094e-01  1.0006306452530698e+00  -1.6306180432251231e-07  -1.7854716755192998e-06  1.3567504171788956e-06
3.6800000000001198e+01  9.9999940972277901e-01  9.9244174064997037e-01  1.0072714249054253e+00  1.0000053919733742e+00  9.9575420615536891e-01  1.0039390625545588e+00  -3.3546429489321766e-07  -1.7207881332739065e-05  1.8736690900861243e-05  1.0000016672132905e+00  9.9870086360560173e-01  1.0013030125517433e+00  9.9999886346765199e-01  9.9934100594353570e-01  1.0006318176588875e+00  -1.5555303498767020e-07  -1.9426709949930501e-06  1.4278524984305631e-06
3.7600000000001103e+01  9.9999924972328791e-01  9.9243138998772917e-01  1.0072650841015869e+00  1.0000059510984669e+00  9.9574394312270975e-01  1.0039359337727460e+00  -2.2062888114024404e-07  -1.7694337561832528e-05  1.9146110928356869e-05  1.0000015475827437e+00  9.9870042773986434e-01  1.0013027191677195e+00  9.9999910898733879e-01  9.9934035971394597e-01  1.0006321414388768e+00  -1.4705172063572187e-07  -1.9691399116735216e-06  1.3063157465878900e-06
3.8400000000000901e+01  9.9999914238733734e-01  9.9241997500533230e-01  1.0072586991485204e+00  1.0000063551654796e+00  9.9573423789022153e-01  1.0039320585526634e+00  -1.5340934507282085e-07  -1.8837574657204352e-05  1.9986823731520550e-05  1.0000014349029165e+00  9.9870024812187075e-01  1.0013022365001516e+00  9.9999933400422403e-01  9.9933928753914358e-01  1.0006325453055618e+00  -1.3129238214907745e-07  -1.7633946061579035e-06  1.2638390253480756e-06
3.9200000000000799e+01  9.9999903447284322e-01  9.9240818466204406e-01  1.0072528385999022e+00  1.0000067073284129e+00  9.9572585713718098e-01  1.0039265923226737e+00  -1.5185990081860858e-07  -1.9834234536016330e-05  2.0949634817520391e-05  1.0000013287965541e+00  9.9870031313130903e-01  1.0013014811760019e+00  9.9999953571417299e-01  9.9933749972423258e-01  1.0006335350865789e+00  -1.1807524193234856e-07  -2.0823917113419759e-06  1.7482226521836940e-06
4.0000000000000597e+01  9.9999892057222572e-01  9.9239749634943908e-01  1.0072467658502291e+00  1.0000070685303966e+00  9.9571665234782214e-01  1.0039210255009718e+00  -1.5302755125869492e-07  -1.8640206603875112e-05  2.0143372925082345e-05  1.0000012276661221e+00  9.9869952389897265e-01  1.0013012803673307e+00  9.9999971691037670e-01  9.9933713580773820e-01  1.0006335612836252e+00  -1.0529000040483920e-07  -1.9433071426360298e-06  1.6651840293600366e-06
4.0800000000000502e+01  9.9999884474064105e-01  9.9238787237634374e-01  1.0072397237448725e+00  1.0000073866770882e+00  9.9570440664306603e-01  1.0039172176655302e+00  -9.4142677349529804e-08  -1.7665272400165220e-05  1.9482686222517978e-05  1.0000011282709864e+00  9.9869831212324633e-01  1.0013009456101289e+00  9.9999988416780961e-01  9.9933815130689219e-01  1.0006334001147832e+00  -1.0317462767099924e-07  -1.4225287780139215e-06  1.2972338273742876e-06
4.1600000000000300e+01  9.9999884197062483e-01  9.9237681225437602e-01  1.0072328631443093e+00  1.0000075690009880e+00  9.9569205311022735e-01  1.0039129202526211e+00  3.1808646968258255e-09  -1.9275634229378818e-05  2.0731401606020089e-05  1.0000010204780614e+00  9.9869851503584639e-01  1.0012991865727778e+00  1.0000000605547448e+00  9.9933673954152336e-01  1.0006360085233617e+00  -1.1336521062986849e-07  -2.5966206424279833e-06  2.0784398603949512e-06
4.2400000000000098e+01  9.9999888226820399e-01  9.9236382788056909e-01  1.0072265595180299e+00  1.0000076262814157e+00  9.9568204676655703e-01  1.0039065769684303e+00  4.6081166644599029e-08  -2.0973597901393957e-05  2.1760812869947102e-05  1.0000009095152482e+00  9.9869908930164109e-01  1.0012974514644299e+00  1.0000002440844602e+00  9.9933367306415122e-01  1.0006395028615540e+00  -1.0685692512204250e-07  -1.6171472194092605e-06  1.5753684787958173e-06
4.3200000000000003e+01  9.9999890173454720e-01  9.9235075451901933e-01  1.0072201775918068e+00  1.0000076846144883e+00  9.9567309678440608e-01  1.0038994596792954e+00  5.3502592912827768e-09  -2.1468716970971744e-05  2.1848012173412094e-05  1.0000008141026890e+00  9.9869812844787387e-01  1.0012973117996642e+00  1.0000003964177075e+00  9.9933314338739954e-01  1.0006400360305083e+00  -7.6293564665773099e-08  -1.7316863258721072e-06  1.5533285985665113e-06
4.3999999999999801e+01  9.9999888505917234e-01  9.9233874449834103e-01  1.0072133285588509e+00  1.0000078294285983e+00  9.9566318800590825e-01  1.0038929424848406e+00  -5.1427977894064701e-08  -2.0617360814183252e-05  2.1047159589972927e-05  1.0000007397909716e+00  9.9869663412713083e-01  1.0012976366844064e+00  1.0000004944522205e+00  9.9933444088334389e-01  1.0006387022120693e+00  -4.1477032168292905e-08  -1.6003742712217641e-06  1.7079804248620662e-06
4.4799999999999699e+01  9.9999886509583846e-01  9.9232772550596815e-01  1.0072056085563168e+00  1.0000080375174325e+00  9.9565053963680261e-01  1.0038881016030436e+00  -7.2260102527425459e-08  -1.9414289838098401e-05  2.0209604885054824e-05  1.0000006813253968e+00  9.9869579226437244e-01  1.0012973165201597e+00  1.0000005412076973e+00  9.9933499050187446e-01  1.0006379951770150e+00  -1.2980574251152944e-08  -9.6007038677022153e-07  1.2840757374327456e-06
4.5599999999999497e+01  9.9999887062177051e-01  9.9231563407653400e-01  1.0071980151265825e+00  1.0000082436092388e+00  9.9563722434157631e-01  1.0038829907621216e+00  -5.2802198507755127e-08  -2.0976882623479573e-05  2.1614274545540663e-05  1.0000006300200539e+00  9.9869562871957052e-01  1.0012963046800327e+00  1.0000005535087217e+00  9.9933399845474891e-01  1.0006387394483396e+00  6.0549629810916654e-10  -1.9343315409316252e-06  2.4502932167155866e-06
4.6399999999999302e+01  9.9999890615020881e-01  9.9230110669394200e-01  1.0071915012460220e+00  1.0000084035789072e+00  9.9562713871871278e-01  1.0038748915038964e+00  -2.6293194014575979e-08  -2.3443285827112239e-05  2.3235289548283980e-05  1.0000005764400985e+00  9.9869546503437512e-01  1.0012955505712708e+00  1.0000005553626345e+00  9.9933240312719518e-01  1.0006394605812188e+00  3.5127559074272222e-09  -9.5879702904689614e-07  1.5990690907107750e-06
4.7199999999999200e+01  9.9999894296883429e-01  9.9228679456967295e-01  1.0071844876602116e+00  1.0000085533568481e+00  9.9561778514595745e-01  1.0038664269237272e+00  -5.0029756251378130e-08  -2.2479222827012826e-05  2.2060186316868355e-05  1.0000005248703998e+00  9.9869428724029330e-01  1.0012960035694867e+00  1.0000005465053432e+00  9.9933257869671277e-01  1.0006377131587445e+00  1.7428094755812931e-08  -1.2462070166854297e-06  2.1136756163527531e-06
4.7999999999998998e+01  9.9999894763976982e-01  9.9227475997858439e-01  1.0071761323843167e+00  1.0000087825783825e+00  9.9560470797330780e-01  1.0038604979820722e+00  -1.2169639661995727e-07  -2.0540723477869844e-05  2.0827981618953696e-05  1.0000004855956646e+00  9.9869308583809402e-01  1.0012962678377699e+00  1.0000005061115422e+00  9.9933341903340756e-01  1.0006354416097005e+00  3.9750659113319565e-08  -9.4305354488706029e-07  1.3672698439190163e-06
4.8799999999998903e+01  9.9999892539240398e-01  9.9226279290787334e-01  1.0071679690587327e+00  1.0000091231585864e+00  9.9558984490158065e-01  1.0038547476992812e+00  -1.8211227313129481e-07  -2.1318602192098289e-05  2.1779342426056259e-05  1.0000004516530949e+00  9.9869319620106134e-01  1.0012952815861356e+00  1.0000004413591306e+00  9.9933178453821969e-01  1.0006355008210990e+00  4.5251146876434705e-08  -9.7501799233164117e-07  1.9262313678768695e-06
4.9599999999998701e+01  9.9999891151508913e-01  9.9224873310957273e-01  1.0071604977830737e+00  1.0000095149802366e+00  9.9557692233187578e-01  1.0038470746876407e+00  -1.8475470020326193e-07  -2.3311075143525101e-05  2.2725031094832875e-05  1.0000004094782429e+00  9.9869327818154552e-01  1.0012945232099046e+00  1.0000003822239223e+00  9.9932933469459106e-01  1.0006358026816931e+00  3.6787013584789434e-08  -1.0741665576647827e-06  1.3990663476790027e-06
5.0399999999998499e+01  9.9999893402499207e-01  9.9223352645006113e-01  1.0071523567167118e+00  1.0000098702599927e+00  9.9556549266799499e-01  1.0038394375179385e+00  -1.5037802961324243e-07  -2.3734704595104843e-05  2.1665899381042216e-05  1.0000003608697594e+00  9.9869229680590943e-01  1.0012945831845754e+00  1.0000003343578934e+00  9.9932874621237622e-01  1.0006344509669944e+00  3.2897963051780149e-08  -1.3514916332134192e-06  1.5070721315023352e-06
5.1199999999998397e+01  9.9999897448753061e-01  9.9221923957695790e-01  1.0071428783114649e+00  1.0000101903360370e+00  9.9555267988330243e-01  1.0038341110620455e+00  -1.5486394628292840e-07  -2.2776625975897057e-05  2.0466999088935210e-05  1.0000003082903848e+00  9.9869130314002219e-01  1.0012943187174939e+00  1.0000002939797876e+00  9.9932867218363919e-01  1.0006332279311216e+00  2.5460342728829341e-08  -1.4699787087686218e-06  1.5845337784465534e-06
5.1999999999998202e+01  9.9999899721806174e-01  9.9220573661200473e-01  1.0071338110037498e+00  1.0000105565754036e+00  9.9553836832389953e-01  1.0038286678414188e+00  -2.0565491560491687e-07  -2.3038054386080927e-05  2.1867548465584695e-05  1.0000002460510262e+00  9.9869034050195804e-01  1.0012939088488237e+00  1.0000002723466075e+00  9.9932862284747903e-01  1.0006323343082673e+00  1.2604251960149286e-08  -1.1755523123704857e-06  1.5834470006713750e-06
5.2799999999998100e+01  9.9999900399523900e-01  9.9219144484694000e-01  1.0071260365110657e+00  1.0000110025786721e+00  9.9552475771425686e-01  1.0038203628892641e+00  -2.5113145079070490e-07  -2.4174692102665972e-05  2.3276521469255738e-05  1.0000001789138628e+00  9.9868917280815039e-01  1.0012938777259637e+00  1.0000002643691939e+00  9.9932906742375827e-01  1.0006306728111996e+00  9.9102285734252917e-09  -1.3636251381833281e-06  1.8339883462130271e-06
5.3599999999997898e+01  9.9999901776036815e-01  9.9217621532668032e-01  1.0071177359921555e+00  1.0000114923126042e+00  9.9551170247316711e-01  1.0038116535109884e+00  -2.6260044288259785e-07  -2.4476817875406995e-05  2.2384024225458775e-05  1.0000001091722024e+00  9.9868835454700133e-01  1.0012936887689945e+00  1.0000002627099069e+00  9.9932891413731184e-01  1.0006290429265665e+00  -5.5570150450671915e-10  -1.5530740831043014e-06  1.6407007808181556e-06
5.4399999999997704e+01  9.9999905187410376e-01  9.9216076891470439e-01  1.0071079852692026e+00  1.0000119759339823e+00  9.9549793854118163e-01  1.0038050450913303e+00  -2.5350449592477372e-07  -2.4270452325772855e-05  2.1100584597307074e-05  1.0000000185420765e+00  9.9868765156831640e-01  1.0012929488966309e+00  1.0000003013992478e+00  9.9932830131861594e-01  1.0006284326497608e+00  -3.8944715644300198e-08  -1.4968122987246161e-06  1.3992567156228471e-06
5.5199999999997601e+01  9.9999909731666969e-01  9.9214536156166577e-01  1.0070981351048744e+00  1.0000124496174017e+00  9.9548371777449196e-01  1.0037989543618020e+00  -2.5856937657740111e-07  -2.4953797503986924e-05  2.2000327832652676e-05  9.9999990040842901e-01  9.9868723370139811e-01  1.0012912881873668e+00  1.0000004056407068e+00  9.9932696893309769e-01  1.0006299146981439e+00  -7.3946483737023059e-08  -1.6357406925143316e-06  1.4719724292392685e-06
5.5999999999997399e+01  9.9999914606112439e-01  9.9212958100788895e-01  1.0070897250427520e+00  1.0000129374909990e+00  9.9547052249237333e-01  1.0037900296427178e+00  -2.7284935469352543e-07  -2.5863606770122776e-05  2.3804909579976382e-05  9.9999977619130886e-01  9.9868663769691646e-01  1.0012900572852279e+00  1.0000005412667243e+00  9.9932559137311328e-01  1.0006313332037584e+00  -7.6570388579148198e-08  -1.5168206657733111e-06  1.5772578571710763e-06
5.6799999999997297e+01  9.9999920573300261e-01  9.9211437554034831e-01  1.0070809570749963e+00  1.0000134411920913e+00  9.9545618662500690e-01  1.0037805832071327e+00  -2.8328831770908990e-07  -2.4370508212455448e-05  2.2393691232981285e-05  9.9999966246015004e-01  9.9868493320356355e-01  1.0012904684500852e+00  1.0000006650021516e+00  9.9932644368651069e-01  1.0006293439449383e+00  -6.3188971430859533e-08  -1.7960308274373150e-06  1.9543013042169261e-06
5.7599999999997102e+01  9.9999927788062737e-01  9.9209942765272696e-01  1.0070705291722555e+00  1.0000139559589278e+00  9.9543937989174314e-01  1.0037738593742958e+00  -2.9096812735963648e-07  -2.4564297301228877e-05  2.1393187589456243e-05  9.9999955505077809e-01  9.9868413950134571e-01  1.0012898925023821e+00  1.0000007716338588e+00  9.9932625644301853e-01  1.0006281298563400e+00  -5.6455802134016821e-08  -1.5151996913949816e-06  1.5602183674684930e-06
5.8399999999997000e+01  9.9999936061294625e-01  9.9208238506678137e-01  1.0070605081901667e+00  1.0000144736872862e+00  9.9542478607975726e-01  1.0037664973197833e+00  -2.9233260846012763e-07  -2.7047309514022370e-05  2.2551512016897330e-05  9.9999944501623961e-01  9.9868428324661940e-01  1.0012884398769832e+00  1.0000008761913484e+00  9.9932360267495457e-01  1.0006290855675739e+00  -5.8957347757080369e-08  -1.8951522207220996e-06  1.4714451075708094e-06
5.9199999999996798e+01  9.9999945255792944e-01  9.9206505126259925e-01  1.0070505590019572e+00  1.0000149895327506e+00  9.9541143255061415e-01  1.0037583271836419e+00  -2.9675449574341838e-07  -2.6543812472861629e-05  2.2098440598912244e-05  9.9999933001208807e-01  9.9868220688304254e-01  1.0012892772133350e+00  1.0000009873391424e+00  9.9932459083438685e-01  1.0006260076420530e+00  -6.1837792654732157e-08  -1.8849853795367021e-06  3.1204624215641154e-06
5.9999999999996597e+01  9.9999954974801464e-01  9.9204914164666846e-01  1.0070400452756991e+00  1.0000155178323098e+00  9.9539575339288178e-01  1.0037509877157609e+00  -3.1543025980960140e-07  -2.5737057235090712e-05  2.1962048611028848e-05  9.9999921587553176e-01  9.9867967849047046e-01  1.0012901303688115e+00  1.0000010966734054e+00  9.9932777366533654e-01  1.0006214144256627e+00  -5.4734874625115463e-08  -2.1126009598259203e-06  2.5412630270464423e-06
6.0799999999996501e+01  9.9999964411193454e-01  9.9203307249387751e-01  1.0070297495669247e+00  1.0000160880495113e+00  9.9537930803369734e-01  1.0037431185124641e+00  -3.5557709078065441e-07  -2.5972218601064575e-05  2.2256085350280180e-05  9.9999910972958850e-01  9.9867930866283294e-01  1.0012886949638875e+00  1.0000011877697870e+00  9.9932721010214898e-01  1.0006209875527707e+00  -3.9639100406335887e-08  -1.4274837787212580e-06  1.6296759812031374e-06
6.1599999999996299e+01  9.9999972469927911e-01  9.9201663012997399e-01  1.0070190520119220e+00  1.0000167298301990e+00  9.9536210090360100e-01  1.0037353682496133e+00  -4.0627527950532994e-07  -2.5717016603293238e-05  2.2022893256947160e-05  9.9999901065634811e-01  9.9867925803235791e-01  1.0012872831175117e+00  1.0000012571450614e+00  9.9932482636988318e-01  1.0006217324403119e+00  -2.9215257405273905e-08  -2.1822910005048230e-06  2.3130342061508230e-06
6.2399999999996197e+01  9.9999979805051309e-01  9.9199916985076364e-01  1.0070086621366012e+00  1.0000174316203041e+00  9.9534534868774205e-01  1.0037265791745054e+00  -4.2940251316620674e-07  -2.7586629110024464e-05  2.3615289469738473e-05  9.9999890797383262e-01  9.9867831945037366e-01  1.0012869396185187e+00  1.0000013240236103e+00  9.9932359085414835e-01  1.0006206915744491e+00  -3.7011704157468824e-08  -1.7706623418155294e-06  1.5452580520194455e-06
6.3199999999996002e+01  9.9999989847374893e-01  9.9198032743184350e-01  1.0069990560623983e+00  1.0000181198442037e+00  9.9533139529111836e-01  1.0037153462388502e+00  -3.9487838205945330e-07  -2.8829779108461904e-05  2.4045275128153364e-05  9.9999879037710948e-01  9.9867647381060787e-01  1.0012875133107095e+00  1.0000014169391860e+00  9.9932433220472905e-01  1.0006173675375349e+00  -5.7532843792060174e-08  -1.7312136878009809e-06  2.6321714312315447e-06
6.3999999999995801e+01  1.0000000526751700e+00  9.9196325306664890e-01  1.0069877177081579e+00  1.0000187240809324e+00  9.9531511351713697e-01  1.0037064775216600e+00  -3.4536347486099207e-07  -2.5622237592223239e-05  2.1029300389095554e-05  9.9999866135500448e-01  9.9867443778730014e-01  1.0012879109005159e+00  1.0000015388164418e+00  9.9932616864863755e-01  1.0006134339089696e+00  -6.9334525865676621e-08  -1.9975830008448467e-06  2.0038636111150934e-06
6.4799999999996203e+01  1.0000002334426510e+00  9.9194799627396757e-01  1.0069749653774549e+00  1.0000192825357521e+00  9.9529385590669206e-01  1.0037010261434793e+00  -3.4836544350679371e-07  -2.4864859883826755e-05  2.0927373386766182e-05  9.9999853228995439e-01  9.9867437141753257e-01  1.0012856023687120e+00  1.0000016687017821e+00  9.9932447716778683e-01  1.0006145891283367e+00  -6.7200672098427328e-08  -2.6267231542714767e-06  2.6690001314305065e-06
6.5599999999996697e+01  1.0000004129665498e+00  9.9192963149589608e-01  1.0069646567996744e+00  1.0000198617524525e+00  9.9527600852433196e-01  1.0036914173907980e+00  -3.6648537271469674e-07  -2.9797746833857201e-05  2.5273347436080272e-05  9.9999840974281407e-01  9.9867462699447340e-01  1.0012829823449263e+00  1.0000017879342953e+00  9.9932076445667795e-01  1.0006181889729389e+00  -5.5059972608337616e-08  -2.0685940247458654e-06  2.1230097800427537e-06
6.6399999999997107e+01  1.0000006029326349e+00  9.9190851745286679e-01  1.0069557546859060e+00  1.0000204487622755e+00  9.9526394558544595e-01  1.0036769273718011e+00  -3.6603189278983063e-07  -3.1099169384821688e-05  2.5451986739300373e-05  9.9999829847193134e-01  9.9867242920329558e-01  1.0012834113448736e+00  1.0000018809318629e+00  9.9932133808915680e-01  1.0006163342408487e+00  -3.4646289039187457e-08  -1.4941629606706378e-06  2.4634482474727132e-06
6.7199999999997502e+01  1.0000008153437445e+00  9.9189009777670079e-01  1.0069436712745796e+00  1.0000210150678295e+00  9.9524813026553061e-01  1.0036668185154287e+00  -3.4389105575018474e-07  -2.6720657982661081e-05  2.0989150781800506e-05  9.9999819479465923e-01  9.9867051979142918e-01  1.0012837143421698e+00  1.0000019480498779e+00  9.9932272890720675e-01  1.0006129602309592e+00  -2.6014132028279882e-08  -1.9479605439713506e-06  1.5929789234363794e-06
6.7999999999997897e+01  1.0000010727144186e+00  9.9187401273746523e-01  1.0069299782731298e+00  1.0000215141991144e+00  9.9522633994623666e-01  1.0036611864423868e+00  -2.9546064442589169e-07  -2.5481820845596659e-05  2.0843943205394793e-05  9.9999808397267209e-01  9.9867011560709884e-01  1.0012819159215178e+00  1.0000020188520347e+00  9.9932117463339443e-01  1.0006133393057266e+00  -3.4203413683340907e-08  -1.8614367380843911e-06  2.0720408754704641e-06
6.8799999999998306e+01  1.0000013660026394e+00  9.9185623521879562e-01  1.0069183360272662e+00  1.0000219524311338e+00  9.9520572062805635e-01  1.0036524474510966e+00  -2.8374790980400756e-07  -2.7766084253855125e-05  2.3401362159939447e-05  9.9999797204988017e-01  9.9866955278579606e-01  1.0012799930871443e+00  1.0000020922893196e+00  9.9931911781125171e-01  1.0006149911783770e+00  -2.2615531879892139e-08  -1.9262418234882476e-06  1.7165533004034943e-06
6.9599999999998701e+01  1.0000016635139164e+00  9.9183730566999329e-01  1.0069068642083572e+00  1.0000223956597867e+00  9.9518684461587437e-01  1.0036419811089750e+00  -3.0060173113342925e-07  -2.7802870811073609e-05  2.2603071694795724e-05  9.9999787844640431e-01  9.9866848117335194e-01  1.0012790655715149e+00  1.0000021285943395e+00  9.9931778903632507e-01  1.0006150996280234e+00  8.0492523942417700e-09  -1.9090748276732348e-06  1.9190386905874662e-06
7.0399999999999096e+01  1.0000019662768507e+00  9.9181854203762387e-01  1.0068938311491489e+00  1.0000228544379668e+00  9.9516711548114678e-01  1.0036337188196389e+00  -3.0862002292391484e-07  -2.8095118680265049e-05  2.1449987542646895e-05  9.9999779685397339e-01  9.9866642682983386e-01  1.0012792462485129e+00  1.0000021271537378e+00  9.9931851423786822e-01  1.0006125622314053e+00  2.0460796110412209e-08  -1.5839828477592703e-06  2.1157377529831360e-06
7.1199999999999505e+01  1.0000022868643885e+00  9.9179879907179636e-01  1.0068807359526968e+00  1.0000233056004326e+00  9.9514885639231054e-01  1.0036257951261087e+00  -2.9722324387223257e-07  -2.9309607621426075e-05  2.1651844959476641e-05  9.9999770411472777e-01  9.9866429839868909e-01  1.0012792758999169e+00  1.0000021331002062e+00  9.9932009948659706e-01  1.0006093425073679e+00  2.3073645187210006e-10  -2.1835756780447265e-06  1.9927608589319915e-06
7.1999999999999901e+01  1.0000026388333207e+00  9.9177988790419513e-01  1.0068673493142997e+00  1.0000237208956357e+00  9.9512950851060045e-01  1.0036182929211779e+00  -2.7786406942188378e-07  -2.7258213322232073e-05  2.0892448019280491e-05  9.9999758496738833e-01  9.9866351970192857e-01  1.0012777992199584e+00  1.0000021907185181e+00  9.9931924392205429e-01  1.0006088224287113e+00  -3.9299836385157444e-08  -1.7218584381233343e-06  2.4371540085229528e-06
7.2800000000000296e+01  1.0000030124964010e+00  9.9176178827005690e-01  1.0068541952740633e+00  1.0000241160753898e+00  9.9510751839585776e-01  1.0036104572350226e+00  -2.8254820030384012e-07  -2.7693835351198533e-05  2.2630363073858977e-05  9.9999744160533421e-01  9.9866303867680217e-01  1.0012760516496819e+00  1.0000023111996290e+00  9.9931694064851551e-01  1.0006097136813386e+00  -7.2227300433385710e-08  -1.5980177190564226e-06  1.8147325237223551e-06
7.3600000000000705e+01  1.0000033872744347e+00  9.9174133286243837e-01  1.0068428788381361e+00  1.0000245353834125e+00  9.9508865264773461e-01  1.0035983629345275e+00  -3.1943846840032086e-07  -3.0249489108619669e-05  2.4842013155884582e-05  9.9999729476595101e-01  9.9866166682622048e-01  1.0012752636351403e+00  1.0000024595589685e+00  9.9931594171686378e-01  1.0006090595831527e+00  -6.8421133157825036e-08  -1.6555638590219860e-06  1.4024692747523879e-06
7.4400000000001199e+01  1.0000037328134761e+00  9.9172077601700781e-01  1.0068305587036988e+00  1.0000250452367596e+00  9.9507030126486362e-01  1.0035862944510625e+00  -4.0162777468205391e-07  -2.8472625069231202e-05  2.2545312171471726e-05  9.9999717090991647e-01  9.9866043911113600e-01  1.0012744277453551e+00  1.0000025721070860e+00  9.9931498377628691e-01  1.0006080049198800e+00  -3.3108114139950778e-08  -1.9933274827828338e-06  1.6461798650110867e-06
7.5200000000001594e+01  1.0000040458825250e+00  9.9170206681614992e-01  1.0068160923203426e+00  1.0000256751077368e+00  9.9504784020534942e-01  1.0035781905628496e+00  -4.6255209415150221e-07  -2.6597948062533820e-05  2.0987154608478449e-05  9.9999706201637673e-01  9.9865979599835319e-01  1.0012730009842248e+00  1.0000026422448220e+00  9.9931278471553742e-01  1.0006079687651384e+00  -2.2057436373568705e-08  -1.3085246200260045e-06  1.8369959395326486e-06
7.6000000000002004e+01  1.0000043675882218e+00  9.9168289585741010e-01  1.0068023796217276e+00  1.0000263563627714e+00  9.9502492725032532e-01  1.0035695303885179e+00  -4.8547564212996217e-07  -2.8055734603533085e-05  2.2723934108640840e-05  9.9999694046433407e-01  9.9865906429033369e-01  1.0012712130739529e+00  1.0000027230087274e+00  9.9931030093425888e-01  1.0006089396018500e+00  -3.9865702489684251e-08  -1.8561715743394729e-06  1.5066037707630348e-06
7.6800000000002399e+01  1.0000046914655369e+00  9.9166251788770010e-01  1.0067895671039158e+00  1.0000270864774126e+00  9.9500416073039466e-01  1.0035585711280068e+00  -5.3540665672020183e-07  -2.8600900254443943e-05  2.2912008853546775e-05  9.9999680369824095e-01  9.9865716397865190e-01  1.0012700238014609e+00  1.0000028353405284e+00  9.9930993886644914e-01  1.0006090659204430e+00  -5.7369771937547298e-08  -1.6445738066023778e-06  1.7698225833296172e-06
7.7600000000002794e+01  1.0000050098086084e+00  9.9164293446826113e-01  1.0067753501914651e+00  1.0000278837686083e+00  9.9498166172227909e-01  1.0035493784241782e+00  -5.6726971965864542e-07  -2.6882514357861951e-05  2.1235598783481453e-05  9.9999666062393833e-01  9.9865449231473213e-01  1.0012696261450285e+00  1.0000029690045091e+00  9.9931182698410548e-01  1.0006072701748570e+00  -6.2737110113490573e-08  -1.0428835429072358e-06  1.6266872469962566e-06
7.8400000000003203e+01  1.0000053448982777e+00  9.9162294374250481e-01  1.0067610048111921e+00  1.0000286998685395e+00  9.9495839574368139e-01  1.0035406825240878e+00  -5.7566077659335808e-07  -2.8177236670153464e-05  2.2450201830196473e-05  9.9999652635444658e-01  9.9865281682515217e-01  1.0012688204201015e+00  1.0000030927299921e+00  9.9931241379071956e-01  1.0006056485166672e+00  -4.2945829081727702e-08  -1.5648373878839873e-06  2.2439525164171050e-06
7.9200000000003598e+01  1.0000056927722949e+00  9.9160177992309484e-01  1.0067474485830830e+00  1.0000295258639125e+00  9.9493704679033523e-01  1.0035299813318257e+00  -5.8618730080841511e-07  -2.8208879955521743e-05  2.2598708111266952e-05  9.9999640981877813e-01  9.9865219935626093e-01  1.0012673103103811e+00  1.0000031775293163e+00  9.9931046871545859e-01  1.0006054164025269e+00  -2.0430463071981820e-08  -1.4093364027574007e-06  1.8206153620349914e-06
8.0000000000003993e+01  1.0000060589205735e+00  9.9158184920959513e-01  1.0067327190152144e+00  1.0000303520385585e+00  9.9491353233478996e-01  1.0035207744713650e+00  -5.8639619815045929e-07  -2.6801447538937451e-05  2.1488761881103086e-05  9.9999628794569317e-01  9.9865142964132114e-01  1.0012659019772814e+00  1.0000032580750737e+00  9.9930794601441786e-01  1.0006054085973726e+00  -4.1748966497434320e-08  -1.3388439145603545e-06  1.4168274638692190e-06
8.0800000000004403e+01  1.0000064437891982e+00  9.9156103565090514e-01  1.0067184311442721e+00  1.0000311774691157e+00  9.9489061881041341e-01  1.0035109458675415e+00  -5.9545242160036451e-07  -2.8813047866262816e-05  2.3117861042962495e-05  9.9999613111894980e-01  9.9864962142390179e-01  1.0012652781553493e+00  1.0000034051545201e+00  9.9930722936203076e-01  1.0006038620661104e+00  -9.1874166780273290e-08  -1.5413112178799945e-06  1.6224884417518138e-06
8.1600000000004798e+01  1.0000068442097914e+00  9.9153906013871884e-01  1.0067047247535079e+00  1.0000320093663047e+00  9.9486978154582539e-01  1.0034992404359069e+00  -6.0284752809958144e-07  -2.8510312092288471e-05  2.2999826004924156e-05  9.9999595562149213e-01  9.9864784111222693e-01  1.0012643365911293e+00  1.0000036107623103e+00  9.9930697839664340e-01  1.0006024026665126e+00  -1.0677703390283269e-07  -1.2714124299066767e-06  1.4212118367220812e-06
8.2400000000005207e+01  1.0000072534856788e+00  9.9151819152311449e-01  1.0066896862048891e+00  1.0000328562278753e+00  9.9484648867994352e-01  1.0034892776123363e+00  -6.2599675407409918e-07  -2.6711993479740469e-05  2.1632843142774950e-05  9.9999579018674745e-01  9.9864690431341796e-01  1.0012626700150085e+00  1.0000038147826353e+00  9.9930514332971776e-01  1.0006024121074735e+00  -9.5542939663598792e-08  -1.2539663834353183e-06  1.8149629902640295e-06
8.3200000000005701e+01  1.0000076692136501e+00  9.9149713195076405e-01  1.0066745075331835e+00  1.0000337275547500e+00  9.9482227600979556e-01  1.0034797775004036e+00  -6.3128604726360480e-07  -2.7383376458263334e-05  2.2548463289727154e-05  9.9999563259139046e-01  9.9864647006726481e-01  1.0012609330374564e+00  1.0000040039175850e+00  9.9930176873630083e-01  1.0006029615128944e+00  -8.9061614612250591e-08  -1.1785525744907941e-06  2.2339658738514493e-06
8.4000000000006096e+01  1.0000081215156216e+00  9.9147507562381731e-01  1.0066604147810987e+00  1.0000345681263787e+00  9.9479973356799067e-01  1.0034678985973124e+00  -6.0556866067069784e-07  -2.8067607588950476e-05  2.3831608108637958e-05  9.9999547053011151e-01  9.9864508176695488e-01  1.0012597931710616e+00  1.0000041967928288e+00  9.9929961436990977e-01  1.0006025412085680e+00  -1.0171498780187245e-07  -1.1446798087972690e-06  1.4167531190604318e-06
8.4800000000006506e+01  1.0000086049953008e+00  9.9145353370081168e-01  1.0066457988807203e+00  1.0000353744603325e+00  9.9477655373590046e-01  1.0034559823552598e+00  -5.9942721939968667e-07  -2.6507297522155234e-05  2.2480247497998805e-05  9.9999528936175253e-01  9.9864225178508326e-01  1.0012592628667567e+00  1.0000044279512292e+00  9.9930072949098425e-01  1.0006005301732899e+00  -1.2992692207862107e-07  -1.0661844666288432e-06  1.4239209374141528e-06
8.5600000000006901e+01  1.0000091115728396e+00  9.9143281457309496e-01  1.0066298108186511e+00  1.0000361644854132e+00  9.9475088206227313e-01  1.0034464907674285e+00  -5.9199963255816543e-07  -2.5467797919280811e-05  2.1576208183103668e-05  9.9999509990187230e-01  9.9863998575323998e-01  1.0012580949280812e+00  1.0000046887325573e+00  9.9930173215471418e-01  1.0005992314785348e+00  -1.3183034272672807e-07  -1.2010166227617507e-06  1.2352058028684736e-06
8.6400000000007296e+01  1.0000096333658326e+00  9.9141118225321334e-01  1.0066142454852758e+00  1.0000369510314457e+00  9.9472551150678679e-01  1.0034364795840043e+00  -6.1267030074508737e-07  -2.6355034516245379e-05  2.2692102421322280e-05  9.9999492618792629e-01  9.9863863107819550e-01  1.0012563525045530e+00  1.0000049283489096e+00  9.9930083088898602e-01  1.0005992795434391e+00  -1.0526594497318632e-07  -1.2425682426797185e-06  1.5825248272902365e-06
8.7200000000007705e+01  1.0000101428577646e+00  9.9138884570029351e-01  1.0065990068992239e+00  1.0000377915850958e+00  9.9470126874135789e-01  1.0034252581227443e+00  -6.5857908682521855e-07  -2.6264786450898618e-05  2.2720164969904324e-05  9.9999477301423778e-01  9.9863709816628576e-01  1.0012551475346623e+00  1.0000051212695673e+00  9.9929965386823527e-01  1.0005986795317214e+00  -7.7702556257002881e-08  -1.1241394924835663e-06  1.1993425219741043e-06
8.8000000000008100e+01  1.0000106551251129e+00  9.9136697551781594e-01  1.0065831900323428e+00  1.0000386782386665e+00  9.9467627843870665e-01  1.0034145862615595e+00  -6.7499034890637663e-07  -2.5453395710081857e-05  2.2328285383057948e-05  9.9999462195151723e-01  9.9863485436905219e-01  1.0012548857446046e+00  1.0000052939784712e+00  9.9929972801484168e-01  1.0005959571527003e+00  -8.1623195767748263e-08  -1.1293716689557829e-06  2.0616440681736334e-06
8.8800000000008495e+01  1.0000111966511327e+00  9.9134523510664019e-01  1.0065672583113132e+00  1.0000395613140352e+00  9.9465058172579546e-01  1.0034040147510599e+00  -6.6701736202035665e-07  -2.5047975962713141e-05  2.2504831584130614e-05  9.9999445524581354e-01  9.9863290875100086e-01  1.0012539461572019e+00  1.0000054909303904e+00  9.9929960954057395e-01  1.0005937887271734e+00  -9.8678968414156504e-08  -1.0498780417573721e-06  1.1699300814755764e-06
8.9600000000008905e+01  1.0000117720473229e+00  9.9132321039413485e-01  1.0065513768095282e+00  1.0000404172346926e+00  9.9462464247907323e-01  1.0033930915359197e+00  -6.5361479292623927e-07  -2.4772320195325545e-05  2.2693830508092884e-05  9.9999428474472318e-01  9.9863176243489327e-01  1.0012517873609306e+00  1.0000057027113334e+00  9.9929769709740635e-01  1.0005942715646516e+00  -9.7701225640842501e-08  -1.0710806893984480e-06  1.2899540950943620e-06
9.0400000000009300e+01  1.0000123679676709e+00  9.9130076943068179e-01  1.0065354249841429e+00  1.0000412579938369e+00  9.9459876419176496e-01  1.0033818904374716e+00  -6.6178672271802736e-07  -2.4798567566036628e-05  2.2808345969861452e-05  9.9999412248010999e-01  9.9862988288841836e-01  1.0012503676458313e+00  1.0000059030508091e+00  9.9929659519531666e-01  1.0005940844138284e+00  -8.2907384604452153e-08  -9.2138805142269998e-07  1.1303811428843644e-06
9.1200000000009794e+01  1.0000129640185793e+00  9.9127811753436068e-01  1.0065192288249296e+00  1.0000421261523482e+00  9.9457298420371265e-01  1.0033707254535549e+00  -6.9218732858046310e-07  -2.4613251977232746e-05  2.2615077845608113e-05  9.9999397585469629e-01  9.9862747990127942e-01  1.0012495785334365e+00  1.0000060699597499e+00  9.9929680389841380e-01  1.0005923489746325e+00  -5.7220146147171749e-08  -9.9164292137665428e-07  1.5999295664283812e-06
9.2000000000010203e+01  1.0000135669264552e+00  9.9125580471322039e-01  1.0065027177017793e+00  1.0000430265476572e+00  9.9454651215106205e-01  1.0033599276225025e+00  -7.0483820717402272e-07  -2.3863780955857679e-05  2.2458116708461530e-05  9.9999383573946021e-01  9.9862569422766068e-01  1.0012482893793282e+00  1.0000062119953670e+00  9.9929607996645098e-01  1.0005911750003897e+00  -5.7008445910005330e-08  -7.5845959250435050e-07  1.0979847061833014e-06
9.2800000000010598e+01  1.0000142012372673e+00  9.9123385524419949e-01  1.0064861681236481e+00  1.0000439157595020e+00  9.9451893511607414e-01  1.0033490721148350e+00  -6.9003941576694609e-07  -2.3278116138860044e-05  2.2666776267547597e-05  9.9999367714604182e-01  9.9862393533212579e-01  1.0012469561897088e+00  1.0000063822059404e+00  9.9929494647531569e-01  1.0005902185115287e+00  -8.4866735856632140e-08  -1.0348135333018750e-06  1.2952547840806030e-06
9.3600000000010994e+01  1.0000148718414961e+00  9.9121165697986358e-01  1.0064696717737047e+00  1.0000447710433580e+00  9.9449093941497435e-01  1.0033377897870783e+00  -6.7723302082280355e-07  -2.3492711115281258e-05  2.2958549257049357e-05  9.9999350371774676e-01  9.9862187348911757e-01  1.0012457539306927e+00  1.0000065910836606e+00  9.9929427340287236e-01  1.0005889855229588e+00  -9.7984492706420605e-08  -7.9729516254124198e-07  1.0178854504477185e-06
9.4400000000011403e+01  1.0000155608960966e+00  9.9118864021734288e-01  1.0064531903052620e+00  1.0000456177014807e+00  9.9446382698448821e-01  1.0033260240692414e+00  -6.9059630555114533e-07  -2.4082835665341221e-05  2.3261559349448961e-05  9.9999333725995432e-01  9.9861989328035861e-01  1.0012444108430976e+00  1.0000067992191464e+00  9.9929347432231985e-01  1.0005879582787827e+00  -8.2783185480654646e-08  -7.4226610923815407e-07  1.0043538783987251e-06
9.5200000000011798e+01  1.0000162491138274e+00  9.9116526763524193e-01  1.0064365561195370e+00  1.0000464989618230e+00  9.9443748270568688e-01  1.0033140460724819e+00  -7.2542583241697036e-07  -2.3940453843385336e-05  2.3144649795769937e-05  9.9999319030078049e-01  9.9861787099323573e-01  1.0012431804069770e+00  1.0000069700055458e+00  9.9929265769154119e-01  1.0005867343655204e+00  -5.4184275930382335e-08  -8.5925827813176617e-07  1.4254150226817681e-06
9.6000000000012193e+01  1.0000169410944018e+00  9.9114254132010882e-01  1.0064194560659383e+00  1.0000474216882917e+00  9.9441000036570082e-01  1.0033026328488843e+00  -7.4336171995588144e-07  -2.3173979844491948e-05  2.2745444222944928e-05  9.9999305384025083e-01  9.9861608740139596e-01  1.0012417138893697e+00  1.0000071081328650e+00  9.9929135494806853e-01  1.0005858345664724e+00  -4.5832037202457641e-08  -8.2150616363816649e-07  1.2897220707658179e-06
9.6800000000012602e+01  1.0000176664643479e+00  9.9112008569737564e-01  1.0064022351065682e+00  1.0000483337482788e+00  9.9438137246111491e-01  1.0032914163835247e+00  -7.2275078279057890e-07  -2.2958966283578748e-05  2.2976202457688555e-05  9.9999290516072548e-01  9.9861469015070004e-01  1.0012397410678002e+00  1.0000072596010146e+00  9.9928900821006961e-01  1.0005860690967188e+00  -6.6319350254077550e-08  -1.6572506779744774e-06  1.6024838855151995e-06
9.7600000000012997e+01  1.0000184335337443e+00  9.9109711194648509e-01  1.0063851265097701e+00  1.0000492022104568e+00  9.9435308867954342e-01  1.0032797685525414e+00  -7.0857222674822436e-07  -2.3120480537010034e-05  2.3091833528115517e-05  9.9999274046872277e-01  9.9861272367074683e-01  1.0012381884871024e+00  1.0000074471521097e+00  9.9928735868688379e-01  1.0005858301848769e+00  -8.3151768058734900e-08  -1.1238045570215126e-06  1.0880110107447848e-06
9.8400000000013407e+01  1.0000192114956032e+00  9.9107399650288097e-01  1.0063676274779039e+00  1.0000500751889705e+00  9.9432470377152271e-01  1.0032684845483228e+00  -7.3655118267471406e-07  -2.3148382889373567e-05  2.2704952603177138e-05  9.9999257712503997e-01  9.9861009304581416e-01  1.0012371994142395e+00  1.0000076441221695e+00  9.9928720969140838e-01  1.0005842684194903e+00  -7.6220895990654194e-08  -1.1760583313254747e-06  1.5148455961027035e-06
9.9200000000013802e+01  1.0000199864173247e+00  9.9105094705883257e-01  1.0063499048391640e+00  1.0000509946625695e+00  9.9429569446697275e-01  1.0032574898960234e+00  -7.6482941945753296e-07  -2.2866280844254754e-05  2.2871570315079872e-05  9.9999242643471942e-01  9.9860755276777935e-01  1.0012361180107165e+00  1.0000078201476312e+00  9.9928726410991409e-01  1.0005824761518032e+00  -5.9362116981098010e-08  -1.2481808808804582e-06  1.2754773059224721e-06
1.0000000000001400e+02  1.0000207838977648e+00  9.9102797559315148e-01  1.0063322793783365e+00  1.0000519247124229e+00  9.9426624023184262e-01  1.0032461125466259e+00  -7.5797229493763123e-07  -2.2257746682542843e-05  2.3037034766134612e-05  9.9999228133220042e-01  9.9860517637359858e-01  1.0012349647240482e+00  1.0000079791148728e+00  9.9928703441309630e-01  1.0005806921468412e+00  -5.6937936137705186e-08  -9.4080832647880780e-07  1.2830562145465415e-06
1.0080000000001500e+02  1.0000216195420433e+00  9.9100537061693816e-01  1.0063144587997908e+00  1.0000528265029960e+00  9.9423575067435910e-01  1.0032348022407072e+00  -7.4532171005212828e-07  -2.2024197612647445e-05  2.3030906427303863e-05  9.9999212433526397e-01  9.9860324008773971e-01  1.0012333869941326e+00  1.0000081559791045e+00  9.9928583744769650e-01  1.0005796537041176e+00  -7.9796791137332727e-08  -1.1973228271293653e-06  1.0884492874445210e-06
1.0160000000001500e+02  1.0000224786704599e+00  9.9098227278580764e-01  1.0062968679528632e+00  1.0000537188597081e+00  9.9420537215247162e-01  1.0032228591592409e+00  -7.5707156450468107e-07  -2.2889016665003660e-05  2.3913471919824602e-05  9.9999194637345035e-01  9.9860159568954587e-01  1.0012313603529355e+00  1.0000083803173898e+00  9.9928360989917442e-01  1.0005797860840602e+00  -1.0917776108635772e-07  -8.4636179544945227e-07  1.2204233122234114e-06
1.0240000000001500e+02  1.0000233425714724e+00  9.9095814179620634e-01  1.0062795737800656e+00  1.0000546424860182e+00  9.9417670379164180e-01  1.0032097805260547e+00  -7.9117987840502606e-07  -2.3228740169311118e-05  2.4069972938955766e-05  9.9999176095496867e-01  9.9859913882564155e-01  1.0012300102175637e+00  1.0000086361182974e+00  9.9928257382470886e-01  1.0005789415516602e+00  -1.1361225619317701e-07  -1.4440132553070168e-06  1.5996324652370928e-06
1.0320000000001600e+02  1.0000242048028882e+00  9.9093453166918355e-01  1.0062613098626436e+00  1.0000556209109086e+00  9.9414748759611926e-01  1.0031979725517479e+00  -8.2923707778896774e-07  -2.2310890069629503e-05  2.2689134478159534e-05  9.9999158931895704e-01  9.9859638238851489e-01  1.0012289523956068e+00  1.0000088767005182e+00  9.9928251012759672e-01  1.0005771080890986e+00  -9.1649213729221048e-08  -9.8809746615641525e-07  1.3437421785827886e-06
1.0400000000001600e+02  1.0000250782422508e+00  9.9091192226975378e-01  1.0062424011390125e+00  1.0000566382928264e+00  9.9411598988815530e-01  1.0031876649032005e+00  -8.4393054282112467e-07  -2.1692326035553371e-05  2.2744812945928275e-05  9.9999143468076701e-01  9.9859455212369186e-01  1.0012269287684314e+00  1.0000090804652850e+00  9.9928080650299922e-01  1.0005768942185587e+00  -7.0922703111932096e-08  -1.7922486132069922e-06  1.5044795542424959e-06
1.0480000000001699e+02  1.0000259840974646e+00  9.9088885752194233e-01  1.0062242719586938e+00  1.0000576509486812e+00  9.9408442960873300e-01  1.0031760040088664e+00  -8.3582520948349315e-07  -2.1969062655475747e-05  2.3926960713988764e-05  9.9999128274072779e-01  9.9859271930480076e-01  1.0012248252242235e+00  1.0000092679120174e+00  9.9927847669018410e-01  1.0005773775051796e+00  -7.0945661781776464e-08  -1.3513279535183930e-06  1.2317396553793178e-06
1.0560000000001700e+02  1.0000269211709203e+00  9.9086533078069805e-01  1.0062060603646683e+00  1.0000586488018472e+00  9.9405342263432228e-01  1.0031637960000666e+00  -8.3987122434271430e-07  -2.2167748214613486e-05  2.3325083348975489e-05  9.9999112005797608e-01  9.9858997170329411e-01  1.0012237032713485e+00  1.0000094714861625e+00  9.9927773918317664e-01  1.0005760704608155e+00  -8.6789547046348911e-08  -9.8456313569017183e-07  1.5783982662761855e-06
1.0640000000001800e+02  1.0000278680791432e+00  9.9084205276179660e-01  1.0061868696145500e+00  1.0000596693481656e+00  9.9402171046045118e-01  1.0031531838146872e+00  -8.7213008984306340e-07  -2.2115373155299901e-05  2.2619589234104439e-05  9.9999094753911122e-01  9.9858716197562980e-01  1.0012227796445665e+00  1.0000097002770554e+00  9.9927753787209961e-01  1.0005737876275722e+00  -9.7003026491521533e-08  -1.4074193566029036e-06  1.5770843585438088e-06
1.0720000000001799e+02  1.0000288103825692e+00  9.9081844389534124e-01  1.0061678873849780e+00  1.0000607499519660e+00  9.9399024886219234e-01  1.0031423869553970e+00  -9.1900468264841457e-07  -2.2021148631416062e-05  2.3537187817062777e-05  9.9999077834219707e-01  9.9858466192049156e-01  1.0012214277985605e+00  1.0000099319271145e+00  9.9927679714712148e-01  1.0005720205723672e+00  -8.8711551881719337e-08  -7.1896080260577364e-07  1.1639034989163369e-06
1.0800000000001801e+02  1.0000297547213852e+00  9.9079449125143182e-01  1.0061494349830133e+00  1.0000618908974008e+00  9.9395946591148299e-01  1.0031301890521434e+00  -9.4844452484278427e-07  -2.1874670266111142e-05  2.4129543528350514e-05  9.9999061997316940e-01  9.9858231400806063e-01  1.0012195897276750e+00  1.0000101444631582e+00  9.9927558830401553e-01  1.0005712806791873e+00  -7.5416732943596067e-08  -1.4246337397316615e-06  1.2699949538741955e-06
1.0880000000001900e+02  1.0000307324979176e+00  9.9077083224479456e-01  1.0061308256465959e+00  1.0000630352343625e+00  9.9392810634519480e-01  1.0031177258172417e+00  -9.3024404736499329e-07  -2.2190600814086893e-05  2.4215911175289663e-05  9.9999046359530464e-01  9.9858039181257507e-01  1.0012172993233570e+00  1.0000103479404250e+00  9.9927329239915164e-01  1.0005717677069135e+00  -7.8184356667323845e-08  -9.1479546342842320e-07  1.4175358522251244e-06
1.0960000000001899e+02  1.0000317635504286e+00  9.9074712672955001e-01  1.0061122218094114e+00  1.0000641261850276e+00  9.9389650428284237e-01  1.0031049512974595e+00  -9.0324784616756664e-07  -2.2541056508644731e-05  2.4519872169476357e-05  9.9999029572130815e-01  9.9857827323692172e-01  1.0012155628427681e+00  1.0000105720159680e+00  9.9927089744360298e-01  1.0005715883958801e+00  -9.7369141170840072e-08  -1.1600786539597202e-06  1.2311285845567750e-06
1.1040000000002000e+02  1.0000328137650081e+00  9.9072333959554548e-01  1.0060933031412407e+00  1.0000652104896366e+00  9.9386491923201425e-01  1.0030924577125460e+00  -9.3582546461882919e-07  -2.2150836388984502e-05  2.3853359697935286e-05  9.9999011574746399e-01  9.9857539841515897e-01  1.0012146143319254e+00  1.0000108277880511e+00  9.9926991268476373e-01  1.0005695779382908e+00  -1.1220319385659283e-07  -1.0953056008584907e-06  1.6759069306172402e-06
1.1120000000002000e+02  1.0000338459237588e+00  9.9069992432124176e-01  1.0060735975959927e+00  1.0000663757859738e+00  9.9383240569314590e-01  1.0030814486134145e+00  -9.9823040488756876e-07  -2.1920672854197865e-05  2.3189769990941038e-05  9.9998993663775437e-01  9.9857264522965139e-01  1.0012130927220784e+00  1.0000110937922702e+00  9.9926906181538711e-01  1.0005680885101702e+00  -1.0832374058064370e-07  -1.0683415500981899e-06  1.2317380553309729e-06
1.1200000000001999e+02  1.0000348844095539e+00  9.9067637374838247e-01  1.0060540875182316e+00  1.0000676024001378e+00  9.9379971466515382e-01  1.0030703361823397e+00  -1.0115601612295150e-06  -2.2312374651455312e-05  2.4026580503808180e-05  9.9998976642906690e-01  9.9857013198673028e-01  1.0012110788384441e+00  1.0000113472550596e+00  9.9926766081540785e-01  1.0005677588138120e+00  -9.8971941109721729e-08  -1.1670272027026647e-06  1.0570242524495082e-06
1.1280000000002100e+02  1.0000359733939803e+00  9.9065264714075973e-01  1.0060350772197184e+00  1.0000687992058532e+00  9.9376728956474802e-01  1.0030579948763849e+00  -9.7672564464153869e-07  -2.2628056380460096e-05  2.4435325242648249e-05  9.9998959670455689e-01  9.9856728848371878e-01  1.0012095749205618e+00  1.0000115972586094e+00  9.9926672284358886e-01  1.0005667084938814e+00  -1.0403625216467052e-07  -1.5233190722981683e-06  1.2305372967002643e-06
1.1360000000002100e+02  1.0000371161753998e+00  9.9062945432616767e-01  1.0060155914352540e+00  1.0000699328176714e+00  9.9373374340124432e-01  1.0030460549836049e+00  -9.5002008539589634e-07  -2.2489229264052727e-05  2.3913578464248629e-05  9.9998941813979703e-01  9.9856465449176113e-01  1.0012080949868349e+00  1.0000118652780188e+00  9.9926545523532173e-01  1.0005653580095066e+00  -1.1622377067337392e-07  -1.1204189562597880e-06  1.2326876520136690e-06
1.1440000000002200e+02  1.0000382818265527e+00  9.9060612538694770e-01  1.0059958584669004e+00  1.0000710509664039e+00  9.9369986589044013e-01  1.0030345359951203e+00  -9.6801187915740316e-07  -2.2497850549963266e-05  2.4185082313633817e-05  9.9998923796878303e-01  9.9856218004847364e-01  1.0012064155813758e+00  1.0000121441350545e+00  9.9926361224628346e-01  1.0005643401831610e+00  -1.1335279866287708e-07  -1.1691961622538774e-06  1.1816823731331266e-06
1.1520000000002200e+02  1.0000394415268303e+00  9.9058196732238901e-01  1.0059764419562438e+00  1.0000722227761754e+00  9.9366747780986231e-01  1.0030222903849042e+00  -1.0179827706033920e-06  -2.2989412021973302e-05  2.4675637142958961e-05  9.9998906893060358e-01  9.9855919173828100e-01  1.0012049129228666e+00  1.0000124062551672e+00  9.9926256950303827e-01  1.0005629882935647e+00  -9.6769077015915722e-08  -1.1592451504781915e-06  1.2858434926710172e-06
1.1600000000002200e+02  1.0000406044359680e+00  9.9055787840159915e-01  1.0059569219916340e+00  1.0000734554096851e+00  9.9363555978915064e-01  1.0030098719289653e+00  -1.0419937702116384e-06  -2.3360095630062767e-05  2.4546320952188426e-05  9.9998890806815943e-01  9.9855655402580923e-01  1.0012028120681309e+00  1.0000126482715403e+00  9.9926105111688535e-01  1.0005626614266079e+00  -9.0736553115905097e-08  -1.0662974869700688e-06  1.3669091486325453e-06
1.1680000000002300e+02  1.0000418106548286e+00  9.9053449066247246e-01  1.0059370826250720e+00  1.0000746772197622e+00  9.9360244262141628e-01  1.0029979137366238e+00  -1.0161644499377978e-06  -2.3211995240324308e-05  2.4318492482649578e-05  9.9998873992185122e-01  9.9855449264946372e-01  1.0012002462684229e+00  1.0000128993794362e+00  9.9925805227853903e-01  1.0005636606977857e+00  -1.0570549613955514e-07  -1.1478972743110740e-06  1.3616903711657840e-06
1.1760000000002300e+02  1.0000430724450089e+00  9.9051130069118087e-01  1.0059170687757575e+00  1.0000758428093910e+00  9.9356832999663913e-01  1.0029863073819711e+00  -9.9068207436978248e-07  -2.3043029276506623e-05  2.4253366264054824e-05  9.9998855824684352e-01  9.9855145871767836e-01  1.0011987887101894e+00  1.0000131815074540e+00  9.9925641191006409e-01  1.0005628823224626e+00  -1.2338187013760880e-07  -1.1174512526569944e-06  1.7567640009148059e-06
1.1840000000002399e+02  1.0000443625652424e+00  9.9048760303004735e-01  1.0058970958925699e+00  1.0000769894368169e+00  9.9353472109732432e-01  1.0029745956384222e+00  -1.0014537715197680e-06  -2.3069562358214255e-05  2.4581185930840444e-05  9.9998837536226426e-01  9.9854770316792196e-01  1.0011980399672393e+00  1.0000134781631353e+00  9.9925662525327008e-01  1.0005600575294016e+00  -1.1960137479028136e-07  -1.3004322627689096e-06  2.0849627221972909e-06
1.1920000000002400e+02  1.0000456597256182e+00  9.9046355006487585e-01  1.0058772032263310e+00  1.0000781676016832e+00  9.9350199933031991e-01  1.0029624623731996e+00  -1.0346352450991571e-06  -2.3089329111573808e-05  2.4730051615692107e-05  9.9998820801348920e-01  9.9854484575557734e-01  1.0011964533578479e+00  1.0000137512985816e+00  9.9925554400100847e-01  1.0005582295665834e+00  -9.5865958386500657e-08  -9.9565541360067574e-07  1.6939080998433725e-06
1.2000000000002400e+02  1.0000469622994539e+00  9.9044010422135409e-01  1.0058569556093058e+00  1.0000793970211419e+00  9.9346834731908940e-01  1.0029507054891205e+00  -1.0712266129353137e-06  -2.3076284536562894e-05  2.4353747365343788e-05  9.9998805355414122e-01  9.9854253601256526e-01  1.0011942983147768e+00  1.0000139929614340e+00  9.9925285587830026e-01  1.0005578175744227e+00  -8.5109037816408550e-08  -1.0713707254692207e-06  1.6035330844702118e-06
1.2080000000002499e+02  1.0000482809930342e+00  9.9041707312516103e-01  1.0058365853304272e+00  1.0000806673923717e+00  9.9343345531805483e-01  1.0029392137861988e+00  -1.0913139939555610e-06  -2.3182628582291855e-05  2.4703317409834473e-05  9.9998788887229173e-01  9.9853948272935256e-01  1.0011925762299916e+00  1.0000142456277099e+00  9.9925105071220455e-01  1.0005569540096853e+00  -1.0737359324705590e-07  -1.0062261478020996e-06  1.3081870387587065e-06
1.2160000000002501e+02  1.0000496330346256e+00  9.9039342549481435e-01  1.0058167036379262e+00  1.0000819438223871e+00  9.9339933836873962e-01  1.0029266869125439e+00  -1.0896382238344075e-06  -2.3334851690384251e-05  2.5500257519009351e-05  9.9998770367537726e-01  9.9853564471823775e-01  1.0011912662641047e+00  1.0000145440042818e+00  9.9925097985960720e-01  1.0005551200118987e+00  -1.3305515456102708e-07  -9.2670156640730439e-07  1.6321080519693980e-06
1.2240000000002600e+02  1.0000510206082014e+00  9.9036946577810692e-01  1.0057968328544227e+00  1.0000832102072084e+00  9.9336606252657778e-01  1.0029136545139434e+00  -1.0931231362190798e-06  -2.3452375586898325e-05  2.5338732007482631e-05  9.9998751705590094e-01  9.9853202057366763e-01  1.0011896404858664e+00  1.0000148621195994e+00  9.9925098069996143e-01  1.0005535690297158e+00  -1.2858037784555249e-07  -1.1493721661862299e-06  1.2831631680559290e-06
1.2320000000002599e+02  1.0000524264086010e+00  9.9034593806252025e-01  1.0057763690410297e+00  1.0000844949428553e+00  9.9333227775351030e-01  1.0029015117695295e+00  -1.1220560071166360e-06  -2.3849238869567099e-05  2.4736148224971951e-05  9.9998734659023913e-01  9.9852949085189069e-01  1.0011872565177202e+00  1.0000151569696758e+00  9.9924878809262740e-01  1.0005535766124383e+00  -1.0783877619850900e-07  -9.2431466739290633e-07  1.6377179268555255e-06
1.2400000000002700e+02  1.0000538397558114e+00  9.9032264074920640e-01  1.0057556767167581e+00  1.0000858291108281e+00  9.9329810961745846e-01  1.0028899472222834e+00  -1.1584191985938732e-06  -2.4270436852985423e-05  2.4821932889270412e-05  9.9998718661047958e-01  9.9852738784821704e-01  1.0011847763453574e+00  1.0000154261458998e+00  9.9924489802654448e-01  1.0005543013107612e+00  -9.7577879939797256e-08  -9.9685171973361611e-07  1.6417712894356566e-06
1.2480000000002700e+02  1.0000552747984979e+00  9.9029922602026010e-01  1.0057352435587741e+00  1.0000871967364331e+00  9.9326409579968988e-01  1.0028779021435628e+00  -1.1692994977144896e-06  -2.4622750322076222e-05  2.5275906387672963e-05  9.9998702486634095e-01  9.9852399974589268e-01  1.0011832873038189e+00  1.0000156923577515e+00  9.9924287112028276e-01  1.0005533010661700e+00  -1.0252565657293806e-07  -1.0788771909310980e-06  1.8057772538537833e-06
1.2560000000002699e+02  1.0000567526749362e+00  9.9027580847351626e-01  1.0057148254119794e+00  1.0000885516132583e+00  9.9322993533508730e-01  1.0028655587876116e+00  -1.1560845272387364e-06  -2.4973331881588010e-05  2.5229568519985851e-05  9.9998685301698909e-01  9.9851964650996194e-01  1.0011823137540217e+00  1.0000159784981020e+00  9.9924330357365987e-01  1.0005506700777498e+00  -1.1998745932418836e-07  -9.3984943926517655e-07  1.9718991814203719e-06
1.2640000000002800e+02  1.0000582715323700e+00  9.9025247582112819e-01  1.0056940956694511e+00  1.0000898817343598e+00  9.9319555057568443e-01  1.0028536251102422e+00  -1.1540168786365193e-06  -2.5105371415204515e-05  2.4988608764417990e-05  9.9998667124359619e-01  9.9851617664736825e-01  1.0011804544532183e+00  1.0000162927628089e+00  9.9924266847637633e-01  1.0005492433418026e+00  -1.3156721117528439e-07  -1.3197566893193216e-06  1.4629614595051074e-06
1.2720000000002800e+02  1.0000598100396700e+00  9.9022915826181179e-01  1.0056732252782181e+00  1.0000912247487408e+00  9.9316137035570684e-01  1.0028419702582609e+00  -1.1821000542603136e-06  -2.5317315002688012e-05  2.4986349535638075e-05  9.9998649478602819e-01  9.9851343563005790e-01  1.0011779901114657e+00  1.0000166082950246e+00  9.9924014724800581e-01  1.0005493967069219e+00  -1.2076641590997198e-07  -8.2949361563069976e-07  1.7369173917177864e-06
1.2800000000002899e+02  1.0000613551849189e+00  9.9020586736063143e-01  1.0056524145381669e+00  1.0000926186623571e+00  9.9312743604076514e-01  1.0028302120230850e+00  -1.2231628507529521e-06  -2.5879824916987574e-05  2.5241661291345062e-05  9.9998632857914527e-01  9.9851019665463259e-01  1.0011761939994221e+00  1.0000169057408632e+00  9.9923795131723858e-01  1.0005487058522202e+00  -1.1406543827983209e-07  -1.1518933904553195e-06  1.4881522189435713e-06
1.2880000000002801e+02  1.0000629146023767e+00  9.9018250830883792e-01  1.0056318728605065e+00  1.0000940620553600e+00  9.9309372298323861e-01  1.0028178371080594e+00  -1.2509608209564877e-06  -2.6276771873060748e-05  2.5760519967928998e-05  9.9998615573322891e-01  9.9850643975479658e-01  1.0011750498130663e+00  1.0000172127215721e+00  9.9923676320151344e-01  1.0005464344400343e+00  -1.2999895086493973e-07  -9.8592476766237755e-07  2.0409717810446607e-06
1.2960000000002699e+02  1.0000645047662586e+00  9.9015928712457923e-01  1.0056113415033126e+00  1.0000955245421752e+00  9.9305986178791128e-01  1.0028051392445769e+00  -1.2580528217386965e-06  -2.6502959300783912e-05  2.5552831364274788e-05  9.9998597104501941e-01  9.9850274647677673e-01  1.0011734772832055e+00  1.0000175487420404e+00  9.9923566155722965e-01  1.0005444746208816e+00  -1.4415241434377510e-07  -1.2712257066558503e-06  1.6183533335699476e-06
1.3040000000002601e+02  1.0000661342117609e+00  9.9013643444474597e-01  1.0055902463175930e+00  1.0000969811234837e+00  9.9302541687647761e-01  1.0027934011474142e+00  -1.2575118380597084e-06  -2.6906094941959127e-05  2.4930208190223823e-05  9.9998578610384037e-01  9.9849944163867010e-01  1.0011711580289990e+00  1.0000178965849855e+00  9.9923372569385649e-01  1.0005440818770643e+00  -1.4407106079719721e-07  -1.3182688891251776e-06  1.4780001309614084e-06
1.3120000000002599e+02  1.0000677971927616e+00  9.9011329650642255e-01  1.0055692096671509e+00  1.0000984344150501e+00  9.9299162620110237e-01  1.0027818303503988e+00  -1.2673702334132981e-06  -2.7143900422241268e-05  2.5503313549949655e-05  9.9998560704844164e-01  9.9849605169080580e-01  1.0011690619414131e+00  1.0000182393433164e+00  9.9923156741358987e-01  1.0005437356100562e+00  -1.3750738929470269e-07  -1.1321604774676003e-06  1.4873780182046387e-06
1.3200000000002501e+02  1.0000694822116700e+00  9.9008990699865884e-01  1.0055486906429294e+00  1.0000999069669523e+00  9.9295884376608246e-01  1.0027691776279044e+00  -1.2923975295118899e-06  -2.7272277927704284e-05  2.5907490650914403e-05  9.9998543464613898e-01  9.9849223745150051e-01  1.0011674097282626e+00  1.0000185703640274e+00  9.9923010886971475e-01  1.0005424731592893e+00  -1.2922390372503777e-07  -1.2140571844081399e-06  1.5857184625995104e-06
1.3280000000002400e+02  1.0000711830350912e+00  9.9006737501987463e-01  1.0055276603332333e+00  1.0001014190410729e+00  9.9292484379774248e-01  1.0027571344516097e+00  -1.3266625100655067e-06  -2.7775589669434962e-05  2.4962782608544670e-05  9.9998526422828837e-01  9.9848864589051223e-01  1.0011654056096775e+00  1.0000188956144793e+00  9.9922832640472836e-01  1.0005416372484464e+00  -1.3129082966056423e-07  -9.2654351015812825e-07  1.2916171662122322e-06
1.3360000000002299e+02  1.0000729022563106e+00  9.9004528473068631e-01  1.0055061873238524e+00  1.0001029752244357e+00  9.9288960533010329e-01  1.0027461992862752e+00  -1.3553549308804105e-06  -2.8244739698912015e-05  2.5008438456890137e-05  9.9998508630999594e-01  9.9848518486594262e-01  1.0011634026680358e+00  1.0000192359184823e+00  9.9922602045842224e-01  1.0005409609808558e+00  -1.4431704944016782e-07  -1.6368786945723331e-06  1.8473793007988134e-06
1.3440000000002300e+02  1.0000746556017537e+00  9.9002229849058765e-01  1.0054854970032991e+00  1.0001045483961302e+00  9.9285588526683388e-01  1.0027339864568818e+00  -1.3580292384579957e-06  -2.8334520674550719e-05  2.6203151456976677e-05  9.9998490361159820e-01  9.9848112945648704e-01  1.0011619385987507e+00  1.0000195931727296e+00  9.9922464306013681e-01  1.0005391996681863e+00  -1.4845717112966476e-07  -1.0656483055001088e-06  1.8221322382314489e-06
1.3520000000002199e+02  1.0000764559050981e+00  9.8999896969049506e-01  1.0054649700811829e+00  1.0001061026340423e+00  9.9282361091834026e-01  1.0027208932316596e+00  -1.3508407398940322e-06  -2.8633474589519812e-05  2.5862398699578656e-05  9.9998472552251605e-01  9.9847697117708378e-01  1.0011602379396487e+00  1.0000199490274109e+00  9.9922369905403985e-01  1.0005375175604798e+00  -1.4370350893831866e-07  -1.3212386316535753e-06  1.5061576408413455e-06
1.3600000000002100e+02  1.0000782874489054e+00  9.8997651705694167e-01  1.0054435114805411e+00  1.0001076560688034e+00  9.9279027584862045e-01  1.0027092962410855e+00  -1.3733666002952575e-06  -2.9144167911152407e-05  2.4857328917882374e-05  9.9998455062461444e-01  9.9847352913061049e-01  1.0011578190659305e+00  1.0000203007484303e+00  9.9922135681459001e-01  1.0005372823008203e+00  -1.4300705554959610e-07  -1.0225718839628716e-06  1.8414555922822609e-06
1.3680000000002099e+02  1.0000801309956846e+00  9.8995444231608110e-01  1.0054220013468029e+00  1.0001092549863304e+00  9.9275604375983628e-01  1.0026982172944170e+00  -1.4130101693141711e-06  -2.9332523724134013e-05  2.5324629458390762e-05  9.9998437571620957e-01  9.9847026747400491e-01  1.0011553815895731e+00  1.0000206541142977e+00  9.9921806491010168e-01  1.0005375468528008e+00  -1.4328513586676539e-07  -1.1370839676319889e-06  1.6160846578157101e-06
1.3760000000002000e+02  1.0000819981755378e+00  9.8993191677599768e-01  1.0054011339814803e+00  1.0001108929238360e+00  9.9272274789881920e-01  1.0026859495064115e+00  -1.4311626735545497e-06  -2.9430831891690680e-05  2.5983782496584101e-05  9.9998420210091044e-01  9.9846606718889153e-01  1.0011537849628140e+00  1.0000210077322094e+00  9.9921619375657333e-01  1.0005363296643583e+00  -1.4310018590317481e-07  -1.3259625556102310e-06  2.0198231520718011e-06
1.3840000000001899e+02  1.0000839073077281e+00  9.8990938194423783e-01  1.0053801400379059e+00  1.0001125320940738e+00  9.9269013296155639e-01  1.0026735071677078e+00  -1.4311526356829773e-06  -2.9860374519936496e-05  2.5538085626752506e-05  9.9998402714764612e-01  9.9846117345599705e-01  1.0011528565769321e+00  1.0000213662534443e+00  9.9921606649487682e-01  1.0005332807808622e+00  -1.4866412293328608e-07  -1.2760025121809713e-06  2.5799911662229355e-06
1.3920000000001801e+02  1.0000858599552620e+00  9.8988756419351476e-01  1.0053585194053107e+00  1.0001141586113305e+00  9.9265660846160542e-01  1.0026621974264289e+00  -1.4312228395895890e-06  -3.0330370085445334e-05  2.4812158343862645e-05  9.9998384892303327e-01  9.9845698347390066e-01  1.0011511988015540e+00  1.0000217356319345e+00  9.9921502026625642e-01  1.0005310119753332e+00  -1.5313823658223625e-07  -1.2600746437388038e-06  1.5909694844508201e-06
1.4000000000001799e+02  1.0000878477127850e+00  9.8986605021496266e-01  1.0053368328242727e+00  1.0001157840676462e+00  9.9262249069143360e-01  1.0026513403842867e+00  -1.4458015294481521e-06  -3.0515109154254051e-05  2.5145429428202247e-05  9.9998367415513223e-01  9.9845364439610396e-01  1.0011483802695020e+00  1.0000221045362254e+00  9.9921186392500561e-01  1.0005312894248766e+00  -1.4675829665723707e-07  -1.1221652247637492e-06  1.7102472386045581e-06
1.4080000000001701e+02  1.0000898572830965e+00  9.8984373591643737e-01  1.0053159126530977e+00  1.0001174383887199e+00  9.9259019564864737e-01  1.0026390628746855e+00  -1.4784969841834148e-06  -3.0787676477600535e-05  2.6295135410351312e-05  9.9998350663113755e-01  9.9844990663849864e-01  1.0011458149973937e+00  1.0000224614264517e+00  9.9920870176925347e-01  1.0005318772572946e+00  -1.4018329565466326e-07  -1.4210937510205415e-06  1.4823109543360319e-06
1.4160000000001600e+02  1.0000918895412605e+00  9.8982119318323780e-01  1.0052952219747993e+00  1.0001191314549811e+00  9.9255934974759408e-01  1.0026257860531829e+00  -1.5037724540261955e-06  -3.1404259581981737e-05  2.6061107153670966e-05  9.9998333798742445e-01  9.9844541030564982e-01  1.0011440547428674e+00  1.0000228190780045e+00  9.9920691166132258e-01  1.0005309564852185e+00  -1.4746327702197267e-07  -9.7781671626569417e-07  1.5061323549917825e-06
1.4240000000001501e+02  1.0000939581701882e+00  9.8979977056547208e-01  1.0052736108943106e+00  1.0001208398847883e+00  9.9252696283536257e-01  1.0026140099367513e+00  -1.5139728205648199e-06  -3.1850916316758712e-05  2.4819085920590312e-05  9.9998316112475694e-01  9.9844081443559329e-01  1.0011424055300293e+00  1.0000231958707562e+00  9.9920561223774496e-01  1.0005293699477833e+00  -1.5957784213899227e-07  -1.4619693549384205e-06  1.5724759057895490e-06
1.4320000000001500e+02  1.0000960659486424e+00  9.8977865024263834e-01  1.0052517670573373e+00  1.0001225512044503e+00  9.9249387488355423e-01  1.0026032066799075e+00  -1.5232473296918473e-06  -3.2121706388032655e-05  2.5018371568516715e-05  9.9998298347862069e-01  9.9843662737482408e-01  1.0011405215766542e+00  1.0000235832379705e+00  9.9920356427244461e-01  1.0005280048342362e+00  -1.5792222499665861e-07  -8.4638862501274158e-07  1.7363790198523733e-06
1.4400000000001401e+02  1.0000982092810493e+00  9.8975694350960419e-01  1.0052305737978358e+00  1.0001242691871510e+00  9.9246247228639639e-01  1.0025913990430202e+00  -1.5372429781124039e-06  -3.4210961910504231e-05  2.5593408665868941e-05  9.9998281385636645e-01  9.9843270043915122e-01  1.0011384511126302e+00  1.0000239607447221e+00  9.9920062946780230e-01  1.0005270480077308e+00  -1.4979761850223338e-07  -1.0891244428689489e-06  1.4233931568542066e-06
1.4480000000001300e+02  1.0001003833409621e+00  9.8973561480993855e-01  1.0052093161911877e+00  1.0001260049307203e+00  9.9243142068814227e-01  1.0025794672286870e+00  -1.5606351209416216e-06  -3.4862973611489200e-05  2.5228245788102775e-05  9.9998264646724022e-01  9.9842820180631653e-01  1.0011366280742826e+00  1.0000243334811252e+00  9.9919839823692169e-01  1.0005257222370114e+00  -1.5186106867233835e-07  -9.9967138508299313e-07  1.6657183043602894e-06
1.4560000000001301e+02  1.0001025833340713e+00  9.8971480438627202e-01  1.0051879409645130e+00  1.0001277725293614e+00  9.9239965227435745e-01  1.0025678233915876e+00  -1.5907106590783538e-06  -3.5854492259545063e-05  2.5355134067778818e-05  9.9998247551040365e-01  9.9842333105585623e-01  1.0011347898671112e+00  1.0000247147679615e+00  9.9919705532775926e-01  1.0005242347321559e+00  -1.5744164480111571e-07  -1.1192701679340346e-06  1.7356799993352723e-06
1.4640000000001200e+02  1.0001048097426641e+00  9.8969384347506928e-01  1.0051667377175766e+00  1.0001295768835985e+00  9.9236824165430937e-01  1.0025558868173481e+00  -1.6204542855633879e-06  -3.7289633770206788e-05  2.5194331830977463e-05  9.9998230315304970e-01  9.9841909882328017e-01  1.0011322056528638e+00  1.0000251039452204e+00  9.9919457061884354e-01  1.0005241953464650e+00  -1.6081929309319698e-07  -1.1101018300095368e-06  1.5406320619885493e-06
1.4720000000001099e+02  1.0001070667474403e+00  9.8967311905262878e-01  1.0051450328278209e+00  1.0001314129619066e+00  9.9233701520639683e-01  1.0025448990887764e+00  -1.6446151362534508e-06  -3.8396565687499403e-05  2.4416548495244020e-05  9.9998213190654228e-01  9.9841474828373689e-01  1.0011299170259016e+00  1.0000254964159438e+00  9.9919177404393300e-01  1.0005240920909777e+00  -1.5934157416664186e-07  -9.9395979830953358e-07  1.7445110047504380e-06
1.4800000000001000e+02  1.0001093590783809e+00  9.8965246342681390e-01  1.0051235244102557e+00  1.0001332701386612e+00  9.9230636781210768e-01  1.0025339347082698e+00  -1.6620951761232024e-06  -4.0314106146575132e-05  2.5268051129028846e-05  9.9998196740040568e-01  9.9840960603104290e-01  1.0011286572769900e+00  1.0000258798639439e+00  9.9919039532920995e-01  1.0005218485303975e+00  -1.4980409526630929e-07  -9.8743167967954203e-07  2.3449801809647139e-06
1.4880000000000999e+02  1.0001116894650335e+00  9.8963154401980458e-01  1.0051029056160441e+00  1.0001351394467464e+00  9.9227700660965446e-01  1.0025211449476068e+00  -1.6756741433256465e-06  -4.1743107049857087e-05  2.5979910826015132e-05  9.9998180734778597e-01  9.9840489883083006e-01  1.0011268684714782e+00  1.0000262538566496e+00  9.9918847952563450e-01  1.0005199350712164e+00  -1.5038114701565458e-07  -1.0786694186053206e-06  1.5981057734768868e-06
1.4960000000000900e+02  1.0001140565281230e+00  9.8961133212168928e-01  1.0050817333026922e+00  1.0001370213005094e+00  9.9224689012495182e-01  1.0025088631675736e+00  -1.6958630172375418e-06  -4.1758827133510998e-05  2.4712012512864076e-05  9.9998163923480821e-01  9.9840073290983999e-01  1.0011241079613022e+00  1.0000266433956457e+00  9.9918512374590607e-01  1.0005200857117766e+00  -1.6561318607994363e-07  -8.7074046238784750e-07  1.6031814707872641e-06
1.5040000000000799e+02  1.0001164505203266e+00  9.8959161355917225e-01  1.0050598407389293e+00  1.0001389366493210e+00  9.9221584049774014e-01  1.0024982726321601e+00  -1.7318899505789589e-06  -4.3113531022675212e-05  2.4291794070379541e-05  9.9998146533602594e-01  9.9839601971723635e-01  1.0011216913087175e+00  1.0000270526272925e+00  9.9918228574372692e-01  1.0005201778930757e+00  -1.7012283779080834e-07  -1.1699117043759908e-06  1.6749315291974999e-06
1.5120000000000701e+02  1.0001188707288295e+00  9.8957130760452139e-01  1.0050385742404522e+00  1.0001408955930586e+00  9.9218648926751762e-01  1.0024869612934322e+00  -1.7602823964630469e-06  -4.5474197139329389e-05  2.5115925688607082e-05  9.9998129905756628e-01  9.9839078597293163e-01  1.0011200339011226e+00  1.0000274559504887e+00  9.9918049697339184e-01  1.0005187571712340e+00  -1.6017283924404233e-07  -9.6133396909951779e-07  2.0092591606863784e-06
1.5200000000000699e+02  1.0001213322703069e+00  9.8955122213718394e-01  1.0050175172315525e+00  1.0001428709826994e+00  9.9215809960145618e-01  1.0024749921250222e+00  -1.7701923045688619e-06  -4.6208493422967716e-05  2.4819158664686028e-05  9.9998113912180731e-01  9.9838548148274631e-01  1.0011186958995171e+00  1.0000278476287412e+00  9.9917902710647410e-01  1.0005162315520115e+00  -1.5801929854583055e-07  -1.0893342942362758e-06  2.3141468528633122e-06
1.5280000000000601e+02  1.0001238368256142e+00  9.8953191816622488e-01  1.0049960528686488e+00  1.0001448513303597e+00  9.9212886657783717e-01  1.0024637183919607e+00  -1.7852611516616745e-06  -4.6909380891589137e-05  2.4525485570407538e-05  9.9998097482036941e-01  9.9838052021449220e-01  1.0011168301831179e+00  1.0000282472831561e+00  9.9917690201824960e-01  1.0005143092208069e+00  -1.6770411868183948e-07  -1.1367385507893211e-06  1.4287278252563056e-06
1.5360000000000500e+02  1.0001263755499610e+00  9.8951243522662702e-01  1.0049748501129818e+00  1.0001468528386153e+00  9.9210017260159400e-01  1.0024521475083721e+00  -1.8108959533315587e-06  -4.8602728332490184e-05  2.4808282857483547e-05  9.9998080462826278e-01  9.9837612637764539e-01  1.0011139151400859e+00  1.0000286639295557e+00  9.9917329388273191e-01  1.0005146397677578e+00  -1.7691599595320117e-07  -1.0463603991093940e-06  1.8314744576727825e-06
1.5440000000000501e+02  1.0001289454968783e+00  9.8949313628396529e-01  1.0049534668281657e+00  1.0001488870685447e+00  9.9207203268328303e-01  1.0024407991516924e+00  -1.8398621504891570e-06  -4.9327954571968620e-05  2.4061552547189215e-05  9.9998063282582628e-01  9.9837136268046289e-01  1.0011111736663008e+00  1.0000290920535932e+00  9.9916973628055061e-01  1.0005154031151855e+00  -1.8090852915169360e-07  -1.0926690263537032e-06  1.4842455813428122e-06
1.5520000000000400e+02  1.0001315512423492e+00  9.8947448691002327e-01  1.0049317769578585e+00  1.0001509496138237e+00  9.9204346504193741e-01  1.0024302554785480e+00  -1.8588417426147639e-06  -5.0349701857531331e-05  2.4116394940134399e-05  9.9998046448335387e-01  9.9836560139530361e-01  1.0011097153841488e+00  1.0000295205992249e+00  9.9916804136759674e-01  1.0005137511747988e+00  -1.7633132662389502e-07  -9.8415626004066052e-07  2.4501732538725411e-06
1.5600000000000301e+02  1.0001342035544365e+00  9.8945547405963363e-01  1.0049109038192248e+00  1.0001530185918779e+00  9.9201620276732760e-01  1.0024183803661137e+00  -1.8654157041642517e-06  -5.2491585063932803e-05  2.5158979195071339e-05  9.9998030303757379e-01  9.9835987531103199e-01  1.0011084756509132e+00  1.0000299387918594e+00  9.9916673846380855e-01  1.0005108715482807e+00  -1.7007366158383173e-07  -1.0068618998388208e-06  2.2388083675052581e-06
1.5680000000000200e+02  1.0001369011132497e+00  9.8943647132237211e-01  1.0048900944189685e+00  1.0001550901769942e+00  9.9199017308267379e-01  1.0024059068001170e+00  -1.8803664994755710e-06  -5.3323250208784428e-05  2.4481466722347159e-05  9.9998014104347233e-01  9.9835482079084192e-01  1.0011063149752712e+00  1.0000303573510854e+00  9.9916407543479813e-01  1.0005094005989099e+00  -1.7748031566575451e-07  -1.2210526135216810e-06  1.6259188770909709e-06
1.5760000000000201e+02  1.0001396318984035e+00  9.8941846277777434e-01  1.0048683987610993e+00  1.0001571872976289e+00  9.9196324679275849e-01  1.0023950881382910e+00  -1.9116444456033321e-06  -5.3485673700072095e-05  2.3469550287633947e-05  9.9997997058063615e-01  9.9834991614061974e-01  1.0011035039096867e+00  1.0000307958310899e+00  9.9916055987722407e-01  1.0005096186732672e+00  -1.9101976336101731e-07  -9.3387602760310803e-07  1.9089288846908699e-06
1.5840000000000100e+02  1.0001423898098207e+00  9.8940058911598661e-01  1.0048468639740624e+00  1.0001593292792421e+00  9.9193633402107273e-01  1.0023845447640476e+00  -1.9476850705338928e-06  -5.5019364434143165e-05  2.3963811288375277e-05  9.9997979781291924e-01  9.9834459764394057e-01  1.0011009854377713e+00  1.0000312484718541e+00  9.9915739572289597e-01  1.0005098290579812e+00  -1.9286426150647061e-07  -1.1485930855892642e-06  1.6120797217043932e-06
1.5919999999999999e+02  1.0001451840318274e+00  9.8938232753815181e-01  1.0048259695893120e+00  1.0001615058594151e+00  9.9191094794060286e-01  1.0023728519141557e+00  -1.9670859490483638e-06  -5.6552664896397485e-05  2.4376306278143257e-05  9.9997963169237836e-01  9.9833857494899159e-01  1.0010994900248895e+00  1.0000316956362036e+00  9.9915555582900362e-01  1.0005080385684479e+00  -1.8589866120650468e-07  -9.7143823721498546e-07  2.4814164312500323e-06
1.5999999999999901e+02  1.0001480258080955e+00  9.8936466100113707e-01  1.0048049377357793e+00  1.0001636923796844e+00  9.9188588358237817e-01  1.0023611617287167e+00  -1.9794584254002317e-06  -5.6994835943952552e-05  2.3885421716561783e-05  9.9997947039673585e-01  9.9833256203257958e-01  1.0010981528802880e+00  1.0000321347143331e+00  9.9915401772096402e-01  1.0005052354014590e+00  -1.8369604665457667e-07  -1.1371874716109425e-06  2.1412183043421478e-06
1.6079999999999899e+02  1.0001509073571411e+00  9.8934773715309432e-01  1.0047836233051550e+00  1.0001658968465703e+00  9.9186043659561052e-01  1.0023501123569958e+00  -2.0027402742065770e-06  -5.7706032186429574e-05  2.3574969820469468e-05  9.9997930848296690e-01  9.9832740910564488e-01  1.0010957818764561e+00  1.0000325756442556e+00  9.9915071265263666e-01  1.0005041405846524e+00  -1.8685554023334359e-07  -1.0918703449805104e-06  1.7620950069653621e-06
1.6159999999999800e+02  1.0001538278825408e+00  9.8933080128901874e-01  1.0047624366810135e+00  1.0001681230776862e+00  9.9183555677324320e-01  1.0023390645214219e+00  -2.0172833373430748e-06  -5.8929246657310480e-05  2.3620996957385984e-05  9.9997914465244553e-01  9.9832237149184333e-01  1.0010929198377982e+00  1.0000330237198913e+00  9.9914641846800534e-01  1.0005045476317380e+00  -1.9206024393702482e-07  -1.2132392534957174e-06  1.7780712270148158e-06
1.6239999999999699e+02  1.0001567934060764e+00  9.8931378300349471e-01  1.0047413803987679e+00  1.0001703590084658e+00  9.9181156290484951e-01  1.0023278571928267e+00  -2.0349020258798680e-06  -6.0065557028911368e-05  2.3570412623086645e-05  9.9997897904977462e-01  9.9831645192586527e-01  1.0010905065945970e+00  1.0000334805950519e+00  9.9914338228979227e-01  1.0005045398452579e+00  -1.9607577171199525e-07  -1.1636391181175696e-06  1.4526226512962281e-06
1.6319999999999700e+02  1.0001597882126152e+00  9.8929699438750762e-01  1.0047203670648390e+00  1.0001726348547346e+00  9.9178834179679909e-01  1.0023166292910675e+00  -2.0804258735565622e-06  -6.1088937245791172e-05  2.3474876499748990e-05  9.9997881684147538e-01  9.9830992760719839e-01  1.0010887508836928e+00  1.0000339371514215e+00  9.9914176130679277e-01  1.0005031460733742e+00  -1.9040911422123432e-07  -1.3704715082988117e-06  2.0995633951246693e-06
1.6399999999999599e+02  1.0001628057047176e+00  9.8928075853558561e-01  1.0046993366846153e+00  1.0001749760151695e+00  9.9176550621082504e-01  1.0023055123902385e+00  -2.1214235771400607e-06  -6.1635643669806720e-05  2.3211909574183640e-05  9.9997866327753970e-01  9.9830356194823389e-01  1.0010873202906609e+00  1.0000343797043199e+00  9.9914013125041856e-01  1.0005006438200617e+00  -1.8052222352491912e-07  -1.3552887903068601e-06  2.3456345398619632e-06
1.6479999999999501e+02  1.0001658668471851e+00  9.8926513398727545e-01  1.0046781978999091e+00  1.0001773473267241e+00  9.9174248204423454e-01  1.0022947517501017e+00  -2.1312150100765511e-06  -6.2087022245016786e-05  2.2919501981307489e-05  9.9997851365276302e-01  9.9829787285819338e-01  1.0010853114756395e+00  1.0000348128745429e+00  9.9913704197558362e-01  1.0004988637353045e+00  -1.8009842852745697e-07  -1.0566699971441378e-06  1.7093894658798886e-06
1.6559999999999400e+02  1.0001689818226978e+00  9.8924956042520873e-01  1.0046571603619319e+00  1.0001797172820408e+00  9.9171991186040132e-01  1.0022840231888175e+00  -2.1395429654629657e-06  -6.3243378291754818e-05  2.3005325499207300e-05  9.9997835844764404e-01  9.9829253518983996e-01  1.0010825603957227e+00  1.0000352567011448e+00  9.9913258661041982e-01  1.0004987911630603e+00  -1.9291455433170922e-07  -1.1912787098265711e-06  1.8761629392368730e-06
1.6639999999999401e+02  1.0001721341174286e+00  9.8923384534484649e-01  1.0046363992349248e+00  1.0001821119604513e+00  9.9169863095930999e-01  1.0022728637706968e+00  -2.1753512468322386e-06  -6.4443085717888983e-05  2.3156951812031613e-05  9.9997819477985372e-01  9.9828641864637502e-01  1.0010801848989082e+00  1.0000357237551756e+00  9.9912902198855791e-01  1.0004985247562550e+00  -2.0497724549236917e-07  -1.1349394750164353e-06  1.7431102811536950e-06
1.6719999999999300e+02  1.0001753116062577e+00  9.8921860597726086e-01  1.0046156652508076e+00  1.0001845659718462e+00  9.9167797583011585e-01  1.0022616202074643e+00  -2.2196915818895252e-06  -6.4888495642119015e-05  2.2887704470056000e-05  9.9997803410326425e-01  9.9827954548150211e-01  1.0010784521868479e+00  1.0000361960254414e+00  9.9912708236471437e-01  1.0004969026065329e+00  -1.9801266871190787e-07  -1.2658442898756913e-06  2.0089790227891421e-06
1.6799999999999201e+02  1.0001785249392308e+00  9.8920411997151436e-01  1.0045947305395047e+00  1.0001870683932172e+00  9.9165712450319476e-01  1.0022508589000967e+00  -2.2448320073737400e-06  -6.5169653367290838e-05  2.2449436827388807e-05  9.9997788563813050e-01  9.9827300443702438e-01  1.0010765692025489e+00  1.0000366489652777e+00  9.9912481966438882e-01  1.0004951605883659e+00  -1.8534647751929391e-07  -1.1233366988288580e-06  1.6879087851384653e-06
1.6879999999999100e+02  1.0001817882096375e+00  9.8918996899409584e-01  1.0045737572653295e+00  1.0001895878206586e+00  9.9163648305966179e-01  1.0022404302909893e+00  -2.2542945926064091e-06  -6.5920942241329617e-05  2.2315360778991164e-05  9.9997773949781443e-01  9.9826700137273172e-01  1.0010742182499304e+00  1.0000370941514938e+00  9.9912122842577700e-01  1.0004942737563305e+00  -1.8988330350985162e-07  -1.2542917130950838e-06  1.8611285560518152e-06
1.6959999999999101e+02  1.0001851034157563e+00  9.8917589013534757e-01  1.0045529852013722e+00  1.0001921127928419e+00  9.9161671578026367e-01  1.0022298101825657e+00  -2.2648785572540825e-06  -6.6881980295206133e-05  2.2445882427526431e-05  9.9997758419745753e-01  9.9826105080407224e-01  1.0010715451087639e+00  1.0000375580454022e+00  9.9911693255242029e-01  1.0004942778278290e+00  -2.0553303414656736e-07  -9.8560381250160613e-07  1.7995350318117470e-06
1.7039999999999000e+02  1.0001884633620133e+00  9.8916198082295970e-01  1.0045324283721317e+00  1.0001946552767169e+00  9.9159792061984686e-01  1.0022188068423514e+00  -2.2877127158167119e-06  -6.7750855277095667e-05  2.2540699071735976e-05  9.9997742222445773e-01  9.9825445483460784e-01  1.0010692862520332e+00  1.0000380439899110e+00  9.9911343329280911e-01  1.0004938027823511e+00  -2.1519052509514015e-07  -1.0544677903243768e-06  1.7051357455095587e-06
1.7119999999998899e+02  1.0001918587628102e+00  9.8914838905524127e-01  1.0045118960068342e+00  1.0001972369062284e+00  9.9157986255773678e-01  1.0022077267223741e+00  -2.3221314697741101e-06  -6.8334956980282941e-05  2.2298929574253149e-05  9.9997726170366918e-01  9.9824701474349031e-01  1.0010678696691935e+00  1.0000385373258198e+00  9.9911168845796672e-01  1.0004914743244941e+00  -2.1545002915487377e-07  -1.4370388737656761e-06  2.5802737558277594e-06
1.7199999999998900e+02  1.0001952888175476e+00  9.8913538201259898e-01  1.0044911420309279e+00  1.0001998662524922e+00  9.9156196259510354e-01  1.0021971482746344e+00  -2.3535547483346851e-06  -6.8508655119565599e-05  2.1782530889582809e-05  9.9997710489716518e-01  9.9824002259899380e-01  1.0010659998987539e+00  1.0000390291910533e+00  9.9910949082405232e-01  1.0004893853038777e+00  -2.1478728506551729e-07  -1.2648077118579879e-06  1.8070992630197604e-06
1.7279999999998799e+02  1.0001987636465919e+00  9.8912297568418250e-01  1.0044702996694510e+00  1.0002025277056925e+00  9.9154405602890039e-01  1.0021870139623321e+00  -2.3700925491928486e-06  -6.8940991944331661e-05  2.1639406057546576e-05  9.9997694881436272e-01  9.9823403106766151e-01  1.0010630922040780e+00  1.0000395226866283e+00  9.9910492510914251e-01  1.0004894734266645e+00  -2.1720420902244302e-07  -1.1142993063793341e-06  1.7634683604767973e-06
1.7359999999998701e+02  1.0002022930840222e+00  9.8911074256481246e-01  1.0044497273990178e+00  1.0002051986283960e+00  9.9152696682669761e-01  1.0021765805329936e+00  -2.3758486984660981e-06  -6.9881716422123724e-05  2.1849881131083939e-05  9.9997679238196380e-01  9.9822748349358792e-01  1.0010606856299451e+00  1.0000400206321265e+00  9.9910047746186070e-01  1.0004892662125933e+00  -2.2002988903186815e-07  -1.0292230608852981e-06  1.6439088063606059e-06
1.7439999999998599e+02  1.0002058753723277e+00  9.8909862838336737e-01  1.0044293546497669e+00  1.0002078751882559e+00  9.9151096443435560e-01  1.0021657639158366e+00  -2.3886133997078005e-06  -7.0587834075605763e-05  2.1883617527162442e-05  9.9997663552453786e-01  9.9821986495995874e-01  1.0010591163016802e+00  1.0000405237810384e+00  9.9909802544480142e-01  1.0004872496442134e+00  -2.2393169138701355e-07  -1.0501259143090096e-06  2.2464929306025847e-06
1.7519999999998601e+02  1.0002094972652298e+00  9.8908687676008389e-01  1.0044090641181493e+00  1.0002105814855671e+00  9.9149557280937739e-01  1.0021547837384810e+00  -2.4202979423728231e-06  -7.1067927395773026e-05  2.1871002721279946e-05  9.9997647799292078e-01  9.9821249956351255e-01  1.0010570460166741e+00  1.0000410331848701e+00  9.9909548915806812e-01  1.0004856671459301e+00  -2.2701002857479851e-07  -1.0920669816855894e-06  1.6073034583630600e-06
1.7599999999998499e+02  1.0002131519570066e+00  9.8907557877066765e-01  1.0043887328779493e+00  1.0002133392502972e+00  9.9148069556206941e-01  1.0021438968091485e+00  -2.4554324100594268e-06  -7.1496955096955240e-05  2.1443726933282671e-05  9.9997632247235746e-01  9.9820580645397794e-01  1.0010543239417611e+00  1.0000415439912602e+00  9.9909137966177786e-01  1.0004855191878395e+00  -2.2587015878708945e-07  -1.1884117376919199e-06  1.7876545558102400e-06
1.7679999999998401e+02  1.0002168492381163e+00  9.8906496761630991e-01  1.0043679978920033e+00  1.0002161374297553e+00  9.9146610649867184e-01  1.0021339426747540e+00  -2.4763145139824023e-06  -7.1739826326124522e-05  2.0688350891552213e-05  9.9997616987464732e-01  9.9819904400492898e-01  1.0010517870256448e+00  1.0000420525840250e+00  9.9908670884910100e-01  1.0004854411555000e+00  -2.2548121480153927e-07  -1.1576357693679193e-06  1.5948662967183275e-06
1.7759999999998300e+02  1.0002205977305136e+00  9.8905486055912373e-01  1.0043473427246472e+00  1.0002189568699174e+00  9.9145199983632848e-01  1.0021243007420919e+00  -2.4903827195761844e-06  -7.2446168456201561e-05  2.1010963214861811e-05  9.9997601747344222e-01  9.9819152367675201e-01  1.0010499380065569e+00  1.0000425633116570e+00  9.9908310127373046e-01  1.0004840595842357e+00  -2.2819712026156073e-07  -1.3150843715439475e-06  2.2618800966327816e-06
1.7839999999998301e+02  1.0002243956878587e+00  9.8904475293187655e-01  1.0043274153087618e+00  1.0002217955838351e+00  9.9143918188895408e-01  1.0021134245177035e+00  -2.5061325508138455e-06  -7.3382139567035619e-05  2.1656523150761305e-05  9.9997586520152804e-01  9.9818331835319785e-01  1.0010484806644655e+00  1.0000430777227258e+00  9.9908098801273348e-01  1.0004814523258316e+00  -2.2958519225850748e-07  -1.1616392782499058e-06  2.4226466766905968e-06
1.7919999999998200e+02  1.0002282401148048e+00  9.8903496818030734e-01  1.0043074333631372e+00  1.0002246576301947e+00  9.9142721189771654e-01  1.0021023691198538e+00  -2.5250117467355757e-06  -7.3663294103727214e-05  2.0984396535812447e-05  9.9997571523423678e-01  9.9817568307171034e-01  1.0010461497422032e+00  1.0000435919383659e+00  9.9907806630432683e-01  1.0004801161438461e+00  -2.2824305972647183e-07  -1.1855641504825497e-06  1.9085845057833719e-06
1.7999999999998099e+02  1.0002321264159058e+00  9.8902589277684261e-01  1.0042869066728022e+00  1.0002275533422349e+00  9.9141546899296840e-01  1.0020925113046548e+00  -2.5529882580089391e-06  -7.4020551423728862e-05  2.0329754989210471e-05  9.9997556870010285e-01  9.9816896529008392e-01  1.0010429502961917e+00  1.0000441025487343e+00  9.9907280157441902e-01  1.0004809598165374e+00  -2.2579130362270096e-07  -1.2891163112966615e-06  1.9154070786214638e-06
1.8079999999998100e+02  1.0002360522240377e+00  9.8901723912300921e-01  1.0042666493596188e+00  1.0002304937795010e+00  9.9140463147119029e-01  1.0020826385897723e+00  -2.5816431038537420e-06  -7.4838720757286459e-05  2.0719955259664247e-05  9.9997542403037831e-01  9.9816155400002327e-01  1.0010407136945190e+00  1.0000446112996138e+00  9.9906790585183980e-01  1.0004806138094231e+00  -2.2723262889172914e-07  -1.1490043252113066e-06  2.0497477260110578e-06
1.8159999999998001e+02  1.0002400260489754e+00  9.8900897528766119e-01  1.0042468606609616e+00  1.0002334667915731e+00  9.9139477940322429e-01  1.0020719608132556e+00  -2.5964703172521383e-06  -7.5267926677075972e-05  2.0916273646836518e-05  9.9997527676372078e-01  9.9815305405354016e-01  1.0010394506609304e+00  1.0000451275359783e+00  9.9906509384170183e-01  1.0004779032397861e+00  -2.3492283761965763e-07  -1.1532243966335377e-06  2.6886301906755317e-06
1.8239999999997900e+02  1.0002440522077982e+00  9.8900126402111954e-01  1.0042269998410134e+00  1.0002364575552654e+00  9.9138521332972773e-01  1.0020613437142736e+00  -2.6104727667795146e-06  -7.5406802263184721e-05  2.0512098831230661e-05  9.9997512633835328e-01  9.9814480282732843e-01  1.0010374084655309e+00  1.0000456556999384e+00  9.9906220205904661e-01  1.0004759898098852e+00  -2.4067989579628122e-07  -1.1507093572079235e-06  1.6466282147351667e-06
1.8319999999997799e+02  1.0002481208423677e+00  9.8899402674004733e-01  1.0042068991349338e+00  1.0002394805683332e+00  9.9137595840393533e-01  1.0020513665814799e+00  -2.6389704721907833e-06  -7.5792664317425202e-05  1.9993671178135696e-05  9.9997497833004145e-01  9.9813712494278928e-01  1.0010344822925246e+00  1.0000461862763259e+00  9.9905791553211043e-01  1.0004760776911978e+00  -2.3815128718726189e-07  -1.4421472801601584e-06  1.9557427967333582e-06
1.8399999999997800e+02  1.0002522274669228e+00  9.8898720635305826e-01  1.0041867475329456e+00  1.0002425525200347e+00  9.9136754849330289e-01  1.0020418558630613e+00  -2.6701193254519765e-06  -7.6563537810809727e-05  1.9826045902318980e-05  9.9997483680848853e-01  9.9812941476055050e-01  1.0010318137553245e+00  1.0000467081711237e+00  9.9905303625644148e-01  1.0004762731464578e+00  -2.3153646844493902e-07  -1.2873905294207473e-06  1.6911084469002291e-06
1.8479999999997699e+02  1.0002563790416692e+00  9.8898068797464722e-01  1.0041669590852427e+00  1.0002456670701991e+00  9.9136053874546837e-01  1.0020319594462122e+00  -2.6932244817505018e-06  -7.7515644639269081e-05  2.0218733132145743e-05  9.9997469960190699e-01  9.9812111341362264e-01  1.0010300133339507e+00  1.0000472218675007e+00  9.9904884954682305e-01  1.0004748277225659e+00  -2.2990184411439368e-07  -1.2072742551467440e-06  2.4255219717990529e-06
1.8559999999997601e+02  1.0002605788785384e+00  9.8897466457263228e-01  1.0041474796867509e+00  1.0002488148515705e+00  9.9135450860238750e-01  1.0020214662465874e+00  -2.7133123461692165e-06  -7.7720725334617477e-05  2.0175188038140921e-05  9.9997455975255312e-01  9.9811214693251959e-01  1.0010285980315798e+00  1.0000477409124191e+00  9.9904596893921471e-01  1.0004720653736596e+00  -2.3864610382202598e-07  -1.2716039696691651e-06  2.4964685044282622e-06
1.8639999999997499e+02  1.0002648245896695e+00  9.8896953192113646e-01  1.0041277026282693e+00  1.0002519964798902e+00  9.9134825064000676e-01  1.0020115351700356e+00  -2.7357230320176446e-06  -7.7545236062977966e-05  1.9496574272428440e-05  9.9997441367673900e-01  9.9810363554615655e-01  1.0010261676464667e+00  1.0000482769974042e+00  9.9904241205403843e-01  1.0004708293011098e+00  -2.4918198753828305e-07  -1.4045230832425911e-06  1.9700633812609323e-06
1.8719999999997501e+02  1.0002691142338658e+00  9.8896477596071530e-01  1.0041078505199055e+00  1.0002552177682755e+00  9.9134248822014837e-01  1.0020021168371609e+00  -2.7619638937747626e-06  -7.8531582985296578e-05  1.9516587725522774e-05  9.9997426763555564e-01  9.9809588667917271e-01  1.0010228881777330e+00  1.0000488217976455e+00  9.9903681153004598e-01  1.0004718215797124e+00  -2.4908032883962181e-07  -1.5010299450675909e-06  2.0843498448832314e-06
1.8799999999997399e+02  1.0002734486757825e+00  9.8895993330492737e-01  1.0040884792427596e+00  1.0002584823822946e+00  9.9133875267085658e-01  1.0019920367750867e+00  -2.7874708093190082e-06  -7.9794007179470182e-05  1.9892071591735987e-05  9.9997412826278675e-01  9.9808724821619843e-01  1.0010207853153983e+00  1.0000493594225941e+00  9.9903203361405579e-01  1.0004712160018570e+00  -2.4296306348507914e-07  -1.5679710180514091e-06  2.3755934824071794e-06
1.8879999999997301e+02  1.0002778317197922e+00  9.8895580083657930e-01  1.0040691477304131e+00  1.0002617844854738e+00  9.9133600646350351e-01  1.0019818035045027e+00  -2.8067428143537339e-06  -7.9784960324604906e-05  1.9473331360233555e-05  9.9997399247261398e-01  9.9807768128163177e-01  1.0010195950435912e+00  1.0000498908163498e+00  9.9902918197426682e-01  1.0004682108429295e+00  -2.4335134289885079e-07  -1.2985104601780471e-06  2.6701975725655194e-06
1.8959999999997299e+02  1.0002822650368817e+00  9.8895279958860050e-01  1.0040494880192499e+00  1.0002651166761769e+00  9.9133279670347640e-01  1.0019723384461099e+00  -2.8236696926361221e-06  -7.9582987136972639e-05  1.8972763944045594e-05  9.9997385361322100e-01  9.9806901272520931e-01  1.0010171363602227e+00  1.0000504292812971e+00  9.9902487823310449e-01  1.0004669700960849e+00  -2.5158261698013506e-07  -1.2285303210426210e-06  1.8531858822265772e-06
1.9039999999997201e+02  1.0002867462740166e+00  9.8895021572326791e-01  1.0040299577795631e+00  1.0002684809770370e+00  9.9132997298569292e-01  1.0019629927184546e+00  -2.8440633851652071e-06  -8.0364594804339224e-05  1.9147382845719666e-05  9.9997371047675987e-01  9.9806076080256223e-01  1.0010139772361704e+00  1.0000509813806049e+00  9.9901893738592029e-01  1.0004677375122946e+00  -2.5950855535751304e-07  -1.4520622360682684e-06  2.0111538394909965e-06
1.9119999999997100e+02  1.0002912743959493e+00  9.8894765056781031e-01  1.0040108376875425e+00  1.0002718826340355e+00  9.9132877666543673e-01  1.0019529969772538e+00  -2.8656436812421605e-06  -8.1534151560415865e-05  1.9472590688703848e-05  9.9997356768109469e-01  9.9805129425510164e-01  1.0010119985032546e+00  1.0000515403338595e+00  9.9901464973401322e-01  1.0004667553609683e+00  -2.6048872176030486e-07  -1.4210806688084599e-06  2.3509782463918947e-06
1.9199999999996999e+02  1.0002958528083867e+00  9.8894547562843282e-01  1.0039918297996928e+00  1.0002753183180020e+00  9.9132906914317864e-01  1.0019426983277335e+00  -2.8815284939463918e-06  -8.2217376605261952e-05  1.9270280429093656e-05  9.9997342881447027e-01  9.9804136135533639e-01  1.0010104834953393e+00  1.0000520968413404e+00  9.9901156861738449e-01  1.0004642684254386e+00  -2.5889719624753941e-07  -1.4139391147965707e-06  2.2791584088483510e-06
1.9279999999997000e+02  1.0003004852481698e+00  9.8894422907529755e-01  1.0039724757695434e+00  1.0002787782018259e+00  9.9132980253372760e-01  1.0019331037227295e+00  -2.8919692094542104e-06  -8.2237112495012063e-05  1.8512375400627144e-05  9.9997329019890679e-01  9.9803218726613152e-01  1.0010080698677968e+00  1.0000526550020394e+00  9.9900705237348453e-01  1.0004631183865880e+00  -2.6424266943284711e-07  -1.3178431946552779e-06  1.7021765845746813e-06
1.9359999999996899e+02  1.0003051705922190e+00  9.8894394071277147e-01  1.0039528933757613e+00  1.0002822598010481e+00  9.9133052586017145e-01  1.0019243431932692e+00  -2.9040225603397235e-06  -8.2515296789506645e-05  1.8287324221771826e-05  9.9997314723561259e-01  9.9802321982356113e-01  1.0010052975343395e+00  1.0000532254067320e+00  9.9900138180106424e-01  1.0004630974418283e+00  -2.7328694014149219e-07  -1.3930781980364141e-06  1.8797400111458074e-06
1.9439999999996800e+02  1.0003099063899530e+00  9.8894390827060186e-01  1.0039338716358819e+00  1.0002857684382409e+00  9.9133241919600412e-01  1.0019149008652903e+00  -2.9193811878433179e-06  -8.3780127441080029e-05  1.9076139311254019e-05  9.9997300283345791e-01  9.9801359257773303e-01  1.0010031010952292e+00  1.0000538057159356e+00  9.9899636047051088e-01  1.0004622782735577e+00  -2.7669373363327636e-07  -1.4612587179592383e-06  1.8964006378736974e-06
1.9519999999996699e+02  1.0003146919909511e+00  9.8894389619509093e-01  1.0039153883199914e+00  1.0002893089716935e+00  9.9133629642296617e-01  1.0019042887312628e+00  -2.9375786980970938e-06  -8.4839099161855558e-05  1.9259751069320818e-05  9.9997286118859652e-01  9.9800344400134089e-01  1.0010012887992299e+00  1.0000543867836376e+00  9.9899227013296188e-01  1.0004604490419735e+00  -2.7614194079242551e-07  -1.5272540068545847e-06  2.1537786304778289e-06
1.9599999999996700e+02  1.0003195251672752e+00  9.8894471072006263e-01  1.0038964529233843e+00  1.0002928871524808e+00  9.9134086804915600e-01  1.0018943433798397e+00  -2.9588009923359406e-06  -8.4854442273915351e-05  1.8246539277575891e-05  9.9997272222406408e-01  9.9799347210719114e-01  1.0009990998858107e+00  1.0000549660713094e+00  9.9898784034555310e-01  1.0004590309310393e+00  -2.7545635176330290e-07  -1.2891225891858627e-06  1.7022323107544652e-06
1.9679999999996599e+02  1.0003244059416225e+00  9.8894661900698555e-01  1.0038770651216828e+00  1.0002965036443108e+00  9.9134536217880453e-01  1.0018856908247451e+00  -2.9760289137130740e-06  -8.5146495336776656e-05  1.7781994066343426e-05  9.9997258591110683e-01  9.9798391677180898e-01  1.0009963510323103e+00  1.0000555427391371e+00  9.9898217416894353e-01  1.0004588487425503e+00  -2.7377407697838691e-07  -1.2945485404185139e-06  1.8543507477882712e-06
1.9759999999996501e+02  1.0003293390456696e+00  9.8894897740720078e-01  1.0038581048452171e+00  1.0003001492639172e+00  9.9135088759200063e-01  1.0018767604285321e+00  -2.9878676825545111e-06  -8.6150061361960184e-05  1.8261352673802603e-05  9.9997245212024077e-01  9.9797406716580050e-01  1.0009938306877517e+00  1.0000561163933526e+00  9.9897635231412740e-01  1.0004586370332655e+00  -2.7345857804666155e-07  -1.4706177774404173e-06  1.6473873383511122e-06
1.9839999999996499e+02  1.0003343230509882e+00  9.8895175093785093e-01  1.0038395553301498e+00  1.0003038251677023e+00  9.9135764984567498e-01  1.0018670981585345e+00  -3.0067722902424977e-06  -8.6731401381041841e-05  1.8373755280258063e-05  9.9997231827812516e-01  9.9796329023608299e-01  1.0009921206002717e+00  1.0000566919518146e+00  9.9897200219227877e-01  1.0004568063496324e+00  -2.7723184837038229e-07  -1.5640891145589832e-06  2.5461646803914504e-06
1.9919999999996401e+02  1.0003393508903931e+00  9.8895519762803197e-01  1.0038209582719688e+00  1.0003075467045039e+00  9.9136505235094052e-01  1.0018575110231445e+00  -3.0337115265756385e-06  -8.7340976754476970e-05  1.8147992550538555e-05  9.9997218307008573e-01  9.9795236489782724e-01  1.0009903221495422e+00  1.0000572737553650e+00  9.9896814588030969e-01  1.0004545882213451e+00  -2.8112504830238119e-07  -1.3115451280139361e-06  1.8992926245228342e-06
1.9999999999996299e+02  1.0003444222580020e+00  9.8895899742198345e-01  1.0038023985447879e+00  1.0003113186810011e+00  9.9137384508752713e-01  1.0018480432503298e+00  -3.0585517201555000e-06  -8.8547929549026027e-05  1.8038981664575771e-05  9.9997205015161406e-01  9.9794227723596529e-01  1.0009875343483441e+00  1.0000578561284486e+00  9.9896245909294612e-01  1.0004542164424548e+00  -2.7834504605480364e-07  -1.4047197278722694e-06  1.9648350612224421e-06
2.0000999999996299e+02  1.0003444859396919e+00  9.8895904715592609e-01  1.0038021669581865e+00  1.0003113661302225e+00  9.9137396629533203e-01  1.0018479254813948e+00  -3.0588419355656245e-06  -8.8561029296384635e-05  1.8036125363876023e-05  9.9997204852840493e-01  9.9794215446794221e-01  1.0009874960523122e+00  1.0000578633604611e+00  9.9896237615870265e-01  1.0004542220418298e+00  -2.7826510623365652e-07  -1.4085422671045838e-06  1.9663309134547592e-06
