# time  total_activity  peak_activity  rms_radius  confined_frac  bary_x  bary_y  bary_z  r_conf  total_activity_proper  rms_radius_proper  confined_frac_proper  rms_radius_canon  confined_frac_canon  rms_radius_phantom  confined_frac_phantom  canon_mass_frac  min_chi
0.0000000000000000e+00  7.4722414628293663e+00  2.4595787592755089e-02  7.0300004845501087e+00  2.6458414253475154e-01  3.2234921741203841e+01  3.1999999999984496e+01  3.1999999999994280e+01  4.7999999999999998e+00  7.5000683266383810e+00  7.0254257037329220e+00  2.6520446480195220e-01  4.3375261203622477e+00  7.4559335264034465e-01  5.5406866601558100e+00  6.0490622197103150e-01  5.2345465285331205e-01  9.8865327465367425e-01
8.0000000000000004e-01  7.4788928938827013e+00  2.4665048990443073e-02  7.0301501218909284e+00  2.6458090675697188e-01  3.2233928258053588e+01  3.1999999999999233e+01  3.1999999999999734e+01  4.7999999999999998e+00  7.5067343739026846e+00  7.0255817834503151e+00  2.6520044825060440e-01  4.3376941433893075e+00  7.4557922394259690e-01  5.5406388597853855e+00  6.0492152793164522e-01  5.2335226309173866e-01  9.8865378763158318e-01
1.6000000000000001e+00  7.4854777505947165e+00  2.4602386899584158e-02  7.0303120930016529e+00  2.6457106979983475e-01  3.2232974119530525e+01  3.1999999999990273e+01  3.1999999999997165e+01  4.7999999999999998e+00  7.5133348889024356e+00  7.0257505430816503e+00  2.6519098977529570e-01  4.3380356033389686e+00  7.4560253395477227e-01  5.5405162875709282e+00  6.0493667592485645e-01  5.2324963604028640e-01  9.8866697935658421e-01
2.3999999999999901e+00  7.4917817620331224e+00  2.4523245865995871e-02  7.0303733815735630e+00  2.6455928479411384e-01  3.2233222963956820e+01  3.1999999999983782e+01  3.1999999999996497e+01  4.7999999999999998e+00  7.5196624903397007e+00  7.0258114874204942e+00  2.6518012319722717e-01  4.3382692069739841e+00  7.4559251060723641e-01  5.5406073617920386e+00  6.0496319100359119e-01  5.2326785238189855e-01  9.8868098340759869e-01
3.1999999999999802e+00  7.4976670857672421e+00  2.4614844148181245e-02  7.0303705872395357e+00  2.6455209556720027e-01  3.2234916835177231e+01  3.1999999999984603e+01  3.1999999999998810e+01  4.7999999999999998e+00  7.5255724903338752e+00  7.0258020795506093e+00  2.6517255742730211e-01  4.3385258833903775e+00  7.4525795840032649e-01  5.5409963826776112e+00  6.0491199864842127e-01  5.2342915195226625e-01  9.8864581727051815e-01
3.9999999999999600e+00  7.5033057426664840e+00  2.4642748597435662e-02  7.0303934819254206e+00  2.6424774345021396e-01  3.2237221071395950e+01  3.1999999999996689e+01  3.2000000000003482e+01  4.7999999999999998e+00  7.5312327817206981e+00  7.0258183719436582e+00  2.6516074904340442e-01  4.3390515599855668e+00  7.4493023690418780e-01  5.5414590127271168e+00  6.0480305647679811e-01  5.2364450563375942e-01  9.8862774924855379e-01
4.7999999999999403e+00  7.5084585231967749e+00  2.4591900140562780e-02  7.0305003199616909e+00  2.6422810311963824e-01  3.2239086289835647e+01  3.2000000000024166e+01  3.2000000000011489e+01  4.7999999999999998e+00  7.5363994348042809e+00  7.0259232209821167e+00  2.6532754919960505e-01  4.3398746759300124e+00  7.4477132927225143e-01  5.5417394469228451e+00  6.0475690983455732e-01  5.2380837718738038e-01  9.8871566384111964e-01
5.5999999999999304e+00  7.5127057004378184e+00  2.4563995755205553e-02  7.0305912149873802e+00  2.6421689739579984e-01  3.2240666561082655e+01  3.2000000000064404e+01  3.2000000000025445e+01  4.7999999999999998e+00  7.5406517184947583e+00  7.0260143016380434e+00  2.6439209104147848e-01  4.3406628861198655e+00  7.4482499706937533e-01  5.5418634008800947e+00  6.0485431906237408e-01  5.2394041815525316e-01  9.8869813733876222e-01
6.3999999999999098e+00  7.5160825979564230e+00  2.4581082605128306e-02  7.0305165254781592e+00  2.6423927369799077e-01  3.2243287817670620e+01  3.2000000000114710e+01  3.2000000000048708e+01  4.7999999999999998e+00  7.5440389430432049e+00  7.0259336795304250e+00  2.6441589385921344e-01  4.3412202926349348e+00  7.4476967104001490e-01  5.5420719516673032e+00  6.0503565670704940e-01  5.2417426228852104e-01  9.8870847990828725e-01
7.1999999999998900e+00  7.5189284127962930e+00  2.4603541379409139e-02  7.0303105445286924e+00  2.6428119269063727e-01  3.2247663208042219e+01  3.2000000000200600e+01  3.2000000000086914e+01  4.7999999999999998e+00  7.5469022080833099e+00  7.0257137668566862e+00  2.6445777293570799e-01  4.3419365249772168e+00  7.4468702860167069e-01  5.5424080140513459e+00  6.0531352649305459e-01  5.2457675183411712e-01  9.8871543231952863e-01
7.9999999999998703e+00  7.5212096758734930e+00  2.4606988781462200e-02  7.0301481665196972e+00  2.6431204770971772e-01  3.2252831327674237e+01  3.2000000000370768e+01  3.2000000000150500e+01  4.7999999999999998e+00  7.5492036258098327e+00  7.0255338878641576e+00  2.6448760036899382e-01  4.3432910817305705e+00  7.4458921820629709e-01  5.5425655004014933e+00  6.0579174622337328e-01  5.2504860339627057e-01  9.8871712147317581e-01
8.7999999999998604e+00  7.5223357171498879e+00  2.4586126735920207e-02  7.0300715711500734e+00  2.6433350616946127e-01  3.2257395686402440e+01  3.2000000000664500e+01  3.2000000000256236e+01  4.7999999999999998e+00  7.5503471058219276e+00  7.0254417151610484e+00  2.6836658313126588e-01  4.3451333750786123e+00  7.4444683861471306e-01  5.5422433819964407e+00  6.0656400768178720e-01  5.2545239456855597e-01  9.8871702840131637e-01
9.5999999999998398e+00  7.5220040302899553e+00  2.4567877097768469e-02  7.0299050236277250e+00  2.6437338637446267e-01  3.2261509561540123e+01  3.2000000001116170e+01  3.2000000000431626e+01  4.7999999999999998e+00  7.5500270547535724e+00  7.0252615555053310e+00  2.6840702456285981e-01  4.3469755208797549e+00  7.4434008726315359e-01  5.5414734418362661e+00  6.0755226392449568e-01  5.2580615167809452e-01  9.8872100304316968e-01
1.0399999999999800e+01  7.5207842948707384e+00  2.4577882314441919e-02  7.0296277503016311e+00  2.6486622231684104e-01  3.2266774502346017e+01  3.2000000001785011e+01  3.2000000000718913e+01  4.7999999999999998e+00  7.5488158534447241e+00  7.0249667933641096e+00  2.6917803758681147e-01  4.3492623563187820e+00  7.4427362961273047e-01  5.5404570410361691e+00  6.0863625682492073e-01  5.2626873255680862e-01  9.8872880887636305e-01
1.1199999999999800e+01  7.5194419403192327e+00  2.4605698852802171e-02  7.0297374762146605e+00  2.6421060583057981e-01  3.2274079902737540e+01  3.2000000002806985e+01  3.2000000001199034e+01  4.7999999999999998e+00  7.5474832520240671e+00  7.0250506542365061e+00  2.6841396465222511e-01  4.3539145093890825e+00  7.4417838723186613e-01  5.5391632402617637e+00  6.0974577454050982e-01  5.2692704837717075e-01  9.8873245003462551e-01
1.1999999999999799e+01  7.5178958789275718e+00  2.4617667651365662e-02  7.0308121380432560e+00  2.6428189367407146e-01  3.2282374657993188e+01  3.2000000004430653e+01  3.2000000002042185e+01  4.7999999999999998e+00  7.5459480912342389e+00  7.0260934203859735e+00  2.6848647289273697e-01  4.3625152500636029e+00  7.4397208681326610e-01  5.5372805355663832e+00  6.1094524867819799e-01  5.2767687269512520e-01  9.8873116652747439e-01
1.2799999999999800e+01  7.5155983516157896e+00  2.4600214332721079e-02  7.0330344105630900e+00  2.6817888121011174e-01  3.2290254675695166e+01  3.2000000007229886e+01  3.2000000003577718e+01  4.7999999999999998e+00  7.5436591024462896e+00  7.0282823774286411e+00  2.6655302688456944e-01  4.3752699214829764e+00  7.4370042767165323e-01  5.5345980354956463e+00  6.1235658773273105e-01  5.2838066142561402e-01  9.8872865020673351e-01
1.3599999999999801e+01  7.5127749186809787e+00  2.4577950398068715e-02  7.0367254587668793e+00  2.6825932141868081e-01  3.2298118200623264e+01  3.2000000011836903e+01  3.2000000006166353e+01  4.7999999999999998e+00  7.5408409877236124e+00  7.0319367478956361e+00  2.6790225776182686e-01  4.3932414985543851e+00  7.4337815185276646e-01  5.5312436748711429e+00  6.1399611378489638e-01  5.2907775743697671e-01  9.8873010972631703e-01
1.4399999999999700e+01  7.5097868578245262e+00  2.4579728133513144e-02  7.0415654441756352e+00  2.6820253498588909e-01  3.2307311288086517e+01  3.2000000018489196e+01  3.2000000010023207e+01  4.7999999999999998e+00  7.5378573916653950e+00  7.0367325148704083e+00  2.6800315633761462e-01  4.4156845115517749e+00  7.4304154159891433e-01  5.5274028000001305e+00  6.1574432400313017e-01  5.2989748746922938e-01  9.8873674736679706e-01
1.5199999999999701e+01  7.5065822299121931e+00  2.4598780100774681e-02  7.0470720337283526e+00  2.6860803807578570e-01  3.2318122550785795e+01  3.2000000027992030e+01  3.2000000015468224e+01  4.7999999999999998e+00  7.5346582039374796e+00  7.0421870089476277e+00  2.7057878456687207e-01  4.4411217894556190e+00  7.4273573267751691e-01  5.5229744773862786e+00  6.1749969509233193e-01  5.3086713360200610e-01  9.8874193662553933e-01
1.5999999999999700e+01  7.5026354025692346e+00  2.4604801237455697e-02  7.0530072005654478e+00  2.6774559515473345e-01  3.2329208397464591e+01  3.2000000043535593e+01  3.2000000024618892e+01  4.7999999999999998e+00  7.5307169320995690e+00  7.0480669526041755e+00  2.7075280446312577e-01  4.4682260786768895e+00  7.4250376205989355e-01  5.5178877044335417e+00  6.1929869086931477e-01  5.3185324645910648e-01  9.8874088936570959e-01
1.6799999999999802e+01  7.4976910284225724e+00  2.4585949815662624e-02  7.0592139245120471e+00  2.6795353379010317e-01  3.2339270120821219e+01  3.2000000066200570e+01  3.2000000038837683e+01  4.7999999999999998e+00  7.5257764500671307e+00  7.0542203164227670e+00  2.7070524827506809e-01  4.4955349214140741e+00  7.4234448937332320e-01  5.5127024935291837e+00  6.2123724588046192e-01  5.3272702254690407e-01  9.8873729662422827e-01
1.7600000000000001e+01  7.4923830012119979e+00  2.4564273751753671e-02  7.0659669886303282e+00  2.7035196511842874e-01  3.2348776162518497e+01  3.2000000101638221e+01  3.2000000062507979e+01  4.7999999999999998e+00  7.5204703412934526e+00  7.0609205149787195e+00  2.6875191987616176e-01  4.5234448348811407e+00  7.4217827851026508e-01  5.5081368725457311e+00  6.2375596832336888e-01  5.3353607176156836e-01  9.8873752087529065e-01
1.8400000000000102e+01  7.4873836878714028e+00  2.4565699904181615e-02  7.0735644855293343e+00  2.7083943445437153e-01  3.2359079549099000e+01  3.2000000161382445e+01  3.2000000103346537e+01  4.7999999999999998e+00  7.5154721329965781e+00  7.0684608299481617e+00  2.7137457759472061e-01  4.5533687284066229e+00  7.4197039588066649e-01  5.5041169580076454e+00  6.2630049449094038e-01  5.3441837652009694e-01  9.8874289128284054e-01
1.9200000000000198e+01  7.4829182896649638e+00  2.4585942685308296e-02  7.0826524874977173e+00  2.7081533626675947e-01  3.2370441662236004e+01  3.2000000257722711e+01  3.2000000169929883e+01  4.7999999999999998e+00  7.5110090596837011e+00  7.0774847506523599e+00  2.7169803754057964e-01  4.5862631156486113e+00  7.4175428861791659e-01  5.5013190753978360e+00  6.2874296301313226e-01  5.3539994670674762e-01  9.8874846162460217e-01
2.0000000000000298e+01  7.4792181913536631e+00  2.4594314590590374e-02  7.0947979036223590e+00  2.6882080428120214e-01  3.2381789667406132e+01  3.2000000424922732e+01  3.2000000283694369e+01  4.7999999999999998e+00  7.5073148106799810e+00  7.0895589500629175e+00  2.7192028670184965e-01  4.6229784529680717e+00  7.4151468052894753e-01  5.5026142267115850e+00  6.3060964317197477e-01  5.3636354526769725e-01  9.8874836682528755e-01
2.0800000000000502e+01  7.4760878340853729e+00  2.4578608824283671e-02  7.1098297723508068e+00  2.7141885772699137e-01  3.2391854637007597e+01  3.2000000744927071e+01  3.2000000489345332e+01  4.7999999999999998e+00  7.5041946100687955e+00  7.1045167945565133e+00  2.7113652397113053e-01  4.6616467049753521e+00  7.4168779263134776e-01  5.5093422865132107e+00  6.3286899111410788e-01  5.3719126556360430e-01  9.8874429582554413e-01
2.1600000000000598e+01  7.4738354647516267e+00  2.4559614268894935e-02  7.1273958492757767e+00  2.7152631867483962e-01  3.2400797315855812e+01  3.2000001278623195e+01  3.2000000810883250e+01  4.7999999999999998e+00  7.5019564292127576e+00  7.1220066606845975e+00  2.7012702795107230e-01  4.7014985407603627e+00  7.4179848467953602e-01  5.5215543641484759e+00  6.3465814106846596e-01  5.3791431348656404e-01  9.8874249845937401e-01
2.2400000000000698e+01  7.4732967251070388e+00  2.4561195664220582e-02  7.1489555100564441e+00  2.7185390537882714e-01  3.2409544865357283e+01  3.2000001958520286e+01  3.2000001201997598e+01  4.7999999999999998e+00  7.5014354750736407e+00  7.1434820993106696e+00  2.7036109399361657e-01  4.7446466710139976e+00  7.4182153726932465e-01  5.5414614125601309e+00  6.3713738728315572e-01  5.3862934553190034e-01  9.8874407449979951e-01
2.3200000000000799e+01  7.4746227561802767e+00  2.4578281508205752e-02  7.1756024107313774e+00  2.7195324455928982e-01  3.2418425010645727e+01  3.2000002630392792e+01  3.2000001586700471e+01  4.7999999999999998e+00  7.5027828371978931e+00  7.1700329024824372e+00  2.7107944537461864e-01  4.7934540783870609e+00  7.4134813120599630e-01  5.5698856167268405e+00  6.3842785141569536e-01  5.3937077929621946e-01  9.8874566371869188e-01
2.4000000000000998e+01  7.4769978175522294e+00  2.4585696179295378e-02  7.2062998633391606e+00  2.7101900478609764e-01  3.2426564851749148e+01  3.2000003246628566e+01  3.2000001959568984e+01  4.7999999999999998e+00  7.5051827623831961e+00  7.2006268662553508e+00  2.7330332003711849e-01  4.8451823949774342e+00  7.4090341067525856e-01  5.6061547919984189e+00  6.3946228919560799e-01  5.4003812725021549e-01  9.8874330974359881e-01
2.4800000000001098e+01  7.4803008625325624e+00  2.4573167678568569e-02  7.2400332050337317e+00  2.6985240440070096e-01  3.2433185735919018e+01  3.2000003912529884e+01  3.2000002385732842e+01  4.7999999999999998e+00  7.5085134413100398e+00  7.2342548018633606e+00  2.7502000533909648e-01  4.8974069522422523e+00  7.4088658910100169e-01  5.6498217243266042e+00  6.4035255112450373e-01  5.4054843694184185e-01  9.8873795405838583e-01
2.5600000000001199e+01  7.4854142078573620e+00  2.4557997701834963e-02  7.2774455040749428e+00  2.7003793270735071e-01  3.2438636682094199e+01  3.2000004730659668e+01  3.2000002906533588e+01  4.7999999999999998e+00  7.5136557280610097e+00  7.2715587111185087e+00  2.7469919782214292e-01  4.9525152432256796e+00  7.4029151354322642e-01  5.7007517553903888e+00  6.4199909217602202e-01  5.4095463542650113e-01  9.8873504950932556e-01
2.6400000000001299e+01  7.4927680843604989e+00  2.4560030510303719e-02  7.3195124644958938e+00  2.6986137379724173e-01  3.2444125550773883e+01  3.2000005706703547e+01  3.2000003505024381e+01  4.7999999999999998e+00  7.5210393243028397e+00  7.3135081798178856e+00  2.7385535436587710e-01  5.0146062086551684e+00  7.3951938832881026e-01  5.7574891129712888e+00  6.4232986895068755e-01  5.4136803826553448e-01  9.8873562937255277e-01
2.7200000000001499e+01  7.5012301610540675e+00  2.4575265708839979e-02  7.3647129366979946e+00  2.7038049548843701e-01  3.2449452593756817e+01  3.2000006773862538e+01  3.2000004135299250e+01  4.7999999999999998e+00  7.5295325712276036e+00  7.3585844115225578e+00  2.7211301132695259e-01  5.0796692794059801e+00  7.3880394586812526e-01  5.8194877441714441e+00  6.4257917942058107e-01  5.4175857835246199e-01  9.8873567617187952e-01
2.8000000000001599e+01  7.5103627126237900e+00  2.4583122086654544e-02  7.4117900390435514e+00  2.7027001286988850e-01  3.2453657869410492e+01  3.2000007843384019e+01  3.2000004750338000e+01  4.7999999999999998e+00  7.5386991340425711e+00  7.4055361676978562e+00  2.6936677021575001e-01  5.1439971200269481e+00  7.3821264143991383e-01  5.8869612235607685e+00  6.4209688585776481e-01  5.4203352134408889e-01  9.8873214224206085e-01
2.8800000000001699e+01  7.5213093164633893e+00  2.4574845696271722e-02  7.4617226728406276e+00  2.7010033465044558e-01  3.2456104427562472e+01  3.2000008847944713e+01  3.2000005322775351e+01  4.7999999999999998e+00  7.5496827255714596e+00  7.4553445266644278e+00  2.6918851710946845e-01  5.2093208128593060e+00  7.3754988423985290e-01  5.9607682674922682e+00  6.4180583097216382e-01  5.4215376500857215e-01  9.8872706498362173e-01
2.9600000000001799e+01  7.5349148905592642e+00  2.4563964458888962e-02  7.5163001497333459e+00  2.6983485368398907e-01  3.2457069392204978e+01  3.2000009778829295e+01  3.2000005860230807e+01  4.7999999999999998e+00  7.5633264073941469e+00  7.5097955066728943e+00  2.6891411880562044e-01  5.2791025929093349e+00  7.3629291321228962e-01  6.0417476625875386e+00  6.4124249165357028e-01  5.4213249530247742e-01  9.8872426375692746e-01
3.0400000000001999e+01  7.5499556133387440e+00  2.4566629085606778e-02  7.5742366260384317e+00  2.6952186843690462e-01  3.2456514783468506e+01  3.2000010645907174e+01  3.2000006375460899e+01  4.7999999999999998e+00  7.5784040476149777e+00  7.5676049463298654e+00  2.6859377491448899e-01  5.3489260748535301e+00  7.3558721416538964e-01  6.1304549667186832e+00  6.3988142816130866e-01  5.4195374232758731e-01  9.8872429450326194e-01
3.1200000000002099e+01  7.5657793875714763e+00  2.4580343751302695e-02  7.6337676494619862e+00  2.6919164865860418e-01  3.2454591959649541e+01  3.2000011432707957e+01  3.2000006855014597e+01  4.7999999999999998e+00  7.5942641340021542e+00  7.6270109153732584e+00  2.6825781858846226e-01  5.4148005528336727e+00  7.3469666339807405e-01  6.2266532735732731e+00  6.3896001678472825e-01  5.4161852803055022e-01  9.8872430362981223e-01
3.2000000000002203e+01  7.5839915270355602e+00  2.4588806271841776e-02  7.6962878672720567e+00  2.6878552585901666e-01  3.2450542479707160e+01  3.2000012126722460e+01  3.2000007284479103e+01  4.7999999999999998e+00  7.6125145278688855e+00  7.6894094887544213e+00  2.7046945038342968e-01  5.4775186619009766e+00  7.3434248617184572e-01  6.3328003818419942e+00  6.3680305295813378e-01  5.4106445586989005e-01  9.8872169301146073e-01
3.2800000000002001e+01  7.6070708527220923e+00  2.4584129066148607e-02  7.7653166237038507e+00  2.6759390515169568e-01  3.2442931584977558e+01  3.2000012748465565e+01  3.2000007668057272e+01  4.7999999999999998e+00  7.6356352306641728e+00  7.7583203652658055e+00  2.7184548419015403e-01  5.5398088318834438e+00  7.3349168813578847e-01  6.4541417583438765e+00  6.3428623783028071e-01  5.4014874124691115e-01  9.8871778236401986e-01
3.3600000000001899e+01  7.6327826801619079e+00  2.4576237261271804e-02  7.8388579700873802e+00  2.6683458144751060e-01  3.2432927350455593e+01  3.2000013346876159e+01  3.2000008029191541e+01  4.7999999999999998e+00  7.6613876620751160e+00  7.8317459847590616e+00  2.7190170039166273e-01  5.6013307121303271e+00  7.3265436551065699e-01  6.5854054227763061e+00  6.3114045071761293e-01  5.3898205399429122e-01  9.8871618333217448e-01
3.4400000000001697e+01  7.6582976395826226e+00  2.4578484342797614e-02  7.9135181811920630e+00  2.6840975356380875e-01  3.2422453811849579e+01  3.2000013909042217e+01  3.2000008356255911e+01  4.7999999999999998e+00  7.6869401525673737e+00  7.9062901483502577e+00  2.6748259237092131e-01  5.6587297323322305e+00  7.3245103484877916e-01  6.7216084669404843e+00  6.2832552726316127e-01  5.3771719874980262e-01  9.8871740745603265e-01
3.5200000000001602e+01  7.6831773751898620e+00  2.4590153043198386e-02  7.9873485069065042e+00  2.6777451083434117e-01  3.2412082214597994e+01  3.2000014417514180e+01  3.2000008646180000e+01  4.7999999999999998e+00  7.7118558806165467e+00  7.9800059387733899e+00  2.6623373884631041e-01  5.7104390787091495e+00  7.3243543940733946e-01  6.8597192445886277e+00  6.2499785854902212e-01  5.3643571116571698e-01  9.8871841947284744e-01
3.6000000000001400e+01  7.7081434868214629e+00  2.4598488600518532e-02  8.0611151760883342e+00  2.6696772047519685e-01  3.2401560169488924e+01  3.2000014875165704e+01  3.2000008912689829e+01  4.7999999999999998e+00  7.7368581871662219e+00  8.0536594838383291e+00  2.6551175181299558e-01  5.7572326980441959e+00  7.3247002883765933e-01  7.0004245827167626e+00  6.2159755564632924e-01  5.3514320595673537e-01  9.8871696403211518e-01
3.6800000000001198e+01  7.7331482935221647e+00  2.4595945582128610e-02  8.1348665713891499e+00  2.6642045202658554e-01  3.2390990149619050e+01  3.2000015285686082e+01  3.2000009166576064e+01  4.7999999999999998e+00  7.7618986451668643e+00  8.1272988345005537e+00  2.6607532092126140e-01  5.8018865505037098e+00  7.3249249717164633e-01  7.1410449937311968e+00  6.1782961419047278e-01  5.3381736420814097e-01  9.8871417767795333e-01
3.7600000000001103e+01  7.7573621236624293e+00  2.4589442113500459e-02  8.2076147730806976e+00  2.6348360021789852e-01  3.2380240319562489e+01  3.2000015678997350e+01  3.2000009417548874e+01  4.7999999999999998e+00  7.7861456726162128e+00  8.1999379920435622e+00  2.6646625169060284e-01  5.8414184865358241e+00  7.3261670270682822e-01  7.2819732839524391e+00  6.1503313742251331e-01  5.3242919836669589e-01  9.8871288123015810e-01
3.8400000000000901e+01  7.7805824866875826e+00  2.4590403332874759e-02  8.2797657968636269e+00  2.6513864663318937e-01  3.2369849633372866e+01  3.2000016057838423e+01  3.2000009667888342e+01  4.7999999999999998e+00  7.8093966881270349e+00  8.2719799078586984e+00  2.6588340780863851e-01  5.8777997165692755e+00  7.3285667505872010e-01  7.4226722880354403e+00  6.1108706863485684e-01  5.3104612243656490e-01  9.8871361448708195e-01
3.9200000000000799e+01  7.8029111597160519e+00  2.4599773009776713e-02  8.3499235035564841e+00  2.6487185441449695e-01  3.2360505871806026e+01  3.2000016431939613e+01  3.2000009916959407e+01  4.7999999999999998e+00  7.8317550962735281e+00  8.3420296531258380e+00  2.6524745437760361e-01  5.9080989766919396e+00  7.3316566457711796e-01  7.5625203686434217e+00  6.0847687266810913e-01  5.2973769516905056e-01  9.8871411430278400e-01
4.0000000000000597e+01  7.8247647087976331e+00  2.4607463113276950e-02  8.4196461274645706e+00  2.6434636464157596e-01  3.2352245600125855e+01  3.2000016811619957e+01  3.2000010170853223e+01  4.7999999999999998e+00  7.8536386764359314e+00  8.4116420019473139e+00  2.6238911115400659e-01  5.9361218698847020e+00  7.3342602393872913e-01  7.7019822002273841e+00  6.0556370873100362e-01  5.2852736708619019e-01  9.8871307101453187e-01
4.0800000000000502e+01  7.8454237731174956e+00  2.4605966158713279e-02  8.4872008512306927e+00  2.6362230289721100e-01  3.2344862751013984e+01  3.2000017200145933e+01  3.2000010425068112e+01  4.7999999999999998e+00  7.8743271707828111e+00  8.4790879365934551e+00  2.6189913883866944e-01  5.9611863742393059e+00  7.3367443275214217e-01  7.8375167276823099e+00  6.0247972439198449e-01  5.2737550908208808e-01  9.8871115967419132e-01
4.1600000000000300e+01  7.8643864447167591e+00  2.4599892556354468e-02  8.5523116228441545e+00  2.6110132405442787e-01  3.2338072984535110e+01  3.2000017601878810e+01  3.2000010685779991e+01  4.7999999999999998e+00  7.8933174769040573e+00  8.5440923112540865e+00  2.6365623018954693e-01  5.9809477216049078e+00  7.3400405270328772e-01  7.9703861118735722e+00  6.0007600918257553e-01  5.2623947245733849e-01  9.8870959934563551e-01
4.2400000000000098e+01  7.8818713470628072e+00  2.4599361610679091e-02  8.6148303780193238e+00  2.6071571902477786e-01  3.2332265983936828e+01  3.2000018012260441e+01  3.2000010961998676e+01  4.7999999999999998e+00  7.9108287708873828e+00  8.6065065314939844e+00  2.6306815370169839e-01  5.9972635916676840e+00  7.3437215723647009e-01  8.0993041815178248e+00  5.9770602401016093e-01  5.2518564975459714e-01  9.8870930378472366e-01
4.3200000000000003e+01  7.8987163065906447e+00  2.4606610056416390e-02  8.6757548117843371e+00  2.6035070165911256e-01  3.2328215290223639e+01  3.2000018415426595e+01  3.2000011238913181e+01  4.7999999999999998e+00  7.9277006797264811e+00  8.6673247509187252e+00  2.6316163418575245e-01  6.0121244878062141e+00  7.3463842086443742e-01  8.2250182864055148e+00  5.9572679994440214e-01  5.2429772924209495e-01  9.8870951287039288e-01
4.3999999999999801e+01  7.9149035508330705e+00  2.4613433432611413e-02  8.7353326596641541e+00  2.6000743063492643e-01  3.2325916147686478e+01  3.2000018839305284e+01  3.2000011534937038e+01  4.7999999999999998e+00  7.9439157135901191e+00  8.7267940690138914e+00  2.6280959250972097e-01  6.0246100540832606e+00  7.3479952904836610e-01  8.3490932270683871e+00  5.9390210201499938e-01  5.2355533606945026e-01  9.8870824231117260e-01
4.4799999999999699e+01  7.9295104132809797e+00  2.4612322570587958e-02  8.7923132680808092e+00  2.5971267481018578e-01  3.2324712249887078e+01  3.2000019289409693e+01  3.2000011846088782e+01  4.7999999999999998e+00  7.9585494707004276e+00  8.7836674668190575e+00  2.6250645000468797e-01  6.0342919378541628e+00  7.3496050732858598e-01  8.4687102516889095e+00  5.9235252288868179e-01  5.2289131229324626e-01  9.8870560318799339e-01
4.5599999999999497e+01  7.9421288368168099e+00  2.4606279524464428e-02  8.8457105653033761e+00  2.5947685739500720e-01  3.2324044412947678e+01  3.2000019759193584e+01  3.2000012162752974e+01  4.7999999999999998e+00  7.9711925616205228e+00  8.8369624500710646e+00  2.6226248412538339e-01  6.0372779714003819e+00  7.3520740253404471e-01  8.5848552253305854e+00  5.9148850612223647e-01  5.2225864707735725e-01  9.8870346831173028e-01
4.6399999999999302e+01  7.9538186820100787e+00  2.4604477447326450e-02  8.8963540924847138e+00  2.5926721605247188e-01  3.2324538948863150e+01  3.2000020248246571e+01  3.2000012488181675e+01  4.7999999999999998e+00  7.9829059529317945e+00  8.8875065307126331e+00  2.6204458208862147e-01  6.0372301500564438e+00  7.3536121966506329e-01  8.6969281093128217e+00  5.9007370840188700e-01  5.2175592361075018e-01  9.8870258667261657e-01
4.7199999999999200e+01  7.9650329887313820e+00  2.4609959635943243e-02  8.9454117184164570e+00  2.5907289164923836e-01  3.2327398406916949e+01  3.2000020772236446e+01  3.2000012833810018e+01  4.7999999999999998e+00  7.9941440110786068e+00  8.9364616882942016e+00  2.6184197112417007e-01  6.0390031080304096e+00  7.3533404619105514e-01  8.8041695156757207e+00  5.8865894469137026e-01  5.2145276338490565e-01  9.8870245561308923e-01
4.7999999999998998e+01  7.9749107075800296e+00  2.4615842866580064e-02  8.9918094066583798e+00  2.5892202366876366e-01  3.2331836620516754e+01  3.2000021298318110e+01  3.2000013181729685e+01  4.7999999999999998e+00  8.0040451882569670e+00  8.9827570979974762e+00  2.6121246133869047e-01  6.0379676605483681e+00  7.3528992571669338e-01  8.9078120524243189e+00  5.8842352999085834e-01  5.2127282460538527e-01  9.8870156010851062e-01
4.8799999999998903e+01  7.9830796737973913e+00  2.4614782821882009e-02  9.0353001823644004e+00  2.5882314817796209e-01  3.2336981317859170e+01  3.2000021869129860e+01  3.2000013555432297e+01  4.7999999999999998e+00  8.0122363009467907e+00  9.0261482989710515e+00  2.6129434662666118e-01  6.0327492279263000e+00  7.3529676622688989e-01  9.0078482229778487e+00  5.8763981728491665e-01  5.2114612436722374e-01  9.8869876855168304e-01
4.9599999999998701e+01  7.9899043961829594e+00  2.4608747812883684e-02  9.0760016165330129e+00  2.5876313239772281e-01  3.2342826649595629e+01  3.2000022447022985e+01  3.2000013926289093e+01  4.7999999999999998e+00  8.0190815932675079e+00  9.0667534472460733e+00  2.6122550899445290e-01  6.0239401906732795e+00  7.3576320218942459e-01  9.1044135936080082e+00  5.8751344788321935e-01  5.2107615230858428e-01  9.8869574478198385e-01
5.0399999999998499e+01  7.9959272020700887e+00  2.4606079789168390e-02  9.1145770356098375e+00  2.6115589738419354e-01  3.2350131506953865e+01  3.2000023048223277e+01  3.2000014309338802e+01  4.7999999999999998e+00  8.0251238835634062e+00  9.1052330132867123e+00  2.5896833422212695e-01  6.0144419293318796e+00  7.3613206528237496e-01  9.1968351879376957e+00  5.8799175710246887e-01  5.2112388552486555e-01  9.8869466091754088e-01
5.1199999999998397e+01  8.0007891164730793e+00  2.4610161799257901e-02  9.1509444601645065e+00  2.6101058050968196e-01  3.2358982504942134e+01  3.2000023682126645e+01  3.2000014709570351e+01  4.7999999999999998e+00  8.0300041965218423e+00  9.1415042113244080e+00  2.6124169740167386e-01  6.0043440620216524e+00  7.3648674208187692e-01  9.2850906692335116e+00  5.8781717185766191e-01  5.2128819073239141e-01  9.8869442473934521e-01
5.1999999999998202e+01  8.0038438108016727e+00  2.4615110199173049e-02  9.1842726497940532e+00  2.6077999463547091e-01  3.2368897771151040e+01  3.2000024316690883e+01  3.2000015108431427e+01  4.7999999999999998e+00  8.0330759845161026e+00  9.1747376663628053e+00  2.6129031919080969e-01  5.9905694826054869e+00  7.3695440961745295e-01  9.3692409186189707e+00  5.8879382598174568e-01  5.2151038822291851e-01  9.8869308744166418e-01
5.2799999999998100e+01  8.0052547754261667e+00  2.4614011769076707e-02  9.2147746731303606e+00  2.5864182079803044e-01  3.2379239723013406e+01  3.2000024949997226e+01  3.2000015508593989e+01  4.7999999999999998e+00  8.0345028367894589e+00  9.2051478458345812e+00  2.6147517892128674e-01  5.9745240903248984e+00  7.3795855774372709e-01  9.4487894338545111e+00  5.8934860632846831e-01  5.2176004781847241e-01  9.8869058882768013e-01
5.3599999999997898e+01  8.0057000691729137e+00  2.4608216102446439e-02  9.2427855462776307e+00  2.6104409357711272e-01  3.2390091448652271e+01  3.2000025592356060e+01  3.2000015918459376e+01  4.7999999999999998e+00  8.0349630857851260e+00  9.2330701151929393e+00  2.6057908896014148e-01  5.9554642530365749e+00  7.3895049970933036e-01  9.5250232147547020e+00  5.9051111356454655e-01  5.2204390869423045e-01  9.8868759595103295e-01
5.4399999999997704e+01  8.0054731375790968e+00  2.4605173496478235e-02  9.2695520416324602e+00  2.6112332094867829e-01  3.2401924938137334e+01  3.2000026231744023e+01  3.2000016337470022e+01  4.7999999999999998e+00  8.0347501314410419e+00  9.2597474094529080e+00  2.5952344571182284e-01  5.9365781427238904e+00  7.3882141022379577e-01  9.5984363429229251e+00  5.9097498165660234e-01  5.2238707550704200e-01  9.8868566506135824e-01
5.5199999999997601e+01  8.0041534924382471e+00  2.4608215521228650e-02  9.2940589098602810e+00  2.6149159258272747e-01  3.2414422329996505e+01  3.2000026906630495e+01  3.2000016779700914e+01  4.7999999999999998e+00  8.0334432019818642e+00  9.2841669497177648e+00  2.6038533194302804e-01  5.9173286918040580e+00  7.3855226424229670e-01  9.6676064113590314e+00  5.9201783257111495e-01  5.2278576456186376e-01  9.8868502854012585e-01
5.5999999999997399e+01  8.0016144320952094e+00  2.4612339811941390e-02  9.3162368716837527e+00  2.6069090318257976e-01  3.2427125524078420e+01  3.2000027594580111e+01  3.2000017225705619e+01  4.7999999999999998e+00  8.0309157524989079e+00  9.3062604990739359e+00  2.6266862004437441e-01  5.8955862867251430e+00  7.3880038313915430e-01  9.7335026970897189e+00  5.9324772902329037e-01  5.2320371958036305e-01  9.8868369733163042e-01
5.6799999999997297e+01  7.9983543835766095e+00  2.4611332463282252e-02  9.3369025567108572e+00  2.5981134453715754e-01  3.2440315320665675e+01  3.2000028297711260e+01  3.2000017680842795e+01  4.7999999999999998e+00  8.0276668266670530e+00  9.3268424952196316e+00  2.6375369075410515e-01  5.8734598191424876e+00  7.3867577912768556e-01  9.7959908708420365e+00  5.9480601153362889e-01  5.2362992896845284e-01  9.8868078512493640e-01
5.7599999999997102e+01  7.9946931223751392e+00  2.4606151605419926e-02  9.3550040884187116e+00  2.6068160475697627e-01  3.2453398552233409e+01  3.2000029013655315e+01  3.2000018142597291e+01  4.7999999999999998e+00  8.0240165142334448e+00  9.3448660056129409e+00  2.5938039439595767e-01  5.8495145062265408e+00  7.3894868918368228e-01  9.8546064438479473e+00  5.9566821346954746e-01  5.2406249135279148e-01  9.8867726818379142e-01
5.8399999999997000e+01  7.9908536040562677e+00  2.4603250228567349e-02  9.3722954442791746e+00  2.6455234925545823e-01  3.2466708267712463e+01  3.2000029721722385e+01  3.2000018603101502e+01  4.7999999999999998e+00  8.0201877816709892e+00  9.3620802342014287e+00  2.5966030097290638e-01  5.8260731594904236e+00  7.3945466516972158e-01  9.9109231170217722e+00  5.9774908246204217e-01  5.2450197597530057e-01  9.8867504381347970e-01
5.9199999999996798e+01  7.9866718293895369e+00  2.4605686999208832e-02  9.3887712440162101e+00  2.6379114698279549e-01  3.2480239752122252e+01  3.2000030422104750e+01  3.2000019064505132e+01  4.7999999999999998e+00  8.0160165169416988e+00  9.3784793929941337e+00  2.5995885571116345e-01  5.8037593441504880e+00  7.4002818011721561e-01  9.9647163191694563e+00  5.9907400960983115e-01  5.2493935631823696e-01  9.8867451342839985e-01
5.9999999999996597e+01  7.9822154683121944e+00  2.4609335482636056e-02  9.4037328351057763e+00  2.5971881659531010e-01  3.2493358888886547e+01  3.2000031105747773e+01  3.2000019518365129e+01  4.7999999999999998e+00  8.0115706202288415e+00  9.3933682705349266e+00  2.6679994964745629e-01  5.7816914622993654e+00  7.4089937100511261e-01  1.0015249252765793e+01  6.0038754215300338e-01  5.2536576776592181e-01  9.8867351980429474e-01
6.0799999999996501e+01  7.9780203831710423e+00  2.4608821028709049e-02  9.4170830143396440e+00  2.6004008046242061e-01  3.2506269717392428e+01  3.2000031774295088e+01  3.2000019967339945e+01  4.7999999999999998e+00  8.0073864863076025e+00  9.4066502645076682e+00  2.6682229762006743e-01  5.7570761547124301e+00  7.4130243937595364e-01  1.0063680281478071e+01  6.0100599133585242e-01  5.2577235146812051e-01  9.8867035395264280e-01
6.1599999999996299e+01  7.9746357665810761e+00  2.4604715203684419e-02  9.4309741081606102e+00  2.6526895881122103e-01  3.2519198562842398e+01  3.2000032437231830e+01  3.2000020418542640e+01  4.7999999999999998e+00  8.0040135848284173e+00  9.4204729983975746e+00  2.6587700999892472e-01  5.7379141073331805e+00  7.4161797761343506e-01  1.0109570199969314e+01  6.0203753961850826e-01  5.2616310059901372e-01  9.8866684643247005e-01
6.2399999999996197e+01  7.9717087298194818e+00  2.4602354432013463e-02  9.4432710025216817e+00  2.6777850263339437e-01  3.2531573980836562e+01  3.2000033111262539e+01  3.2000020876351456e+01  4.7999999999999998e+00  8.0010988633108973e+00  9.4327074059657186e+00  2.6581041395029875e-01  5.7163772214304958e+00  7.4195706848917986e-01  1.0153345559659913e+01  6.0358686194228695e-01  5.2650047989137672e-01  9.8866576084065028e-01
6.3199999999996002e+01  7.9692399344292859e+00  2.4604491598551579e-02  9.4551937301153952e+00  2.6580740158909999e-01  3.2543357506978374e+01  3.2000033813345205e+01  3.2000021352114786e+01  4.7999999999999998e+00  7.9986431348305151e+00  9.4445703355207389e+00  2.6757665607545089e-01  5.6938603592274584e+00  7.4194773108212098e-01  1.0196242751975250e+01  6.0431849560881490e-01  5.2677413551582031e-01  9.8866545717483745e-01
6.3999999999995801e+01  7.9678260246816048e+00  2.4608000304292724e-02  9.4674337664870691e+00  2.6570776787926803e-01  3.2554503325472851e+01  3.2000034562937614e+01  3.2000021851612956e+01  4.7999999999999998e+00  7.9972436662471162e+00  9.4567529482179964e+00  2.6962580268319158e-01  5.6758983154615352e+00  7.4277286146879073e-01  1.0236831305748121e+01  6.0346932774608741e-01  5.2701356820628309e-01  9.8866324457964250e-01
6.4799999999996203e+01  7.9680298829615852e+00  2.4608413809241576e-02  9.4791887879386199e+00  2.6592264738937083e-01  3.2565233252020882e+01  3.2000035389854219e+01  3.2000022380800445e+01  4.7999999999999998e+00  7.9974637458943985e+00  9.4684555511478106e+00  2.6970996556934546e-01  5.6583676620122230e+00  7.4306391464850508e-01  1.0275906476097244e+01  6.0328122215523672e-01  5.2720735869039603e-01  9.8865961879084430e-01
6.5599999999996697e+01  7.9701674434231586e+00  2.4605738367341121e-02  9.4919949470156038e+00  2.6754805316241870e-01  3.2575492292965713e+01  3.2000036236585686e+01  3.2000022928257700e+01  4.7999999999999998e+00  7.9996191518857191e+00  9.4812116212790745e+00  2.6995133727449871e-01  5.6432403374238937e+00  7.4244096563304152e-01  1.0314569385617393e+01  6.0378815848998768e-01  5.2731761634223573e-01  9.8865668954503072e-01
6.6399999999997107e+01  7.9739828748125223e+00  2.4604111551238466e-02  9.5056047272356068e+00  2.6942994954764277e-01  3.2583994424352809e+01  3.2000037072462177e+01  3.2000023464841249e+01  4.7999999999999998e+00  8.0034538680011451e+00  9.4947775143258610e+00  2.6872314269624897e-01  5.6309042709357255e+00  7.4311040402125494e-01  1.0352182163441288e+01  6.0508675805613876e-01  5.2730455235287488e-01  9.8865599513727875e-01
6.7199999999997502e+01  7.9795906038871500e+00  2.4606156451709729e-02  9.5189947704041415e+00  2.6947712575320326e-01  3.2591561053874194e+01  3.2000037868518902e+01  3.2000023974103478e+01  4.7999999999999998e+00  8.0090835631273478e+00  9.5081293589585751e+00  2.7164360064563259e-01  5.6150146033282908e+00  7.4336907111691186e-01  1.0390001164831132e+01  6.0683648206391316e-01  5.2715316143128177e-01  9.8865543416020718e-01
6.7999999999997897e+01  7.9882415208147819e+00  2.4609701354614655e-02  9.5344554165523423e+00  2.6930743433890653e-01  3.2598121574794291e+01  3.2000038619656699e+01  3.2000024461342562e+01  4.7999999999999998e+00  8.0177616118033157e+00  9.5235542575885983e+00  2.7158452090043511e-01  5.6032939289909542e+00  7.4341194446608694e-01  1.0428592966072138e+01  6.0566398055467696e-01  5.2689449663562804e-01  9.8865322263505440e-01
6.8799999999998306e+01  8.0001506668482847e+00  2.4610928374150909e-02  9.5510615878459788e+00  2.6915703446346451e-01  3.2603006212299327e+01  3.2000039391267563e+01  3.2000024963710423e+01  4.7999999999999998e+00  8.0297031388390891e+00  9.5401320475016220e+00  2.7127097677467876e-01  5.5945920479017097e+00  7.4310331126473173e-01  1.0466621777696208e+01  6.0435636759638434e-01  5.2652715635274072e-01  9.8865047267340112e-01
6.9599999999998701e+01  8.0144402424002621e+00  2.4609313322248028e-02  9.5699662665381648e+00  2.6902343217459090e-01  3.2606914446436996e+01  3.2000040224353654e+01  3.2000025515865815e+01  4.7999999999999998e+00  8.0440279900942731e+00  9.5590099309966767e+00  2.7186189098801145e-01  5.5908665078013318e+00  7.4301192592841225e-01  1.0504666564044362e+01  6.0353917750165587e-01  5.2604837449784470e-01  9.8864771175330113e-01
7.0399999999999096e+01  8.0295966854982357e+00  2.4608033622316783e-02  9.5894708707431331e+00  2.6876748526224914e-01  3.2609981391004091e+01  3.2000041025862913e+01  3.2000026046601604e+01  4.7999999999999998e+00  8.0592204787913850e+00  9.5784905459885934e+00  2.7158994335211956e-01  5.5862964987349226e+00  7.4295879144390764e-01  1.0543273093292429e+01  6.0257838328654756e-01  5.2547939228904805e-01  9.8864616670543004e-01
7.1199999999999505e+01  8.0452804664171147e+00  2.4609628265589361e-02  9.6088126915131937e+00  2.6715209525207290e-01  3.2612786887081178e+01  3.2000041789237535e+01  3.2000026540669111e+01  4.7999999999999998e+00  8.0749415416709311e+00  9.5978102982905860e+00  2.7130643767747725e-01  5.5808373298598095e+00  7.4293184433442327e-01  1.0581630381137991e+01  6.0119973435852181e-01  5.2489158290714910e-01  9.8864607326143195e-01
7.1999999999999901e+01  8.0617131543652505e+00  2.4612759333375631e-02  9.6282358032523891e+00  2.6686333605332829e-01  3.2615854902266236e+01  3.2000042532834051e+01  3.2000027022885995e+01  4.7999999999999998e+00  8.0914134358277767e+00  9.6172114703936185e+00  2.7121266949774098e-01  5.5786691607133818e+00  7.4261111340983932e-01  1.0618574153863324e+01  5.9974159034139507e-01  5.2433082593462743e-01  9.8864447054104432e-01
7.2800000000000296e+01  8.0785226827687602e+00  2.4614228056921292e-02  9.6475143649464119e+00  2.6656288682553192e-01  3.2619163380867917e+01  3.2000043247079091e+01  3.2000027511143529e+01  4.7999999999999998e+00  8.1082629861140170e+00  9.6364684863313101e+00  2.7065189475970319e-01  5.5768108586908705e+00  7.4244051479372752e-01  1.0654780551471310e+01  5.9739552026973841e-01  5.2376937978986193e-01  9.8864111110495168e-01
7.3600000000000705e+01  8.0950253201478013e+00  2.4613078530907159e-02  9.6671406820098991e+00  2.6627040835363575e-01  3.2621837487133682e+01  3.2000043945660806e+01  3.2000027995435694e+01  4.7999999999999998e+00  8.1248049347291040e+00  9.6560740809067873e+00  2.7034409700894790e-01  5.5762906067393789e+00  7.4232155824686441e-01  1.0690288537087511e+01  5.9629944860466899e-01  5.2317831729047359e-01  9.8863885347469671e-01
7.4400000000001199e+01  8.1109573729184703e+00  2.4611666481150023e-02  9.6860074614635039e+00  2.6880571992161845e-01  3.2624277892005523e+01  3.2000044630328816e+01  3.2000028472729461e+01  4.7999999999999998e+00  8.1407755185378932e+00  9.6749218445092122e+00  2.6896906751225164e-01  5.5743971765686231e+00  7.4226290251545468e-01  1.0724968378397367e+01  5.9447659194372349e-01  5.2257542646913957e-01  9.8863764182479141e-01
7.5200000000001594e+01  8.1266523926492553e+00  2.4612671483443621e-02  9.7045863246694601e+00  2.6853936913722098e-01  3.2627628712485048e+01  3.2000045259815394e+01  3.2000028917151589e+01  4.7999999999999998e+00  8.1565093809679361e+00  9.6934793844304501e+00  2.6868920006722158e-01  5.5717989011696094e+00  7.4224287461166405e-01  1.0759669640990504e+01  5.9308179908868441e-01  5.2200736870848807e-01  9.8863597637693068e-01
7.6000000000002004e+01  8.1420684913095638e+00  2.4615516320287755e-02  9.7233839603501213e+00  2.6828475156691600e-01  3.2631394519096226e+01  3.2000045917619552e+01  3.2000029352968312e+01  4.7999999999999998e+00  8.1719646827127583e+00  9.7122537227840215e+00  2.6842091093244275e-01  5.5720280902996988e+00  7.4218052499957832e-01  1.0793466686819070e+01  5.9154344808186088e-01  5.2149207289381094e-01  9.8863384273666777e-01
7.6800000000002399e+01  8.1564701170751732e+00  2.4617040144227359e-02  9.7404445157531185e+00  2.6791074760079753e-01  3.2635319782285208e+01  3.2000046606519568e+01  3.2000029820056795e+01  4.7999999999999998e+00  8.1864042819020142e+00  9.7292933293782724e+00  2.6818408290709433e-01  5.5691700465917817e+00  7.4215199061598502e-01  1.0825644919963031e+01  5.9026949613304258e-01  5.2099846231144420e-01  9.8863187510877626e-01
7.7600000000002794e+01  8.1696312224262915e+00  2.4615794410597303e-02  9.7569593236835299e+00  2.6853826050020441e-01  3.2639389851096169e+01  3.2000047313516397e+01  3.2000030313464300e+01  4.7999999999999998e+00  8.1996010757499924e+00  9.7457866329351219e+00  2.6798471113638517e-01  5.5656225125527872e+00  7.4220409217259842e-01  1.0857368596307717e+01  5.8916775656568576e-01  5.2051598132845467e-01  9.8862980369710751e-01
7.8400000000003203e+01  8.1818206055171689e+00  2.4613751021801737e-02  9.7732354454873587e+00  2.6838290380871532e-01  3.2643887598472475e+01  3.2000048026459794e+01  3.2000030813664573e+01  4.7999999999999998e+00  8.2118246814048419e+00  9.7620395294771001e+00  2.6980922819368985e-01  5.5626353459491247e+00  7.4232393178176770e-01  1.0888484190911605e+01  5.8816960099623949e-01  5.2007093476283894e-01  9.8862898503823249e-01
7.9200000000003598e+01  8.1931741906418214e+00  2.4613460360226172e-02  9.7885307979989484e+00  2.6845941118899158e-01  3.2649021622302143e+01  3.2000048761121398e+01  3.2000031313705243e+01  4.7999999999999998e+00  8.2232120124820263e+00  9.7773109948351387e+00  2.7005187358942084e-01  5.5587507170052133e+00  7.4240187087350440e-01  1.0918654004934826e+01  5.8672764841307423e-01  5.1968620641057406e-01  9.8862876513398990e-01
8.0000000000003993e+01  8.2035193433473701e+00  2.4614870996911835e-02  9.8031482533902050e+00  2.6811257557889823e-01  3.2654842773978935e+01  3.2000049530303180e+01  3.2000031816802959e+01  4.7999999999999998e+00  8.2335901160349234e+00  9.7919027306684292e+00  2.6985000842138335e-01  5.5545167179192276e+00  7.4188824610172854e-01  1.0948257793310374e+01  5.8676939449389387e-01  5.1936088855620954e-01  9.8862606933623998e-01
8.0800000000004403e+01  8.2124826928225332e+00  2.4615484946279603e-02  9.8168655628228798e+00  2.6692295029595303e-01  3.2661101681444428e+01  3.2000050284060777e+01  3.2000032323199328e+01  4.7999999999999998e+00  8.2425846383685037e+00  9.8055932904401022e+00  2.6977692553278171e-01  5.5498363640894057e+00  7.4205529008997395e-01  1.0976600655317574e+01  5.8545079063114569e-01  5.1907983479446185e-01  9.8862301232685934e-01
8.1600000000004798e+01  8.2200622248380455e+00  2.4613685834510773e-02  9.8293802299665334e+00  2.6690702147791995e-01  3.2667846138871852e+01  3.2000051094213951e+01  3.2000032839030013e+01  4.7999999999999998e+00  8.2501931180492285e+00  9.8180809978498793e+00  2.7126660914038275e-01  5.5432307210873590e+00  7.4318293794388313e-01  1.1004134640682125e+01  5.8513808647250676e-01  5.1883995015946172e-01  9.8862166393887019e-01
8.2400000000005207e+01  8.2265487436937601e+00  2.4611060635337398e-02  9.8411275737092829e+00  2.6692557255402460e-01  3.2675291249257903e+01  3.2000051885248858e+01  3.2000033365481734e+01  4.7999999999999998e+00  8.2567067709878827e+00  9.8297999872209587e+00  2.7085535034440417e-01  5.5359450944854185e+00  7.4298573951524660e-01  1.1031161240571892e+01  5.8532005100133011e-01  5.1865704513051791e-01  9.8862064986894349e-01
8.3200000000005701e+01  8.2321618931754070e+00  2.4610253175838575e-02  9.8522822913922958e+00  2.6919308393469965e-01  3.2683493115657804e+01  3.2000052661477369e+01  3.2000033873976989e+01  4.7999999999999998e+00  8.2623460634419494e+00  9.8409246063178344e+00  2.6836044562623190e-01  5.5294817089121651e+00  7.4276912889127511e-01  1.1057129888448840e+01  5.8478527501190869e-01  5.1855179407674656e-01  9.8861911794483692e-01
8.4000000000006096e+01  8.2366669956266101e+00  2.4611255159281469e-02  9.8623811236564336e+00  2.6926984203038778e-01  3.2692309450883258e+01  3.2000053450909228e+01  3.2000034379502765e+01  4.7999999999999998e+00  8.2668764583541350e+00  9.8509924761742678e+00  2.6841837938110713e-01  5.5226616085643325e+00  7.4298756672053090e-01  1.1081850289627248e+01  5.8540658724478878e-01  5.1851666895263915e-01  9.8861772450442209e-01
8.4800000000006506e+01  8.2398414568126892e+00  2.4611451347578601e-02  9.8717078688256645e+00  2.7089336945750281e-01  3.2701689947572312e+01  3.2000054210303610e+01  3.2000034874810439e+01  4.7999999999999998e+00  8.2700746842760200e+00  9.8602865370451589e+00  2.6995397585707998e-01  5.5158158476597983e+00  7.4325711391351945e-01  1.1105719363861425e+01  5.8557813112930401e-01  5.1853166951818419e-01  9.8861644854010167e-01
8.5600000000006901e+01  8.2418616080429654e+00  2.4609222427019590e-02  9.8797987802287981e+00  2.7062911741429224e-01  3.2711675973041231e+01  3.2000054980530869e+01  3.2000035402787390e+01  4.7999999999999998e+00  8.2721166667717032e+00  9.8683445700923542e+00  2.6982582347247558e-01  5.5068600152980789e+00  7.4354470235599746e-01  1.1128984179160792e+01  5.8603033226513368e-01  5.1859673875024215e-01  9.8861479915490924e-01
8.6400000000007296e+01  8.2431892122732737e+00  2.4605983505845190e-02  9.8870311521160730e+00  2.6822469146834155e-01  3.2722642264758193e+01  3.2000055784288982e+01  3.2000035934454957e+01  4.7999999999999998e+00  8.2734646890365404e+00  9.8755428172996211e+00  2.6998463610980472e-01  5.4972683723155074e+00  7.4377808511622756e-01  1.1151466736406476e+01  5.8639822739140324e-01  5.1873371515788269e-01  9.8861380140134802e-01
8.7200000000007705e+01  8.2439812319385464e+00  2.4604086885780776e-02  9.8941134663963961e+00  2.6983179944207558e-01  3.2734144874374216e+01  3.2000056600967234e+01  3.2000036494804831e+01  4.7999999999999998e+00  8.2742763803541521e+00  9.8825894578668390e+00  2.7060282848428757e-01  5.4910502027980286e+00  7.4439879029402845e-01  1.1172669043324509e+01  5.8714486999716897e-01  5.1895308197503920e-01  9.8861341598636066e-01
8.8000000000008100e+01  8.2437955639845200e+00  2.4603682286298206e-02  9.9003444274843186e+00  2.6978226344636880e-01  3.2746218369388735e+01  3.2000057347312257e+01  3.2000037078632069e+01  4.7999999999999998e+00  8.2741098512828355e+00  9.8887834300089530e+00  2.7010632687191893e-01  5.4845911782772188e+00  7.4420398446882630e-01  1.1192804327498985e+01  5.8802654560767031e-01  5.1922687332268624e-01  9.8861242606642574e-01
8.8800000000008495e+01  8.2425570155888881e+00  2.4602696349200082e-02  9.9047998586968991e+00  2.7004037239593864e-01  3.2758827058465698e+01  3.2000058145425911e+01  3.2000037687087875e+01  4.7999999999999998e+00  8.2728897594894875e+00  9.8932026374276187e+00  2.7405759937451724e-01  5.4742622490123569e+00  7.4444069004712321e-01  1.1212196999371539e+01  5.8932655704630432e-01  5.1953884374627801e-01  9.8861078702399829e-01
8.9600000000008905e+01  8.2410297445628480e+00  2.4599723601411626e-02  9.9090324635527072e+00  2.7093948216828867e-01  3.2772135555278417e+01  3.2000058928889537e+01  3.2000038295658150e+01  4.7999999999999998e+00  8.2713801119195125e+00  9.8973976408492206e+00  2.7417086797825646e-01  5.4670285258634124e+00  7.4528716389931637e-01  1.1230333255716696e+01  5.8996895199125532e-01  5.1991952978982936e-01  9.8860862174486508e-01
9.0400000000009300e+01  8.2396149514975772e+00  2.4595804811158858e-02  9.9135832937300812e+00  2.7029084658927804e-01  3.2786260214565999e+01  3.2000059750663162e+01  3.2000038935795679e+01  4.7999999999999998e+00  8.2699821448071340e+00  9.9019088676313274e+00  2.7440802434976280e-01  5.4634493247096616e+00  7.4531231014552135e-01  1.1247663373440981e+01  5.9182411986882710e-01  5.2037606772188705e-01  9.8860444379213686e-01
9.1200000000009794e+01  8.2378589807685323e+00  2.4592934368326849e-02  9.9174523587639047e+00  2.7496272811732747e-01  3.2800741455986042e+01  3.2000060636357830e+01  3.2000039574292352e+01  4.7999999999999998e+00  8.2682423877887512e+00  9.9057386767653899e+00  2.7393307838325731e-01  5.4592219162112983e+00  7.4535129776797815e-01  1.1264567542312367e+01  5.9308077445085228e-01  5.2087630667499552e-01  9.8860065774485029e-01
9.2000000000010203e+01  8.2354085455850949e+00  2.4591553507237771e-02  9.9200321056677883e+00  2.7437596354562693e-01  3.2815683920408524e+01  3.2000061576580151e+01  3.2000040213477938e+01  4.7999999999999998e+00  8.2658080109484438e+00  9.9082793448738808e+00  2.7632391367832559e-01  5.4538894337215753e+00  7.4539264666789506e-01  1.1279946406398903e+01  5.9445188175996266e-01  5.2140011043305101e-01  9.8859666909488297e-01
9.2800000000010598e+01  8.2328120862855325e+00  2.4590089645990684e-02  9.9221663652539487e+00  2.7388627494677564e-01  3.2830872789314007e+01  3.2000062507250902e+01  3.2000040865461735e+01  4.7999999999999998e+00  8.2632278606169312e+00  9.9103744633522197e+00  2.7641691578404054e-01  5.4508020654936225e+00  7.4540052330236550e-01  1.1293801616762257e+01  5.9517188397289300e-01  5.2195954432575609e-01  9.8859221794676644e-01
9.3600000000010994e+01  8.2306510593767275e+00  2.4587044046507672e-02  9.9247800705473050e+00  2.7626077058985737e-01  3.2846425984132942e+01  3.2000063433552953e+01  3.2000041484087639e+01  4.7999999999999998e+00  8.2610831267008269e+00  9.9129481090781848e+00  2.7466015921645814e-01  5.4507035202663552e+00  7.4533269713132233e-01  1.1307281762323765e+01  5.9671941141305140e-01  5.2256023309315514e-01  9.8858770007321506e-01
9.4400000000011403e+01  8.2285397730862684e+00  2.4583105767900348e-02  9.9260722501550465e+00  2.7682810986098366e-01  3.2862361540507493e+01  3.2000064467312278e+01  3.2000042135932766e+01  4.7999999999999998e+00  8.2589876486399572e+00  9.9142026751544723e+00  2.7730042227148383e-01  5.4470454511813191e+00  7.4525805119671207e-01  1.1320137352890795e+01  5.9850948137185445e-01  5.2316985451473763e-01  9.8858366483718707e-01
9.5200000000011798e+01  8.2262727046085935e+00  2.4580270403422432e-02  9.9272385559381799e+00  2.7456423167939031e-01  3.2878065376793039e+01  3.2000065453974628e+01  3.2000042746615456e+01  4.7999999999999998e+00  8.2567362803987798e+00  9.9153318442642373e+00  2.7776607343692133e-01  5.4461975086154100e+00  7.4515928640641893e-01  1.1331508102255395e+01  5.9842345253019857e-01  5.2377441466750607e-01  9.8858009796010382e-01
9.6000000000012193e+01  8.2240706610310532e+00  2.4579064546013666e-02  9.9286693959474022e+00  2.7727474113225931e-01  3.2893857710586246e+01  3.2000066372069206e+01  3.2000043312008316e+01  4.7999999999999998e+00  8.2545508390873046e+00  9.9167241862454123e+00  2.7700671102835844e-01  5.4471148676900532e+00  7.4533466483944466e-01  1.1342215909808491e+01  5.9802238956024023e-01  5.2436657063399406e-01  9.8857622343045870e-01
9.6800000000012602e+01  8.2221972661703511e+00  2.4577873692688643e-02  9.9288861068943479e+00  2.7768890067915808e-01  3.2909465696081789e+01  3.2000067362597655e+01  3.2000043897038076e+01  4.7999999999999998e+00  8.2526951249334974e+00  9.9169058853767886e+00  2.7617041156447736e-01  5.4436142643149701e+00  7.4556106850296233e-01  1.1352743055725147e+01  5.9944499645467908e-01  5.2493552596673898e-01  9.8857155179078648e-01
9.7600000000012997e+01  8.2208479080272827e+00  2.4575158349426991e-02  9.9287384075954410e+00  2.7690165144139928e-01  3.2924720129931124e+01  3.2000068309690548e+01  3.2000044469159043e+01  4.7999999999999998e+00  8.2513637045009744e+00  9.9167260568977902e+00  2.7707403567610023e-01  5.4410041582211122e+00  7.4520408734921439e-01  1.1361893074049995e+01  6.0080813880404360e-01  5.2548358516385196e-01  9.8856684443868514e-01
9.8400000000013407e+01  8.2199411097191692e+00  2.4571457311727482e-02  9.9292428671132260e+00  2.7605079561242346e-01  3.2939674168222041e+01  3.2000069207369620e+01  3.2000045035823874e+01  4.7999999999999998e+00  8.2504745555522199e+00  9.9171987437236382e+00  2.8063689519930263e-01  5.4420094808585935e+00  7.4490944900329259e-01  1.1369919475202250e+01  6.0404532336086048e-01  5.2599361557738977e-01  9.8856313195596279e-01
9.9200000000013802e+01  8.2193161727231168e+00  2.4568546529943912e-02  9.9291669053070102e+00  2.7692410890348573e-01  3.2954099418099275e+01  3.2000070169030444e+01  3.2000045607048477e+01  4.7999999999999998e+00  8.2498676234686101e+00  9.9170940387483260e+00  2.7578012559878362e-01  5.4395716156553640e+00  7.4556826976610646e-01  1.1378057406331100e+01  6.0520147500014654e-01  5.2643079109917534e-01  9.8856014565061157e-01
1.0000000000001400e+02  8.2193911307414318e+00  2.4566916143454923e-02  9.9282853423969524e+00  2.8043608987154645e-01  3.2967939691871315e+01  3.2000071122168869e+01  3.2000046180661982e+01  4.7999999999999998e+00  8.2499622107697110e+00  9.9161878211398662e+00  2.7599543449698039e-01  5.4343046798593155e+00  7.4518797400259984e-01  1.1385542217424758e+01  6.0580521314770452e-01  5.2680055478219767e-01  9.8855666156903677e-01
1.0080000000001500e+02  8.2206202065486913e+00  2.4565182592997885e-02  9.9279671805423337e+00  2.7930521018492516e-01  3.2981100900098447e+01  3.2000072001223508e+01  3.2000046769243930e+01  4.7999999999999998e+00  8.2512128877430087e+00  9.9158471476331052e+00  2.7617793747314695e-01  5.4318488240541773e+00  7.4520726891479239e-01  1.1391863354954609e+01  6.0699545024498958e-01  5.2710910005112699e-01  9.8855226441396327e-01
1.0160000000001500e+02  8.2231769985489453e+00  2.4562169693257443e-02  9.9288250906685693e+00  2.7560818147175675e-01  3.2993418089256146e+01  3.2000072925852088e+01  3.2000047367529746e+01  4.7999999999999998e+00  8.2537927886967033e+00  9.9166844474896809e+00  2.8291581281727968e-01  5.4312460989481419e+00  7.4571088140147501e-01  1.1398389918784245e+01  6.0799974460008988e-01  5.2732950794920386e-01  9.8854778938599641e-01
1.0240000000001500e+02  8.2271053821083377e+00  2.4558422439889545e-02  9.9293123842496662e+00  2.7572138320296186e-01  3.3004733414842313e+01  3.2000073860780027e+01  3.2000048006643709e+01  4.7999999999999998e+00  8.2577460291515781e+00  9.9171570762038357e+00  2.8283261672682936e-01  5.4254952462253518e+00  7.4624084294409587e-01  1.1405518734544275e+01  6.0841660218872318e-01  5.2741126897147628e-01  9.8854398962489198e-01
1.0320000000001600e+02  8.2328455423664835e+00  2.4555219413456199e-02  9.9303215813464618e+00  2.7578042661587437e-01  3.3014413794395473e+01  3.2000074758612989e+01  3.2000048673716350e+01  4.7999999999999998e+00  8.2635135329357112e+00  9.9181578250938678e+00  2.8159580329131939e-01  5.4198930910410281e+00  7.4637837315826983e-01  1.1412288234748166e+01  6.0844926547949130e-01  5.2733662081468879e-01  9.8854061351756084e-01
1.0400000000001600e+02  8.2403829478916641e+00  2.4552902984828817e-02  9.9328016677438278e+00  2.8229881177171451e-01  3.3022964061045244e+01  3.2000075669687284e+01  3.2000049342789886e+01  4.7999999999999998e+00  8.2710805687420610e+00  9.9206321668107762e+00  2.8122089154739743e-01  5.4168527459104512e+00  7.4651965357124039e-01  1.1419228032751677e+01  6.0761595312913830e-01  5.2714803266197718e-01  9.8853701429729546e-01
1.0480000000001699e+02  8.2492590547485722e+00  2.4550743213691485e-02  9.9355585683770169e+00  2.8298609474298902e-01  3.3030992558513603e+01  3.2000076611515908e+01  3.2000050061192582e+01  4.7999999999999998e+00  8.2799879694992882e+00  9.9233865664136225e+00  2.8117197211732803e-01  5.4104958392345885e+00  7.4624175407210980e-01  1.1427367892349899e+01  6.0660172625686803e-01  5.2687952982845720e-01  9.8853319927674554e-01
1.0560000000001700e+02  8.2589460476581742e+00  2.4548018264264133e-02  9.9382084304779532e+00  2.8197577942322155e-01  3.3038382530909239e+01  3.2000077546287208e+01  3.2000050799618286e+01  4.7999999999999998e+00  8.2897072246317869e+00  9.9260375935902765e+00  2.8252849766823807e-01  5.4025553351611189e+00  7.4618755012566307e-01  1.1435589570664455e+01  6.0656998952468399e-01  5.2654710575225194e-01  9.8852966114927243e-01
1.0640000000001800e+02  8.2689816600083645e+00  2.4544651336290212e-02  9.9412795940478631e+00  2.8059544236928169e-01  3.3045256204430565e+01  3.2000078482568206e+01  3.2000051520357310e+01  4.7999999999999998e+00  8.2997756846911130e+00  9.9291109283468177e+00  2.8427294717201429e-01  5.3965803907244245e+00  7.4617744295040545e-01  1.1443137572970002e+01  6.0517518583035368e-01  5.2615783959926643e-01  9.8852640052368690e-01
1.0720000000001799e+02  8.2794119040571665e+00  2.4541124037240611e-02  9.9450112369443779e+00  2.8050914137418809e-01  3.3052135333841051e+01  3.2000079464680738e+01  3.2000052263116608e+01  4.7999999999999998e+00  8.3102397748823496e+00  9.9328436671208564e+00  2.8416934432343843e-01  5.3914521426918727e+00  7.4683687693557488e-01  1.1450972292724741e+01  6.0432221813623577e-01  5.2573704099758767e-01  9.8852293183205397e-01
1.0800000000001801e+02  8.2901950515339493e+00  2.4541331953540715e-02  9.9480421442633826e+00  2.8005218480435246e-01  3.3059031690233709e+01  3.2000080427525958e+01  3.2000052992489088e+01  4.7999999999999998e+00  8.3210580422695308e+00  9.9358776780382776e+00  2.8405840978550367e-01  5.3826717208735602e+00  7.4702280511621211e-01  1.1459133108442346e+01  6.0350133072802714e-01  5.2531037304975958e-01  9.8851903847362510e-01
1.0880000000001900e+02  8.3012447758331742e+00  2.4545283746306327e-02  9.9513682997460080e+00  2.7996204646756528e-01  3.3066003931650272e+01  3.2000081407796522e+01  3.2000053720642057e+01  4.7999999999999998e+00  8.3321436008426453e+00  9.9392066270281525e+00  2.8382198100482192e-01  5.3758919505328526e+00  7.4786477553643360e-01  1.1466961123380946e+01  6.0263690432334360e-01  5.2489945991704368e-01  9.8851501643320361e-01
1.0960000000001899e+02  8.3121883647756434e+00  2.4548870269962764e-02  9.9556762953956834e+00  2.8128658546479229e-01  3.3073142515399780e+01  3.2000082363491771e+01  3.2000054402581611e+01  4.7999999999999998e+00  8.3431225507882338e+00  9.9435149110216070e+00  2.8378949822101163e-01  5.3727304275664416e+00  7.4631114618717820e-01  1.1474817438605644e+01  6.0121324674353938e-01  5.2449502619799715e-01  9.8851136339925028e-01
1.1040000000002000e+02  8.3226820568522974e+00  2.4551478069910863e-02  9.9591447885375590e+00  2.8302111334962760e-01  3.3080427302364384e+01  3.2000083320708804e+01  3.2000055086433989e+01  4.7999999999999998e+00  8.3536504979015884e+00  9.9469849466793487e+00  2.8235896478834938e-01  5.3645953035214022e+00  7.4524940352830371e-01  1.1483312947405977e+01  6.0076262752448473e-01  5.2408380661342502e-01  9.8850821286030721e-01
1.1120000000002000e+02  8.3329964096977918e+00  2.4553908365198756e-02  9.9619954847641949e+00  2.8295032408850734e-01  3.3087703869798872e+01  3.2000084301605305e+01  3.2000055776517513e+01  4.7999999999999998e+00  8.3639985143718754e+00  9.9498388405532214e+00  2.8226949599487172e-01  5.3547408718218410e+00  7.4500963788256747e-01  1.1491668813129445e+01  5.9970694486950860e-01  5.2370171825089340e-01  9.8850523689593428e-01
1.1200000000001999e+02  8.3434009271422696e+00  2.4557178501683798e-02  9.9655521983485702e+00  2.8287838613675198e-01  3.3095113818040318e+01  3.2000085256136686e+01  3.2000056431853118e+01  4.7999999999999998e+00  8.3744368430947773e+00  9.9533973535698639e+00  2.8495758081370487e-01  5.3509371024931776e+00  7.4508179191979862e-01  1.1499086143572514e+01  5.9917154341934420e-01  5.2338921203878841e-01  9.8850232046134512e-01
1.1280000000002100e+02  8.3533783924384064e+00  2.4560946051348714e-02  9.9685780446141656e+00  2.8270021310647364e-01  3.3103230306667598e+01  3.2000086227445266e+01  3.2000057100379834e+01  4.7999999999999998e+00  8.3844481487641893e+00  9.9564236909010084e+00  2.8473196847573140e-01  5.3463905848291713e+00  7.4512764573214674e-01  1.1506215437624688e+01  5.9908675741364992e-01  5.2312489635262693e-01  9.8849945976508968e-01
1.1360000000002100e+02  8.3625327544411512e+00  2.4563956013995955e-02  9.9701918301394521e+00  2.8277390957219445e-01  3.3111838218787248e+01  3.2000087267631280e+01  3.2000057797444278e+01  4.7999999999999998e+00  8.3936357967996464e+00  9.9580386539965016e+00  2.8553610935052254e-01  5.3378017855084572e+00  7.4566616080020376e-01  1.1512951549549257e+01  5.9811872472649319e-01  5.2289095920604189e-01  9.8849626560480497e-01
1.1440000000002200e+02  8.3709970570343462e+00  2.4565647607658003e-02  9.9710282097425935e+00  2.8136636677333010e-01  3.3120471012255429e+01  3.2000088284065875e+01  3.2000058456087821e+01  4.7999999999999998e+00  8.4021325282019586e+00  9.9588771975378183e+00  2.8548422438593302e-01  5.3309243268861719e+00  7.4710548696712187e-01  1.1518157825889407e+01  5.9833818744870115e-01  5.2270861935504898e-01  9.8849284848824304e-01
1.1520000000002200e+02  8.3792126590014195e+00  2.4566874017802335e-02  9.9719338840229579e+00  2.8410077067497091e-01  3.3129769438793446e+01  3.2000089317543534e+01  3.2000059090388234e+01  4.7999999999999998e+00  8.4103799903475007e+00  9.9597832621383766e+00  2.8433793201922625e-01  5.3293339515762268e+00  7.4797480451151832e-01  1.1521933182431729e+01  5.9807934861822565e-01  5.2261281523861047e-01  9.8849001672234693e-01
1.1600000000002200e+02  8.3869708251621091e+00  2.4568742092749729e-02  9.9721153057075931e+00  2.8480254989259191e-01  3.3140395960926746e+01  3.2000090345038330e+01  3.2000059748768237e+01  4.7999999999999998e+00  8.4181695437505919e+00  9.9599628033018259e+00  2.8432809774445450e-01  5.3280295467695353e+00  7.4857139673155160e-01  1.1524918111060176e+01  5.9750223121670609e-01  5.2259256424836242e-01  9.8848773677406787e-01
1.1680000000002300e+02  8.3938120431421854e+00  2.4571063068901181e-02  9.9713815060162929e+00  2.8481335458499346e-01  3.3151683247388810e+01  3.2000091378171874e+01  3.2000060429565650e+01  4.7999999999999998e+00  8.4250412215144621e+00  9.9592262205559621e+00  2.8660982970623139e-01  5.3264256566932549e+00  7.4807763855392317e-01  1.1526985318377733e+01  5.9796046863255237e-01  5.2261877337570783e-01  9.8848513457803744e-01
1.1760000000002300e+02  8.3997879790264633e+00  2.4572739207692266e-02  9.9709450304083180e+00  2.8371943643341330e-01  3.3163434346436063e+01  3.2000092419361501e+01  3.2000061139531681e+01  4.7999999999999998e+00  8.4310463128657034e+00  9.9587840366368940e+00  2.8665513067037474e-01  5.3286167342795343e+00  7.4758924540432292e-01  1.1528395707930233e+01  5.9820420834375720e-01  5.2269022240679841e-01  9.8848219872450516e-01
1.1840000000002399e+02  8.4050999375183473e+00  2.4573319115111725e-02  9.9707690957403834e+00  2.8380523761082443e-01  3.3176083677905375e+01  3.2000093530307531e+01  3.2000061884964616e+01  4.7999999999999998e+00  8.4363861705768421e+00  9.9585987521638692e+00  2.8787810693268362e-01  5.3322406331386309e+00  7.4773467162239182e-01  1.1530135922439184e+01  5.9887916079651393e-01  5.2281373346101712e-01  9.8847965354936596e-01
1.1920000000002400e+02  8.4098450595473668e+00  2.4573536019401862e-02  9.9704005511034168e+00  2.8610809314054270e-01  3.3189657955239085e+01  3.2000094660947362e+01  3.2000062630278087e+01  4.7999999999999998e+00  8.4411584072974861e+00  9.9582182964669670e+00  2.8534583035846095e-01  5.3342268261446355e+00  7.4784945044183759e-01  1.1532811488326292e+01  5.9888589697748928e-01  5.2299009201111579e-01  9.8847741459099336e-01
1.2000000000002400e+02  8.4138706957495693e+00  2.4574399251715156e-02  9.9705229053322260e+00  2.8736672145208475e-01  3.3203790644667542e+01  3.2000095792331720e+01  3.2000063356339453e+01  4.7999999999999998e+00  8.4452105201698568e+00  9.9583251126299128e+00  2.8671710578447240e-01  5.3370208513184156e+00  7.4820262405316729e-01  1.1536379164088876e+01  5.9970938708288746e-01  5.2320705578025806e-01  9.8847502297560386e-01
1.2080000000002499e+02  8.4169819244212469e+00  2.4575853014716851e-02  9.9713113159464033e+00  2.8485952243760215e-01  3.3218117548563576e+01  3.2000096961985442e+01  3.2000064101615152e+01  4.7999999999999998e+00  8.4483472591306228e+00  9.9590945304637106e+00  2.8684401063299642e-01  5.3409980540493294e+00  7.4813948781616113e-01  1.1540959223556779e+01  6.0074495212004342e-01  5.2345063567123518e-01  9.8847267731625243e-01
1.2160000000002501e+02  8.4192263911493086e+00  2.4576784835107418e-02  9.9717273558288451e+00  2.8656030766530410e-01  3.3232886291489855e+01  3.2000098082591222e+01  3.2000064841056457e+01  4.7999999999999998e+00  8.4506160927710372e+00  9.9594900742683521e+00  2.8747831741203739e-01  5.3411766922040904e+00  7.4768434380575166e-01  1.1546828011435963e+01  6.0105611207513088e-01  5.2371992330660755e-01  9.8847048153379835e-01
1.2240000000002600e+02  8.4206816352450780e+00  2.4576627738858634e-02  9.9713911693940425e+00  2.8648614616095741e-01  3.3247999404108498e+01  3.2000099170962713e+01  3.2000065555053425e+01  4.7999999999999998e+00  8.4520945975625921e+00  9.9591331880622089e+00  2.8694853347542620e-01  5.3372314429777825e+00  7.4791310228917274e-01  1.1553502776607468e+01  6.0145360237024015e-01  5.2401934618277635e-01  9.8846828723769498e-01
1.2320000000002599e+02  8.4214415792854318e+00  2.4576123078197350e-02  9.9708985810780053e+00  2.8671204731451050e-01  3.3263184599056991e+01  3.2000100284906878e+01  3.2000066285868925e+01  4.7999999999999998e+00  8.4528769432211668e+00  9.9586190678108011e+00  2.9084566010838808e-01  5.3339611575618813e+00  7.4728346997792772e-01  1.1560025182531936e+01  6.0293970283595699e-01  5.2435800554899969e-01  9.8846618715220325e-01
1.2400000000002700e+02  8.4213360398796482e+00  2.4576069480732647e-02  9.9693524732528846e+00  2.8671350773798382e-01  3.3278666629745139e+01  3.2000101398557788e+01  3.2000067033275201e+01  4.7999999999999998e+00  8.4527931419193898e+00  9.9570514869778517e+00  2.9095823223392381e-01  5.3287628849320843e+00  7.4778900282888083e-01  1.1565768387250667e+01  6.0255140744708457e-01  5.2472413417267827e-01  9.8846416084020061e-01
1.2480000000002700e+02  8.4202542720535778e+00  2.4576212841766767e-02  9.9655890071270807e+00  2.9065964112752712e-01  3.3294402974156235e+01  3.2000102541551044e+01  3.2000067795028187e+01  4.7999999999999998e+00  8.4517324744971525e+00  9.9532691654847039e+00  2.9051217697644949e-01  5.3177884986787358e+00  7.4748164307510090e-01  1.1570320845807037e+01  6.0184360266076853e-01  5.2510424202329953e-01  9.8846229818812092e-01
1.2560000000002699e+02  8.4184597380703519e+00  2.4575904101317228e-02  9.9602395810483380e+00  2.9082989997326097e-01  3.3310245057360795e+01  3.2000103629498525e+01  3.2000068544502490e+01  4.7999999999999998e+00  8.4499585202856995e+00  9.9479030232793839e+00  2.9080458007312199e-01  5.3055839256693744e+00  7.4801454881960960e-01  1.1572788030528056e+01  6.0311795029346749e-01  5.2551200037558876e-01  9.8846064400807665e-01
1.2640000000002800e+02  8.4162367512899259e+00  2.4575031439456631e-02  9.9538634838419426e+00  2.9038830959536349e-01  3.3326136773530749e+01  3.2000104738085199e+01  3.2000069303014882e+01  4.7999999999999998e+00  8.4477557025011460e+00  9.9415117499097825e+00  2.9352138094081676e-01  5.2960749372566678e+00  7.4756922956009519e-01  1.1572553771628845e+01  6.0492009792466150e-01  5.2595909813603281e-01  9.8845874659380717e-01
1.2720000000002800e+02  8.4135694119214648e+00  2.4573938807507453e-02  9.9456509752289914e+00  2.9073835630743733e-01  3.3342387344227724e+01  3.2000105901231876e+01  3.2000070096577183e+01  4.7999999999999998e+00  8.4451081334995948e+00  9.9332865346696266e+00  2.9357260793995837e-01  5.2852215666159816e+00  7.4769060316102443e-01  1.1569834918120350e+01  6.0778751244909213e-01  5.2642790378768600e-01  9.8845681759244286e-01
1.2800000000002899e+02  8.4104834310713983e+00  2.4573088250744543e-02  9.9360543610123973e+00  2.9348198986911933e-01  3.3358881959167334e+01  3.2000107031997032e+01  3.2000070871818430e+01  4.7999999999999998e+00  8.4420416867444530e+00  9.9236789993623074e+00  2.9419640568423960e-01  5.2739198830482330e+00  7.4788466589658997e-01  1.1564716140524347e+01  6.0921261039747898e-01  5.2690299889660841e-01  9.8845559057002930e-01
1.2880000000002801e+02  8.4071673219220511e+00  2.4572734550663947e-02  9.9259828603826303e+00  2.9357395275361592e-01  3.3375122332431843e+01  3.2000108195454906e+01  3.2000071655774676e+01  4.7999999999999998e+00  8.4387453055745905e+00  9.9135978850078477e+00  2.9466496264971886e-01  5.2654318598278218e+00  7.4808740638368842e-01  1.1557353115203920e+01  6.1039801166552066e-01  5.2738167357582821e-01  9.8845463068140471e-01
1.2960000000002699e+02  8.4040728949026544e+00  2.4572577627121065e-02  9.9161424351480676e+00  2.9416379132694809e-01  3.3391338932030926e+01  3.2000109357845147e+01  3.2000072437708837e+01  4.7999999999999998e+00  8.4356712264614160e+00  9.9037476277839041e+00  2.9392760732432399e-01  5.2610671848086445e+00  7.4868706159463916e-01  1.1548500086295968e+01  6.1205779566905127e-01  5.2787202880358641e-01  9.8845306489975504e-01
1.3040000000002601e+02  8.4014687255892966e+00  2.4572039974785916e-02  9.9064232739223463e+00  2.9463707301557512e-01  3.3407777721329794e+01  3.2000110524103796e+01  3.2000073219907030e+01  4.7999999999999998e+00  8.4330878782379823e+00  9.8940187219142963e+00  2.9314998352311616e-01  5.2580897046106534e+00  7.4835413712257381e-01  1.1539107462968488e+01  6.1384357036092729e-01  5.2836381241912633e-01  9.8845124919046667e-01
1.3120000000002599e+02  8.3992324787034960e+00  2.4571057087976453e-02  9.8972842633668296e+00  2.9387729565882992e-01  3.3423913917036877e+01  3.2000111744115657e+01  3.2000074042162353e+01  4.7999999999999998e+00  8.4308723372039882e+00  9.8848704303949457e+00  2.9416523076162082e-01  5.2560610027843975e+00  7.4782727126960702e-01  1.1529807389794241e+01  6.1483125437374386e-01  5.2882284657039902e-01  9.8845020707661357e-01
1.3200000000002501e+02  8.3975401115689934e+00  2.4570326440808445e-02  9.8898819944465330e+00  2.9314401566787679e-01  3.3439321894543326e+01  3.2000112965565378e+01  3.2000074853217804e+01  4.7999999999999998e+00  8.4292008213128788e+00  9.8774580623271877e+00  2.9777038406323919e-01  5.2581951094616226e+00  7.4842740113795647e-01  1.1521134421137560e+01  6.1557225419064665e-01  5.2923986532754441e-01  9.8844992516141439e-01
1.3280000000002400e+02  8.3967510835888106e+00  2.4570318684312004e-02  9.8834520930209919e+00  2.9406055980150375e-01  3.3454267741094128e+01  3.2000114165603890e+01  3.2000075640482464e+01  4.7999999999999998e+00  8.4284338934538656e+00  9.8710185951516198e+00  2.9283676943400255e-01  5.2597566087730740e+00  7.4809969428443479e-01  1.1514102145043644e+01  6.1707269561667577e-01  5.2961511280390805e-01  9.8844927608807043e-01
1.3360000000002299e+02  8.3972986927640001e+00  2.4570338595119385e-02  9.8786096768964722e+00  2.9757397194842755e-01  3.3468991886896049e+01  3.2000115374171486e+01  3.2000076460387895e+01  4.7999999999999998e+00  8.4290055277523024e+00  9.8661658631583986e+00  2.9307291276060510e-01  5.2618043145324531e+00  7.4814455466204410e-01  1.1509137728806969e+01  6.1764549463825191e-01  5.2994391793621842e-01  9.8844802377344165e-01
1.3440000000002300e+02  8.3992157282343491e+00  2.4569446516122907e-02  9.8755059918599652e+00  2.9516930331789165e-01  3.3483132749079850e+01  3.2000116638759252e+01  3.2000077321062889e+01  4.7999999999999998e+00  8.4309479964163252e+00  9.8630521623552561e+00  2.9615993571405519e-01  5.2652778044664323e+00  7.4815316615971572e-01  1.1506023114576010e+01  6.1806581532115734e-01  5.3020725235896216e-01  9.8844727126818877e-01
1.3520000000002199e+02  8.4024081276149243e+00  2.4567862730015218e-02  9.8738064344148704e+00  2.9265008344777027e-01  3.3496413225519696e+01  3.2000117951738844e+01  3.2000078185387878e+01  4.7999999999999998e+00  8.4341666309245635e+00  9.8613443587959395e+00  3.0084204696446426e-01  5.2678986974557205e+00  7.4862562316610348e-01  1.1505197103278306e+01  6.1871070039729825e-01  5.3038090140071559e-01  9.8844726698287400e-01
1.3600000000002100e+02  8.4071141806581196e+00  2.4566475466141373e-02  9.8731886485322367e+00  2.9277245324255918e-01  3.3509159385302034e+01  3.2000119233808796e+01  3.2000079054088729e+01  4.7999999999999998e+00  8.4389003367198328e+00  9.8607201628226164e+00  2.9872228739490880e-01  5.2685399260900274e+00  7.4825328707512029e-01  1.1506483866823533e+01  6.1883910915275653e-01  5.3045443472072484e-01  9.8844714886273610e-01
1.3680000000002099e+02  8.4136050857005671e+00  2.4565439048339677e-02  9.8728651960004061e+00  2.9876441580178931e-01  3.3521647049310737e+01  3.2000120514380320e+01  3.2000079936167445e+01  4.7999999999999998e+00  8.4454214143697186e+00  9.8603934546850951e+00  2.9838666204524311e-01  5.2660977444588584e+00  7.4894960238917541e-01  1.1509266465506187e+01  6.1884236916196877e-01  5.3043568703036270e-01  9.8844683718003190e-01
1.3760000000002000e+02  8.4218109129186782e+00  2.4564101269850334e-02  9.8737269522274129e+00  3.0068874689747893e-01  3.3533779011868525e+01  3.2000121758124308e+01  3.2000080761442568e+01  4.7999999999999998e+00  8.4536597433448186e+00  9.8612533082640326e+00  2.9838021325168368e-01  5.2653305559362087e+00  7.4894484827153285e-01  1.1513110081569101e+01  6.1805746178953558e-01  5.3035423949285565e-01  9.8844458925412926e-01
1.3840000000001899e+02  8.4310533247245267e+00  2.4562060461980180e-02  9.8750025233955441e+00  2.9786664394558698e-01  3.3545708469242214e+01  3.2000122999146150e+01  3.2000081595401596e+01  4.7999999999999998e+00  8.4629356888166924e+00  9.8625286142085109e+00  3.0160456857131962e-01  5.2645001677699614e+00  7.4885277619225310e-01  1.1517176731592297e+01  6.1807663995925544e-01  5.3021541040015618e-01  9.8843949230736305e-01
1.3920000000001801e+02  8.4407008797207332e+00  2.4559645600490766e-02  9.8751287930021068e+00  2.9744033531926689e-01  3.3557583333640906e+01  3.2000124307829275e+01  3.2000082478404693e+01  4.7999999999999998e+00  8.4726170167609638e+00  9.8626583010955695e+00  3.0153371786055100e-01  5.2588892670966754e+00  7.4884351204997501e-01  1.1520979125788221e+01  6.1733119397077318e-01  5.3002266236023765e-01  9.8843453601287667e-01
1.4000000000001799e+02  8.4506690420454547e+00  2.4557314760092971e-02  9.8745529550762541e+00  2.9878575250105666e-01  3.3569395267073965e+01  3.2000125608967878e+01  3.2000083356450212e+01  4.7999999999999998e+00  8.4826194695665542e+00  9.8620882328674497e+00  3.0132968086021833e-01  5.2525969757170072e+00  7.4886155698218881e-01  1.1523803271454504e+01  6.1730147999015295e-01  5.2980521899389155e-01  9.8842945345062583e-01
1.4080000000001701e+02  8.4610625883534212e+00  2.4555057469585789e-02  9.8736365418146104e+00  3.0056269230001731e-01  3.3581411289770500e+01  3.2000126892139384e+01  3.2000084228586765e+01  4.7999999999999998e+00  8.4930482077685490e+00  9.8611785305969359e+00  2.9991912604221121e-01  5.2482812196429203e+00  7.4879834003855028e-01  1.1525266749981775e+01  6.1634082681749280e-01  5.2958927584955562e-01  9.8842432122857893e-01
1.4160000000001600e+02  8.4715947919227670e+00  2.4552607608419749e-02  9.8715061915811511e+00  3.0049121245317623e-01  3.3593911148903949e+01  3.2000128237465894e+01  3.2000085150275964e+01  4.7999999999999998e+00  8.5036160790335380e+00  9.8590567228750903e+00  3.0256015088926291e-01  5.2423837505153745e+00  7.4943728879785654e-01  1.1525344621033296e+01  6.1625615462600980e-01  5.2937283005580704e-01  9.8841928028214954e-01
1.4240000000001501e+02  8.4817837033125354e+00  2.4549883155752298e-02  9.8680418869643969e+00  3.0038774965298021e-01  3.3606703296010835e+01  3.2000129566273806e+01  3.2000086088851063e+01  4.7999999999999998e+00  8.5138403094197397e+00  9.8556028367764306e+00  3.0319535724919211e-01  5.2349401090200711e+00  7.4897622969790068e-01  1.1523652270444131e+01  6.1559610161127543e-01  5.2914869368867212e-01  9.8841456998287169e-01
1.4320000000001500e+02  8.4915283302944360e+00  2.4546939970611324e-02  9.8635767005497943e+00  2.9891500379407554e-01  3.3619527434274318e+01  3.2000130904705031e+01  3.2000087034090285e+01  4.7999999999999998e+00  8.5236197669380047e+00  9.8511496838537997e+00  3.0311278823332471e-01  5.2279111183094722e+00  7.4944405400477299e-01  1.1520106836135991e+01  6.1526503337972316e-01  5.2892654903326397e-01  9.8841027635247014e-01
1.4400000000001401e+02  8.5010077671696500e+00  2.4543844452413314e-02  9.8582536079076117e+00  3.0158227905278434e-01  3.3632670446386349e+01  3.2000132272303951e+01  3.2000087971168220e+01  4.7999999999999998e+00  8.5331340098215751e+00  9.8458393342701171e+00  3.0189807248781492e-01  5.2216310215675392e+00  7.4902258141880884e-01  1.1514886583410902e+01  6.1495626524780533e-01  5.2872466921156525e-01  9.8840586999325841e-01
1.4480000000001300e+02  8.5101728028622574e+00  2.4540829233299723e-02  9.8519821319860839e+00  3.0227238566805353e-01  3.3646340055044490e+01  3.2000133625545288e+01  3.2000088921423988e+01  4.7999999999999998e+00  8.5423338458114415e+00  9.8395809279066331e+00  3.0371631371605817e-01  5.2151983882842208e+00  7.4950025385804919e-01  1.1508081306467682e+01  6.1453255784689698e-01  5.2854882442349238e-01  9.8840121186661878e-01
1.4560000000001301e+02  8.5187455808394450e+00  2.4538101493834032e-02  9.8445348651228315e+00  3.0106054663167070e-01  3.3660039402314688e+01  3.2000135056902543e+01  3.2000089924111826e+01  4.7999999999999998e+00  8.5509408434196672e+00  9.8321486694300173e+00  3.0405941124737834e-01  5.2076957944273286e+00  7.4997177233231538e-01  1.1499849674210139e+01  6.1460763770000049e-01  5.2839217433462571e-01  9.8839698132415588e-01
1.4640000000001200e+02  8.5266076564535922e+00  2.4535326334477348e-02  9.8366747427877606e+00  3.0109028583723574e-01  3.3673754012268979e+01  3.2000136446234478e+01  3.2000090882683679e+01  4.7999999999999998e+00  8.5588362645983658e+00  9.8243035459207437e+00  3.0525075172943505e-01  5.2013343509507308e+00  7.5002240899402661e-01  1.1490391447637874e+01  6.1487192280996761e-01  5.2825491682949421e-01  9.8839325812999490e-01
1.4720000000001099e+02  8.5338086036439993e+00  2.4531943747835735e-02  9.8284129385098851e+00  3.0331321303050285e-01  3.3687740459948600e+01  3.2000137861616892e+01  3.2000091854236608e+01  4.7999999999999998e+00  8.5660699781902814e+00  9.8160559741567912e+00  3.0258180862613376e-01  5.1954240414551798e+00  7.4966466780049112e-01  1.1479991872236019e+01  6.1431293987124014e-01  5.2814545613994712e-01  9.8838938083106609e-01
1.4800000000001000e+02  8.5404031365882211e+00  2.4528085052636033e-02  9.8192666553055847e+00  3.0483178740586830e-01  3.3701750277342647e+01  3.2000139373829043e+01  3.2000092867895866e+01  4.7999999999999998e+00  8.5726969986472525e+00  9.8069250333465874e+00  3.0425626998516053e-01  5.1879062616802241e+00  7.4931354899137059e-01  1.1469056393468760e+01  6.1431500265369721e-01  5.2806963030996246e-01  9.8838521948309599e-01
1.4880000000000999e+02  8.5464204475562688e+00  2.4524391476448262e-02  9.8101772090158921e+00  3.0190437770528711e-01  3.3715870680253332e+01  3.2000140868032851e+01  3.2000093861798860e+01  4.7999999999999998e+00  8.5787462731416539e+00  9.7978497879964497e+00  3.0404478211519276e-01  5.1816938647420239e+00  7.4983946505961885e-01  1.1457764973293957e+01  6.1320899223589997e-01  5.2803077433139101e-01  9.8838115497159795e-01
1.4960000000000900e+02  8.5517290693025565e+00  2.4520882539028642e-02  9.8013322258218913e+00  3.0363389636722665e-01  3.3730197744914371e+01  3.2000142294140787e+01  3.2000094814167909e+01  4.7999999999999998e+00  8.5840857735963443e+00  9.7890171635570749e+00  3.0414099028827485e-01  5.1767055632360597e+00  7.5062162543954303e-01  1.1446353053913002e+01  6.1160694720733422e-01  5.2802464015928774e-01  9.8837753182640775e-01
1.5040000000000799e+02  8.5562658645431693e+00  2.4523390607221002e-02  9.7924352049146410e+00  3.0349713928509164e-01  3.3744601895454252e+01  3.2000143805433659e+01  3.2000095789511178e+01  4.7999999999999998e+00  8.5886523411529492e+00  9.7801316123825845e+00  3.0403822704523875e-01  5.1707551114660637e+00  7.4858142103728031e-01  1.1435430977016695e+01  6.1198887168139138e-01  5.2804827678808131e-01  9.8837435086162118e-01
1.5120000000000701e+02  8.5601511475780807e+00  2.4526356394499755e-02  9.7837697077200101e+00  3.0367032607094929e-01  3.3759058529865733e+01  3.2000145299050907e+01  3.2000096769728067e+01  4.7999999999999998e+00  8.5925667881053833e+00  9.7714761225281404e+00  3.0785129604638828e-01  5.1644916086777650e+00  7.4743899245483258e-01  1.1425336456334414e+01  6.1369132356269518e-01  5.2810606088370093e-01  9.8837112948798067e-01
1.5200000000000699e+02  8.5635967443142729e+00  2.4528984600884814e-02  9.7758154386240399e+00  3.0360766929015731e-01  3.3773718057649532e+01  3.2000146783654401e+01  3.2000097749518744e+01  4.7999999999999998e+00  8.5960411994192292e+00  9.7635292118251886e+00  3.0788844203104559e-01  5.1599290964866515e+00  7.4753968503471446e-01  1.1416054959395899e+01  6.1534486287885204e-01  5.2820813051894977e-01  9.8836774466621413e-01
1.5280000000000601e+02  8.5665597666847031e+00  2.4531813911971869e-02  9.7685114437376139e+00  3.0744114905072151e-01  3.3788689990407150e+01  3.2000148201671017e+01  3.2000098678509474e+01  4.7999999999999998e+00  8.5990323797593327e+00  9.7562298302298895e+00  3.0808104002959436e-01  5.1557669981918943e+00  7.4762213740562999e-01  1.1407926326070919e+01  6.1507167197386747e-01  5.2835008881532197e-01  9.8836454859364542e-01
1.5360000000000500e+02  8.5688793633129983e+00  2.4534582527781533e-02  9.7617604443063080e+00  3.0751687525858590e-01  3.3803808192147585e+01  3.2000149672141220e+01  3.2000099639974344e+01  4.7999999999999998e+00  8.6013791142481040e+00  9.7494811625910494e+00  3.0754856660557456e-01  5.1512855792174577e+00  7.4957815537454653e-01  1.1401115186221361e+01  6.1609671306819280e-01  5.2852094977987341e-01  9.8836166513450741e-01
1.5440000000000501e+02  8.5706250892518554e+00  2.4536861648000178e-02  9.7554127687913290e+00  3.0776956712180165e-01  3.3818984882925001e+01  3.2000151151926296e+01  3.2000100629428871e+01  4.7999999999999998e+00  8.6031511267929162e+00  9.7431341230843103e+00  3.1017119101200502e-01  5.1462852929469181e+00  7.5131213588413803e-01  1.1395615827089790e+01  6.1721727602988175e-01  5.2872090287772022e-01  9.8835899462889176e-01
1.5520000000000400e+02  8.5721174786312009e+00  2.4538647448313279e-02  9.7499257777243677e+00  3.0723931634064655e-01  3.3834491845255123e+01  3.2000152625812397e+01  3.2000101612496401e+01  4.7999999999999998e+00  8.6046695043556980e+00  9.7376447252596048e+00  3.1010960189661380e-01  5.1423188500048500e+00  7.5097416933822314e-01  1.1391518504101823e+01  6.1767682449345185e-01  5.2896218072965850e-01  9.8835638768891243e-01
1.5600000000000301e+02  8.5735072945427859e+00  2.4540187435380615e-02  9.7456093704327635e+00  3.1001438930559266e-01  3.3850333740026208e+01  3.2000154107881905e+01  3.2000102608318869e+01  4.7999999999999998e+00  8.6060851601288046e+00  9.7333225232399538e+00  3.0801991570073639e-01  5.1403378735649659e+00  7.5091404492996738e-01  1.1388896775839203e+01  6.1805453033122715e-01  5.2924590621468215e-01  9.8835381481124440e-01
1.5680000000000200e+02  8.5745906832834073e+00  2.4541737418339562e-02  9.7419424165515007e+00  3.0975435937932400e-01  3.3866386354399943e+01  3.2000155577233812e+01  3.2000103623156228e+01  4.7999999999999998e+00  8.6071938016215217e+00  9.7296476038772450e+00  3.1080645468539708e-01  5.1380816287405624e+00  7.5106801751179908e-01  1.1387738919172591e+01  6.1935262925854906e-01  5.2955395844440700e-01  9.8835139286027118e-01
1.5760000000000201e+02  8.5753076133101143e+00  2.4543415444723906e-02  9.7390113002514163e+00  3.0774911162265528e-01  3.3882545674102310e+01  3.2000157055469366e+01  3.2000104622170412e+01  4.7999999999999998e+00  8.6079351169163054e+00  9.7267062498810475e+00  3.1126883570283465e-01  5.1361340317192195e+00  7.5156783560776774e-01  1.1387901381025573e+01  6.1993235183475504e-01  5.2987757242014888e-01  9.8834914422570674e-01
1.5840000000000100e+02  8.5759750642200530e+00  2.4544985817391427e-02  9.7367162426351648e+00  3.1055309316390900e-01  3.3898922066960957e+01  3.2000158471510204e+01  3.2000105593131657e+01  4.7999999999999998e+00  8.6086264789242755e+00  9.7243992106777544e+00  3.0912699924760589e-01  5.1349256662871348e+00  7.5156963715030933e-01  1.1389144319230791e+01  6.2059303145573974e-01  5.3022538673743669e-01  9.8834712838187955e-01
1.5919999999999999e+02  8.5768972165249089e+00  2.4546062178897168e-02  9.7352895098248347e+00  3.1103434318819173e-01  3.3915695883002094e+01  3.2000159910121830e+01  3.2000106591129132e+01  4.7999999999999998e+00  8.6095725145755431e+00  9.7229582955680200e+00  3.1020580458803754e-01  5.1352762527968521e+00  7.5151757013298237e-01  1.1391440313971479e+01  6.2145008328676021e-01  5.3060019632433897e-01  9.8834554181373946e-01
1.5999999999999901e+02  8.5779545398283616e+00  2.4546712383766784e-02  9.7347011285261633e+00  3.0885967763454841e-01  3.3932627149552317e+01  3.2000161498443617e+01  3.2000107643512223e+01  4.7999999999999998e+00  8.6106535781806048e+00  9.7223539205022860e+00  3.1399972819006866e-01  5.1371764979080279e+00  7.5057384292027629e-01  1.1394616910773101e+01  6.2253094225456040e-01  5.3098530550589540e-01  9.8834410037665554e-01
1.6079999999999899e+02  8.5789582815318965e+00  2.4547426355160974e-02  9.7341738565605276e+00  3.0995339126602717e-01  3.3949645622606539e+01  3.2000163034920163e+01  3.2000108672192319e+01  4.7999999999999998e+00  8.6116807039570649e+00  9.7218103524334047e+00  3.1169183574504061e-01  5.1384058651128637e+00  7.5096603335752310e-01  1.1398199074886193e+01  6.2349225822038878e-01  5.3136342147090065e-01  9.8834236784504614e-01
1.6159999999999800e+02  8.5801341073364057e+00  2.4548310722890980e-02  9.7336899089964977e+00  3.1361219928668965e-01  3.3966810896153085e+01  3.2000164606130340e+01  3.2000109703653898e+01  4.7999999999999998e+00  8.6128797053033068e+00  9.7213101788802767e+00  3.0879616846145930e-01  5.1396253929853088e+00  7.5046266426355590e-01  1.1401907139747438e+01  6.2385541487061580e-01  5.3173310531011830e-01  9.8834074604882194e-01
1.6239999999999699e+02  8.5817887887750715e+00  2.4548847906994235e-02  9.7336634471098868e+00  3.1089344789572088e-01  3.3984035671338610e+01  3.2000166221780766e+01  3.2000110752840435e+01  4.7999999999999998e+00  8.6145576515581084e+00  9.7212675242149977e+00  3.1183378875795059e-01  5.1426553599393783e+00  7.5018769934176299e-01  1.1405630847117514e+01  6.2468195038826435e-01  5.3209312896675143e-01  9.8833973256513286e-01
1.6319999999999700e+02  8.5839504869602141e+00  2.4548696700090654e-02  9.7336351027110943e+00  3.0842964999019867e-01  3.4001282202000716e+01  3.2000167793006483e+01  3.2000111803149650e+01  4.7999999999999998e+00  8.6167428415246956e+00  9.7212241778464659e+00  3.1721217832102955e-01  5.1458944862067639e+00  7.5006440911437178e-01  1.1409068130430402e+01  6.2564767455750114e-01  5.3243260506400014e-01  9.8833912393797141e-01
1.6399999999999599e+02  8.5864958208822504e+00  2.4548185992365166e-02  9.7332879814121469e+00  3.1341182424473657e-01  3.4018503111835898e+01  3.2000169360358235e+01  3.2000112853604215e+01  4.7999999999999998e+00  8.6193119546148047e+00  9.7208636922299547e+00  3.1460486393076564e-01  5.1485002743801953e+00  7.5034445280575368e-01  1.1411975027524282e+01  6.2713802791425921e-01  5.3273960456665947e-01  9.8833851146075713e-01
1.6479999999999501e+02  8.5894197614237839e+00  2.4547716037008623e-02  9.7327318722681966e+00  3.1676447400350310e-01  3.4035657096477856e+01  3.2000170942182436e+01  3.2000113909917282e+01  4.7999999999999998e+00  8.6222601003917330e+00  9.7202955764240571e+00  3.1544134024346865e-01  5.1516175559962765e+00  7.4992902693655583e-01  1.1414032858804712e+01  6.2761998413070141e-01  5.3300961259327717e-01  9.8833771019665584e-01
1.6559999999999400e+02  8.5928455884381965e+00  2.4547164812548938e-02  9.7318769625543133e+00  3.1410961900082340e-01  3.4052769364360941e+01  3.2000172544205313e+01  3.2000114977486966e+01  4.7999999999999998e+00  8.6257107840721972e+00  9.7194303750593853e+00  3.1782975414740416e-01  5.1547032489882296e+00  7.4988811357595275e-01  1.1415310296102918e+01  6.2821960310561920e-01  5.3323983362188387e-01  9.8833698903240919e-01
1.6639999999999401e+02  8.5969046312541568e+00  2.4546210810415324e-02  9.7306264885267684e+00  3.1525986752843677e-01  3.4069799213410242e+01  3.2000174161264887e+01  3.2000116048466758e+01  4.7999999999999998e+00  8.6297956449571309e+00  9.7181719205756192e+00  3.1784388200756403e-01  5.1572787048930051e+00  7.4918468630911716e-01  1.1415899691793415e+01  6.2860589204327622e-01  5.3342553338101828e-01  9.8833690084992820e-01
1.6719999999999300e+02  8.6017332574214560e+00  2.4544859863457412e-02  9.7287884545632792e+00  3.1727136337821954e-01  3.4086787835110115e+01  3.2000175752708280e+01  3.2000117107768865e+01  4.7999999999999998e+00  8.6346515878920052e+00  9.7163287467710937e+00  3.1657237445204528e-01  5.1594396285288928e+00  7.4960961729304187e-01  1.1415480416277690e+01  6.2920641589101978e-01  5.3356078636423854e-01  9.8833748425405599e-01
1.6799999999999201e+02  8.6073376230192231e+00  2.4543353642514951e-02  9.7268638973458277e+00  3.1726351517225976e-01  3.4103903062577665e+01  3.2000177332801712e+01  3.2000118151121001e+01  4.7999999999999998e+00  8.6402852732413873e+00  9.7143998962313560e+00  3.1919719635812821e-01  5.1625804864740674e+00  7.4913189520908863e-01  1.1414075048783031e+01  6.2926215280078945e-01  5.3363527800331578e-01  9.8833798425337016e-01
1.6879999999999100e+02  8.6135421273380750e+00  2.4541830351234136e-02  9.7243053300215561e+00  3.1594637740426185e-01  3.4120840968936889e+01  3.2000179006694687e+01  3.2000119244145559e+01  4.7999999999999998e+00  8.6465210683177887e+00  9.7118394526768288e+00  3.2014466465552910e-01  5.1640866775363614e+00  7.4912534381428664e-01  1.1411910148250534e+01  6.2956210718116501e-01  5.3363924029151066e-01  9.8833789121572735e-01
1.6959999999999101e+02  8.6204570389347985e+00  2.4540313998141966e-02  9.7209593292276164e+00  3.1918472396308861e-01  3.4137251685421973e+01  3.2000180641056311e+01  3.2000120321670295e+01  4.7999999999999998e+00  8.6534689240452813e+00  9.7084958708451534e+00  3.1899531201546022e-01  5.1638074420797384e+00  7.5005315794233651e-01  1.1408902376940965e+01  6.3027512603978353e-01  5.3358391175264142e-01  9.8833798955920615e-01
1.7039999999999000e+02  8.6281996620017800e+00  2.4538820394726008e-02  9.7173867506478313e+00  3.1944309764066658e-01  3.4153414038142699e+01  3.2000182297990762e+01  3.2000121402274452e+01  4.7999999999999998e+00  8.6612457332237192e+00  9.7049285101417961e+00  3.2119704033790325e-01  5.1640318097753681e+00  7.4920173532129863e-01  1.1404673769149301e+01  6.2978821528770690e-01  5.3348626495281015e-01  9.8833928567500062e-01
1.7119999999998899e+02  8.6364477842128355e+00  2.4537303677032184e-02  9.7133778167389710e+00  3.1824700187868904e-01  3.4169283839306765e+01  3.2000184042135530e+01  3.2000122535685463e+01  4.7999999999999998e+00  8.6695288819704501e+00  9.7009274971285713e+00  3.2240304049622404e-01  5.1637527002976817e+00  7.5038619751628888e-01  1.1399232319013972e+01  6.2953403244747441e-01  5.3334692628760649e-01  9.8833666922114827e-01
1.7199999999998900e+02  8.6448231600115033e+00  2.4535662618375292e-02  9.7087106206965945e+00  3.2040471565777590e-01  3.4184651593375634e+01  3.2000185764687274e+01  3.2000123659543050e+01  4.7999999999999998e+00  8.6779402047906409e+00  9.6962709385841066e+00  3.1962584136242345e-01  5.1622072415625997e+00  7.5002443441466937e-01  1.1392745024564245e+01  6.2898320380497486e-01  5.3316814100565169e-01  9.8833097875434883e-01
1.7279999999998799e+02  8.6532142809723567e+00  2.4533882854891664e-02  9.7027790173131390e+00  3.2208904845208935e-01  3.4199742657029745e+01  3.2000187477044577e+01  3.2000124779353484e+01  4.7999999999999998e+00  8.6863684029453623e+00  9.6903532862177038e+00  3.2132999597185180e-01  5.1585055173997461e+00  7.5018302133237780e-01  1.1384831320815834e+01  6.2609746269644562e-01  5.3297055786702840e-01  9.8832506237189233e-01
1.7359999999998701e+02  8.6617344579593425e+00  2.4532054983535136e-02  9.6961316073391508e+00  3.1882624006805094e-01  3.4215001546042174e+01  3.2000189210471774e+01  3.2000125908013516e+01  4.7999999999999998e+00  8.6949264391892491e+00  9.6837212392227752e+00  3.2104650051220462e-01  5.1553426717868351e+00  7.5025098267868118e-01  1.1375344764951741e+01  6.2591360157193843e-01  5.3278189060455350e-01  9.8831955264083204e-01
1.7439999999998599e+02  8.6701651970305296e+00  2.4530211315545173e-02  9.6888918211804675e+00  3.2054708788556618e-01  3.4230536997751145e+01  3.2000190959005863e+01  3.2000127034016373e+01  4.7999999999999998e+00  8.7033951402304375e+00  9.6764974623542610e+00  3.2106602676156526e-01  5.1526424803865991e+00  7.5058860473065092e-01  1.1364546113639998e+01  6.2774084016527110e-01  5.3260706481329922e-01  9.8831461221708272e-01
1.7519999999998601e+02  8.6781427472140198e+00  2.4528195157194760e-02  9.6803615958279199e+00  3.2031548290583628e-01  3.4246222906614584e+01  3.2000192698761261e+01  3.2000128165953917e+01  4.7999999999999998e+00  8.7114106216133127e+00  9.6679850998174288e+00  3.2086317960888489e-01  5.1474737236709309e+00  7.5114406035140047e-01  1.1352693161007998e+01  6.2763714513609115e-01  5.3243909603097817e-01  9.8830986797877762e-01
1.7599999999998499e+02  8.6856356600562439e+00  2.4525769523597123e-02  9.6708539439013812e+00  3.2040541983485210e-01  3.4261991731049186e+01  3.2000194426710330e+01  3.2000129288835360e+01  4.7999999999999998e+00  8.7189416035952547e+00  9.6584964587597479e+00  3.2455577380501438e-01  5.1417579744805160e+00  7.5082386858537953e-01  1.1339641201087741e+01  6.2745335695301885e-01  5.3228858939650414e-01  9.8830499620575385e-01
1.7679999999998401e+02  8.6928214151989742e+00  2.4522928818444135e-02  9.6607977845916775e+00  3.2023815092076663e-01  3.4278212031735194e+01  3.2000196178053194e+01  3.2000130413467026e+01  4.7999999999999998e+00  8.7261653799066163e+00  9.6484588935719504e+00  3.2448140774620432e-01  5.1368858594059548e+00  7.5155825500471041e-01  1.1325504127219755e+01  6.2779262474239894e-01  5.3217431649912794e-01  9.8830017047549967e-01
1.7759999999998300e+02  8.6997436427836767e+00  2.4519978948541920e-02  9.6502583401927353e+00  3.2394675605017215e-01  3.4295080109420596e+01  3.2000197975651510e+01  3.2000131572313983e+01  4.7999999999999998e+00  8.7331251663346130e+00  9.6379373909081867e+00  3.2382899434166990e-01  5.1319019306177021e+00  7.5189094396900547e-01  1.1310821232985340e+01  6.2693245398266961e-01  5.3210222296363652e-01  9.8829584729502473e-01
1.7839999999998301e+02  8.7061765442040429e+00  2.4517093926520472e-02  9.6391773383261210e+00  3.2390355013119299e-01  3.4312201482433046e+01  3.2000199724149255e+01  3.2000132709117175e+01  4.7999999999999998e+00  8.7395948349771277e+00  9.6268746951708604e+00  3.2597078646172445e-01  5.1268475533370266e+00  7.5149262479868051e-01  1.1295565954986650e+01  6.2681068619757396e-01  5.3206780563150280e-01  9.8829201507294084e-01
1.7919999999998200e+02  8.7119590477107174e+00  2.4513948427337541e-02  9.6274739509063778e+00  3.2326332643899780e-01  3.4329565237279951e+01  3.2000201513388973e+01  3.2000133861720471e+01  4.7999999999999998e+00  8.7454132803756046e+00  9.6151896488022270e+00  3.2643289669972220e-01  5.1216589465867690e+00  7.5154307613597893e-01  1.1279580020829798e+01  6.2685204592954313e-01  5.3206874797467085e-01  9.8828810881730478e-01
1.7999999999998099e+02  8.7171883735259001e+00  2.4510150089534839e-02  9.6153249778977390e+00  3.2545022338573171e-01  3.4347439373699537e+01  3.2000203353973824e+01  3.2000135056167693e+01  4.7999999999999998e+00  8.7506777158575328e+00  9.6030579799854330e+00  3.2392160671438242e-01  5.1164506492959729e+00  7.5158184352219692e-01  1.1263027160483107e+01  6.2707189458946866e-01  5.3211165566515140e-01  9.8828405282676945e-01
1.8079999999998100e+02  8.7220243942971329e+00  2.4505862106695510e-02  9.6029145694656055e+00  3.2547030446358810e-01  3.4365646759800690e+01  3.2000205157524491e+01  3.2000136233340314e+01  4.7999999999999998e+00  8.7555477529645547e+00  9.5906646275507406e+00  3.2667195616674843e-01  5.1116052889292583e+00  7.5139092766655302e-01  1.1246124632940109e+01  6.2768116411425112e-01  5.3220453124905287e-01  9.8828048109873035e-01
1.8159999999998001e+02  8.7264488614400832e+00  2.4505024687640747e-02  9.5903867230927276e+00  3.2346581251979389e-01  3.4383941390575458e+01  3.2000206990386985e+01  3.2000137432900786e+01  4.7999999999999998e+00  8.7600048200231377e+00  9.5781541747565413e+00  3.2705874567945686e-01  5.1079098988813811e+00  7.4961397001890129e-01  1.1228856140534615e+01  6.2717511689582073e-01  5.3234718306115503e-01  9.8827748294637374e-01
1.8239999999997900e+02  8.7302583623467100e+00  2.4509386288400315e-02  9.5774825393241372e+00  3.2644424119465437e-01  3.4402598521990889e+01  3.2000208903102425e+01  3.2000138687802668e+01  4.7999999999999998e+00  8.7638454558952645e+00  9.5652669568433772e+00  3.2479146152541954e-01  5.1042282497829383e+00  7.4872252509816273e-01  1.1211090820851339e+01  6.2763790272206399e-01  5.3252941056015179e-01  9.8827449956844970e-01
1.8319999999997799e+02  8.7333839451619255e+00  2.4513189204371282e-02  9.5639924150013105e+00  3.2671564695487804e-01  3.4421716276362069e+01  3.2000210825869061e+01  3.2000139941237535e+01  4.7999999999999998e+00  8.7670008147333007e+00  9.5517932491608928e+00  3.2586461791841581e-01  5.0992889251068210e+00  7.4868699509560832e-01  1.1192920852038739e+01  6.2836882875399513e-01  5.3274345318845040e-01  9.8827152154586828e-01
1.8399999999997800e+02  8.7359754013624826e+00  2.4516200147227118e-02  9.5502555867675447e+00  3.2459786702189780e-01  3.4440980556723282e+01  3.2000212731466661e+01  3.2000141195752903e+01  4.7999999999999998e+00  8.7696206283560230e+00  9.5380728264501542e+00  3.2879147718656981e-01  5.0942791985714129e+00  7.5144463680608120e-01  1.1174568875552213e+01  6.2898691017055486e-01  5.3298933044929830e-01  9.8826892726382776e-01
1.8479999999997699e+02  8.7381539034336626e+00  2.4518654528669810e-02  9.5361904983005239e+00  3.2768723342749090e-01  3.4460302239318082e+01  3.2000214695025164e+01  3.2000142484945471e+01  4.7999999999999998e+00  8.7718259797713785e+00  9.5240249918954465e+00  3.2403131763993159e-01  5.0896477441666894e+00  7.5168800133481795e-01  1.1155889946970882e+01  6.3036052762367134e-01  5.3327077032785275e-01  9.8826668242921678e-01
1.8559999999997601e+02  8.7398756416653445e+00  2.4520855162293884e-02  9.5215732273627971e+00  3.2789804631228336e-01  3.4480246216265712e+01  3.2000216694914009e+01  3.2000143776333040e+01  4.7999999999999998e+00  8.7735732524635104e+00  9.5094244701987467e+00  3.2427457232876156e-01  5.0846405431352659e+00  7.5121730703939904e-01  1.1136567093984947e+01  6.3121138170457181e-01  5.3358399179203830e-01  9.8826464438293748e-01
1.8639999999997499e+02  8.7410760702569910e+00  2.4522810405154350e-02  9.5065327502578860e+00  3.2374471571559243e-01  3.4500892291154607e+01  3.2000218689438853e+01  3.2000145066268047e+01  4.7999999999999998e+00  8.7747981495415228e+00  9.4943993697341558e+00  3.3258971365261569e-01  5.0787107852526985e+00  7.5167060713561684e-01  1.1116889595834104e+01  6.3203116302254791e-01  5.3391323938957247e-01  9.8826275116092521e-01
1.8719999999997501e+02  8.7418488621045931e+00  2.4524315614308147e-02  9.4912442918204416e+00  3.2992115326388077e-01  3.4521414284161210e+01  3.2000220699992951e+01  3.2000146379496755e+01  4.7999999999999998e+00  8.7755943603335993e+00  9.4791270911192331e+00  3.2962502848380582e-01  5.0729436856888706e+00  7.5213922563294566e-01  1.1097106742227242e+01  6.3314489731291523e-01  5.3425389852242222e-01  9.8826093445795060e-01
1.8799999999997399e+02  8.7423664496335274e+00  2.4525249053137702e-02  9.4758518111106955e+00  3.2946318509670824e-01  3.4542031767971658e+01  3.2000222740902501e+01  3.2000147699451603e+01  4.7999999999999998e+00  8.7761343382630752e+00  9.4637510026520726e+00  3.3127963449843129e-01  5.0680078475870332e+00  7.5180573275827089e-01  1.1077115822228942e+01  6.3458845398688790e-01  5.3461022768012767e-01  9.8825949013498571e-01
1.8879999999997301e+02  8.7427030207175438e+00  2.4525741416350492e-02  9.4600737102972889e+00  3.2941506802663850e-01  3.4563488831903079e+01  3.2000224805048290e+01  3.2000149028207204e+01  4.7999999999999998e+00  8.7764926197734034e+00  9.4479880417004996e+00  3.3345908892003145e-01  5.0619426845972288e+00  7.5127657545328119e-01  1.1056916016937741e+01  6.3555654482975610e-01  5.3497660517284673e-01  9.8825864934287400e-01
1.8959999999997299e+02  8.7429000359907185e+00  2.4525991187369919e-02  9.4445174464644293e+00  3.3291797144203450e-01  3.4585181558035273e+01  3.2000226828993306e+01  3.2000150371454772e+01  4.7999999999999998e+00  8.7767111364243835e+00  9.4324457862571709e+00  3.3216169782419236e-01  5.0563441057780381e+00  7.5108666568922478e-01  1.1036959197941581e+01  6.3707634452735773e-01  5.3534423052997770e-01  9.8825792283574287e-01
1.9039999999997201e+02  8.7429588821510844e+00  2.4525988844441366e-02  9.4293941643118764e+00  3.3317780447343881e-01  3.4606449521379254e+01  3.2000228828588881e+01  3.2000151700476181e+01  4.7999999999999998e+00  8.7767914514840939e+00  9.4173366044948228e+00  3.3583066604388517e-01  5.0517879712380980e+00  7.5136908887453124e-01  1.1017546283338708e+01  6.3762271035476403e-01  5.3570344054004337e-01  9.8825704692724825e-01
1.9119999999997100e+02  8.7429786007769827e+00  2.4525613966091750e-02  9.4140823598026309e+00  3.3458597203290846e-01  3.4627826737237697e+01  3.2000230932710089e+01  3.2000153071793633e+01  4.7999999999999998e+00  8.7768327316308650e+00  9.4020391112748527e+00  3.3488731200152383e-01  5.0454213973730413e+00  7.5122484374423082e-01  1.0998699622507882e+01  6.3913308618401932e-01  5.3604908184412481e-01  9.8825665122079209e-01
1.9199999999996999e+02  8.7432103365237008e+00  2.4524876666649639e-02  9.3991490882176461e+00  3.3590211957753457e-01  3.4649712236181472e+01  3.2000233004541833e+01  3.2000154446083386e+01  4.7999999999999998e+00  8.7770865877578341e+00  9.3871182777793578e+00  3.3735091548106483e-01  5.0387590066444039e+00  7.5133089421164156e-01  1.0980400023997502e+01  6.3784123458242492e-01  5.3638675163502214e-01  9.8825692942118104e-01
1.9279999999997000e+02  8.7437039947697279e+00  2.4523888347481562e-02  9.3850908856721471e+00  3.3467151324402084e-01  3.4671381437493316e+01  3.2000234993903192e+01  3.2000155804710559e+01  4.7999999999999998e+00  8.7776035281765346e+00  9.3730713270475476e+00  3.3878715037685425e-01  5.0331693149062273e+00  7.5184449437538958e-01  1.0963124112268924e+01  6.3801918735276708e-01  5.3670776007587540e-01  9.8825718604692647e-01
1.9359999999996899e+02  8.7443804039285418e+00  2.4522805368489040e-02  9.3714090374464938e+00  3.3705987816802269e-01  3.4692620958909714e+01  3.2000237051664271e+01  3.2000157196485063e+01  4.7999999999999998e+00  8.7783048223984625e+00  9.3594009198196613e+00  3.3622110403160171e-01  5.0265180084032801e+00  7.5084840370347405e-01  1.0947146270697715e+01  6.4075291348870889e-01  5.3699487369339138e-01  9.8825739452384354e-01
1.9439999999996800e+02  8.7454284744772295e+00  2.4521857413510265e-02  9.3581165913003872e+00  3.3564218278585845e-01  3.4714238969806637e+01  3.2000239124225963e+01  3.2000158593546011e+01  4.7999999999999998e+00  8.7793795604909910e+00  9.3461181599468190e+00  3.3794720217479174e-01  5.0187345489629109e+00  7.5142962513249290e-01  1.0932075476990697e+01  6.4211958420916648e-01  5.3725154631156735e-01  9.8825820001337927e-01
1.9519999999996699e+02  8.7470488003166835e+00  2.4521135751612282e-02  9.3453383790142048e+00  3.3748259784836848e-01  3.4735991264364273e+01  3.2000241112811288e+01  3.2000159985653731e+01  4.7999999999999998e+00  8.7810283722814884e+00  9.3333487876075782e+00  3.3877666408227547e-01  5.0111546846560371e+00  7.5107706521803574e-01  1.0917715999504725e+01  6.4290312344376788e-01  5.3748142299539348e-01  9.8825952150681395e-01
1.9599999999996700e+02  8.7493244655437294e+00  2.4520427749470546e-02  9.3331610762471460e+00  3.3765182400352850e-01  3.4757369752925136e+01  3.2000243098657791e+01  3.2000161358719467e+01  4.7999999999999998e+00  8.7833347506461017e+00  9.3211807326571012e+00  3.4183004516308874e-01  5.0041943389888619e+00  7.5137849427059977e-01  1.0904383362188007e+01  6.4387366708369731e-01  5.3767336049633563e-01  9.8826100473841894e-01
1.9679999999996599e+02  8.7524003721010182e+00  2.4519575255112669e-02  9.3216497239643274e+00  3.3764124274345469e-01  3.4778934553370988e+01  3.2000245122729872e+01  3.2000162736584571e+01  4.7999999999999998e+00  8.7864442848438706e+00  9.3096773259712240e+00  3.4190632630461809e-01  4.9972913947814463e+00  7.5126396356654390e-01  1.0892062449729446e+01  6.4409708706541213e-01  5.3781931350277690e-01  9.8826271920599840e-01
1.9759999999996501e+02  8.7563195103518279e+00  2.4518784739884000e-02  9.3106427273323842e+00  3.4233206774280300e-01  3.4800695591625605e+01  3.2000247161802470e+01  3.2000164159250346e+01  4.7999999999999998e+00  8.7903998781221482e+00  9.2986774940731607e+00  3.4137532191217018e-01  4.9899820715895391e+00  7.5203095245264817e-01  1.0880451023982635e+01  6.4435985178877242e-01  5.3791464086242735e-01  9.8826289650602506e-01
1.9839999999996499e+02  8.7611708166813411e+00  2.4518239102135471e-02  9.3007493056331665e+00  3.4149102666297554e-01  3.4821843350573616e+01  3.2000249151537020e+01  3.2000165527136993e+01  4.7999999999999998e+00  8.7952896050140215e+00  9.2887918531281759e+00  3.4393306139988233e-01  4.9838920741695407e+00  7.5212519897256158e-01  1.0870125323606054e+01  6.4421235126116105e-01  5.3795630118944227e-01  9.8825669854812348e-01
1.9919999999996401e+02  8.7672123628200822e+00  2.4517679945921227e-02  9.2924294268426149e+00  3.4086105622876850e-01  3.4842414804596309e+01  3.2000251142655436e+01  3.2000166876904622e+01  4.7999999999999998e+00  8.8013710284648692e+00  9.2804799324512786e+00  3.4375818023173399e-01  4.9787816838269672e+00  7.5222308100990920e-01  1.0861779607548064e+01  6.4459201295745250e-01  5.3794367964182632e-01  9.8825088782428527e-01
1.9999999999996299e+02  8.7744365047871185e+00  2.4516743879116214e-02  9.2857926792991332e+00  3.4304791561414122e-01  3.4862772953292229e+01  3.2000253196955356e+01  3.2000168266453628e+01  4.7999999999999998e+00  8.8086362649132059e+00  9.2738502111013954e+00  3.4418409571504438e-01  4.9744301960689601e+00  7.5247594579800603e-01  1.0855311395216951e+01  6.4423652639938844e-01  5.3788423712367839e-01  9.8824521792048414e-01
2.0000999999996299e+02  8.7745333975777946e+00  2.4516729465740381e-02  9.2857223336516146e+00  3.4275882559757587e-01  3.4863025404005640e+01  3.2000253222468466e+01  3.2000168283697860e+01  4.7999999999999998e+00  8.8087336774841098e+00  9.2737799434300818e+00  3.4416003038699855e-01  4.9743895714777739e+00  7.5247577759031292e-01  1.0855242264629224e+01  6.4423675220795362e-01  5.3788323861073972e-01  9.8824514754424220e-01
