# time  Re_m-2(R=16)  Im_m-2(R=16)  Re_m-1(R=16)  Im_m-1(R=16)  Re_m0(R=16)  Im_m0(R=16)  Re_m1(R=16)  Im_m1(R=16)  Re_m2(R=16)  Im_m2(R=16)  Re_m-2(R=24)  Im_m-2(R=24)  Re_m-1(R=24)  Im_m-1(R=24)  Re_m0(R=24)  Im_m0(R=24)  Re_m1(R=24)  Im_m1(R=24)  Re_m2(R=24)  Im_m2(R=24)  Re_m-2(R=32)  Im_m-2(R=32)  Re_m-1(R=32)  Im_m-1(R=32)  Re_m0(R=32)  Im_m0(R=32)  Re_m1(R=32)  Im_m1(R=32)  Re_m2(R=32)  Im_m2(R=32)  Re_m-2(R=40)  Im_m-2(R=40)  Re_m-1(R=40)  Im_m-1(R=40)  Re_m0(R=40)  Im_m0(R=40)  Re_m1(R=40)  Im_m1(R=40)  Re_m2(R=40)  Im_m2(R=40)
0.0000000000000000e+00  1.7624691717145554e-05  -7.8526522760795155e-06  8.0972289050649853e-05  1.1084765046386516e-06  -6.9725529216242308e-05  5.8797960844620385e-06  -3.0261746446957129e-06  -3.8441201298259315e-06  5.8717556809283048e-05  -1.6494548924364576e-05  8.6657330580567099e-06  4.5415201747694873e-06  -4.2080250350438666e-06  -7.3840556129066555e-07  3.5023640428364323e-06  -2.4435766865654192e-08  -4.4889429852847690e-07  7.1432772173344684e-07  8.0955685453110311e-06  -4.5181919164508901e-06  1.8591985406960672e-06  6.2072735349742337e-09  2.4236027195481491e-08  -1.0004596135529688e-09  -1.5253969835629334e-06  2.4725522183899170e-12  2.7181223740508706e-08  -8.2587105751079037e-09  1.8592106128365006e-06  -6.1939360009418065e-09  7.2476532963523537e-07  1.4448306528096212e-09  -1.4073084950558303e-09  -4.1270528008672004e-10  -5.9159036281544662e-07  4.6911332702065088e-13  -2.3028289574136510e-10  -3.2893485844742401e-09  7.2476846543949076e-07  -1.4392206237464323e-09
4.0000000000000002e-01  4.3797799900346549e-05  1.2617265887710730e-05  2.4733900044980726e-05  -1.4886038777215507e-06  -5.9466891434690309e-05  1.0194581431883503e-06  1.6582858434030414e-06  7.0791526667848666e-07  4.4398228890052823e-05  -1.2918679422804991e-05  6.3398075041173682e-06  1.0229205158833671e-07  -2.4389090468788810e-07  2.0528925444889140e-08  -4.8160542620600019e-06  -4.4365884477227459e-09  1.5042031678641490e-07  -4.9528511703696542e-08  6.2473477212345554e-06  -1.0338441727135010e-07  1.8572360794971796e-06  6.2040119587817714e-09  2.5017339948835379e-08  -9.7551336695569906e-10  -1.5235684815278119e-06  2.9541088299829905e-12  2.7962358287344728e-08  -8.2838655490786110e-09  1.8572480599890039e-06  -6.1902791863522933e-09  7.2456739937726606e-07  1.4463051538558270e-09  -1.6692730745507687e-09  -4.1791547489094445e-10  -5.9126019308908846e-07  5.6512949593805261e-13  -4.9229078605285683e-10  -3.2841738718534664e-09  7.2457051643589332e-07  -1.4406168427041036e-09
8.0000000000000004e-01  5.0719958135093889e-05  1.4741028415576753e-05  1.2005492185228972e-05  -1.6452894592499418e-06  -4.2430173807632944e-05  6.7008004002588148e-07  -8.7382766407876261e-06  1.5090297639328259e-06  5.0053188146650261e-05  -1.4837824985960163e-05  6.1141325489270000e-06  1.3895136320229042e-07  -4.8924426141731858e-08  -8.4231495402472652e-09  -4.9393213627867891e-06  -9.9500757075201594e-10  -1.4085856535327980e-07  -2.0472028525789659e-08  6.1086279938547109e-06  -1.3892049867047182e-07  1.8555461857659363e-06  6.2101971125425055e-09  2.3973050671725260e-08  -9.8458070853380994e-10  -1.5222651085077461e-06  3.4947898349369278e-12  2.6917675758048710e-08  -8.2750333099110253e-09  1.8555581160172028e-06  -6.1960107093487603e-09  7.2350444158351025e-07  1.4490138924390329e-09  -1.2744393476596370e-09  -4.0015650586133773e-10  -5.9054151145284649e-07  6.6791172255204129e-13  -9.7498550514516347e-11  -3.3019791499401389e-09  7.2350753571510730e-07  -1.4432408526308799e-09
1.2000000000000000e+00  4.9857755294749501e-05  1.1923514606248764e-05  1.2265429608371296e-05  -1.3014022960422720e-07  -3.6982780315713458e-05  -7.9489639411169860e-07  -1.1824610090076265e-05  6.0028032138794138e-07  5.0615146326041056e-05  -1.2729063222248335e-05  6.0638848840394382e-06  1.9595631231685171e-07  7.8421902833389788e-08  -1.0810426049435277e-08  -4.9142780487294340e-06  5.6616846455819126e-10  -1.4477305528582328e-07  -2.3753125144378550e-08  6.0739460208481070e-06  -1.9517323270421050e-07  1.8531699709032226e-06  6.2065358876065347e-09  2.4097577123051344e-08  -1.0124589203190746e-09  -1.5205084929449034e-06  4.0090744314121609e-12  2.7045352071403708e-08  -8.2475067408105259e-09  1.8531808834130322e-06  -6.1919234578906030e-09  7.2316672476075429e-07  1.4428280456124122e-09  -1.3662605060110942e-09  -4.3409385324040595e-10  -5.9035869419234252e-07  7.7933679169029014e-13  -1.8936165558387566e-10  -3.2680909043122943e-09  7.2316979466647435e-07  -1.4369587020459601e-09
1.6000000000000001e+00  4.7847131832408520e-05  1.3105706067099992e-05  1.6083798711219208e-05  2.1562680652444144e-08  -4.4709872176636680e-05  -3.6197193890949130e-07  -7.2625053916278794e-06  1.5738169191979159e-07  4.8515769477023696e-05  -1.3476188928556476e-05  6.1043783093960171e-06  8.9535350668882516e-08  2.8879804128930546e-08  1.6511618017042081e-08  -5.0194614968956459e-06  -2.3251563350762518e-09  -9.9854310768628350e-08  -3.5855194100900280e-08  6.0883360524506492e-06  -9.2642870148448198e-08  1.8510959272719377e-06  6.2191461919049694e-09  2.4327289818541849e-08  -1.0056904972570648e-09  -1.5188344211063619e-06  5.0534073697821557e-12  2.7259445886902463e-08  -8.2534538329651792e-09  1.8511120333021473e-06  -6.2035463600552197e-09  7.2257781772715277e-07  1.4435552338111494e-09  -1.4480975359710776e-09  -3.9051414416852579e-10  -5.8977516010676135e-07  9.0021391192973338e-13  -2.7124337437971941e-10  -3.3117278799775799e-09  7.2258086176956946e-07  -1.4375825366077694e-09
2.0000000000000000e+00  4.9953208368493440e-05  1.4071682407580413e-05  1.2261352933816371e-05  -8.2307394181148978e-07  -4.0462751321545851e-05  9.7509729811587658e-07  -1.2000191984578307e-05  8.6097575390287552e-07  4.9851560038755972e-05  -1.3700601473741982e-05  6.0909897958728430e-06  1.2281036459435399e-07  5.9550481687059841e-08  8.1236001959874895e-09  -4.9967728289046789e-06  -1.0386639527902352e-08  -8.1153693534663513e-08  -3.5941394534797568e-08  6.0816338853734106e-06  -1.3135796271176824e-07  1.8486464617960533e-06  6.2163820432433475e-09  2.4329004873673080e-08  -9.8767645424301773e-10  -1.5167132844018177e-06  6.5421722765315430e-12  2.7222987041776284e-08  -8.2795799922662323e-09  1.8486608574062120e-06  -6.1997685250213821e-09  7.2182829015292591e-07  1.4464103911008279e-09  -1.4744289845238990e-09  -4.2066670580217811e-10  -5.8913958522798836e-07  1.0317848028702616e-12  -2.9762386525139777e-10  -3.2816333863144724e-09  7.2183130226325483e-07  -1.4403229902802948e-09
2.3999999999999901e+00  4.9965700482329944e-05  1.2731699960928654e-05  1.2084849370587977e-05  6.0709598853473299e-07  -3.9290759756690285e-05  -4.3909670675129437e-07  -1.1495721301078542e-05  2.2266471871637806e-07  5.0192543259711132e-05  -1.2997393057728454e-05  6.0548037480699891e-06  1.5852408558252509e-07  7.5570711008053503e-08  -2.7841009288863511e-08  -4.9155301670636923e-06  1.0214595164317843e-08  -1.8536041244245859e-07  -3.0704502303943681e-08  6.0669055409859655e-06  -1.4682900680419938e-07  1.8463160702770743e-06  5.8616093422514305e-09  2.3933561597030091e-08  -9.3211086795769412e-10  -1.5150748072133738e-06  -4.9520727742082507e-12  2.7407753670968898e-08  -8.3099808727637864e-09  1.8462198303722360e-06  -5.8549443565238525e-09  7.2124623255306611e-07  1.4431558176375829e-09  -1.3274535520356426e-09  -4.1712100757994219e-10  -5.8880417857213475e-07  1.1765372153262663e-12  -1.5069950469251719e-10  -3.2852448048238080e-09  7.2124921340181092e-07  -1.4369422924739660e-09
2.7999999999999798e+00  4.9064973203727251e-05  1.3062827434220419e-05  1.4355507088368624e-05  -2.9830547347174136e-07  -4.0751965244952716e-05  -5.2569127247850352e-07  -1.0361363645286685e-05  1.9690492735837557e-09  4.9378923985851028e-05  -1.3443884897449979e-05  6.0849698755450363e-06  1.5978638272572913e-07  6.7420844892245655e-08  2.0809468790151874e-08  -4.9514888446279171e-06  1.3727142054194091e-08  -1.3442494379519823e-07  -3.8873376353394018e-08  6.0552266465975982e-06  -1.5157776989468934e-07  1.8429842186085473e-06  7.3064069610316687e-09  2.4722485863947441e-08  -1.2370476625233623e-09  -1.5118092763607112e-06  3.4870809241534102e-11  2.6311417904747741e-08  -8.0255831837695928e-09  1.8433476148881877e-06  -7.2627280755954840e-09  7.2057167806757396e-07  1.4449169923014177e-09  -1.4329150019951130e-09  -4.0547784037444246e-10  -5.8814052325636221e-07  1.3321930387751102e-12  -2.5622249432066946e-10  -3.2969545737862172e-09  7.2057462576031816e-07  -1.4385665938762730e-09
3.1999999999999802e+00  4.9724090887083626e-05  1.3256131329658252e-05  1.4039272953622682e-05  -5.8916336269884335e-08  -4.0937840058829971e-05  -1.3614094400946595e-07  -1.0874397415380692e-05  -1.7578329601969002e-07  4.8851562433471192e-05  -1.3451188081115395e-05  6.0111497014146545e-06  1.6386787370431786e-07  1.1691536675974931e-07  1.4398260389754650e-09  -4.9412211534986934e-06  -9.4628850464718421e-09  -1.0579421176962830e-07  -4.2914663797006469e-09  6.0444072727298699e-06  -1.7631651609760868e-07  1.8404534426416157e-06  5.9043680137678226e-09  2.4848265693118822e-08  -8.9773493507192379e-10  -1.5108420003846210e-06  1.3224537877045137e-11  2.7528394280572497e-08  -8.4727705485911853e-09  1.8403497347146033e-06  -5.8852244302545890e-09  7.1973251755997102e-07  1.4458071904154983e-09  -1.4277347693991409e-09  -4.1522551161052683e-10  -5.8746614830830486e-07  1.5000294486961102e-12  -2.5110218125202045e-10  -3.2872835568420515e-09  7.1973542930909370e-07  -1.4393061840425260e-09
3.5999999999999699e+00  4.9892670345936945e-05  1.3115896559203698e-05  1.3299001108604327e-05  -1.2221675074403634e-07  -3.9743924407804768e-05  -6.2498748661214613e-08  -1.1097466861308489e-05  1.6545208810966673e-07  4.9722246865743413e-05  -1.3197048201406046e-05  5.9797139793140270e-06  1.8323354087704021e-07  1.4054754617850464e-07  -3.7375863251582519e-08  -4.8699809592958966e-06  -1.5653830872234839e-08  -2.3441259392754817e-07  4.7808213515465292e-09  6.0667272717806105e-06  -1.9370016204237240e-07  1.8387043906405167e-06  3.3099569683044613e-09  2.2112931660781383e-08  -4.6074044946700084e-10  -1.5091760925526528e-06  -5.0334459437290935e-11  2.8801276306787091e-08  -8.7133936907317835e-09  1.8379001917022148e-06  -3.3488936039654301e-09  7.1897920604699506e-07  1.4432865784210032e-09  -1.3812682161396309e-09  -4.0960867308277472e-10  -5.8692764705995465e-07  1.6858917462460714e-12  -2.0470685271578371e-10  -3.2929800929285520e-09  7.1898207837757067e-07  -1.4366216538548398e-09
3.9999999999999600e+00  4.8577832235124937e-05  1.3424186787116714e-05  1.3372505973486043e-05  -8.5784985047499486e-07  -3.9518023732774992e-05  8.4453373609561700e-08  -1.1617307269018939e-05  9.2698620352491405e-07  5.0267616608466650e-05  -1.3420417850306468e-05  6.0173952115793823e-06  1.7342937315322467e-07  1.7755763101940292e-07  7.9403786266129333e-09  -5.0102108789969296e-06  -3.7506733483475182e-09  -1.1932073325775551e-07  -6.4903981799923033e-08  5.9656791749359210e-06  -1.7080690285800172e-07  1.8337292364111874e-06  9.3384971043690574e-09  2.3823373086307222e-08  -1.6096564030518538e-09  -1.5017015890466441e-06  2.2210165671785511e-11  2.5919007609591038e-08  -7.4931927752887153e-09  1.8343096635806415e-06  -9.2855712866778147e-09  7.1816729144997545e-07  1.4443069398575326e-09  -1.4119906968297360e-09  -4.1241745210660860e-10  -5.8620681212566055e-07  1.8847687030101821e-12  -2.3549646961937952e-10  -3.2902602753789363e-09  7.1817011915737606e-07  -1.4374633605221042e-09
4.3999999999999497e+00  4.9291688437386674e-05  1.3025271464950477e-05  1.3181101242903053e-05  -1.3394851264591747e-07  -4.0576511318283516e-05  -1.8376730260510394e-07  -1.1575255654116607e-05  7.5327684313296269e-07  5.0009355787386608e-05  -1.3201736438244826e-05  6.0540274790137721e-06  1.6758187758225011e-07  -5.5217683743415195e-10  1.8304415655355393e-08  -4.7774051856630767e-06  -1.2025787783060178e-09  -1.7125200965625639e-07  -3.7622864597663207e-08  5.9618071725817791e-06  -1.7244431896144864e-07  1.8279396969612747e-06  8.1944910644220650e-09  2.8949845309816619e-08  -1.1794682647522444e-09  -1.5030179596539868e-06  3.7827544062937321e-12  2.5829465217325657e-08  -8.0965197386859373e-09  1.8289601830538307e-06  -8.1903408272528172e-09  7.1728610098869929e-07  1.4445662985864645e-09  -1.4166760749148576e-09  -4.1287341099217164e-10  -5.8551716959500811e-07  2.1055972333984619e-12  -2.4026620376879004e-10  -3.2898971048379568e-09  7.1728889074687208e-07  -1.4375278544028595e-09
4.7999999999999403e+00  5.0499370041938889e-05  1.3144648970280001e-05  1.3506235259911211e-05  7.4873388664693266e-08  -4.0546456722582796e-05  -2.0565176255233338e-07  -1.1698113187881494e-05  2.6881940387781767e-07  5.0340609750519860e-05  -1.3265327067905588e-05  6.0379078369886893e-06  1.3381244874716929e-07  4.1620098092242321e-08  4.9948828257387635e-08  -4.7764528549439210e-06  2.6151128202636640e-08  -1.7472682601460190e-07  -6.5918892810962051e-08  6.0383722679086639e-06  -1.2018921761596375e-07  1.8281669322714387e-06  8.2603920922351291e-10  2.2141254254133926e-08  -1.2154909811211781e-10  -1.5030890779740349e-06  4.9832715686173429e-12  2.8783686923797162e-08  -9.2101116771955357e-09  1.8270604744427158e-06  -8.4094342618908418e-10  7.1635887562846111e-07  1.4446728829753634e-09  -1.4029636738014093e-09  -4.0812440410070414e-10  -5.8477821362215158e-07  2.3479846899874861e-12  -2.2684971738714395e-10  -3.2947614220450353e-09  7.1636163939729986e-07  -1.4374159335161099e-09
5.1999999999999300e+00  5.0901229188405504e-05  1.3708178247278010e-05  1.4231210199616427e-05  -5.1715135711915334e-08  -4.0354821487746019e-05  -3.3490353312576572e-08  -1.1640134360989691e-05  2.3834695268424398e-07  5.1222875402143595e-05  -1.3807131841420810e-05  5.9184563102990707e-06  1.8712080927485443e-07  3.0074939426270871e-07  -1.3576645562221099e-08  -5.2319662401325763e-06  5.5267838618040628e-09  1.3527841999130464e-08  -4.0039525012536892e-08  5.9438668779297991e-06  -1.7523152570667590e-07  1.8265632630426196e-06  6.3759261603985445e-09  1.7386468321764812e-08  -1.4266563687706383e-09  -1.4923346051036160e-06  2.3639515162660294e-10  2.8768205393155861e-08  -8.1603344295505566e-09  1.8255968966650101e-06  -6.1235266566319069e-09  7.1536388374816347e-07  1.4439769218680333e-09  -1.4092212383678204e-09  -4.1356820491159504e-10  -5.8394648200977887e-07  2.5820171599315023e-12  -2.3178378023766810e-10  -3.2893948462811290e-09  7.1536632551851068e-07  -1.4365083347926291e-09
5.5999999999999304e+00  5.2044698498534016e-05  1.3098182254419551e-05  1.3534394845719823e-05  4.4231335552443980e-07  -4.0778056324455504e-05  -2.1033732638215935e-07  -1.1626717970091488e-05  2.4096385297263200e-07  5.1471346667186286e-05  -1.3351443849536661e-05  5.9119615879741260e-06  2.5707588328448133e-07  9.6860489007924425e-08  -1.4249388103834348e-07  -4.6557795775611444e-06  -4.1618814428810678e-08  -2.9572461966930260e-07  1.0921989997337630e-07  6.0408353902650388e-06  -2.9131263078938435e-07  1.8148577929158556e-06  1.1151889931335685e-08  2.9779598488566715e-08  -1.6040518699074806e-09  -1.4907814205674694e-06  -4.3732976244504326e-11  2.5839899965345903e-08  -7.5079339298906005e-09  1.8165044871987393e-06  -1.1154041192637472e-08  7.1430887858610657e-07  1.4453841394924367e-09  -1.4111350240254528e-09  -4.1329422741322254e-10  -5.8311248288916790e-07  2.9437451566410667e-12  -2.3797528557656973e-10  -3.2897994612472519e-09  7.1431228279380102e-07  -1.4376003987076492e-09
5.9999999999999201e+00  5.2425556015428388e-05  1.3195194694870602e-05  1.3295490820841544e-05  -3.2283903773981885e-07  -4.0824441378850001e-05  -8.3302241814182880e-08  -1.2259727171125607e-05  4.7851416178659658e-07  5.2262539967769603e-05  -1.3265897623348405e-05  5.9183114440633591e-06  2.2559586005152091e-07  3.7109514782933335e-08  -3.0650220995647595e-08  -4.3449035905973270e-06  2.7851756453885220e-08  -3.6900758052201767e-07  -1.4831710516026507e-09  6.0279574228245074e-06  -2.1267783433166774e-07  1.8091065167288025e-06  5.0234157808761226e-09  3.0740077206546639e-08  -3.9543586562250285e-10  -1.4909151623160919e-06  -6.1868458454125807e-10  2.5059706159530112e-08  -8.5160147205060023e-09  1.8095415210128166e-06  -5.5735694231988602e-09  7.1321333499993318e-07  1.4435525793882345e-09  -1.3981306836675875e-09  -4.0655171933254710e-10  -5.8223889852019404e-07  3.2527970475719106e-12  -2.2445167057136485e-10  -3.2970661225992200e-09  7.1321561792316926e-07  -1.4355127022347692e-09
6.3999999999999098e+00  5.2031566768132870e-05  1.4062915608696099e-05  1.4036586784394578e-05  -7.3990353396196929e-07  -3.9942740146294437e-05  5.5235051361520442e-08  -1.2425911810275508e-05  7.7950485825642965e-07  5.3465907149417884e-05  -1.4088572720199041e-05  5.7863490797806525e-06  2.0038446108615599e-07  2.7463069661932873e-07  1.6408751435547920e-07  -5.2686514273630893e-06  1.7870060242129516e-08  2.1528476798855922e-08  -1.0732990921821658e-07  5.6388102934789134e-06  -1.7375228222130048e-07  1.8105109368830729e-06  4.0894891363186004e-09  1.9789005226408768e-08  -1.5911486677567833e-09  -1.4831635015646115e-06  8.7879592139457143e-10  2.7583812457170890e-08  -9.4315978532898112e-09  1.8095218831564468e-06  -3.4358595726967322e-09  7.1205916890037520e-07  1.4322780724478078e-09  -1.4218814007804313e-09  -4.0820310842292494e-10  -5.8128823124336488e-07  2.9555799975728516e-12  -2.0992823022602017e-10  -3.2942365863211402e-09  7.1205516220966872e-07  -1.4243791020383495e-09
6.7999999999999003e+00  5.3278953554756179e-05  1.3584246631490422e-05  1.3453723576403663e-05  2.6944372517537057e-07  -3.9713047811707282e-05  -2.1493662769913923e-07  -1.2329202395423917e-05  5.0490727705577919e-07  5.3596415691675451e-05  -1.3810017219156519e-05  5.8796686548197007e-06  1.7824835906873061e-07  1.8948317170968496e-07  5.5426907226230646e-08  -5.0731002550218055e-06  -4.2479020265676396e-08  -1.6394001584168248e-08  -9.0929459107176962e-08  5.6986143679284134e-06  -2.1256784143861265e-07  1.8035321753445687e-06  1.0784728189186039e-08  2.1839675088690254e-08  -2.1040225679180757e-09  -1.4766216035535236e-06  1.5023668287740883e-09  2.6226496591086311e-08  -6.4589369645063598e-09  1.8052836265226968e-06  -9.3792636598098819e-09  7.1075373366216718e-07  1.4783173837297034e-09  -1.3734492438642491e-09  -4.2282784678799886e-10  -5.8025266175170817e-07  5.0083586502813754e-12  -2.8028304211824420e-10  -3.2803043576215711e-09  7.1077666761434727e-07  -1.4688378643360308e-09
7.1999999999998900e+00  5.5445326390217088e-05  1.2892184050722872e-05  1.2511563862469333e-05  1.8066688156649585e-07  -4.0896419563193984e-05  -2.2724178125411038e-07  -1.2689953878120236e-05  3.6431779763523916e-07  5.4490978582729439e-05  -1.3032584956929207e-05  6.0284949856146417e-06  1.7662810330833044e-07  -9.5081589231581530e-10  -1.6707599115125976e-07  -4.0265448057193691e-06  4.8217139708923893e-09  -3.2545563291793690e-07  -7.5807893583873252e-08  6.1032836541679750e-06  -1.9044988066040359e-07  1.7934986677827902e-06  9.1027423905082442e-09  2.6710997479184613e-08  7.2107842686734480e-10  -1.4733072225568904e-06  -2.7394929592851017e-09  2.3568585557519357e-08  -4.8795393145965665e-09  1.7947116010222645e-06  -1.1145411711948570e-08  7.0944894890730213e-07  1.4473480149836614e-09  -1.3980513251935741e-09  -4.0869879793067336e-10  -5.7918816630797001e-07  5.5105769275499054e-12  -2.5676660972246449e-10  -3.3017454974188027e-09  7.0944511175132605e-07  -1.4375361248261405e-09
7.5999999999998797e+00  5.6042588732187753e-05  1.3591220795691130e-05  1.3219399381769555e-05  -5.6570557347514010e-07  -4.0843480787867609e-05  -5.6278390932650251e-08  -1.2891857526794523e-05  7.7582041186052468e-07  5.6375818902033858e-05  -1.3611069802775367e-05  5.6249578207057023e-06  2.4515828137260055e-07  -5.2201174205950477e-08  -1.1339294569728409e-07  -4.3312919209490020e-06  3.1286813932714026e-08  -4.1687065188788083e-07  1.3371198052225794e-07  5.8548614744827091e-06  -2.1077635508863260e-07  1.7901571819890442e-06  -2.2636440049391276e-09  2.7356827231340718e-08  1.2818712057087316e-09  -1.4779811767211511e-06  -3.1689204831868270e-09  3.4461900206517977e-08  -1.3321399461971661e-08  1.7864072814657394e-06  -9.3153411185359625e-10  7.0820439703537232e-07  1.2731589277915280e-09  -1.6450852741834299e-09  -3.6830727577924214e-10  -5.7809062269676199e-07  -1.5340685255374692e-12  -1.5686979221243950e-11  -3.3279956101942243e-09  7.0811744091927119e-07  -1.2683403311123609e-09
7.9999999999998703e+00  5.6150815123722842e-05  1.4501144002049182e-05  1.4075811453967500e-05  -3.7621452489555889e-07  -3.9219079534932058e-05  3.1679124461949245e-08  -1.2950093528652274e-05  7.9055138258198409e-07  5.7366637348046246e-05  -1.4517844818089859e-05  5.2243998117430094e-06  2.9182295356133852e-07  1.1151752734193901e-07  4.3100894952497585e-08  -5.1160670282403679e-06  2.4468265401157490e-08  -2.1111784432621771e-07  1.7204786451915972e-07  5.3646358133297055e-06  -2.5614091881104152e-07  1.7936797311033343e-06  -4.5820344698348732e-09  1.7530926669482344e-08  -1.1537008347406788e-09  -1.4690759988340907e-06  4.0036238166723495e-09  3.8361883977335661e-08  -1.6075095743171177e-08  1.7859333281636043e-06  7.6462119985890243e-09  7.0634441953838473e-07  1.6323353664173807e-09  -1.1376993861150192e-09  -4.6019098501423287e-10  -5.7682385799428567e-07  7.0266966548242321e-12  -3.9515716793300191e-10  -3.2236572584850458e-09  7.0648620050048673e-07  -1.6211061691752700e-09
8.3999999999998707e+00  5.7716965441016534e-05  1.4159074180573366e-05  1.3369536147758487e-05  1.3657041960296278e-08  -3.8741983734622666e-05  3.5212117985998561e-08  -1.3232375030493285e-05  4.7024517727295641e-07  5.7995226994009882e-05  -1.4211820915880618e-05  5.6389683658947040e-06  2.0864352850532308e-07  4.7611706277873947e-07  1.4910492278437648e-07  -4.9758403203460481e-06  -3.2381449999895962e-08  1.7473123946489205e-07  -1.4562057583271888e-07  5.5033056967494791e-06  -2.4220815795284238e-07  1.7852734287730680e-06  7.7415250375629233e-09  3.0772774733517305e-09  -1.6845803679440051e-10  -1.4407480229688720e-06  5.6585823673420968e-09  1.8954074490593862e-08  -4.7349508699423608e-09  1.7810522035883348e-06  -1.5313768526104827e-09  7.0458627890067256e-07  1.8717343196910376e-09  -8.3887135751061761e-10  -5.0136442647360642e-10  -5.7545173033202300e-07  2.2873570310846836e-11  -8.0882676929992135e-10  -3.2428514967339293e-09  7.0476292371252441e-07  -1.8495333976550304e-09
8.7999999999998604e+00  5.9596816256192903e-05  1.3393023957129334e-05  1.2349669081953456e-05  3.8921166882314915e-09  -3.9127018143494119e-05  -1.6579097483434825e-07  -1.3471646721021632e-05  5.8265746451365572e-07  5.9122614130293556e-05  -1.3567485278440175e-05  6.0692554008300818e-06  1.7784784935589805e-07  5.0548097239636534e-07  7.9858692278781884e-08  -4.4282636630447162e-06  -6.3103175702078537e-08  1.2463582475567576e-07  -2.5288850268993423e-07  5.8467432019444627e-06  -2.3816406154042004e-07  1.7475058853039928e-06  2.1499482936083328e-08  3.7495016500555163e-08  -4.6595162179529391e-09  -1.4576070866576126e-06  -1.0732972215207559e-09  2.0641925374362728e-08  2.3493785735427902e-09  1.7664480656472991e-06  -2.2375993705448051e-08  7.0399465412635015e-07  7.6835396552283204e-10  -2.4062797533382073e-09  -2.5274472860387926e-10  -5.7425496358181237e-07  4.4110866952524208e-12  4.7783363844896881e-10  -3.5083974168391047e-09  7.0354821369371850e-07  -7.5760239392297162e-10
9.1999999999998501e+00  6.0588545113348080e-05  1.3703710469983229e-05  1.2490196769886095e-05  -3.6479803706980902e-07  -3.8561484774244590e-05  -2.2535775268243629e-07  -1.3837481390792757e-05  9.2321106678038746e-07  6.0619330928742055e-05  -1.3880519222454708e-05  5.6674745317824598e-06  3.7243829731460904e-07  5.6047540694413332e-08  -2.8259530751118303e-07  -4.0336735574543677e-06  4.5928891441625749e-08  -5.3378939175344092e-07  2.5000433331641283e-08  5.8592706979057864e-06  -3.4366810895625914e-07  1.7230645894183943e-06  2.1352438714115626e-08  7.5585324637561788e-08  -1.5889880004591362e-08  -1.4706398289234370e-06  -8.3657519561415544e-09  3.2905497017714707e-08  2.5107716260598124e-09  1.7551488361073418e-06  -3.0626774794430574e-08  7.0177756440004194e-07  8.6844594270321305e-10  -2.0913789974352905e-09  -3.1824382691804268e-10  -5.7296462151590357e-07  -1.2789651702356939e-11  6.3106311513888694e-10  -3.3143794551512413e-09  7.0165206046997088e-07  -8.6844347506738919e-10
9.5999999999998398e+00  6.1517561585244725e-05  1.4386191480138971e-05  1.2978149138230150e-05  -7.6502351921148005e-07  -3.7471588307475727e-05  -6.4946763816779915e-08  -1.4267668002253478e-05  1.0115415538686527e-06  6.2339766632774922e-05  -1.4468576975834815e-05  5.2398615410633561e-06  3.5277002618994231e-07  -3.1680734464791630e-07  -3.0987294403185595e-07  -4.1197034178622496e-06  4.0008112204615340e-08  -8.0020421721595351e-07  2.7984554105969336e-07  5.6290566267074987e-06  -3.3315761846163448e-07  1.7606143039393733e-06  -1.4480015362256888e-09  6.1697187043431446e-09  2.7745857069808960e-09  -1.3802780542261296e-06  -6.0009703242355928e-09  7.2847938161098048e-09  -1.3162457051749355e-08  1.7376181390756315e-06  -3.1082588310115941e-09  6.9765386586972490e-07  3.0367703962601090e-09  7.3987646933149861e-10  -7.1458024994474930e-10  -5.7065942162257787e-07  -1.8699123078998141e-11  -2.0599789075240495e-09  -2.8472985858494004e-09  6.9854067773108899e-07  -3.0520319052596586e-09
9.9999999999998295e+00  6.2892950878478611e-05  1.4317031354194440e-05  1.2677331253339985e-05  -6.9501258433955415e-07  -3.6469962852693334e-05  -1.3363148565320476e-08  -1.4298688311911961e-05  8.7672994857269868e-07  6.3721964664416837e-05  -1.4361399726148161e-05  5.3602371285880805e-06  7.7063492584624289e-08  -1.1498727141328543e-07  1.5574809198006054e-07  -4.8088136386923954e-06  -6.6440177538915208e-08  -2.1743267098694750e-07  1.6477618083008076e-07  5.2906193792644216e-06  -1.0278660118201440e-07  1.7902801858650792e-06  -1.7370566666442913e-08  -5.2147686624489517e-08  3.3776209952633704e-08  -1.3736532898840664e-06  1.3281119818298699e-08  9.0352413056654728e-09  -4.1973044196396899e-08  1.7232172623561901e-06  3.0318121480704839e-08  6.9726339466665968e-07  1.9463791850274748e-09  -1.0467995676128135e-09  -3.4767441253776996e-10  -5.6866469029963831e-07  -1.6485591825966215e-11  -1.0636316034164384e-09  -3.3868315626697721e-09  6.9705564860619068e-07  -1.9607830770786322e-09
1.0399999999999800e+01  6.4356300356372808e-05  1.4180284977070513e-05  1.2028649260399405e-05  -3.6755459860539407e-07  -3.5357138934272968e-05  -1.6444548096061994e-08  -1.4455034198796758e-05  7.6991838587333440e-07  6.4665830996101241e-05  -1.4181870266624849e-05  5.3901310426404882e-06  2.0516521274189953e-07  5.2130111395036472e-07  3.0289167016704739e-07  -5.0190902848307681e-06  1.5925253213567602e-09  3.2685168516891506e-07  -1.6675027515736236e-07  5.1610767840826341e-06  -1.5372801041621306e-07  1.7226213066554227e-06  -2.1252399615450727e-10  5.0919315489971594e-08  9.6661481594370261e-09  -1.5427903827184274e-06  1.2880757228394109e-08  8.2276099222321218e-08  -2.2334640917383400e-08  1.7303776893097160e-06  1.0950145420980423e-08  6.9849844067087235e-07  -1.8798177310904927e-09  -5.2238388944011098e-09  1.5876431206626610e-10  -5.6904992912873348e-07  1.2622958321672399e-10  3.6681810452906118e-09  -4.1210070498934979e-09  6.9699227333120310e-07  1.9956944191723740e-09
1.0799999999999800e+01  6.6148127472547564e-05  1.4273556836981051e-05  1.1593549917014712e-05  -1.9092390481291334e-07  -3.4565083414808140e-05  -3.5470298066430844e-08  -1.4959907049592761e-05  7.7879756886396252e-07  6.6080016969668269e-05  -1.4301494566495095e-05  5.2746231243921617e-06  3.9521069463736040e-07  6.8407868943342340e-07  1.2127804410322270e-07  -4.1688986813653691e-06  3.4392593957174172e-08  2.6163039417400481e-07  -2.6105010004665030e-07  5.3050168384059248e-06  -3.9595879454398025e-07  1.6735656534208106e-06  1.7517565948344416e-08  1.1112639644608240e-07  -4.1882883960639558e-08  -1.5080952144081990e-06  -1.6651144418882433e-08  8.4628242418459435e-08  3.0396149455264037e-08  1.7400794587795904e-06  -3.2757177077649238e-08  6.9274141314223466e-07  3.3197028154089805e-10  -1.7654017807261775e-09  -6.0957034103269494e-10  -5.6750709019478556e-07  1.3849905867914749e-10  1.1785111127042715e-09  -3.0494649242919179e-09  6.9337510077593818e-07  -2.0605819188922938e-10
1.1199999999999800e+01  6.8445451034925797e-05  1.4131001260704712e-05  1.1314541754773861e-05  -2.2747032574279816e-07  -3.4192904492019457e-05  -8.5032229367917390e-08  -1.5171347375012674e-05  8.0526196420496347e-07  6.8222363102591815e-05  -1.4219046263168334e-05  5.3738100736057621e-06  1.0043165816972534e-07  1.3502207171839627e-07  -8.2230915048370789e-09  -3.5326550654358455e-06  -7.4803840161832779e-08  -1.2517677875020218e-07  -5.8314721873784442e-08  5.3121663177972742e-06  -2.3488181245584129e-07  1.7286136600559040e-06  2.9825370025969570e-08  -1.8316313088255209e-08  -5.2015100620191500e-08  -1.2326334920433692e-06  -1.5046424000123370e-08  -6.0622381958555506e-08  3.5276207762863033e-08  1.7596635575871161e-06  -4.1047020470599094e-08  6.8520324326008457e-07  6.3607269554767278e-09  3.8048173017344816e-09  -1.1657328962388536e-09  -5.6087056728568585e-07  -3.9357474454108522e-10  -6.0358331569202435e-09  -2.0466888423082635e-09  6.8725620810082872e-07  -6.6647013962365329e-09
1.1599999999999801e+01  7.0504095109648348e-05  1.4250758377034840e-05  1.1369749854806698e-05  -4.5851503159505105e-07  -3.3396939301469873e-05  -6.4229009934315926e-08  -1.5395515872536580e-05  8.0969006825532011e-07  7.0368011348660660e-05  -1.4315278093955534e-05  4.9802099958487077e-06  6.9867241476941992e-08  -1.4297428745008594e-07  -2.7451332884751940e-07  -3.5465322329058135e-06  -5.3716475795475784e-08  -5.2862501390269265e-07  2.0561162681504948e-07  5.0441021143580149e-06  -1.1302582050449693e-07  1.6764932353647988e-06  3.7856814627948828e-08  -5.7474991120144739e-08  -1.0667213210888020e-10  -1.2411046239481490e-06  1.2999181339031934e-08  -1.0707558411482712e-07  8.6484184572482637e-09  1.7039577625219066e-06  -2.4657340426004642e-08  6.8681148165832213e-07  4.0731449751737400e-09  -4.8727776282685619e-10  -4.0050840486520122e-10  -5.5775176025061800e-07  -2.3269967256934113e-10  -3.2596415151213254e-09  -3.9350721266596283e-09  6.8581015458315767e-07  -4.2783901265669458e-09
1.1999999999999799e+01  7.2174786852617504e-05  1.4776200458709601e-05  1.1561052966147222e-05  -6.2719619079388804e-07  -3.2140059588343300e-05  -3.6829362297874602e-08  -1.5994614457774236e-05  8.7195390868900599e-07  7.2366198399586491e-05  -1.4833791258815719e-05  3.8467342257869740e-06  4.9720478194017794e-07  1.9055207462183730e-08  -3.7510715982087630e-07  -3.1557372329896649e-06  2.9601469632164322e-08  -7.3174117954042661e-07  3.5687773276024429e-07  4.4525731560011206e-06  -4.2198852891694984e-07  1.5526584422822932e-06  -1.5684840996961233e-08  1.0832096405905419e-07  9.7761959914606360e-08  -1.5126128830498894e-06  1.3233443337412401e-08  1.2007565764537814e-07  -5.6237279491470415e-08  1.5086612758180046e-06  1.7659336579249785e-08  6.8920880340557469e-07  -2.9677992987098607e-09  -6.3211958599804283e-09  -1.8565105340168506e-10  -5.6203523628471467e-07  1.2829338097957481e-09  5.4018289295302728e-09  -4.8997467897222259e-09  6.8736254919065660e-07  3.9643583851187760e-09
1.2399999999999800e+01  7.4475145779120716e-05  1.4911763579174489e-05  1.1221819949294774e-05  -4.6766641147580224e-07  -3.1125836386220981e-05  -1.9812909056032852e-08  -1.6338874475202881e-05  8.7629624081523755e-07  7.4635486293327010e-05  -1.4953386876314270e-05  3.3479046037149318e-06  4.3560237326155852e-07  -1.4185138313242873e-07  2.1096292632717580e-08  -2.7510265898093703e-06  -1.7550221626070793e-08  -5.9304533117459412e-07  2.5307054967557379e-07  3.7834630249592987e-06  -4.3242975689763674e-07  1.7317349512035957e-06  -7.9354025318499246e-08  1.2711123291046227e-07  1.0957904482551892e-07  -1.5161702691936212e-06  -8.5446984672460759e-09  2.7220824610522094e-07  -1.4551828340117120e-07  1.5036857664357725e-06  6.9703165184857372e-08  6.8073902184308269e-07  -1.2543837699612114e-09  -1.3941927179146204e-09  -2.9233004685399595e-10  -5.6086982484644724e-07  6.9050969587747052e-10  3.5453008898613941e-09  -1.4988492718160576e-09  6.8308715401630365e-07  1.9022025974126497e-09
1.2799999999999800e+01  7.7922708726503080e-05  1.4713872851575920e-05  1.0536193755805788e-05  -1.1201452402025278e-07  -3.0448525876180950e-05  -5.9080693640566280e-10  -1.6473751951760925e-05  5.8434763622786686e-07  7.7223815196393071e-05  -1.4709240403814192e-05  3.8587804504058510e-06  -3.8729321409630403e-09  -2.8037980160509979e-07  2.5405767835017150e-07  -3.2802979410259990e-06  -8.1402455764271051e-08  -2.4069372562459371e-07  1.1574849209134551e-07  3.7755388263170797e-06  -6.5472488753741522e-08  1.9101236688635980e-06  -2.8656198287076068e-08  -1.1189750982302243e-07  -7.0895841573803207e-08  -1.2563758662898365e-06  -1.6422598353948895e-08  1.7112774441616274e-08  -5.5295307014410328e-08  1.8056001481879213e-06  3.4957123880215472e-08  6.7345434264453359e-07  4.6377481135295372e-09  3.0977852685407911e-09  1.4569468473112399e-10  -5.4986758343909114e-07  -2.7403156853808534e-09  -5.4895713959069554e-09  -5.5576613548900590e-10  6.7586815577672260e-07  -6.7653763802462228e-09
1.3199999999999800e+01  8.1769153737334951e-05  1.4697772224296623e-05  1.0072551460887040e-05  1.7626623947863761e-07  -2.9941043544430377e-05  -5.8935774447466059e-08  -1.6911828097145964e-05  2.1672821755670171e-07  8.0145505863740666e-05  -1.4737362992350665e-05  4.0117207991380730e-06  1.3559802651022857e-07  3.3342040431819043e-07  1.0476692609541521e-08  -3.6016715040694454e-06  -5.0837335172800443e-08  3.2418889158949241e-08  2.5463594145221903e-07  4.2064697310708669e-06  -1.6710395597914445e-07  1.4566998977652228e-06  7.3058885054717255e-08  -1.8072085112035953e-07  -2.2563752653171035e-07  -1.1280201794071049e-06  8.9234077626243279e-09  -2.6507810962716809e-07  1.9247945672485268e-07  1.8172675405731782e-06  -6.5255059157973325e-08  6.7789588188389179e-07  2.0428337073955295e-09  -4.0164884761782964e-09  -1.8410343473984148e-11  -5.4609498224578435e-07  -2.3523259956080670e-09  -4.1945225427841442e-09  -6.4040060817158948e-09  6.7317657422774959e-07  -4.1455078000050398e-09
1.3599999999999801e+01  8.5105824212521386e-05  1.4724687809304461e-05  9.7435949654480207e-06  2.9305169609100967e-07  -2.9395281336482521e-05  -7.2260542406959250e-08  -1.7328794121159721e-05  1.8390901875112541e-07  8.3404220020250354e-05  -1.4786210653855344e-05  3.4558840535960011e-06  6.1311702091876162e-07  8.9404469693449139e-07  -1.1897080486216635e-07  -2.7206684849658044e-06  2.3985448814003079e-08  -4.4832227991408115e-08  3.5915024979780534e-07  4.0747767720524724e-06  -6.0487619897981688e-07  9.8102274906439658e-07  8.1989914480845636e-08  1.0412846382070357e-07  -9.0473114404943326e-08  -1.2310256452038333e-06  3.2042969382448820e-08  -8.6748762893498013e-08  2.1111162232096235e-07  1.4103885066954004e-06  -7.8735146831558380e-08  6.7720132709362477e-07  -3.8828014561038298e-09  -8.3251960864869341e-09  9.3602981916704416e-10  -5.5407077482945785e-07  3.4860726797703628e-09  8.4115503194854140e-09  -9.9451130953320299e-09  6.6854409016207604e-07  6.5985078183992699e-09
1.3999999999999700e+01  8.8016471367664633e-05  1.4825953592070218e-05  9.4573027257303217e-06  3.5279952784686207e-07  -2.8203862820892442e-05  2.1038114845600902e-08  -1.7603109834542137e-05  3.2127786355534281e-07  8.6449156927803514e-05  -1.4812293948158782e-05  3.0147857475516268e-06  5.3603765359497599e-07  4.4450460985821064e-07  3.6392728962084023e-08  -1.7965350399040474e-06  3.3834064339817116e-08  -3.7636908421780096e-07  2.0143027929860614e-07  3.3758174925925701e-06  -5.5238112036245536e-07  1.4383348819223457e-06  1.5997245795998140e-08  3.0989825479734516e-07  1.6522486259458928e-07  -1.3707597684042372e-06  2.0318709866852292e-09  2.5017531631286558e-07  -6.0223145291170255e-08  1.3109221471212104e-06  -9.5764906961153498e-09  6.6228819256177950e-07  -1.6727402232568643e-10  7.1132769452117826e-11  5.5786279886881235e-10  -5.5009598993372284e-07  5.4574674774562733e-09  9.0775825378211506e-09  -2.9451891550188621e-09  6.6380738050505524e-07  4.9222793895830241e-09
1.4399999999999700e+01  9.1224814973209136e-05  1.5233208550346442e-05  9.4017574352593160e-06  5.5012948372111106e-07  -2.6318460340372390e-05  8.7981515343117603e-09  -1.8131534714073752e-05  1.9728684561945333e-07  8.9033184886412115e-05  -1.5233814417136274e-05  2.7606684171618940e-06  1.5806152396697802e-07  -1.6577814400612668e-07  8.8119744953396855e-08  -1.6481239394967616e-06  -5.8128183810183419e-08  -5.1038808269001123e-07  1.9223004941696223e-07  2.7905704271547034e-06  -2.2018962593165093e-07  2.1102399892174963e-06  3.1164407506996826e-09  1.4392590737102210e-07  1.8954526290573539e-07  -1.3221265381474963e-06  -2.5399609368807218e-08  1.7430574875362497e-07  -2.3438782085739910e-07  1.6059344814082942e-06  -1.0290678207510624e-08  6.5106902259516523e-07  1.0389289823987766e-08  6.0719549445451618e-09  -7.4792841820016069e-09  -5.2747118386510651e-07  -1.7193006786765044e-09  -1.3881002532277963e-08  8.8160082401156213e-09  6.7104399850604623e-07  -1.1477236362839900e-08
1.4799999999999701e+01  9.4786984029953994e-05  1.5500575475271542e-05  9.3613107473112590e-06  7.8434199728856235e-07  -2.4602889297861607e-05  -9.1834028383982371e-08  -1.8663693240853239e-05  -1.5999081722588330e-07  9.1852850166586409e-05  -1.5590858047896344e-05  2.3339468357704819e-06  2.1769855935141026e-07  9.5371271656937199e-08  -5.1672472189638495e-09  -1.5981435621002551e-06  -1.3117698147082342e-07  -3.4372450440648321e-07  4.1900877423779973e-07  2.4963341385611361e-06  -2.9369888204813838e-07  1.8225549483719044e-06  4.3025491309568206e-08  -1.3610060155861676e-07  -1.0730723547540000e-08  -1.1325865173895942e-06  -4.8147816875176364e-09  -1.6649589931682639e-07  -1.2255814413656191e-07  1.6267636048470975e-06  -6.4789005515581693e-08  6.4664145497469066e-07  1.1599820143519777e-08  5.1323512113562918e-09  -1.0548775633084977e-08  -5.2087941922147619e-07  -7.6141812512331744e-09  -2.3880217804703699e-08  7.7396786784023410e-09  6.6462938274922608e-07  -1.8203198216162938e-08
1.5199999999999701e+01  9.7958402902308914e-05  1.5287865838062371e-05  8.8919289452094041e-06  8.0041747577903734e-07  -2.3089009785071281e-05  -8.8915817562547613e-08  -1.8881334919107284e-05  -3.3072178676682613e-07  9.5072502421211840e-05  -1.5367574963323185e-05  1.7751289011540226e-06  4.5233049836673295e-07  5.4444249786499060e-07  -2.3212493000444085e-08  -1.2418166583844147e-06  -9.2872130672170759e-08  -2.3889443401019646e-07  4.4358101615371418e-07  2.1892938293662959e-06  -5.0489754397573220e-07  1.1127794675973815e-06  -1.7329149414740948e-08  -2.1016006540439893e-07  -1.4795615327412631e-07  -1.1340329401750060e-06  -1.2695926131150002e-08  -1.8208813247186158e-07  7.7519730935332792e-08  1.3619569425020988e-06  6.5483071931659170e-09  6.4188220917600963e-07  -1.7996471080640469e-09  6.9938979283828384e-09  7.1599339075197944e-09  -5.4540915568560262e-07  -2.7222173739272528e-10  1.0654861713137497e-08  -1.4082309864912689e-08  6.2508792403733815e-07  6.7516901436396150e-10
1.5599999999999699e+01  1.0037256502632570e-04  1.5127821823442714e-05  8.0531205850225976e-06  6.5416560009765714e-07  -2.0688796184395806e-05  -6.2536912383124541e-08  -1.9258592541789748e-05  -1.2420730077733762e-07  9.7781272778969651e-05  -1.5151977102086122e-05  1.1533620250265075e-06  3.9118963587664786e-07  3.6431608626836054e-07  -2.4748728574163399e-09  -7.5066681783900327e-07  -9.0236082451973268e-09  -3.4950128146293748e-07  2.5854703804993810e-07  1.6348309175696282e-06  -3.9523908233537691e-07  1.0571334542229613e-06  -1.0963794675349848e-07  -1.6117325324882239e-09  -9.0605639066891911e-08  -1.2964085010667917e-06  -2.6261296727732156e-08  1.7479761629726879e-07  1.1932098588305619e-07  1.3258236199098751e-06  1.2779401378624632e-07  6.5854991224364217e-07  -1.2738328885301204e-08  -8.4052718166468366e-09  2.3526785017683008e-08  -5.4860308950989108e-07  8.7835428440259744e-09  3.6397088433560279e-08  -2.7512497567574019e-08  6.1480532663954881e-07  2.0799338945735399e-08
1.5999999999999700e+01  1.0241973064041718e-04  1.5358723546401593e-05  7.3414317781434141e-06  4.9420770083219531e-07  -1.7271582857189912e-05  -9.9103450999325714e-08  -2.0028936978378625e-05  1.7360901285241621e-07  9.9851459044613658e-05  -1.5399621803187606e-05  4.7014290980624224e-07  3.1166405136724083e-07  7.0678405941116211e-08  -5.0902213900837817e-08  -5.5827863684194332e-08  1.8101792897497455e-08  -4.2910795621913325e-07  2.8288904709536336e-07  9.9653673166244441e-07  -2.8851577922722446e-07  1.4075726633881593e-06  -1.9187176935774807e-08  2.6671777551307191e-07  6.9185652114018023e-08  -1.1757652573072334e-06  2.9953961364950983e-08  3.5680417327015853e-07  -1.4864832560772540e-08  1.4339547844488881e-06  4.3405155993697765e-08  6.8705732745800401e-07  -9.7123548243396573e-09  -4.5248009046637769e-08  8.5978326271789760e-09  -5.0277369691720175e-07  -5.3423870397907355e-10  -3.6974252303247521e-09  -5.3608597712987882e-09  6.6747468538908218e-07  1.0744810412270252e-08
1.6399999999999800e+01  1.0451272023337604e-04  1.5580029962171907e-05  7.0017249187377727e-06  3.7614129638639268e-07  -1.3792882473281144e-05  -7.0653699013073409e-08  -2.0681680755154166e-05  3.0975497143505736e-07  1.0213150307084083e-04  -1.5646272347556564e-05  -1.9563838013685482e-07  3.8038963805474172e-07  1.0488041572138391e-07  -9.9319637193862560e-08  8.0200264583276825e-07  -1.9838976527766889e-08  -3.2118496796396986e-07  5.3806569279038523e-07  4.7661663033694261e-07  -3.8929351085023377e-07  1.5099850001767859e-06  7.4556621009337253e-08  1.6595899380752117e-07  1.5072171575833120e-07  -8.7748974248949771e-07  4.3378286166588311e-08  9.9427736657106644e-08  -1.1421342018364674e-07  1.3327690990479776e-06  -9.4051390101587452e-08  6.5918883227218336e-07  -8.6753076924865315e-10  -2.3267927074635944e-08  -2.3747301136905572e-08  -4.9900069892720133e-07  -1.2322634701710939e-08  -3.8430212054138146e-08  1.6868761648965867e-08  6.9694089123584875e-07  -1.1362739554246113e-08
1.6799999999999802e+01  1.0667191211896697e-04  1.5590814431693247e-05  6.7510022376203710e-06  4.2467450587297485e-07  -1.0334353352577626e-05  5.7770216322719616e-09  -2.1012788210790089e-05  3.5542958368790100e-07  1.0452956193801744e-04  -1.5621386067652946e-05  -9.9370050609057815e-07  3.8730316269191285e-07  1.4939878385363486e-07  -1.4326589285578096e-07  1.5154389741439618e-06  -3.2495319194540168e-08  -2.8268966801483669e-07  6.6389775067261002e-07  -2.2269229013002240e-07  -4.2012246679231227e-07  1.3810882310275362e-06  -2.9459181406837668e-08  -2.3822832292984877e-07  -3.1882199441693703e-08  -9.1204138164747907e-07  -2.8954563778705804e-08  -2.4468867135476794e-07  -1.8085744986070492e-09  1.2389658504462162e-06  -7.3388362837540333e-09  5.7278175985717474e-07  1.8237449715159715e-08  7.6952517915554375e-08  -4.0824465840817077e-08  -5.6886416397884704e-07  1.1603903774403963e-09  7.5128894518121951e-09  1.2775120845290217e-08  6.4757995903671442e-07  -1.7436769310591571e-08
1.7199999999999900e+01  1.0856903131927233e-04  1.5631987159288622e-05  6.2744158380793446e-06  4.9635001632950998e-07  -6.1110605318698240e-06  -2.1184650247519030e-08  -2.1392966792132043e-05  3.7720779253929853e-07  1.0626375852639635e-04  -1.5632035736924361e-05  -2.2397312609380210e-06  4.5246316180084371e-07  2.3639489184859506e-07  -2.8776988094743666e-07  2.1753414435176683e-06  7.5761146297985409e-09  -5.4374417526732511e-07  6.1064187279171342e-07  -1.3951964530618194e-06  -4.5622290080004827e-07  1.0779786386620669e-06  -2.1057763933302723e-08  -2.8507559905378842e-07  -3.1905316321883401e-07  -1.0526870892773781e-06  -2.6402264375738302e-08  -3.0784596898685578e-07  2.1011430792341851e-07  1.3422917524907395e-06  4.9602514451981070e-08  5.2744818167281139e-07  3.7248131669541788e-08  8.4159493431162727e-08  -1.3864725976733122e-08  -5.3265417397915896e-07  1.6216276495032630e-08  3.3709782864233677e-08  1.5462229450449494e-08  5.6721182371743050e-07  -2.0367655036163446e-08
1.7600000000000001e+01  1.0976017159341373e-04  1.5749031666804258e-05  5.6630935224445526e-06  2.3322483125899538e-07  -9.9374610244543182e-07  -6.6620241818130037e-08  -2.1977454595670741e-05  4.4204836829196191e-07  1.0746576165564344e-04  -1.5760215157582717e-05  -3.8203905129283813e-06  6.7962473210119911e-07  5.4692719975917858e-07  -4.6696257149148558e-07  3.1736185671694071e-06  2.6403914917931079e-08  -7.9853564208180768e-07  6.5025300953141476e-07  -2.7293668954444521e-06  -6.6810065927283944e-07  7.1199590648284064e-07  1.8864766045218051e-07  1.2331895442753171e-07  -2.2268388710472064e-07  -8.5456029709289401e-07  4.5667359040036018e-08  -1.0736427179986286e-07  2.0709868318661976e-07  1.2335718594895662e-06  -1.2804806776436096e-07  6.1184677002950644e-07  7.1821866989776554e-10  -8.2511960980593121e-08  6.8188245147904278e-08  -3.7849053311157247e-07  1.4548714275116483e-09  -3.3434997352969558e-08  -1.1108159288662120e-08  5.1144178271482173e-07  -3.9741057152103422e-09
1.8000000000000000e+01  1.1020147068243165e-04  1.5828794256471571e-05  5.1281834062657291e-06  -1.8556417630039323e-07  4.5662300099866658e-06  8.8090186029601078e-09  -2.2601806979984107e-05  7.1185775596952384e-07  1.0857087557301169e-04  -1.5825167459307236e-05  -5.1666544165455526e-06  7.5707842110942701e-07  6.5675010255725054e-07  -4.7692499946708053e-07  4.4689805409072807e-06  7.7138474349712439e-09  -7.4579396463519068e-07  7.6929940850727253e-07  -3.9012039063281681e-06  -7.6774309791569008e-07  7.8781524876417136e-07  1.3615647001738845e-07  3.2979386039295168e-07  2.2213452294052435e-07  -7.2023500376031120e-07  2.6544979075377892e-08  1.8836451412371847e-07  -6.3446936052627433e-08  8.3795896708854647e-07  -1.5038248283755688e-07  7.6614846926007227e-07  -6.8380087023228759e-08  -1.6876333584780995e-07  1.0676218737435300e-07  -4.3690517937996791e-07  -1.4967800592989199e-08  -3.7649366177397524e-08  -1.0099111822780018e-07  5.4884013452298265e-07  5.1968573925774308e-08
1.8400000000000102e+01  1.1043423700079387e-04  1.5945537503786123e-05  4.6472904249627092e-06  -2.6957235165697501e-07  1.0450615548934425e-05  7.1452517841213083e-08  -2.3258496406367035e-05  1.0721032266375832e-06  1.0933920397722173e-04  -1.5907514745248025e-05  -5.9688089458178612e-06  5.9721906290198620e-07  3.5297448663625244e-07  -2.6494543901764843e-07  5.5782207212213377e-06  -3.6289123896405860e-08  -6.4939088012996919e-07  6.8426512482609309e-07  -5.0249956419779156e-06  -6.3236087255135568e-07  1.2044560305321794e-06  -1.7150875880622798e-07  1.6885120694628193e-07  3.6558528909416242e-07  -9.5408422024190778e-07  -5.5695455255272384e-08  4.0045864796707259e-07  -2.2066673633219531e-07  7.1696311491081813e-07  1.0364364603423234e-07  7.1329670785121574e-07  -4.7070281978703714e-08  1.7163981408725655e-08  -2.9606263884152007e-08  -6.6182903753681215e-07  -4.8297696441659359e-09  8.4442116389127670e-08  -8.1312398037264230e-08  6.8043001102476703e-07  5.3727775175790962e-08
1.8800000000000100e+01  1.1120147458596617e-04  1.6137580495478578e-05  4.1000354224302255e-06  6.1724562823130344e-09  1.6627934770088007e-05  -4.0390744574172247e-09  -2.4011282411378514e-05  1.1242794929063233e-06  1.0975709189456501e-04  -1.6120425710450745e-05  -6.5871569750618178e-06  4.4554162470466309e-07  9.6767161082393711e-08  -4.3645757301213067e-08  6.2562818325362149e-06  -1.0316981549872305e-07  -6.7615449392250821e-07  4.3278520071310328e-07  -6.1122653557668500e-06  -4.9911195425493454e-07  1.1804870713943522e-06  -1.6722146575804912e-07  9.6890002588954525e-08  3.2013218281514411e-08  -9.4997702500748650e-07  -6.3437192738581942e-08  3.0672582225014178e-07  -5.1079232741381692e-08  9.3952107513383001e-07  1.4190046324512917e-07  3.4029600378423827e-07  5.6587101587674977e-08  2.0048417026641827e-07  -2.0473210480039176e-07  -5.2446141907715426e-07  1.0513064402083701e-08  1.0052263832722790e-07  1.2602261782380807e-07  6.9496998969954005e-07  -4.3793856319863625e-08
1.9200000000000198e+01  1.1286258542915968e-04  1.6221247779327010e-05  3.4377682643114494e-06  3.1475940217261589e-07  2.2692599530590109e-05  -8.1974069857172437e-08  -2.4669115184353324e-05  8.1795460145291350e-07  1.1060535709042097e-04  -1.6247532366603673e-05  -7.5533272874322745e-06  3.7374755989921934e-07  1.3295512772004556e-07  -8.4704104798054083e-08  6.8467639781868299e-06  -9.8100897830270307e-08  -5.5638380424568952e-07  3.7314028343301292e-07  -6.9824399339077950e-06  -4.1549747150406393e-07  6.5231779600269786e-07  1.1868067979149628e-07  1.2594347775927905e-07  -2.5232967943918201e-07  -3.7824927277226418e-07  -5.1041537988964649e-09  -6.1661148026370537e-08  1.4239149548935816e-07  9.2822139592430952e-07  -1.0585375145524612e-07  1.3481354043870746e-07  8.1393789475938241e-08  7.3254299716061776e-08  -1.2324640664816235e-07  -1.4789674567859869e-07  1.0361678417585596e-08  -7.7203641876928355e-08  2.1806678918313159e-07  4.8993548290674319e-07  -8.5383035201860140e-08
1.9600000000000300e+01  1.1502228850168077e-04  1.6110574107301819e-05  2.6937268361797401e-06  4.4286499900029594e-07  2.8379406627959793e-05  -5.4611269585930364e-08  -2.5065450320414752e-05  5.8267587442179275e-07  1.1235904288413224e-04  -1.6135737176408797e-05  -8.8678404530357712e-06  4.1236726896104974e-07  2.9009121251456603e-07  -3.3774511287144557e-07  7.8103775448487351e-06  7.9078109494639197e-09  -3.5382260354498761e-07  5.9899892255637763e-07  -7.8301966337126113e-06  -4.0941361962803164e-07  1.4089040677024198e-07  1.4078512118965022e-07  -9.0211960810450204e-08  -2.0249141305549209e-07  2.1131802944843440e-07  1.3447457741546592e-08  -3.0826599382476960e-07  1.4432208461411810e-07  4.6623347718897948e-07  -1.5025973715992193e-07  5.2127254620343543e-07  7.1964620898667997e-09  -1.4389253980820988e-07  1.4998883813113277e-07  -2.5870243838086345e-07  3.0876531260235809e-09  -1.7863926342496134e-07  7.8721445489586572e-09  3.6641373341019418e-07  -7.3515751666472328e-09
2.0000000000000298e+01  1.1706064311072675e-04  1.6011475427569136e-05  1.9971287032970447e-06  4.2755078286140616e-07  3.3977144162650957e-05  -1.4990599282912134e-08  -2.5441542971361031e-05  6.2833656154948821e-07  1.1450411194176508e-04  -1.6021149522064006e-05  -1.0091819786843468e-05  6.4074800951097468e-07  4.9979033002023703e-07  -4.3067475889696171e-07  9.0482058116300680e-06  5.6327078179014084e-08  -4.6576181093811187e-07  7.5529513832467528e-07  -9.0157955410861161e-06  -6.3318748189355797e-07  -2.7879621943941854e-07  -6.4987359117329101e-08  -3.5178604771710557e-07  -5.9662053041532463e-08  3.8795690729220349e-07  -3.4614290602030667e-08  -2.3779884468434461e-07  1.6132401620316800e-07  -6.4857004946730893e-08  2.5976527804517769e-08  9.8443052387994941e-07  -1.6222236125902012e-08  -8.4124426250954504e-08  2.3451410847185132e-07  -7.0622554122890008e-07  9.3563994755954368e-10  -5.1722026976782811e-08  -2.2004763870878946e-07  5.1029913870620256e-07  2.2323929110890327e-08
2.0400000000000400e+01  1.1906037351647720e-04  1.6105961407705402e-05  1.4126368384518250e-06  4.3647155013309731e-07  3.9787630701283135e-05  -2.7062158270116979e-08  -2.6099044006778116e-05  6.9147395020263942e-07  1.1654009229874221e-04  -1.6117053007258822e-05  -1.0974758719608034e-05  8.1105446279411323e-07  6.4347463608313942e-07  -1.9460920725232328e-07  1.0038703145133428e-05  -6.4960180704515715e-09  -7.8625807834188935e-07  5.3996881886757697e-07  -1.0360582198695255e-05  -8.4728866327440901e-07  -6.2168725017255737e-07  -7.0898828623143256e-08  -2.0141886571421736e-07  -4.4573019746182889e-09  3.0128849921508991e-07  -6.8946430609512771e-08  -8.0230126630650445e-08  2.8887746370646474e-07  -2.9575721660175223e-07  3.0988555773903975e-08  8.3443387909869075e-07  1.7909913567282977e-08  9.8865143221810633e-08  3.2212636066389564e-08  -6.8011949719868826e-07  -9.3836084667309835e-09  9.5295959055727640e-08  -1.8232251949959336e-07  6.2365360357633159e-07  -3.2080537534975517e-08
2.0800000000000502e+01  1.2168096031469299e-04  1.6296866307569210e-05  8.0152604721667273e-07  5.3595910503743655e-07  4.5627051607851377e-05  -2.4148966618828159e-08  -2.6941318061203404e-05  6.0168333410946524e-07  1.1886128533759529e-04  -1.6294722568906550e-05  -1.1629076548647041e-05  6.5119255502918230e-07  4.4311817276322317e-07  1.1934222512733320e-07  1.0639942650774100e-05  -4.3764467154993477e-08  -8.9206270350336396e-07  1.7610665145871917e-07  -1.1423371523753221e-05  -6.8646907120647005e-07  -6.5492566014850349e-07  6.8266166724001614e-08  1.9410587504739891e-07  3.2706558516135306e-08  2.0033539230645897e-07  -3.3881506376934631e-08  1.4152692270512600e-08  3.0629680747589270e-07  -2.8245804517372048e-07  -8.6324245253850495e-08  3.5936755115478133e-07  -2.3202984093280044e-08  4.3087039284387960e-08  -1.7264508258723280e-07  -2.9901116979737372e-07  -3.4616770165816458e-08  8.6948289165870354e-08  3.1180543389377528e-08  5.3560281547478965e-07  -1.8059174156636059e-09
2.1200000000000500e+01  1.2533744613186642e-04  1.6428217948290531e-05  7.3862257018455189e-08  6.4543195319836990e-07  5.1070213587045522e-05  1.8875669378488288e-08  -2.7725237440839054e-05  4.9426311008092244e-07  1.2214602117167786e-04  -1.6397305738394785e-05  -1.2249702328129110e-05  4.3089895702371078e-07  3.9084702629184504e-08  2.5944922143360553e-07  1.1266532782440453e-05  -1.7538853990742941e-08  -7.7816484552249722e-07  6.9374950039735561e-08  -1.2272099652270865e-05  -4.1244880253968600e-07  -4.8350776377695516e-07  6.0365957584734652e-08  2.9728083592937740e-07  7.9919130817352182e-08  2.1458272005777760e-07  -2.2693489688312662e-09  8.8568024986867218e-08  1.6843766461346961e-07  -3.1332186470312188e-07  -7.0010728482149838e-08  2.2646189880346536e-07  -8.0044280303554382e-08  -1.1693045046788309e-07  -1.4989192212794921e-07  -2.5248922270862818e-07  -2.2077130607359037e-08  2.1443576346363409e-08  1.6245350390980572e-07  4.9643519310266579e-07  8.5201182311035840e-08
2.1600000000000598e+01  1.2998571718642713e-04  1.6504159450146513e-05  -6.4753694556157673e-07  6.9081207254531598e-07  5.5857909553376156e-05  3.2004347980962476e-08  -2.8426825991629818e-05  4.5703123679040514e-07  1.2658140221113252e-04  -1.6473857024629544e-05  -1.3009154406746785e-05  5.0913015200338583e-07  1.4721627564640886e-08  2.7909545137087922e-07  1.2192719441662623e-05  -2.5630852107510139e-09  -6.7350447885589284e-07  1.6438900780077299e-07  -1.3284987090649039e-05  -4.8014201132631298e-07  -4.8261156862734794e-07  -4.7505373732074023e-08  3.2098562150800824e-08  8.6349782007388250e-08  4.3509769105776115e-07  -4.7422573323524817e-08  1.1014738150649504e-07  1.2829712213565391e-07  -4.5122813675923217e-07  -4.2243104707625535e-10  4.1678516688706240e-07  -9.3775417768655673e-09  -4.7793452521606199e-08  4.9092995507593311e-08  -4.2793389598526660e-07  3.8955558679548705e-08  1.9497416564881090e-08  7.7217713453065921e-08  5.5040037728732993e-07  4.2081226757323943e-08
2.2000000000000600e+01  1.3543215485568394e-04  1.6566377165634411e-05  -1.2900481651045370e-06  6.6776161094911160e-07  6.0009250187486790e-05  -6.4467853694671349e-09  -2.9113472007352519e-05  4.5088675309762670e-07  1.3200994378047187e-04  -1.6566302518205758e-05  -1.4030017314012562e-05  7.3975046527753372e-07  5.2460817866458654e-07  4.1010559147344531e-07  1.3269581933861143e-05  -1.7012074523939903e-10  -5.9812539889204031e-07  1.0757480531113874e-07  -1.4576177331096842e-05  -7.5790650174803613e-07  -7.3984268555906074e-07  -8.6964384922940573e-08  -2.0068611298591719e-07  6.2542974505789119e-08  8.5340486852862165e-07  -8.1158357664237655e-08  6.4844795504004688e-08  2.6988526285180059e-07  -5.9641359390662922e-07  1.1113107986699184e-08  5.4180077039243320e-07  5.8781166387489789e-08  9.4756082605107789e-08  1.6929203846099475e-07  -3.9619089452253761e-07  4.6499913530990676e-08  3.2596740663584597e-08  -9.1279827806550730e-08  4.5710621994499966e-07  -4.9885995344320199e-08
2.2400000000000698e+01  1.4153258428884752e-04  1.6596168934296488e-05  -1.9590964600132077e-06  6.0455720065135009e-07  6.3748869591737025e-05  -3.3089149417528874e-08  -2.9776023496948169e-05  4.7525779004261048e-07  1.3824287820087992e-04  -1.6605341152101202e-05  -1.5321578868937012e-05  8.4121589120952899e-07  1.0069852212512324e-06  7.5348695047308575e-07  1.4468298065825823e-05  -9.2360667136865938e-10  -5.4030400386563078e-07  -1.6882687894462736e-07  -1.6179405774212112e-05  -8.8527193216594355e-07  -1.2503264232597032e-06  -3.5759871937372187e-08  -1.2609429398429707e-07  1.7850003002847869e-08  1.3414481216359514e-06  -1.6714165587551706e-08  -1.8950748405486326e-08  3.8742766841091303e-07  -9.3031918597643125e-07  9.1615452796856272e-09  4.8255809397625552e-07  -1.1422322769820534e-08  2.4369743191025656e-08  1.8285599250480894e-08  -3.1102491235374115e-07  -1.4141468263840613e-08  -2.1545832125318802e-08  -7.7020631318133793e-08  3.0468690469881807e-07  -1.0457426261774670e-08
2.2800000000000800e+01  1.4817447343261131e-04  1.6606312740232091e-05  -2.7220281514449122e-06  5.2250255557328220e-07  6.7371483363472257e-05  -1.4316109556966414e-08  -3.0409076740628351e-05  5.4764754094440101e-07  1.4504298611983933e-04  -1.6583582212619174e-05  -1.7003067061167254e-05  8.3648995146451734e-07  9.8712063018472298e-07  1.0276741444978179e-06  1.6072767590162921e-05  -3.8029947014884106e-08  -6.2697788004326126e-07  -4.2556730392250885e-07  -1.8224296007178357e-05  -8.6436642873070347e-07  -2.1294063185711672e-06  8.5975973379892937e-08  1.1288114868852897e-07  -7.6513660823250013e-08  1.8012634110456709e-06  4.1735104364142657e-08  -1.8627380942727432e-07  3.7970278666019875e-07  -1.6977908560070415e-06  -5.1271567174341789e-08  2.9480617475232420e-07  -2.7513107809524324e-08  -6.2035772446556518e-08  -1.9799331940724286e-07  -3.0847772649764422e-07  -1.9208911270459491e-08  -9.7560907095462297e-08  1.0077927051169954e-07  3.2239093068838675e-07  2.7784722017807300e-08
2.3200000000000799e+01  1.5518075978937919e-04  1.6655689071864929e-05  -3.5035658322991707e-06  4.1151855429514838e-07  7.1107575467093352e-05  1.9377724146550948e-08  -3.1052228613331608e-05  6.5018005525002507e-07  1.5214910695156883e-04  -1.6592400009035213e-05  -1.9397490540350541e-05  8.3776211876382558e-07  6.3257642896385629e-07  8.9088669190365458e-07  1.8195480712593410e-05  -7.3692921306277665e-08  -8.9901329022834560e-07  -4.6155759552011621e-07  -2.0680808564803492e-05  -8.5677033914380955e-07  -3.1640501840897004e-06  2.0170388322346600e-07  2.3146200457364083e-07  -1.5773098697348782e-07  2.2471340852123214e-06  -1.4325406100470742e-10  -3.0023194867882359e-07  3.7483621945283269e-07  -2.6203625375114430e-06  -1.7202303962943851e-07  1.1657893923202082e-07  8.4338592888490737e-08  3.5500589033343743e-08  -1.0180805347099033e-07  -1.7136917892197764e-07  2.6923123055216197e-08  -6.9601925095433253e-08  1.1253665742280285e-07  3.2432966352631116e-07  -5.9013482159788757e-08
2.3600000000000900e+01  1.6234421563034789e-04  1.6756968139577828e-05  -4.2089112382443774e-06  2.6787065324365444e-07  7.5049711099433209e-05  4.1978924065680600e-08  -3.1726158823181644e-05  7.6659425313254870e-07  1.5941303070757910e-04  -1.6677790315309628e-05  -2.2566557187616210e-05  8.4337141582689422e-07  3.5951083573677438e-07  5.2888262305224816e-07  2.0640783308755494e-05  -5.6061222578006931e-08  -1.1948510884032997e-06  -2.5589035226514334e-07  -2.3434826511043633e-05  -8.8308630480740042e-07  -3.7749077805136119e-06  2.0647792013547009e-07  2.0451799538461867e-07  -1.0512542632494662e-07  2.7088994005928925e-06  -5.5815257029873641e-08  -1.0884050296463848e-07  4.2826413730413186e-07  -3.1646023528558745e-06  -2.0934418518425763e-07  1.4688050154139037e-07  4.9337680476215904e-08  4.3038602496828649e-08  1.8896138198989053e-07  -1.8330115211400061e-09  2.9968321684826962e-09  6.0052732998046887e-08  -9.7293022671479357e-08  1.2826834685229951e-07  -5.5654530767175680e-08
2.4000000000000998e+01  1.6960098487246592e-04  1.6864200620318355e-05  -4.8230548800075389e-06  1.4850324112023219e-07  7.9159298046772001e-05  5.4147942271126449e-08  -3.2417322125827882e-05  8.7373344394601084e-07  1.6681126357762611e-04  -1.6795830730607765e-05  -2.6065279065640620e-05  8.5477393423905234e-07  3.5660615014929016e-07  4.1027100130928070e-07  2.3295572770873184e-05  -4.5800161697210390e-08  -1.3118829672852115e-06  2.9165806368110132e-08  -2.6519857782832870e-05  -9.2477034230043709e-07  -3.8239917211495658e-06  1.5489767843927132e-07  2.2550359801650055e-07  4.6374313038085976e-08  3.1476204721877100e-06  -5.3018039586788799e-08  1.8750312913539030e-07  4.2616293242709502e-07  -3.3171412620184157e-06  -1.8417765412979839e-07  3.0630511969314651e-07  -1.3028878507859370e-07  -1.3896506723771578e-07  1.9316768487320504e-07  -9.8366855203043459e-08  -5.4230706643515305e-08  9.7755294975954735e-08  -1.6560122751565177e-07  3.1101130955113223e-08  9.6970381709914837e-08
2.4400000000001000e+01  1.7703086253244480e-04  1.6935672050074200e-05  -5.4086575587773255e-06  1.3233775616429574e-07  8.3378546105611877e-05  5.4434489245916875e-08  -3.3103258628907608e-05  9.1769389252781608e-07  1.7431531884658471e-04  -1.6888292461746076e-05  -2.9491320956334588e-05  8.8305038167529169e-07  5.5642611156662803e-07  5.7098345238493055e-07  2.6218251284402173e-05  -9.1302487363025403e-08  -1.1648480821994364e-06  1.5027120110948051e-07  -2.9951522759918912e-05  -9.6669597642872256e-07  -3.9797102688245448e-06  1.3442066018156902e-07  3.2014070390905658e-07  9.6124392617153830e-08  3.5566820930833281e-06  -3.7742106664652085e-08  1.6500410812225458e-07  3.5663590334945161e-07  -3.5890048488091897e-06  -2.0432008314575224e-07  2.7722944362611214e-07  -8.6748158976694495e-08  -1.1615845373821788e-07  -1.1234060532347419e-07  -2.7388788270210224e-07  -2.6834815804429667e-08  -3.2252057101249340e-08  3.8538267596131981e-08  2.3878046768674522e-07  8.7087225293700905e-08
2.4800000000001098e+01  1.8461882812231963e-04  1.6963844177484796e-05  -6.0512921956225969e-06  2.2798873100544697e-07  8.7785362402590875e-05  3.8667312914294303e-08  -3.3757860974559370e-05  8.5981330810324421e-07  1.8178184091532769e-04  -1.6930374019718326e-05  -3.3103064029842089e-05  8.6241146087369400e-07  7.3123947121806611e-07  6.4307496514179274e-07  2.9433468244237059e-05  -1.1115666539611043e-07  -8.5582197588468538e-07  9.3599532730034947e-08  -3.3667556435352454e-05  -9.2678040850110770e-07  -4.8908596279718664e-06  8.9596224387246413e-08  2.8906270808122765e-07  -8.0293903252285716e-08  4.1054585787202857e-06  -3.0859317995962876e-08  -8.7327183515958288e-08  3.9990661161366513e-07  -4.3473771603198932e-06  -1.7038192653759995e-07  7.9433333638461894e-09  1.5122528574650187e-07  1.8384373292639787e-07  -2.8536877392293230e-07  -1.7999368756697875e-07  4.6632596491447962e-08  -9.8796630296222062e-08  1.9210784173562341e-07  3.9313871273191590e-07  -1.1888972672128749e-07
2.5200000000001101e+01  1.9212015367386061e-04  1.6965381206661114e-05  -6.7799466918163536e-06  3.5473414746292104e-07  9.2614361298896404e-05  2.1060934331272102e-08  -3.4354265823667172e-05  7.2655209867869684e-07  1.8898710257649957e-04  -1.6926483910179370e-05  -3.7614402099889764e-05  7.7595707559323731e-07  7.0196037908862735e-07  4.3453442316762249e-07  3.3051692301276682e-05  -4.7771614466649134e-08  -6.4978259528121343e-07  1.3112063034772098e-07  -3.7869666072251376e-05  -8.0062326804520056e-07  -6.3750310208144995e-06  5.4107560526335271e-08  9.6780574460659412e-08  -3.7194452814008008e-07  5.0059446943474321e-06  -1.2004180244653619e-08  -2.3036096377860317e-07  6.2328424574320053e-07  -5.4988499216339651e-06  -6.8572350852453732e-08  -2.2770150364469317e-07  1.7318734146305708e-07  2.8517955529039888e-07  -1.5550145808601736e-07  6.7753451554514651e-08  5.7679299723237840e-08  2.2716187691738204e-08  1.1558561867808350e-07  1.7272643665324947e-07  -1.5929406922155188e-07
2.5600000000001199e+01  1.9920786062310798e-04  1.6967507672078362e-05  -7.5296574459143210e-06  4.1631771065075484e-07  9.8096388965834792e-05  2.7927081401675794e-08  -3.4883184717475349e-05  5.9568830517599735e-07  1.9576919833361078e-04  -1.6901547504098864e-05  -4.3325900039576420e-05  7.6305637465457444e-07  5.9526033586835769e-07  1.1174896079862064e-07  3.7365991597258357e-05  1.6597736893300278e-08  -7.4644190168955387e-07  3.8776240988126137e-07  -4.2957651867956480e-05  -7.6313492627807224e-07  -7.7901331872254340e-06  1.7669497193289486e-07  8.8989635091855751e-09  -5.2943645105449582e-07  6.1509857402368918e-06  -2.0988148125810713e-09  -2.8266933923251871e-07  7.9586880582021197e-07  -6.7347783928339919e-06  -1.2880737174176773e-07  -1.8736267449998138e-07  -1.9541276517646267e-08  3.1469477394841429e-08  4.6879240314499194e-08  1.4881887405972609e-07  3.1772948698495303e-09  6.5435773560997480e-08  1.3258903405612318e-08  -1.2556864076693756e-07  9.5015285540394496e-09
2.6000000000001300e+01  2.0570890248158971e-04  1.6994819461765690e-05  -8.1972637216871100e-06  3.7974727452185007e-07  1.0429035486941030e-04  6.5324820306570731e-08  -3.5367490837058947e-05  5.4261918683102173e-07  2.0212443144770268e-04  -1.6893802856240361e-05  -4.9703632323359561e-05  9.0724620993490244e-07  6.3842803593873977e-07  -9.3370478764865717e-08  4.2418070773183076e-05  4.4176628531212464e-09  -1.0268217350320380e-06  6.5353583220872346e-07  -4.8890648042342120e-05  -9.1067494211315341e-07  -8.8230240531218329e-06  3.4447233274350678e-07  1.6218911882729012e-07  -4.1310338777838994e-07  7.1233838457004666e-06  -1.6008540261030243e-08  -3.3590396678167464e-07  6.9436610353463263e-07  -7.8288779551686471e-06  -3.2243799386694743e-07  7.2456989804139012e-08  -6.5492636651270867e-08  -1.8455919856029576e-07  1.4694013185699722e-07  5.9046546751693559e-08  -4.1541907806519688e-08  -1.3567608627041273e-07  1.8898229765693752e-08  -1.2350462298279258e-07  5.6610980291378755e-08
2.6400000000001299e+01  2.1170648091061416e-04  1.7057259526643804e-05  -8.7312461987229702e-06  2.8998729749460076e-07  1.1106965810312589e-04  1.0625962743385528e-07  -3.5851621646483035e-05  5.9143158606921697e-07  2.0817832621813231e-04  -1.6935980544371647e-05  -5.5973210428101377e-05  1.0626100303517399e-06  7.6387056995676296e-07  -1.1673714492147056e-07  4.7726895246916120e-05  -3.4484358561150422e-08  -1.1909686810987114e-06  7.6016247996009394e-07  -5.5076979805001577e-05  -1.0773155014006106e-06  -9.5970621590644487e-06  2.8876386860190998e-07  2.9541918402947409e-07  -1.6027997012068933e-07  7.7666841696284249e-06  -2.5603660804522097e-08  -2.5393158498841251e-07  4.5578064212972142e-07  -8.7632288893656577e-06  -3.2651787155008828e-07  1.9354928086806755e-07  5.4351172474752236e-08  -1.3430844035151549e-07  1.5947825508147691e-07  3.7380619779173455e-08  -3.8499080021617656e-08  -2.8350256978337908e-07  -2.9485655205754900e-09  -5.4322079605029199e-08  -6.8400995429581799e-08
2.6800000000001400e+01  2.1746631317858103e-04  1.7147489864422596e-05  -9.1623747803317194e-06  2.2608979151097158e-07  1.1824271198137255e-04  1.1791045364858232e-07  -3.6367398348864459e-05  6.9880112979889326e-07  2.1408741414809728e-04  -1.7032564762200370e-05  -6.1834234741469242e-05  1.0721537794128204e-06  7.7875425611529023e-07  -1.2644536658948950e-08  5.2773585322335730e-05  -3.3869422018490007e-08  -1.1511637643315638e-06  7.7120387057058880e-07  -6.1069604729776502e-05  -1.0943662694836901e-06  -1.0386357612725597e-05  8.6453686774442806e-08  1.9075797074327558e-07  -5.5543600227952795e-08  8.4235446075196247e-06  -2.2917163272812489e-08  -4.9240955531469029e-08  3.8935524738725860e-07  -9.6848563635075155e-06  -1.3768780740587235e-07  -4.2903442368752100e-08  5.0329880403917683e-08  -2.1319855795986465e-08  1.0797616843162024e-07  1.5753548579611512e-07  -3.9028556892537895e-08  -1.0153589902525534e-07  -1.1646612854916516e-07  -2.5805763474455611e-07  -9.7191004003044635e-08
2.7200000000001499e+01  2.2326318325011232e-04  1.7243872827680097e-05  -9.5624764224537485e-06  2.4374458354470406e-07  1.2568199483948842e-04  9.4706109150918136e-08  -3.6901142106925285e-05  7.8378077566386170e-07  2.1995733543591714e-04  -1.7152079672733486e-05  -6.7425221815843402e-05  9.9021760174228617e-07  7.2821594035181247e-07  1.6167026596064717e-07  5.7498677222362509e-05  -2.5658439796432431e-08  -1.0726456926682250e-06  7.3532258474839262e-07  -6.6916981183498769e-05  -1.0269375459480478e-06  -1.1409413313608172e-05  4.6293558374144249e-08  7.5485524355198355e-08  -1.9261047862307859e-07  9.3402591116876355e-06  -2.2152775438752390e-08  2.9027459325941491e-08  5.2766010074081866e-07  -1.0679725059242030e-05  -7.2037356845685284e-08  -3.9391652439015419e-07  -1.2844163309010318e-07  -5.0938093527737984e-08  -1.1229967222175147e-08  2.7296464490530843e-07  -7.7397000396591561e-08  2.3464497686086599e-07  -1.3601290215253724e-07  -4.6919125817762079e-07  5.6104032236304717e-08
2.7600000000001501e+01  2.2922357469360076e-04  1.7314768863759681e-05  -9.9871370515771567e-06  3.4518178180129394e-07  1.3337183075386657e-04  5.9492920696939731e-08  -3.7391772778646313e-05  7.8602198463124505e-07  2.2581330146950106e-04  -1.7243085107458845e-05  -7.2922462447146011e-05  9.4055969001663450e-07  7.4214895996566658e-07  3.5374132144746195e-07  6.2112749105407375e-05  -5.6093029113169886e-08  -1.0631815871121256e-06  6.0981605003187497e-07  -7.2739783868464356e-05  -9.9932745558710826e-07  -1.2588026300692203e-05  1.9216202698134806e-07  2.0450946925116925e-07  -3.3646952328664946e-07  1.0278250157670907e-05  -1.8035716900310333e-08  -9.2131034975821194e-08  6.1622428531621754e-07  -1.1695221527862447e-05  -1.9618935686967054e-07  -6.6114545372547084e-07  -2.4303794245183833e-07  -1.1976031825269055e-07  -1.4443943420455348e-07  3.8129298495973907e-07  -6.6084465731873965e-08  3.8851840985627459e-07  7.1041525717081873e-08  -4.2697916977236512e-07  2.0566249595536055e-07
2.8000000000001599e+01  2.3527849249456586e-04  1.7333215235981732e-05  -1.0445849242406418e-05  4.8984639625030661e-07  1.4137465909762304e-04  3.8985596964502672e-08  -3.7769801190464772e-05  7.0658189053761953e-07  2.3161261593434250e-04  -1.7266915342302799e-05  -7.8347792738505537e-05  9.3211816429279819e-07  7.6757375928205124e-07  5.0436471379472368e-07  6.6680882138889718e-05  -9.0612087724759416e-08  -1.0734347603843171e-06  4.3162754341706006e-07  -7.8412614337057768e-05  -9.9839036629784965e-07  -1.3559633824659492e-05  2.9212008665789239e-07  3.6321157687891541e-07  -2.4469258460282293e-07  1.0999917148650390e-05  -1.1267478623389096e-08  -2.6316798886471709e-07  5.0366496550485875e-07  -1.2720013277356096e-05  -2.9678348853542545e-07  -1.0860654055361687e-06  -1.2999440480646550e-07  3.4484935656579399e-09  -2.0180969711049671e-07  7.1076337591433232e-07  3.7109915904684282e-08  2.5606516830605972e-07  3.3397883358750902e-07  -5.5436757554187117e-07  1.6731676889513038e-07
2.8400000000001601e+01  2.4123534789319612e-04  1.7300944092338317e-05  -1.0902793294083769e-05  6.2649909132034642e-07  1.4977282438733097e-04  4.3360292118116031e-08  -3.8010634182352896e-05  5.9912553900233464e-07  2.3727485264315887e-04  -1.7226753344784718e-05  -8.3559262637088622e-05  9.2862045244074360e-07  7.1265823061057085e-07  5.8123665600555466e-07  7.1072210426068266e-05  -8.1341889222166176e-08  -1.0657913331880932e-06  3.0865819257319537e-07  -8.3733920346245130e-05  -9.7650966548164507e-07  -1.4172202451327928e-05  2.5992594680978667e-07  2.3519037430672991e-07  -3.1426114629532531e-08  1.1635014005165970e-05  -1.2356778945243716e-08  -3.7815125005307891e-07  3.0256843162058304e-07  -1.3757336408627349e-05  -2.7327225310466885e-07  -1.7501740608038945e-06  1.0218489183204201e-07  2.5800522425745789e-07  -1.5510494886203261e-07  1.2790880663969625e-06  9.1430351640762883e-08  -2.9459589602275437e-08  4.1578872313320283e-07  -1.1683132281722135e-06  -4.5776169765075412e-08
2.8800000000001699e+01  2.4690152357456619e-04  1.7255394070100194e-05  -1.1298969642114728e-05  7.1880944335981299e-07  1.5863214910503628e-04  6.4766692869912665e-08  -3.8152776996122672e-05  5.2380437078797563e-07  2.4271721795329833e-04  -1.7167437565570745e-05  -8.8325628782323144e-05  9.4861658011589752e-07  6.4146963895603835e-07  5.9206945836771106e-07  7.5127461737154304e-05  -4.6300672676182762e-08  -1.0703138543664165e-06  2.7772893203987231e-07  -8.8570639493209269e-05  -9.7295832376304619e-07  -1.4729901405759047e-05  2.0234294764807112e-07  -2.8136462313620635e-08  3.9779227943525370e-08  1.2336608651294226e-05  -3.3794185107175900e-09  -3.9283256947767497e-07  1.8159984505020799e-07  -1.4683069675686133e-05  -2.0451801281020112e-07  -2.1817658206875787e-06  2.1152581879625151e-07  2.7910481614672189e-07  -4.9131240003276564e-08  1.7115236900090063e-06  1.1872823780469127e-08  -2.5296334508729285e-07  3.3211125302748454e-07  -1.7696056085834104e-06  -2.1263333882376263e-07
2.9200000000001801e+01  2.5218488541320708e-04  1.7241708865340558e-05  -1.1587433388774598e-05  7.5578110127403780e-07  1.6798721807383886e-04  8.8841071048939354e-08  -3.8259079803177861e-05  5.0382673875627162e-07  2.4789156587788858e-04  -1.7139657799790857e-05  -9.2462198431405567e-05  1.0121464831017326e-06  6.6809056814871664e-07  5.6649931869796919e-07  7.8714940720985964e-05  -2.7692709773883207e-08  -1.0993138011008962e-06  2.9728303489142305e-07  -9.2792091304188048e-05  -1.0346334331890978e-06  -1.5543283576162942e-05  2.0548250663138749e-07  -4.2706855425610673e-08  2.2381729796059627e-08  1.3053911584550214e-05  2.3819238713689831e-08  -2.9664133261578422e-07  1.7642188398239775e-07  -1.5486485960893664e-05  -1.8452048479570481e-07  -2.0289982789648322e-06  1.2709148272123546e-07  -1.6371749339440194e-08  6.7822587192557742e-08  1.7120291185869890e-06  -7.3687674503142864e-08  -2.7555451352972643e-07  2.4359619578395763e-07  -1.8411771956376644e-06  -1.7235936109501899e-07
2.9600000000001799e+01  2.5712821171425834e-04  1.7273630045851393e-05  -1.1761525119615432e-05  7.5226599749108989e-07  1.7783086971149642e-04  1.0681674283202642e-07  -3.8358477847271898e-05  5.1631440279792767e-07  2.5280987880478849e-04  -1.7158510268980272e-05  -9.5900737061517505e-05  1.0828713549850816e-06  7.9652857593681920e-07  5.4238767093767579e-07  8.1716022009242005e-05  -3.2961745036520397e-08  -1.1315233056361046e-06  3.1870644627343039e-07  -9.6274899370430865e-05  -1.1254033397637063e-06  -1.6488507424537252e-05  2.8128181622635406e-07  2.4090066619369735e-07  2.1039033306944687e-07  1.3778940884745133e-05  2.6753690152030770e-08  -2.0735861155756941e-07  1.5725317593705109e-07  -1.6466596429504866e-05  -2.6502582393141879e-07  -1.6340212776052740e-06  2.4982669412452314e-08  -2.0894529409986593e-07  1.5785553272791156e-07  1.4628677317494509e-06  -7.0986244711804464e-08  -1.5964052965636922e-07  2.0076979593390474e-07  -1.6268977879563895e-06  -7.1365440923980079e-08
3.0000000000001901e+01  2.6186878329263145e-04  1.7324630712972184e-05  -1.1851473928828045e-05  7.4027208451681576e-07  1.8811137894962548e-04  1.1964523890058711e-07  -3.8425504356712778e-05  5.1929440365755737e-07  2.5753985210085547e-04  -1.7196305207400422e-05  -9.8671576238410630e-05  1.1132789995245257e-06  9.3508013122603051e-07  5.4192474576471334e-07  8.4092815013467854e-05  -4.5794186556757978e-08  -1.1558700392625413e-06  3.1469795982947299e-07  -9.9016325030165409e-05  -1.1740639865637588e-06  -1.7254060482748863e-05  3.9397430384418746e-07  5.4480510069081819e-07  6.3496948492727239e-07  1.4627299668642285e-05  -1.2980318685700054e-08  -2.3823643908537292e-07  -4.7606791784128899e-08  -1.7800576271137985e-05  -4.1249274120102125e-07  -1.6303061042346114e-06  2.0491002401007743e-08  -4.8058198906631002e-08  1.6478504341142497e-07  1.4044203289590133e-06  -5.4279321285962696e-08  -7.2858183595050008e-08  1.7891155247970760e-07  -1.6569595571152862e-06  -8.5943955945924825e-08
3.0400000000001999e+01  2.6655229663901867e-04  1.7356806601118794e-05  -1.1890926789649117e-05  7.5057699892006080e-07  1.9875245835785976e-04  1.3322540484054053e-07  -3.8410022228054148e-05  4.8831628941626159e-07  2.6216975894981774e-04  -1.7213987147180475e-05  -1.0090426159978705e-04  1.1032317343731345e-06  9.9538854301178168e-07  5.3840893080077192e-07  8.5973869597717915e-05  -5.4662623657374746e-08  -1.1748160814127358e-06  2.9353417297338745e-07  -1.0116533846615987e-04  -1.1598647787980990e-06  -1.7962605824825356e-05  4.4945996827344356e-07  6.5488958455003459e-07  9.6484341895775118e-07  1.5677099698402033e-05  -4.3347756538717256e-08  -2.8736168978405503e-07  -3.8206789117250838e-07  -1.9260011459906275e-05  -4.8993258407387059e-07  -2.2442079735264010e-06  1.1824864164807495e-08  1.3265184264597303e-07  5.6594532625394344e-08  1.7716535424491542e-06  -6.8672043462619463e-08  -6.3469144976780359e-08  2.1036103515522030e-07  -2.0860062786531654e-06  -9.6343225836998624e-08
3.0800000000002001e+01  2.7125709991351633e-04  1.7354512402359245e-05  -1.1885241549049424e-05  7.9482489878559373e-07  2.0969186584188148e-04  1.5078924478916943e-07  -3.8278701140695729e-05  4.3108225620535742e-07  2.6676384795145221e-04  -1.7196318663932863e-05  -1.0282910515585829e-04  1.0948500900235387e-06  9.6117050206986851e-07  4.6783198833928824e-07  8.7612331928838488e-05  -5.4287427389812320e-08  -1.1898477207858690e-06  3.0637473236709240e-07  -1.0294270174747579e-04  -1.1249857357390433e-06  -1.9270024002660767e-05  4.0075025956468513e-07  5.8286186461677901e-07  9.5759089591804338e-07  1.7010974300712986e-05  -3.5252065700594372e-08  -2.4310216299430472e-07  -5.5103833167923204e-07  -2.0775761970357124e-05  -4.3266584574451230e-07  -3.1464960085056793e-06  -3.3778208785313839e-08  3.0803278322581054e-08  -1.0333046323806381e-07  2.4256497453418054e-06  -5.7740065503635630e-08  -7.0168681149249275e-08  3.2452930967088873e-07  -2.7204807283927239e-06  3.9197095554421500e-09
3.1200000000002099e+01  2.7597047375809070e-04  1.7330977024304971e-05  -1.1809176412582128e-05  8.6194077221968545e-07  2.2091361903799560e-04  1.6978322042015392e-07  -3.8029467350187925e-05  3.7257634847318130e-07  2.7133366927634313e-04  -1.7158407823461319e-05  -1.0469337983331463e-04  1.1282721080369229e-06  8.9675254686438109e-07  2.9906132312465669e-07  8.9235604309703551e-05  -4.1002779166174251e-08  -1.2078709868387323e-06  4.0492057930452797e-07  -1.0456033095354346e-04  -1.1270158903763814e-06  -2.1642967635534298e-05  3.4739146789870462e-07  4.5099092897170447e-07  7.4990700870078500e-07  1.8776952797924019e-05  -3.9460564863575268e-08  -2.4994723433454324e-07  -4.3247996716609078e-07  -2.2790255589168652e-05  -3.7552321774320056e-07  -3.8711750838205384e-06  1.8879676442211421e-08  -1.0997824964060462e-07  -1.7221850004887926e-07  3.0375213758722558e-06  -1.0913814248684783e-08  -7.9866740288841801e-08  4.3956307338337355e-07  -3.3132692413980549e-06  2.5249696300270374e-08
3.1600000000002101e+01  2.8061508559214471e-04  1.7309116261270074e-05  -1.1629915405719630e-05  9.3028417433872762e-07  2.3245314415745082e-04  1.8522777714507621e-07  -3.7676564003796408e-05  3.3116955192148861e-07  2.7583766522838602e-04  -1.7125063559875255e-05  -1.0663750745435649e-04  1.2048247125108180e-06  8.8737094808359647e-07  8.9363453212689066e-08  9.0935911220062414e-05  -1.9514411979882436e-08  -1.2442699586971494e-06  5.7614208789973382e-07  -1.0618900916187923e-04  -1.1886950319206592e-06  -2.4763165708125485e-05  3.7801868794751170e-07  3.4272621099163409e-07  6.0518550941685064e-07  2.0993384632349859e-05  -8.9789844931464201e-08  -4.4227013462339027e-07  -2.4450403749173712e-07  -2.5572769444094335e-05  -4.3556235823455464e-07  -4.2610601018047132e-06  1.4872863150806679e-07  4.7331457536227792e-09  -6.1049855633703131e-08  3.3905451086812552e-06  1.3323197895259773e-08  -9.7265918013843998e-08  4.3447137289114393e-07  -3.7475613037975614e-06  -1.2345825526515521e-07
3.2000000000002203e+01  2.8509529615664930e-04  1.7300364048923328e-05  -1.1329726366667036e-05  9.8384279554815327e-07  2.4437581306320370e-04  1.9501921257564831e-07  -3.7229184574760050e-05  3.0821303247631640e-07  2.8020396461860426e-04  -1.7108047779692894e-05  -1.0865652540631511e-04  1.2844562556074446e-06  9.5689966812978425e-07  -4.7998001131165541e-08  9.2693607521534139e-05  -6.2314800806760589e-09  -1.3051961439799137e-06  7.3122853620357362e-07  -1.0795049958688809e-04  -1.2811527989260315e-06  -2.7972001102759230e-05  4.1819909466129198e-07  2.6434304206526963e-07  5.7938781068044142e-07  2.3482998998173210e-05  -1.2768651008032926e-07  -6.2524460627225586e-07  -1.6220025952976066e-07  -2.8710770084193751e-05  -5.0530855261961260e-07  -4.5446493821125981e-06  1.5798177526911470e-07  1.9562025688815457e-07  1.0903718874491362e-07  3.5928869752517837e-06  -5.6637139388878386e-09  -7.5363632460907738e-08  3.3847537933742978e-07  -4.1197557609974164e-06  -2.0505108482278310e-07
3.2400000000002102e+01  2.8933583988704917e-04  1.7299393983823384e-05  -1.0909583794258080e-05  1.0205597312345163e-06  2.5674559181314608e-04  2.0156093699630013e-07  -3.6682199676278779e-05  2.9390356105187659e-07  2.8436057954162221e-04  -1.7100533488894007e-05  -1.1069607600217416e-04  1.3211097620789488e-06  1.0499694459026111e-06  -4.0666156336854685e-08  9.4494807995694529e-05  -1.4810688675141761e-08  -1.3709213982421944e-06  7.7116068641495237e-07  -1.0992650918839894e-04  -1.3489936446621855e-06  -3.1126961442543444e-05  3.8574894128288290e-07  2.2662429224298845e-07  5.5395467346742721e-07  2.6152968869989279e-05  -9.0120914168361453e-08  -5.5959095804310268e-07  -9.2320761450176402e-08  -3.1770782568649892e-05  -4.5457114228052777e-07  -5.1151971217432610e-06  5.9943559310381101e-08  1.9023921973441911e-07  6.8465109506405248e-08  4.0026039374820759e-06  -3.2905521546682753e-08  -2.7828596244037677e-08  3.4581722634083844e-07  -4.6495611585426578e-06  -1.1041880303029402e-07
3.2800000000002001e+01  2.9330012795736809e-04  1.7293467389483784e-05  -1.0376735418535514e-05  1.0496433250696759e-06  2.6960214428891466e-04  2.0888190808777616e-07  -3.6020181409737707e-05  2.7781166758329355e-07  2.8825782355891295e-04  -1.7087702711851399e-05  -1.1281053873439437e-04  1.3046001851620345e-06  1.0953439476500264e-06  7.8048382352910449e-08  9.6434621492705476e-05  -3.7899918612315984e-08  -1.4041357702109753e-06  6.6951742339426334e-07  -1.1219826894324887e-04  -1.3556593979753106e-06  -3.4689334508843056e-05  3.4931038100180778e-07  2.8616120372858014e-07  4.4581397685099830e-07  2.9168935123273950e-05  -1.0994978041678686e-08  -3.5379208268663178e-07  6.7123131297397222e-08  -3.5010914110030344e-05  -3.6806061471595966e-07  -6.1777106990506180e-06  7.4172097356674555e-08  1.0869505347127570e-07  -2.4451302849779468e-07  4.8290821266684587e-06  -3.6207743969952267e-08  -6.1811779430951666e-08  5.4477051664242583e-07  -5.4608778229058076e-06  -6.6839582715685402e-08
3.3200000000001999e+01  2.9698689930903301e-04  1.7274036130194899e-05  -9.7317400826284466e-06  1.0826707253860016e-06  2.8295546523865065e-04  2.1908002697982856e-07  -3.5226081250333899e-05  2.5469308042902787e-07  2.9187589043469042e-04  -1.7059809893154569e-05  -1.1524034123554220e-04  1.2672438504932431e-06  1.0745682816829918e-06  1.9834560483922904e-07  9.8716094296783674e-05  -5.0335859922270635e-08  -1.3812530619870472e-06  4.9668625931203441e-07  -1.1488880915838515e-04  -1.3110543899440848e-06  -3.9095417929749704e-05  3.9780241829587974e-07  4.4477461896883332e-07  2.7168917928437972e-07  3.2750373426166206e-05  3.1509549956423441e-08  -2.8183163133452387e-07  2.5506226188173118e-07  -3.9009497011191045e-05  -3.8983068129217764e-07  -7.4733614285968344e-06  2.1476286828492394e-07  1.7326894000934614e-07  -5.0107478946578255e-07  5.8648467462285584e-06  -1.9664747374098153e-08  -1.8977913145475753e-07  7.3244740748618388e-07  -6.4943698028571478e-06  -1.9791687500542933e-07
3.3600000000001899e+01  3.0041269674139685e-04  1.7241171653462999e-05  -8.9655040696757496e-06  1.1258484358930094e-06  2.9679549414032022e-04  2.3160303139519436e-07  -3.4287344743855240e-05  2.2453363187027982e-07  2.9521880938494473e-04  -1.7016956600545756e-05  -1.1831157476092565e-04  1.2537217311053329e-06  1.0294282174273476e-06  2.2427266711206862e-07  1.0154112903898080e-04  -3.3909693627638313e-08  -1.3218579326229464e-06  3.6677049281716999e-07  -1.1814448979802842e-04  -1.2624259493446378e-06  -4.4320216606361160e-05  4.8970060414707564e-07  5.8714551478670852e-07  9.2143683048850887e-08  3.6908538665477640e-05  1.8637666489076034e-08  -3.9384564965148972e-07  3.9991704661807399e-07  -4.3921682720977586e-05  -4.9146515074851749e-07  -8.5133417993722117e-06  2.6911436105480292e-07  2.8985629007400545e-07  -4.0104712153613225e-07  6.7610825657672489e-06  -1.1722815976160596e-08  -2.5809265943480013e-07  6.7405529576553490e-07  -7.5803307030969211e-06  -3.0995812619847097e-07
3.4000000000001798e+01  3.0359306766043715e-04  1.7200473929415197e-05  -8.0645564179366918e-06  1.1779873788360128e-06  3.1110713690364448e-04  2.4504852690824149e-07  -3.3197499737595490e-05  1.8991643195441414e-07  2.9830118272365934e-04  -1.6965286100293909e-05  -1.2221796605176591e-04  1.2901137913129419e-06  1.0190330571746970e-06  1.4207510919645704e-07  1.0498152793069997e-04  2.9141621873717224e-09  -1.2868922039175138e-06  3.5573564665204513e-07  -1.2204547484733780e-04  -1.2622884551444008e-06  -4.9994394066571308e-05  5.3256648527084161e-07  6.0096309942679652e-07  -3.2689092534130161e-08  4.1433853323196291e-05  -1.4503905477433186e-08  -5.2764637549755247e-07  5.1337170097659794e-07  -4.9413402479386485e-05  -5.5169660932698132e-07  -9.2123819579754149e-06  1.7194547097953853e-07  2.7090002651706736e-07  -1.3996126566218998e-07  7.4511232206280424e-06  -1.8246825441457837e-08  -1.5449335412292173e-07  4.5489503924183530e-07  -8.5423687606304406e-06  -2.3956749749623520e-07
3.4400000000001697e+01  3.0653293161569121e-04  1.7157710256533429e-05  -7.0167893884093367e-06  1.2336725564474717e-06  3.2588132986238977e-04  2.5876885747384205e-07  -3.1954335393151131e-05  1.5352293439682505e-07  3.0113573031319730e-04  -1.6910948090140771e-05  -1.2686796656199493e-04  1.3750503156952182e-06  1.0760726022197492e-06  1.6914030179260757e-08  1.0893444654090523e-04  3.1066886443833664e-08  -1.3360158857035391e-06  4.5503146477755140e-07  -1.2652461622353572e-04  -1.3368297776916604e-06  -5.5720846078170017e-05  5.1177994516723798e-07  5.1047257902264180e-07  -6.5430782571634335e-08  4.6054582710214353e-05  -4.2911902891818632e-08  -5.6395945147620065e-07  6.0443088516248792e-07  -5.5074274020786769e-05  -5.3929393291636776e-07  -1.0021405698412247e-05  8.3828738423656490e-08  1.7492593146110396e-07  -1.2199693862449176e-07  8.1320493650461163e-06  -1.0350595115499740e-08  6.9987779863933462e-09  3.7313861147606635e-07  -9.3649882244706934e-06  -9.4015214887554362e-08
3.4800000000001603e+01  3.0922763608584808e-04  1.7115677742485527e-05  -5.8130648788726940e-06  1.2879891380068991e-06  3.4111829343931024e-04  2.7270262708293495e-07  -3.0556416181347140e-05  1.1699053678510370e-07  3.0372694735273682e-04  -1.6857049971592200e-05  -1.3193287032963561e-04  1.4850300103518446e-06  1.1907514520877037e-06  -6.3841681248180684e-08  1.1319281438012159e-04  2.6144488811022614e-08  -1.4722557762256978e-06  5.8735015439137687e-07  -1.3138499221693021e-04  -1.4690056959451035e-06  -6.1241933108088835e-05  4.7488396749599546e-07  4.3547187065763228e-07  -3.7721432124003125e-09  5.0567950571221555e-05  -6.2661488146432903e-08  -5.1041303231894291e-07  6.3853094267084641e-07  -6.0644714080419833e-05  -5.0726847819057235e-07  -1.1265796184867338e-05  1.2483358643749567e-07  1.5312341833602575e-07  -3.3418643605225970e-07  8.9607947742530330e-06  1.5817215707770054e-08  -7.2821964132101886e-09  5.2604677138891080e-07  -1.0292791407380118e-05  -7.0185271786085704e-08
3.5200000000001602e+01  3.1166863607387318e-04  1.7074095600961283e-05  -4.4457544768133298e-06  1.3395332725125969e-06  3.5682520460748835e-04  2.8628150137392422e-07  -2.8999659827010017e-05  8.0964876924946013e-08  3.0607083950774021e-04  -1.6804036676681298e-05  -1.3706333191056344e-04  1.5834346831293761e-06  1.3211901263423327e-06  -4.8777805273659215e-08  1.1757221025781526e-04  -1.1260629253482655e-08  -1.6260823927192725e-06  6.6429200098401112e-07  -1.3641912101673947e-04  -1.6052239258319132e-06  -6.6448305181245643e-05  4.5171350558206264e-07  4.5180177976336563e-07  1.2726272371095368e-07  5.4879330460760306e-05  -6.9639649963092082e-08  -4.1927418554330663e-07  5.9106760066664027e-07  -6.5992983286111158e-05  -4.9030170186521718e-07  -1.2618214143999635e-05  2.4784851332907441e-07  2.0177680394840254e-07  -3.9730739020553065e-07  9.8998181298939277e-06  1.7148382781262085e-08  -2.5728051052207784e-07  6.7198317192294259e-07  -1.1525946155185553e-05  -2.1009584168448241e-07
3.5600000000001501e+01  3.1384689552161894e-04  1.7030990347035859e-05  -2.9071865992033380e-06  1.3904886727948064e-06  3.7301298508783903e-04  2.9807290367627049e-07  -2.7275586220861566e-05  4.5565593114481008e-08  3.0815714377659700e-04  -1.6751138154984959e-05  -1.4211137374421377e-04  1.6362552417670108e-06  1.4191620161268290e-06  5.4208649474059178e-08  1.2200636318177374e-04  -5.7446724422154811e-08  -1.7049104323570559e-06  6.4376125776167590e-07  -1.4153993236355777e-04  -1.6875930397150373e-06  -7.1346519376868124e-05  4.3582392069769011e-07  5.2879152253138673e-07  2.8979127545255538e-07  5.8981750299865460e-05  -6.1206203925531151e-08  -3.3259736954836329e-07  4.7954258357519172e-07  -7.1087377121376532e-05  -4.8034069231586398e-07  -1.3494792917198927e-05  3.3395663517268739e-07  2.2738369385396289e-07  -1.8373653122448913e-07  1.0758258150340381e-05  -2.3425114340482806e-08  -5.0098341317099618e-07  5.6175352602758949e-07  -1.2791924184468749e-05  -3.6595207698015379e-07
3.6000000000001400e+01  3.1575151527505219e-04  1.6984144274736589e-05  -1.1891872605544664e-06  1.4443798661733753e-06  3.8969520102067484e-04  3.0666479286567121e-07  -2.5372033979166771e-05  1.0715927009015847e-08  3.0997081968208335e-04  -1.6697173777887791e-05  -1.4720075155417707e-04  1.6336245957249747e-06  1.4581360453748306e-06  1.9299848716492617e-07  1.2656009245569773e-04  -8.5489489164532172e-08  -1.6703842867115628e-06  5.5085735109208738e-07  -1.4682347766336429e-04  -1.6936757974711811e-06  -7.5999814461694731e-05  4.1694067061423745e-07  5.8474805946187483e-07  4.3891304211011135e-07  6.2896966965610477e-05  -4.5506438870448284e-08  -2.8159552808602897e-07  3.4804221798175431e-07  -7.5964982001613848e-05  -4.6501287788687517e-07  -1.3850285111478976e-05  2.9724013247137170e-07  1.8624966268247976e-07  1.5860050005551289e-08  1.1368752582290115e-05  -5.6891460255357263e-08  -4.5221535614454866e-07  2.9581494291129197e-07  -1.3607728386508676e-05  -3.5958738316477273e-07
3.6400000000001299e+01  3.1736592169999487e-04  1.6932119404971252e-05  7.1695558261206018e-07  1.5032362059141982e-06  4.0688885358324819e-04  3.1188547762357049e-07  -2.3275593093925002e-05  -2.3716935245735695e-08  3.1149215625058015e-04  -1.6640752595791019e-05  -1.5260916138827181e-04  1.6006392757826032e-06  1.4481335657365945e-06  3.0706472619663429e-07  1.3136802606613022e-04  -8.4240255856001773e-08  -1.5718864531180417e-06  4.5139299852846528e-07  -1.5243711962850828e-04  -1.6521121058891070e-06  -8.0418581486375775e-05  4.0217402184306177e-07  5.7577221745415659e-07  5.3097030002678045e-07  6.6593905408760733e-05  -3.3999893994795425e-08  -2.8245868530736475e-07  2.4329973273545102e-07  -8.0607689230162481e-05  -4.5002778604953489e-07  -1.4225116568913383e-05  1.6226683243158907e-07  1.1899391705004781e-07  -7.4325858988885867e-09  1.1800008518215642e-05  -3.9517549776009766e-08  -1.4998135170426967e-07  1.7066526753176923e-07  -1.4025859142392339e-05  -1.9545505397911242e-07
3.6800000000001198e+01  3.1866613253276271e-04  1.6874715777564086e-05  2.8207516786299880e-06  1.5661300204528312e-06  4.2461474195402846e-04  3.1519547070583324e-07  -2.0973854222970981e-05  -5.7875324839943882e-08  3.1269715364544860e-04  -1.6580480365872595e-05  -1.5856422435217018e-04  1.5826992567935678e-06  1.4269599127573935e-06  3.6036476651814240e-07  1.3654765060133560e-04  -6.1880531129143212e-08  -1.5039913171287262e-06  4.0042733265803597e-07  -1.5851493584974184e-04  -1.6193015602265371e-06  -8.4476071367747103e-05  4.0798257080941090e-07  5.2997305171408284e-07  5.4705254891641103e-07  6.9942501523143465e-05  -3.0769562193667687e-08  -3.2723910337845399e-07  1.9251230123856347e-07  -8.4837328725446658e-05  -4.5102110022474107e-07  -1.4953592160112781e-05  6.8421636534744068e-08  1.2230107131602333e-07  -7.0687575832490620e-08  1.2289678981630977e-05  1.2207938361978722e-10  7.8258383778264590e-08  2.1925374244382094e-07  -1.4612892179053099e-05  -7.1033543546881035e-08
3.7200000000001197e+01  3.1962469579598947e-04  1.6812661870505910e-05  5.1326872580012995e-06  1.6300788628085557e-06  4.4289499214293301e-04  3.1892218087899406e-07  -1.8455985713123333e-05  -9.2025179465947841e-08  3.1356063778812337e-04  -1.6515230884430048e-05  -1.6510561147064660e-04  1.6133808675809569e-06  1.4330335092355056e-06  3.5400908675989544e-07  1.4213805772991209e-04  -3.5114531128116698e-08  -1.5285387145894158e-06  4.0641369093745709e-07  -1.6507277366641199e-04  -1.6365552615872053e-06  -8.7949918952335215e-05  4.4024615144897050e-07  5.0826401697638905e-07  5.1312901295255134e-07  7.2760060652499815e-05  -3.3674070835494284e-08  -3.8981570065758836e-07  1.8629414224248658e-07  -8.8387221090069002e-05  -4.7570760105963090e-07  -1.5749728052398911e-05  1.1192769610447424e-07  2.2158831167310879e-07  7.3866770527486441e-08  1.2921074157450356e-05  1.0447127994794584e-08  3.1023693855661670e-08  1.8870784149716655e-07  -1.5605179839668802e-05  -1.1587498427848860e-07
3.7600000000001103e+01  3.2022023602353234e-04  1.6746620261995942e-05  7.6637284836483886e-06  1.6925574379382658e-06  4.6174726644363927e-04  3.2496241768263042e-07  -1.5711780196282755e-05  -1.2690370241802313e-07  3.1406300689107729e-04  -1.6444145602324604e-05  -1.7209347801453372e-04  1.6910685320632060e-06  1.4796941690498614e-06  3.1634209992594426e-07  1.4808897452088421e-04  -1.5838304811561987e-08  -1.6317878449225313e-06  4.3601031604999070e-07  -1.7201209948901808e-04  -1.7033392535405515e-06  -9.0667768953724308e-05  4.8381496307018281e-07  5.4044604657369701e-07  4.8114106246887648e-07  7.4924817700276986e-05  -4.0039096514021325e-08  -4.4163201737822618e-07  1.8706573441337704e-07  -9.1091081059066969e-05  -5.1357860321696996e-07  -1.6297653181497286e-05  2.2508788333042693e-07  2.9909844440156772e-07  3.7923673987187111e-07  1.3575873539495538e-05  5.0720884156187804e-10  -1.7625535324381446e-07  -2.1629616234696983e-08  -1.6678036804572311e-05  -2.3238725784737778e-07
3.8000000000001002e+01  3.2044750763870724e-04  1.6676193104154396e-05  1.0424262762326851e-05  1.7536393038809426e-06  4.8117845762968758e-04  3.3386897984385966e-07  -1.2730578281642917e-05  -1.6403084264642919e-07  3.1419781648576339e-04  -1.6366359491184754e-05  -1.7932258950351535e-04  1.7838263979313615e-06  1.5505312167361305e-06  2.8178583023001317e-07  1.5429316880207600e-04  -5.5944132715107430e-09  -1.7479315818619737e-06  4.4846623479225309e-07  -1.7919038325381293e-04  -1.7857598677722350e-06  -9.2633371424386546e-05  5.1449266470606123e-07  6.0120466947690004e-07  4.7523671663780031e-07  7.6463924461701367e-05  -4.6343134162026653e-08  -4.6559834648968030e-07  1.6705039355350130e-07  -9.2994085927008087e-05  -5.4315746227594661e-07  -1.6848910440801009e-05  3.0633935043035351e-07  2.8203872723291637e-07  6.3687121070545113e-07  1.4256365119726932e-05  1.2193717327024203e-08  -3.5558076910336973e-07  -2.3181462170056945e-07  -1.7676245906374939e-05  -2.9258929303705206e-07
3.8400000000000901e+01  3.2032032743982029e-04  1.6599795731438333e-05  1.3423393688398542e-05  1.8161117628196077e-06  5.0118286592719494e-04  3.4479966089799437e-07  -9.5012598279374614e-06  -2.0543676343706119e-07  3.1397465553372313e-04  -1.6280931962523725e-05  -1.8664060208090685e-04  1.8570351142398732e-06  1.6180906998971045e-06  2.7262436104289217e-07  1.6063876504711046e-04  7.3859391997082546e-10  -1.8183881182467209e-06  4.2690959201338434e-07  -1.8649733496392114e-04  -1.8485532006488595e-06  -9.4037736874998622e-05  5.2424909018040265e-07  6.4480980796761598e-07  4.6062723510436631e-07  7.7547555986940103e-05  -4.5862549823919414e-08  -4.6353349592260178e-07  1.4270203910732094e-07  -9.4303463023764236e-05  -5.5254502726676368e-07  -1.7922826858720577e-05  3.7012832357353104e-07  2.8646981350774522e-07  7.6595367287949329e-07  1.5203858090892287e-05  3.0990262751855844e-08  -4.6526298305353957e-07  -3.1803938568901816e-07  -1.8964286749413880e-05  -3.3869049217688193e-07
3.8800000000000800e+01  3.1986352997493751e-04  1.6515619991347267e-05  1.6669412141739112e-05  1.8835420074878955e-06  5.2174781398006513e-04  3.5613543997244908e-07  -6.0131961942958608e-06  -2.5259093227858242e-07  3.1341373177233106e-04  -1.6187337264209506e-05  -1.9400048520021459e-04  1.8993230088360590e-06  1.6683523276336141e-06  2.9148960890457304e-07  1.6705674671456386e-04  7.8431028683412577e-09  -1.8322726076210569e-06  3.8395589488717293e-07  -1.9389168982160296e-04  -1.8818164706305891e-06  -9.5157213733152105e-05  5.3051671117402577e-07  6.5587516868080831e-07  3.7760012943648522e-07  7.8399157480867206e-05  -3.3278413352524225e-08  -4.5243942192331235e-07  1.6638993812395568e-07  -9.5262847376839714e-05  -5.5212049210203505e-07  -1.9691504866794257e-05  4.5678285485574232e-07  4.0619789394508337e-07  8.1617985809563437e-07  1.6613874637572436e-05  2.4547885050837643e-09  -5.2982003304830875e-07  -3.6089775477058734e-07  -2.0851376698038425e-05  -4.5104002599184422e-07
3.9200000000000799e+01  3.1909830895489408e-04  1.6422938870954390e-05  2.0171239138114293e-05  1.9578739858176289e-06  5.4286388046929793e-04  3.6622306443239148e-07  -2.2570410089506592e-06  -3.0514957324733403e-07  3.1253460634107972e-04  -1.6086187885538746e-05  -2.0144487629148757e-04  1.9262791583915749e-06  1.7094159884089230e-06  3.2508021092874533e-07  1.7354481071017106e-04  1.6064642911933889e-08  -1.8211203326194673e-06  3.4474923809011864e-07  -2.0139437760561960e-04  -1.9027186138254456e-06  -9.6215429959962815e-05  5.5602585892806302e-07  6.6120510718069597e-07  2.1011219921544916e-07  7.9190317424422216e-05  -1.2913827350156476e-08  -4.5079431233015873e-07  2.7559711555160196e-07  -9.6065586766241534e-05  -5.6388104079216253e-07  -2.1920549108240909e-05  5.0710757861448613e-07  5.1574621274856761e-07  8.2070362822777570e-07  1.8427704691489242e-05  -7.2404103591166483e-08  -5.3093158936093926e-07  -4.2484813138741153e-07  -2.3152133747099456e-05  -5.6104079349755442e-07
3.9600000000000698e+01  3.1803063314521298e-04  1.6322658223185403e-05  2.3939661072525662e-05  2.0383903609973144e-06  5.6453279725696679e-04  3.7383795930517229e-07  1.7755606872575571e-06  -3.6061093500339697e-07  3.1134607265666291e-04  -1.5979412994680840e-05  -2.0905905123305368e-04  1.9627044498391536e-06  1.7591951530025400e-06  3.5514462849989740e-07  1.8015900068069882e-04  2.2808920923353415e-08  -1.8243060445761611e-06  3.2633147750975469e-07  -2.0906073230318641e-04  -1.9359951487581999e-06  -9.7302644324622829e-05  6.0206327595097035e-07  6.9423277336265191e-07  1.7408508679228033e-08  7.9993522831119346e-05  1.4539352176450563e-09  -4.6713391576574027e-07  4.4456044106613000e-07  -9.6844948848766047e-05  -5.9835947184305359e-07  -2.4354803366953979e-05  4.4736171185449538e-07  4.5495984322684993e-07  7.7147732124850490e-07  2.0479573348566213e-05  -1.3035017124977584e-07  -4.5858466218015463e-07  -4.4234744690860291e-07  -2.5527057303989754e-05  -5.4638360987858145e-07
4.0000000000000597e+01  3.1664971812265169e-04  1.6216670818971730e-05  2.7987268497347553e-05  2.1226401331427373e-06  5.8676817665218571e-04  3.7833100481455481e-07  6.0931782934177739e-06  -4.1541789425576941e-07  3.0984294401377867e-04  -1.5869475541440186e-05  -2.1692606922767024e-04  2.0216727278075929e-06  1.8268536954752368e-06  3.7000316566312155e-07  1.8697933549948135e-04  2.6293202232581113e-08  -1.8596815024104995e-06  3.2888425490481070e-07  -2.1695320990490382e-04  -1.9931650095565225e-06  -9.8404688963127138e-05  6.4502282301083499e-07  7.5332403527359513e-07  -1.0588418458274059e-07  8.0821001807840421e-05  -1.7780958888303819e-09  -4.9856703301165510e-07  5.8685809561236393e-07  -9.7709019258083879e-05  -6.4288679482458083e-07  -2.6993853933031292e-05  3.2150724390776238e-07  2.7261012440102725e-07  6.7051392906760286e-07  2.2719593040035723e-05  -1.2712412625111507e-07  -3.6462722027792541e-07  -3.4691732740822544e-07  -2.7951509301512826e-05  -4.1947137220542337e-07
4.0400000000000503e+01  3.1493551448275086e-04  1.6106585433585959e-05  3.2327148110059337e-05  2.2083556298682153e-06  6.0959059725269752e-04  3.7964121044720367e-07  1.0705755840221317e-05  -4.6687385143992418e-07  3.0801000615022752e-04  -1.5758064737192400e-05  -2.2509863809877420e-04  2.0976006870147643e-06  1.9060782052705896e-06  3.6988544841981419e-07  1.9406926050265555e-04  2.7474810193837278e-08  -1.9190440242306261e-06  3.4085629582604977e-07  -2.2512225531576063e-04  -2.0670023484022986e-06  -9.9517078997829535e-05  6.5769220788926365e-07  7.9784009484339047e-07  -1.0528572472261238e-07  8.1711983360985418e-05  -1.9791183622854716e-08  -5.3331885740115284e-07  6.1410916012220394e-07  -9.8775147042507025e-05  -6.7059360176202267e-07  -3.0063144802153351e-05  2.4604925592535825e-07  1.5283100267660908e-07  5.3218882147854869e-07  2.5242232441677986e-05  -7.4213961826120918e-08  -3.1468759533419095e-07  -1.6078993954497387e-07  -3.0702326451364197e-05  -3.0590614800622873e-07
4.0800000000000502e+01  3.1286795881930703e-04  1.5992833744083022e-05  3.6971543956617822e-05  2.2948063815531873e-06  6.3302263492348619e-04  3.7829645031949054e-07  1.5625046456171172e-05  -5.1454753743353632e-07  3.0582852205913335e-04  -1.5645185426017057e-05  -2.3358966473833466e-04  2.1753102832834827e-06  1.9838196959716801e-06  3.6373584520187195e-07  2.0145110098281494e-04  2.8813745556082812e-08  -1.9828065260162157e-06  3.4975457518924838e-07  -2.3359474531991394e-04  -2.1416909932604686e-06  -1.0075487249959372e-04  6.3325628968570587e-07  7.8674765756850183e-07  -1.0129992703451482e-08  8.2791404899341324e-05  -3.5168291375567736e-08  -5.5312777121641342e-07  5.0499405786055220e-07  -1.0017907549047209e-04  -6.6120616281279813e-07  -3.3807919384509608e-05  2.7678370382054030e-07  1.9588593483526275e-07  3.6603058990764225e-07  2.8186575010711640e-05  -9.2950339079445378e-09  -3.3175533128961518e-07  5.8191227874950820e-08  -3.4070853914186374e-05  -2.9104395187924665e-07
4.1200000000000401e+01  3.1043070506989705e-04  1.5874697143761533e-05  4.1931761071304762e-05  2.3827823494151712e-06  6.5708781989369590e-04  3.7535287032704044e-07  2.0864478349562430e-05  -5.6027107721138678e-07  3.0327976468374628e-04  -1.5529236475818199e-05  -2.4237897696932851e-04  2.2438525871838827e-06  2.0531265332717691e-06  3.6126848925605412e-07  2.0910763208344064e-04  3.1913909179129990e-08  -2.0364106782660798e-06  3.4959616175272457e-07  -2.4236985505182636e-04  -2.2066101656666820e-06  -1.0236482114186452e-04  5.9294643786451334e-07  7.2414460839456871e-07  8.9844103384024711e-08  8.4245055198141756e-05  -2.9736394185895253e-08  -5.4166145439736134e-07  3.2740498990921318e-07  -1.0205342392511888e-04  -6.1929025150241838e-07  -3.8298707484385792e-05  3.7339166473805198e-07  3.5215587338028323e-07  1.8910636508725903e-07  3.1648083836699118e-05  3.2576003167740242e-08  -3.9469912428443340e-07  2.6427411893612300e-07  -3.8182503524300917e-05  -3.5958533990642651e-07
4.1600000000000300e+01  3.0760766126040814e-04  1.5750994980855224e-05  4.7219277210996816e-05  2.4736161792634123e-06  6.8181286842493804e-04  3.7216436161520533e-07  2.6438800071387986e-05  -6.0693451365225794e-07  3.0034353381700450e-04  -1.5407902350825384e-05  -2.5143072724892652e-04  2.3032726920959316e-06  2.1177030858291116e-06  3.6672574691701039e-07  2.1700275319059238e-04  3.6620181426036821e-08  -2.0769583440394186e-06  3.4164054878047411e-07  -2.5142396890749484e-04  -2.2622995002537137e-06  -1.0461401762467949e-04  5.7367132325182010e-07  6.6808933124035995e-07  1.1194148890914952e-07  8.6224630957348333e-05  -1.2559383720719754e-09  -5.0007405330238768e-07  1.9395533398249827e-07  -1.0448448641865600e-04  -5.7752515198979426e-07  -4.3378350742594084e-05  4.6298034321092826e-07  5.0489854304903679e-07  3.6898657824124496e-08  3.5616545496865769e-05  3.1683724870782274e-08  -4.6211363205236929e-07  4.2304729073663770e-07  -4.2964524322551756e-05  -4.4806884746807990e-07
4.2000000000000199e+01  3.0437788224783755e-04  1.5620769544176974e-05  5.2846640775249757e-05  2.5682592990684817e-06  7.0722911962099191e-04  3.6998054751857952e-07  3.2363339651950542e-05  -6.5705429077742211e-07  2.9699537995979836e-04  -1.5279180601927646e-05  -2.6071259140766039e-04  2.3614974161712219e-06  2.1864134764017284e-06  3.7805617251255157e-07  2.2510489798230310e-04  4.1957069544949825e-08  -2.1103924332309835e-06  3.3067746661941101e-07  -2.6072375175235988e-04  -2.3167170173664184e-06  -1.0762494526858912e-04  6.0430285922172345e-07  6.8986210124741749e-07  3.7944222042209422e-08  8.8754657645011363e-05  3.2200641200211675e-08  -4.5517153898638531e-07  1.8353168145664958e-07  -1.0747172466395021e-04  -5.7893669442897009e-07  -4.8745521663522297e-05  5.0043209503317359e-07  5.6602191289983553e-07  -5.4543208134409995e-08  3.9936341888466239e-05  -5.0937865847028470e-09  -4.9665413348776996e-07  5.1687684802146779e-07  -4.8174598802815353e-05  -5.0429169119113597e-07
4.2400000000000098e+01  3.0071657960134508e-04  1.5483521185671742e-05  5.8827079108618972e-05  2.6670672028508362e-06  7.3336949511609395e-04  3.6952329842685637e-07  3.8652796781698260e-05  -7.1198166238194314e-07  2.9320872270617804e-04  -1.5141967913168756e-05  -2.7020714505456836e-04  2.4268616328376344e-06  2.2653359765772438e-06  3.9033702085220057e-07  2.3339939718158072e-04  4.7294182414382896e-08  -2.1453804066626645e-06  3.2104581044942581e-07  -2.7024098909684277e-04  -2.3778922552937964e-06  -1.1127973720540787e-04  6.8544397013827599e-07  8.1531104012610444e-07  -7.8303799466912337e-08  9.1713909981160866e-05  4.5310512570598495e-08  -4.4538951363370894e-07  2.8758955666698977e-07  -1.1092060615291260e-04  -6.4641244037546153e-07  -5.4084650795910190e-05  4.8317404601167547e-07  5.2623518244471577e-07  -6.8979456683023451e-08  4.4343481622836534e-05  -4.7803227402167760e-08  -4.8362379343588065e-07  5.5303994479825506e-07  -5.3489877465834153e-05  -5.0968855470137584e-07
4.2800000000000097e+01  2.9660293009758996e-04  1.5339049218294496e-05  6.5173564324262417e-05  2.7701527054301979e-06  7.6026207561503511e-04  3.7074417308239571e-07  4.5320412846858865e-05  -7.7190977776896146e-07  2.8896236996417245e-04  -1.4996097303793400e-05  -2.7991061033382625e-04  2.5030218908241012e-06  2.3549882473904946e-06  3.9976225665632650e-07  2.4188575539493449e-04  5.2381134179124434e-08  -2.1883533306977688e-06  3.1491288734879588e-07  -2.7996055602725375e-04  -2.4495093469707203e-06  -1.1527784019383940e-04  7.8623284788578208e-07  9.9852511993316181e-07  -1.5338815974977079e-07  9.4908146792233120e-05  2.5343986807336825e-08  -4.9059328161182089e-07  4.2108155746038347e-07  -1.1468295860432574e-04  -7.6174608404308384e-07  -5.9178019766955984e-05  4.3590945613035941e-07  4.4638734608338052e-07  -8.3574068060385680e-09  4.8593168290386571e-05  -6.8635834197673561e-08  -4.3322258807596755e-07  5.4733521754476849e-07  -5.8653134490921142e-05  -4.7716955143157900e-07
4.3200000000000003e+01  2.9202568288309996e-04  1.5187254670978940e-05  7.1898845329222997e-05  2.8777181420786194e-06  7.8792670982012509e-04  3.7288042883721753e-07  5.2378455596837443e-05  -8.3626363642567446e-07  2.8424537664294191e-04  -1.4842092892718294e-05  -2.8982301818403379e-04  2.5887418112118862e-06  2.4534922900112377e-06  4.0557990463241315e-07  2.5056613030071642e-04  5.6587320809501075e-08  -2.2408620305047754e-06  3.1263324621599349e-07  -2.8987814680653788e-04  -2.5311676717878543e-06  -1.1931918349221293e-04  8.6180604854503010e-07  1.1520182304925509e-06  -1.3273795800104234e-07  9.8184054650651226e-05  -1.8096269335140750e-08  -5.7116759509768578e-07  4.8794540000789960e-07  -1.1862782203371103e-04  -8.7336742667932156e-07  -6.3961596534787814e-05  3.8585659278540925e-07  3.9771016504759197e-07  1.1489624466539755e-07  5.2580990746869847e-05  -6.3431115650256501e-08  -3.6760992510530852e-07  5.0395783922915017e-07  -6.3576441691325946e-05  -4.3332555842570532e-07
4.3599999999999902e+01  2.8697848492653248e-04  1.5028156132075367e-05  7.9016510442738754e-05  2.9899922542826594e-06  8.1637974944879816e-04  3.7477627449168008e-07  5.9839542211515820e-05  -9.0404684528051332e-07  2.7905204256718189e-04  -1.4680923034613812e-05  -2.9994019735814855e-04  2.6806983359709827e-06  2.5607140978654573e-06  4.0967837024502155e-07  2.5943666876026585e-04  5.8620903763598202e-08  -2.2994937001640273e-06  3.1364800039637119e-07  -2.9999319761842003e-04  -2.6209150531882235e-06  -1.2328581387692055e-04  8.8131302983793430e-07  1.2097302874467797e-06  -2.3426534511021282e-08  1.0150749841766256e-04  -6.0899967597182165e-08  -6.3782851632583299e-07  4.4883364075569458e-07  -1.2270363435962683e-04  -9.3015234250064044e-07  -6.8486822497080597e-05  3.4727020124483291e-07  4.0330412453058445e-07  2.7205138595987600e-07  5.6343926308901761e-05  -4.7627455585474741e-08  -3.0871899141912479e-07  4.2148885662109641e-07  -6.8301488889829535e-05  -3.9690588984283218e-07
4.3999999999999801e+01  2.8144894784493845e-04  1.4862050517577830e-05  8.6541670002120066e-05  3.1069189451499827e-06  8.4564357696759055e-04  3.7531928315139549e-07  6.7717354535199933e-05  -9.7407569810298000e-07  2.7337109281436552e-04  -1.4513803482297450e-05  -3.1025539996815246e-04  2.7763010684036943e-06  2.6788205715142073e-06  4.1480559674458728e-07  2.6848970333357911e-04  5.7299500326898631e-08  -2.3585358450220422e-06  3.1695452999601938e-07  -3.1030558062674425e-04  -2.7171772206175717e-06  -1.2729484859699589e-04  8.4817589841882646e-07  1.1724039188835621e-06  1.1751397461371598e-07  1.0495996735578381e-04  -8.1956988510563343e-08  -6.4771626004091579e-07  3.4005117807348235e-07  -1.2695575882536292e-04  -9.1662289412948855e-07  -7.2802352381801851e-05  3.2514776166577171e-07  4.3354618565347532e-07  4.1422188590195458e-07  5.9940555455777645e-05  -3.6518711589679153e-08  -2.7467066885267863e-07  3.1356505756512321e-07  -7.2849246430264154e-05  -3.7315123875225009e-07
4.4399999999999700e+01  2.7541289560082088e-04  1.4689567202381667e-05  9.4490445720054640e-05  3.2279993242371793e-06  8.7575216051346931e-04  3.7381575672846073e-07  7.6026266523496287e-05  -1.0452602406557710e-06  2.6717989562900020e-04  -1.4341940658758934e-05  -3.2076805727532237e-04  2.8748669145355182e-06  2.8094362133729940e-06  4.2257673293282613e-07  2.7772389416991775e-04  5.2667524330164297e-08  -2.4140777069168265e-06  3.2132356859261659e-07  -3.2081849463954672e-04  -2.8191190137093161e-06  -1.3159545125725932e-04  7.9814369930591913e-07  1.1014632608253020e-06  2.2453610817238324e-07  1.0866725975833239e-04  -7.5744118336302809e-08  -5.9784439022194032e-07  2.3556573840470475e-07  -1.3148970333882098e-04  -8.6244338048704354e-07  -7.6844432135639133e-05  3.2471917949893888e-07  4.4831832296471519e-07  4.9475741206682878e-07  6.3324031363309836e-05  -3.3447767841618406e-08  -2.7773897124557542e-07  2.1199140179341627e-07  -7.7102537894627312e-05  -3.6416320800175822e-07
4.4799999999999699e+01  2.6883844133636429e-04  1.4511479339131269e-05  1.0287901390405993e-04  3.3524820466303610e-06  9.0674848676920326e-04  3.7018362761405852e-07  8.4780839783384987e-05  -1.1169764025111719e-06  2.6044801014650092e-04  -1.4166179711034610e-05  -3.3148897138880892e-04  2.9771680452847438e-06  2.9510997447779849e-06  4.3234953629419729e-07  2.8715075653984565e-04  4.6348052965687059e-08  -2.4665503241616122e-06  3.2568252645398154e-07  -3.3154152733289635e-04  -2.9261076336015436e-06  -1.3639511501272079e-04  7.7543681174999446e-07  1.0704573325138695e-06  2.6244422840437501e-07  1.1271578418785877e-04  -5.1840556968134775e-08  -5.2726767919781457e-07  1.8888597870270458e-07  -1.3640267865643404e-04  -8.1915274247046700e-07  -8.0425304940031657e-05  3.4867659135127805e-07  4.3607336773964261e-07  5.0458877493259740e-07  6.6320284986689902e-05  -3.3831595526050210e-08  -3.1809575904184390e-07  1.4451711579878994e-07  -8.0825673990433342e-05  -3.7485780051569576e-07
4.5199999999999598e+01  2.6169420493773191e-04  1.4328394728407128e-05  1.1172325611750935e-04  3.4797321602132614e-06  9.3867769180083728e-04  3.6492913204444117e-07  9.3996045328869401e-05  -1.1893386672812179e-06  2.5314467535945219e-04  -1.3986711121904834e-05  -3.4243386072215447e-04  3.0842062967561408e-06  3.0998135907258978e-06  4.4174655847298172e-07  2.9678866916149258e-04  4.0747105485165786e-08  -2.5195604383641321e-06  3.2946732025367881e-07  -3.4248675061009836e-04  -3.0372135948276701e-06  -1.4173641363133022e-04  8.0343227959560879e-07  1.1147579139398313e-06  2.3911117680034402e-07  1.1710766699488288e-04  -2.4875376839721968e-08  -4.8572343206777338e-07  2.0094265652307352e-07  -1.4172330193184022e-04  -8.2293332594247446e-07  -8.3329405463562154e-05  3.8746014206346060e-07  4.1617130220344520e-07  4.7932751715068164e-07  6.8724306454229277e-05  -3.3976021548731961e-08  -3.7970504873268116e-07  1.1219422959045983e-07  -8.3792793093111556e-05  -4.0527307625706700e-07
4.5599999999999497e+01  2.5395494136191483e-04  1.4140565245013884e-05  1.2103910771727355e-04  3.6094772120544929e-06  9.7158145996665722e-04  3.5894906836758157e-07  1.0368790718844208e-04  -1.2631527472998165e-06  2.4524410755912901e-04  -1.3803042703763755e-05  -3.5360824858437118e-04  3.1961426134321258e-06  3.2519409938190115e-06  4.4863420955838194e-07  3.0664732129019975e-04  3.7717062193929463e-08  -2.5761167139986821e-06  3.3243721799701775e-07  -3.5365797988007520e-04  -3.1511687358314443e-06  -1.4749089475675245e-04  8.7119555677188068e-07  1.2162660673475990e-06  1.9080239824019393e-07  1.2176953170051079e-04  -4.5310958522741380e-09  -4.9544663684163029e-07  2.3208519799267275e-07  -1.4739133686506021e-04  -8.7234365011780020e-07  -8.5445374371460447e-05  4.2116128356734652e-07  4.1321952738626510e-07  4.6245756932108493e-07  7.0430713283186491e-05  -3.3470805627246171e-08  -4.3688617243506463e-07  9.3390159081900594e-08  -8.5913259017574711e-05  -4.4272182178873926e-07
4.5999999999999403e+01  2.4560296676486915e-04  1.3947916044592586e-05  1.3084305166316730e-04  3.7418041588096936e-06  1.0054960031324210e-03  3.5324199377243945e-07  1.1387382669357776e-04  -1.3395496991758233e-06  2.3672724151570042e-04  -1.3614268761417920e-05  -3.6499539405648158e-04  3.3119928775694845e-06  3.4065280880766376e-06  4.5314119133302289e-07  3.1671498364897971e-04  3.7626557462248912e-08  -2.6357345303053890e-06  3.3403617268192291e-07  -3.6504103589856052e-04  -3.2667312602428840e-06  -1.5344991586402169e-04  9.4523936853735881e-07  1.3280335337654537e-06  1.5555199753613123e-07  1.2659550372013737e-04  7.6452569398384782e-09  -5.3775130209099158e-07  2.3997259334939133e-07  -1.5328455499565252e-04  -9.3627948587855957e-07  -8.6841142281356663e-05  4.3556273950700052e-07  4.3419738737904042e-07  4.5875214061853573e-07  7.1499043893345163e-05  -3.1853899410435293e-08  -4.6882308729837192e-07  7.2848403311252432e-08  -8.7268265924111662e-05  -4.6782699252993803e-07
4.6399999999999302e+01  2.3662619115788914e-04  1.3750175186242388e-05  1.4115245624532913e-04  3.8770226719784138e-06  1.0404537673808277e-03  3.4862156972963940e-07  1.2457246473991418e-04  -1.4195402712415431e-06  2.2758041142871056e-04  -1.3419438256792046e-05  -3.7655736465271202e-04  3.4301997123543372e-06  3.5652158802643948e-06  4.5801438492471718e-07  3.2695912746262220e-04  3.9343636200854085e-08  -2.6949004891968214e-06  3.3313002032081403e-07  -3.7660332799962896e-04  -3.3832395044496964e-06  -1.5943981241341667e-04  9.9600579718894281e-07  1.4130594169523787e-06  1.5250363614530813e-07  1.3149453301203404e-04  1.4943262153741292e-08  -5.7308506710955503e-07  2.1015204026029566e-07  -1.5927526443228334e-04  -9.8233260466968395e-07  -8.7734163275481145e-05  4.3571434243864512e-07  4.6818452509004400e-07  4.2653790513258615e-07  7.2116604495939929e-05  -2.6663780879489763e-08  -4.7171096466624624e-07  6.6194957957602373e-08  -8.8055604290508457e-05  -4.7080669476230264e-07
4.6799999999999301e+01  2.2701384689608519e-04  1.3546929798625499e-05  1.5198572936876470e-04  4.0155730448620654e-06  1.0764878293629365e-03  3.4551258981985436e-07  1.3580349875304829e-04  -1.5037527851685410e-06  2.1779155215942680e-04  -1.3217780855869648e-05  -3.8824918710817652e-04  3.5496810322612647e-06  3.7306033661748700e-06  4.6684571264214524e-07  3.3734002943296008e-04  4.0943850222737165e-08  -2.7500407278506497e-06  3.2876732896018437e-07  -3.8830405403114817e-04  -3.5011130084267606e-06  -1.6539447425113535e-04  1.0176812667860458e-06  1.4660694642955277e-06  1.7692586706247493e-07  1.3642173028692808e-04  2.0577737890436040e-08  -5.7469878849710842e-07  1.5924674323569723e-07  -1.6528669511598788e-04  -1.0008805718704906e-06  -8.8380779494622757e-05  4.4239556463034434e-07  5.0217202463991305e-07  3.1963312067651913e-07  7.2499660844162688e-05  -1.6276937543746028e-08  -4.6160491017309110e-07  1.1183059741085530e-07  -8.8499277626205520e-05  -4.6228990322772143e-07
4.7199999999999200e+01  2.1675278634062571e-04  1.3337584696936436e-05  1.6336208983523236e-04  4.1580226765412180e-06  1.1136355643626417e-03  3.4388075482020113e-07  1.4758725866343076e-04  -1.5924324351472679e-06  2.0734657813719636e-04  -1.3008724695699219e-05  -4.0003607349433355e-04  3.6706620795530757e-06  3.9051085725984053e-06  4.8152009708233321e-07  3.4782713962475977e-04  4.0577740418539862e-08  -2.7999920180090776e-06  3.2148873683648926e-07  -4.0010816322655444e-04  -3.6220264407629764e-06  -1.7135979929643288e-04  1.0273574969889089e-06  1.5067674352624356e-06  2.0960842423589297e-07  1.4138693087586569e-04  2.5402900097252459e-08  -5.4731733447261413e-07  1.1556574248733205e-07  -1.7132181047814531e-04  -1.0071809704020822e-06  -8.8958855464122864e-05  4.7332758312078307e-07  5.3184102656989763e-07  1.4037998235359701e-07  7.2807075875092555e-05  -4.0592572526150524e-09  -4.6562136442427365e-07  2.3196675767860542e-07  -8.8783905411925969e-05  -4.6649973330956496e-07
4.7599999999999099e+01  2.0582756705907174e-04  1.3121345488726697e-05  1.7530093237991089e-04  4.3050367954765755e-06  1.1519377860259982e-03  3.4330571817833892e-07  1.5994415826786536e-04  -1.6855695732458802e-06  1.9622935940924986e-04  -1.2791819905270207e-05  -4.1190219146628609e-04  3.7947029142175630e-06  4.0909630913984133e-06  5.0095150301249680e-07  3.5840728587122636e-04  3.7039907611710968e-08  -2.8460933377188197e-06  3.1385597226916953e-07  -4.1199501003362699e-04  -3.7485029675993733e-06  -1.7744561907666803e-04  1.0476634344168959e-06  1.5573258169482906e-06  2.3183488419913383e-07  1.4644197340066045e-04  2.8839868871482206e-08  -5.1842522932436187e-07  9.6937095496107174e-08  -1.7745186336615477e-04  -1.0241107511609028e-06  -8.9518921110572140e-05  5.2465058927332657e-07  5.5677208937418896e-07  -4.6434726725514997e-08  7.3116681318663429e-05  2.1905236810366611e-09  -5.0232850014543162e-07  3.9562883080391865e-07  -8.9039864523769033e-05  -4.9943497888067548e-07
4.7999999999998998e+01  1.9422396400531837e-04  1.2897322966584830e-05  1.8782157926503082e-04  4.4572031478173656e-06  1.1914338695878262e-03  3.4316174425629320e-07  1.7289450539560562e-04  -1.7829730272034677e-06  1.8442526671198577e-04  -1.2566693077399886e-05  -4.2384713806184070e-04  3.9238544039925021e-06  4.2901849712362085e-06  5.2205865394093490e-07  3.6908161071091299e-04  2.9934842133220044e-08  -2.8906594779380326e-06  3.0936719842610238e-07  -4.2395783751203236e-04  -3.8829336226711295e-06  -1.8376085492703971e-04  1.0891693836672780e-06  1.6253642571380375e-06  2.3605462002187084e-07  1.5165332401499508e-04  3.0778851156858765e-08  -5.1367418819105148e-07  1.0192960064479603e-07  -1.8377329338476595e-04  -1.0629807224119979e-06  -9.0035574571723981e-05  5.6932811271894220e-07  5.7106803256036057e-07  -1.5463647966640870e-07  7.3464285176333841e-05  -2.9164413051030843e-09  -5.6120831597104282e-07  5.2145124810176061e-07  -8.9368659122531107e-05  -5.4999363679622550e-07
4.8399999999998897e+01  1.8193280593983453e-04  1.2664729894162808e-05  2.0094417432143011e-04  4.6147446931376711e-06  1.2321575604214705e-03  3.4283591905167058e-07  1.8645929481895759e-04  -1.8842331097852921e-06  1.7192527866994738e-04  -1.2333061613508695e-05  -4.3587597170091272e-04  4.0595140291191180e-06  4.5037611394923800e-06  5.4201943952270642e-07  3.7985675266319130e-04  1.9592318475653241e-08  -2.9355599286400560e-06  3.1039765217258003e-07  -4.3599761998574745e-04  -4.0264806738387922e-06  -1.9036567580282704e-04  1.1457617737977465e-06  1.7033988705616337e-06  2.2710594495982968e-07  1.5707191343072380e-04  3.2230456999149534e-08  -5.3825883672860309e-07  1.1634338806898522e-07  -1.9035849276308769e-04  -1.1176663914652094e-06  -9.0525857602093742e-05  5.7662174196103892e-07  5.6601499837831599e-07  -1.4124598734202904e-07  7.3905901843311988e-05  -1.5159890419090246e-08  -6.0045443721168349e-07  5.2912860730610432e-07  -8.9879293310565964e-05  -5.8355047808075649e-07
4.8799999999998903e+01  1.6895251077468545e-04  1.2423075967421521e-05  2.1469080713075635e-04  4.7773086775932763e-06  1.2741367178252840e-03  3.4190812331438050e-07  2.0066110458061195e-04  -1.9886786283719153e-06  1.5872878684372146e-04  -1.2090777904389797e-05  -4.4799194957831774e-04  4.2017883220886902e-06  4.7310375582421466e-06  5.5992822632325311e-07  3.9073821815392468e-04  6.9004842553676729e-09  -2.9814620703705532e-06  3.1675369127560400e-07  -4.4811775044190940e-04  -4.1785551171152844e-06  -1.9725843544071323e-04  1.2032742431731886e-06  1.7799316028877199e-06  2.1569087246533675e-07  1.6271427038347668e-04  3.4458273341925669e-08  -5.7698572377433945e-07  1.2573548432964504e-07  -1.9722745590886471e-04  -1.1733128266616655e-06  -9.1147322040330207e-05  5.3867559721413609e-07  5.4455965996864076e-07  -4.2152901952568222e-08  7.4554270983481210e-05  -2.1470297477335834e-08  -5.7448556434233398e-07  4.0432214798654702e-07  -9.0706652780199085e-05  -5.6955715455181287e-07
4.9199999999998802e+01  1.5529027333731997e-04  1.2172277126355626e-05  2.2908506193777714e-04  4.9440029409753369e-06  1.3173957657315893e-03  3.4024224220851692e-07  2.1552347693407125e-04  -2.0954556240556785e-06  1.4484471892166158e-04  -1.1839862850589958e-05  -4.6019626098953636e-04  4.3497426334900636e-06  4.9704996210918348e-06  5.7679175913275335e-07  4.0172967986441528e-04  -6.9007827281834450e-09  -3.0274037232519322e-06  3.2589358652975632e-07  -4.6032293197451952e-04  -4.3372282599295525e-06  -2.0439486572160719e-04  1.2516210279197388e-06  1.8500875929466383e-06  2.1019126707080626e-07  1.6856327829153198e-04  3.7913331067961146e-08  -6.0877765967603601e-07  1.2382862272325557e-07  -2.0435190928083744e-04  -1.2192538792879897e-06  -9.2186295730868370e-05  4.8204137527525178e-07  5.2972067835612593e-07  5.1854577771447669e-08  7.5560296180707267e-05  -1.0251871671250559e-08  -4.7592660639545456e-07  2.2112522117001417e-07  -9.1994801662893133e-05  -5.1155365503221639e-07
4.9599999999998701e+01  1.4096079800496141e-04  1.1912620225575296e-05  2.4415027241194353e-04  5.1136767437577225e-06  1.3619582364676345e-03  3.3797965018228960e-07  2.3106924008915882e-04  -2.2037391938928057e-06  1.3028976857846233e-04  -1.1580477193478004e-05  -4.7249174374006494e-04  4.5022020785460889e-06  5.2212768580128876e-06  5.9434895729831855e-07  4.1283591594299003e-04  -2.0503977293390751e-08  -3.0708926340314621e-06  3.3445712803980362e-07  -4.7262045922008582e-04  -4.5002703034355209e-06  -2.1172153535242477e-04  1.2907636217390257e-06  1.9179865864750579e-06  2.1242339097109181e-07  1.7458482275435838e-04  4.2127722279405109e-08  -6.2182359462190891e-07  1.1299348491480921e-07  -2.1168228710328473e-04  -1.2554046165391465e-06  -9.3918532940366254e-05  4.5274601406475548e-07  5.5265662394888665e-07  6.1590942832679114e-08  7.7047128755210686e-05  1.7020520501013132e-08  -3.5617907309013000e-07  9.5355140782136592e-08  -9.3847350609826827e-05  -4.5239672947770180e-07
4.9999999999998600e+01  1.2598184047977993e-04  1.1644573884956498e-05  2.5990913200579931e-04  5.2852879430825027e-06  1.4078487709242799e-03  3.3546114075421642e-07  2.4732042418417529e-04  -2.3129756664827945e-06  1.1508323125862433e-04  -1.1312798523025785e-05  -4.8488461612594994e-04  4.6584267130498809e-06  5.4836575049694340e-06  6.1396392215004729e-07  4.2406434921011290e-04  -3.2887076715996652e-08  -3.1090443950208900e-06  3.3986032221756283e-07  -4.8501987220101936e-04  -4.6661187424392693e-06  -2.1920202824243521e-04  1.3281301079410050e-06  1.9918050279936330e-06  2.1884805841160494e-07  1.8074726275384910e-04  4.6418859059502336e-08  -6.1876333947088171e-07  9.9524573777696735e-08  -2.1917614232169378e-04  -1.2894609354872783e-06  -9.6430797295907149e-05  4.8472761602214198e-07  6.2716907153553366e-07  -2.3524348101882891e-08  7.9039520238456982e-05  4.3970073363303075e-08  -2.9939796986108944e-07  1.0118688340924684e-07  -9.6271151450679729e-05  -4.4665957840053468e-07
5.0399999999998499e+01  1.1036938867059609e-04  1.1368532548980363e-05  2.7638577527736518e-04  5.4581906391231604e-06  1.4550949845207844e-03  3.3311673186353490e-07  2.6430070580444188e-04  -2.4230493657509266e-06  9.9241657367207076e-05  -1.1036857124232925e-05  -4.9738136435287293e-04  4.8182666874563255e-06  5.7582562702510847e-06  6.3633590220767761e-07  4.3542230543477565e-04  -4.3624522293459126e-08  -3.1402190473115228e-06  3.4101525475472606e-07  -4.9752917952682356e-04  -4.8342824795960538e-06  -2.2682371491102233e-04  1.3718805649699664e-06  2.0775559412885989e-06  2.2472751926506411e-07  1.8703169482967892e-04  5.0415334484432726e-08  -6.1116597942885502e-07  8.8667822846613851e-08  -2.2681133082892770e-04  -1.3298570890019912e-06  -9.9542815267939438e-05  5.7482326535838239e-07  7.3283299888143546e-07  -1.4160966080339145e-07  8.1440238408031848e-05  5.0285192010923070e-08  -3.6287751655222638e-07  2.1817761967267688e-07  -9.9155695447315887e-05  -5.1978572940986250e-07
5.0799999999998498e+01  9.4136470153331748e-05  1.1084639644249701e-05  2.9360773151393968e-04  5.6322713555796202e-06  1.5037285857477851e-03  3.3135813959172514e-07  2.8203756822736746e-04  -2.5343322581620369e-06  8.2777546870775820e-05  -1.0752448317310189e-05  -5.0998337808881491e-04  4.9819289350682990e-06  6.0451902052726041e-06  6.6179658919864762e-07  4.4691189794784659e-04  -5.3006641262421277e-08  -3.1647312185587410e-06  3.3815572999971865e-07  -5.1014992614199621e-04  -5.0051963703934385e-06  -2.3458795290157676e-04  1.4258568376234330e-06  2.1763668227021617e-06  2.2758470477479988e-07  1.9343048086296617e-04  5.3840994957667306e-08  -6.1010958293115488e-07  8.2485564611642195e-08  -2.3458209630253474e-04  -1.3808028682032689e-06  -1.0290589183490376e-04  6.8261669156297867e-07  8.2317039180535667e-07  -2.0722661836400454e-07  8.4077510942315192e-05  2.7046773557474732e-08  -5.2955554440014670e-07  3.5116183108509134e-07  -1.0231789777374862e-04  -6.4588134490662925e-07
5.1199999999998397e+01  7.7295306369957979e-05  1.0792768384303973e-05  3.1160506833525798e-04  5.8079340692285250e-06  1.5537848788736248e-03  3.3049449918994556e-07  3.0056141740508724e-04  -2.6476174643275524e-06  6.5701765913987045e-05  -1.0459184053223459e-05  -5.2268468116658737e-04  5.1497372696502414e-06  6.3443526596229454e-06  6.9054133552302602e-07  4.5852756192732604e-04  -6.1893745783513284e-08  -3.1840425610606010e-06  3.3232331604918203e-07  -5.2287551185332016e-04  -5.1798595911780368e-06  -2.4249627021143800e-04  1.4889528885460746e-06  2.2856825373238644e-06  2.2801801978467222e-07  1.9994048856355388e-04  5.5998222611673250e-08  -6.2028227681422852e-07  8.0520653130642016e-08  -2.4248806454141159e-04  -1.4419225110777065e-06  -1.0621938523358401e-04  7.5553204411110139e-07  8.5483357371715186e-07  -1.7224605480810072e-07  8.6798715718938669e-05  -1.6081816525090400e-08  -7.1357632731949429e-07  4.0427911657451178e-07  -1.0559776497986266e-04  -7.6260917395001536e-07
5.1599999999998303e+01  5.9858812449858259e-05  1.0492609106200032e-05  3.3040800244485522e-04  5.9859560786811238e-06  1.6053013378306310e-03  3.3068052354788869e-07  3.1990302119500979e-04  -2.7639499749279171e-06  4.8025465161427587e-05  -1.0156624813436701e-05  -5.3547584178636814e-04  5.3221068371021729e-06  6.6563613278457958e-06  7.2249116330456519e-07  4.7025970018778611e-04  -7.1364865458765277e-08  -3.1993449449225616e-06  3.2494527675040509e-07  -5.3569529583504753e-04  -5.3595317729841546e-06  -2.5054427171240930e-04  1.5577590129306738e-06  2.4019573655746384e-06  2.2827426404496043e-07  2.0655921263235970e-04  5.5773030808107537e-08  -6.4022815189701168e-07  8.1459951565785951e-08  -2.5052756876341804e-04  -1.5107902951661231e-06  -1.0941192413085055e-04  7.6228420857860247e-07  8.1727645094313848e-07  -5.3842585936125002e-08  8.9551628072111786e-05  -5.7339904830488089e-08  -8.1807176203418848e-07  3.4807487846830660e-07  -1.0894630771391623e-04  -8.1319342914079232e-07
5.1999999999998202e+01  4.1839772157363396e-05  1.0183757917746884e-05  3.5004614749969314e-04  6.1672604564855794e-06  1.6583167265604112e-03  3.3190196346748318e-07  3.4009259538399662e-04  -2.8843959046603768e-06  2.9759617365871591e-05  -9.8443808197167874e-06  -5.4835181022380480e-04  5.4996438102964439e-06  6.9830836212404700e-06  7.5704159902897502e-07  4.8210272016199101e-04  -8.2316432300929259e-08  -3.2107449663472821e-06  3.1751606761340980e-07  -5.4860243349398336e-04  -5.5455181779120756e-06  -2.5872638658234071e-04  1.6296062900328422e-06  2.5226361009097188e-06  2.3015033615451923e-07  2.1328675775909471e-04  5.2382440890972365e-08  -6.6617119279968568e-07  8.4250099498978141e-08  -2.5869954101831471e-04  -1.5853492291317531e-06  -1.1266102228766860e-04  7.1241698055777429e-07  7.4207815560534492e-07  8.4821060922920053e-08  9.2401956732310792e-05  -7.7338086670308862e-08  -8.0086532279488623e-07  2.2981513162194206e-07  -1.1244428107101693e-04  -7.8454717675868412e-07
5.2399999999998101e+01  2.3250534742278787e-05  9.8657514630906176e-06  3.7054970155046460e-04  6.3526889579894825e-06  1.7128706873015122e-03  3.3399775265038493e-07  3.6116093160341064e-04  -3.0098340385534577e-06  1.0914933699137901e-05  -9.5221261165588344e-06  -5.6131769847003667e-04  5.6831435310976259e-06  7.3272081474566744e-06  7.9310348655226010e-07  4.9406152943184348e-04  -9.5169328991239706e-08  -3.2174111799361178e-06  3.1122251510125582e-07  -5.6159995212039888e-04  -5.7389388470070797e-06  -2.6704486020595277e-04  1.7039210171353993e-06  2.6468462179577411e-06  2.3364140164953802e-07  2.2012980773492919e-04  4.6230229568636042e-08  -6.9526884221278165e-07  8.8289691477408253e-08  -2.6700928728424518e-04  -1.6646238090965440e-06  -1.1624838166633206e-04  6.4905280563259561e-07  6.8510635662941185e-07  1.8001351567309351e-07  9.5479073067061718e-05  -7.0273204881022443e-08  -6.9748541799643202e-07  1.2714272980793567e-07  -1.1623738339099338e-04  -7.1356341506318050e-07
5.2799999999998100e+01  4.1058923683542480e-06  9.5380650233408012e-06  3.9195024408797668e-04  6.5428570545902320e-06  1.7690022653960810e-03  3.3670934695994785e-07  3.8314021758773138e-04  -3.1408447634144265e-06  -8.4951390268178011e-06  -9.1895510697054873e-06  -5.7438780628398585e-04  5.8733889542566145e-06  7.6911560244063682e-06  8.2951013522290824e-07  5.0615127141128140e-04  -1.0977141333170476e-07  -3.2182742525351431e-06  3.0654204374629028e-07  -5.7470048575993611e-04  -5.9404526827927883e-06  -2.7551241178355127e-04  1.7816191334031806e-06  2.7751784252570534e-06  2.3703446663900441e-07  2.2710099343521288e-04  3.9039297476748301e-08  -7.2621900034013479e-07  9.3098484352821595e-08  -2.7546958705178390e-04  -1.7480818306354909e-06  -1.2036516422876624e-04  6.2005209107296867e-07  6.9256782610209999e-07  2.0424814749743110e-07  9.8888286752180316e-05  -4.4634551512658547e-08  -5.8728254480111049e-07  8.8488662061553709e-08  -1.2043365318695077e-04  -6.5826024903828814e-07
5.3199999999997999e+01  -1.5572673570833610e-05  9.2001250828459347e-06  4.1428038940951456e-04  6.7380996973131210e-06  1.8267472792672054e-03  3.3974061573859405e-07  4.0606370087851724e-04  -3.2776862994565308e-06  -2.8450045797167518e-05  -8.8463209716714772e-06  -5.8757847307554776e-04  6.0708785098215445e-06  8.0761458302759981e-06  8.6548302794454948e-07  5.1839025456556652e-04  -1.2549329067666229e-07  -3.2126049721005413e-06  3.0306476439991780e-07  -5.8791981850988694e-04  -6.1500646388883297e-06  -2.8414318073857487e-04  1.8635903465319265e-06  2.9089833039800659e-06  2.3831136117757454e-07  2.3421090548703030e-04  3.3036832590399215e-08  -7.5799489180645200e-07  9.7921432533312457e-08  -2.8409271887469599e-04  -1.8348166689724678e-06  -1.2500195968966288e-04  6.4759800184962339e-07  7.7268470599258246e-07  1.7321150698495247e-07  1.0264534515520976e-04  -1.4974681775637236e-08  -5.3437708664682508e-07  1.0638476339082443e-07  -1.2503277464518268e-04  -6.5700591259697154e-07
5.3599999999997898e+01  -3.5755651978275701e-05  8.8513751975794809e-06  4.3757383882792674e-04  6.9384370843507587e-06  1.8861371290582601e-03  3.4281116395027723e-07  4.2996566135027644e-04  -3.4202700965768498e-06  -4.8920583126801077e-05  -8.4920970897538368e-06  -6.0090008567038531e-04  6.2756969888800312e-06  8.4822480136158474e-06  9.0082028137418591e-07  5.3079128334938656e-04  -1.4145306045726049e-07  -3.1998919394131167e-06  2.9972095501431741e-07  -6.0126904495816152e-04  -6.3671759164844318e-06  -2.9293720244813167e-04  1.9495683337973288e-06  3.0495476382809934e-06  2.3691815115431667e-07  2.4145706199836162e-04  2.9748416681618037e-08  -7.8866021291913816e-07  1.0154265595517856e-07  -2.9287766631069036e-04  -1.9233705057784636e-06  -1.2997908972738553e-04  7.1703377190926465e-07  8.9164110558653029e-07  1.2591661692438597e-07  1.0666873088000653e-04  7.7529455939522915e-09  -5.5063592194766092e-07  1.3640236582492076e-07  -1.2992806881377460e-04  -7.0637929174379665e-07
5.3999999999997797e+01  -5.6408773754227038e-05  8.4913792853889243e-06  4.6186622633722328e-04  7.1435101651624472e-06  1.9472013457848994e-03  3.4569233981683049e-07  4.5488211335583881e-04  -3.5680895882463982e-06  -6.9871957182870287e-05  -8.1266136073177697e-06  -6.1435397229027910e-04  6.4876090263604513e-06  8.9094731274774009e-06  9.3577205448043080e-07  5.4335764957130469e-04  -1.5678316913649487e-07  -3.1790606252015731e-06  2.9528503226237028e-07  -6.1475100250711601e-04  -6.5908836432956856e-06  -3.0187033530344710e-04  2.0381031152301346e-06  3.1975439724602126e-06  2.3459694564343493e-07  2.4881793607154496e-04  2.9217142723059698e-08  -8.1552131867800636e-07  1.0250372926821973e-07  -3.0180201278860578e-04  -2.0122854152172101e-06  -1.3506964403349275e-04  7.9137270377246264e-07  9.9657087558112922e-07  9.7003195720948895e-08  1.1082623500043458e-04  2.0636000731628997e-08  -6.0326226451953308e-07  1.3780153754385566e-07  -1.3496843118961091e-04  -7.7144781014454822e-07
5.4399999999997704e+01  -7.7498402239607246e-05  8.1198848752334756e-06  4.8719511086093886e-04  7.3525511215437483e-06  2.0099724983333881e-03  3.4822711644489221e-07  4.8085071522921082e-04  -3.7201891652740481e-06  -9.1269121409488714e-05  -7.7497295518614086e-06  -6.2793588680424444e-04  6.7062567298002637e-06  9.3587959926823180e-06  9.7083634969776999e-07  5.5608616299506874e-04  -1.7085879072008662e-07  -3.1479357291245446e-06  2.8880896176926843e-07  -6.2836309226702979e-04  -6.8203482276547153e-06  -3.1089813415416953e-04  2.1274931586462492e-06  3.3529625872743233e-06  2.3454178312856604e-07  2.5625715393577143e-04  3.0076169185885333e-08  -8.3649436840695980e-07  9.9790174197295379e-08  -3.1082516006513588e-04  -2.1009484028710215e-06  -1.4012020718864819e-04  8.3902473668217734e-07  1.0496627973782025e-06  9.9422713833426959e-08  1.1500208530859770e-04  2.6790007844028921e-08  -6.5116810095376716e-07  1.0137799201572533e-07  -1.4003309611053619e-04  -8.1640020452030399e-07
5.4799999999997702e+01  -9.8995316919392500e-05  7.7367728717103258e-06  5.1359868792326185e-04  7.5645001659948595e-06  2.0744895557468033e-03  3.5033960760812651e-07  5.0790957378652130e-04  -3.8753005718608807e-06  -1.1308081626934961e-04  -7.3613745667865724e-06  -6.4164264213802200e-04  6.9312841997455669e-06  9.8319306835034369e-06  1.0066807412084772e-06  5.6897398729749893e-04  -1.8342934484023328e-07  -3.1038269665066397e-06  2.7973799601322666e-07  -6.4210351320781564e-04  -7.0550123444318607e-06  -3.1997178846332073e-04  2.2169353652789607e-06  3.5154125941381689e-06  2.3939853773184089e-07  2.6373581492019531e-04  3.0289293768044125e-08  -8.5159413228127838e-07  9.3696382144559755e-08  -3.1990137075351083e-04  -2.1901617394311351e-06  -1.4510210471412020e-04  8.5371161358538718e-07  1.0497615377841787e-06  1.2420152325981376e-07  1.1914605681735311e-04  3.0489483019360600e-08  -6.7605159369567486e-07  4.7846168608896785e-08  -1.4507661162319789e-04  -8.2991507364726502e-07
5.5199999999997601e+01  -1.2087538739828904e-04  7.3419150942427129e-06  5.4111522168230706e-04  7.7782686069927264e-06  2.1407976828041655e-03  3.5203205784666354e-07  5.3609692668674731e-04  -4.0321465775872206e-06  -1.3528078556665572e-04  -6.9614110915460623e-06  -6.5547615427889283e-04  7.1623269346525395e-06  1.0330041561158328e-05  1.0441595088224615e-06  5.8202324334657833e-04  -1.9462724034151152e-07  -3.0448926810644104e-06  2.6776176064336678e-07  -6.5597527580607367e-04  -7.2945974166273341e-06  -3.2905569710736752e-04  2.3071141944837036e-06  3.6845490308330216e-06  2.4956742447725489e-07  2.7122536420604710e-04  2.8028409990333703e-08  -8.6336946675672066e-07  8.6240148123213533e-08  -3.2899456132590236e-04  -2.2820629704089740e-06  -1.5008759272176487e-04  8.5356936388840998e-07  1.0277437309741319e-06  1.5222807273611833e-07  1.2328325230331021e-04  3.3857962585306893e-08  -6.8677012027057055e-07  5.8517542230628058e-09  -1.5013014163691999e-04  -8.2767191619376272e-07
5.5599999999997500e+01  -1.4311816338009319e-04  6.9350448085879379e-06  5.6978422108311107e-04  7.9930165214155337e-06  2.2089463091816831e-03  3.5336678275685429e-07  5.6545257230064061e-04  -4.1897619057580414e-06  -1.5784697801169879e-04  -6.5495205522480770e-06  -6.6944142613425842e-04  7.3989515832546893e-06  1.0852823773424810e-05  1.0842402339229041e-06  5.9523958659123285e-04  -2.0486638590355545e-07  -2.9709286766728822e-06  2.5265288037451503e-07  -6.6998426258000059e-04  -7.5389733821113632e-06  -3.3813585640247242e-04  2.3998929522586673e-06  3.8604175105393115e-06  2.6304386953173220e-07  2.7871357402232044e-04  2.2243236239291233e-08  -8.7585496898060292e-07  8.0600826192592263e-08  -3.3808634364466776e-04  -2.3793763920105553e-06  -1.5518826510280354e-04  8.6347905651441117e-07  1.0217936658177018e-06  1.6794912904438631e-07  1.2748744553427939e-04  3.6821634350461284e-08  -7.0189242087762273e-07  -9.2343676365287457e-09  -1.5527118769772711e-04  -8.3469502838149887e-07
5.5999999999997399e+01  -1.6570479257859317e-04  6.5157123102684672e-06  5.9964735539782795e-04  8.2083081173255651e-06  2.2789884714982268e-03  3.5443617330573419e-07  5.9601886564580636e-04  -4.3476791258516724e-06  -1.8075984239097529e-04  -6.1251829804033680e-06  -6.8353999418866340e-04  7.6406670161506035e-06  1.1399013661474570e-05  1.1277280667616245e-06  6.0862622173369772e-04  -2.1467702874876474e-07  -2.8827334228049683e-06  2.3429126429069207e-07  -6.8413255692352558e-04  -7.7880508274472779e-06  -3.4721562869175572e-04  2.4973444955520223e-06  4.0435301364282238e-06  2.7682837559772590e-07  2.8620157114867814e-04  1.2801320612302773e-08  -8.9263343672660211e-07  7.9685187704505021e-08  -3.4717425155236580e-04  -2.4843190544617697e-06  -1.6049735736883334e-04  8.9635238314924039e-07  1.0524239873736162e-06  1.6695723316167281e-07  1.3183792812298471e-04  3.8897365624320604e-08  -7.3060575501458237e-07  -1.4528474628809690e-09  -1.6058306761524980e-04  -8.6484789781949036e-07
5.6399999999997299e+01  -1.8861560801192325e-04  6.0833167398861537e-06  6.3074753121621151e-04  8.4240836998450837e-06  2.3509812486948098e-03  3.5532920533913057e-07  6.2783962756726643e-04  -4.5059194963683669e-06  -2.0399985196297243e-04  -5.6877340150955928e-06  -6.9776400027802762e-04  7.8870405323546952e-06  1.1967944565308350e-05  1.1748755807210081e-06  6.2217845507085473e-04  -2.2453805794855899e-07  -2.7805816864256272e-06  2.1286626646239119e-07  -6.9841216813700479e-04  -8.0417690569503331e-06  -3.5630457563274085e-04  2.6007294922533592e-06  4.2345921252852834e-06  2.8877688328501631e-07  2.9369616819872695e-04  3.3413944341717806e-10  -9.1518056776688887e-07  8.4632088886132903e-08  -3.5626402704901512e-04  -2.5976790915058025e-06  -1.6605840466399585e-04  9.4698671290767253e-07  1.1143483903752479e-06  1.5517234516775523e-07  1.3638347619994798e-04  4.0455002865769972e-08  -7.6716645988087617e-07  1.3962713405535629e-08  -1.6612173045512093e-04  -9.1328221883614231e-07
5.6799999999997297e+01  -2.1182701057657888e-04  5.6372057057593589e-06  6.6312818283825346e-04  8.6404493931336646e-06  2.4249832858424906e-03  3.5611106432295521e-07  6.6095912348210152e-04  -4.6647964131913644e-06  -2.2754395114024138e-04  -5.2364768563482013e-06  -7.1209535005788680e-04  8.1378445535530367e-06  1.2560825548856586e-05  1.2251094001318690e-06  6.3588292160284476e-04  -2.3475622061076056e-07  -2.6630934389099549e-06  1.8907280518489784e-07  -7.1280387781777412e-04  -8.3001447242028860e-06  -3.6540964800216660e-04  2.7100146337212438e-06  4.4340574520267331e-06  2.9858570241835487e-07  3.0120392149848174e-04  -1.4029582441004653e-08  -9.4242285072584133e-07  9.4222388391364002e-08  -3.6536281171509156e-04  -2.7185350226720885e-06  -1.7186276510948537e-04  1.0000934458390158e-06  1.1871628052159569e-06  1.4253928612346626e-07  1.4112870625987431e-04  4.2472337150952239e-08  -7.9886928504648978e-07  2.2950579468833967e-08  -1.7189997231701964e-04  -9.6434719539594303e-07
5.7199999999997203e+01  -2.3530755038528444e-04  5.1768448442291315e-06  6.9683479286894662e-04  8.8573885071107428e-06  2.5010476610814727e-03  3.5682543363696026e-07  6.9542338485611890e-04  -4.8246463626739077e-06  -2.5136119874968703e-04  -4.7708454444694225e-06  -7.2651012926435311e-04  8.3931276739517932e-06  1.3180672108371290e-05  1.2770946157806631e-06  6.4972142541847272e-04  -2.4541231022763607e-07  -2.5273986925117151e-06  1.6407765303129994e-07  -7.2728170669505206e-04  -8.5632974830053373e-06  -3.7453369069799579e-04  2.8241377383921619e-06  4.6418452203928838e-06  3.0745637625867614e-07  3.0872992871259049e-04  -2.8958373527567248e-08  -9.7161666487110524e-07  1.0555630389623346e-07  -3.7447706105962325e-04  -2.8447565869157245e-06  -1.7786778561615255e-04  1.0434022835147838e-06  1.2529213612552970e-06  1.3631401047067974e-07  1.4604396848954417e-04  4.5576314152413843e-08  -8.1739972881894223e-07  1.9903250208988753e-08  -1.7789175855123491e-04  -1.0053171525552935e-06
5.7599999999997102e+01  -2.5901436534566985e-04  4.7019208917669277e-06  7.3191584655603998e-04  9.0746500082152112e-06  2.5792162283947706e-03  3.5751156951990830e-07  7.3128128900662665e-04  -4.9857146968307940e-06  -2.7540916635411034e-04  -4.2904890160206767e-06  -7.4098438893859073e-04  8.6531587092963968e-06  1.3830908558003647e-05  1.3291828531641997e-06  6.6367588907312075e-04  -2.5636691299794821e-07  -2.3704408163646045e-06  1.3916375778849273e-07  -7.4181922503881170e-04  -8.8313991175810027e-06  -3.8367873057164505e-04  2.9417337305537625e-06  4.8573980832579582e-06  3.1703642926167744e-07  3.1627918467507735e-04  -4.3233953502865213e-08  -9.9985032637049556e-07  1.1548069085612255e-07  -3.8361351732021389e-04  -2.9739846986251040e-06  -1.8402320131720605e-04  1.0753245650177267e-06  1.3066643863164262e-06  1.3780928928396301e-07  1.5108790981425280e-04  4.9587052928098609e-08  -8.2440932210789954e-07  7.4798718165206732e-09  -1.8405149228868154e-04  -1.0344971975011213e-06
5.7999999999997002e+01  -2.8289246574672480e-04  4.2121316211269068e-06  7.6842001969154106e-04  9.2920130010463507e-06  2.6595222947714122e-03  3.5820518049875668e-07  7.6858213332164959e-04  -5.1483291378503843e-06  -2.9963360623786893e-04  -3.7950602283582979e-06  -7.5549701199477664e-04  8.9182717737172885e-06  1.4513854316115275e-05  1.3800239281900027e-06  6.7773082865566696e-04  -2.6730669287554778e-07  -2.1902331709366648e-06  1.1521500996529183e-07  -7.5639321620449935e-04  -9.1045551704969422e-06  -3.9284808310357112e-04  3.0618071371598754e-06  5.0800100605809038e-06  3.2857467843419731e-07  3.2385648119025189e-04  -5.6063281234605697e-08  -1.0252137225781393e-06  1.2184443732367502e-07  -3.9277912291129860e-04  -3.1045526871592641e-06  -1.9029248288260307e-04  1.1033530912820627e-06  1.3547582150694559e-06  1.4346458791416285e-07  1.5622775607925839e-04  5.3855894758610677e-08  -8.2929006887761530e-07  -7.8682815201623423e-09  -1.9033639421239164e-04  -1.0595636125715257e-06
5.8399999999997000e+01  -3.0687837250928146e-04  3.7067223412508531e-06  8.0639326530582622e-04  9.5097454708670481e-06  2.7419972014971726e-03  3.5889543103851132e-07  8.0737307121446760e-04  -5.3131625769814842e-06  -3.2397246492209942e-04  -3.2837933796634530e-06  -7.7002867023840077e-04  9.1886951312849605e-06  1.5230493846590488e-05  1.4289791262381447e-06  6.9187249835243598e-04  -2.7781465830483337e-07  -1.9858385077898766e-06  9.2369565837678801e-08  -7.7098332685377228e-04  -9.3826829297386824e-06  -4.0204430399053994e-04  3.1840163578058458e-06  5.3092360018734523e-06  3.4272388764008401e-07  3.3146360833893142e-04  -6.7294868870643692e-08  -1.0471093252367283e-06  1.2399960097461589e-07  -4.0197808178689317e-04  -3.2359513947887318e-06  -1.9665987392397801e-04  1.1369653249320845e-06  1.4060993571539684e-06  1.4842015104933911e-07  1.6144736700278293e-04  5.7751076442473570e-08  -8.4287531165317286e-07  -2.0381270968203415e-08  -1.9671984027452876e-04  -1.0902563433621569e-06
5.8799999999996899e+01  -3.3090586064502898e-04  3.1842963759486454e-06  8.4588096863022965e-04  9.7287632878595795e-06  2.8266713835753826e-03  3.5946404266533285e-07  8.4770131221964594e-04  -5.4811793561381369e-06  -3.4836148232943626e-04  -2.7553745077051531e-06  -7.8455960281610367e-04  9.4644633404345738e-06  1.5981435571715531e-05  1.4761538499565760e-06  7.0608696758394512e-04  -2.8745246528250046e-07  -1.7563292151439848e-06  7.0024436170904368e-08  -7.8557013448505783e-04  -9.6654768421335869e-06  -4.1126535690260899e-04  3.3085931750097048e-06  5.5451728569941283e-06  3.5973219331578746e-07  3.3909655516232767e-04  -7.7431842721446665e-08  -1.0659189753524539e-06  1.2260422148805613e-07  -4.1120828045002159e-04  -3.3687821573008028e-06  -2.0312331924005495e-04  1.1814210578624619e-06  1.4647724137081516e-06  1.4981389605752025e-07  1.6674308008318215e-04  6.0702565919303844e-08  -8.7190191010454061e-07  -2.7181587099940526e-08  -2.0319126280132774e-04  -1.1322069748481017e-06
5.9199999999996798e+01  -3.5490866485008891e-04  2.6432541842286731e-06  8.8693129279581069e-04  9.9501915935359189e-06  2.9135715740822169e-03  3.5967307410583557e-07  8.8961710079513709e-04  -5.6531020799724113e-06  -3.7273611558050879e-04  -2.2083927248670519e-06  -7.9906958291401449e-04  9.7454639619000972e-06  1.6767365378209673e-05  1.5222156986748710e-06  7.2036022488410002e-04  -2.9584312809626460e-07  -1.5004484037339392e-06  4.7044522819706866e-08  -8.0013493869916059e-04  -9.9525121841051347e-06  -4.2050366170574545e-04  3.4361256819431190e-06  5.7884081194480870e-06  3.7956991198185338e-07  3.4674639500482300e-04  -8.7409855415165036e-08  -1.0826488299449894e-06  1.1911494096701315e-07  -4.2046091417005844e-04  -3.5043846571303910e-06  -2.0968262853983979e-04  1.2361927018369891e-06  1.5290051863609890e-06  1.4789478746084133e-07  1.7211509447775301e-04  6.1965350918395696e-08  -9.1691245994490384e-07  -2.8164556311748099e-08  -2.0974813497511726e-04  -1.1855598225976043e-06
5.9599999999996697e+01  -3.7881752110040256e-04  2.0824573734412142e-06  9.2959268089513620e-04  1.0174625940259180e-05  3.0027214789720073e-03  3.5923862431263247e-07  9.3317051523664771e-04  -5.8287522299699597e-06  -3.9702763098060684e-04  -1.6419395103932478e-06  -8.1354052784276252e-04  1.0031548165557629e-05  1.7588302811948227e-05  1.5682423524326545e-06  7.3468060284799736e-04  -3.0274165880923606e-07  -1.2175478904454610e-06  2.1948363342564740e-08  -8.1466189811604263e-04  -1.0243414589846708e-05  -4.2975029705139039e-04  3.5673847105601604e-06  6.0396110639461211e-06  4.0186286494233896e-07  3.5440467074915306e-04  -9.8225333129135782e-08  -1.0988839396209777e-06  1.1524887717546375e-07  -4.2972511969768617e-04  -3.6443616343358081e-06  -2.1633369439389224e-04  1.2974670113198794e-06  1.5951827429786435e-06  1.4483601316401841e-07  1.7756261864373968e-04  6.0681501843753954e-08  -9.7355989456608597e-07  -2.4737415572671794e-08  -2.1638951684232002e-04  -1.2474033911771424e-06
5.9999999999996597e+01  -4.0255815947323384e-04  1.5014443792034610e-06  9.7390907362666446e-04  1.0401747580214019e-05  3.0941443814691610e-03  3.5795385645384969e-07  9.7840607559879114e-04  -6.0068639648721307e-06  -4.2116070994690027e-04  -1.0557259642749146e-06  -8.2795866205433405e-04  1.0322557890279179e-05  1.8443563066959519e-05  1.6155505616137181e-06  7.4904003971715304e-04  -3.0808195903560943e-07  -9.0775764968039702e-07  -6.8773500763383299e-09  -8.2913966581342707e-04  -1.0537938512296941e-05  -4.3900205652881854e-04  3.7032181049618864e-06  6.2991073731404575e-06  4.2584629800580946e-07  3.6206999871733010e-04  -1.1057318162372200e-07  -1.1167270947428234e-06  1.1247691566448500e-07  -4.3899543293483996e-04  -3.7901478679239389e-06  -2.2307238939740757e-04  1.3617098410573679e-06  1.6623429185932316e-06  1.4259259751733390e-07  1.8308530105384823e-04  5.6444290665529456e-08  -1.0355833724396530e-06  -1.8598870559342831e-08  -2.2311629025990699e-04  -1.3148043111759869e-06
6.0399999999996602e+01  -4.2606133954376294e-04  9.0012469035278844e-07  1.0199210608031347e-03  1.0630574986984511e-05  3.1878648451014457e-03  3.5577929723251967e-07  1.0253639918373530e-03  -6.1855674226721887e-06  -4.4506390154051118e-04  -4.4971050293226594e-07  -8.4231249027786345e-04  1.0618236330814775e-05  1.9333727002388756e-05  1.6652972947042303e-06  7.6343124665068552e-04  -3.1198988397163359e-07  -5.7003655037774479e-07  -4.0736107420707626e-08  -8.4355893489321569e-04  -1.0835904779716164e-05  -4.4826614003424343e-04  3.8444439708542124e-06  6.5669272758763578e-06  4.5053444662694100e-07  3.6975091476575323e-04  -1.2463505304257483e-07  -1.1381603045611106e-06  1.1158894031539046e-07  -4.4827705991099095e-04  -3.9427000168382725e-06  -2.2990226298798977e-04  1.4276470800777746e-06  1.7335336794735747e-06  1.4147365079177470e-07  1.8868704893759773e-04  4.9900279707585870e-08  -1.0974155200305127e-06  -1.1200149115758997e-08  -2.2993524525046573e-04  -1.3861494081238371e-06
6.0799999999996501e+01  -4.4927504736044696e-04  2.7844109593865380e-07  1.0676697410165557e-03  1.0859902186699333e-05  3.2839090274127580e-03  3.5285586231457684e-07  1.0740847973384187e-03  -6.3630154340435491e-06  -4.6868244815708788e-04  1.7625718583499314e-07  -8.5658628530341143e-04  1.0918173539380741e-05  2.0262027406424186e-05  1.7179899962903968e-06  7.7784272102869524e-04  -3.1475704738631614e-07  -2.0075790682294527e-07  -8.0107771229358028e-08  -8.5790560871773654e-04  -1.1137135051209568e-05  -4.5755844138409057e-04  3.9916950653446861e-06  6.8434030845324358e-06  4.7503186748101978e-07  3.7746238362384012e-04  -1.4007091054392861e-07  -1.1638562298377456e-06  1.1248478944672758e-07  -4.5758476220570277e-04  -4.1023421646165228e-06  -2.3683621459965882e-04  1.4959385864536729e-06  1.8136911292352727e-06  1.4032201100681800e-07  1.9437611112156403e-04  4.2747091106251513e-08  -1.1552889991696664e-06  -3.8658833156646192e-09  -2.3685959630109977e-04  -1.4606855836637227e-06
6.1199999999996400e+01  -4.7214271066862371e-04  -3.6368471992892553e-07  1.1171944392068345e-03  1.1088354409676668e-05  3.3822891769367518e-03  3.4946998469934107e-07  1.1246076488884810e-03  -6.5375313879356293e-06  -4.9195671519726707e-04  8.2248329039965123e-07  -8.7075388779762951e-04  1.1221903195226954e-05  2.1232411512490651e-05  1.7734011030546282e-06  7.9225568849319590e-04  -3.1678026144523318e-07  2.0434890021430255e-07  -1.2457107985845916e-07  -8.7215433963897210e-04  -1.1441499289706133e-05  -4.6689604458358515e-04  4.1452503212673207e-06  7.1297252314652873e-06  4.9877065389408833e-07  3.8521819230551846e-04  -1.5617309630358191e-07  -1.1923358971832010e-06  1.1432169649888931e-07  -4.6693558324859479e-04  -4.2687722739066702e-06  -2.4388722826531608e-04  1.5675449605436074e-06  1.9062371700556403e-06  1.3797528349508166e-07  2.0015861275804464e-04  3.6972964085142373e-08  -1.2071711466630555e-06  1.8752080613414895e-09  -2.4390125014421923e-04  -1.5375123164896914e-06
6.1599999999996299e+01  -4.9454933416166356e-04  -1.0263228382323592e-06  1.1685269145044583e-03  1.1314236796654307e-05  3.4829689030739584e-03  3.4601983275867015e-07  1.1769645072671510e-03  -6.7074566569110585e-06  -5.1476844392627093e-04  1.4893797386533543e-06  -8.8477905521369324e-04  1.1529048317799007e-05  2.2246852641435087e-05  1.8310307551590378e-06  8.0664420678820063e-04  -3.1848112879510516e-07  6.4746376846239022e-07  -1.7330761247877309e-07  -8.8626867140339583e-04  -1.1748989386124725e-05  -4.7628908862756256e-04  4.3049486225114889e-06  7.4277169676132479e-06  5.2159221734425626e-07  3.9302473444904472e-04  -1.7209747722227499e-07  -1.2204721528964567e-06  1.1591670207755878e-07  -4.7634045516623544e-04  -4.4412076016701351e-06  -2.5105321505300470e-04  1.6423429533174639e-06  2.0108273492554921e-06  1.3479546860937050e-07  2.0602900322229097e-04  3.3822810577343781e-08  -1.2526829950316847e-06  4.2539036914421766e-09  -2.5105807143084547e-04  -1.6151924144331720e-06
6.1999999999996199e+01  -5.1632134389556082e-04  -1.7097798804493408e-06  1.2216907213359078e-03  1.1535844671238858e-05  3.5858631031235057e-03  3.4296552530588745e-07  1.2311796255022609e-03  -6.8714105133138048e-06  -5.3694134522997068e-04  2.1776551983261532e-06  -8.9862316878335543e-04  1.1839374297197091e-05  2.3306041246887087e-05  1.8905359050857549e-06  8.2097833520093351e-04  -3.2022136549707712e-07  1.1293427326003117e-06  -2.2559837788518966e-07  -9.0020867818619654e-04  -1.2059695813712486e-05  -4.8573777063314305e-04  4.4702551393023122e-06  7.7387916330027613e-06  5.4375431250426683e-07  4.0088059569883482e-04  -1.8709456172651455e-07  -1.2452846966765652e-06  1.1613241909562677e-07  -4.8580079775113082e-04  -4.6186202359997360e-06  -2.5830748574527884e-04  1.7189769740883657e-06  2.1232735424051880e-06  1.3301087999606610e-07  2.1196487615663762e-04  3.3172974523902868e-08  -1.2935732608949494e-06  1.7729923832958912e-09  -2.5830539669262001e-04  -1.6922806090884736e-06
6.2399999999996197e+01  -5.3733176965958395e-04  -2.4150587713589273e-06  1.2767038131185132e-03  1.1752250813195027e-05  3.6909136317788615e-03  3.4070807960596415e-07  1.2872728654210179e-03  -7.0289644627643092e-06  -5.5834736559573668e-04  2.8886655935726968e-06  -9.1225382162186432e-04  1.2152773094541226e-05  2.4411643451660302e-05  1.9515693571703110e-06  8.3523123419795907e-04  -3.2222826965354374e-07  1.6516406987021018e-06  -2.8074538006812251e-07  -9.1393973400912736e-04  -1.2373723715078044e-05  -4.9523628130127885e-04  4.6404577218804875e-06  8.0629597570564405e-06  5.6588204457430976e-07  4.0878168013904989e-04  -2.0068948565701878e-07  -1.2656809383057777e-06  1.1410306888659947e-07  -4.9531230772076979e-04  -4.7999919700231622e-06  -2.6560315245139829e-04  1.7958472841840563e-06  2.2372744837947702e-06  1.3548037201717525e-07  2.1793127498372103e-04  3.3649829659246777e-08  -1.3339869354916840e-06  -5.8906871713897127e-09  -2.6559919096530107e-04  -1.7682880910107147e-06
6.2799999999996103e+01  -5.5758270849744023e-04  -3.1439759232938204e-06  1.3335768073536617e-03  1.1963713140086081e-05  3.7981472927775305e-03  3.3942880750721061e-07  1.3452582082810237e-03  -7.1808210246708865e-06  -5.7898931240676910e-04  3.6243978235472741e-06  -9.2564811133358064e-04  1.2469226318563664e-05  2.5565599562535921e-05  2.0133622761199145e-06  8.4938703374226598e-04  -3.2454968694511915e-07  2.2163581761798983e-06  -3.3773213665152341e-07  -9.2743627961553051e-04  -1.2691108324411992e-05  -5.0478010523141942e-04  4.8148923200046717e-06  8.3988058565541518e-06  5.8877288557069722e-07  4.1672722311358683e-04  -2.1277467119517267e-07  -1.2826980170050148e-06  1.0937177717213451e-07  -5.0487229613677576e-04  -4.9845212610995198e-06  -2.7288934272436398e-04  1.8722930861967100e-06  2.3470863990612340e-06  1.4372615270498996e-07  2.2389238948997522e-04  3.3308539802140756e-08  -1.3793290910623152e-06  -1.7152388093224008e-08  -2.7288987777278654e-04  -1.8443041401764243e-06
6.3199999999996002e+01  -5.7710312643441289e-04  -3.8986401869599239e-06  1.3923084221264305e-03  1.2171154831013647e-05  3.9075889864018092e-03  3.3901537133599554e-07  1.4051382062251314e-03  -7.3280427611967526e-06  -5.9889744397921291e-04  4.3868799974947838e-06  -9.3879211292600669e-04  1.2788694174980012e-05  2.6767990723202271e-05  2.0748095067712849e-06  8.6344131788409660e-04  -3.2705764806187169e-07  2.8238590757897634e-06  -3.9535752476506243e-07  -9.4068196494081179e-04  -1.3011694773139317e-05  -5.1437058932147421e-04  4.9930960978471137e-06  8.7443714511999544e-06  6.1311914787795590e-07  4.2472149939054793e-04  -2.2359017360209481e-07  -1.2981952962141439e-06  1.0194985931273462e-07  -5.1448397784859977e-04  -5.1717513045804765e-06  -2.8012869354436526e-04  1.9490166235446474e-06  2.4502307729212509e-06  1.5671559532456717e-07  2.2982287739052213e-04  3.0417501583473654e-08  -1.4337535504365993e-06  -2.8598439573581598e-08  -2.8013840206744063e-04  -1.9227401336258299e-06
6.3599999999995902e+01  -5.9576776554741201e-04  -4.6808589882883464e-06  1.4528840222795161e-03  1.2375304599112191e-05  4.0191145306966280e-03  3.3914361101251298e-07  1.4669015100133610e-03  -7.4711154208958771e-06  -6.1794698696696190e-04  5.1776442390554792e-06  -9.5168079137918429e-04  1.3110983885289452e-05  2.8018280702891475e-05  2.1350563376985328e-06  8.7739295934256693e-04  -3.2949983321419230e-07  3.4741900050350356e-06  -4.5283018400020280e-07  -9.5367018026379716e-04  -1.3335047346896159e-05  -5.2401283975864936e-04  5.1748450234307590e-06  9.0979766900277140e-06  6.3940861397199072e-07  4.3276973463237409e-04  -2.3359597862796659e-07  -1.3134067155749752e-06  9.2148539031755367e-08  -5.2415356254573945e-04  -5.3616190449359389e-06  -2.8730586722845692e-04  2.0275688118276468e-06  2.5490858534653113e-06  1.7130318569142065e-07  2.3571193008481290e-04  2.3983353851897898e-08  -1.4980139350958106e-06  -3.6096962839560095e-08  -2.8732541194269616e-04  -2.0062878251640037e-06
6.3999999999995801e+01  -6.1332029424354933e-04  -5.4921360071856139e-06  1.5152756075929041e-03  1.2576454953166363e-05  4.1324719003164720e-03  3.3941434706198602e-07  1.5305230861315479e-03  -7.6098275426926135e-06  -6.3588114062691813e-04  5.9978422529242637e-06  -9.6431591746630831e-04  1.3435792246123250e-05  2.9318365718063099e-05  2.1938067323553273e-06  8.9123790482348471e-04  -3.3157224335948129e-07  4.1701323632475961e-06  -5.1005758557330703e-07  -9.6640223239863429e-04  -1.3660569195731833e-05  -5.3370822963599092e-04  5.3600896236654967e-06  9.4583593183075602e-06  6.6802879280776264e-07  4.4087151868400570e-04  -2.4328598146405349e-07  -1.3286259600730731e-06  8.0246046159816467e-08  -5.3388200881053082e-04  -5.5544126976524724e-06  -2.9442423738019709e-04  2.1095134982649755e-06  2.6500852184726577e-06  1.8394377770560918e-07  2.4155939073415897e-04  1.3911594604488349e-08  -1.5695506285098751e-06  -3.6457383147645300e-08  -2.9445006111622387e-04  -2.0967576315359204e-06
6.4399999999995998e+01  -6.2960778252629411e-04  -6.3339498222416027e-06  1.5794390792519450e-03  1.2774936310455516e-05  4.2474723137965673e-03  3.3941920151789052e-07  1.5959620793780701e-03  -7.7438629394565321e-06  -6.5254646595435252e-04  6.8485941387544604e-06  -9.7669655299800285e-04  1.3762887493746639e-05  3.0671694571210813e-05  2.2509896711207188e-06  9.0497116713599056e-04  -3.3298249480604884e-07  4.9162537765147816e-06  -5.6728981474342140e-07  -9.7887754892255494e-04  -1.3987763029446491e-05  -5.4344726009207902e-04  5.5488407485672928e-06  9.8246818245368930e-06  6.9919372744327449e-07  4.4901680945507561e-04  -2.5302403810154216e-07  -1.3437484903804176e-06  6.6413540623836246e-08  -5.4365804579894171e-04  -5.7506098694681659e-06  -3.0149570911461402e-04  2.1959439993857816e-06  2.7602958862756031e-06  1.9241758692989765e-07  2.4736896174225022e-04  8.9108100646538976e-10  -1.6447314858222745e-06  -2.8744640992589277e-08  -3.0152182889053869e-04  -2.1945047845873004e-06
6.4799999999996203e+01  -6.4469156043543664e-04  -7.2076124421421400e-06  1.6453112596926771e-03  1.2971427021622508e-05  4.3640741159942974e-03  3.3876885300681483e-07  1.6631584068164547e-03  -7.8731239706945166e-06  -6.6800408163920346e-04  7.7308749559236723e-06  -9.8880620861794611e-04  1.4092116938875219e-05  3.2079183528209071e-05  2.3063338696129886e-06  9.1858732029165345e-04  -3.3349122917595750e-07  5.7146219466311252e-06  -6.2467373685846953e-07  -9.9108019791302763e-04  -1.4316288269156948e-05  -5.5320861794232656e-04  5.7410890065894156e-06  1.0197174118004707e-05  7.3253566268370642e-07  4.5718712398209652e-04  -2.6296763439056305e-07  -1.3584682887616393e-06  5.1068552272649829e-08  -5.5345836958156571e-04  -5.9506266497004910e-06  -3.0853140206014312e-04  2.2874267700665631e-06  2.8832903793572433e-06  1.9654216301564803e-07  2.5314416283472282e-04  -1.3869640005244354e-08  -1.7210672917635688e-06  -1.4570044324076733e-08  -3.0855201090855105e-04  -2.2986323043655233e-06
6.5199999999996507e+01  -6.5866970943817158e-04  -8.1139030577523583e-06  1.7128093492032464e-03  1.3166378276309282e-05  4.4822285796670700e-03  3.3719780536429903e-07  1.7320314675497636e-03  -7.9972099726744657e-06  -6.8235093675936406e-04  8.6452320083054434e-06  -1.0006098400665955e-03  1.4423147790221505e-05  3.3538732519072936e-05  2.3594503685857995e-06  9.3207111907109221e-04  -3.3293720971367502e-07  6.5640464185003100e-06  -6.8229697476381212e-07  -1.0029754940365117e-03  -1.4645714564665332e-05  -5.6296539165374038e-04  5.9368292059672291e-06  1.0577802552079945e-05  7.6689984090715468e-07  4.6536053182797495e-04  -2.7308667122309245e-07  -1.3718802472303078e-06  3.5113080134919409e-08  -5.6325492284391946e-04  -6.1546096743847923e-06  -3.1553784308479296e-04  2.3839880525744008e-06  3.0174404422072779e-06  1.9778883213967629e-07  2.5888850172084822e-04  -2.8974738167116787e-08  -1.7974026996036512e-06  2.6777567179541829e-09  -3.1554950581473416e-04  -2.4075894731939806e-06
6.5599999999996697e+01  -6.7148260560719129e-04  -9.0531938316677569e-06  1.7818288241552680e-03  1.3359030729071450e-05  4.6017153852363213e-03  3.3472140174236294e-07  1.8024785123748155e-03  -8.1146328332536789e-06  -6.9552374780066013e-04  9.5920475841934408e-06  -1.0120675280663883e-03  1.4755240676419766e-05  3.5049998717221156e-05  2.4103046191491188e-06  9.4539140081082622e-04  -3.3126131557586654e-07  7.4648450203986471e-06  -7.4057625955973611e-07  -1.0145240416328473e-03  -1.4975290433500710e-05  -5.7269335553615237e-04  6.1361540096415590e-06  1.0969472096029278e-05  8.0085246995778471e-07  4.7351704256230970e-04  -2.8322497972821072e-07  -1.3824866503148146e-06  1.9524562687680199e-08  -5.7302304339214793e-04  -6.3624041157821520e-06  -3.2251787482910280e-04  2.4849579213479163e-06  3.1581086832574202e-06  1.9844628189284125e-07  2.6460680585450608e-04  -4.3199843387859010e-08  -1.8725053838737382e-06  1.9129179186503823e-08  -3.2252068987263978e-04  -2.5196847829707868e-06
6.5999999999996902e+01  -6.8297826776343804e-04  -1.0026000793274104e-05  1.8522376704049788e-03  1.3547247318824560e-05  4.7221942829278954e-03  3.3169661032051295e-07  1.8743702267130680e-03  -8.2228309233161151e-06  -7.0736437701541470e-04  1.0572150186126371e-05  -1.0231536408394088e-03  1.5087311458456326e-05  3.6617482815746359e-05  2.4595263308556125e-06  9.5851554487904093e-04  -3.2854135290472487e-07  8.4223870183775185e-06  -8.0043504714996493e-07  -1.0257016350023590e-03  -1.5304012880275478e-05  -5.8237464701213807e-04  6.3392626519926317e-06  1.1373956050963949e-05  8.3344640160391904e-07  4.8164130914926944e-04  -2.9314128743041270e-07  -1.3889049027137563e-06  4.7116374928914395e-09  -5.8274397599949860e-04  -6.5736828486800623e-06  -3.2947238426086752e-04  2.5889826090681421e-06  3.3017011872401354e-06  2.0095316484397722e-07  2.7030421579672334e-04  -5.5817450449255814e-08  -1.9443988779297271e-06  3.1596684446123075e-08  -3.2947002276983864e-04  -2.6333949840625336e-06
6.6399999999997107e+01  -6.9310935125730549e-04  -1.1033294464239451e-05  1.9238730929296596e-03  1.3728589082204784e-05  4.8433661994128664e-03  3.2872114548410545e-07  1.9475481154350713e-03  -8.3192112002327950e-06  -7.1781880675852864e-04  1.1587035350697365e-05  -1.0338558260884897e-03  1.5418240618093200e-05  3.8246419200440622e-05  2.5082153626926832e-06  9.7142820368501534e-04  -3.2501989924364197e-07  9.4434144624132126e-06  -8.6297323536011006e-07  -1.0364982689731155e-03  -1.5630961292823650e-05  -5.9199480378758368e-04  6.5462903111849831e-06  1.1790994336096818e-05  8.6434906060739612e-07  4.8972120032499730e-04  -3.0251455700021333e-07  -1.3900554036468856e-06  -9.5196848924314387e-09  -5.9240122447664723e-04  -6.7880907307325813e-06  -3.3640015392283080e-04  2.6945740730338532e-06  3.4477834636859388e-06  2.0748978963780180e-07  2.7598288635439659e-04  -6.6789618367692114e-08  -2.0118415942824155e-06  3.8259174155041580e-08  -3.3639892758847349e-04  -2.7476840320537786e-06
6.6799999999997297e+01  -7.0197470812625713e-04  -1.2076413633986308e-05  1.9965445491292580e-03  1.3901712357412222e-05  4.9650087486242840e-03  3.2645480515549961e-07  2.0218271674660943e-03  -8.4023405561445963e-06  -7.2698093037631051e-04  1.2638613762054879e-05  -1.0441399966148760e-03  1.5747230382347195e-05  3.9936124786712652e-05  2.5574103807958334e-06  9.8411564743602757e-04  -3.2107351355115760e-07  1.0529122901814126e-05  -9.2887804920375474e-07  -1.0468820298876723e-03  -1.5955649900277521e-05  -6.0153747358427517e-04  6.7571019532992947e-06  1.2219796329045890e-05  8.9334870130232611e-07  4.9774394322411744e-04  -3.1095545691429335e-07  -1.3844279721479606e-06  -2.3433030195137437e-08  -6.0197632628242507e-04  -7.0052985530885080e-06  -3.4329650235159656e-04  2.8010109897026959e-06  3.5976519917426771e-06  2.1954460725385953e-07  2.8163973159834926e-04  -7.6731906674112672e-08  -2.0764975610663446e-06  3.8921031282855590e-08  -3.4330370840383569e-04  -2.8624374772931096e-06
6.7199999999997502e+01  -7.0969205861961670e-04  -1.3156883446378763e-05  2.0700368178648253e-03  1.4066985204849357e-05  5.0868728958141859e-03  3.2545417433930583e-07  2.0969982613472573e-03  -8.4723709610477138e-06  -7.3496610809678324e-04  1.3728883090966992e-05  -1.0539174442860864e-03  1.6073920746038119e-05  4.1680179902534433e-05  2.6077648041448080e-06  9.9652480301030272e-04  -3.1709910721769672e-07  1.1674595281269167e-05  -9.9818089604084094e-07  -1.0567650657221043e-03  -1.6278060526973857e-05  -6.1098284554972685e-04  6.9713058849660862e-06  1.2660579327280800e-05  9.2016688431901425e-07  5.0569459444064287e-04  -3.1806990681568645e-07  -1.3702762857516304e-06  -3.7176219845673210e-08  -6.1144951100108251e-04  -7.2249850021313705e-06  -3.5015340301819832e-04  2.9088689249506917e-06  3.7516556688603611e-06  2.3738178364475466e-07  2.8726801491069212e-04  -8.6635282607141357e-08  -2.1429740188625057e-06  3.4962517905959125e-08  -3.5017536250520320e-04  -2.9787204770350689e-06
6.7599999999997706e+01  -7.1631549515497272e-04  -1.4276214800695541e-05  2.1441073387844871e-03  1.4226133585434780e-05  5.2086128173659037e-03  3.2605275301196706e-07  2.1728249495688969e-03  -8.5305777645524564e-06  -7.4182800555368180e-04  1.4859628337225740e-05  -1.0630819789222343e-03  1.6398105012143486e-05  4.3474473382608446e-05  2.6597025031988080e-06  1.0085701780428872e-03  -3.1337902862145594e-07  1.2876484601328443e-05  -1.0706021696393931e-06  -1.0660406877134180e-03  -1.6598224744045124e-05  -6.2031125604366545e-04  7.1885179663717484e-06  1.3113615596806923e-05  9.4497832530835577e-07  5.1355941707375403e-04  -3.2356791716770643e-07  -1.3476808136388420e-06  -5.1300670386675501e-08  -6.2080449543392314e-04  -7.4468046048553709e-06  -3.5696292212932619e-04  3.0196454252330490e-06  3.9087230554825367e-06  2.5982674723472979e-07  2.9286209626893398e-04  -9.7458170634753037e-08  -2.2159077330405181e-06  2.8864558468026241e-08  -3.5700333893868175e-04  -3.0984422138136670e-06
6.7999999999997897e+01  -7.2189750021275445e-04  -1.5435701871913461e-05  2.2184824604963831e-03  1.4381379240593058e-05  5.3298336116777336e-03  3.2830609065786313e-07  2.2490393432594113e-03  -8.5784341844634323e-06  -7.4761901842485966e-04  1.6032177209946524e-05  -1.0716085941052777e-03  1.6719454000073816e-05  4.5323192774832731e-05  2.7134836734934690e-06  1.0202133829660283e-03  -3.1001245086268929e-07  1.4139143152207110e-05  -1.1458009875640098e-06  -1.0746827236765607e-03  -1.6915861116116669e-05  -6.2950722987761213e-04  7.4086085752780419e-06  1.3577463509943123e-05  9.6888700653416019e-07  5.2132936991046018e-04  -3.2735904860099309e-07  -1.3196424627954259e-06  -6.7197080503170620e-08  -6.3003102587796597e-04  -7.6703867157004620e-06  -3.6372299131762887e-04  3.1347700685998411e-06  4.0685734369371667e-06  2.8478143014348467e-07  2.9842192982425686e-04  -1.0977763687566816e-07  -2.2966124867608405e-06  2.3215695124524431e-08  -3.6378227395777383e-04  -3.2234507895368277e-06
6.8399999999998101e+01  -7.2658545523660565e-04  -1.6636392879607802e-05  2.2928593353575598e-03  1.4534649489894555e-05  5.4501720636273444e-03  3.3202399466007749e-07  2.3253440080219876e-03  -8.6168227352940062e-06  -7.5248530608118406e-04  1.7247405850883509e-05  -1.0795812448550568e-03  1.7037829596362817e-05  4.7234776322603792e-05  2.7685619387783528e-06  1.0315074287259741e-03  -3.0691120309507528e-07  1.5470563101769084e-05  -1.2228216400198842e-06  -1.0827734772804745e-03  -1.7230694941913120e-05  -6.3855842762375759e-04  7.6316809890369456e-06  1.4049853886031395e-05  9.9357983414686812e-07  5.2899670701598601e-04  -3.2957899040117990e-07  -1.2892675383026223e-06  -8.6673955253784592e-08  -6.3912049921106579e-04  -7.8954262166172330e-06  -3.7044173894975989e-04  3.2548789109513068e-06  4.2335132553569385e-06  3.1017618837946677e-07  3.0395421943549348e-04  -1.2364680825358535e-07  -2.3826294099463240e-06  1.9638293698730347e-08  -3.7051759347840759e-04  -3.3546723267271494e-06
6.8799999999998306e+01  -7.3062446605845911e-04  -1.7879048886276028e-05  2.3669119640257500e-03  1.4687425987032900e-05  5.5693046435018696e-03  3.3687181934983441e-07  2.4014180219719987e-03  -8.6460409105216896e-06  -7.5666953026578112e-04  1.8505794368770090e-05  -1.0870620812170632e-03  1.7353791329315695e-05  4.9212630907513857e-05  2.8229839682208839e-06  1.0425040034949561e-03  -3.0379014014660989e-07  1.6873009180844316e-05  -1.2995113220789826e-06  -1.0903724961320934e-03  -1.7543007718336927e-05  -6.4744992890444005e-04  7.8578032923940652e-06  1.4530661601789946e-05  1.0204561128390336e-06  5.3654667793523914e-04  -3.3054367523869048e-07  -1.2554730502560720e-06  -1.1102521143614685e-07  -6.4805799527368395e-04  -8.1218559885706666e-06  -3.7713620094451030e-04  3.3799056924509891e-06  4.4069826878500508e-06  3.3455043324901453e-07  3.0946958696565261e-04  -1.3866875557411993e-07  -2.4706553913041022e-06  1.8406013755589603e-08  -3.7722524758920610e-04  -3.4919330141011142e-06
6.9199999999998496e+01  -7.3427687122230845e-04  -1.9163654718782240e-05  2.4402963253922216e-03  1.4841265346218331e-05  5.6868875368384225e-03  3.4250974700723662e-07  2.4769214848023120e-03  -8.6666215225146014e-06  -7.6043169196651924e-04  1.9807059878767010e-05  -1.0939433278736020e-03  1.7668209398834485e-05  5.1251485868832310e-05  2.8742229860641849e-06  1.0531228305629163e-03  -3.0015498229062713e-07  1.8340070267641400e-05  -1.3733702784006998e-06  -1.0973684456570835e-03  -1.7853277382466002e-05  -6.5615946517221771e-04  8.0867032321203954e-06  1.5022705751057021e-05  1.0501310040540857e-06  5.4395462812337225e-04  -3.3067294900459874e-07  -1.2128759098829019e-06  -1.4053558880155048e-07  -6.5681849426411150e-04  -8.3499024391059472e-06  -3.8382469638335360e-04  3.5096556395282658e-06  4.5900200406653469e-06  3.5696046310285683e-07  3.1497758664507370e-04  -1.5417647720917177e-07  -2.5597993527715926e-06  1.8938258765318729e-08  -3.8392435731640054e-04  -3.6344560590715087e-06
6.9599999999998701e+01  -7.3776939789406252e-04  -2.0488872553415474e-05  2.5126538620620000e-03  1.4998078130462225e-05  5.8025198417962897e-03  3.4875379285051514e-07  2.5514983074020454e-03  -8.6798878226214568e-06  -7.6399707034464806e-04  2.1149733292447299e-05  -1.1000004497802767e-03  1.7981124400157516e-05  5.3342375732641931e-05  2.9209409802964974e-06  1.0631795927155104e-03  -2.9537854138784780e-07  1.9862939159900856e-05  -1.4433062910895058e-06  -1.1035333973548910e-03  -1.8161092098882165e-05  -6.6465682474402927e-04  8.3176627436158006e-06  1.5528669671835520e-05  1.0826097413342893e-06  5.5119248785932460e-04  -3.3042223990307385e-07  -1.1570966002813249e-06  -1.7473380709790393e-07  -6.6536953798588139e-04  -8.5798475497795100e-06  -3.9051761091596533e-04  3.6441082043924550e-06  4.7796739148506813e-06  3.7679879338292052e-07  3.2048270893139636e-04  -1.6940368621762584e-07  -2.6519426112790945e-06  2.0453905232936954e-08  -3.9062731995613618e-04  -3.7814228998614440e-06
6.9999999999998906e+01  -7.4133398494165129e-04  -2.1852467888091949e-05  2.5836148003401619e-03  1.5159449173148730e-05  5.9157848811015358e-03  3.5568390487680096e-07  2.6247801539159865e-03  -8.6873835468627880e-06  -7.6759588476071005e-04  2.2531654707154882e-05  -1.1051034673366382e-03  1.8291416835869232e-05  5.5479504860101155e-05  2.9633759032749920e-06  1.0725582509555835e-03  -2.8888633175792023e-07  2.1437719714052520e-05  -1.5098950709727772e-06  -1.1087356603353546e-03  -1.8464944270240916e-05  -6.7290562518362493e-04  8.5498013696878620e-06  1.6047646122098442e-05  1.1175924290437694e-06  5.5823559942399419e-04  -3.3022098717296660e-07  -1.0899551717704161e-06  -2.1282529903032802e-07  -6.7367517127569609e-04  -8.8117061995137543e-06  -3.9721364990789377e-04  3.7831866946446732e-06  4.9713495205288198e-06  3.9405651782163201e-07  3.2598416865110548e-04  -1.8362451715526802e-07  -2.7493748045004228e-06  2.2107246398133119e-08  -3.9733478089784070e-04  -3.9321078364991032e-06
7.0399999999999096e+01  -7.4527999273934901e-04  -2.3252578206666517e-05  2.6528016651500199e-03  1.5325863302010231e-05  6.0263172281933702e-03  3.6361264213114115e-07  2.6963915986792011e-03  -8.6899960561524048e-06  -7.7153407334775153e-04  2.3951209683932305e-05  -1.1093015447635516e-03  1.8597763390306374e-05  5.7662055338234515e-05  3.0018170012484779e-06  1.0812900964762735e-03  -2.8033659257935593e-07  2.3066342767488342e-05  -1.5736257697067180e-06  -1.1130249626128397e-03  -1.8763305201126009e-05  -6.8086704543445561e-04  8.7826729908319484e-06  1.6575608287080336e-05  1.1544150559600034e-06  5.6506128797221633e-04  -3.3039443789513249e-07  -1.0184881755424802e-06  -2.5376360648485301e-07  -6.8169844924414027e-04  -9.0452376818121344e-06  -4.0390458114543631e-04  3.9264593231419267e-06  5.1625542682471778e-06  4.0967335476647215e-07  3.3147983930613336e-04  -1.9630850705602768e-07  -2.8526790916478560e-06  2.2825952252126120e-08  -4.0403939632676109e-04  -4.0857347119964918e-06
7.0799999999999301e+01  -7.4999110214883007e-04  -2.4688296273947001e-05  2.7198348141338619e-03  1.5497177017451093e-05  6.1338099189359131e-03  3.7293149573364135e-07  2.7659561882558167e-03  -8.6881691517846664e-06  -7.7619097164458853e-04  2.5407802018658668e-05  -1.1126674878143799e-03  1.8899274546259374e-05  5.9890439357984399e-05  3.0356301421672480e-06  1.0894303709828154e-03  -2.6968691786976537e-07  2.4751945540851298e-05  -1.6337672584474762e-06  -1.1164760778727217e-03  -1.9055268470069248e-05  -6.8850983028651523e-04  9.0166498599220427e-06  1.7109458478705022e-05  1.1918681597232291e-06  5.7164595884647972e-04  -3.3107225432164047e-07  -9.4824808117657832e-07  -2.9615707703163944e-07  -6.8940813528839385e-04  -9.2802850993341208e-06  -4.1058426555103718e-04  4.0732853110008904e-06  5.3541954539138984e-06  4.2533195394614067e-07  3.3697108954607990e-04  -2.0728932531162769e-07  -2.9607089727429786e-06  2.1435381639757591e-08  -4.1073505512378343e-04  -4.2415499034759252e-06
7.1199999999999505e+01  -7.5584734648523398e-04  -2.6158847709446502e-05  2.7843424842848670e-03  1.5673948870080277e-05  6.2379664210579864e-03  3.8393720460916969e-07  2.8331051139124487e-03  -8.6829588025000272e-06  -7.8194367776237466e-04  2.6900913853034553e-05  -1.1151317089432120e-03  1.9194803109751282e-05  6.2161546767387405e-05  3.0644286990263561e-06  1.0969181215014050e-03  -2.5716059583158682e-07  2.6494261033322027e-05  -1.6895724923470527e-06  -1.1190212184857614e-03  -1.9339790115810214e-05  -6.9582676936969228e-04  9.2525625272935099e-06  1.7649640694852905e-05  1.2284096617044015e-06  5.7797469817742937e-04  -3.3213177361688300e-07  -8.7803399378304963e-07  -3.3849959332917551e-07  -6.9679338789437257e-04  -9.5169404904218406e-06  -4.1725406811682488e-04  4.2232728785340373e-06  5.5488308597662255e-06  4.4278785326974892e-07  3.4246370379541040e-04  -2.1684131476062503e-07  -3.0714936821152438e-06  1.7042477817586073e-08  -4.1742350260749549e-04  -4.3992321490801139e-06
7.1599999999999696e+01  -7.6318140584399256e-04  -2.7662589342743017e-05  2.8459724422547914e-03  1.5857946935850341e-05  6.3384829643266700e-03  3.9671862482799224e-07  2.8974874853284942e-03  -8.6763566256822081e-06  -7.8912429803483421e-04  2.8429021262795339e-05  -1.1165295254480000e-03  1.9482340355293354e-05  6.4467741952816966e-05  3.0893883649685260e-06  1.1036115811404717e-03  -2.4317029474613622e-07  2.8288894998056038e-05  -1.7417317188032931e-06  -1.1204963847446362e-03  -1.9615073366043473e-05  -7.0284308212234428e-04  9.4908349186798071e-06  1.8197659335274626e-05  1.2626444553235499e-06  5.8405862008642463e-04  -3.3322482535444781e-07  -8.0223351684405536e-07  -3.7960415695834713e-07  -7.0387384600534340e-04  -9.7552701166737275e-06  -4.2391986285025889e-04  4.3764244002238570e-06  5.7485796652112980e-06  4.6335151530032185e-07  3.4796300197054874e-04  -2.2555097347161684e-07  -3.1824329076782551e-06  9.2150751763508212e-09  -4.2411220244865971e-04  -4.5591456463156332e-06
7.1999999999999901e+01  -7.7232823889554698e-04  -2.9197136234304777e-05  2.9043984814799157e-03  1.6051362817392120e-05  6.4350992346812741e-03  4.1109656515342594e-07  2.9587771647188303e-03  -8.6704279944051313e-06  -7.9806826339896884e-04  2.9989648465335818e-05  -1.1167646346537201e-03  1.9759909427997344e-05  6.6800089255943725e-05  3.1123982713912206e-06  1.1094223028735046e-03  -2.2821256544302707e-07  3.0129852790182013e-05  -1.7916192889219985e-06  -1.1208050590310388e-03  -1.9879509058392638e-05  -7.0959477961807856e-04  9.7310024449724511e-06  1.8751942293013444e-05  1.2934687432322291e-06  5.8992983537323250e-04  -3.3388201973827099e-07  -7.1786636839640328e-07  -4.1868056470117797e-07  -7.1068154990709177e-04  -9.9949453903924925e-06  -4.3058305898088328e-04  4.5326812818474395e-06  5.9549148359377875e-06  4.8769769064465189e-07  3.5346656423844062e-04  -2.3401978675665786e-07  -3.2903178752936928e-06  -2.0739644174932134e-09  -4.3080456489931517e-04  -4.7219337387795302e-06
7.2400000000000105e+01  -7.8369596360333617e-04  -3.0760143150824558e-05  2.9593212073350645e-03  1.6256013667290449e-05  6.5276571643118897e-03  4.2659347690587285e-07  3.0166746485521144e-03  -8.6665155672434671e-06  -8.0918371834887593e-04  3.1580083839192986e-05  -1.1158540570249528e-03  2.0026824962670839e-05  6.9151348674162638e-05  3.1342477287690965e-06  1.1143519597599551e-03  -2.1274564054914343e-07  3.2011347735336798e-05  -1.8395361191658912e-06  -1.1199638660804555e-03  -2.0132891250365545e-05  -7.1607928911757992e-04  9.9720443977099470e-06  1.9309083787731217e-05  1.3199612959997703e-06  5.9559797268048673e-04  -3.3363668216068188e-07  -6.2684262280311969e-07  -4.5518879790457070e-07  -7.1721377886389305e-04  -1.0235168043467848e-05  -4.3723331116613158e-04  4.6914019918160136e-06  6.1695917488656409e-06  5.1567734028125640e-07  3.5896057187899768e-04  -2.4260171406328542e-07  -3.3926720565684633e-06  -1.6354450111674203e-08  -4.3749063141600793e-04  -4.8877076879184686e-06
7.2800000000000296e+01  -7.9776511769121840e-04  -3.2349464542709324e-05  3.0104705993947121e-03  1.6473451635453499e-05  6.6161033119100437e-03  4.4245831209218934e-07  3.0709095688105014e-03  -8.6654534992496946e-06  -8.2295077022862743e-04  3.3197543420444454e-05  -1.1138251206020712e-03  2.0283468815267046e-05  7.1514778659352200e-05  3.1544122082842186e-06  1.1184074597273825e-03  -1.9709640377760739e-07  3.3926266839346951e-05  -1.8845971035305233e-06  -1.1179998478122928e-03  -2.0375994106778674e-05  -7.2222780694431549e-04  1.0213012418195783e-05  1.9870129574426273e-05  1.3417628907386645e-06  6.0101132328457634e-04  -3.3212144161112837e-07  -5.3036494535367801e-07  -4.8921271087900840e-07  -7.2340477744766752e-04  -1.0474853788577648e-05  -4.4384896441794779e-04  4.8515696622882831e-06  6.3943196217603110e-06  5.4612565850488231e-07  3.6442314677183980e-04  -2.5136242643171920e-07  -3.4900922123980165e-06  -3.2450516142961117e-08  -4.4414631426678087e-04  -5.0557320794663871e-06
7.3200000000000500e+01  -8.1502573180719615e-04  -3.3962586441119554e-05  3.0576150358391854e-03  1.6705320935628757e-05  6.7004503442607503e-03  4.5778288255450889e-07  3.1212485057726088e-03  -8.6681813492899676e-06  -8.3985926070674611e-04  3.4838720008144517e-05  -1.1106318024965162e-03  2.0529974516972347e-05  7.3880841602342928e-05  3.1721783104481141e-06  1.1215341395994357e-03  -1.8141247276660484e-07  3.5863901391798854e-05  -1.9259698105041678e-06  -1.1148663889335715e-03  -2.0609054457016050e-05  -7.2795355100199158e-04  1.0453313716465923e-05  2.0442191930191011e-05  1.3597077784841817e-06  6.0608952646271964e-04  -3.2913915356773256e-07  -4.2440288499783234e-07  -5.2205780654088463e-07  -7.2917159774838229e-04  -1.0712925520869215e-05  -4.5040387698584217e-04  5.0127406217251010e-06  6.6284818223374838e-06  5.7712613686599314e-07  3.6983212305171037e-04  -2.6023116144672605e-07  -3.5871961240084441e-06  -4.8696967589761938e-08  -4.5074136328200414e-04  -5.2251089083890404e-06
7.3600000000000705e+01  -8.3593051122274895e-04  -3.5596289708904669e-05  3.1005716488614796e-03  1.6953053951500201e-05  6.7807547663174313e-03  4.7168914680300786e-07  3.1675046612069423e-03  -8.6757770093720126e-06  -8.6036201633187535e-04  3.6499644540716092e-05  -1.1061909554410645e-03  2.0765601644770891e-05  7.6237035066675823e-05  3.1868991646229511e-06  1.1236480599980238e-03  -1.6562879689321367e-07  3.7811575453416859e-05  -1.9631223111087997e-06  -1.1104786060778349e-03  -2.0831130829359046e-05  -7.3324364734305423e-04  1.0692606744971999e-05  2.1030465142067922e-05  1.3753977017913151e-06  6.1081170761120959e-04  -3.2471975283194794e-07  -3.0408362677000788e-07  -5.5570138708750812e-07  -7.3450382287084542e-04  -1.0948656128369158e-05  -4.5687374803865505e-04  5.1757376170328554e-06  6.8676024916457177e-06  6.0681966615192969e-07  3.7517044933030666e-04  -2.6912392450044576e-07  -3.6901059888025812e-06  -6.3714461158110984e-08  -4.5724833535751492e-04  -5.3958091674466201e-06
7.4000000000000995e+01  -8.6090163025088942e-04  -3.7247014000025170e-05  3.1392101686897231e-03  1.7217159540070047e-05  6.8571303303916510e-03  4.8350303154555803e-07  3.2095424707158345e-03  -8.6889887911266838e-06  -8.8488119091217801e-04  3.8176220873007928e-05  -1.1004662933279848e-03  2.0989175604020229e-05  7.8571332016728296e-05  3.1971501767757244e-06  1.1247046563667719e-03  -1.4945580754035350e-07  3.9759521016119784e-05  -1.9948212731184431e-06  -1.1047967665424950e-03  -2.1040713912782239e-05  -7.3817361334004928e-04  1.0930517556855543e-05  2.1630521933455515e-05  1.3898694206120798e-06  6.1524246208241888e-04  -3.1913596787034485e-07  -1.7056630574850413e-07  -5.9127528236060519e-07  -7.3947752795755289e-04  -1.1181774661722587e-05  -4.6323757302358358e-04  5.3421484189536618e-06  7.1056564914186048e-06  6.3410266853576796e-07  3.8042508099957531e-04  -2.7787491240378539e-07  -3.8015854215826254e-06  -7.7061194653453129e-08  -4.6364568583988548e-04  -5.5688524978172234e-06
7.4400000000001199e+01  -8.9035973294324014e-04  -3.8911386692752384e-05  3.1734495501882149e-03  1.7497022803632421e-05  6.9297699185427806e-03  4.9283144756850735e-07  3.2472756421312214e-03  -8.7080586423161061e-06  -9.1383722239555935e-04  3.9864798625569704e-05  -1.0934889653246365e-03  2.1199512086382858e-05  8.0874292646431121e-05  3.2006691653744830e-06  1.1247128983817467e-03  -1.3244770314182484e-07  4.1702893393644709e-05  -2.0188944461245958e-06  -1.0978475652701509e-03  -2.1236335545595586e-05  -7.4279085809487381e-04  1.1166304128399234e-05  2.2232393722180686e-05  1.4034890441232702e-06  6.1943169400260477e-04  -3.1284197376709739e-07  -2.9157986616257475e-08  -6.2884119567377136e-07  -7.4413995230244285e-04  -1.1412055929070545e-05  -4.6947647099430576e-04  5.5129274047338355e-06  7.3398013416461685e-06  6.5863751348764582e-07  3.8558312464004644e-04  -2.8607173745845295e-07  -3.9184067287300758e-06  -8.9130697998991047e-08  -4.6991576497795869e-04  -5.7452705467420673e-06
7.4800000000001404e+01  -9.2473311816866578e-04  -4.0586319680473676e-05  3.2032531944552090e-03  1.7791530613231955e-05  6.9989485181412552e-03  4.9952696426329513e-07  3.2806631332130344e-03  -8.7331651924235618e-06  -9.4765865362583682e-04  4.1562191079253114e-05  -1.0853042137040866e-03  2.1395334382903529e-05  8.3137175532460624e-05  3.1956680704156600e-06  1.1236898950272060e-03  -1.1415472210992855e-07  4.3638040364578113e-05  -2.0334596417617877e-06  -1.0896729196871748e-03  -2.1416542594138819e-05  -7.4699975420975003e-04  1.1398836268568926e-05  2.2831276232260114e-05  1.4174316824455951e-06  6.2330511668759578e-04  -3.0635541056910711e-07  1.1876221170992781e-07  -6.6892444480941972e-07  -7.4839610384124921e-04  -1.1638902180882207e-05  -4.7557415953539481e-04  5.6874454008878645e-06  7.5726386418191571e-06  6.8046231853819710e-07  3.9063155014357480e-04  -2.9305180130424064e-07  -4.0340992685192883e-06  -1.0058723153030987e-07  -4.7604318148241687e-04  -5.9248341632558276e-06
7.5200000000001594e+01  -9.6444031103705213e-04  -4.2268828463148570e-05  3.2286272701155397e-03  1.8099948120317043e-05  7.0650069460170030e-03  5.0356900687534433e-07  3.3097072589248458e-03  -8.7650555273056623e-06  -9.8676545435537636e-04  4.3265364577253966e-05  -1.0759252767837920e-03  2.1575170668961340e-05  8.5349503842775117e-05  3.1818386815199344e-06  1.1216244182660914e-03  -9.4271798961215126e-08  4.5558028053096385e-05  -2.0379106417040499e-06  -1.0802856949869522e-03  -2.1579742286468455e-05  -7.5061809505011816e-04  1.1627256435921762e-05  2.3430051536313273e-05  1.4337890378597527e-06  6.2670716527710732e-04  -3.0014400461477996e-07  2.7719162925548429e-07  -7.1282891096381161e-07  -7.5206538874729467e-04  -1.1861770492120340e-05  -4.8151893765544716e-04  5.8639394445526681e-06  7.8103678810590438e-06  6.9988070704069174e-07  3.9555917143880182e-04  -2.9817478618627967e-07  -4.1437150295966161e-06  -1.1211100422308628e-07  -4.8201585046505100e-04  -6.1058457522643209e-06
7.5600000000001799e+01  -1.0098657663443103e-03  -4.3956089741954547e-05  3.2496213189476065e-03  1.8422390823157183e-05  7.1283315320452515e-03  5.0492272309182301e-07  3.3344537995364347e-03  -8.8052858567882808e-06  -1.0315450546574730e-03  4.4971394896509847e-05  -1.0653578414985512e-03  2.1737449971303882e-05  8.7499772677518888e-05  3.1598576196852506e-06  1.1184999212957470e-03  -7.2710154879908410e-08  4.7453112418337180e-05  -2.0323814710847673e-06  -1.0696935907274678e-03  -2.1724262341589930e-05  -7.5355623892462786e-04  1.1851739560354569e-05  2.4031799209641054e-05  1.4530286251223593e-06  6.2955910138122440e-04  -2.9453782720387119e-07  4.4819624954438601e-07  -7.6034169137747799e-07  -7.5505923805552601e-04  -1.2081066159890014e-05  -4.8730220488196394e-04  6.0408952575185427e-06  8.0595712021018890e-06  7.1771945335705295e-07  4.0035429485440734e-04  -3.0117967723302707e-07  -4.2450010266857123e-06  -1.2464036744539535e-07  -4.8782474364103881e-04  -6.2862402004382686e-06
7.6000000000002004e+01  -1.0613468487582268e-03  -4.5645855566155819e-05  3.2663279789828916e-03  1.8759783495533773e-05  7.1893413646796486e-03  5.0341343307883340e-07  3.3549916490293440e-03  -8.8559601108524302e-06  -1.0823392428269065e-03  4.6677824242582675e-05  -1.0536630603375926e-03  2.1880543388966517e-05  8.9577301341602143e-05  3.1304114466092682e-06  1.1143478829237097e-03  -4.9597007173919597e-08  4.9314108663600154e-05  -2.0167401235213035e-06  -1.0579597133366404e-03  -2.1848443491323867e-05  -7.5588707772853835e-04  1.2073212574086042e-05  2.4635003278681617e-05  1.4725343378191692e-06  6.3192366343867113e-04  -2.8963770084506276e-07  6.2759617318198092e-07  -8.0845515790141250e-07  -7.5744943372490657e-04  -1.2298022857689454e-05  -4.9291048817339499e-04  6.2180300580401265e-06  8.3237563120096796e-06  7.3541077258627808e-07  4.0499955728413661e-04  -3.0230874118511444e-07  -4.3371139002685666e-06  -1.3956568156800206e-07  -4.9345789085649360e-04  -6.4649812438059440e-06
7.6400000000002194e+01  -1.1191751543931621e-03  -4.7336786298278070e-05  3.2788805321741716e-03  1.9113669586186625e-05  7.2484844008730027e-03  4.9863285735697087e-07  3.3714506558283558e-03  -8.9193088342712877e-06  -1.1394453513444240e-03  4.8382954046732388e-05  -1.0409753437958754e-03  2.2002849615309693e-05  9.1571107227139868e-05  3.0941903210339680e-06  1.1092609307758431e-03  -2.5220125161022909e-08  5.1132391473760781e-05  -1.9906918532062003e-06  -1.0452188072750885e-03  -2.1950790288911072e-05  -7.5771333295484005e-04  1.2292200090199609e-05  2.5237442054727298e-05  1.4892120983868005e-06  6.3388934002702986e-04  -2.8522533996379644e-07  8.0967747814081911e-07  -8.5404167526761728e-07  -7.5933532924686543e-04  -1.2513334277531012e-05  -4.9831850279015953e-04  6.3960901910809502e-06  8.5993019131369979e-06  7.5455421977399880e-07  4.0947462279290774e-04  -3.0209252892199270e-07  -4.4220131926321633e-06  -1.5841628483363811e-07  -4.9889399025650606e-04  -6.6425664095793283e-06
7.6800000000002399e+01  -1.1836032534499337e-03  -4.9028270520402092e-05  3.2874492661951011e-03  1.9486094126380690e-05  7.3062361945617155e-03  4.8986980724040872e-07  3.3839980913646459e-03  -8.9974278580878624e-06  -1.2031228555014555e-03  5.0085609762157019e-05  -1.0274523623563267e-03  2.2103243425682885e-05  9.3466722182417576e-05  3.0525074643180011e-06  1.1033490119978328e-03  9.7746660653707199e-11  5.2896148377058717e-05  -1.9546997701958335e-06  -1.0316279251583707e-03  -2.2030371228789073e-05  -7.5901242215498836e-04  1.2508438585324174e-05  2.5840082523355862e-05  1.5025699759488288e-06  6.3543357716919712e-04  -2.8075358964221362e-07  9.9265045270857449e-07  -8.9686711656499774e-07  -7.6069018644230415e-04  -1.2726317060438307e-05  -5.0349721273114660e-04  6.5758880650357264e-06  8.8751806452393259e-06  7.7622790657227567e-07  4.1376875552465988e-04  -3.0101932349709935e-07  -4.5064240183476912e-06  -1.8219524170484865e-07  -5.0410878916517675e-04  -6.8203793565804929e-06
7.7200000000002603e+01  -1.2548459806808292e-03  -5.0719783911819437e-05  3.2922374870575917e-03  1.9879426125631076e-05  7.3630935873823418e-03  4.7610762493485343e-07  3.3928342912249443e-03  -9.0921820553834846e-06  -1.2735941619955195e-03  5.1784468114848877e-05  -1.0132260385074339e-03  2.2181578323531981e-05  9.5246228741753677e-05  3.0070588028125560e-06  1.0966991079439639e-03  2.6171095609801707e-08  5.4589369574867985e-05  -1.9100869724957340e-06  -1.0173186557887483e-03  -2.2087159446332616e-05  -7.5965233276984053e-04  1.2721869334631892e-05  2.6444242006592425e-05  1.5134135452308992e-06  6.3643783238038023e-04  -2.7547908960566816e-07  1.1776185818057519e-06  -9.3809473721214875e-07  -7.6137868863584881e-04  -1.2935801579751947e-05  -5.0843309132482908e-04  6.7575580227992652e-06  9.1410674407552079e-06  8.0057391411109963e-07  4.1788595717593845e-04  -2.9939951481360329e-07  -4.5975678874281547e-06  -2.1088305689497519e-07  -5.0909149293068545e-04  -6.9996015088445891e-06
7.7600000000002794e+01  -1.3330728788468009e-03  -5.2410294451782477e-05  3.2934764975868901e-03  2.0295938848503987e-05  7.4195607741780788e-03  4.5616459721483570e-07  3.3981871709747990e-03  -9.2051011246752272e-06  -1.3510360028400603e-03  5.3477538492104290e-05  -9.9841656565769475e-04  2.2238539005058468e-05  9.6893502454145736e-05  2.9585310755648175e-06  1.0893902316021888e-03  5.3066658054647533e-08  5.6197183581212804e-05  -1.8577839705144314e-06  -1.0024110493893612e-03  -2.2121774774731273e-05  -7.5952503275765655e-04  1.2933321777182912e-05  2.7047753419572065e-05  1.5204309053499934e-06  6.3680743464988952e-04  -2.6869154875592837e-07  1.3655981646636730e-06  -9.7663979534191579e-07  -7.6129108876541764e-04  -1.3141388008307204e-05  -5.1312627937951391e-04  6.9405343842950318e-06  9.3971466098313969e-06  8.2700342871808957e-07  4.2182412869496268e-04  -2.9748524357797669e-07  -4.6954640362749915e-06  -2.4356511536404255e-07  -5.1384087926794296e-04  -7.1805520493583436e-06
7.8000000000002998e+01  -1.4183974162800467e-03  -5.4098180467168325e-05  3.2914188497098753e-03  2.0737302711278117e-05  7.4761322308500421e-03  4.2897813555493663e-07  3.4003054537354053e-03  -9.3372455592716764e-06  -1.4355676207712241e-03  5.5162292768785545e-05  -9.8318140524701701e-04  2.2274826208730951e-05  9.8400064744641566e-05  2.9055856634273243e-06  1.0815363580874661e-03  8.1071967423229077e-08  5.7712462327611191e-05  -1.7971397274469970e-06  -9.8706172647650657e-04  -2.2134746686152733e-05  -7.5860785438375429e-04  1.3143393156811814e-05  2.7646593711784189e-05  1.5207251693851671e-06  6.3652606472396577e-04  -2.5991956973351003e-07  1.5581934640417305e-06  -1.0095628395837271e-06  -7.6040443102823134e-04  -1.3343171505460435e-05  -5.1755099279084495e-04  7.1240023960308613e-06  9.6533380780485941e-06  8.5486607804033734e-07  4.2554072898470764e-04  -2.9560778160338729e-07  -4.7925961092338580e-06  -2.7914131611939602e-07  -5.1832607934028223e-04  -7.3627665345582227e-06
7.8400000000003203e+01  -1.5108702041838928e-03  -5.5781610030678763e-05  3.2863306876109461e-03  2.1204424104495015e-05  7.5332783872060077e-03  3.9389192443738122e-07  3.3994513710080762e-03  -9.4892854391632217e-06  -1.5272439479855266e-03  5.6836280821859699e-05  -9.6773007940853160e-04  2.2290474534913830e-05  9.9765843112759517e-05  2.8456738192428542e-06  1.0732970908236303e-03  1.1054756255224366e-07  5.9136296717170336e-05  -1.7263831309449806e-06  -9.7147870100917672e-04  -2.2126014909315405e-05  -7.5689958464927886e-04  1.3350756726718603e-05  2.8238689126859739e-05  1.5139757529290949e-06  6.3559611841943245e-04  -2.4902421314381838e-07  1.7587823950922417e-06  -1.0362480800751071e-06  -7.5871815202105072e-04  -1.3540384470987171e-05  -5.2162818101341758e-04  7.3073214234887962e-06  9.9186287874014671e-06  8.8372079651022443e-07  4.2895213672855797e-04  -2.9409939259984013e-07  -4.8822667119471394e-06  -3.1675781278367757e-07  -5.2246207732868730e-04  -7.5455099581154573e-06
7.8800000000003394e+01  -1.6104771036413478e-03  -5.7458935653696514e-05  3.2784851567400565e-03  2.1697822015126512e-05  7.5914349554046853e-03  3.5076663724193473e-07  3.3958943715989114e-03  -9.6619111955344387e-06  -1.6260548230747692e-03  5.8497637183822712e-05  -9.5229214119944730e-04  2.2284907984632826e-05  1.0099434915614238e-04  2.7771927738619520e-06  1.0648485592579184e-03  1.4177382268990402e-07  6.0471750112761060e-05  -1.6444785146276600e-06  -9.5589048859490015e-04  -2.2095047014950585e-05  -7.5434857905954679e-04  1.3552264915659330e-05  2.8824387972596778e-05  1.5036571247943503e-06  6.3397240037477588e-04  -2.3617474124255664e-07  1.9701032725345227e-06  -1.0597378572902229e-06  -7.5618179082510384e-04  -1.3730955341025034e-05  -5.2527752177058832e-04  7.4901573660144347e-06  1.0193678675064642e-05  9.1250918756839990e-07  4.3199585235657737e-04  -2.9306027515435836e-07  -4.9652115671369081e-06  -3.5514343829382670e-07  -5.2616509733813082e-04  -7.7282012329378393e-06
7.9200000000003598e+01  -1.7171374453379114e-03  -5.9128816647127221e-05  3.2681583723822120e-03  2.2218205336682590e-05  7.6509928031184751e-03  2.9984840651217680e-07  3.3899071736075439e-03  -9.8563160068447915e-06  -1.7319244284621838e-03  6.0145121631217082e-05  -9.3708781694492509e-04  2.2257512663870344e-05  1.0208659133401994e-04  2.7009819554655453e-06  1.0563600541505609e-03  1.7486121524116545e-07  6.1717187063497076e-05  -1.5524948816413335e-06  -9.4051755836466969e-04  -2.2041266791331094e-05  -7.5086855546869808e-04  1.3744962725911509e-05  2.9404305659138657e-05  1.4928744359035616e-06  6.3157823893118174e-04  -2.2175930475177124e-07  2.1912295835724830e-06  -1.0826724566119824e-06  -7.5271044439796870e-04  -1.3912567058875276e-05  -5.2851306574282664e-04  7.6723806228248422e-06  1.0472893640669114e-05  9.3875598112158999e-07  4.3470379664806321e-04  -2.9224357428851342e-07  -5.0484206273468263e-06  -3.9185484433864621e-07  -5.2944965819993854e-04  -7.9104555540158228e-06
7.9600000000003803e+01  -1.8306995029848984e-03  -6.0790185127835322e-05  3.2556277251689640e-03  2.2766803916730269e-05  7.7122874989886334e-03  2.4151445010672090e-07  3.3817642070780645e-03  -1.0074366510417270e-05  -1.8447070192602543e-03  6.1777895641906602e-05  -9.2233771847912978e-04  2.2208122674205543e-05  1.0303804688126364e-04  2.6197301004923684e-06  1.0480055419929504e-03  2.0971169724653111e-07  6.2865032235904432e-05  -1.4529976894000338e-06  -9.2558152213654871e-04  -2.1964374573579095e-05  -7.4640322216638867e-04  1.3927779473057354e-05  2.9977178654383131e-05  1.4804076555247771e-06  6.2836641444705956e-04  -2.0628752079813880e-07  2.4179046337106746e-06  -1.1033782586262405e-06  -7.4824894019864688e-04  -1.4083877316017831e-05  -5.3144946433320061e-04  7.8539848254145498e-06  1.0749912992848773e-05  9.5997251259920905e-07  4.3718654684402031e-04  -2.9119911612364080e-07  -5.1398087828238634e-06  -4.2460762317181846e-07  -5.3243333587304641e-04  -8.0919186882295997e-06
8.0000000000003993e+01  -1.9509364679852169e-03  -6.2442342963330203e-05  3.2411708979919471e-03  2.3345340636752354e-05  7.7755924192339457e-03  1.7606111960368121e-07  3.3717411120980289e-03  -1.0318376358611646e-05  -1.9641821986480885e-03  6.3395451165456217e-05  -9.0829442871995486e-04  2.2137104933809880e-05  1.0384019236898241e-04  2.5357917972750207e-06  1.0399904642872937e-03  2.4600651828343161e-07  6.3906329989517829e-05  -1.3478579863826527e-06  -9.1133538583474489e-04  -2.1864499516390544e-05  -7.4094823587264223e-04  1.4101352927210195e-05  3.0538007744564387e-05  1.4623740998664490e-06  6.2433709343762578e-04  -1.9029868137671741e-07  2.6448038636964167e-06  -1.1175522038605898e-06  -7.4279335399496794e-04  -1.4244807779441606e-05  -5.3417294286362568e-04  8.0352336914719829e-06  1.1021382069625910e-05  9.7660855286343023e-07  4.3951439596223984e-04  -2.8951873353118646e-07  -5.2423989421222588e-06  -4.5414679027565594e-07  -5.3520480179575192e-04  -8.2722961012813925e-06
8.0400000000004198e+01  -2.0775482031807602e-03  -6.4085249065326598e-05  3.2250639618814723e-03  2.3955808966969676e-05  7.8411191486194853e-03  1.0360335548763067e-07  3.3601135108809743e-03  -1.0590667326243186e-05  -2.0900557989880211e-03  6.4997810776477573e-05  -8.9525881529930529e-04  2.2045156378237518e-05  1.0448570786808796e-04  2.4492788651164487e-06  1.0325613784578228e-03  2.8323600452130335e-07  6.4837238453293477e-05  -1.2363701389834796e-06  -8.9807895576388228e-04  -2.1742311956646194e-05  -7.3450852437882848e-04  1.4266711387171074e-05  3.1078232012504941e-05  1.4373507109753954e-06  6.1949509266313191e-04  -1.7424589859932146e-07  2.8674724539934604e-06  -1.1234344608855393e-06  -7.3634827338587986e-04  -1.4396164979855920e-05  -5.3662432191822090e-04  8.2168262743082201e-06  1.1289178939045006e-05  9.9223277640995812e-07  4.4162539350807157e-04  -2.8693520056884737e-07  -5.3498435841576800e-06  -4.8441542671679827e-07  -5.3770461310182545e-04  -8.4515932057866441e-06
8.0800000000004403e+01  -2.2101694668361241e-03  -6.5719721213378351e-05  3.2075782797720363e-03  2.4600191598317529e-05  7.9090232417653814e-03  2.4048442363024206e-08  3.3471542410414682e-03  -1.0893102742940341e-05  -2.2219675241932912e-03  6.6585696459068856e-05  -8.8356884955442794e-04  2.1933086636974313e-05  1.0497486068714767e-04  2.3579833260106455e-06  1.0259933184314130e-03  3.2079637958929645e-07  6.5663104834599590e-05  -1.1153662103105824e-06  -8.8614788174826110e-04  -2.1599087122746562e-05  -7.2705248534684437e-04  1.4424264375771176e-05  3.1590820422491473e-05  1.4086000827173410e-06  6.1380895993319541e-04  -1.5835420531095590e-07  3.0846017617828185e-06  -1.1241078422919994e-06  -7.2888123459879342e-04  -1.4539097218711845e-05  -5.3865490616683987e-04  8.3995127136087538e-06  1.1559529418452126e-05  1.0090254130835307e-06  4.4338420950550968e-04  -2.8322955686379166e-07  -5.4481995614813529e-06  -5.1806364081027012e-07  -5.3978093889192125e-04  -8.6300379520446276e-06
8.1200000000004593e+01  -2.3483796378700899e-03  -6.7347191525312934e-05  3.1889771711088154e-03  2.5280234105294146e-05  7.9794085347160010e-03  -6.2891855497690787e-08  3.3331294803028849e-03  -1.1226754143491725e-05  -2.3595003410154317e-03  6.8160278022541714e-05  -8.7357714490240469e-04  2.1801741675936880e-05  1.0531920310804214e-04  2.2591043855012777e-06  1.0205733549774802e-03  3.5813583377827455e-07  6.6397653909799675e-05  -9.8133424812135946e-07  -8.7589225559723898e-04  -2.1436563749048694e-05  -7.1852341891973472e-04  1.4573527914293785e-05  3.2076790243428796e-05  1.3808506137982304e-06  6.0722533057802554e-04  -1.4253437416199932e-07  3.2996064299676403e-06  -1.1243254669670586e-06  -7.2033412226633572e-04  -1.4674320808443120e-05  -5.4019190260748526e-04  8.5830627327656246e-06  1.1837600669303829e-05  1.0237889279875242e-06  4.4472745177504013e-04  -2.7813426336533168e-07  -5.5256224046412307e-06  -5.5239825320066328e-07  -5.4135705475757631e-04  -8.8074048487744189e-06
8.1600000000004798e+01  -2.4917085167182138e-03  -6.8968981542710331e-05  3.1695134007399882e-03  2.5997426184148460e-05  8.0523251960397304e-03  -1.5764501365505854e-07  3.3182948447708534e-03  -1.1591909303851431e-05  -2.5021861750388671e-03  6.9722478382725991e-05  -8.6563737844523028e-04  2.1652014573451538e-05  1.0553914739621034e-04  2.1512618667672746e-06  1.0165950539247133e-03  3.9488854792316499e-07  6.7057597106058993e-05  -8.3283276955199280e-07  -8.6766403506629967e-04  -2.1256519573450251e-05  -7.0889198388127323e-04  1.4713259397656073e-05  3.2544405125458847e-05  1.3551574019501627e-06  5.9971635563560769e-04  -1.2644812327737072e-07  3.5176850274110577e-06  -1.1253559130474462e-06  -7.1067530319657247e-04  -1.4801234217479942e-05  -5.4129687505414788e-04  8.7655136512394281e-06  1.2122917097115853e-05  1.0307845591822988e-06  4.4571087679607909e-04  -2.7142517403096091e-07  -5.5808370316564541e-06  -5.8204066624378415e-07  -5.4249298163188049e-04  -8.9823948924645733e-06
8.2000000000005002e+01  -2.6396380850143312e-03  -7.0585598602599092e-05  3.1494278661153762e-03  2.6753124038299468e-05  8.1277644873388004e-03  -2.6066820596799229e-07  3.3028926304255277e-03  -1.1988415981119587e-05  -2.6495078760315925e-03  7.1272356570643595e-05  -8.6010569314255280e-04  2.1484827219285055e-05  1.0565586669462448e-04  2.0351317882493207e-06  1.0143620246519868e-03  4.3093703545399114e-07  6.7655847561257982e-05  -6.7125554707770811e-07  -8.6181871177285689e-04  -2.1060258482002504e-05  -6.9817984122226995e-04  1.4841874435582334e-05  3.2999535622858634e-05  1.3269706109701726e-06  5.9129745042900612e-04  -1.0970204565538024e-07  3.7391635508313246e-06  -1.1229670995973180e-06  -6.9992354889974778e-04  -1.4917717557033113e-05  -5.4204752333477367e-04  8.9437510530655045e-06  1.2411086788463352e-05  1.0291184286753738e-06  4.4640423331156795e-04  -2.6318511709689108e-07  -5.6211894749098635e-06  -6.0610071861481057e-07  -5.4326927325520869e-04  -9.1529731646142682e-06
8.2400000000005207e+01  -2.7916063514054948e-03  -7.2196651897927578e-05  3.1289482118352385e-03  2.7548462881747724e-05  8.2056577859897454e-03  -3.7228931864444323e-07  3.2871500919318675e-03  -1.2415960495157126e-05  -2.8009032505391853e-03  7.2809170798531609e-05  -8.5734881484193282e-04  2.1301111309274970e-05  1.0568303170313152e-04  1.9123448797467067e-06  1.0141906196310590e-03  4.6638224219341548e-07  6.8197953665344893e-05  -4.9949636552194275e-07  -8.5872304330457047e-04  -2.0848416158377149e-05  -6.8642553919787358e-04  1.4958095628699923e-05  3.3437059655276214e-05  1.2890966291477780e-06  5.8199735270489036e-04  -9.2026852596532562e-08  3.9564974848963912e-06  -1.1102397699980644e-06  -6.8811519368584784e-04  -1.5021094141991975e-05  -5.4241070029907449e-04  9.1151747817731830e-06  1.2698047741427139e-05  1.0256058811768188e-06  4.4678174809109340e-04  -2.5400416315976977e-07  -5.6546508746112051e-06  -6.3093982045331466e-07  -5.4365900587464218e-04  -9.3175257568603119e-06
8.2800000000005497e+01  -2.9470188061720580e-03  -7.3801424075692579e-05  3.1082863146856790e-03  2.8383832882107055e-05  8.2858845460392783e-03  -4.9253540442812692e-07  3.2712781319391660e-03  -1.2873867569960679e-05  -2.9557761249975568e-03  7.4332118785515460e-05  -8.5774624886025027e-04  2.1101888146638302e-05  1.0562493777222870e-04  1.7838332465208889e-06  1.0164058704850280e-03  5.0143674374683590e-07  6.8684624449178897e-05  -3.1989379155444111e-07  -8.5875682959383982e-04  -2.0621310652163781e-05  -6.7364429231256428e-04  1.5061361558217056e-05  3.3842334166199735e-05  1.2368212596872557e-06  5.7182748366811534e-04  -7.3330245508268073e-08  4.1593521885464457e-06  -1.0824923487065551e-06  -6.7526498162155831e-04  -1.5109492877327085e-05  -5.4226774499863183e-04  9.2790123704638388e-06  1.2980592381111520e-05  1.0291618733131696e-06  4.4674601921314326e-04  -2.4486499713653552e-07  -5.6859956741964952e-06  -6.6466080495906944e-07  -5.4354961859445403e-04  -9.4757044323081105e-06
8.3200000000005701e+01  -3.1052646716328946e-03  -7.5399490338104769e-05  3.0876361258552203e-03  2.9258231242344185e-05  8.3682862711987084e-03  -6.2101575712656700e-07  3.2554709080990117e-03  -1.3360551832298018e-05  -3.1135117257075702e-03  7.5841067827116002e-05  -8.6168074054826331e-04  2.0888333622441841e-05  1.0548258133805975e-04  1.6491711194642179e-06  1.0213324449126165e-03  5.3627341608269919e-07  6.9118879980054954e-05  -1.3326370911079850e-07  -8.6230331575276359e-04  -2.0379517125613702e-05  -6.5984019743089626e-04  1.5151504516323380e-05  3.4200299981853043e-05  1.1709529018947910e-06  5.6079378091258500e-04  -5.3650085682981986e-08  4.3427197764047993e-06  -1.0401328695973616e-06  -6.6137773968016878e-04  -1.5182364350586060e-05  -5.4153604366687894e-04  9.4362832255153376e-06  1.3255156377736004e-05  1.0428957480275354e-06  4.4623246047000221e-04  -2.3669662494955597e-07  -5.7180060416096362e-06  -7.0947488898213461e-07  -5.4286117481758451e-04  -9.6282457716243231e-06
8.3600000000005906e+01  -3.2657282655583261e-03  -7.6990739308163442e-05  3.0671739657257488e-03  3.0169193347397556e-05  8.4526770556722138e-03  -7.5690569775023754e-07  3.2399069115684621e-03  -1.3873295670978960e-05  -3.2734876182998343e-03  7.7336572602477497e-05  -8.6952281095687442e-04  2.0661539981690700e-05  1.0526258798248443e-04  1.5074119801123632e-06  1.0292862394193376e-03  5.7087567868878028e-07  6.9512699030314869e-05  6.0409686798042225e-08  -8.6973389304126044e-04  -2.0124032342106301e-05  -6.4505475676493083e-04  1.5227945391121567e-05  3.4503378425652595e-05  1.0967063372350595e-06  5.4893304638219890e-04  -3.3100128447188172e-08  4.5101964059182583e-06  -9.8747940089729746e-07  -6.4649525991101998e-04  -1.5239838998915489e-05  -5.4022192089248230e-04  9.5888124647167914e-06  1.3519674915327243e-05  1.0619199780228195e-06  4.4524970616418831e-04  -2.2988126742061828e-07  -5.7520016327752259e-06  -7.5983326659920634e-07  -5.4159827219376743e-04  -9.7762327639766646e-06
8.4000000000006096e+01  -3.4277891732738403e-03  -7.8574870692527040e-05  3.0470612678398243e-03  3.1113604108682015e-05  8.5388440551430501e-03  -8.9903428650518343e-07  3.2247511491717519e-03  -1.4408805763207006e-05  -3.4350745039676755e-03  7.8819264540223134e-05  -8.8162074540682151e-04  2.0421976721696960e-05  1.0498194370956357e-04  1.3585789367409309e-06  1.0405704545441014e-03  6.0494240408519045e-07  6.9888238491970034e-05  2.6057163812169515e-07  -8.8139823091977531e-04  -1.9855819925746383e-05  -6.2938840568535666e-04  1.5289225969222872e-05  3.4753534776230891e-05  1.0198446540672309e-06  5.3632627931108289e-04  -1.1837141336837300e-08  4.6709392573671761e-06  -9.2907916158520355e-07  -6.3071707271213399e-04  -1.5281743212802995e-05  -5.3835989711036980e-04  9.7382832872292516e-06  1.3776096484832793e-05  1.0777692045585053e-06  4.4382204717447447e-04  -2.2407031259873073e-07  -5.7872252412690420e-06  -8.0706543908461961e-07  -5.3979056418220839e-04  -9.9206129402142022e-06
8.4400000000006301e+01  -3.5908177968802021e-03  -8.0151100491942552e-05  3.0274469705915425e-03  3.2088881702154933e-05  8.6265426123764422e-03  -1.0460190072869788e-06  3.2101567408405105e-03  -1.4964149710605201e-05  -3.5976329989306551e-03  8.0289429083151310e-05  -8.9830119333133120e-04  2.0169150467893671e-05  1.0466564647006578e-04  1.2044964615227689e-06  1.0554752870795413e-03  6.3787927883069005e-07  7.0272724886198505e-05  4.6533926717007177e-07  -8.9762503258752370e-04  -1.9575273262193555e-05  -6.1297352088274519e-04  1.5333341887944645e-05  3.4959887341839900e-05  9.4325438279211095e-07  5.2307777394709223e-04  9.9915706056861850e-09  4.8346412195985245e-06  -8.6668160185517596e-07  -6.1417446131649086e-04  -1.5307157759792017e-05  -5.3593917216766232e-04  9.8857461251267089e-06  1.4028459094103874e-05  1.0844045036789927e-06  4.4192847018697314e-04  -2.1841596315271362e-07  -5.8224564706680401e-06  -8.4538137395201852e-07  -5.3742135224241129e-04  -1.0062092691555911e-05
8.4800000000006506e+01  -3.7541814429325688e-03  -8.1718699478639878e-05  3.0084680284355007e-03  3.3093541345832822e-05  8.7155015623255148e-03  -1.1964360811780175e-06  3.1962656246264532e-03  -1.5537155267773306e-05  -3.7605204939300772e-03  8.1747433763409321e-05  -9.1987431476211611e-04  1.9901939834770492e-05  1.0434004327155989e-04  1.0482933154547506e-06  1.0742771808134174e-03  6.6887095528740448e-07  7.0690648206062816e-05  6.7194041298393034e-07  -9.1872740769692184e-04  -1.9282248986255099e-05  -5.9593973993108762e-04  1.5358540365811651e-05  3.5134283289470217e-05  8.6608785410595783e-07  5.0929174639460361e-04  3.2333734581362458e-08  5.0080600801307069e-06  -7.9880521032887222e-07  -5.9699725071781634e-04  -1.5314658063136148e-05  -5.3290397490804507e-04  1.0031399437016506e-05  1.4278337211358666e-05  1.0812919778588647e-06  4.3951265588003900e-04  -2.1200528361769742e-07  -5.8585209237775302e-06  -8.7471934735533906e-07  -5.3442974496758567e-04  -1.0200990035579143e-05
8.5200000000006696e+01  -3.9172720331822029e-03  -8.3277928122232425e-05  2.9902483702116305e-03  3.4126807578702273e-05  8.8054496774483196e-03  -1.3490173542891112e-06  3.1832082705069787e-03  -1.6125962246557383e-05  -3.9231188837960786e-03  8.3194555673973228e-05  -9.4663340071785018e-04  1.9619419354495251e-05  1.0402670584086249e-04  8.9302542210407098e-07  1.0972346759695738e-03  6.9700986838547862e-07  7.1158402244834269e-05  8.7779880397977941e-07  -9.4500255164001732e-04  -1.8976627259167204e-05  -5.7841152604996956e-04  1.5363926421902945e-05  3.5286080302721152e-05  7.8526802063467677e-07  4.9507233792610641e-04  5.5295523938073198e-08  5.1933172186414939e-06  -7.2244579184471996e-07  -5.7931160365466325e-04  -1.5302826082448069e-05  -5.2920231597330448e-04  1.0174533482841066e-05  1.4523402322204309e-05  1.0724484697008574e-06  4.3653226518267194e-04  -2.0419551137385359e-07  -5.8975670880341406e-06  -8.9947480029237924e-07  -5.3076054181868087e-04  -1.0336923938002523e-05
8.5600000000006901e+01  -4.0795505774154830e-03  -8.4830161688839793e-05  2.9728962709261297e-03  3.5187948705523483e-05  8.8961545184643234e-03  -1.5027880558990745e-06  3.1711010633342805e-03  -1.6728331982904295e-05  -4.0848786058001480e-03  8.4633029840759042e-05  -9.7884536677758822e-04  1.9321470216225630e-05  1.0373979941623844e-04  7.4055923811318827e-07  1.1245815319466117e-03  7.2145975963954230e-07  7.1684287625561470e-05  1.0812462883399996e-06  -9.7672184723092870e-04  -1.8658750485680969e-05  -5.6052984390287438e-04  1.5349559339247148e-05  3.5417768872920508e-05  6.9769312251470957e-07  4.8053830738223531e-04  7.9126136427795373e-08  5.3873935500122481e-06  -6.3515516920453938e-07  -5.6126054359286652e-04  -1.5270674879058292e-05  -5.2480776168819989e-04  1.0313807673673708e-05  1.4759913838307865e-05  1.0628484017975911e-06  4.3297544480494314e-04  -1.9470904923019456e-07  -5.9397870786556486e-06  -9.2470857149429463e-07  -5.2638654559233715e-04  -1.0468716250701599e-05
8.6000000000007105e+01  -4.2405864036839207e-03  -8.6376616970410987e-05  2.9565027624973558e-03  3.6276132490938613e-05  8.9874532396160209e-03  -1.6571610124564817e-06  3.1600431710915059e-03  -1.7341617564380563e-05  -4.2453576485807776e-03  8.6064685087500924e-05  -1.0167370646128964e-03  1.9008735598238641e-05  1.0348710245856483e-04  5.9154350456414387e-07  1.1565196833699509e-03  7.4161960263001186e-07  7.2273000116049454e-05  1.2813085832308387e-06  -1.0141164143188928e-03  -1.8329334266975699e-05  -5.4246517508192823e-04  1.5316194174714807e-05  3.5523818937129527e-05  6.0171297606247096e-07  4.6583036861651131e-04  1.0413363936775877e-07  5.5832396805283852e-06  -5.3617291499056750e-07  -5.4301563976898377e-04  -1.5217918891148723e-05  -5.1969128517851510e-04  1.0447866948466910e-05  1.4985330770411122e-05  1.0548512612463925e-06  4.2882913310189386e-04  -1.8353973245248081e-07  -5.9820103616774089e-06  -9.5257824484109721e-07  -5.2128048873503914e-04  -1.0594771554674450e-05
8.6400000000007296e+01  -4.4000668069997719e-03  -8.7916621560432480e-05  2.9411439628877298e-03  3.7390712558393955e-05  9.0792578125106528e-03  -1.8119579541862248e-06  3.1501169640442790e-03  -1.7963295305027512e-05  -4.4042310038109175e-03  8.7489141478546030e-05  -1.0604844524010407e-03  1.8682143010787564e-05  1.0327339669921501e-04  4.4625807164917973e-07  1.1932133017386938e-03  7.5722613952880382e-07  7.2931162085512177e-05  1.4769314377855068e-06  -1.0573655469892172e-03  -1.7989120968055187e-05  -5.2440911443099277e-04  1.5264961234707223e-05  3.5593818461605926e-05  4.9753491156862953e-07  4.5110523160937733e-04  1.3058662566560378e-07  5.7727967623937313e-06  -4.2648560349421205e-07  -5.2476813870360199e-04  -1.5145121167718496e-05  -5.1379011263894448e-04  1.0575851992616815e-05  1.5198713654981882e-05  1.0471046599651733e-06  4.2404788537366933e-04  -1.7080251765924521e-07  -6.0197626729208142e-06  -9.8134254427247842e-07  -5.1538329627212913e-04  -1.0713625641499403e-05
8.6800000000007500e+01  -4.5577699363943628e-03  -8.9446504680545344e-05  2.9268844699122170e-03  3.8531759981177755e-05  9.1715282462822949e-03  -1.9672683675136941e-06  3.1413903846979271e-03  -1.8591781218686352e-05  -4.5612637206420958e-03  8.8902762247814154e-05  -1.1102075878424691e-03  1.8342488535431928e-05  1.0310461638231256e-04  3.0541570736322402e-07  1.2347834710095401e-03  7.6833735722893798e-07  7.3670415562614638e-05  1.6664716092737465e-06  -1.1065914457235441e-03  -1.7638742950919183e-05  -5.0655917088563882e-04  1.5197067952150272e-05  3.5618293496886689e-05  3.8689773844422850e-07  4.3652713670149629e-04  1.5863477240396826e-07  5.9508857359808935e-06  -3.0828509287288720e-07  -5.0671422038513409e-04  -1.5053601649961971e-05  -5.0702320557009101e-04  1.0697319923503219e-05  1.5399326129054161e-05  1.0361996626975068e-06  4.1856635268698334e-04  -1.5663714543802932e-07  -6.0505618262764719e-06  -1.0070750742332067e-06  -5.0861798090588793e-04  -1.0824145241981772e-05
8.7200000000007705e+01  -4.7135163031807089e-03  -9.0959539327121802e-05  2.9137792886882990e-03  3.9700618633273043e-05  9.2642292767110904e-03  -2.1230848991405672e-06  3.1339190105564088e-03  -1.9227231213937032e-05  -4.7162633706501096e-03  9.0298876682658565e-05  -1.1659695884156638e-03  1.7990283564144715e-05  1.0299098063669410e-04  1.7034989464399388e-07  1.2813030176257768e-03  7.7519564194170134e-07  7.4506560128937544e-05  1.8477862105156814e-06  -1.1618587824972545e-03  -1.7278821974994098e-05  -4.8911479859519759e-04  1.5113405763995162e-05  3.5593984972952982e-05  2.7227115407134404e-07  4.2226696635486215e-04  1.8824613975159365e-07  6.1181372412023009e-06  -1.8406198092988807e-07  -4.8905180748665101e-04  -1.4944911417031833e-05  -4.9934067481389522e-04  1.0811706745175030e-05  1.5584530648187662e-05  1.0190594846876481e-06  4.1233939366766608e-04  -1.4120299108096861e-07  -6.0759638145638327e-06  -1.0260748174349777e-06  -5.0093685507244666e-04  -1.0925368457962476e-05
8.7600000000007896e+01  -4.8671299108147626e-03  -9.2446840155508575e-05  2.9018731240489709e-03  4.0900046854981854e-05  9.3572983546374652e-03  -2.2789244340575430e-06  3.1277465285371661e-03  -1.9871934297472355e-05  -4.8690421784501814e-03  9.1669012919622518e-05  -1.2277756842591640e-03  1.7625695170743796e-05  1.0294738370320987e-04  4.2894252957913108e-08  1.3327918332234449e-03  7.7803206958721891e-07  7.5455719145644498e-05  2.0184532591123629e-06  -1.2231752882527461e-03  -1.6909923745351221e-05  -4.7228795441438113e-04  1.5014097694848100e-05  3.5525877961047026e-05  1.5566084461000602e-07  4.0850898270719332e-04  2.1916878965820617e-07  6.2815608683052123e-06  -5.5352492143772053e-08  -4.7199166943454496e-04  -1.4819987153396698e-05  -4.9074632305578397e-04  1.0918040941314930e-05  1.5748818433397868e-05  9.9419892226512222e-07  4.0535838606727762e-04  -1.2472077814718136e-07  -6.1009969376761846e-06  -1.0362285484807134e-06  -4.9234268238289162e-04  -1.1016513831338198e-05
8.8000000000008100e+01  -5.0184308646096902e-03  -9.3898386078539094e-05  2.8911963450639934e-03  4.2134176993830847e-05  9.4506404018080623e-03  -2.4336002798525604e-06  3.1229024188113462e-03  -2.0530175849628392e-05  -5.0194096840896606e-03  9.3004152568756612e-05  -1.2955697516531691e-03  1.7248380279431003e-05  1.0299030708260610e-04  -7.4544575821467697e-08  1.3892131460675880e-03  7.7689445987471445e-07  7.6530148005530819e-05  2.1756420897260094e-06  -1.2904898779129905e-03  -1.6532134856490541e-05  -4.5631849432550386e-04  1.4898398018103345e-05  3.5425171558035594e-05  3.7428937801349119e-08  3.9545895457302675e-04  2.5095430188636830e-07  6.4523450857875399e-06  7.8410124874809750e-08  -4.5577301048204598e-04  -1.4678616401137174e-05  -4.8126311649143158e-04  1.1015332695411419e-05  1.5886098514999560e-05  9.6194084684642393e-07  3.9762487740338949e-04  -1.0749040811243025e-07  -6.1307123940128574e-06  -1.0374374477110937e-06  -4.8285471620360262e-04  -1.1097421475894706e-05
8.8400000000008305e+01  -5.1672599538944595e-03  -9.5303970779196049e-05  2.8817628151963938e-03  4.3408100936014052e-05  9.5441532491428397e-03  -2.5854782839535899e-06  3.1194015426403779e-03  -2.1207552027032174e-05  -5.1671961493947940e-03  9.4295521385496020e-05  -1.3692291927893342e-03  1.6857276793475077e-05  1.0313257952102955e-04  -1.7889143502877546e-07  1.4504713017307303e-03  7.7156500422626902e-07  7.7736292673684620e-05  2.3159698373567475e-06  -1.3636874894654978e-03  -1.6144548413965417e-05  -4.4148249442855543e-04  1.4765344088994870e-05  3.5304416056194487e-05  -8.4029896430884640e-08  3.8334770836708821e-04  2.8306300149588271e-07  6.6416385415566320e-06  2.1998412013283105e-07  -4.4067181744015030e-04  -1.4519874605756114e-05  -4.7088330809076889e-04  1.1103163786288841e-05  1.5994559138521602e-05  9.2447427270315207e-07  3.8911899410050584e-04  -8.9864392083475622e-08  -6.1657200940522877e-06  -1.0318308026866135e-06  -4.7246079962732726e-04  -1.1168892620309202e-05
8.8800000000008495e+01  -5.3135129057561830e-03  -9.6653463570986906e-05  2.8735747654627386e-03  4.4728028192441419e-05  9.6377692635901818e-03  -2.7330338697857627e-06  3.1172490746316293e-03  -2.1910798329057346e-05  -5.3122870258153487e-03  9.5534429936569863e-05  -1.4485619909131715e-03  1.6450674604631210e-05  1.0337920435868014e-04  -2.6689016272960775e-07  1.5164121501711103e-03  7.6159915388204848e-07  7.9076068585898543e-05  2.4360974868379640e-06  -1.4425835955975987e-03  -1.5745275105620761e-05  -4.2808793280586809e-04  1.4614873198669649e-05  3.5172469548723587e-05  -2.1125610853829305e-07  3.7242787497426680e-04  3.1500755610296463e-07  6.8563839262005270e-06  3.7284647316765622e-07  -4.2699647640155239e-04  -1.4343386198426178e-05  -4.5956181995809251e-04  1.1181656375304862e-05  1.6080161210024624e-05  8.8553778405955476e-07  3.7980429173017747e-04  -7.2202879097550229e-08  -6.2000173896661044e-06  -1.0233596082925241e-06  -4.6111251043844570e-04  -1.1232205894504452e-05
8.9200000000008700e+01  -5.4571583011479921e-03  -9.7935718437641454e-05  2.8666286557781440e-03  4.6103268362511930e-05  9.7314806014220066e-03  -2.8752877547539056e-06  3.1164436805017348e-03  -2.2649566845158925e-05  -5.4546450536470158e-03  9.6710805269496661e-05  -1.5333090522099198e-03  1.6026830416127506e-05  1.0372736289077859e-04  -3.3619021914323586e-07  1.5868266767731704e-03  7.4646780252729925e-07  8.0550051216295615e-05  2.5340346391804754e-06  -1.5269230624123582e-03  -1.5332327052944895e-05  -4.1646140941705800e-04  1.4448431597640884e-05  3.5032249763919181e-05  -3.4594999945692932e-07  3.6296620866967816e-04  3.4646170940915349e-07  7.0979597198286495e-06  5.3899068087878844e-07  -4.1507412200425753e-04  -1.4150333860216166e-05  -4.4725276953012287e-04  1.1250718365680034e-05  1.6155929664496952e-05  8.4876778643645814e-07  3.6965959600719362e-04  -5.4809139525593856e-08  -6.2224915884850463e-06  -1.0158377188028997e-06  -4.4876241038527395e-04  -1.1287919023104659e-05
8.9600000000008905e+01  -5.5982335489773594e-03  -9.9136581317736319e-05  2.8609142413722711e-03  4.7549487289379530e-05  9.8253322120599573e-03  -3.0117503452943502e-06  3.1169733929830041e-03  -2.3439417403268691e-05  -5.5943119424371190e-03  9.7811213562148735e-05  -1.6231508337530174e-03  1.5584888030606754e-05  1.0417101708101544e-04  -3.8618004748865240e-07  1.6614566257864465e-03  7.2573213291555630e-07  8.2160076702643870e-05  2.6100576797297004e-06  -1.6163854303372362e-03  -1.4904908855949896e-05  -4.0693529778689695e-04  1.4268375477987350e-05  3.4882938673880563e-05  -4.8784918411853985e-07  3.5523664596193725e-04  3.7730206872973541e-07  7.3650211745916429e-06  7.1767128771087881e-07  -4.0523702710571451e-04  -1.3943218801210894e-05  -4.3393902014329723e-04  1.1309345918919075e-05  1.6237960049397000e-05  8.1496838471401798e-07  3.5869430674099405e-04  -3.7809865202322951e-08  -6.2205262008381054e-06  -1.0099776671836074e-06  -4.3539372290640749e-04  -1.1334930364003172e-05
9.0000000000009095e+01  -5.7368340615241084e-03  -1.0023810040594587e-04  2.8564043634070136e-03  4.9089719931418249e-05  9.9193923838672010e-03  -3.1425713615491967e-06  3.1188055499322921e-03  -2.4303437580492268e-05  -5.7313984572404091e-03  9.8817889029945621e-05  -1.7177143264934143e-03  1.5125306985000197e-05  1.0470688696004662e-04  -4.1781494335556637e-07  1.7399998112805407e-03  6.9916879650284842e-07  8.3909514989185098e-05  2.6662837825852032e-06  -1.7105940717126809e-03  -1.4463967563387916e-05  -3.9984260697419283e-04  1.4076599350422735e-05  3.4725397396717696e-05  -6.3518881268885234e-07  3.4951764590428815e-04  4.0760206299260582e-07  7.6586367919167776e-06  9.0609383001101244e-07  -3.9781677959001841e-04  -1.3724534873562797e-05  -4.1962704315907316e-04  1.1355713217168061e-05  1.6340097153336390e-05  7.8038982856070450e-07  3.4693029715299016e-04  -2.1009411688189152e-08  -6.1841944407044233e-06  -1.0017876420912214e-06  -4.2101512536161801e-04  -1.1370609903171034e-05
9.0400000000009300e+01  -5.8731168684479978e-03  -1.0122061133858309e-04  2.8530651469714256e-03  5.0750572931193645e-05  1.0013767208882585e-02  -3.2684144897073778e-06  3.1219024586252664e-03  -2.5268736259151657e-05  -5.8660796436208317e-03  9.9710900134053753e-05  -1.8165782355291423e-03  1.4649157543314237e-05  1.0533678155206204e-04  -4.3270866182994541e-07  1.8221142045485618e-03  6.6681626441853501e-07  8.5801098523158152e-05  2.7052459337154972e-06  -1.8091249328302218e-03  -1.4011196314887986e-05  -3.9551916972770118e-04  1.3873596665659350e-05  3.4566720122005396e-05  -7.8633508985650850e-07  3.4609259331767639e-04  4.3759201843567892e-07  7.9852972818225031e-06  1.1014252341391247e-06  -3.9314657734076984e-04  -1.3495527292273225e-05  -4.0433078031229606e-04  1.1387932435267278e-05  1.6467836880552589e-05  7.3811742080923480e-07  3.3437854447265845e-04  -3.8609138713798036e-09  -6.1110767625563905e-06  -9.8435114677197278e-07  -4.0564391792304369e-04  -1.1391841638405865e-05
9.0800000000009504e+01  -6.0073320221470175e-03  -1.0206651689614570e-04  2.8509073859587556e-03  5.2555143195405824e-05  1.0108704570823884e-02  -3.3908974292165718e-06  3.1262800115652231e-03  -2.6360426793984741e-05  -5.9986129839021650e-03  1.0047157402592818e-04  -1.9192781686533213e-03  1.4156706689017551e-05  1.0606340133228174e-04  -4.3242023290692008e-07  1.9074218556629865e-03  6.2898437505185779e-07  8.7833258841867046e-05  2.7287364248333735e-06  -1.9115131193014339e-03  -1.3547097805238315e-05  -3.9430699945554960e-04  1.3658690423812957e-05  3.4419723655860587e-05  -9.4118791233423282e-07  3.4524924351468720e-04  4.6756445422173655e-07  8.3545339921117811e-06  1.3024499561001536e-06  -3.9156568103889755e-04  -1.3255995604761939e-05  -3.8807497673132806e-04  1.1404767905737747e-05  1.6612691543920763e-05  6.8233760772904958e-07  3.2104166652867383e-04  1.4318857260650608e-08  -6.0105458009164223e-06  -9.5229725014140140e-07  -3.8930770087642664e-04  -1.1396146875845911e-05
9.1200000000009794e+01  -6.1398981214341123e-03  -1.0276130220331374e-04  2.8500166137358047e-03  5.4519791531081995e-05  1.0204700943254728e-02  -3.5125848868901576e-06  3.1320392632838961e-03  -2.7598273301546314e-05  -6.1294077151274971e-03  1.0108360003503435e-04  -2.0253141376217268e-03  1.3646646149657859e-05  1.0688226021028912e-04  -4.1846164549606949e-07  1.9955135843405325e-03  5.8627731626729235e-07  8.9996839101833003e-05  2.7377675209729632e-06  -2.0172583992239031e-03  -1.3069846956951012e-05  -3.9655333741859714e-04  1.3431043333050200e-05  3.4296730766948132e-05  -1.1011310333477862e-06  3.4727611698587676e-04  4.9771235455961756e-07  8.7723376483606768e-06  1.5095866557433230e-06  -3.9341997575714435e-04  -1.3005043387209485e-05  -3.7091280648364889e-04  1.1405810077411233e-05  1.6750883906912745e-05  6.1252649075807884e-07  3.0693839482041836e-04  3.3965543002104272e-08  -5.9036318989514153e-06  -9.0561126018674116e-07  -3.7206015089586873e-04  -1.1382253227955642e-05
9.1600000000009999e+01  -6.2714672488999087e-03  -1.0328545041000570e-04  2.8505573352330337e-03  5.6663112766736022e-05  1.0302560455988654e-02  -3.6356525914629122e-06  3.1393608031689158e-03  -2.9002901906874330e-05  -6.2590997712026926e-03  1.0152614741968155e-04  -2.1341588684328930e-03  1.3116795328478343e-05  1.0777688456645038e-04  -3.9279497957751360e-07  2.0859532947180527e-03  5.3960639935269829e-07  9.2275088557662566e-05  2.7334726239551055e-06  -2.1258302237558021e-03  -1.2576069016863049e-05  -4.0260450768930957e-04  1.3190499879167504e-05  3.4201796790511940e-05  -1.2675030784915138e-06  3.5245742156237667e-04  5.2794589694546802e-07  9.2354849391415117e-06  1.7233784138309845e-06  -3.9905692544932379e-04  -1.2741986064599665e-05  -3.5293206847550768e-04  1.1391233680663151e-05  1.6849623972208413e-05  5.3409961205538173e-07  2.9212245403869571e-04  5.4986229329647942e-08  -5.8157791837582790e-06  -8.4949985106583603e-07  -3.5398654841444605e-04  -1.1350103928456056e-05
9.2000000000010203e+01  -6.4028902868032526e-03  -1.0360825827120657e-04  2.8528077894426499e-03  5.9014217970000679e-05  1.0403427753756725e-02  -3.7620311705994900e-06  3.1485274249281100e-03  -3.0603860440731609e-05  -6.3885330496458777e-03  1.0176753977540104e-04  -2.2452634367344684e-03  1.2565486137212223e-05  1.0872266613928133e-04  -3.5834002349632282e-07  2.1782799577761483e-03  4.9011490406039264e-07  9.4648913675221113e-05  2.7182237624130095e-06  -2.2366717293173270e-03  -1.2062687258897228e-05  -4.1279726222206569e-04  1.2937725205954479e-05  3.4127361021130316e-05  -1.4398519758932169e-06  3.6106911809803308e-04  5.5777636801338250e-07  9.7316736995747160e-06  1.9428419835841120e-06  -4.0881705822823990e-04  -1.2466838199673666e-05  -3.3424181702044727e-04  1.1361555052073681e-05  1.6878852322012383e-05  4.5458996513871491e-07  2.7668015881288701e-04  7.6815881531450887e-08  -5.7656304121672502e-06  -7.9010644275456038e-07  -3.3519151016799659e-04  -1.1300640881331811e-05
9.2400000000010394e+01  -6.5350921728498344e-03  -1.0368283783627162e-04  2.8571682516244958e-03  6.1618681012390338e-05  1.0508705145322154e-02  -3.8947408993395336e-06  3.1599233945068862e-03  -3.2448100696836542e-05  -6.5186471308285796e-03  1.0175901814191973e-04  -2.3580614401735411e-03  1.1992058891179998e-05  1.0969753907784645e-04  -3.1911296874430444e-07  2.2720095956446119e-03  4.3900853269161212e-07  9.7105566503154607e-05  2.6962242347301180e-06  -2.3492050803228027e-03  -1.1527915516634230e-05  -4.2745110957617964e-04  1.2673826447478463e-05  3.4058314662571232e-05  -1.6155513469171094e-06  3.7337680438024223e-04  5.8634083545881806e-07  1.0246130435114285e-05  2.1652157404384556e-06  -4.2302538203659338e-04  -1.2180381032042629e-05  -3.1495543654454618e-04  1.1317547251455911e-05  1.6821580470209518e-05  3.7808334545681606e-07  2.6071553411061268e-04  9.8781174786591719e-08  -5.7571817215520069e-06  -7.2942563244380765e-07  -3.1578416281616360e-04  -1.1235517256805811e-05
9.2800000000010598e+01  -6.6689183627884480e-03  -1.0344502788783764e-04  2.8641379459689899e-03  6.4540032783812098e-05  1.0619892656715247e-02  -4.0343549337628774e-06  3.1740129700775169e-03  -3.4597008965290269e-05  -6.6503218911592252e-03  1.0143657502166193e-04  -2.4719804309458362e-03  1.1395979204409296e-05  1.1069173224384949e-04  -2.7970586540893739e-07  2.3666465445479354e-03  3.8740533796664329e-07  9.9645203065411205e-05  2.6730747072674885e-06  -2.4628458452673752e-03  -1.0970544066473065e-05  -4.4686393070348339e-04  1.2399948753554036e-05  3.3981114479195938e-05  -1.7912731279579491e-06  3.8963384276065663e-04  6.1258008101042827e-07  1.0770588878066651e-05  2.3874552027740953e-06  -4.4198540867856028e-04  -1.1884078467352829e-05  -2.9518659529066953e-04  1.1260084251079216e-05  1.6677242596321849e-05  3.0228641296589978e-07  2.4433986531747012e-04  1.2050508584561239e-07  -5.7800606908298393e-06  -6.6360078009821851e-07  -2.9587578814442182e-04  -1.1156592512139273e-05
9.3200000000010803e+01  -6.8050020933776642e-03  -1.0282379429262878e-04  2.8743515707432624e-03  6.7844274874922855e-05  1.0738538787272548e-02  -4.1855450919953054e-06  3.1913884263279598e-03  -3.7123567339067046e-05  -6.7842304442022414e-03  1.0072598109082091e-04  -2.5864702358313835e-03  1.0775598478050391e-05  1.1170886641178755e-04  -2.4430700732201656e-07  2.4617124263047962e-03  3.3629716236749630e-07  1.0227961107984383e-04  2.6545884413411216e-06  -2.5770337180394481e-03  -1.0388493014766140e-05  -4.7131045497567206e-04  1.2117131828131718e-05  3.3892224718158083e-05  -1.9651397758000514e-06  4.1007736029400173e-04  6.3550753261715466e-07  1.1308951765678010e-05  2.6081836439365689e-06  -4.6597614105925878e-04  -1.1579959266181192e-05  -2.7505782414452681e-04  1.1189698720236520e-05  1.6458505101664410e-05  2.2064082080856765e-07  2.2767193173521322e-04  1.4209521706287525e-07  -5.8158420675770756e-06  -5.8605377001528153e-07  -2.7558881806295782e-04  -1.1065133460040289e-05
9.3600000000010994e+01  -6.9437632863884532e-03  -1.0174611239030507e-04  2.8885599625677058e-03  7.1597600855610369e-05  1.0866206304986265e-02  -4.3505267189305672e-06  3.2127630560465775e-03  -4.0100655211702465e-05  -6.9208261717885484e-03  9.9553036270063207e-05  -2.7010469052192098e-03  1.0127705800093207e-05  1.1275651306607990e-04  -2.1641154226590768e-07  2.5567880065759233e-03  2.8657112434264876e-07  1.0502224499056161e-04  2.6462367677125062e-06  -2.6912758494189873e-03  -9.7780619315875441e-06  -5.0104016188401608e-04  1.1826321216576878e-05  3.3801088116737509e-05  -2.1376742985986761e-06  4.3492067038046364e-04  6.5445285428058233e-07  1.1876471862707374e-05  2.8282281041645664e-06  -4.9524933881615603e-04  -1.1270327250530213e-05  -2.5471021288252802e-04  1.1106057318289778e-05  1.6186489988692386e-05  1.2782894864970540e-07  2.1084235141560022e-04  1.6406441232859385e-07  -5.8442583467529805e-06  -4.9290798165652509e-07  -2.5506590428659592e-04  -1.0961073131595440e-05
9.4000000000011198e+01  -7.0854127171100052e-03  -1.0013513847301016e-04  2.9077429540140766e-03  7.5869962837138633e-05  1.1004660759845769e-02  -4.5366062899820307e-06  3.2390882455017415e-03  -4.3616086604496263e-05  -7.0603506025496950e-03  9.7835721677871530e-05  -2.8153348956009940e-03  9.4480635684097947e-06  1.1383247826717989e-04  -2.0032128034691094e-07  2.6515486036065784e-03  2.3901128814167678e-07  1.0787571804962638e-04  2.6544452811499144e-06  -2.8051848739113873e-03  -9.1343450965411660e-06  -5.3627093152721391e-04  1.1528213826459570e-05  3.3726580018661852e-05  -2.3106560519954006e-06  4.6434317441717838e-04  6.6916895280281890e-07  1.2493602123339067e-05  3.0490345136630554e-06  -5.3002352419173116e-04  -1.0957114499817459e-05  -2.3430535509160678e-04  1.1007818961045997e-05  1.5888126537875980e-05  2.4213375699668743e-08  1.9399303745381506e-04  1.8710137734277355e-07  -5.8454587126759987e-06  -3.8629523930544580e-07  -2.3447109252575804e-04  -1.0842888119336461e-05
9.4400000000011403e+01  -7.2298730887613693e-03  -9.7901688393757481e-05  2.9333353611134538e-03  8.0756955030357854e-05  1.1156175684141623e-02  -4.7416173842760277e-06  3.2717657153375386e-03  -4.7767553793700857e-05  -7.2027798049736202e-03  9.5487659859600123e-05  -2.9290837263599039e-03  8.7326430262454406e-06  1.1491694599185701e-04  -2.0346667762261366e-07  2.7457728944991554e-03  1.9431896821482743e-07  1.1082527125925561e-04  2.6886672236544367e-06  -2.9184913959895559e-03  -8.4525281748279195e-06  -5.7717852252622706e-04  1.1222809692953946e-05  3.3689405741928983e-05  -2.4847207253817118e-06  4.9848153300949163e-04  6.7976316969353750e-07  1.3178360362121818e-05  3.2701042321487376e-06  -5.7047439157966535e-04  -1.0640996745528069e-05  -2.1401987467735829e-04  1.0893027666488070e-05  1.5594367407177788e-05  -8.4410821629141146e-08  1.7727009631416190e-04  2.1181435882868549e-07  -5.7999761898320196e-06  -2.7288032517611309e-07  -2.1398400176232056e-04  -1.0708227664665538e-05
9.4800000000011593e+01  -7.3767150496321741e-03  -9.4950090090475164e-05  2.9672354267921940e-03  8.6366657267070244e-05  1.1323497008776860e-02  -4.9834412511235197e-06  3.3126448363174025e-03  -5.2693532426565190e-05  -7.3477771898956094e-03  9.2399702193103178e-05  -3.0421478082706590e-03  7.9793413559888036e-06  1.1597624171153127e-04  -2.3670891931494342e-07  2.8393210852605964e-03  1.5321453956316445e-07  1.1384176168489625e-04  2.7612534239129409e-06  -3.0310251788240408e-03  -7.7296854734664882e-06  -6.2388600544654202e-04  1.0909022926928766e-05  3.3704265933192338e-05  -2.6574380483391119e-06  5.3742585557351862e-04  6.8650040479885064e-07  1.3940638761690397e-05  3.4873929728555035e-06  -6.1672542651124141e-04  -1.0320851186907480e-05  -1.9403936605596293e-04  1.0759651853013192e-05  1.5335204722916691e-05  -1.9153763540372825e-07  1.6081698817655961e-04  2.3850529048167783e-07  -5.6908022561793841e-06  -1.5878003553588380e-07  -1.9379353126519627e-04  -1.0554753917626874e-05
9.5200000000011798e+01  -7.5250907297647060e-03  -9.1139435245235289e-05  3.0117331586254738e-03  9.2870308989330104e-05  1.1509666316172409e-02  -5.2631414715806867e-06  3.3639358719449253e-03  -5.8560424392597869e-05  -7.4946338303534428e-03  8.8431302664731583e-05  -3.1544427424018565e-03  7.1893378336141728e-06  1.1697445570065814e-04  -3.1143353298794215e-07  2.9320991583570845e-03  1.1657064932164257e-07  1.1689055441982052e-04  2.8840910349979568e-06  -3.1426791988380552e-03  -6.9661539928513887e-06  -6.7645699346350924e-04  1.0584921186095439e-05  3.3774984861658188e-05  -2.8231718574752848e-06  5.8122069555735587e-04  6.8956812695418402e-07  1.4779833208210111e-05  3.6938438729603677e-06  -6.6884245996270985e-04  -9.9941995086916628e-06  -1.7455847228642213e-04  1.0605827246225168e-05  1.5130367648298057e-05  -2.9524995555027881e-07  1.4477641203244755e-04  2.6702791214022056e-07  -5.5092327167694314e-06  -4.4889799907594015e-08  -1.7409717229603514e-04  -1.0380542447828713e-05
9.5600000000012002e+01  -7.6734313532714413e-03  -8.6306614560111564e-05  3.0700500709210750e-03  1.0045772631100394e-04  1.1718652179014273e-02  -5.5891676523371799e-06  3.4287649182032035e-03  -6.5557388457920964e-05  -7.6419286337659651e-03  8.3413872241092148e-05  -3.2659099944486532e-03  6.3664746437376899e-06  1.1788267723122892e-04  -4.3626230468408372e-07  3.0240345936988385e-03  8.5497364528543409e-08  1.1993994236189512e-04  3.0652707721976750e-06  -3.2533810825921810e-03  -6.1648767912235221e-06  -7.3489252899291231e-04  1.0248677623014784e-05  3.3894213344814415e-05  -2.9749986569637140e-06  6.2986629124069690e-04  6.8888992252649562e-07  1.5685792547014436e-05  3.8818778662475378e-06  -7.2683143185439062e-04  -9.6585911102948753e-06  -1.5578823893715150e-04  1.0429883957131325e-05  1.4980408038006162e-05  -3.9970656768180907e-07  1.2930271582580182e-04  2.9681504544460199e-07  -5.2609881702700783e-06  7.3709314371831201e-08  -1.5510707433666703e-04  -1.0184020056259057e-05
9.6000000000012193e+01  -7.8192864176691388e-03  -8.0287242916175468e-05  3.1467881594119769e-03  1.0929984848111782e-04  1.1955935006649147e-02  -5.9838059650130855e-06  3.5116133343458074e-03  -7.3874097280839503e-05  -7.7873533311331438e-03  7.7165923362610287e-05  -3.3765176306215414e-03  5.5142383938001432e-06  1.1867932018699270e-04  -6.1709049252983966e-07  3.1150800853820991e-03  6.1373238966970344e-08  1.2296589194600674e-04  3.3096847571198123e-06  -3.3630912685854997e-03  -5.3282999402212277e-06  -7.9912881838817642e-04  9.8995507064745830e-06  3.4047507927491782e-05  -3.1079818955009579e-06  6.8331556053262670e-04  6.8406039514632235e-07  1.6642777798609517e-05  4.0467297945900127e-06  -7.9063549324092774e-04  -9.3129858311958480e-06  -1.3796553877921540e-04  1.0230640885429208e-05  1.4864977382674071e-05  -5.1152202507077262e-07  1.1457767207741942e-04  3.2710510406110601e-07  -4.9671273275689961e-06  2.0375590221250331e-07  -1.3705852419722747e-04  -9.9640277634606739e-06
9.6400000000012398e+01  -7.9593030175881853e-03  -7.2883512425505118e-05  3.2481185205162737e-03  1.1957094047794834e-04  1.2228792678155791e-02  -6.4908376088866561e-06  3.6185050158067432e-03  -8.3742508042234352e-05  -7.9276860839527109e-03  6.9455317935339099e-05  -3.4862979627682568e-03  4.6328716791959640e-06  1.1934451039721881e-04  -8.5969578166284717e-07  3.2052406583174299e-03  4.5806518889055185e-08  1.2595312104527715e-04  3.6224630161736271e-06  -3.4718308154366049e-03  -4.4554015963777420e-06  -8.6903432730437065e-04  9.5380975463452189e-06  3.4219888442531233e-05  -3.2222372193968272e-06  7.4146692580082021e-04  6.7444601941531192e-07  1.7635460307356525e-05  4.1890803459774231e-06  -8.6012984117675862e-04  -8.9581213683027027e-06  -1.2135760073639394e-04  1.0008179019073206e-05  1.4750507553158618e-05  -6.3386028318623629e-07  1.0081927860509516e-04  3.5725241246810758e-07  -4.6577533671127871e-06  3.4821376673138920e-07  -1.2021472957362548e-04  -9.7204440304315336e-06
9.6800000000012602e+01  -8.0889492472022914e-03  -6.3793226149270430e-05  3.3821430974505500e-03  1.3152463114357371e-04  1.2546659133945558e-02  -7.1782840189269122e-06  3.7573280673374844e-03  -9.5523737905027636e-05  -8.0585735210015920e-03  5.9926787797819880e-05  -3.5953931146534639e-03  3.7200689684543517e-06  1.1985679608696685e-04  -1.1700193889101643e-06  3.2946019042893659e-03  4.0450728644919413e-08  1.2889331598185959e-04  4.0097842233875432e-06  -3.5797219190082841e-03  -3.5424268904110944e-06  -9.4440747231151984e-04  9.1655590112605868e-06  3.4401840144268375e-05  -3.3238092839510598e-06  8.0415722063697105e-04  6.5941679048952619e-07  1.8654532412900715e-05  4.3154274720577074e-06  -9.3511726490712918e-04  -8.5957633389944613e-06  -1.0625859390759418e-04  9.7646776675773523e-06  1.4602641728719270e-05  -7.6282363234084001e-07  8.8278356847926924e-05  3.8692217145530304e-07  -4.3619587700521214e-06  5.0320643659399536e-07  -1.0486487975200709e-04  -9.4550753436437064e-06
9.7200000000012807e+01  -8.2020736291939858e-03  -5.2526360630983496e-05  3.5591886719743473e-03  1.4559161419586293e-04  1.2921255020635819e-02  -8.1438726588379390e-06  3.9381046026501498e-03  -1.0981653135034582e-04  -8.1741497377123881e-03  4.8014693544190236e-05  -3.7040730962706039e-03  2.7750020375100712e-06  1.2019712304280940e-04  -1.5499345466620650e-06  3.3833394546723071e-03  4.6658109743743624e-08  1.3178240944212755e-04  4.4745285035973224e-06  -3.6870136746912701e-03  -2.5871678965767955e-06  -1.0249766997742326e-03  8.7830178603301264e-06  3.4591839520524274e-05  -3.4222163769334804e-06  8.7115882794102555e-04  6.3857189323429833e-07  1.9698976890290625e-05  4.4354633195834953e-06  -1.0153281488402685e-03  -8.2275910349759159e-06  -9.2980635905797035e-05  9.5046288652347946e-06  1.4396494849868468e-05  -8.8892080538647229e-07  7.7226075336900654e-05  4.1606162887652490e-07  -4.0993983336554729e-06  6.5971617911032428e-07  -9.1317060482164680e-05  -9.1720387587413213e-06
9.7600000000012997e+01  -8.2903736793841776e-03  -3.8286638003784277e-05  3.7921447866669754e-03  1.6252672320780410e-04  1.3366723808947049e-02  -9.4906340056331688e-06  4.1733294119297316e-03  -1.2755959456415384e-04  -8.2665374614868947e-03  3.2844923625959189e-05  -3.8127187148433404e-03  1.8010940240015428e-06  1.2035574869062853e-04  -1.9929326079601671e-06  3.4717110325111701e-03  6.5141368318202907e-08  1.3461915230016293e-04  5.0113205911230506e-06  -3.7940781813073769e-03  -1.5921345620663203e-06  -1.1104033403592020e-03  8.3908386752950233e-06  3.4794254008070917e-05  -3.5255285185163262e-06  9.4218224717680524e-04  6.1181823571407311e-07  2.0773914993265047e-05  4.5573199304719469e-06  -1.1004249380635084e-03  -7.8544259049487850e-06  -8.1844087964787118e-05  9.2340502920020150e-06  1.4121607617068028e-05  -1.0028810510966517e-06  6.7940220081661191e-05  4.4472615953766250e-07  -3.8759735251418037e-06  8.0913536822123123e-07  -7.9889869404469336e-05  -8.8770808093081703e-06
9.8000000000013202e+01  -8.3426132159980342e-03  -1.9824628775244320e-05  4.0974045557795732e-03  1.8359219670477335e-04  1.3900535397051937e-02  -1.1267761738594862e-05  4.4789132526536378e-03  -1.5010752228560215e-04  -8.3250778337092945e-03  1.3136949644992544e-05  -3.9217999641187103e-03  8.0395199231709056e-07  1.2033281796013995e-04  -2.4858920607045008e-06  3.5600536352456678e-03  9.5900565179707824e-08  1.3740486428891706e-04  5.6076327964313874e-06  -3.9013923318005957e-03  -5.6277370075689343e-07  -1.2002870134109598e-03  7.9885225879884982e-06  3.5014214463688440e-05  -3.6354274824946328e-06  1.0168833196042408e-03  5.7930072017634482e-07  2.1885852119897997e-05  4.6827814257045630e-06  -1.1900084390440782e-03  -7.4760086262945759e-06  -7.3171198275248075e-05  8.9588496405920093e-06  1.3783137767483880e-05  -1.1025865646223628e-06  6.0696764246841433e-05  4.7293943815577055e-07  -3.6824053913682707e-06  9.4968210322916600e-07  -7.0906151848444262e-05  -8.5759463732318574e-06
9.8400000000013407e+01  -8.3432138566320903e-03  4.6508080359262873e-06  4.4970332546703639e-03  2.1069661631659847e-04  1.4545877343755110e-02  -1.3348875585101000e-05  4.8763734527193080e-03  -1.7915914792631066e-04  -8.3348895737139009e-03  -1.2784704191528878e-05  -4.0318916275317689e-03  -2.1395118265038168e-07  1.2012884192079247e-04  -3.0177596165518900e-06  3.6488089125480561e-03  1.3847867987575592e-07  1.4014095274032877e-04  6.2522432893516108e-06  -4.0095416558707988e-03  4.9789883650638503e-07  -1.2941740360174585e-03  7.5750548350243931e-06  3.5252845141005241e-05  -3.7445650263487236e-06  1.0948740097611405e-03  5.4132054534385186e-07  2.3038242819495595e-05  4.8045487328415294e-06  -1.2836251629783795e-03  -7.0913305788972967e-06  -6.7284905202403799e-05  8.6829294959123734e-06  1.3401308950136424e-05  -1.1974955436887147e-06  5.5768634354132372e-05  5.0069312125367341e-07  -3.4943490953700268e-06  1.0904257834342971e-06  -6.4690818617825822e-05  -8.2725305251681450e-06
9.8800000000013597e+01  -8.2699190362377391e-03  3.7295811490786095e-05  5.0223225070377148e-03  2.4623406896620787e-04  1.5335552002990995e-02  -1.5367697014372723e-05  5.3964269493624699e-03  -2.1648654219102786e-04  -8.2744645693692970e-03  -4.6762243826898990e-05  -4.1437399144572873e-03  -1.2567737460206196e-06  1.1973564001719185e-04  -3.5891829504344598e-06  3.7385853809621416e-03  1.9218621745868540e-07  1.4282692795399737e-04  6.9449721292057397e-06  -4.1192700326643621e-03  1.5930537455691482e-06  -1.3915685664307096e-03  7.1496867102658902e-06  3.5505430366890745e-05  -3.8374563478497318e-06  1.1757344630596220e-03  4.9833700678851223e-07  2.4229078199960140e-05  4.9069910883625357e-06  -1.3807768498007660e-03  -6.6993795005730783e-06  -6.4511670900309774e-05  8.4068527047374492e-06  1.3008292477926104e-05  -1.3079191064384070e-06  5.3429022006582618e-05  5.2803148084456408e-07  -3.2755112083906213e-06  1.2504823890207816e-06  -6.1572532435983878e-05  -7.9677672631406495e-06
9.9200000000013802e+01  -8.0913642846478680e-03  8.0004075628852954e-05  5.7168329623796263e-03  2.9239209375542903e-04  1.6314986839486595e-02  -1.6838939101494407e-05  6.0821189652644023e-03  -2.6344898980874701e-04  -8.1131213366285194e-03  -9.0280101221355011e-05  -4.2583574096969074e-03  -2.3334284120233321e-06  1.1914065559096682e-04  -4.2154564897445366e-06  3.8302423320899460e-03  2.5592427892421516e-07  1.4546546428926069e-04  7.6996997285048511e-06  -4.2315666487184791e-03  2.7303319389489517e-06  -1.4919429512290695e-03  6.7124552928564000e-06  3.5762390828973623e-05  -3.8954005678831352e-06  1.2590217079580458e-03  4.5099729831098766e-07  2.5450752513464568e-05  4.9712278249720348e-06  -1.4809303190443468e-03  -6.2996077303018941e-06  -6.5184294392618970e-05  8.1277592842732745e-06  1.2640465366340850e-05  -1.4582029368958387e-06  5.3954286482135939e-05  5.5508142452876047e-07  -2.9862964129570623e-06  1.4523723744395313e-06  -6.1886116978399525e-05  -7.6598491443194893e-06
9.9600000000014006e+01  -7.7667825639078873e-03  1.3345333991242553e-04  6.6347499825984172e-03  3.5006886177130605e-04  1.7539352586815465e-02  -1.7455383617790516e-05  6.9872756554575574e-03  -3.2041644391067495e-04  -7.8106044971050347e-03  -1.4376158849328108e-04  -4.3771075858694206e-03  -3.4514674237408650e-06  1.1833688937101002e-04  -4.9201373820962678e-06  3.9249497214492862e-03  3.2809542320802526e-07  1.4806641256809620e-04  8.5384630147464355e-06  -4.3477573969770205e-03  3.9159961057104836e-06  -1.5947419112055175e-03  6.2635459278989066e-06  3.6011042664342780e-05  -3.9048099330934208e-06  1.3442707383089446e-03  4.0010677671696771e-07  2.6691973673161268e-05  4.9839064146869611e-06  -1.5835219648873604e-03  -5.8912683327949003e-06  -6.9640260576068377e-05  7.8406214640669578e-06  1.2326803037003542e-05  -1.6653428095791278e-06  5.7622437643795415e-05  5.8195218117517697e-07  -2.5972187435177169e-06  1.7109429686410223e-06  -6.5971158098671154e-05  -7.3455473088706570e-06
1.0000000000001400e+02  -7.2493754236363193e-03  1.9629921838372564e-04  7.8322617888132856e-03  4.1790069562572881e-04  1.9062285946645316e-02  -1.7518970851715648e-05  8.1679616808399847e-03  -3.8652029035161992e-04  -7.3204019039986544e-03  -2.0612180560669146e-04  -4.5017323542667484e-03  -4.6106770641173831e-06  1.1732752370607056e-04  -5.7231598740728944e-06  4.0241836573531083e-03  4.0725769839324052e-07  1.5064323163811841e-04  9.4807913808589621e-06  -4.4695483058131754e-03  5.1492100562421225e-06  -1.6993797405849534e-03  5.8018411008904761e-06  3.6236887368705354e-05  -3.8656668799213498e-06  1.4309897950911215e-03  3.4656202702292934e-07  2.7940966717203311e-05  4.9459386198819417e-06  -1.6879554006234913e-03  -5.4719882243329051e-06  -7.8214690445797927e-05  7.5401801181076294e-06  1.2078223837463488e-05  -1.9275126070350560e-06  6.4706813724453881e-05  6.0856169391113962e-07  -2.1015140856318801e-06  2.0223400435009999e-06  -7.4164896445815993e-05  -7.0217107161976750e-06
1.0040000000001400e+02  -6.4920160530801477e-03  2.6540880455252895e-04  9.3554210549235094e-03  4.9255641783971455e-04  2.0920776336336072e-02  -1.7848289667206016e-05  9.6704221248459319e-03  -4.5979782792145932e-04  -6.5954127080696586e-03  -2.7492521262229464e-04  -4.6342866007648177e-03  -5.7996092122876773e-06  1.1612650147357429e-04  -6.6303777167423796e-06  4.1296505044220496e-03  4.9285411255305572e-07  1.5320855389107065e-04  1.0533745713714102e-05  -4.5989731545517092e-03  6.4190289779792466e-06  -1.8052392694484927e-03  5.3243818508244267e-06  3.6425278976709875e-05  -3.7946727032224639e-06  1.5186598483514853e-03  2.9131131675264276e-07  2.9188412440029374e-05  4.8753884659998088e-06  -1.7936021364094701e-03  -5.0373692403498200e-06  -9.1231110480961640e-05  7.2226523847220333e-06  1.1883596700944975e-05  -2.2186784283653754e-06  7.5468039152689462e-05  6.3450709572600605e-07  -1.5200660995655021e-06  2.3592805154012325e-06  -8.6792174760486307e-05  -6.6861182632670459e-06
1.0080000000001500e+02  -5.4499990880339227e-03  3.3792221810971502e-04  1.1235332037998841e-02  5.7152228497787819e-04  2.3129621010012980e-02  -1.8047661866175783e-05  1.1526421124588395e-02  -5.3712922769381640e-04  -5.5905766122996397e-03  -3.4701684312701321e-04  -4.7769974721884618e-03  -6.9973933601533915e-06  1.1475552049125353e-04  -7.6314770493723004e-06  4.2431659626827019e-03  5.8495632596310756e-07  1.5577256773154102e-04  1.1687987818585395e-05  -4.7382545638781203e-03  7.7056174614157645e-06  -1.9116874835438393e-03  4.8276297290346927e-06  3.6564516535310398e-05  -3.7199998877840587e-06  1.6067503318168601e-03  2.3533481042478409e-07  3.0428998671857654e-05  4.8016388045303693e-06  -1.8998207108748353e-03  -4.5825818769969314e-06  -1.0899344965951916e-04  6.8866772129449470e-06  1.1714596508645247e-05  -2.4939249155158221e-06  9.0147581469496375e-05  6.5904124148923390e-07  -8.9551434771131772e-07  2.6771028103043444e-06  -1.0415677733354294e-04  -6.3376127397664410e-06
1.0120000000001500e+02  -4.0668453781341589e-03  4.1353443088997899e-04  1.3518096945175783e-02  6.5674647295456585e-04  2.5718836847314047e-02  -1.3170005339426666e-05  1.3783462480055271e-02  -6.1240312457210271e-04  -4.2483961108919967e-03  -4.1805724548655047e-04  -4.9321273187713727e-03  -8.1810367006914023e-06  1.1324338343828423e-04  -8.7080232056987375e-06  4.3665604697464633e-03  6.8358571395161172e-07  1.5835079835854456e-04  1.2923131388367698e-05  -4.8896569231208532e-03  8.9865459296121502e-06  -2.0181169384151576e-03  4.3089101036625029e-06  3.6649155302760053e-05  -3.6709376791748321e-06  1.6947549669097555e-03  1.7962134191134430e-07  3.1662381334433983e-05  4.7547336073746283e-06  -2.0059997741667134e-03  -4.1042233354858946e-06  -1.3177937214274734e-04  6.5334284700896882e-06  1.1536414862415698e-05  -2.7051932422807421e-06  1.0896343120494258e-04  6.8113918092718255e-07  -2.7823799446117440e-07  2.9297867032900300e-06  -1.2653548607976904e-04  -5.9759865931792694e-06
1.0160000000001500e+02  -2.2249076345559789e-03  4.9056387059040322e-04  1.6365022921083903e-02  7.5047342683677402e-04  2.8856725488651556e-02  5.7064485390802971e-06  1.6604474203532046e-02  -6.7329872896905929e-04  -2.4500177208381917e-03  -4.7910242122733504e-04  -5.1019297450344654e-03  -9.3333103552090889e-06  1.1163049809408219e-04  -9.8439871132225793e-06  4.5016771477796253e-03  7.8869414223493040e-07  1.6098073120965166e-04  1.4217801085188852e-05  -5.0554287899056364e-03  1.0244431472156989e-05  -2.1240042527261049e-03  3.7658859778363333e-06  3.6681110597925563e-05  -3.6696335877089500e-06  1.7822378049954105e-03  1.2517466496210346e-07  3.2895069313007065e-05  4.7573889911427555e-06  -2.1116118154926740e-03  -3.5999554496051948e-06  -1.5983327825159661e-04  6.1659677254564293e-06  1.1318581120847903e-05  -2.8212093785829689e-06  1.3210619047153397e-04  6.9963570849617896e-07  2.8944278258416782e-07  3.0891889323465509e-06  -1.5417296411414502e-04  -5.6019092536334808e-06
1.0200000000001501e+02  2.7299898660006552e-04  5.5425726714670911e-04  2.0093108192332614e-02  8.3969546833042794e-04  3.2900190538364543e-02  4.2036638212141625e-05  2.0306441982760597e-02  -7.0122076819631451e-04  1.3632354256259277e-06  -5.1274998356939027e-04  -5.2887189305123724e-03  -1.0445203543035890e-05  1.0996551655933150e-04  -1.1029297460555986e-05  4.6504448309355201e-03  9.0009873451521576e-07  1.6372448976895789e-04  1.5555114873287809e-05  -5.2378686404454498e-03  1.1469578158997597e-05  -2.2289583772278649e-03  3.1947948428803925e-06  3.6668094246774022e-05  -3.7289045177116082e-06  1.8688694853940609e-03  7.3060944096518005e-08  3.4142175888251690e-05  4.8232764826276312e-06  -2.2162525800839038e-03  -3.0664090649292191e-06  -1.9335928621454340e-04  5.7879973895526577e-06  1.1041812227081452e-05  -2.8420538303100953e-06  1.5973482439785933e-04  7.1344912923404033e-07  7.8494439723388179e-07  3.1579813780370239e-06  -1.8727621512346380e-04  -5.2167872394134721e-06
1.0240000000001500e+02  3.4916534746942101e-03  5.6774191143018878e-04  2.4765711970640827e-02  8.7682242356906456e-04  3.7899723340562817e-02  6.8807746930251747e-05  2.4952119065292284e-02  -6.9282380758349874e-04  3.1697112887736738e-03  -5.0452663469658212e-04  -5.4949706139690319e-03  -1.1510974205430837e-05  1.0829216676378200e-04  -1.2254103926667280e-05  4.8149489058222613e-03  1.0165287404296799e-06  1.6664772031768117e-04  1.6919557678933732e-05  -5.4394380649346648e-03  1.2654887737794832e-05  -2.3327295723270299e-03  2.5906130577277432e-06  3.6620854482343618e-05  -3.8537650694539348e-06  1.9544343844982302e-03  2.4439006919917558e-08  3.5424818309185758e-05  4.9586468775684031e-06  -2.3196466963202379e-03  -2.4986673185236829e-06  -2.3251645828579131e-04  5.4025091563820552e-06  1.0700997118472147e-05  -2.8006406104640733e-06  1.9197363877010472e-04  7.2186389516389815e-07  1.2103681942365542e-06  3.1694064501104395e-06  -2.2600976809673733e-04  -4.8224930466682298e-06
1.0280000000001600e+02  7.0552833922113197e-03  5.0164840670538936e-04  2.9602075015979380e-02  8.1642901935567638e-04  4.2888988019574387e-02  4.6496868477951050e-05  2.9765178040398296e-02  -6.6729779173593795e-04  6.6837598793231898e-03  -4.5751900485976969e-04  -5.7233568327735209e-03  -1.2518159828838635e-05  1.0664500403804360e-04  -1.3498488771556989e-05  4.9974508527101114e-03  1.1347361538698813e-06  1.6979916415235945e-04  1.8289328461355734e-05  -5.6628119588015245e-03  1.3785605081390507e-05  -2.4351738958556112e-03  1.9502082283430002e-06  3.6549538575406256e-05  -4.0426458711352467e-06  2.0388045168780672e-03  -1.9469712624707408e-08  3.6760810431306096e-05  5.1631300200463723e-06  -2.4216200404683979e-03  -1.8928508717784242e-06  -2.7741650286298373e-04  5.0110308836368539e-06  1.0306783709043773e-05  -2.7499475346386196e-06  2.2891158052858375e-04  7.2473463087286689e-07  1.5913596875454195e-06  3.1738527596671406e-06  -2.7049212917508588e-04  -4.4211759025442324e-06
1.0320000000001600e+02  1.0326009382998109e-02  3.8790974874544659e-04  3.3350423917858640e-02  7.0549701194937576e-04  4.6347834454421463e-02  1.2641768504420559e-05  3.3502010092452822e-02  -6.1023455900451702e-04  9.9141896730182699e-03  -3.7278625647791264e-04  -5.9767096571480220e-03  -1.3440704757993788e-05  1.0508083881772081e-04  -1.4728951447359143e-05  5.2003990745201562e-03  1.2495543718303176e-06  1.7323181441514842e-04  1.9634344627848600e-05  -5.9108419012303204e-03  1.4832349520993600e-05  -2.5362024820460819e-03  1.2751843270887145e-06  3.6458615469703260e-05  -4.2881851056342663e-06  2.1219005766083343e-03  -5.7413428692634117e-08  3.8153877034670445e-05  5.4300342989885393e-06  -2.5220612564896320e-03  -1.2488877394153997e-06  -3.2812029270353025e-04  4.6137901136564071e-06  9.8863916665780423e-06  -2.7423835749145573e-06  2.7060125132519317e-04  7.2245308693556497e-07  1.9714975947876077e-06  3.2191825293559741e-06  -3.2079075253664703e-04  -4.0152678385279708e-06
1.0360000000001600e+02  1.2786387228353123e-02  2.6184802228902703e-04  3.5050425179659520e-02  5.8908254250184151e-04  4.7133007988146611e-02  -7.7088220997254681e-06  3.5209148461557607e-02  -5.2566496813865986e-04  1.2351050595357248e-02  -2.6485396614077243e-04  -6.2580071352841445e-03  -1.4242685123685129e-05  1.0374381720020041e-04  -1.5910686883852201e-05  5.4265058298835055e-03  1.3547081049623418e-06  1.7707483388988959e-04  2.0927038734392641e-05  -6.1865166386274508e-03  1.5755143738451159e-05  -2.6357575751430207e-03  5.7063720178650359e-07  3.6342308254917657e-05  -4.5803780250279458e-06  2.2036732790347521e-03  -8.8044195531775606e-08  3.9591074379473888e-05  5.7494895993915120e-06  -2.6209018176149407e-03  -5.6965645263515425e-07  -3.8462943481806734e-04  4.2104635930147300e-06  9.4809196283510136e-06  -2.8112321853953154e-06  3.1705303631153887e-04  7.1567011056122781e-07  2.4029275476425562e-06  3.3341670417897061e-06  -3.7691242612879265e-04  -3.6074361211352598e-06
1.0400000000001600e+02  1.4184352292386574e-02  1.3935658103997957e-04  3.4309644545429924e-02  4.8250111756210825e-04  4.4810091826783166e-02  -1.4669239108840073e-05  3.4496760185017343e-02  -4.2903907328414653e-04  1.3745620582199178e-02  -1.4951592083052925e-04  -6.5704572101879227e-03  -1.4886819922780911e-05  1.0290759011232940e-04  -1.7025935433574334e-05  5.6788624139777781e-03  1.4445528821087705e-06  1.8159536944217162e-04  2.2156721690657395e-05  -6.4930101392769099e-03  1.6513157010340719e-05  -2.7338318039667924e-03  -1.5941371577326569e-07  3.6184107504371593e-05  -4.9124612943344912e-06  2.2841197448636268e-03  -1.0984574729953062e-07  4.1051353024898008e-05  6.1148089048505926e-06  -2.7181275556058438e-03  1.4301958882880105e-07  -4.4687421372856771e-04  3.8009555185880970e-06  9.1363931836379190e-06  -2.9615757890215730e-06  3.6822364271205072e-04  7.0494402179038565e-07  2.9336991934896599e-06  3.5211784431251996e-06  -4.3879097023809233e-04  -3.2002246559236505e-06
1.0440000000001700e+02  1.4524343158470929e-02  2.3633582979383310e-05  3.1270971904653277e-02  3.8590468529216639e-04  3.9607759656742000e-02  -1.4448998009741927e-05  3.1506468442937002e-02  -3.3062422668828019e-04  1.4101860703291920e-02  -3.4985403256055465e-05  -6.9176056110092426e-03  -1.5334105476225762e-05  1.0297074598795237e-04  -1.8075817921709534e-05  5.9609978993150643e-03  1.5167738555507664e-06  1.8720102270464558e-04  2.3327433455243265e-05  -6.8337835132812243e-03  1.7066365086333844e-05  -2.8305081330933977e-03  -9.1533240489859625e-07  3.5960947329023848e-05  -5.2859159654033841e-06  2.3633155579053664e-03  -1.2134781912571715e-07  4.2516958707548499e-05  6.5278556101369690e-06  -2.8138083496256922e-03  8.9113859910676413e-07  -5.1470432446354462e-04  3.3857886921401110e-06  8.8899020038317092e-06  -3.1722436634540884e-06  4.2400475473112760e-04  6.9050190509452350e-07  3.5941934269813342e-06  3.7587534935416565e-06  -5.0627893507682791e-04  -2.7954354027697126e-06
1.0480000000001699e+02  1.4019748340621731e-02  -8.6322282008029346e-05  2.6502290315701432e-02  2.9543397952087446e-04  3.2276796038004429e-02  -1.2852039943453972e-05  2.6801812254872347e-02  -2.3599779133103471e-04  1.3629616644659264e-02  7.5002364614272813e-05  -7.3033073994954343e-03  -1.5531099767688432e-05  1.0445141040021813e-04  -1.9056567068019703e-05  6.2768380295501330e-03  1.5738107233470456e-06  1.9441706011148318e-04  2.4431257369539736e-05  -7.2125994156950046e-03  1.7364053864423730e-05  -2.9259873167884415e-03  -1.7008906198343783e-06  3.5648494173159961e-05  -5.7109973172993715e-06  2.4414322365041725e-03  -1.2157336490225692e-07  4.3977182557072706e-05  6.9995694210838349e-06  -2.9081237774993439e-03  1.6792181263690877e-06  -5.8788822039403511e-04  2.9657372841658859e-06  8.7561090027284697e-06  -3.4057450438769932e-06  4.8421862096566839e-04  6.7217106579087410e-07  4.3873146956884641e-06  4.0109780796334680e-06  -5.7914800527125970e-04  -2.3933683203825634e-06
1.0520000000001700e+02  1.3027164193452821e-02  -1.8880574048385837e-04  2.0849197916403266e-02  2.1133053521688624e-04  2.3903606656286807e-02  -1.2325575969009128e-05  2.1221661686988413e-02  -1.4933819969462959e-04  1.2679515155050803e-02  1.7676004896257600e-04  -7.7315100731454017e-03  -1.5398782030315814e-05  1.0803055209926589e-04  -1.9928242004651588e-05  6.6306161915118695e-03  1.6210844177909460e-06  2.0390834266504222e-04  2.5416886563814883e-05  -7.6333654267383578e-03  1.7332518355347211e-05  -3.0205941345503610e-03  -2.5194411308622061e-06  3.5224551465173480e-05  -6.2028300809192933e-06  2.5187337393156907e-03  -1.1016012085368913e-07  4.5423692093147497e-05  7.5461188350310847e-06  -3.0013772684913931e-03  2.5106327701531828e-06  -6.6612090171040749e-04  2.5405752675039160e-06  8.7196006641651581e-06  -3.6215610292993391e-06  5.4862128172119228e-04  6.4945114631253442e-07  5.2865818962433990e-06  4.2396898805562617e-06  -6.5709601111132955e-04  -1.9920125410855319e-06
1.0560000000001700e+02  1.1939145614302966e-02  -2.7837539437134984e-04  1.5205818578044547e-02  1.3877048677697417e-04  1.5624246946340093e-02  -1.2519634828863637e-05  1.5652649294141438e-02  -7.5202759170032356e-05  1.1637246431939582e-02  2.6517437188436891e-04  -8.2059487791109453e-03  -1.4835389263250684e-05  1.1467029837215065e-04  -2.0599812632138945e-05  7.0268548193845931e-03  1.6632738509291439e-06  2.1659059867528427e-04  2.6179897684084003e-05  -8.0998635535870500e-03  1.6874708231550481e-05  -3.1147770583352810e-03  -3.3709398806289660e-06  3.4672335561375693e-05  -6.7761488227615060e-06  2.5955718343106523e-03  -8.7045100367099833e-08  4.6847011442907528e-05  8.1836833159413067e-06  -3.0940056568972479e-03  3.3851040740016714e-06  -7.4903429485670111e-04  2.1078203713666681e-06  8.7361141724277638e-06  -3.7880655586971352e-06  6.1690812134203678e-04  6.2170094343377494e-07  6.2425488858564360e-06  4.4153939989536504e-06  -7.3975500196857714e-04  -1.5868074879536881e-06
1.0600000000001700e+02  1.1066125056542616e-02  -3.4964613609281991e-04  1.0267363749418057e-02  8.3209208823114314e-05  8.3176425203921774e-03  -1.2554853516258012e-05  1.0783741626111018e-02  -1.7604809510916825e-05  1.0807398821222523e-02  3.3561716978752830e-04  -8.7298800487829193e-03  -1.3721036967956494e-05  1.2575806772850153e-04  -2.0929645585560111e-05  7.4704116435504262e-03  1.7017759450734478e-06  2.3377424703287762e-04  2.6572723940212663e-05  -8.6154800282752485e-03  1.5872723220632483e-05  -3.2091151814494100e-03  -4.2523229164761279e-06  3.3984898294388125e-05  -7.4421356974658517e-06  2.6723956157298267e-03  -5.2368947926176877e-08  4.8240710095082411e-05  8.9244784147713570e-06  -3.1865896430064620e-03  4.2992047972524825e-06  -8.3620426068298920e-04  1.6631858982778979e-06  8.7431309092942563e-06  -3.8890199383733548e-06  6.8871763953013321e-04  5.8838434024400224e-07  7.1944700839927746e-06  4.5231605917001659e-06  -8.2669788824910062e-04  -1.1720932148690206e-06
1.0640000000001800e+02  1.0567282627698286e-02  -4.0121692057507090e-04  6.3869018148279954e-03  4.5958032854800297e-05  2.4287227761461165e-03  -1.2353127292709070e-05  6.9643891506087421e-03  2.2230024462367874e-05  1.0345661875785447e-02  3.8675534158879823e-04  -9.3058292565110431e-03  -1.1904273793869041e-05  1.4319877419350442e-04  -2.0723940490204183e-05  7.9664181787355865e-03  1.7347269636624299e-06  2.5724175538826676e-04  2.6410097501826379e-05  -9.1829362350464155e-03  1.4174810642222555e-05  -3.3043398538879069e-03  -5.1609783262715314e-06  3.3166073073289662e-05  -8.2087569691178538e-06  2.7497733078816764e-03  -6.7212818315816747e-09  4.9608541379103253e-05  9.7757401409494636e-06  -3.2798691398248829e-03  5.2496591245226696e-06  -9.2715355128697224e-04  1.2032660288375352e-06  8.6774706228524343e-06  -3.9234070550802516e-06  7.6363529998033064e-04  5.4925864585407337e-07  8.0837582326337201e-06  4.5623934714951783e-06  -9.1744490084289670e-04  -7.4424707481587218e-07
1.0680000000001800e+02  1.0452964716480526e-02  -4.3610143609987365e-04  3.5835344186934005e-03  2.3910616277243802e-05  -2.0201419542615418e-03  -1.2266634070632270e-05  4.2128777037887654e-03  4.6762328663629824e-05  1.0261436055751187e-02  4.2128053257196597e-04  -9.9351517790634072e-03  -9.1767045554123944e-06  1.6949033261773718e-04  -1.9729245586099217e-05  8.5200076932658089e-03  1.7591427920617589e-06  2.8929027476290578e-04  2.5460604610078346e-05  -9.8038493392373586e-03  1.1571610400003874e-05  -3.4013839408985045e-03  -6.0990431970340866e-06  3.2225515357810880e-05  -9.0832479486250404e-06  2.8284323278328404e-03  4.8945135584876256e-08  5.0968386038896898e-05  1.0741996960269952e-05  -3.3747789268332913e-03  6.2378460911776544e-06  -1.0213552093872415e-03  7.2824180154674207e-07  8.4937505142416709e-06  -3.9017338322865565e-06  8.4120168812215623e-04  5.0443223429162818e-07  8.8673354918845462e-06  4.5435930615919872e-06  -1.0114701964393891e-03  -3.0413180753347543e-07
1.0720000000001799e+02  1.0639525681803742e-02  -4.5945685796151223e-04  1.6625448698312545e-03  1.2018633985727244e-05  -5.2781268371408698e-03  -1.2485875369234442e-05  2.3355628678643058e-03  6.0675849892975276e-05  1.0471841249818616e-02  4.4414032372501352e-04  -1.0617224028726949e-02  -5.2565271820556070e-06  2.0790184558943259e-04  -1.7627817915502423e-05  9.1359065338602677e-03  1.7727507442014069e-06  3.3288055601957221e-04  2.3431225814820229e-05  -1.0477942242922440e-02  7.7810843210044284e-06  -3.5014680258019931e-03  -7.0758588872016564e-06  3.1174348394529070e-05  -1.0074139680100342e-05  2.9093348092322745e-03  1.1374177604299475e-07  5.2353564144225683e-05  1.1828498723206683e-05  -3.4725218605606671e-03  7.2727336974157750e-06  -1.1182400029597572e-03  2.4159360468295883e-07  8.1759103298789377e-06  -3.8434246422884331e-06  9.2092481934317257e-04  4.5433646517635794e-07  9.5289759210161808e-06  4.4864765398840727e-06  -1.1082060849376524e-03  1.4392076344444935e-07
1.0760000000001800e+02  1.1016836329396691e-02  -4.7611931211865378e-04  3.6436823137700296e-04  5.7412190501478916e-06  -7.6783622297346525e-03  -1.2885023057834853e-05  1.0746223251641776e-03  6.8724299857122193e-05  1.0868153327475845e-02  4.6021908498568965e-04  -1.1348279125173711e-02  2.1290993188408030e-07  2.6275619215467786e-04  -1.4035801363211595e-05  9.8179318311171181e-03  1.7739871072456584e-06  3.9191032683691699e-04  1.9948778878544976e-05  -1.1201909973118256e-02  2.4471557572753318e-06  -3.6061951299131440e-03  -8.1057476579896485e-06  3.0026851628070419e-05  -1.1189992687122052e-05  2.9937708796294524e-03  1.8706128978895036e-07  5.3810562079107706e-05  1.3041727673337133e-05  -3.5746610628232711e-03  8.3687443749140945e-06  -1.2172047235724248e-03  -2.5317680229072536e-07  7.7379649517196950e-06  -3.7759388930278014e-06  1.0022910211807501e-03  3.9967780848370338e-07  1.0084934279383005e-05  4.4195523145384059e-06  -1.2070432503058354e-03  5.9612227643049350e-07
1.0800000000001801e+02  1.1494421084469393e-02  -4.8930555534173136e-04  -5.3053561388526158e-04  2.1724941289242525e-06  -9.5047428537897473e-03  -1.3221127965910330e-05  2.1209060262136325e-04  7.4260979321812769e-05  1.1361223299011118e-02  4.7289222993124493e-04  -1.2120064306599744e-02  7.6587985341141481e-06  3.3962680829784965e-04  -8.4910509741323423e-06  1.0568235155608839e-02  1.7625455899002856e-06  4.7140985826682165e-04  1.4539523267422133e-05  -1.1968124013110568e-02  -4.8562696617442238e-06  -3.7175840235799729e-03  -9.1995325258293426e-06  2.8801433654261979e-05  -1.2433188514605735e-05  3.0833964274838152e-03  2.6863890585682724e-07  5.5384582812761278e-05  1.4384069040282409e-05  -3.6831663207175340e-03  9.5369019680525216e-06  -1.3176150392120202e-03  -7.5538013778895131e-07  7.2169942451851443e-06  -3.7314442328583950e-06  1.0847699442311737e-03  3.4137227591932704e-07  1.0580367176838342e-05  4.3765341324846512e-06  -1.3073306187699725e-03  1.0523964531321848e-06
1.0840000000001901e+02  1.2017104653968999e-02  -5.0064979104504808e-04  -1.1629518055938587e-03  -1.6171037786311506e-07  -1.0941588249183856e-02  -1.3425869541411247e-05  -3.9169799326286767e-04  7.8891547988995436e-05  1.1896840516419609e-02  4.8382748556759670e-04  -1.2918507253959334e-02  1.7574568372898014e-05  4.4518724825866112e-04  -4.2842733935651126e-07  1.1386006063955668e-02  1.7388956761911630e-06  5.7738533283226623e-04  6.6113853483763178e-06  -1.2763356426505484e-02  -1.4622180404840402e-05  -3.8379920155400503e-03  -1.0354953733050803e-05  2.7511220747558716e-05  -1.3793622284449262e-05  3.1801570356731071e-03  3.5858338617918741e-07  5.7092413390472802e-05  1.5846640748571907e-05  -3.8003582392305171e-03  1.0774687049146378e-05  -1.4188062463350694e-03  -1.2669065983980874e-06  6.6636158964186504e-06  -3.7380855038660119e-06  1.1678175728399550e-03  2.8046437159688907e-07  1.1077064801766413e-05  4.3867706448921238e-06  -1.4083844360779909e-03  1.5159748652697158e-06
1.0880000000001900e+02  1.2558658691651445e-02  -5.1075196241929491e-04  -1.6061453247748726e-03  -1.8136429227624367e-06  -1.2086761637502901e-02  -1.3565528769423805e-05  -8.0928245458929474e-04  8.3024473773468004e-05  1.2449371732360985e-02  4.9356317622675718e-04  -1.3722480035174917e-02  3.0514208875405158e-05  5.8660539473598004e-04  1.0840779629299661e-05  1.2265508996348146e-02  1.7003366297394515e-06  7.1620500807546188e-04  -4.5522903858850967e-06  -1.3567582824741822e-02  -2.7408267629420706e-05  -3.9699671496334094e-03  -1.1556952416985396e-05  2.6150365742242006e-05  -1.5253090596440875e-05  3.2861441122811275e-03  4.5714284087921788e-07  5.8907364088765183e-05  1.7411430725889509e-05  -3.9287696829125541e-03  1.2066065920905725e-05  -1.5201008132777775e-03  -1.7903923771245041e-06  6.1312315525427372e-06  -3.8095273471621432e-06  1.2508891359221514e-03  2.1811107811467458e-07  1.1637298102746004e-05  4.4640575650784635e-06  -1.5095179077178930e-03  1.9911089833346030e-06
1.0920000000001900e+02  1.3106777387845565e-02  -5.1970974784864199e-04  -1.8988100432750831e-03  -2.8483234985313317e-06  -1.2993133624901454e-02  -1.3721874771838936e-05  -1.0788693045501738e-03  8.6550529532209290e-05  1.3006850824197422e-02  5.0213230003905585e-04  -1.4502624622278189e-02  4.7086563169384292e-05  7.7070049731688042e-04  2.6128408241750224e-05  1.3193758307614767e-02  1.6327721353773245e-06  8.9375828196236896e-04  -1.9787124605852822e-05  -1.4352795832411575e-02  -4.3837412978629857e-05  -4.1161375445378347e-03  -1.2790161568809389e-05  2.4692150953973917e-05  -1.6801877680890744e-05  3.4035013814184669e-03  5.6435563947641767e-07  6.0779573379700011e-05  1.9066357394273522e-05  -4.0710207724351600e-03  1.3394576598306811e-05  -1.6208591333401468e-03  -2.3289372001872867e-06  5.6628077332652571e-06  -3.9401868944196931e-06  1.3334710447688836e-03  1.5570732055653342e-07  1.2309300996160864e-05  4.6018856962717008e-06  -1.6100938122119782e-03  2.4823912353385009e-06
1.0960000000001899e+02  1.3651961665406746e-02  -5.2754864743119554e-04  -2.0714389877849269e-03  -3.2313840379328803e-06  -1.3702527180946231e-02  -1.3937722598976070e-05  -1.2305933993386172e-03  8.9355250698857304e-05  1.3559983375462492e-02  5.0952883838875206e-04  -1.5220277481406964e-02  6.7938605810812891e-05  1.0032817757001629e-03  4.6332045371934714e-05  1.4148556340119306e-02  1.4976270915302223e-06  1.1148511353394307e-03  -4.0028310731374988e-05  -1.5081828471256531e-02  -6.4590641384005073e-05  -4.2792071131203075e-03  -1.4050010560281807e-05  2.3099824093940173e-05  -1.8451457372755009e-05  3.5344362793132463e-03  6.7970918487403582e-07  6.2670251329735365e-05  2.0818361007280943e-05  -4.2297969384107684e-03  1.4755182905004456e-05  -1.7205492835209142e-03  -2.8875732688839544e-06  5.2777001319124714e-06  -4.1093875559468031e-06  1.4151242859222334e-03  9.5048773927980117e-08  1.3117431377462265e-05  4.7783305358374860e-06  -1.7095822960856600e-03  2.9960555163642004e-06
1.1000000000001900e+02  1.4184167522054272e-02  -5.3437923872558550e-04  -2.1558095410419654e-03  -2.9918153970526386e-06  -1.4258451402002190e-02  -1.4198593896956369e-05  -1.2959313766203696e-03  9.1507322226890058e-05  1.4098897768847769e-02  5.1587666649961024e-04  -1.5827048393867008e-02  9.3689417367809357e-05  1.2887047535129446e-03  7.2341059334167114e-05  1.5097453727761221e-02  1.2303282929028046e-06  1.3829399406742882e-03  -6.6232899866904460e-05  -1.5707708143854832e-02  -9.0341552083282568e-05  -4.4620287146679974e-03  -1.5339536114164479e-05  2.1329676445388905e-05  -2.0228256820173614e-05  3.6812736792319828e-03  8.0151685097255328e-07  6.4554154218804047e-05  2.2688514134623195e-05  -4.4079267429732224e-03  1.6150822697153091e-05  -1.8187918867203833e-03  -3.4736139861396696e-06  4.9648763888743692e-06  -4.2907478912444042e-06  1.4955146833973195e-03  3.8255274520038944e-08  1.4057321631046033e-05  4.9662554093999771e-06  -1.8075916375989470e-03  3.5402915818203629e-06
1.1040000000002000e+02  1.4694265504780550e-02  -5.4041503708267529e-04  -2.1825709922897686e-03  -2.2826168885756794e-06  -1.4703353211446292e-02  -1.4487016457871617e-05  -1.3052499594618499e-03  9.3221525502286265e-05  1.4614684444871894e-02  5.2140087560426226e-04  -1.6266247314510235e-02  1.2476699047502557e-04  1.6289979589590078e-03  1.0485509990977064e-04  1.5997587876987449e-02  7.6286641911041094e-07  1.6995727983542906e-03  -9.9186472699584359e-05  -1.6174742308790187e-02  -1.2157453466121173e-04  -4.6676907408524431e-03  -1.6658238151585927e-05  1.9309358323262894e-05  -2.2155894520300179e-05  3.8464748374494855e-03  9.2630716798840548e-07  6.6382648574023076e-05  2.4696109364276392e-05  -4.6084842616688701e-03  1.7580217609593317e-05  -1.9153484719397779e-03  -4.0942398365673856e-06  4.6859962102612700e-06  -4.4613148259545933e-06  1.5744107894458484e-03  -1.2624280010521001e-08  1.5095840808060075e-05  5.1428375821486961e-06  -1.9038540582239022e-03  4.1228423349365654e-06
1.1080000000002001e+02  1.5176392359654210e-02  -5.4590627387027257e-04  -2.1754104106881571e-03  -1.3357427391815868e-06  -1.5071011546992346e-02  -1.4805775575286941e-05  -1.2819589375670576e-03  9.4758557622596565e-05  1.5101768393362306e-02  5.2634516653285229e-04  -1.6476821880525513e-02  1.6115300328817768e-04  2.0230841515253570e-03  1.4409922792549767e-04  1.6797772505465911e-02  1.2644145864522524e-08  2.0639685440860178e-03  -1.3926052061976485e-04  -1.6422082381756672e-02  -1.5833975044158592e-04  -4.8995916597438099e-03  -1.7999778771408273e-05  1.6913509664917385e-05  -2.4247042151133170e-05  4.0326425065895736e-03  1.0487293235108189e-06  6.8053652633255808e-05  2.6852750095111173e-05  -4.8348614601137034e-03  1.9034522615828137e-05  -2.0100712946296839e-03  -4.7531506697641128e-06  4.3854495865528072e-06  -4.6082916001506088e-06  1.6516586793697084e-03  -5.5984869965304485e-08  1.6176849016056327e-05  5.2964421786254908e-06  -1.9981860044565817e-03  4.7478361243851195e-06
1.1120000000002000e+02  1.5628416823793310e-02  -5.5105160750852525e-04  -2.1487453059531644e-03  -3.6476460301464934e-07  -1.5383136605188610e-02  -1.5167650064237248e-05  -1.2402108238306949e-03  9.6311464838547719e-05  1.5558320597041504e-02  5.3089489174414572e-04  -1.6397825201338395e-02  2.0221318713595235e-04  2.4711159897209123e-03  1.8956084146534146e-04  1.7449321595097499e-02  -1.2856057774399414e-06  2.4775512724579240e-03  -1.8642366612722617e-04  -1.6387955200219753e-02  -2.0022156422785627e-04  -5.1615092585737621e-03  -1.9359897648811228e-05  1.3977372560195888e-05  -2.6511340383972413e-05  4.2425845903689315e-03  1.1621015773725246e-06  6.9430599814040116e-05  2.9171220580128079e-05  -5.0908133868362024e-03  2.0504879857764743e-05  -2.1028638070715489e-03  -5.4491295653877095e-06  4.0022001806771899e-06  -4.7339973558455876e-06  1.7271620930226046e-03  -9.0737542962408266e-08  1.7233239180868215e-05  5.4317058971771524e-06  -2.0904622616652042e-03  5.4147001672659915e-06
1.1160000000002000e+02  1.6050763627192936e-02  -5.5595926230960044e-04  -2.1094480149950624e-03  5.0763218759158305e-07  -1.5651211753727003e-02  -1.5571732423252992e-05  -1.1866599626593017e-03  9.7962601019800234e-05  1.5984984648625838e-02  5.3515976925946082e-04  -1.5969264554730068e-02  2.4689568428459910e-04  2.9912397524731104e-03  2.4003479482392312e-04  1.7934063148871679e-02  -3.8784715404271129e-06  2.9605818854058861e-03  -2.4073847576250301e-04  -1.6010558563679778e-02  -2.4677915630020312e-04  -5.4576768811309363e-03  -2.0738856423062293e-05  1.0334989936568346e-05  -2.8964316033321646e-05  4.4794263849024067e-03  1.2603584435781584e-06  7.0382732468215765e-05  3.1673093694740138e-05  -5.3805093617226981e-03  2.1986318525185539e-05  -2.1936778466191314e-03  -6.1773252681308258e-06  3.4816421077406518e-06  -4.8590773538838392e-06  1.8008826697612579e-03  -1.1628195089872693e-07  1.8203482213449403e-05  5.5724076846611547e-06  -2.1806200673672787e-03  6.1196116014472451e-06
1.1200000000001999e+02  1.6444810949135059e-02  -5.6065661785453813e-04  -2.0603765521898061e-03  1.2766552823564452e-06  -1.5880933994691159e-02  -1.5997270835547948e-05  -1.1240100231319858e-03  9.9701182656981472e-05  1.6383220495997459e-02  5.3918782012923362e-04  -1.5129085833534305e-02  2.9415014789609258e-04  3.6453627864294898e-03  2.9399019219165083e-04  1.8303766397647168e-02  -9.0159651172643939e-06  3.5775546997294802e-03  -3.0272331045808174e-04  -1.5225294483316353e-02  -2.9798080283354470e-04  -5.7928658030215498e-03  -2.2133270414376844e-05  5.8323511312389879e-06  -3.1625627321353605e-05  4.7466999539644205e-03  1.3407704648577339e-06  7.0792486308186939e-05  3.4383541563865800e-05  -5.7086108156959251e-03  2.3472400689395565e-05  -2.2825318715114541e-03  -6.9320176507624696e-06  2.7883030811163303e-06  -5.0219554404541830e-06  1.8728502217806547e-03  -1.3257117064518114e-07  1.9049524043325512e-05  5.7597710580777908e-06  -2.2686743904906360e-03  6.8580615178150165e-06
1.1240000000002100e+02  1.6811830954468414e-02  -5.6513974117931702e-04  -2.0033483833026503e-03  2.0173957016982464e-06  -1.6076202149103772e-02  -1.6421089641306270e-05  -1.0539807317003214e-03  1.0147662060221807e-04  1.6754261839721798e-02  5.4299718891948621e-04  -1.3817245429753051e-02  3.4264391458159677e-04  4.5460017428106386e-03  3.4950394366521978e-04  1.8694474127198508e-02  -1.7815125612887840e-05  4.4437878921199832e-03  -3.7224346299827727e-04  -1.3968997948431438e-02  -3.5340311419844895e-04  -6.1724462139647095e-03  -2.3530950393256153e-05  3.1569508320483317e-07  -3.4513105745313662e-05  5.0484006994710139e-03  1.4046270038965868e-06  7.0540970279715960e-05  3.7320477985874644e-05  -6.0803515405886254e-03  2.4951600590905546e-05  -2.3695300620402526e-03  -7.7095310199931093e-06  1.9164154511598701e-06  -5.2723405359805716e-06  1.9431704518596015e-03  -1.4002661887818031e-07  1.9771184956984811e-05  6.0447498228512550e-06  -2.3547267974787529e-03  7.6274824343640910e-06
1.1280000000002100e+02  1.7152763749570494e-02  -5.6941604805246359e-04  -1.9404021992580041e-03  2.8126937076594240e-06  -1.6241011277952286e-02  -1.6837939295266649e-05  -9.7854491654618143e-04  1.0324692468153923e-04  1.7098971406320509e-02  5.4659994384025957e-04  -1.2002905867141834e-02  3.8934075484242311e-04  5.8068930619661202e-03  4.0312583010619228e-04  1.9267978863340599e-02  -3.0531618630097652e-05  5.6760209160378518e-03  -4.4621938873646888e-04  -1.2207131713675825e-02  -4.1022796751954689e-04  -6.6023871434547033e-03  -2.4915141711502472e-05  -6.3681745531996709e-06  -3.7639030400269450e-05  5.3890346287404469e-03  1.4559980084598581e-06  6.9512739049348935e-05  4.0488521863634279e-05  -6.5015691704011294e-03  2.6410869629270389e-05  -2.4548856253337288e-03  -8.5102813369814365e-06  8.9152300100501418e-07  -5.6588081969497438e-06  2.0120329669852687e-03  -1.3905045255064076e-07  2.0409581808949733e-05  6.4754831556745941e-06  -2.4389782680462888e-03  8.4292013412837605e-06
1.1320000000002101e+02  1.7468409358295790e-02  -5.7351657696512123e-04  -1.8738077488580883e-03  3.6934651647875210e-06  -1.6379647729236911e-02  -1.7262539849307007e-05  -8.9991749000447544e-04  1.0500480970731851e-04  1.7418118864778721e-02  5.5001310959912298e-04  -9.7226358186478373e-03  4.2881204828003566e-04  7.4597873262093901e-03  4.4920602989674508e-04  2.0107016718409029e-02  -4.6610318721205016e-05  7.3089892929507358e-03  -5.1807267718270136e-04  -9.9723087698932837e-03  -4.6260374984227021e-04  -7.0891724480928019e-03  -2.6266207107437146e-05  -1.4355679387698626e-05  -4.1002761023504290e-05  5.7736176700777450e-03  1.5005023621294226e-06  6.7609100131104955e-05  4.3875304508920503e-05  -6.9786553911299742e-03  2.7835722946415420e-05  -2.5389499109188737e-03  -9.3380387269573161e-06  -2.3776973328452162e-07  -6.2129196764755311e-06  2.0797259679772107e-03  -1.2934368525532381e-07  2.1034751353917480e-05  7.0824920172438562e-06  -2.5217576954366309e-03  9.2677169252411728e-06
1.1360000000002100e+02  1.7759675264483250e-02  -5.7748115743775849e-04  -1.8055821125873752e-03  4.6305685629417442e-06  -1.6496106242979230e-02  -1.7712858639638600e-05  -8.2006490968216522e-04  1.0677515696367221e-04  1.7712655610455708e-02  5.5326023908893157e-04  -7.0788413572506325e-03  4.5551543630029551e-04  9.4406026183419516e-03  4.8211943610100875e-04  2.1191057143013985e-02  -6.4993467703507602e-05  9.2807408397455431e-03  -5.8047458618067918e-04  -7.3637568452447110e-03  -5.0415865042580869e-04  -7.6396473302100159e-03  -2.7552417182867821e-05  -2.3754495896313559e-05  -4.4577161521022594e-05  6.2075824858834807e-03  1.5432678780056885e-06  6.4743454026876344e-05  4.7445403838582804e-05  -7.5184282784916314e-03  2.9199083632665581e-05  -2.6222242571826634e-03  -1.0195544248823839e-05  -1.4116709986271216e-06  -6.9352696403835063e-06  2.1466488313798982e-03  -1.0971171676811258e-07  2.1721917029309399e-05  7.8656028719555079e-06  -2.6035470098159435e-03  1.0146147585669818e-05
1.1400000000002100e+02  1.8027677440533570e-02  -5.8133907966242948e-04  -1.7371575299827318e-03  5.5708361165085851e-06  -1.6593616039598011e-02  -1.8192905000604497e-05  -7.4037295325075567e-04  1.0859326295145600e-04  1.7983780707781342e-02  5.5636786872589373e-04  -4.1799457476917948e-03  4.6707586144295241e-04  1.1685722411168182e-02  5.0007429650199969e-04  2.2504443083608307e-02  -8.3047320045531899e-05  1.1528105240612286e-02  -6.2739709773172031e-04  -4.4885401933111267e-03  -5.3037745272810333e-04  -8.2608209343105650e-03  -2.8716790162826087e-05  -3.4619678643837797e-05  -4.8298078559641571e-05  6.6966359230347331e-03  1.5864303111014518e-06  6.0846102693125521e-05  5.1137866325347988e-05  -8.1279394800204009e-03  3.0446325965683583e-05  -2.7053444045273857e-03  -1.1080890844585188e-05  -2.5740467185403110e-06  -7.7926012927883647e-06  2.2133107670983389e-03  -7.8773963628474663e-08  2.2527315158587835e-05  8.7906134254550160e-06  -2.6849800998190705e-03  1.1062228491680617e-05
1.1440000000002200e+02  1.8273692906979756e-02  -5.8510243527354821e-04  -1.6693682626420982e-03  6.4811194313135067e-06  -1.6674559378419027e-02  -1.8692130283177540e-05  -6.6163762170546106e-04  1.1047877395000774e-04  1.8232831707900157e-02  5.5935837769057058e-04  -1.0676264532905916e-03  4.6227478533151275e-04  1.4253768661790947e-02  5.0421082807751991e-04  2.4175838485677933e-02  -9.4089026324087983e-05  1.4108273462910334e-02  -6.4914809932574511e-04  -1.3891295085669887e-03  -5.3459931631420223e-04  -8.9595900462324882e-03  -2.9666233972018406e-05  -4.6871851999415008e-05  -5.2063298595720577e-05  7.2466184656454422e-03  1.6294904551503890e-06  5.5926763686832935e-05  5.4870039834198380e-05  -8.8141863064614863e-03  3.1484835540689614e-05  -2.7890814717151310e-03  -1.1991040655208977e-05  -3.6952668320005980e-06  -8.7329053623150290e-06  2.2803332713492051e-03  -3.5845744455466675e-08  2.3473078352357463e-05  9.8038176055519591e-06  -2.7668395880153709e-03  1.2011801209984430e-05
1.1480000000002200e+02  1.8499047720228080e-02  -5.8877425651948363e-04  -1.6026374813597841e-03  7.3676587425516389e-06  -1.6740671661135346e-02  -1.9201280129116296e-05  -5.8425274299976106e-04  1.1242078283391648e-04  1.8461136504902817e-02  5.6224259122464760e-04  2.2523348888255838e-03  4.3396964875982904e-04  1.7248394954283850e-02  4.9113999256086751e-04  2.6377554961251971e-02  -8.8475233082353734e-05  1.7121950672164495e-02  -6.2667094961445279e-04  1.9260966017762273e-03  -5.0191204168553900e-04  -9.7422577139979465e-03  -3.0258862341095115e-05  -6.0141378981848174e-05  -5.5732142521574337e-05  7.8633023687957673e-03  1.6734563978907071e-06  5.0202562427978381e-05  5.8533679210046072e-05  -9.5836289649850817e-03  3.2174904771553557e-05  -2.8744144910359203e-03  -1.2930757437102061e-05  -4.7955510766750805e-06  -9.7128368410113728e-06  2.3484963285083354e-03  1.8884072040360665e-08  2.4544875066277321e-05  1.0860252919899001e-05  -2.8501057322674909e-03  1.2998413821411867e-05
1.1520000000002200e+02  1.8705017467123369e-02  -5.9235873174044078e-04  -1.5371883937155004e-03  8.2664283211902274e-06  -1.6793309663594103e-02  -1.9724134791100180e-05  -5.0841966361684591e-04  1.1438750643895355e-04  1.8669924696254635e-02  5.6501953888960790e-04  5.5359114539397167e-03  3.6676302017506299e-04  2.0269349534359632e-02  4.4158898225926885e-04  2.8654235163893968e-02  -7.5557596995193916e-05  2.0167419689364807e-02  -5.5599704564646547e-04  5.2118138155117719e-03  -4.2469461702865157e-04  -1.0613686777608721e-02  -3.0287507230848869e-05  -7.3548449761490740e-05  -5.9111055471549816e-05  8.5520090643601242e-03  1.7252100878142408e-06  4.4283756429937780e-05  6.1968666755162692e-05  -1.0441376671884568e-02  3.2316708442698148e-05  -2.9626552777340300e-03  -1.3916011492121177e-05  -5.9469640924673180e-06  -1.0719604856878845e-05  2.4188319637435730e-03  8.4598790980561558e-08  2.5699191990856575e-05  1.1946847109025338e-05  -2.9360639876788862e-03  1.4037466274949837e-05
1.1560000000002201e+02  1.8892780643568110e-02  -5.9586301012675216e-04  -1.4731766132763148e-03  9.2192552926935447e-06  -1.6833641957060514e-02  -2.0272349731211647e-05  -4.3427660429164096e-04  1.1635178725969236e-04  1.8860323094600888e-02  5.6768440590800712e-04  8.2471850469616262e-03  2.6847468500432431e-04  2.2310532859422992e-02  3.5904152131283464e-04  2.9800394670669413e-02  -6.5745418391826909e-05  2.2239107388021949e-02  -4.5750492721877514e-04  7.9327420216795987e-03  -3.1919321210210531e-04  -1.1575989057899621e-02  -2.9466119911391342e-05  -8.5407246461457163e-05  -6.1922479917779841e-05  9.3170058833634481e-03  1.7983569096166708e-06  3.9438330119625359e-05  6.4920219683528525e-05  -1.1389944675144915e-02  3.1636479708018656e-05  -3.0555327326576278e-03  -1.4965139521613965e-05  -7.2436075730770934e-06  -1.1773132670059298e-05  2.4927072916073678e-03  1.6011150091061744e-07  2.6875271527680348e-05  1.3084650245347273e-05  -3.0263998529145575e-03  1.5147535136047626e-05
1.1600000000002200e+02  1.9063418641967585e-02  -5.9929337009193158e-04  -1.4107389745639668e-03  1.0253563535616668e-05  -1.6862735406713340e-02  -2.0849465793903919e-05  -3.6194327008187265e-04  1.1831005653539218e-04  1.9033391368941836e-02  5.7024023819458966e-04  1.0033767065352120e-02  1.7014612930954412e-04  2.2711911441994092e-02  2.7752462127776667e-04  2.9025377217116042e-02  -5.1376436769595213e-05  2.2676222635766845e-02  -3.5254985322029147e-04  9.7358347972054567e-03  -2.0995927933742690e-04  -1.2626730030993816e-02  -2.7420879521030769e-05  -9.2828097761235399e-05  -6.3764699032804129e-05  1.0160704728755684e-02  1.9104690120728067e-06  3.7956675906300995e-05  6.6995289651012300e-05  -1.2427552695928778e-02  2.9774630244656658e-05  -3.1551723528340826e-03  -1.6086391753849909e-05  -8.7593373022433214e-06  -1.2912625211943619e-05  2.5718358914489582e-03  2.4420224526631533e-07  2.8012109797299998e-05  1.4314328380923047e-05  -3.1232021517841541e-03  1.6337508549888547e-05
1.1640000000002300e+02  1.9217944172196553e-02  -6.0265423560076513e-04  -1.3499952945148670e-03  1.1375105502972353e-05  -1.6881574836563339e-02  -2.1443542933447503e-05  -2.9151578192364649e-04  1.2027595916480865e-04  1.9190153648680014e-02  5.7270301007240844e-04  1.0865523698185497e-02  8.4954137975108701e-05  2.1438533320736988e-02  2.0830414175611637e-04  2.6296069745798147e-02  -3.6871117007117597e-05  2.1442625472976765e-02  -2.5956151235878371e-04  1.0589816514652595e-02  -1.1364561171650249e-04  -1.3756632491782654e-02  -2.3678933968312702e-05  -9.1234111029340169e-05  -6.4069039750551740e-05  1.1082603888724164e-02  2.0782888600385170e-06  4.3585547493835489e-05  6.7624348651428950e-05  -1.3545938492068163e-02  2.6270876038796715e-05  -3.2640026577274491e-03  -1.7275751466510827e-05  -1.0526767686199211e-05  -1.4183052912041947e-05  2.6582125090544306e-03  3.3583822763188922e-07  2.9068390766922035e-05  1.5681251396814988e-05  -3.2288743843806099e-03  1.7603826371335087e-05
1.1680000000002300e+02  1.9357332773214830e-02  -6.0595529030349764e-04  -1.2910445565943425e-03  1.2573539449702295e-05  -1.6891065993066202e-02  -2.2035994960081296e-05  -2.2305392916263048e-04  1.2225889664979682e-04  1.9331607660651874e-02  5.7509895150520364e-04  1.0903237758098953e-02  1.4134414536358619e-05  1.8821275970787584e-02  1.5192057570297606e-04  2.2020876976773379e-02  -2.3858146825518243e-05  1.8867847085016924e-02  -1.8177976354477382e-04  1.0654076925283107e-02  -3.2800272280463595e-05  -1.4946776180088550e-02  -1.7657977839701260e-05  -7.3910003984767325e-05  -6.2067391321128510e-05  1.2077766237246722e-02  2.3113235782718552e-06  6.1924293092910712e-05  6.6037689591529460e-05  -1.4727648838017896e-02  2.0549238834017826e-05  -3.3846587418216705e-03  -1.8524618372256721e-05  -1.2550851559175693e-05  -1.5627555272943187e-05  2.7540085254211598e-03  4.3425401878674663e-07  3.0029771612760577e-05  1.7226750511784892e-05  -3.3460240619797126e-03  1.8937937545710583e-05
1.1720000000002300e+02  1.9482544677011576e-02  -6.0921876694252860e-04  -1.2339607644745003e-03  1.3837605024802827e-05  -1.6892038504279294e-02  -2.2616047952418381e-05  -1.5657367899947743e-04  1.2425165015927147e-04  1.9458723138338078e-02  5.7745813182191719e-04  1.0397140840647188e-02  -4.4956806732095170e-05  1.5358681541617507e-02  1.0578394416189027e-04  1.6808889786930289e-02  -1.2287573632947931e-05  1.5448815813422157e-02  -1.1658271962784004e-04  1.0177114413339017e-02  3.5238027553145655e-05  -1.6165514116280644e-02  -8.6821261337906977e-06  -3.1849052834459490e-05  -5.6803399995442338e-05  1.3134585699159516e-02  2.6049332846787642e-06  1.0056923388791598e-04  6.1282456629431872e-05  -1.5942962749967288e-02  1.1928279507000612e-05  -3.5199117704303217e-03  -1.9825301322797213e-05  -1.4833239237790072e-05  -1.7279397162885809e-05  2.8614756912052658e-03  5.3914601838107124e-07  3.0896017769072465e-05  1.8979405705143900e-05  -3.4773893602384424e-03  2.0331839098356098e-05
1.1760000000002300e+02  1.9594528238273689e-02  -6.1247687736830760e-04  -1.1787902389808966e-03  1.5168826456423030e-05  -1.6885257457199872e-02  -2.3187417847352903e-05  -9.2054720578565834e-05  1.2623831816120702e-04  1.9572439793064746e-02  5.7980730512934865e-04  9.6418312665168121e-03  -9.4363812258480817e-05  1.1630823657948810e-02  6.7809825097273424e-05  1.1365839581717224e-02  -2.4128539836258428e-06  1.1763291165393666e-02  -6.2304472300826058e-05  9.4510796880009473e-03  9.2286299555483192e-05  -1.7365827287492086e-02  3.9432087091788044e-06  4.5683861524856151e-05  -4.7226351412808708e-05  1.4231771591745174e-02  2.9360484722644378e-06  1.6865937210036770e-04  5.2306248786698833e-05  -1.7147105457299933e-02  -3.0825221255552566e-07  -3.6726305862174445e-03  -2.1170718316131676e-05  -1.7376193384442456e-05  -1.9151638950004647e-05  2.9829087644489410e-03  6.5041595133049944e-07  3.1670336524123916e-05  2.0945075159137557e-05  -3.6258172883277960e-03  2.1777523567535150e-05
1.1800000000002299e+02  1.9694205722221438e-02  -6.1575905893273609e-04  -1.1255439166033450e-03  1.6583126483731380e-05  -1.6871426800212405e-02  -2.3764055833783633e-05  -2.9454833597889439e-05  1.2820809263976271e-04  1.9673662534934907e-02  5.8216282596041411e-04  8.9204156794323204e-03  -1.3447104058913079e-04  8.1902405663239926e-03  3.7313005572492575e-05  6.3617466953469551e-03  4.8861028130021308e-06  8.3611589401470111e-03  -1.9656054166962280e-05  8.7563279397983532e-03  1.3800501260238541e-04  -1.8484457527450520e-02  2.0779344938995822e-05  1.6941638512749102e-04  -3.2381270754544179e-05  1.5334922087129301e-02  3.2630813309368032e-06  2.7542342149275770e-04  3.8119079460071300e-05  -1.8279053191724442e-02  -1.6760076376648016e-05  -3.8458078486940002e-03  -2.2555635316653185e-05  -2.0173299219355197e-05  -2.1233252004996804e-05  3.1206907515136557e-03  7.6682681000255493e-07  3.2367130762816370e-05  2.3105219029001590e-05  -3.7942977078842238e-03  2.3267628942766390e-05
1.1840000000002399e+02  1.9782454664562975e-02  -6.1908005601995142e-04  -1.0741943581284883e-03  1.8099671279860309e-05  -1.6851188778601950e-02  -2.4361395400179401e-05  3.1276577503397754e-05  1.3015591386591761e-04  1.9763253214883640e-02  5.8452655956276205e-04  8.4316084793950100e-03  -1.6514236017330344e-04  5.4174911979579052e-03  1.4164366511976444e-05  2.2550190070246947e-03  8.8743969616457682e-06  5.6210602395286250e-03  1.0336358114124533e-05  8.2896012694060502e-03  1.7165937480862687e-04  -1.9444506814704776e-02  4.2032920216395251e-05  3.4696394377982560e-04  -1.1672566695297330e-05  1.6393744652816573e-02  3.5284785877911259e-06  4.2753510485156812e-04  1.8034117025021371e-05  -1.9263618189264867e-02  -3.7686467233623337e-05  -4.0426681967867546e-03  -2.3981638778810001e-05  -2.3218818181767271e-05  -2.3498163773662269e-05  3.2773846370144437e-03  8.8476328407249076e-07  3.3014332830619232e-05  2.5429461446799828e-05  -3.9860544873585478e-03  2.4800093228097557e-05
1.1880000000002400e+02  1.9860098561850142e-02  -6.2244033580411459e-04  -1.0246870421610254e-03  1.9728211380982936e-05  -1.6825127813821523e-02  -2.4988567069395424e-05  9.0192885156670406e-05  1.3207456603648324e-04  1.9842026160884346e-02  5.8689127163722365e-04  8.2458628507986118e-03  -1.8698004911418565e-04  3.4340889414492901e-03  -2.1255977550969099e-06  -8.1356052813889022e-04  9.7874081448419317e-06  3.6641364840793431e-03  2.8549812964185419e-05  8.1209401026556688e-03  1.9404163815640808e-04  -2.0162786764039292e-02  6.7311127875125575e-05  5.7882828929646697e-04  1.4852372073869584e-05  1.7341704114918949e-02  3.6639034163761270e-06  6.2565623217509386e-04  -8.0430178131122090e-06  -2.0018182679941939e-02  -6.2756260843306461e-05  -4.2667972423672497e-03  -2.5458549119625553e-05  -2.6532053892999177e-05  -2.5921699600542209e-05  3.4558144853188751e-03  9.9869801956786103e-07  3.3630379689938224e-05  2.7894499124064773e-05  -4.2046526490105178e-03  2.6379960186150810e-05
1.1920000000002400e+02  1.9927911299254544e-02  -6.2583668725110406e-04  -9.7696106045251814e-04  2.1469335945636341e-05  -1.6793780271333089e-02  -2.5644268945380262e-05  1.4735245687376008e-04  1.3395395821645635e-04  1.9910752736460081e-02  5.8925333887369753e-04  8.3208839773192735e-03  -2.0161513196975472e-04  2.1343480641216562e-03  -1.2680576060384975e-05  -2.9815369131854139e-03  8.8037899841906023e-06  2.3857663686943464e-03  3.7982136833535730e-05  8.2090374530183370e-03  2.0773488350988190e-04  -2.0561842924890515e-02  9.5447056718151276e-05  8.5483760621173251e-04  4.6284881139419220e-05  1.8100142164111512e-02  3.6004985828305724e-06  8.6131121054166052e-04  -3.9361078613241152e-05  -2.0464185784496918e-02  -9.0863935972154477e-05  -4.5222157055668458e-03  -2.6999265167377558e-05  -3.0165277135428396e-05  -2.8495040497308812e-05  3.6591195839646385e-03  1.1025977130624328e-06  3.4198777199616825e-05  3.0497774573872377e-05  -4.4540640410948729e-03  2.8014990104784760e-05
1.1960000000002400e+02  1.9986630469627498e-02  -6.2927139471954214e-04  -9.3096587004116386e-04  2.3326375723973093e-05  -1.6757649071629944e-02  -2.6318649238133003e-05  2.0281889838451566e-04  1.3579093696749114e-04  1.9970173115512153e-02  5.9162083691327062e-04  8.5609784140021142e-03  -2.1122336631238230e-04  1.3055190503619394e-03  -1.9056667540709668e-05  -4.5174307024854945e-03  7.2768213854962159e-06  1.5748349229830921e-03  4.2329929400056624e-05  8.4596912226414210e-03  2.1600289008108229e-04  -2.0584542483554132e-02  1.2450255607867925e-04  1.1529945323443067e-03  8.0804435926713205e-05  1.8588260534325367e-02  3.2848675204407828e-06  1.1158289555172150e-03  -7.4218510532913823e-05  -2.0541473967911450e-02  -1.2011854205149308e-04  -4.8134268792419267e-03  -2.8615181444591031e-05  -3.4200256019541956e-05  -3.1235465598551489e-05  3.8908078320890535e-03  1.1910787601622389e-06  3.4662300765314321e-05  3.3264018841890571e-05  -4.7387092465353622e-03  2.9712056251453212e-05
1.2000000000002400e+02  2.0036968144871135e-02  -6.3275229932123716e-04  -8.8666407469181752e-04  2.5311928685730387e-05  -1.6717216233384118e-02  -2.7001243177275254e-05  2.5665422665689403e-04  1.3759653920303902e-04  2.0021007842461788e-02  5.9400823500152251e-04  8.8767526309231053e-03  -2.1785006914183555e-04  7.4909805041781696e-04  -2.2833208793735248e-05  -5.6717679878346399e-03  6.0601774643850176e-06  1.0341800158491837e-03  4.4532246806743445e-05  8.7846564972176647e-03  2.2156920019269767e-04  -2.0207144351471241e-02  1.5201202190922138e-04  1.4425653734260850e-03  1.1587177069629446e-04  1.8738580438845878e-02  2.6972572134272791e-06  1.3630307780992008e-03  -1.1010159274973328e-04  -2.0221625672626507e-02  -1.4807168015247126e-04  -5.1455215357867736e-03  -3.0316746528875832e-05  -3.8759674342367509e-05  -3.4192234093873674e-05  4.1548406309561024e-03  1.2610321530033677e-06  3.4926190632299996e-05  3.6246428989595832e-05  -5.0635533140554415e-03  3.1479454941801016e-05
